ISO-10303-21;
HEADER;
FILE_DESCRIPTION(('Open CASCADE Model'),'2;1');
FILE_NAME('Open CASCADE Shape Model','2026-10-01T14:55:40',('Author'),(
    'Open CASCADE'),'Open CASCADE STEP processor 7.8','Open CASCADE 7.8'
  ,'Unknown');
FILE_SCHEMA(('AUTOMOTIVE_DESIGN { 1 0 10303 214 1 1 1 1 }'));
ENDSEC;
DATA;
#1 = APPLICATION_PROTOCOL_DEFINITION('international standard',
  'automotive_design',2000,#2);
#2 = APPLICATION_CONTEXT(
  'core data for automotive mechanical design processes');
#3 = SHAPE_DEFINITION_REPRESENTATION(#4,#10);
#4 = PRODUCT_DEFINITION_SHAPE('','',#5);
#5 = PRODUCT_DEFINITION('design','',#6,#9);
#6 = PRODUCT_DEFINITION_FORMATION('','',#7);
#7 = PRODUCT('Open CASCADE STEP translator 7.8 36',
  'Open CASCADE STEP translator 7.8 36','',(#8));
#8 = PRODUCT_CONTEXT('',#2,'mechanical');
#9 = PRODUCT_DEFINITION_CONTEXT('part definition',#2,'design');
#10 = ADVANCED_BREP_SHAPE_REPRESENTATION('',(#11,#15),#7479);
#11 = AXIS2_PLACEMENT_3D('',#12,#13,#14);
#12 = CARTESIAN_POINT('',(0.,0.,0.));
#13 = DIRECTION('',(0.,0.,1.));
#14 = DIRECTION('',(1.,0.,-0.));
#15 = MANIFOLD_SOLID_BREP('',#16);
#16 = CLOSED_SHELL('',(#17,#105,#140,#314,#856,#932,#981,#1030,#1079,
    #1128,#1155,#1833,#1877,#4510,#4519,#4709,#7039,#7066,#7093,#7120,
    #7147,#7174,#7201,#7228,#7255,#7282,#7309,#7336,#7363,#7390,#7469,
    #7475));
#17 = ADVANCED_FACE('',(#18),#31,.T.);
#18 = FACE_BOUND('',#19,.T.);
#19 = EDGE_LOOP('',(#20,#54,#77,#104));
#20 = ORIENTED_EDGE('',*,*,#21,.F.);
#21 = EDGE_CURVE('',#22,#22,#24,.T.);
#22 = VERTEX_POINT('',#23);
#23 = CARTESIAN_POINT('',(80.24999995,-54.5,47.1965));
#24 = SURFACE_CURVE('',#25,(#30,#42),.PCURVE_S1.);
#25 = CIRCLE('',#26,3.8);
#26 = AXIS2_PLACEMENT_3D('',#27,#28,#29);
#27 = CARTESIAN_POINT('',(80.24999995,-54.5,50.9965));
#28 = DIRECTION('',(1.,-0.,1.110223024625E-16));
#29 = DIRECTION('',(1.110223024625E-16,0.,-1.));
#30 = PCURVE('',#31,#36);
#31 = CYLINDRICAL_SURFACE('',#32,3.8);
#32 = AXIS2_PLACEMENT_3D('',#33,#34,#35);
#33 = CARTESIAN_POINT('',(78.04999995,-54.5,50.9965));
#34 = DIRECTION('',(1.,0.,1.110223024625E-16));
#35 = DIRECTION('',(1.110223024625E-16,0.,-1.));
#36 = DEFINITIONAL_REPRESENTATION('',(#37),#41);
#37 = LINE('',#38,#39);
#38 = CARTESIAN_POINT('',(0.,2.2));
#39 = VECTOR('',#40,1.);
#40 = DIRECTION('',(1.,0.));
#41 = ( GEOMETRIC_REPRESENTATION_CONTEXT(2) 
PARAMETRIC_REPRESENTATION_CONTEXT() REPRESENTATION_CONTEXT('2D SPACE',''
  ) );
#42 = PCURVE('',#43,#48);
#43 = PLANE('',#44);
#44 = AXIS2_PLACEMENT_3D('',#45,#46,#47);
#45 = CARTESIAN_POINT('',(80.24999995,-54.5,50.9965));
#46 = DIRECTION('',(1.,0.,1.110223024625E-16));
#47 = DIRECTION('',(1.110223024625E-16,0.,-1.));
#48 = DEFINITIONAL_REPRESENTATION('',(#49),#53);
#49 = CIRCLE('',#50,3.8);
#50 = AXIS2_PLACEMENT_2D('',#51,#52);
#51 = CARTESIAN_POINT('',(0.,0.));
#52 = DIRECTION('',(1.,0.));
#53 = ( GEOMETRIC_REPRESENTATION_CONTEXT(2) 
PARAMETRIC_REPRESENTATION_CONTEXT() REPRESENTATION_CONTEXT('2D SPACE',''
  ) );
#54 = ORIENTED_EDGE('',*,*,#55,.F.);
#55 = EDGE_CURVE('',#56,#22,#58,.T.);
#56 = VERTEX_POINT('',#57);
#57 = CARTESIAN_POINT('',(78.04999995,-54.5,47.1965));
#58 = SEAM_CURVE('',#59,(#63,#70),.PCURVE_S1.);
#59 = LINE('',#60,#61);
#60 = CARTESIAN_POINT('',(78.04999995,-54.5,47.1965));
#61 = VECTOR('',#62,1.);
#62 = DIRECTION('',(1.,0.,1.110223024625E-16));
#63 = PCURVE('',#31,#64);
#64 = DEFINITIONAL_REPRESENTATION('',(#65),#69);
#65 = LINE('',#66,#67);
#66 = CARTESIAN_POINT('',(6.28318530718,-0.));
#67 = VECTOR('',#68,1.);
#68 = DIRECTION('',(0.,1.));
#69 = ( GEOMETRIC_REPRESENTATION_CONTEXT(2) 
PARAMETRIC_REPRESENTATION_CONTEXT() REPRESENTATION_CONTEXT('2D SPACE',''
  ) );
#70 = PCURVE('',#31,#71);
#71 = DEFINITIONAL_REPRESENTATION('',(#72),#76);
#72 = LINE('',#73,#74);
#73 = CARTESIAN_POINT('',(0.,-0.));
#74 = VECTOR('',#75,1.);
#75 = DIRECTION('',(0.,1.));
#76 = ( GEOMETRIC_REPRESENTATION_CONTEXT(2) 
PARAMETRIC_REPRESENTATION_CONTEXT() REPRESENTATION_CONTEXT('2D SPACE',''
  ) );
#77 = ORIENTED_EDGE('',*,*,#78,.T.);
#78 = EDGE_CURVE('',#56,#56,#79,.T.);
#79 = SURFACE_CURVE('',#80,(#85,#92),.PCURVE_S1.);
#80 = CIRCLE('',#81,3.8);
#81 = AXIS2_PLACEMENT_3D('',#82,#83,#84);
#82 = CARTESIAN_POINT('',(78.04999995,-54.5,50.9965));
#83 = DIRECTION('',(1.,-0.,1.110223024625E-16));
#84 = DIRECTION('',(1.110223024625E-16,0.,-1.));
#85 = PCURVE('',#31,#86);
#86 = DEFINITIONAL_REPRESENTATION('',(#87),#91);
#87 = LINE('',#88,#89);
#88 = CARTESIAN_POINT('',(0.,0.));
#89 = VECTOR('',#90,1.);
#90 = DIRECTION('',(1.,0.));
#91 = ( GEOMETRIC_REPRESENTATION_CONTEXT(2) 
PARAMETRIC_REPRESENTATION_CONTEXT() REPRESENTATION_CONTEXT('2D SPACE',''
  ) );
#92 = PCURVE('',#93,#98);
#93 = PLANE('',#94);
#94 = AXIS2_PLACEMENT_3D('',#95,#96,#97);
#95 = CARTESIAN_POINT('',(78.04999995,-54.5,50.9965));
#96 = DIRECTION('',(1.,0.,1.110223024625E-16));
#97 = DIRECTION('',(1.110223024625E-16,0.,-1.));
#98 = DEFINITIONAL_REPRESENTATION('',(#99),#103);
#99 = CIRCLE('',#100,3.8);
#100 = AXIS2_PLACEMENT_2D('',#101,#102);
#101 = CARTESIAN_POINT('',(0.,0.));
#102 = DIRECTION('',(1.,0.));
#103 = ( GEOMETRIC_REPRESENTATION_CONTEXT(2) 
PARAMETRIC_REPRESENTATION_CONTEXT() REPRESENTATION_CONTEXT('2D SPACE',''
  ) );
#104 = ORIENTED_EDGE('',*,*,#55,.T.);
#105 = ADVANCED_FACE('',(#106,#109),#43,.T.);
#106 = FACE_BOUND('',#107,.T.);
#107 = EDGE_LOOP('',(#108));
#108 = ORIENTED_EDGE('',*,*,#21,.T.);
#109 = FACE_BOUND('',#110,.T.);
#110 = EDGE_LOOP('',(#111));
#111 = ORIENTED_EDGE('',*,*,#112,.F.);
#112 = EDGE_CURVE('',#113,#113,#115,.T.);
#113 = VERTEX_POINT('',#114);
#114 = CARTESIAN_POINT('',(80.24999995,-54.5,49.0365));
#115 = SURFACE_CURVE('',#116,(#121,#128),.PCURVE_S1.);
#116 = CIRCLE('',#117,1.96);
#117 = AXIS2_PLACEMENT_3D('',#118,#119,#120);
#118 = CARTESIAN_POINT('',(80.24999995,-54.5,50.9965));
#119 = DIRECTION('',(1.,-0.,1.110223024625E-16));
#120 = DIRECTION('',(1.110223024625E-16,0.,-1.));
#121 = PCURVE('',#43,#122);
#122 = DEFINITIONAL_REPRESENTATION('',(#123),#127);
#123 = CIRCLE('',#124,1.96);
#124 = AXIS2_PLACEMENT_2D('',#125,#126);
#125 = CARTESIAN_POINT('',(0.,0.));
#126 = DIRECTION('',(1.,0.));
#127 = ( GEOMETRIC_REPRESENTATION_CONTEXT(2) 
PARAMETRIC_REPRESENTATION_CONTEXT() REPRESENTATION_CONTEXT('2D SPACE',''
  ) );
#128 = PCURVE('',#129,#134);
#129 = CYLINDRICAL_SURFACE('',#130,1.96);
#130 = AXIS2_PLACEMENT_3D('',#131,#132,#133);
#131 = CARTESIAN_POINT('',(80.24999995,-54.5,50.9965));
#132 = DIRECTION('',(1.,0.,1.110223024625E-16));
#133 = DIRECTION('',(1.110223024625E-16,0.,-1.));
#134 = DEFINITIONAL_REPRESENTATION('',(#135),#139);
#135 = LINE('',#136,#137);
#136 = CARTESIAN_POINT('',(0.,0.));
#137 = VECTOR('',#138,1.);
#138 = DIRECTION('',(1.,0.));
#139 = ( GEOMETRIC_REPRESENTATION_CONTEXT(2) 
PARAMETRIC_REPRESENTATION_CONTEXT() REPRESENTATION_CONTEXT('2D SPACE',''
  ) );
#140 = ADVANCED_FACE('',(#141,#144),#93,.F.);
#141 = FACE_BOUND('',#142,.F.);
#142 = EDGE_LOOP('',(#143));
#143 = ORIENTED_EDGE('',*,*,#78,.T.);
#144 = FACE_BOUND('',#145,.F.);
#145 = EDGE_LOOP('',(#146,#176,#204,#232,#260,#288));
#146 = ORIENTED_EDGE('',*,*,#147,.T.);
#147 = EDGE_CURVE('',#148,#150,#152,.T.);
#148 = VERTEX_POINT('',#149);
#149 = CARTESIAN_POINT('',(78.04999995,-53.25,51.718187836487));
#150 = VERTEX_POINT('',#151);
#151 = CARTESIAN_POINT('',(78.04999995,-53.25,50.274812163513));
#152 = SURFACE_CURVE('',#153,(#157,#164),.PCURVE_S1.);
#153 = LINE('',#154,#155);
#154 = CARTESIAN_POINT('',(78.04999995,-53.25,50.635656081756));
#155 = VECTOR('',#156,1.);
#156 = DIRECTION('',(1.110223024625E-16,-1.538370149107E-16,-1.));
#157 = PCURVE('',#93,#158);
#158 = DEFINITIONAL_REPRESENTATION('',(#159),#163);
#159 = LINE('',#160,#161);
#160 = CARTESIAN_POINT('',(0.360843918244,1.25));
#161 = VECTOR('',#162,1.);
#162 = DIRECTION('',(1.,-1.538370149107E-16));
#163 = ( GEOMETRIC_REPRESENTATION_CONTEXT(2) 
PARAMETRIC_REPRESENTATION_CONTEXT() REPRESENTATION_CONTEXT('2D SPACE',''
  ) );
#164 = PCURVE('',#165,#170);
#165 = PLANE('',#166);
#166 = AXIS2_PLACEMENT_3D('',#167,#168,#169);
#167 = CARTESIAN_POINT('',(78.03999995,-53.25,50.274812163513));
#168 = DIRECTION('',(-1.707933959934E-32,-1.,1.538370149107E-16));
#169 = DIRECTION('',(-1.110223024625E-16,1.538370149107E-16,1.));
#170 = DEFINITIONAL_REPRESENTATION('',(#171),#175);
#171 = LINE('',#172,#173);
#172 = CARTESIAN_POINT('',(0.360843918244,-9.999999999991E-03));
#173 = VECTOR('',#174,1.);
#174 = DIRECTION('',(-1.,0.));
#175 = ( GEOMETRIC_REPRESENTATION_CONTEXT(2) 
PARAMETRIC_REPRESENTATION_CONTEXT() REPRESENTATION_CONTEXT('2D SPACE',''
  ) );
#176 = ORIENTED_EDGE('',*,*,#177,.T.);
#177 = EDGE_CURVE('',#150,#178,#180,.T.);
#178 = VERTEX_POINT('',#179);
#179 = CARTESIAN_POINT('',(78.04999995,-54.5,49.553124327026));
#180 = SURFACE_CURVE('',#181,(#185,#192),.PCURVE_S1.);
#181 = LINE('',#182,#183);
#182 = CARTESIAN_POINT('',(78.04999995,-54.1875,49.733546286148));
#183 = VECTOR('',#184,1.);
#184 = DIRECTION('',(5.551115123126E-17,-0.866025403784,-0.5));
#185 = PCURVE('',#93,#186);
#186 = DEFINITIONAL_REPRESENTATION('',(#187),#191);
#187 = LINE('',#188,#189);
#188 = CARTESIAN_POINT('',(1.262953713852,0.3125));
#189 = VECTOR('',#190,1.);
#190 = DIRECTION('',(0.5,-0.866025403784));
#191 = ( GEOMETRIC_REPRESENTATION_CONTEXT(2) 
PARAMETRIC_REPRESENTATION_CONTEXT() REPRESENTATION_CONTEXT('2D SPACE',''
  ) );
#192 = PCURVE('',#193,#198);
#193 = PLANE('',#194);
#194 = AXIS2_PLACEMENT_3D('',#195,#196,#197);
#195 = CARTESIAN_POINT('',(78.03999995,-54.5,49.553124327026));
#196 = DIRECTION('',(-9.614813431918E-17,-0.5,0.866025403784));
#197 = DIRECTION('',(-5.551115123126E-17,0.866025403784,0.5));
#198 = DEFINITIONAL_REPRESENTATION('',(#199),#203);
#199 = LINE('',#200,#201);
#200 = CARTESIAN_POINT('',(0.360843918244,-9.999999999991E-03));
#201 = VECTOR('',#202,1.);
#202 = DIRECTION('',(-1.,0.));
#203 = ( GEOMETRIC_REPRESENTATION_CONTEXT(2) 
PARAMETRIC_REPRESENTATION_CONTEXT() REPRESENTATION_CONTEXT('2D SPACE',''
  ) );
#204 = ORIENTED_EDGE('',*,*,#205,.T.);
#205 = EDGE_CURVE('',#178,#206,#208,.T.);
#206 = VERTEX_POINT('',#207);
#207 = CARTESIAN_POINT('',(78.04999995,-55.75,50.274812163513));
#208 = SURFACE_CURVE('',#209,(#213,#220),.PCURVE_S1.);
#209 = LINE('',#210,#211);
#210 = CARTESIAN_POINT('',(78.04999995,-55.4375,50.094390204391));
#211 = VECTOR('',#212,1.);
#212 = DIRECTION('',(-5.551115123126E-17,-0.866025403784,0.5));
#213 = PCURVE('',#93,#214);
#214 = DEFINITIONAL_REPRESENTATION('',(#215),#219);
#215 = LINE('',#216,#217);
#216 = CARTESIAN_POINT('',(0.902109795609,-0.9375));
#217 = VECTOR('',#218,1.);
#218 = DIRECTION('',(-0.5,-0.866025403784));
#219 = ( GEOMETRIC_REPRESENTATION_CONTEXT(2) 
PARAMETRIC_REPRESENTATION_CONTEXT() REPRESENTATION_CONTEXT('2D SPACE',''
  ) );
#220 = PCURVE('',#221,#226);
#221 = PLANE('',#222);
#222 = AXIS2_PLACEMENT_3D('',#223,#224,#225);
#223 = CARTESIAN_POINT('',(78.03999995,-55.75,50.274812163513));
#224 = DIRECTION('',(-9.614813431918E-17,0.5,0.866025403784));
#225 = DIRECTION('',(5.551115123126E-17,0.866025403784,-0.5));
#226 = DEFINITIONAL_REPRESENTATION('',(#227),#231);
#227 = LINE('',#228,#229);
#228 = CARTESIAN_POINT('',(0.360843918244,-9.999999999991E-03));
#229 = VECTOR('',#230,1.);
#230 = DIRECTION('',(-1.,0.));
#231 = ( GEOMETRIC_REPRESENTATION_CONTEXT(2) 
PARAMETRIC_REPRESENTATION_CONTEXT() REPRESENTATION_CONTEXT('2D SPACE',''
  ) );
#232 = ORIENTED_EDGE('',*,*,#233,.T.);
#233 = EDGE_CURVE('',#206,#234,#236,.T.);
#234 = VERTEX_POINT('',#235);
#235 = CARTESIAN_POINT('',(78.04999995,-55.75,51.718187836487));
#236 = SURFACE_CURVE('',#237,(#241,#248),.PCURVE_S1.);
#237 = LINE('',#238,#239);
#238 = CARTESIAN_POINT('',(78.04999995,-55.75,51.357343918244));
#239 = VECTOR('',#240,1.);
#240 = DIRECTION('',(-1.110223024625E-16,4.615110447321E-16,1.));
#241 = PCURVE('',#93,#242);
#242 = DEFINITIONAL_REPRESENTATION('',(#243),#247);
#243 = LINE('',#244,#245);
#244 = CARTESIAN_POINT('',(-0.360843918244,-1.25));
#245 = VECTOR('',#246,1.);
#246 = DIRECTION('',(-1.,4.615110447321E-16));
#247 = ( GEOMETRIC_REPRESENTATION_CONTEXT(2) 
PARAMETRIC_REPRESENTATION_CONTEXT() REPRESENTATION_CONTEXT('2D SPACE',''
  ) );
#248 = PCURVE('',#249,#254);
#249 = PLANE('',#250);
#250 = AXIS2_PLACEMENT_3D('',#251,#252,#253);
#251 = CARTESIAN_POINT('',(78.03999995,-55.75,51.718187836487));
#252 = DIRECTION('',(5.123801879803E-32,1.,-4.615110447321E-16));
#253 = DIRECTION('',(1.110223024625E-16,-4.615110447321E-16,-1.));
#254 = DEFINITIONAL_REPRESENTATION('',(#255),#259);
#255 = LINE('',#256,#257);
#256 = CARTESIAN_POINT('',(0.360843918244,-9.999999999991E-03));
#257 = VECTOR('',#258,1.);
#258 = DIRECTION('',(-1.,0.));
#259 = ( GEOMETRIC_REPRESENTATION_CONTEXT(2) 
PARAMETRIC_REPRESENTATION_CONTEXT() REPRESENTATION_CONTEXT('2D SPACE',''
  ) );
#260 = ORIENTED_EDGE('',*,*,#261,.T.);
#261 = EDGE_CURVE('',#234,#262,#264,.T.);
#262 = VERTEX_POINT('',#263);
#263 = CARTESIAN_POINT('',(78.04999995,-54.5,52.439875672974));
#264 = SURFACE_CURVE('',#265,(#269,#276),.PCURVE_S1.);
#265 = LINE('',#266,#267);
#266 = CARTESIAN_POINT('',(78.04999995,-54.8125,52.259453713852));
#267 = VECTOR('',#268,1.);
#268 = DIRECTION('',(-5.551115123126E-17,0.866025403784,0.5));
#269 = PCURVE('',#93,#270);
#270 = DEFINITIONAL_REPRESENTATION('',(#271),#275);
#271 = LINE('',#272,#273);
#272 = CARTESIAN_POINT('',(-1.262953713852,-0.3125));
#273 = VECTOR('',#274,1.);
#274 = DIRECTION('',(-0.5,0.866025403784));
#275 = ( GEOMETRIC_REPRESENTATION_CONTEXT(2) 
PARAMETRIC_REPRESENTATION_CONTEXT() REPRESENTATION_CONTEXT('2D SPACE',''
  ) );
#276 = PCURVE('',#277,#282);
#277 = PLANE('',#278);
#278 = AXIS2_PLACEMENT_3D('',#279,#280,#281);
#279 = CARTESIAN_POINT('',(78.03999995,-54.5,52.439875672974));
#280 = DIRECTION('',(9.614813431918E-17,0.5,-0.866025403784));
#281 = DIRECTION('',(5.551115123126E-17,-0.866025403784,-0.5));
#282 = DEFINITIONAL_REPRESENTATION('',(#283),#287);
#283 = LINE('',#284,#285);
#284 = CARTESIAN_POINT('',(0.360843918244,-9.999999999991E-03));
#285 = VECTOR('',#286,1.);
#286 = DIRECTION('',(-1.,0.));
#287 = ( GEOMETRIC_REPRESENTATION_CONTEXT(2) 
PARAMETRIC_REPRESENTATION_CONTEXT() REPRESENTATION_CONTEXT('2D SPACE',''
  ) );
#288 = ORIENTED_EDGE('',*,*,#289,.T.);
#289 = EDGE_CURVE('',#262,#148,#290,.T.);
#290 = SURFACE_CURVE('',#291,(#295,#302),.PCURVE_S1.);
#291 = LINE('',#292,#293);
#292 = CARTESIAN_POINT('',(78.04999995,-53.5625,51.898609795609));
#293 = VECTOR('',#294,1.);
#294 = DIRECTION('',(5.551115123126E-17,0.866025403784,-0.5));
#295 = PCURVE('',#93,#296);
#296 = DEFINITIONAL_REPRESENTATION('',(#297),#301);
#297 = LINE('',#298,#299);
#298 = CARTESIAN_POINT('',(-0.902109795609,0.9375));
#299 = VECTOR('',#300,1.);
#300 = DIRECTION('',(0.5,0.866025403784));
#301 = ( GEOMETRIC_REPRESENTATION_CONTEXT(2) 
PARAMETRIC_REPRESENTATION_CONTEXT() REPRESENTATION_CONTEXT('2D SPACE',''
  ) );
#302 = PCURVE('',#303,#308);
#303 = PLANE('',#304);
#304 = AXIS2_PLACEMENT_3D('',#305,#306,#307);
#305 = CARTESIAN_POINT('',(78.03999995,-53.25,51.718187836487));
#306 = DIRECTION('',(9.614813431918E-17,-0.5,-0.866025403784));
#307 = DIRECTION('',(-5.551115123126E-17,-0.866025403784,0.5));
#308 = DEFINITIONAL_REPRESENTATION('',(#309),#313);
#309 = LINE('',#310,#311);
#310 = CARTESIAN_POINT('',(0.360843918244,-9.999999999991E-03));
#311 = VECTOR('',#312,1.);
#312 = DIRECTION('',(-1.,0.));
#313 = ( GEOMETRIC_REPRESENTATION_CONTEXT(2) 
PARAMETRIC_REPRESENTATION_CONTEXT() REPRESENTATION_CONTEXT('2D SPACE',''
  ) );
#314 = ADVANCED_FACE('',(#315),#129,.T.);
#315 = FACE_BOUND('',#316,.T.);
#316 = EDGE_LOOP('',(#317,#347,#375,#833,#854,#855));
#317 = ORIENTED_EDGE('',*,*,#318,.T.);
#318 = EDGE_CURVE('',#319,#321,#323,.T.);
#319 = VERTEX_POINT('',#320);
#320 = CARTESIAN_POINT('',(80.394045410513,-54.5,49.0365));
#321 = VERTEX_POINT('',#322);
#322 = CARTESIAN_POINT('',(80.805954489487,-54.5,49.0365));
#323 = SURFACE_CURVE('',#324,(#328,#335),.PCURVE_S1.);
#324 = LINE('',#325,#326);
#325 = CARTESIAN_POINT('',(80.24999995,-54.5,49.0365));
#326 = VECTOR('',#327,1.);
#327 = DIRECTION('',(1.,0.,1.110223024625E-16));
#328 = PCURVE('',#129,#329);
#329 = DEFINITIONAL_REPRESENTATION('',(#330),#334);
#330 = LINE('',#331,#332);
#331 = CARTESIAN_POINT('',(6.28318530718,-0.));
#332 = VECTOR('',#333,1.);
#333 = DIRECTION('',(0.,1.));
#334 = ( GEOMETRIC_REPRESENTATION_CONTEXT(2) 
PARAMETRIC_REPRESENTATION_CONTEXT() REPRESENTATION_CONTEXT('2D SPACE',''
  ) );
#335 = PCURVE('',#336,#341);
#336 = PLANE('',#337);
#337 = AXIS2_PLACEMENT_3D('',#338,#339,#340);
#338 = CARTESIAN_POINT('',(80.59999995,-54.5,49.076872427648));
#339 = DIRECTION('',(-2.965663960231E-15,1.,3.094874901585E-15));
#340 = DIRECTION('',(1.110223024625E-16,3.094874901585E-15,-1.));
#341 = DEFINITIONAL_REPRESENTATION('',(#342),#346);
#342 = LINE('',#343,#344);
#343 = CARTESIAN_POINT('',(4.03724276478E-02,0.35));
#344 = VECTOR('',#345,1.);
#345 = DIRECTION('',(0.,-1.));
#346 = ( GEOMETRIC_REPRESENTATION_CONTEXT(2) 
PARAMETRIC_REPRESENTATION_CONTEXT() REPRESENTATION_CONTEXT('2D SPACE',''
  ) );
#347 = ORIENTED_EDGE('',*,*,#348,.T.);
#348 = EDGE_CURVE('',#321,#349,#351,.T.);
#349 = VERTEX_POINT('',#350);
#350 = CARTESIAN_POINT('',(81.094045997916,-54.5,49.0365));
#351 = SURFACE_CURVE('',#352,(#356,#363),.PCURVE_S1.);
#352 = LINE('',#353,#354);
#353 = CARTESIAN_POINT('',(80.24999995,-54.5,49.0365));
#354 = VECTOR('',#355,1.);
#355 = DIRECTION('',(1.,0.,1.110223024625E-16));
#356 = PCURVE('',#129,#357);
#357 = DEFINITIONAL_REPRESENTATION('',(#358),#362);
#358 = LINE('',#359,#360);
#359 = CARTESIAN_POINT('',(6.28318530718,-0.));
#360 = VECTOR('',#361,1.);
#361 = DIRECTION('',(0.,1.));
#362 = ( GEOMETRIC_REPRESENTATION_CONTEXT(2) 
PARAMETRIC_REPRESENTATION_CONTEXT() REPRESENTATION_CONTEXT('2D SPACE',''
  ) );
#363 = PCURVE('',#364,#369);
#364 = CYLINDRICAL_SURFACE('',#365,1.96);
#365 = AXIS2_PLACEMENT_3D('',#366,#367,#368);
#366 = CARTESIAN_POINT('',(80.24999995,-54.5,50.9965));
#367 = DIRECTION('',(1.,0.,1.110223024625E-16));
#368 = DIRECTION('',(1.110223024625E-16,0.,-1.));
#369 = DEFINITIONAL_REPRESENTATION('',(#370),#374);
#370 = LINE('',#371,#372);
#371 = CARTESIAN_POINT('',(0.,-0.));
#372 = VECTOR('',#373,1.);
#373 = DIRECTION('',(0.,1.));
#374 = ( GEOMETRIC_REPRESENTATION_CONTEXT(2) 
PARAMETRIC_REPRESENTATION_CONTEXT() REPRESENTATION_CONTEXT('2D SPACE',''
  ) );
#375 = ORIENTED_EDGE('',*,*,#376,.F.);
#376 = EDGE_CURVE('',#319,#349,#377,.T.);
#377 = SURFACE_CURVE('',#378,(#430,#485),.PCURVE_S1.);
#378 = B_SPLINE_CURVE_WITH_KNOTS('',8,(#379,#380,#381,#382,#383,#384,
    #385,#386,#387,#388,#389,#390,#391,#392,#393,#394,#395,#396,#397,
    #398,#399,#400,#401,#402,#403,#404,#405,#406,#407,#408,#409,#410,
    #411,#412,#413,#414,#415,#416,#417,#418,#419,#420,#421,#422,#423,
    #424,#425,#426,#427,#428,#429),.UNSPECIFIED.,.F.,.F.,(9,7,7,7,7,7,7,
    9),(0.,0.18623479715,0.368785783742,0.476802864454,0.615053824891,
    0.766639800347,0.87840755957,1.),.UNSPECIFIED.);
#379 = CARTESIAN_POINT('',(80.394045410513,-54.5,49.0365));
#380 = CARTESIAN_POINT('',(80.410334499859,-54.21343381606,49.0365));
#381 = CARTESIAN_POINT('',(80.426658577372,-53.92627292905,
    49.084384154956));
#382 = CARTESIAN_POINT('',(80.442974606188,-53.64884486259,
    49.180494104436));
#383 = CARTESIAN_POINT('',(80.459252345039,-53.39040296284,
    49.322095981291));
#384 = CARTESIAN_POINT('',(80.475531061505,-53.15926912849,
    49.504922565672));
#385 = CARTESIAN_POINT('',(80.491825496387,-52.96263752758,
    49.722974275408));
#386 = CARTESIAN_POINT('',(80.508147522432,-52.8066315635,
    49.968772876195));
#387 = CARTESIAN_POINT('',(80.540409082697,-52.5854899278,
    50.491372010889));
#388 = CARTESIAN_POINT('',(80.556416531244,-52.5181592227,
    50.768546702302));
#389 = CARTESIAN_POINT('',(80.572406217751,-52.49707703037,
    51.055362475613));
#390 = CARTESIAN_POINT('',(80.588379976566,-52.52333814124,
    51.342759379498));
#391 = CARTESIAN_POINT('',(80.604345592685,-52.59634105196,
    51.621939131356));
#392 = CARTESIAN_POINT('',(80.620318587195,-52.71362710873,
    51.884446721681));
#393 = CARTESIAN_POINT('',(80.636310528982,-52.8710977457,
    52.122199578955));
#394 = CARTESIAN_POINT('',(80.661721685455,-53.17494131522,
    52.450271529388));
#395 = CARTESIAN_POINT('',(80.671170128576,-53.29977164375,
    52.561320254287));
#396 = CARTESIAN_POINT('',(80.680619764162,-53.43515881381,
    52.660063669442));
#397 = CARTESIAN_POINT('',(80.690069982956,-53.57967124328,
    52.74532829805));
#398 = CARTESIAN_POINT('',(80.699520359471,-53.73176707931,
    52.816162278183));
#399 = CARTESIAN_POINT('',(80.708970651977,-53.88979419828,
    52.871835362785));
#400 = CARTESIAN_POINT('',(80.718420802511,-54.05199020585,
    52.91183891967));
#401 = CARTESIAN_POINT('',(80.739966154989,-54.42701588937,
    52.966663679488));
#402 = CARTESIAN_POINT('',(80.7520671484,-54.64147929379,52.971336180562
    ));
#403 = CARTESIAN_POINT('',(80.764163722612,-54.85590312643,
    52.949283492413));
#404 = CARTESIAN_POINT('',(80.776255701329,-55.06642944575,
    52.900676789899));
#405 = CARTESIAN_POINT('',(80.788348023793,-55.26931184852,
    52.826314399392));
#406 = CARTESIAN_POINT('',(80.800445431886,-55.46095595862,
    52.727563513779));
#407 = CARTESIAN_POINT('',(80.812546746984,-55.63800044864,
    52.606407588155));
#408 = CARTESIAN_POINT('',(80.837897060653,-55.97225536726,
    52.311209573031));
#409 = CARTESIAN_POINT('',(80.851171206481,-56.12626722679,
    52.132875239781));
#410 = CARTESIAN_POINT('',(80.864440710753,-56.25535583644,
    51.934078536677));
#411 = CARTESIAN_POINT('',(80.877705649545,-56.35644893487,
    51.71899182474));
#412 = CARTESIAN_POINT('',(80.890968697035,-56.42733598275,
    51.492161311136));
#413 = CARTESIAN_POINT('',(80.904233137368,-56.46658808373,
    51.258427333991));
#414 = CARTESIAN_POINT('',(80.917500859789,-56.47365263025,
    51.022919055486));
#415 = CARTESIAN_POINT('',(80.940526477204,-56.43115858045,
    50.619933600537));
#416 = CARTESIAN_POINT('',(80.950298294128,-56.3959543685,
    50.450652179991));
#417 = CARTESIAN_POINT('',(80.960070878389,-56.34382077728,
    50.285222909127));
#418 = CARTESIAN_POINT('',(80.969844885981,-56.27525442932,
    50.125627289584));
#419 = CARTESIAN_POINT('',(80.979620568481,-56.19100828174,
    49.973722445944));
#420 = CARTESIAN_POINT('',(80.989397773052,-56.09209162627,
    49.831241125734));
#421 = CARTESIAN_POINT('',(80.99917594244,-55.97977008929,
    49.699791699424));
#422 = CARTESIAN_POINT('',(81.019591814699,-55.72044327442,
    49.451470049262));
#423 = CARTESIAN_POINT('',(81.030233784985,-55.57110993304,
    49.336765431907));
#424 = CARTESIAN_POINT('',(81.040875841512,-55.40958574404,
    49.23863013645));
#425 = CARTESIAN_POINT('',(81.051515300406,-55.23803646015,
    49.158578598539));
#426 = CARTESIAN_POINT('',(81.062150978244,-55.05877345036,
    49.097753861386));
#427 = CARTESIAN_POINT('',(81.072783192051,-54.87425369997,
    49.056927575761));
#428 = CARTESIAN_POINT('',(81.0834137593,-54.68707981056,49.0365));
#429 = CARTESIAN_POINT('',(81.094045997916,-54.5,49.0365));
#430 = PCURVE('',#129,#431);
#431 = DEFINITIONAL_REPRESENTATION('',(#432),#484);
#432 = B_SPLINE_CURVE_WITH_KNOTS('',8,(#433,#434,#435,#436,#437,#438,
    #439,#440,#441,#442,#443,#444,#445,#446,#447,#448,#449,#450,#451,
    #452,#453,#454,#455,#456,#457,#458,#459,#460,#461,#462,#463,#464,
    #465,#466,#467,#468,#469,#470,#471,#472,#473,#474,#475,#476,#477,
    #478,#479,#480,#481,#482,#483),.UNSPECIFIED.,.F.,.F.,(9,7,7,7,7,7,7,
    9),(0.,0.18623479715,0.368785783742,0.476802864454,0.615053824891,
    0.766639800347,0.87840755957,1.),.UNSPECIFIED.);
#433 = CARTESIAN_POINT('',(0.,0.144045460513));
#434 = CARTESIAN_POINT('',(0.146207236703,0.160334549859));
#435 = CARTESIAN_POINT('',(0.292716890989,0.176658627372));
#436 = CARTESIAN_POINT('',(0.439030479118,0.192974656188));
#437 = CARTESIAN_POINT('',(0.585239476385,0.209252395039));
#438 = CARTESIAN_POINT('',(0.731450492624,0.225531111505));
#439 = CARTESIAN_POINT('',(0.877770559641,0.241825546387));
#440 = CARTESIAN_POINT('',(1.02428068882,0.258147572432));
#441 = CARTESIAN_POINT('',(1.31380227796,0.290409132697));
#442 = CARTESIAN_POINT('',(1.457424072733,0.306416581244));
#443 = CARTESIAN_POINT('',(1.600871910265,0.322406267751));
#444 = CARTESIAN_POINT('',(1.744209666484,0.338380026566));
#445 = CARTESIAN_POINT('',(1.887535067255,0.354345642685));
#446 = CARTESIAN_POINT('',(2.030951658573,0.370318637195));
#447 = CARTESIAN_POINT('',(2.174540066332,0.386310578982));
#448 = CARTESIAN_POINT('',(2.402682954167,0.411721735455));
#449 = CARTESIAN_POINT('',(2.487506858622,0.421170178576));
#450 = CARTESIAN_POINT('',(2.572335119302,0.430619814162));
#451 = CARTESIAN_POINT('',(2.657161819719,0.440070032956));
#452 = CARTESIAN_POINT('',(2.7419838115,0.449520409471));
#453 = CARTESIAN_POINT('',(2.826800714397,0.458970701977));
#454 = CARTESIAN_POINT('',(2.911614916277,0.468420852511));
#455 = CARTESIAN_POINT('',(3.104988332791,0.489966204989));
#456 = CARTESIAN_POINT('',(3.213599476472,0.5020671984));
#457 = CARTESIAN_POINT('',(3.322178396905,0.514163772612));
#458 = CARTESIAN_POINT('',(3.430724304034,0.526255751329));
#459 = CARTESIAN_POINT('',(3.539277404875,0.538348073793));
#460 = CARTESIAN_POINT('',(3.647872855731,0.550445481886));
#461 = CARTESIAN_POINT('',(3.756493486756,0.562546796984));
#462 = CARTESIAN_POINT('',(3.984017175721,0.587897110653));
#463 = CARTESIAN_POINT('',(4.103143812129,0.601171256481));
#464 = CARTESIAN_POINT('',(4.22221761834,0.614440760753));
#465 = CARTESIAN_POINT('',(4.341244995591,0.627705699545));
#466 = CARTESIAN_POINT('',(4.460267651482,0.640968747035));
#467 = CARTESIAN_POINT('',(4.579330038183,0.654233187368));
#468 = CARTESIAN_POINT('',(4.698446889037,0.667500909789));
#469 = CARTESIAN_POINT('',(4.905191643945,0.690526527204));
#470 = CARTESIAN_POINT('',(4.992941909541,0.700298344128));
#471 = CARTESIAN_POINT('',(5.080698056074,0.710070928389));
#472 = CARTESIAN_POINT('',(5.168457805186,0.719844935981));
#473 = CARTESIAN_POINT('',(5.256218169949,0.729620618481));
#474 = CARTESIAN_POINT('',(5.343975454868,0.739397823052));
#475 = CARTESIAN_POINT('',(5.431725255875,0.74917599244));
#476 = CARTESIAN_POINT('',(5.614911996776,0.769591864699));
#477 = CARTESIAN_POINT('',(5.710378660067,0.780233834985));
#478 = CARTESIAN_POINT('',(5.805854456382,0.790875891512));
#479 = CARTESIAN_POINT('',(5.901332744148,0.801515350406));
#480 = CARTESIAN_POINT('',(5.996808234045,0.812151028244));
#481 = CARTESIAN_POINT('',(6.092276989012,0.822783242051));
#482 = CARTESIAN_POINT('',(6.187736424241,0.8334138093));
#483 = CARTESIAN_POINT('',(6.28318530718,0.844046047916));
#484 = ( GEOMETRIC_REPRESENTATION_CONTEXT(2) 
PARAMETRIC_REPRESENTATION_CONTEXT() REPRESENTATION_CONTEXT('2D SPACE',''
  ) );
#485 = PCURVE('',#486,#779);
#486 = B_SPLINE_SURFACE_WITH_KNOTS('',1,10,(
    (#487,#488,#489,#490,#491,#492,#493,#494,#495,#496,#497,#498,#499
      ,#500,#501,#502,#503,#504,#505,#506,#507,#508,#509,#510,#511,#512
      ,#513,#514,#515,#516,#517,#518,#519,#520,#521,#522,#523,#524,#525
      ,#526,#527,#528,#529,#530,#531,#532,#533,#534,#535,#536,#537,#538
      ,#539,#540,#541,#542,#543,#544,#545,#546,#547,#548,#549,#550,#551
      ,#552,#553,#554,#555,#556,#557,#558,#559,#560,#561,#562,#563,#564
      ,#565,#566,#567,#568,#569,#570,#571,#572,#573,#574,#575,#576,#577
      ,#578,#579,#580,#581,#582,#583,#584,#585,#586,#587,#588,#589,#590
      ,#591,#592,#593,#594,#595,#596,#597,#598,#599,#600,#601,#602,#603
      ,#604,#605,#606,#607,#608,#609,#610,#611,#612,#613,#614,#615,#616
      ,#617,#618,#619,#620,#621,#622,#623,#624,#625,#626,#627,#628,#629
      ,#630,#631,#632)
    ,(#633,#634,#635,#636,#637,#638,#639,#640,#641,#642,#643,#644,#645
      ,#646,#647,#648,#649,#650,#651,#652,#653,#654,#655,#656,#657,#658
      ,#659,#660,#661,#662,#663,#664,#665,#666,#667,#668,#669,#670,#671
      ,#672,#673,#674,#675,#676,#677,#678,#679,#680,#681,#682,#683,#684
      ,#685,#686,#687,#688,#689,#690,#691,#692,#693,#694,#695,#696,#697
      ,#698,#699,#700,#701,#702,#703,#704,#705,#706,#707,#708,#709,#710
      ,#711,#712,#713,#714,#715,#716,#717,#718,#719,#720,#721,#722,#723
      ,#724,#725,#726,#727,#728,#729,#730,#731,#732,#733,#734,#735,#736
      ,#737,#738,#739,#740,#741,#742,#743,#744,#745,#746,#747,#748,#749
      ,#750,#751,#752,#753,#754,#755,#756,#757,#758,#759,#760,#761,#762
      ,#763,#764,#765,#766,#767,#768,#769,#770,#771,#772,#773,#774,#775
      ,#776,#777,#778
    )),.UNSPECIFIED.,.F.,.F.,.F.,(2,2),(11,9,9,9,9,9,9,9,9,9,9,9,9,9,9,9
    ,11),(0.,0.598889910268),(0.,6.378504966297,12.757009932594,
    19.13551489889,25.514019865187,31.892524831484,38.271029797781,
    44.649534764078,51.028039730375,57.406544696672,63.785049662968,
    70.163554629265,76.542059595562,82.920564561859,89.299069528156,
    95.677574494453,102.05607946074),.UNSPECIFIED.);
#487 = CARTESIAN_POINT('',(80.31999995,-54.5,48.8965));
#488 = CARTESIAN_POINT('',(80.39062727178,-53.16874953179,
    48.896493498779));
#489 = CARTESIAN_POINT('',(80.461243544923,-51.83633008377,
    49.834016713534));
#490 = CARTESIAN_POINT('',(80.531886269186,-51.25635300476,
    51.711054010044));
#491 = CARTESIAN_POINT('',(80.602490605199,-52.12491763732,
    53.842889211453));
#492 = CARTESIAN_POINT('',(80.673125846584,-54.61040858098,
    54.93149493319));
#493 = CARTESIAN_POINT('',(80.743758470763,-57.03093774465,
    53.705191857834));
#494 = CARTESIAN_POINT('',(80.81436510931,-57.77861358362,
    51.528114276039));
#495 = CARTESIAN_POINT('',(80.885006062898,-57.09429664987,
    49.686458020404));
#496 = CARTESIAN_POINT('',(80.955623510586,-55.71140849915,
    48.825163911195));
#497 = CARTESIAN_POINT('',(81.096876838769,-53.05309557604,
    48.974442213395));
#498 = CARTESIAN_POINT('',(81.167494206562,-51.77533950316,
    49.98519683431));
#499 = CARTESIAN_POINT('',(81.238135449192,-51.30152130912,
    51.891804907408));
#500 = CARTESIAN_POINT('',(81.308741436489,-52.28825231145,
    53.971580928206));
#501 = CARTESIAN_POINT('',(81.379375159084,-54.83087188466,
    54.919115715793));
#502 = CARTESIAN_POINT('',(81.450008927425,-57.17883362813,
    53.559018500498));
#503 = CARTESIAN_POINT('',(81.520614874654,-57.80326359243,
    51.343445272477));
#504 = CARTESIAN_POINT('',(81.591256147882,-57.01676069287,
    49.543055348498));
#505 = CARTESIAN_POINT('',(81.661873495519,-55.58775494544,
    48.760655650179));
#506 = CARTESIAN_POINT('',(81.803126846163,-52.94199413915,
    49.058751841892));
#507 = CARTESIAN_POINT('',(81.873744195263,-51.72292167851,
    50.139560765378));
#508 = CARTESIAN_POINT('',(81.944385463195,-51.35675325289,
    52.069736518823));
#509 = CARTESIAN_POINT('',(82.014991422293,-52.45854591938,
    54.090914297205));
#510 = CARTESIAN_POINT('',(82.085625170824,-55.05029417829,
    54.894392548387));
#511 = CARTESIAN_POINT('',(82.156258919626,-57.31830088647,
    53.404783807007));
#512 = CARTESIAN_POINT('',(82.226864878662,-57.81752032393,
    51.157683985248));
#513 = CARTESIAN_POINT('',(82.29750614643,-56.93130607125,
    49.404225992201));
#514 = CARTESIAN_POINT('',(82.368123495776,-55.46067891303,
    48.70318213994));
#515 = CARTESIAN_POINT('',(82.509376846036,-52.83579476473,
    49.14915836396));
#516 = CARTESIAN_POINT('',(82.579994195456,-51.67924157026,
    50.296620912279));
#517 = CARTESIAN_POINT('',(82.650635462955,-51.42187501309,
    52.244291370791));
#518 = CARTESIAN_POINT('',(82.721241422538,-52.63526269784,
    54.200511453763));
#519 = CARTESIAN_POINT('',(82.791875170621,-55.26798504224,
    54.857405202214));
#520 = CARTESIAN_POINT('',(82.862508919761,-57.44890072797,
    53.242971739583));
#521 = CARTESIAN_POINT('',(82.933114878592,-57.82133890892,
    50.97141556492));
#522 = CARTESIAN_POINT('',(83.003756146455,-56.83820166131,
    49.270406514908));
#523 = CARTESIAN_POINT('',(83.074373495772,-55.33058022932,
    48.652924256863));
#524 = CARTESIAN_POINT('',(83.215626846039,-52.73483159568,
    49.245377305909));
#525 = CARTESIAN_POINT('',(83.286244195452,-51.6444366116,
    50.455883138263));
#526 = CARTESIAN_POINT('',(83.35688546296,-51.4966816933,52.414920208798
    ));
#527 = CARTESIAN_POINT('',(83.427491422532,-52.81784662973,
    54.300027605593));
#528 = CARTESIAN_POINT('',(83.498125170625,-55.48325954112,
    54.808270019321));
#529 = CARTESIAN_POINT('',(83.568758919759,-57.57022223679,
    53.074091441323));
#530 = CARTESIAN_POINT('',(83.639364878593,-57.81470733293,
    50.785226069315));
#531 = CARTESIAN_POINT('',(83.710006146455,-56.73774040389,
    49.142017966382));
#532 = CARTESIAN_POINT('',(83.780623495772,-55.19786823292,48.6100401301
    ));
#533 = CARTESIAN_POINT('',(83.921876846038,-52.63942229948,
    49.347105927715));
#534 = CARTESIAN_POINT('',(83.992494195453,-51.61861631182,
    50.616846344881));
#535 = CARTESIAN_POINT('',(84.063135462961,-51.58093792405,
    52.581086172105));
#536 = CARTESIAN_POINT('',(84.13374142253,-53.00572323845,
    54.389149637326));
#537 = CARTESIAN_POINT('',(84.204375170629,-55.69544034174,
    54.747141597798));
#538 = CARTESIAN_POINT('',(84.275008919755,-57.68188369054,
    52.898674271693));
#539 = CARTESIAN_POINT('',(84.345614878595,-57.79764646136,
    50.599701319698));
#540 = CARTESIAN_POINT('',(84.416256146455,-56.63023838727,
    49.019464304409));
#541 = CARTESIAN_POINT('',(84.486873495772,-55.06296048488,
    48.574664688999));
#542 = CARTESIAN_POINT('',(84.628126846038,-52.54986706907,
    49.454024153485));
#543 = CARTESIAN_POINT('',(84.698744195454,-51.60186191113,
    50.779004082373));
#544 = CARTESIAN_POINT('',(84.769385462958,-51.67437860402,
    52.742266441037));
#545 = CARTESIAN_POINT('',(84.839991422535,-53.19830139469,
    54.467597138198));
#546 = CARTESIAN_POINT('',(84.910625170623,-55.90385984475,
    54.67421227014));
#547 = CARTESIAN_POINT('',(84.98125891976,-57.78353376105,
    52.717272158122));
#548 = CARTESIAN_POINT('',(85.051864878592,-57.770209974,50.415425045495
    ));
#549 = CARTESIAN_POINT('',(85.122506146455,-56.51603385258,
    48.903131128182));
#550 = CARTESIAN_POINT('',(85.193123495772,-54.92628145488,
    48.546909237774));
#551 = CARTESIAN_POINT('',(85.334376846038,-52.46644767834,
    49.565795578931));
#552 = CARTESIAN_POINT('',(85.404994195454,-51.59422612507,
    50.941846142482));
#553 = CARTESIAN_POINT('',(85.475635462958,-51.77670973428,
    52.897953882884));
#554 = CARTESIAN_POINT('',(85.546241422536,-53.39497517634,
    54.535123283279));
#555 = CARTESIAN_POINT('',(85.616875170622,-56.10786228532,
    54.589711499069));
#556 = CARTESIAN_POINT('',(85.687508919762,-57.87485261955,
    52.530455858709));
#557 = CARTESIAN_POINT('',(85.758114878591,-57.7324841962,
    50.232977048081));
#558 = CARTESIAN_POINT('',(85.828756146456,-56.39548612952,
    48.793384464895));
#559 = CARTESIAN_POINT('',(85.899373495772,-54.78826118571,
    48.526861105349));
#560 = CARTESIAN_POINT('',(86.040626846038,-52.38942659556,
    49.682068529796));
#561 = CARTESIAN_POINT('',(86.111244195453,-51.59573297866,
    51.104860163845));
#562 = CARTESIAN_POINT('',(86.181885462959,-51.88760934325,
    53.047658647352));
#563 = CARTESIAN_POINT('',(86.252491422532,-53.59512577489,
    54.591515610334));
#564 = CARTESIAN_POINT('',(86.323125170626,-56.3068057963,
    54.493905155276));
#565 = CARTESIAN_POINT('',(86.393758919758,-57.95555294313,
    52.338813166643));
#566 = CARTESIAN_POINT('',(86.464364878594,-57.68458782722,
    50.05293137636));
#567 = CARTESIAN_POINT('',(86.535006146455,-56.26897450584,
    48.690569618152));
#568 = CARTESIAN_POINT('',(86.605623495772,-54.6493339402,
    48.514583370566));
#569 = CARTESIAN_POINT('',(86.746876846038,-52.31904615755,
    49.802477168359));
#570 = CARTESIAN_POINT('',(86.817494195453,-51.60637773077,
    51.267533244045));
#571 = CARTESIAN_POINT('',(86.888135462959,-52.00672849971,
    53.190909707856));
#572 = CARTESIAN_POINT('',(86.958741422533,-53.79812344252,
    54.636596688256));
#573 = CARTESIAN_POINT('',(87.029375170626,-56.50006442779,
    54.387094680946));
#574 = CARTESIAN_POINT('',(87.100008919758,-58.02538081871,
    52.142947060749));
#575 = CARTESIAN_POINT('',(87.170614878593,-57.62667156675,
    49.875854520613));
#576 = CARTESIAN_POINT('',(87.241256146455,-56.1368970339,
    48.595010081504));
#577 = CARTESIAN_POINT('',(87.311873495772,-54.50993683487,
    48.51011466372));
#578 = CARTESIAN_POINT('',(87.453126846038,-52.2555278072,
    49.926642644497));
#579 = CARTESIAN_POINT('',(87.523744195452,-51.62612688907,
    51.429353553379));
#580 = CARTESIAN_POINT('',(87.594385462963,-52.13369241074,
    53.327256343579));
#581 = CARTESIAN_POINT('',(87.664991422526,-54.00332947347,
    54.670224675272));
#582 = CARTESIAN_POINT('',(87.735625170634,-56.68703011664,
    54.269616141369));
#583 = CARTESIAN_POINT('',(87.806258919752,-58.08411654197,
    51.943473808242));
#584 = CARTESIAN_POINT('',(87.876864878596,-57.55891764079,
    49.702303630153));
#585 = CARTESIAN_POINT('',(87.947506146454,-55.9996692783,48.5070065206)
  );
#586 = CARTESIAN_POINT('',(88.018123495772,-54.37050846458,
    48.513469045017));
#587 = CARTESIAN_POINT('',(88.159376846038,-52.19907139674,
    50.054174287681));
#588 = CARTESIAN_POINT('',(88.229994195454,-51.65491831542,
    51.589811945311));
#589 = CARTESIAN_POINT('',(88.300635462958,-52.26810160088,
    53.456269557513));
#590 = CARTESIAN_POINT('',(88.371241422536,-54.21009821367,
    54.692293765366));
#591 = CARTESIAN_POINT('',(88.441875170622,-56.86711459959,
    54.141839167418));
#592 = CARTESIAN_POINT('',(88.512508919761,-58.13157530862,
    51.741021025835));
#593 = CARTESIAN_POINT('',(88.583114878592,-57.48153922821,
    49.532824760249));
#594 = CARTESIAN_POINT('',(88.653756146455,-55.85772300834,
    48.426835827219));
#595 = CARTESIAN_POINT('',(88.724373495772,-54.23148752257,
    48.524635960328));
#596 = CARTESIAN_POINT('',(88.865626846039,-52.14985455893,
    50.184670836186));
#597 = CARTESIAN_POINT('',(88.936244195453,-51.69266142133,
    51.748403558347));
#598 = CARTESIAN_POINT('',(89.006885462962,-52.40953316911,
    53.577543426416));
#599 = CARTESIAN_POINT('',(89.077491422528,-54.41777909212,
    54.702734520926));
#600 = CARTESIAN_POINT('',(89.148125170633,-57.03975126428,
    54.004165792819));
#601 = CARTESIAN_POINT('',(89.218758919751,-58.16760779578,
    51.536225704807));
#602 = CARTESIAN_POINT('',(89.289364878599,-57.39477979017,
    49.367951154173));
#603 = CARTESIAN_POINT('',(89.360006146451,-55.71150483948,
    48.354750248006));
#604 = CARTESIAN_POINT('',(89.430623495774,-54.09331142015,
    48.543580274408));
#605 = CARTESIAN_POINT('',(89.571876846034,-52.10803214816,
    50.317721699594));
#606 = CARTESIAN_POINT('',(89.642494195478,-51.73923745296,
    51.904629404574));
#607 = CARTESIAN_POINT('',(89.713135462891,-52.55754211953,
    53.690696377913));
#608 = CARTESIAN_POINT('',(89.783741422668,-54.62571866771,
    54.701514091292));
#609 = CARTESIAN_POINT('',(89.854375170422,-57.20439693228,
    53.857029189243));
#610 = CARTESIAN_POINT('',(89.925008920003,-58.19210063144,
    51.329732206614));
#611 = CARTESIAN_POINT('',(89.995614878354,-57.29891230444,
    49.20820156569));
#612 = CARTESIAN_POINT('',(90.066256146646,-55.56147482777,
    48.290976590523));
#613 = CARTESIAN_POINT('',(90.136873495648,-53.95641491073,
    48.570242381665));
#614 = CARTESIAN_POINT('',(90.278126846291,-52.07373575263,
    50.452908250195));
#615 = CARTESIAN_POINT('',(90.348744194024,-51.79449986813,
    52.057997942343));
#616 = CARTESIAN_POINT('',(90.419385466909,-52.71166275232,
    53.795372383582));
#617 = CARTESIAN_POINT('',(90.489991414846,-54.8332627029,
    54.688636330779));
#618 = CARTESIAN_POINT('',(90.560625182191,-57.36053354132,
    53.700892281153));
#619 = CARTESIAN_POINT('',(90.631258905784,-58.20497678363,
    51.122190262529));
#620 = CARTESIAN_POINT('',(90.701864892368,-57.19423837441,
    49.054078600095));
#621 = CARTESIAN_POINT('',(90.772506135345,-55.40810504833,
    48.235715531299));
#622 = CARTESIAN_POINT('',(90.843123503042,-53.82122870488,
    48.604538379486));
#623 = CARTESIAN_POINT('',(90.984376831224,-52.04707331515,
    50.58980516913));
#624 = CARTESIAN_POINT('',(91.054994279015,-51.85827460096,
    52.208026459294));
#625 = CARTESIAN_POINT('',(91.125635232231,-52.87141067121,
    53.891242530855));
#626 = CARTESIAN_POINT('',(91.196241871549,-55.03975716714,
    54.664140907303));
#627 = CARTESIAN_POINT('',(91.266874494638,-57.50767136386,
    53.536247613252));
#628 = CARTESIAN_POINT('',(91.337509737127,-58.20619388194,
    50.914251328181));
#629 = CARTESIAN_POINT('',(91.408114072332,-57.08108917514,
    48.906068712411));
#630 = CARTESIAN_POINT('',(91.478756797015,-55.25187658086,
    48.189139709798));
#631 = CARTESIAN_POINT('',(91.549373070011,-53.68817911597,
    48.646361166456));
#632 = CARTESIAN_POINT('',(91.62000039182,-52.85815293496,
    49.687170625543));
#633 = CARTESIAN_POINT('',(80.59999995,-54.5,49.4259045));
#634 = CARTESIAN_POINT('',(80.670614980173,-53.50435552067,
    49.425904501408));
#635 = CARTESIAN_POINT('',(80.741277453771,-52.50782902749,
    50.127063620539));
#636 = CARTESIAN_POINT('',(80.811826344558,-52.07408137883,
    51.530931865918));
#637 = CARTESIAN_POINT('',(80.882540077836,-52.72365910291,
    53.125320860281));
#638 = CARTESIAN_POINT('',(80.953121098769,-54.58257167951,
    53.939468887087));
#639 = CARTESIAN_POINT('',(81.023713362741,-56.3929107586,
    53.022371446038));
#640 = CARTESIAN_POINT('',(81.094417205507,-56.95206781742,
    51.39406863817));
#641 = CARTESIAN_POINT('',(81.164973701302,-56.44028734001,
    50.016729319932));
#642 = CARTESIAN_POINT('',(81.235631130848,-55.40601394104,
    49.372549072541));
#643 = CARTESIAN_POINT('',(81.376866839574,-53.41785796617,
    49.484201585639));
#644 = CARTESIAN_POINT('',(81.447524612618,-52.46221323448,
    50.240133298154));
#645 = CARTESIAN_POINT('',(81.518079865706,-52.1078638294,
    51.666113477579));
#646 = CARTESIAN_POINT('',(81.588786508176,-52.84581735264,
    53.221572029611));
#647 = CARTESIAN_POINT('',(81.659374050981,-54.74745552677,
    53.930209246614));
#648 = CARTESIAN_POINT('',(81.729961401776,-56.50352426753,
    52.913048006093));
#649 = CARTESIAN_POINT('',(81.800668213153,-56.9705021692,
    51.255954658507));
#650 = CARTESIAN_POINT('',(81.871223336369,-56.38229870835,
    49.90947789844));
#651 = CARTESIAN_POINT('',(81.941881195548,-55.31353296236,
    49.324303241422));
#652 = CARTESIAN_POINT('',(82.083116807823,-53.33476512553,
    49.547256898335));
#653 = CARTESIAN_POINT('',(82.153774661133,-52.4230092335,
    50.355582818617));
#654 = CARTESIAN_POINT('',(82.224329805578,-52.14917262588,
    51.799188196141));
#655 = CARTESIAN_POINT('',(82.295036569132,-52.97318047521,
    53.310822341074));
#656 = CARTESIAN_POINT('',(82.365624000568,-54.91156062014,
    53.911719036802));
#657 = CARTESIAN_POINT('',(82.436211435261,-56.60783405897,
    52.797694420103));
#658 = CARTESIAN_POINT('',(82.506918195947,-56.98116335006,
    51.117024326663));
#659 = CARTESIAN_POINT('',(82.5774733426,-56.31838768925,49.805646654926
    ));
#660 = CARTESIAN_POINT('',(82.648131194444,-55.21849230434,
    49.281318759199));
#661 = CARTESIAN_POINT('',(82.789366808363,-53.2553385467,49.61487206637
    ));
#662 = CARTESIAN_POINT('',(82.860024660314,-52.39034021113,
    50.473048901081));
#663 = CARTESIAN_POINT('',(82.930579806586,-52.19787799841,
    51.929737361376));
#664 = CARTESIAN_POINT('',(83.00128656812,-53.10534753341,
    53.392790937523));
#665 = CARTESIAN_POINT('',(83.071874001396,-55.07437079438,
    53.884056469961));
#666 = CARTESIAN_POINT('',(83.142461434717,-56.70551182276,52.6766736097
    ));
#667 = CARTESIAN_POINT('',(83.213168196223,-56.98401787405,
    50.977714780897));
#668 = CARTESIAN_POINT('',(83.283723342502,-56.24875534939,
    49.705562276537));
#669 = CARTESIAN_POINT('',(83.354381194461,-55.12119100377,
    49.243730871727));
#670 = CARTESIAN_POINT('',(83.495616808354,-53.17982813326,
    49.686834347031));
#671 = CARTESIAN_POINT('',(83.566274660329,-52.36430895901,
    50.592161954369));
#672 = CARTESIAN_POINT('',(83.636829806564,-52.2538266984,
    52.057350216596));
#673 = CARTESIAN_POINT('',(83.707536568148,-53.24190268431,
    53.467219916151));
#674 = CARTESIAN_POINT('',(83.778124001366,-55.23537378556,
    53.847308582163));
#675 = CARTESIAN_POINT('',(83.848711434743,-56.79625023042,
    52.550366351523));
#676 = CARTESIAN_POINT('',(83.919418196206,-56.97905675879,
    50.838464340377));
#677 = CARTESIAN_POINT('',(83.98997334251,-56.17362077823,
    49.609539665828));
#678 = CARTESIAN_POINT('',(84.060631194458,-55.02193520649,
    49.211657844396));
#679 = CARTESIAN_POINT('',(84.201866808358,-53.10847146892,
    49.762917320366));
#680 = CARTESIAN_POINT('',(84.272524660312,-52.34499738103,
    50.712547204737));
#681 = CARTESIAN_POINT('',(84.3430798066,-52.3168426906,52.181625244565)
  );
#682 = CARTESIAN_POINT('',(84.41378656809,-53.38241627481,
    53.533875095836));
#683 = CARTESIAN_POINT('',(84.484374001434,-55.39406301876,
    53.801590995877));
#684 = CARTESIAN_POINT('',(84.554961434683,-56.87976378531,
    52.419170054923));
#685 = CARTESIAN_POINT('',(84.625668196245,-56.96629561382,
    50.699711138512));
#686 = CARTESIAN_POINT('',(84.696223342492,-56.09322037692,
    49.517880945455));
#687 = CARTESIAN_POINT('',(84.766881194463,-54.92103720795,
    49.185200590813));
#688 = CARTESIAN_POINT('',(84.908116808355,-53.04149306815,
    49.842881601193));
#689 = CARTESIAN_POINT('',(84.978774660321,-52.33246623856,
    50.833825875653));
#690 = CARTESIAN_POINT('',(85.049329806584,-52.38672770338,
    52.302171430055));
#691 = CARTESIAN_POINT('',(85.120036568116,-53.52644619718,
    53.592546754737));
#692 = CARTESIAN_POINT('',(85.190624001404,-55.54993919893,
    53.747047555529));
#693 = CARTESIAN_POINT('',(85.26121143471,-56.95578972291,
    52.283497511995));
#694 = CARTESIAN_POINT('',(85.331918196228,-56.9457745904,
    50.561891744206));
#695 = CARTESIAN_POINT('',(85.4024733425,-56.00780711486,49.430874507664
    ));
#696 = CARTESIAN_POINT('',(85.473131194461,-54.81881447058,
    49.164442355289));
#697 = CARTESIAN_POINT('',(85.614366808356,-52.97910366979,49.9264755923
    ));
#698 = CARTESIAN_POINT('',(85.68502466032,-52.32675495921,
    50.955616379549));
#699 = CARTESIAN_POINT('',(85.755579806582,-52.46326185265,
    52.418609490173));
#700 = CARTESIAN_POINT('',(85.82628656812,-53.67353927998,
    53.643050290104));
#701 = CARTESIAN_POINT('',(85.896874001397,-55.70251188193,
    53.683849874965));
#702 = CARTESIAN_POINT('',(85.967461434717,-57.02408883749,
    52.143775598754));
#703 = CARTESIAN_POINT('',(86.038168196222,-56.91755825527,
    50.425439788261));
#704 = CARTESIAN_POINT('',(86.108723342503,-55.91764973379,
    49.348794106899));
#705 = CARTESIAN_POINT('',(86.17938119446,-54.71558862494,
    49.149448450911));
#706 = CARTESIAN_POINT('',(86.320616808357,-52.92149957396,
    50.013436276064));
#707 = CARTESIAN_POINT('',(86.391274660317,-52.32788151279,
    51.077535518439));
#708 = CARTESIAN_POINT('',(86.46182980659,-52.54620433365,
    52.530573067708));
#709 = CARTESIAN_POINT('',(86.532536568106,-53.82323271398,
    53.685226799127));
#710 = CARTESIAN_POINT('',(86.603124001416,-55.85130101767,
    53.612196797472));
#711 = CARTESIAN_POINT('',(86.673711434699,-57.08444623476,
    52.000443932027));
#712 = CARTESIAN_POINT('',(86.744418196235,-56.88173538746,
    50.290784599015));
#713 = CARTESIAN_POINT('',(86.814973342497,-55.82303190218,
    49.271897998465));
#714 = CARTESIAN_POINT('',(86.885631194461,-54.61168445773,
    49.140266054049));
#715 = CARTESIAN_POINT('',(87.026866808356,-52.86886202447,
    50.103490042003));
#716 = CARTESIAN_POINT('',(87.097524660315,-52.33584235474,
    51.199199689607));
#717 = CARTESIAN_POINT('',(87.168079806596,-52.63529417866,
    52.637709883819));
#718 = CARTESIAN_POINT('',(87.238786568096,-53.97505550823,
    53.718943578908));
#719 = CARTESIAN_POINT('',(87.309374001428,-55.99583846048,
    53.532313770139));
#720 = CARTESIAN_POINT('',(87.379961434689,-57.13667200803,
    51.853953486266));
#721 = CARTESIAN_POINT('',(87.45066819624,-56.83841869896,
    50.158349851509));
#722 = CARTESIAN_POINT('',(87.521223342496,-55.72425132273,
    49.20042812597));
#723 = CARTESIAN_POINT('',(87.591881194461,-54.50742888989,
    49.136924055922));
#724 = CARTESIAN_POINT('',(87.733116808359,-52.8213566385,
    50.196353547652));
#725 = CARTESIAN_POINT('',(87.803774660303,-52.35061243729,
    51.320226092561));
#726 = CARTESIAN_POINT('',(87.874329806625,-52.73025107805,
    52.739682846445));
#727 = CARTESIAN_POINT('',(87.945036568052,-54.12852997207,
    53.744094543982));
#728 = CARTESIAN_POINT('',(88.015624001479,-56.13566944207,
    53.444452134526));
#729 = CARTESIAN_POINT('',(88.086211434645,-57.18060183569,
    51.704765174609));
#730 = CARTESIAN_POINT('',(88.15691819627,-56.7877444801,50.028552234457
    ));
#731 = CARTESIAN_POINT('',(88.227473342482,-55.62161879569,
    49.134609360072));
#732 = CARTESIAN_POINT('',(88.298131194465,-54.40314994801,
    49.139432971691));
#733 = CARTESIAN_POINT('',(88.439366808355,-52.77913288559,
    50.291734610065));
#734 = CARTESIAN_POINT('',(88.510024660318,-52.37214528832,
    51.440233933462));
#735 = CARTESIAN_POINT('',(88.580579806591,-52.83077626229,
    52.836171110919));
#736 = CARTESIAN_POINT('',(88.651286568103,-54.28317321805,
    53.760600560112));
#737 = CARTESIAN_POINT('',(88.721874001418,-56.27035400247,
    53.348888335839));
#738 = CARTESIAN_POINT('',(88.792461434698,-57.21609749824,
    51.553348398682));
#739 = CARTESIAN_POINT('',(88.863168196234,-56.72987217073,
    49.901800139182));
#740 = CARTESIAN_POINT('',(88.933723342498,-55.51545724095,
    49.074648790961));
#741 = CARTESIAN_POINT('',(89.004381194461,-54.29917573223,
    49.147784907381));
#742 = CARTESIAN_POINT('',(89.145616808357,-52.74232361728,
    50.389333125133));
#743 = CARTESIAN_POINT('',(89.216274660315,-52.4003731575,51.55884562324
    ));
#744 = CARTESIAN_POINT('',(89.286829806596,-52.93655344196,
    52.926871089469));
#745 = CARTESIAN_POINT('',(89.357536568098,-54.4384986813,
    53.768409693256));
#746 = CARTESIAN_POINT('',(89.428124001423,-56.39946837421,
    53.245923053151));
#747 = CARTESIAN_POINT('',(89.498711434696,-57.2430473132,
    51.400179571677));
#748 = CARTESIAN_POINT('',(89.569418196231,-56.66498385853,
    49.778492374668));
#749 = CARTESIAN_POINT('',(89.639973342504,-55.40610068206,
    49.02073507677));
#750 = CARTESIAN_POINT('',(89.710631194454,-54.1958333839,
    49.161953584711));
#751 = CARTESIAN_POINT('',(89.851866808373,-52.71104464915,
    50.488842011818));
#752 = CARTESIAN_POINT('',(89.922524660219,-52.43520722951,
    51.675687965647));
#753 = CARTESIAN_POINT('',(89.993079806864,-53.04724980294,
    53.011497406385));
#754 = CARTESIAN_POINT('',(90.06378656757,-54.59401765044,53.76749737303
    ));
#755 = CARTESIAN_POINT('',(90.134374002227,-56.52260631572,
    53.135880253286));
#756 = CARTESIAN_POINT('',(90.204961433711,-57.26136648646,
    51.245740619446));
#757 = CARTESIAN_POINT('',(90.275668197217,-56.59328370617,
    49.659016912712));
#758 = CARTESIAN_POINT('',(90.346223341698,-55.29389319517,
    48.973037850032));
#759 = CARTESIAN_POINT('',(90.416881194988,-54.09344805628,
    49.181894423752));
#760 = CARTESIAN_POINT('',(90.558116807282,-52.68539439637,
    50.589948178407));
#761 = CARTESIAN_POINT('',(90.628774666397,-52.47653790364,
    51.790393331115));
#762 = CARTESIAN_POINT('',(90.699329789774,-53.16251705305,
    53.089783796876));
#763 = CARTESIAN_POINT('',(90.770036600878,-54.74924080614,
    53.757866468165));
#764 = CARTESIAN_POINT('',(90.840623952018,-56.63938038817,
    53.019106174253));
#765 = CARTESIAN_POINT('',(90.911211494492,-57.27099738073,
    51.090517460872));
#766 = CARTESIAN_POINT('',(90.981918137204,-56.51499730727,
    49.543749670468));
#767 = CARTESIAN_POINT('',(91.052473390161,-55.17918782785,
    48.931707181325));
#768 = CARTESIAN_POINT('',(91.123131163251,-53.99234189066,
    49.207544684914));
#769 = CARTESIAN_POINT('',(91.264366871967,-52.66545356585,
    50.692333504097));
#770 = CARTESIAN_POINT('',(91.335024301511,-52.52423512859,
    51.902600833288));
#771 = CARTESIAN_POINT('',(91.40558079733,-53.28199254567,
    53.161483890088));
#772 = CARTESIAN_POINT('',(91.476284640038,-54.9036797068,
    53.739547384004));
#773 = CARTESIAN_POINT('',(91.5468769041,-56.74942325558,52.895968075527
    ));
#774 = CARTESIAN_POINT('',(91.617457924931,-57.27190959877,
    50.934998672823));
#775 = CARTESIAN_POINT('',(91.688171658295,-56.4303710734,
    49.433053136493));
#776 = CARTESIAN_POINT('',(91.758720549027,-55.06234541007,
    48.896873261365));
#777 = CARTESIAN_POINT('',(91.829383022653,-53.89283305388,
    49.238823565376));
#778 = CARTESIAN_POINT('',(91.899998052815,-53.27205892598,
    50.017249805527));
#779 = DEFINITIONAL_REPRESENTATION('',(#780),#832);
#780 = B_SPLINE_CURVE_WITH_KNOTS('',8,(#781,#782,#783,#784,#785,#786,
    #787,#788,#789,#790,#791,#792,#793,#794,#795,#796,#797,#798,#799,
    #800,#801,#802,#803,#804,#805,#806,#807,#808,#809,#810,#811,#812,
    #813,#814,#815,#816,#817,#818,#819,#820,#821,#822,#823,#824,#825,
    #826,#827,#828,#829,#830,#831),.UNSPECIFIED.,.F.,.F.,(9,7,7,7,7,7,7,
    9),(0.,0.18623479715,0.368785783742,0.476802864454,0.615053824891,
    0.766639800347,0.87840755957,1.),.UNSPECIFIED.);
#781 = CARTESIAN_POINT('',(0.158375282865,0.));
#782 = CARTESIAN_POINT('',(0.158376530427,0.147111763704));
#783 = CARTESIAN_POINT('',(0.15838729013,0.29449717758));
#784 = CARTESIAN_POINT('',(0.15841775505,0.441726323571));
#785 = CARTESIAN_POINT('',(0.158389166906,0.58885919493));
#786 = CARTESIAN_POINT('',(0.158365194145,0.735981652147));
#787 = CARTESIAN_POINT('',(0.158350159239,0.883208514181));
#788 = CARTESIAN_POINT('',(0.158349668385,1.030623243969));
#789 = CARTESIAN_POINT('',(0.15836434586,1.321932149098));
#790 = CARTESIAN_POINT('',(0.158379356135,1.466440360246));
#791 = CARTESIAN_POINT('',(0.158397303887,1.610775710108));
#792 = CARTESIAN_POINT('',(0.158406571646,1.755003777462));
#793 = CARTESIAN_POINT('',(0.158401698342,1.899217947687));
#794 = CARTESIAN_POINT('',(0.158391599597,2.043520786243));
#795 = CARTESIAN_POINT('',(0.158381541621,2.187994573912));
#796 = CARTESIAN_POINT('',(0.15837015807,2.41754368273));
#797 = CARTESIAN_POINT('',(0.158367114632,2.502890222124));
#798 = CARTESIAN_POINT('',(0.158365509486,2.588241469038));
#799 = CARTESIAN_POINT('',(0.158365362978,2.673591837585));
#800 = CARTESIAN_POINT('',(0.158366465843,2.758938369325));
#801 = CARTESIAN_POINT('',(0.158368379205,2.844280733269));
#802 = CARTESIAN_POINT('',(0.158370434575,2.929621225872));
#803 = CARTESIAN_POINT('',(0.158373396803,3.124195894571));
#804 = CARTESIAN_POINT('',(0.15837424627,3.233482622996));
#805 = CARTESIAN_POINT('',(0.15837324594,3.342737252746));
#806 = CARTESIAN_POINT('',(0.158370471119,3.451957863066));
#807 = CARTESIAN_POINT('',(0.158367105448,3.561184055409));
#808 = CARTESIAN_POINT('',(0.15836495276,3.67045103378));
#809 = CARTESIAN_POINT('',(0.158365464094,3.779742026033));
#810 = CARTESIAN_POINT('',(0.158371367214,4.008668679497));
#811 = CARTESIAN_POINT('',(0.158377297595,4.128529180367));
#812 = CARTESIAN_POINT('',(0.158385846385,4.248336689109));
#813 = CARTESIAN_POINT('',(0.15839533368,4.368098999388));
#814 = CARTESIAN_POINT('',(0.158401442345,4.487858511841));
#815 = CARTESIAN_POINT('',(0.158400816342,4.607659076717));
#816 = CARTESIAN_POINT('',(0.158394349486,4.727513990724));
#817 = CARTESIAN_POINT('',(0.158378236298,4.935538253569));
#818 = CARTESIAN_POINT('',(0.158369161759,5.023830910146));
#819 = CARTESIAN_POINT('',(0.158360466411,5.112128910472));
#820 = CARTESIAN_POINT('',(0.158354038723,5.200430195782));
#821 = CARTESIAN_POINT('',(0.158351040366,5.288732121224));
#822 = CARTESIAN_POINT('',(0.158351906211,5.377031455863));
#823 = CARTESIAN_POINT('',(0.158356344333,5.465324382673));
#824 = CARTESIAN_POINT('',(0.158370942273,5.649648845553));
#825 = CARTESIAN_POINT('',(0.158382534655,5.745712904821));
#826 = CARTESIAN_POINT('',(0.158392092227,5.841786227245));
#827 = CARTESIAN_POINT('',(0.158396131677,5.937859271225));
#828 = CARTESIAN_POINT('',(0.158393707299,6.033925402668));
#829 = CARTESIAN_POINT('',(0.158386411004,6.129980894987));
#830 = CARTESIAN_POINT('',(0.158378372311,6.226024929105));
#831 = CARTESIAN_POINT('',(0.158376258353,6.322059593448));
#832 = ( GEOMETRIC_REPRESENTATION_CONTEXT(2) 
PARAMETRIC_REPRESENTATION_CONTEXT() REPRESENTATION_CONTEXT('2D SPACE',''
  ) );
#833 = ORIENTED_EDGE('',*,*,#834,.F.);
#834 = EDGE_CURVE('',#113,#319,#835,.T.);
#835 = SEAM_CURVE('',#836,(#840,#847),.PCURVE_S1.);
#836 = LINE('',#837,#838);
#837 = CARTESIAN_POINT('',(80.24999995,-54.5,49.0365));
#838 = VECTOR('',#839,1.);
#839 = DIRECTION('',(1.,0.,1.110223024625E-16));
#840 = PCURVE('',#129,#841);
#841 = DEFINITIONAL_REPRESENTATION('',(#842),#846);
#842 = LINE('',#843,#844);
#843 = CARTESIAN_POINT('',(0.,-0.));
#844 = VECTOR('',#845,1.);
#845 = DIRECTION('',(0.,1.));
#846 = ( GEOMETRIC_REPRESENTATION_CONTEXT(2) 
PARAMETRIC_REPRESENTATION_CONTEXT() REPRESENTATION_CONTEXT('2D SPACE',''
  ) );
#847 = PCURVE('',#129,#848);
#848 = DEFINITIONAL_REPRESENTATION('',(#849),#853);
#849 = LINE('',#850,#851);
#850 = CARTESIAN_POINT('',(6.28318530718,-0.));
#851 = VECTOR('',#852,1.);
#852 = DIRECTION('',(0.,1.));
#853 = ( GEOMETRIC_REPRESENTATION_CONTEXT(2) 
PARAMETRIC_REPRESENTATION_CONTEXT() REPRESENTATION_CONTEXT('2D SPACE',''
  ) );
#854 = ORIENTED_EDGE('',*,*,#112,.T.);
#855 = ORIENTED_EDGE('',*,*,#834,.T.);
#856 = ADVANCED_FACE('',(#857),#165,.T.);
#857 = FACE_BOUND('',#858,.T.);
#858 = EDGE_LOOP('',(#859,#860,#883,#911));
#859 = ORIENTED_EDGE('',*,*,#147,.T.);
#860 = ORIENTED_EDGE('',*,*,#861,.T.);
#861 = EDGE_CURVE('',#150,#862,#864,.T.);
#862 = VERTEX_POINT('',#863);
#863 = CARTESIAN_POINT('',(79.36999995,-53.25,50.274812163513));
#864 = SURFACE_CURVE('',#865,(#869,#876),.PCURVE_S1.);
#865 = LINE('',#866,#867);
#866 = CARTESIAN_POINT('',(78.03999995,-53.25,50.274812163513));
#867 = VECTOR('',#868,1.);
#868 = DIRECTION('',(1.,0.,1.110223024625E-16));
#869 = PCURVE('',#165,#870);
#870 = DEFINITIONAL_REPRESENTATION('',(#871),#875);
#871 = LINE('',#872,#873);
#872 = CARTESIAN_POINT('',(0.,0.));
#873 = VECTOR('',#874,1.);
#874 = DIRECTION('',(0.,-1.));
#875 = ( GEOMETRIC_REPRESENTATION_CONTEXT(2) 
PARAMETRIC_REPRESENTATION_CONTEXT() REPRESENTATION_CONTEXT('2D SPACE',''
  ) );
#876 = PCURVE('',#193,#877);
#877 = DEFINITIONAL_REPRESENTATION('',(#878),#882);
#878 = LINE('',#879,#880);
#879 = CARTESIAN_POINT('',(1.443375672974,-8.012344526598E-17));
#880 = VECTOR('',#881,1.);
#881 = DIRECTION('',(0.,-1.));
#882 = ( GEOMETRIC_REPRESENTATION_CONTEXT(2) 
PARAMETRIC_REPRESENTATION_CONTEXT() REPRESENTATION_CONTEXT('2D SPACE',''
  ) );
#883 = ORIENTED_EDGE('',*,*,#884,.T.);
#884 = EDGE_CURVE('',#862,#885,#887,.T.);
#885 = VERTEX_POINT('',#886);
#886 = CARTESIAN_POINT('',(79.36999995,-53.25,51.718187836487));
#887 = SURFACE_CURVE('',#888,(#892,#899),.PCURVE_S1.);
#888 = LINE('',#889,#890);
#889 = CARTESIAN_POINT('',(79.36999995,-53.25,50.274812163513));
#890 = VECTOR('',#891,1.);
#891 = DIRECTION('',(-1.110223024625E-16,1.538370149107E-16,1.));
#892 = PCURVE('',#165,#893);
#893 = DEFINITIONAL_REPRESENTATION('',(#894),#898);
#894 = LINE('',#895,#896);
#895 = CARTESIAN_POINT('',(-1.476596622751E-16,-1.33));
#896 = VECTOR('',#897,1.);
#897 = DIRECTION('',(1.,0.));
#898 = ( GEOMETRIC_REPRESENTATION_CONTEXT(2) 
PARAMETRIC_REPRESENTATION_CONTEXT() REPRESENTATION_CONTEXT('2D SPACE',''
  ) );
#899 = PCURVE('',#900,#905);
#900 = PLANE('',#901);
#901 = AXIS2_PLACEMENT_3D('',#902,#903,#904);
#902 = CARTESIAN_POINT('',(79.36999995,-54.5,50.9965));
#903 = DIRECTION('',(1.,0.,1.110223024625E-16));
#904 = DIRECTION('',(1.110223024625E-16,0.,-1.));
#905 = DEFINITIONAL_REPRESENTATION('',(#906),#910);
#906 = LINE('',#907,#908);
#907 = CARTESIAN_POINT('',(0.721687836487,1.25));
#908 = VECTOR('',#909,1.);
#909 = DIRECTION('',(-1.,1.538370149107E-16));
#910 = ( GEOMETRIC_REPRESENTATION_CONTEXT(2) 
PARAMETRIC_REPRESENTATION_CONTEXT() REPRESENTATION_CONTEXT('2D SPACE',''
  ) );
#911 = ORIENTED_EDGE('',*,*,#912,.F.);
#912 = EDGE_CURVE('',#148,#885,#913,.T.);
#913 = SURFACE_CURVE('',#914,(#918,#925),.PCURVE_S1.);
#914 = LINE('',#915,#916);
#915 = CARTESIAN_POINT('',(78.03999995,-53.25,51.718187836487));
#916 = VECTOR('',#917,1.);
#917 = DIRECTION('',(1.,0.,1.110223024625E-16));
#918 = PCURVE('',#165,#919);
#919 = DEFINITIONAL_REPRESENTATION('',(#920),#924);
#920 = LINE('',#921,#922);
#921 = CARTESIAN_POINT('',(1.443375672974,-1.60246890532E-16));
#922 = VECTOR('',#923,1.);
#923 = DIRECTION('',(0.,-1.));
#924 = ( GEOMETRIC_REPRESENTATION_CONTEXT(2) 
PARAMETRIC_REPRESENTATION_CONTEXT() REPRESENTATION_CONTEXT('2D SPACE',''
  ) );
#925 = PCURVE('',#303,#926);
#926 = DEFINITIONAL_REPRESENTATION('',(#927),#931);
#927 = LINE('',#928,#929);
#928 = CARTESIAN_POINT('',(0.,0.));
#929 = VECTOR('',#930,1.);
#930 = DIRECTION('',(0.,-1.));
#931 = ( GEOMETRIC_REPRESENTATION_CONTEXT(2) 
PARAMETRIC_REPRESENTATION_CONTEXT() REPRESENTATION_CONTEXT('2D SPACE',''
  ) );
#932 = ADVANCED_FACE('',(#933),#303,.T.);
#933 = FACE_BOUND('',#934,.T.);
#934 = EDGE_LOOP('',(#935,#936,#937,#960));
#935 = ORIENTED_EDGE('',*,*,#289,.T.);
#936 = ORIENTED_EDGE('',*,*,#912,.T.);
#937 = ORIENTED_EDGE('',*,*,#938,.T.);
#938 = EDGE_CURVE('',#885,#939,#941,.T.);
#939 = VERTEX_POINT('',#940);
#940 = CARTESIAN_POINT('',(79.36999995,-54.5,52.439875672974));
#941 = SURFACE_CURVE('',#942,(#946,#953),.PCURVE_S1.);
#942 = LINE('',#943,#944);
#943 = CARTESIAN_POINT('',(79.36999995,-53.25,51.718187836487));
#944 = VECTOR('',#945,1.);
#945 = DIRECTION('',(-5.551115123126E-17,-0.866025403784,0.5));
#946 = PCURVE('',#303,#947);
#947 = DEFINITIONAL_REPRESENTATION('',(#948),#952);
#948 = LINE('',#949,#950);
#949 = CARTESIAN_POINT('',(-7.382983113757E-17,-1.33));
#950 = VECTOR('',#951,1.);
#951 = DIRECTION('',(1.,0.));
#952 = ( GEOMETRIC_REPRESENTATION_CONTEXT(2) 
PARAMETRIC_REPRESENTATION_CONTEXT() REPRESENTATION_CONTEXT('2D SPACE',''
  ) );
#953 = PCURVE('',#900,#954);
#954 = DEFINITIONAL_REPRESENTATION('',(#955),#959);
#955 = LINE('',#956,#957);
#956 = CARTESIAN_POINT('',(-0.721687836487,1.25));
#957 = VECTOR('',#958,1.);
#958 = DIRECTION('',(-0.5,-0.866025403784));
#959 = ( GEOMETRIC_REPRESENTATION_CONTEXT(2) 
PARAMETRIC_REPRESENTATION_CONTEXT() REPRESENTATION_CONTEXT('2D SPACE',''
  ) );
#960 = ORIENTED_EDGE('',*,*,#961,.F.);
#961 = EDGE_CURVE('',#262,#939,#962,.T.);
#962 = SURFACE_CURVE('',#963,(#967,#974),.PCURVE_S1.);
#963 = LINE('',#964,#965);
#964 = CARTESIAN_POINT('',(78.03999995,-54.5,52.439875672974));
#965 = VECTOR('',#966,1.);
#966 = DIRECTION('',(1.,0.,1.110223024625E-16));
#967 = PCURVE('',#303,#968);
#968 = DEFINITIONAL_REPRESENTATION('',(#969),#973);
#969 = LINE('',#970,#971);
#970 = CARTESIAN_POINT('',(1.443375672974,-8.012344526598E-17));
#971 = VECTOR('',#972,1.);
#972 = DIRECTION('',(0.,-1.));
#973 = ( GEOMETRIC_REPRESENTATION_CONTEXT(2) 
PARAMETRIC_REPRESENTATION_CONTEXT() REPRESENTATION_CONTEXT('2D SPACE',''
  ) );
#974 = PCURVE('',#277,#975);
#975 = DEFINITIONAL_REPRESENTATION('',(#976),#980);
#976 = LINE('',#977,#978);
#977 = CARTESIAN_POINT('',(0.,0.));
#978 = VECTOR('',#979,1.);
#979 = DIRECTION('',(0.,-1.));
#980 = ( GEOMETRIC_REPRESENTATION_CONTEXT(2) 
PARAMETRIC_REPRESENTATION_CONTEXT() REPRESENTATION_CONTEXT('2D SPACE',''
  ) );
#981 = ADVANCED_FACE('',(#982),#277,.T.);
#982 = FACE_BOUND('',#983,.T.);
#983 = EDGE_LOOP('',(#984,#985,#986,#1009));
#984 = ORIENTED_EDGE('',*,*,#261,.T.);
#985 = ORIENTED_EDGE('',*,*,#961,.T.);
#986 = ORIENTED_EDGE('',*,*,#987,.T.);
#987 = EDGE_CURVE('',#939,#988,#990,.T.);
#988 = VERTEX_POINT('',#989);
#989 = CARTESIAN_POINT('',(79.36999995,-55.75,51.718187836487));
#990 = SURFACE_CURVE('',#991,(#995,#1002),.PCURVE_S1.);
#991 = LINE('',#992,#993);
#992 = CARTESIAN_POINT('',(79.36999995,-54.5,52.439875672974));
#993 = VECTOR('',#994,1.);
#994 = DIRECTION('',(5.551115123126E-17,-0.866025403784,-0.5));
#995 = PCURVE('',#277,#996);
#996 = DEFINITIONAL_REPRESENTATION('',(#997),#1001);
#997 = LINE('',#998,#999);
#998 = CARTESIAN_POINT('',(7.382983113757E-17,-1.33));
#999 = VECTOR('',#1000,1.);
#1000 = DIRECTION('',(1.,0.));
#1001 = ( GEOMETRIC_REPRESENTATION_CONTEXT(2) 
PARAMETRIC_REPRESENTATION_CONTEXT() REPRESENTATION_CONTEXT('2D SPACE',''
  ) );
#1002 = PCURVE('',#900,#1003);
#1003 = DEFINITIONAL_REPRESENTATION('',(#1004),#1008);
#1004 = LINE('',#1005,#1006);
#1005 = CARTESIAN_POINT('',(-1.443375672974,0.));
#1006 = VECTOR('',#1007,1.);
#1007 = DIRECTION('',(0.5,-0.866025403784));
#1008 = ( GEOMETRIC_REPRESENTATION_CONTEXT(2) 
PARAMETRIC_REPRESENTATION_CONTEXT() REPRESENTATION_CONTEXT('2D SPACE',''
  ) );
#1009 = ORIENTED_EDGE('',*,*,#1010,.F.);
#1010 = EDGE_CURVE('',#234,#988,#1011,.T.);
#1011 = SURFACE_CURVE('',#1012,(#1016,#1023),.PCURVE_S1.);
#1012 = LINE('',#1013,#1014);
#1013 = CARTESIAN_POINT('',(78.03999995,-55.75,51.718187836487));
#1014 = VECTOR('',#1015,1.);
#1015 = DIRECTION('',(1.,0.,1.110223024625E-16));
#1016 = PCURVE('',#277,#1017);
#1017 = DEFINITIONAL_REPRESENTATION('',(#1018),#1022);
#1018 = LINE('',#1019,#1020);
#1019 = CARTESIAN_POINT('',(1.443375672974,8.012344526598E-17));
#1020 = VECTOR('',#1021,1.);
#1021 = DIRECTION('',(0.,-1.));
#1022 = ( GEOMETRIC_REPRESENTATION_CONTEXT(2) 
PARAMETRIC_REPRESENTATION_CONTEXT() REPRESENTATION_CONTEXT('2D SPACE',''
  ) );
#1023 = PCURVE('',#249,#1024);
#1024 = DEFINITIONAL_REPRESENTATION('',(#1025),#1029);
#1025 = LINE('',#1026,#1027);
#1026 = CARTESIAN_POINT('',(0.,0.));
#1027 = VECTOR('',#1028,1.);
#1028 = DIRECTION('',(0.,-1.));
#1029 = ( GEOMETRIC_REPRESENTATION_CONTEXT(2) 
PARAMETRIC_REPRESENTATION_CONTEXT() REPRESENTATION_CONTEXT('2D SPACE',''
  ) );
#1030 = ADVANCED_FACE('',(#1031),#249,.T.);
#1031 = FACE_BOUND('',#1032,.T.);
#1032 = EDGE_LOOP('',(#1033,#1034,#1035,#1058));
#1033 = ORIENTED_EDGE('',*,*,#233,.T.);
#1034 = ORIENTED_EDGE('',*,*,#1010,.T.);
#1035 = ORIENTED_EDGE('',*,*,#1036,.T.);
#1036 = EDGE_CURVE('',#988,#1037,#1039,.T.);
#1037 = VERTEX_POINT('',#1038);
#1038 = CARTESIAN_POINT('',(79.36999995,-55.75,50.274812163513));
#1039 = SURFACE_CURVE('',#1040,(#1044,#1051),.PCURVE_S1.);
#1040 = LINE('',#1041,#1042);
#1041 = CARTESIAN_POINT('',(79.36999995,-55.75,51.718187836487));
#1042 = VECTOR('',#1043,1.);
#1043 = DIRECTION('',(1.110223024625E-16,-4.615110447321E-16,-1.));
#1044 = PCURVE('',#249,#1045);
#1045 = DEFINITIONAL_REPRESENTATION('',(#1046),#1050);
#1046 = LINE('',#1047,#1048);
#1047 = CARTESIAN_POINT('',(1.476596622751E-16,-1.33));
#1048 = VECTOR('',#1049,1.);
#1049 = DIRECTION('',(1.,0.));
#1050 = ( GEOMETRIC_REPRESENTATION_CONTEXT(2) 
PARAMETRIC_REPRESENTATION_CONTEXT() REPRESENTATION_CONTEXT('2D SPACE',''
  ) );
#1051 = PCURVE('',#900,#1052);
#1052 = DEFINITIONAL_REPRESENTATION('',(#1053),#1057);
#1053 = LINE('',#1054,#1055);
#1054 = CARTESIAN_POINT('',(-0.721687836487,-1.25));
#1055 = VECTOR('',#1056,1.);
#1056 = DIRECTION('',(1.,-4.615110447321E-16));
#1057 = ( GEOMETRIC_REPRESENTATION_CONTEXT(2) 
PARAMETRIC_REPRESENTATION_CONTEXT() REPRESENTATION_CONTEXT('2D SPACE',''
  ) );
#1058 = ORIENTED_EDGE('',*,*,#1059,.F.);
#1059 = EDGE_CURVE('',#206,#1037,#1060,.T.);
#1060 = SURFACE_CURVE('',#1061,(#1065,#1072),.PCURVE_S1.);
#1061 = LINE('',#1062,#1063);
#1062 = CARTESIAN_POINT('',(78.03999995,-55.75,50.274812163513));
#1063 = VECTOR('',#1064,1.);
#1064 = DIRECTION('',(1.,0.,1.110223024625E-16));
#1065 = PCURVE('',#249,#1066);
#1066 = DEFINITIONAL_REPRESENTATION('',(#1067),#1071);
#1067 = LINE('',#1068,#1069);
#1068 = CARTESIAN_POINT('',(1.443375672974,1.60246890532E-16));
#1069 = VECTOR('',#1070,1.);
#1070 = DIRECTION('',(0.,-1.));
#1071 = ( GEOMETRIC_REPRESENTATION_CONTEXT(2) 
PARAMETRIC_REPRESENTATION_CONTEXT() REPRESENTATION_CONTEXT('2D SPACE',''
  ) );
#1072 = PCURVE('',#221,#1073);
#1073 = DEFINITIONAL_REPRESENTATION('',(#1074),#1078);
#1074 = LINE('',#1075,#1076);
#1075 = CARTESIAN_POINT('',(0.,0.));
#1076 = VECTOR('',#1077,1.);
#1077 = DIRECTION('',(0.,-1.));
#1078 = ( GEOMETRIC_REPRESENTATION_CONTEXT(2) 
PARAMETRIC_REPRESENTATION_CONTEXT() REPRESENTATION_CONTEXT('2D SPACE',''
  ) );
#1079 = ADVANCED_FACE('',(#1080),#221,.T.);
#1080 = FACE_BOUND('',#1081,.T.);
#1081 = EDGE_LOOP('',(#1082,#1083,#1084,#1107));
#1082 = ORIENTED_EDGE('',*,*,#205,.T.);
#1083 = ORIENTED_EDGE('',*,*,#1059,.T.);
#1084 = ORIENTED_EDGE('',*,*,#1085,.T.);
#1085 = EDGE_CURVE('',#1037,#1086,#1088,.T.);
#1086 = VERTEX_POINT('',#1087);
#1087 = CARTESIAN_POINT('',(79.36999995,-54.5,49.553124327026));
#1088 = SURFACE_CURVE('',#1089,(#1093,#1100),.PCURVE_S1.);
#1089 = LINE('',#1090,#1091);
#1090 = CARTESIAN_POINT('',(79.36999995,-55.75,50.274812163513));
#1091 = VECTOR('',#1092,1.);
#1092 = DIRECTION('',(5.551115123126E-17,0.866025403784,-0.5));
#1093 = PCURVE('',#221,#1094);
#1094 = DEFINITIONAL_REPRESENTATION('',(#1095),#1099);
#1095 = LINE('',#1096,#1097);
#1096 = CARTESIAN_POINT('',(7.382983113757E-17,-1.33));
#1097 = VECTOR('',#1098,1.);
#1098 = DIRECTION('',(1.,0.));
#1099 = ( GEOMETRIC_REPRESENTATION_CONTEXT(2) 
PARAMETRIC_REPRESENTATION_CONTEXT() REPRESENTATION_CONTEXT('2D SPACE',''
  ) );
#1100 = PCURVE('',#900,#1101);
#1101 = DEFINITIONAL_REPRESENTATION('',(#1102),#1106);
#1102 = LINE('',#1103,#1104);
#1103 = CARTESIAN_POINT('',(0.721687836487,-1.25));
#1104 = VECTOR('',#1105,1.);
#1105 = DIRECTION('',(0.5,0.866025403784));
#1106 = ( GEOMETRIC_REPRESENTATION_CONTEXT(2) 
PARAMETRIC_REPRESENTATION_CONTEXT() REPRESENTATION_CONTEXT('2D SPACE',''
  ) );
#1107 = ORIENTED_EDGE('',*,*,#1108,.F.);
#1108 = EDGE_CURVE('',#178,#1086,#1109,.T.);
#1109 = SURFACE_CURVE('',#1110,(#1114,#1121),.PCURVE_S1.);
#1110 = LINE('',#1111,#1112);
#1111 = CARTESIAN_POINT('',(78.03999995,-54.5,49.553124327026));
#1112 = VECTOR('',#1113,1.);
#1113 = DIRECTION('',(1.,0.,1.110223024625E-16));
#1114 = PCURVE('',#221,#1115);
#1115 = DEFINITIONAL_REPRESENTATION('',(#1116),#1120);
#1116 = LINE('',#1117,#1118);
#1117 = CARTESIAN_POINT('',(1.443375672974,8.012344526598E-17));
#1118 = VECTOR('',#1119,1.);
#1119 = DIRECTION('',(0.,-1.));
#1120 = ( GEOMETRIC_REPRESENTATION_CONTEXT(2) 
PARAMETRIC_REPRESENTATION_CONTEXT() REPRESENTATION_CONTEXT('2D SPACE',''
  ) );
#1121 = PCURVE('',#193,#1122);
#1122 = DEFINITIONAL_REPRESENTATION('',(#1123),#1127);
#1123 = LINE('',#1124,#1125);
#1124 = CARTESIAN_POINT('',(0.,0.));
#1125 = VECTOR('',#1126,1.);
#1126 = DIRECTION('',(0.,-1.));
#1127 = ( GEOMETRIC_REPRESENTATION_CONTEXT(2) 
PARAMETRIC_REPRESENTATION_CONTEXT() REPRESENTATION_CONTEXT('2D SPACE',''
  ) );
#1128 = ADVANCED_FACE('',(#1129),#193,.T.);
#1129 = FACE_BOUND('',#1130,.T.);
#1130 = EDGE_LOOP('',(#1131,#1132,#1133,#1154));
#1131 = ORIENTED_EDGE('',*,*,#177,.T.);
#1132 = ORIENTED_EDGE('',*,*,#1108,.T.);
#1133 = ORIENTED_EDGE('',*,*,#1134,.T.);
#1134 = EDGE_CURVE('',#1086,#862,#1135,.T.);
#1135 = SURFACE_CURVE('',#1136,(#1140,#1147),.PCURVE_S1.);
#1136 = LINE('',#1137,#1138);
#1137 = CARTESIAN_POINT('',(79.36999995,-54.5,49.553124327026));
#1138 = VECTOR('',#1139,1.);
#1139 = DIRECTION('',(-5.551115123126E-17,0.866025403784,0.5));
#1140 = PCURVE('',#193,#1141);
#1141 = DEFINITIONAL_REPRESENTATION('',(#1142),#1146);
#1142 = LINE('',#1143,#1144);
#1143 = CARTESIAN_POINT('',(-7.382983113757E-17,-1.33));
#1144 = VECTOR('',#1145,1.);
#1145 = DIRECTION('',(1.,0.));
#1146 = ( GEOMETRIC_REPRESENTATION_CONTEXT(2) 
PARAMETRIC_REPRESENTATION_CONTEXT() REPRESENTATION_CONTEXT('2D SPACE',''
  ) );
#1147 = PCURVE('',#900,#1148);
#1148 = DEFINITIONAL_REPRESENTATION('',(#1149),#1153);
#1149 = LINE('',#1150,#1151);
#1150 = CARTESIAN_POINT('',(1.443375672974,0.));
#1151 = VECTOR('',#1152,1.);
#1152 = DIRECTION('',(-0.5,0.866025403784));
#1153 = ( GEOMETRIC_REPRESENTATION_CONTEXT(2) 
PARAMETRIC_REPRESENTATION_CONTEXT() REPRESENTATION_CONTEXT('2D SPACE',''
  ) );
#1154 = ORIENTED_EDGE('',*,*,#861,.F.);
#1155 = ADVANCED_FACE('',(#1156),#364,.T.);
#1156 = FACE_BOUND('',#1157,.T.);
#1157 = EDGE_LOOP('',(#1158,#1639,#1667,#1832));
#1158 = ORIENTED_EDGE('',*,*,#1159,.T.);
#1159 = EDGE_CURVE('',#321,#1160,#1162,.T.);
#1160 = VERTEX_POINT('',#1161);
#1161 = CARTESIAN_POINT('',(81.505954396646,-54.5,49.0365));
#1162 = SURFACE_CURVE('',#1163,(#1222,#1284),.PCURVE_S1.);
#1163 = B_SPLINE_CURVE_WITH_KNOTS('',8,(#1164,#1165,#1166,#1167,#1168,
    #1169,#1170,#1171,#1172,#1173,#1174,#1175,#1176,#1177,#1178,#1179,
    #1180,#1181,#1182,#1183,#1184,#1185,#1186,#1187,#1188,#1189,#1190,
    #1191,#1192,#1193,#1194,#1195,#1196,#1197,#1198,#1199,#1200,#1201,
    #1202,#1203,#1204,#1205,#1206,#1207,#1208,#1209,#1210,#1211,#1212,
    #1213,#1214,#1215,#1216,#1217,#1218,#1219,#1220,#1221),
  .UNSPECIFIED.,.F.,.F.,(9,7,7,7,7,7,7,7,9),(0.,0.11736569562,
    0.226064736093,0.337425271873,0.534003407923,0.640971445914,
    0.765052950842,0.891864985146,1.),.UNSPECIFIED.);
#1164 = CARTESIAN_POINT('',(80.805954489487,-54.5,49.0365));
#1165 = CARTESIAN_POINT('',(80.816219864896,-54.31940622879,49.0365));
#1166 = CARTESIAN_POINT('',(80.826487584228,-54.13870880308,
    49.055517119929));
#1167 = CARTESIAN_POINT('',(80.836751069934,-53.96037832487,
    49.093588650518));
#1168 = CARTESIAN_POINT('',(80.847014950524,-53.78677658197,
    49.150331772064));
#1169 = CARTESIAN_POINT('',(80.857281856627,-53.62014187559,
    49.22503995617));
#1170 = CARTESIAN_POINT('',(80.86755168824,-53.4625852442,
    49.316717138524));
#1171 = CARTESIAN_POINT('',(80.877823991267,-53.31607272716,
    49.424070636667));
#1172 = CARTESIAN_POINT('',(80.897605795548,-53.05853801716,
    49.657931404642));
#1173 = CARTESIAN_POINT('',(80.907118439104,-52.94563507956,
    49.782514040693));
#1174 = CARTESIAN_POINT('',(80.916630209225,-52.84509477023,
    49.917900094604));
#1175 = CARTESIAN_POINT('',(80.926140003095,-52.75812576508,
    50.062642414258));
#1176 = CARTESIAN_POINT('',(80.935647417941,-52.68571064449,
    50.21517829563));
#1177 = CARTESIAN_POINT('',(80.945152751039,-52.62860589332,
    50.373829482788));
#1178 = CARTESIAN_POINT('',(80.954656999706,-52.58734190089,
    50.536802167895));
#1179 = CARTESIAN_POINT('',(80.973899449382,-52.53648898403,
    50.871621260853));
#1180 = CARTESIAN_POINT('',(80.983638458884,-52.52769086052,
    51.043696864885));
#1181 = CARTESIAN_POINT('',(80.993379048009,-52.53612399892,
    51.216332344957));
#1182 = CARTESIAN_POINT('',(81.003121167655,-52.56180919513,
    51.387503215234));
#1183 = CARTESIAN_POINT('',(81.012864561418,-52.60449263256,
    51.555241962395));
#1184 = CARTESIAN_POINT('',(81.022608765599,-52.66364588209,
    51.717638045627));
#1185 = CARTESIAN_POINT('',(81.032353109196,-52.73846590207,
    51.872837896631));
#1186 = CARTESIAN_POINT('',(81.059296520285,-52.98570367335,
    52.277135488729));
#1187 = CARTESIAN_POINT('',(81.07654305813,-53.18948738938,
    52.508083125238));
#1188 = CARTESIAN_POINT('',(81.093758011522,-53.43320800321,
    52.701099690624));
#1189 = CARTESIAN_POINT('',(81.110953653464,-53.70821452851,
    52.848736685707));
#1190 = CARTESIAN_POINT('',(81.128147794461,-54.00496049926,
    52.945510017375));
#1191 = CARTESIAN_POINT('',(81.145359066794,-54.31288340145,
    52.988300029839));
#1192 = CARTESIAN_POINT('',(81.162599790581,-54.62059521906,
    52.97603505407));
#1193 = CARTESIAN_POINT('',(81.189152399458,-55.07703850684,
    52.876851117698));
#1194 = CARTESIAN_POINT('',(81.198511840217,-55.23460475358,
    52.826429873087));
#1195 = CARTESIAN_POINT('',(81.207872106219,-55.38706593829,
    52.76095178164));
#1196 = CARTESIAN_POINT('',(81.2172320202,-55.53272880461,
    52.681031169525));
#1197 = CARTESIAN_POINT('',(81.226590846694,-55.6700299907,
    52.587484176653));
#1198 = CARTESIAN_POINT('',(81.235948292029,-55.79753602916,
    52.48132875668));
#1199 = CARTESIAN_POINT('',(81.24530450433,-55.91394334712,
    52.363784677005));
#1200 = CARTESIAN_POINT('',(81.265512409655,-56.13887339066,
    52.088362266905));
#1201 = CARTESIAN_POINT('',(81.276365606005,-56.24324959007,
    51.926895380398));
#1202 = CARTESIAN_POINT('',(81.28722011743,-56.32937538175,
    51.754173166834));
#1203 = CARTESIAN_POINT('',(81.29807610183,-56.39583441614,
    51.572621562818));
#1204 = CARTESIAN_POINT('',(81.308933420137,-56.4416254767,
    51.384792133969));
#1205 = CARTESIAN_POINT('',(81.31979163632,-56.46616247994,
    51.193362074923));
#1206 = CARTESIAN_POINT('',(81.330650017384,-56.46927447542,
    51.001134209335));
#1207 = CARTESIAN_POINT('',(81.352603979127,-56.43273919454,
    50.616756503602));
#1208 = CARTESIAN_POINT('',(81.363703870019,-56.39212190699,
    50.424453989277));
#1209 = CARTESIAN_POINT('',(81.374804523727,-56.32969425976,
    50.237257741578));
#1210 = CARTESIAN_POINT('',(81.385903961111,-56.24621224407,
    50.058071248116));
#1211 = CARTESIAN_POINT('',(81.397000906207,-56.14284736576,
    49.889573189441));
#1212 = CARTESIAN_POINT('',(81.408094786225,-56.02118664521,
    49.734217439035));
#1213 = CARTESIAN_POINT('',(81.419185731553,-55.88323261738,
    49.59423306332));
#1214 = CARTESIAN_POINT('',(81.439730242467,-55.60193563466,
    49.367073533752));
#1215 = CARTESIAN_POINT('',(81.449189464505,-55.46226385934,
    49.27504554218));
#1216 = CARTESIAN_POINT('',(81.458649138815,-55.31387845951,
    49.196749292187));
#1217 = CARTESIAN_POINT('',(81.468108686744,-55.15837954435,
    49.133146398235));
#1218 = CARTESIAN_POINT('',(81.477568839767,-54.9974574347,
    49.084955713742));
#1219 = CARTESIAN_POINT('',(81.48703042523,-54.83287321915,
    49.052657900817));
#1220 = CARTESIAN_POINT('',(81.496493152089,-54.66643931012,49.0365));
#1221 = CARTESIAN_POINT('',(81.505954396646,-54.5,49.0365));
#1222 = PCURVE('',#364,#1223);
#1223 = DEFINITIONAL_REPRESENTATION('',(#1224),#1283);
#1224 = B_SPLINE_CURVE_WITH_KNOTS('',8,(#1225,#1226,#1227,#1228,#1229,
    #1230,#1231,#1232,#1233,#1234,#1235,#1236,#1237,#1238,#1239,#1240,
    #1241,#1242,#1243,#1244,#1245,#1246,#1247,#1248,#1249,#1250,#1251,
    #1252,#1253,#1254,#1255,#1256,#1257,#1258,#1259,#1260,#1261,#1262,
    #1263,#1264,#1265,#1266,#1267,#1268,#1269,#1270,#1271,#1272,#1273,
    #1274,#1275,#1276,#1277,#1278,#1279,#1280,#1281,#1282),
  .UNSPECIFIED.,.F.,.F.,(9,7,7,7,7,7,7,7,9),(0.,0.11736569562,
    0.226064736093,0.337425271873,0.534003407923,0.640971445914,
    0.765052950842,0.891864985146,1.),.UNSPECIFIED.);
#1225 = CARTESIAN_POINT('',(0.,0.555954539487));
#1226 = CARTESIAN_POINT('',(9.213967918437E-02,0.566219914896));
#1227 = CARTESIAN_POINT('',(0.184332219645,0.576487634228));
#1228 = CARTESIAN_POINT('',(0.276509269798,0.586751119934));
#1229 = CARTESIAN_POINT('',(0.368662932577,0.597015000524));
#1230 = CARTESIAN_POINT('',(0.460805325608,0.607281906627));
#1231 = CARTESIAN_POINT('',(0.552952719574,0.61755173824));
#1232 = CARTESIAN_POINT('',(0.645113402939,0.627824041267));
#1233 = CARTESIAN_POINT('',(0.822599159222,0.647605845548));
#1234 = CARTESIAN_POINT('',(0.90795291532,0.657118489104));
#1235 = CARTESIAN_POINT('',(0.993311547625,0.666630259225));
#1236 = CARTESIAN_POINT('',(1.078669394799,0.676140053095));
#1237 = CARTESIAN_POINT('',(1.164023276099,0.685647467941));
#1238 = CARTESIAN_POINT('',(1.24937249137,0.695152801039));
#1239 = CARTESIAN_POINT('',(1.33471882105,0.704657049705));
#1240 = CARTESIAN_POINT('',(1.5075039693,0.723899499381));
#1241 = CARTESIAN_POINT('',(1.594951796018,0.733638508884));
#1242 = CARTESIAN_POINT('',(1.6824053055,0.743379098009));
#1243 = CARTESIAN_POINT('',(1.769860552516,0.753121217655));
#1244 = CARTESIAN_POINT('',(1.857314347438,0.762864611418));
#1245 = CARTESIAN_POINT('',(1.944764256232,0.772608815599));
#1246 = CARTESIAN_POINT('',(2.032208600459,0.782353159196));
#1247 = CARTESIAN_POINT('',(2.273995309809,0.809296570285));
#1248 = CARTESIAN_POINT('',(2.428760195655,0.82654310813));
#1249 = CARTESIAN_POINT('',(2.583260333827,0.843758061522));
#1250 = CARTESIAN_POINT('',(2.737627270595,0.860953703464));
#1251 = CARTESIAN_POINT('',(2.891991789321,0.878147844461));
#1252 = CARTESIAN_POINT('',(3.046487309013,0.895359116794));
#1253 = CARTESIAN_POINT('',(3.201230311124,0.912599840581));
#1254 = CARTESIAN_POINT('',(3.439544189945,0.939152449458));
#1255 = CARTESIAN_POINT('',(3.523544356322,0.948511890217));
#1256 = CARTESIAN_POINT('',(3.60755358552,0.957872156219));
#1257 = CARTESIAN_POINT('',(3.691564136546,0.9672320702));
#1258 = CARTESIAN_POINT('',(3.775571102728,0.976590896694));
#1259 = CARTESIAN_POINT('',(3.859572411712,0.985948342029));
#1260 = CARTESIAN_POINT('',(3.94356882546,0.99530455433));
#1261 = CARTESIAN_POINT('',(4.124997159059,1.015512459655));
#1262 = CARTESIAN_POINT('',(4.22244609462,1.026365656005));
#1263 = CARTESIAN_POINT('',(4.319905062694,1.03722016743));
#1264 = CARTESIAN_POINT('',(4.417368426186,1.04807615183));
#1265 = CARTESIAN_POINT('',(4.51483059516,1.058933470137));
#1266 = CARTESIAN_POINT('',(4.612286026831,1.06979168632));
#1267 = CARTESIAN_POINT('',(4.709729225571,1.080650067384));
#1268 = CARTESIAN_POINT('',(4.906724199718,1.102604029127));
#1269 = CARTESIAN_POINT('',(5.006311670824,1.113703920019));
#1270 = CARTESIAN_POINT('',(5.105910107437,1.124804573727));
#1271 = CARTESIAN_POINT('',(5.205513054255,1.135904011111));
#1272 = CARTESIAN_POINT('',(5.305114649462,1.147000956207));
#1273 = CARTESIAN_POINT('',(5.404709624724,1.158094836225));
#1274 = CARTESIAN_POINT('',(5.504293305192,1.169185781553));
#1275 = CARTESIAN_POINT('',(5.688765381645,1.189730292467));
#1276 = CARTESIAN_POINT('',(5.773705031138,1.199189514505));
#1277 = CARTESIAN_POINT('',(5.858636073597,1.208649188815));
#1278 = CARTESIAN_POINT('',(5.943547199074,1.218108736744));
#1279 = CARTESIAN_POINT('',(6.028447019728,1.227568889767));
#1280 = CARTESIAN_POINT('',(6.113350817507,1.23703047523));
#1281 = CARTESIAN_POINT('',(6.198267291812,1.246493202089));
#1282 = CARTESIAN_POINT('',(6.28318530718,1.255954446646));
#1283 = ( GEOMETRIC_REPRESENTATION_CONTEXT(2) 
PARAMETRIC_REPRESENTATION_CONTEXT() REPRESENTATION_CONTEXT('2D SPACE',''
  ) );
#1284 = PCURVE('',#1285,#1578);
#1285 = B_SPLINE_SURFACE_WITH_KNOTS('',1,10,(
    (#1286,#1287,#1288,#1289,#1290,#1291,#1292,#1293,#1294,#1295,#1296
      ,#1297,#1298,#1299,#1300,#1301,#1302,#1303,#1304,#1305,#1306,#1307
      ,#1308,#1309,#1310,#1311,#1312,#1313,#1314,#1315,#1316,#1317,#1318
      ,#1319,#1320,#1321,#1322,#1323,#1324,#1325,#1326,#1327,#1328,#1329
      ,#1330,#1331,#1332,#1333,#1334,#1335,#1336,#1337,#1338,#1339,#1340
      ,#1341,#1342,#1343,#1344,#1345,#1346,#1347,#1348,#1349,#1350,#1351
      ,#1352,#1353,#1354,#1355,#1356,#1357,#1358,#1359,#1360,#1361,#1362
      ,#1363,#1364,#1365,#1366,#1367,#1368,#1369,#1370,#1371,#1372,#1373
      ,#1374,#1375,#1376,#1377,#1378,#1379,#1380,#1381,#1382,#1383,#1384
      ,#1385,#1386,#1387,#1388,#1389,#1390,#1391,#1392,#1393,#1394,#1395
      ,#1396,#1397,#1398,#1399,#1400,#1401,#1402,#1403,#1404,#1405,#1406
      ,#1407,#1408,#1409,#1410,#1411,#1412,#1413,#1414,#1415,#1416,#1417
      ,#1418,#1419,#1420,#1421,#1422,#1423,#1424,#1425,#1426,#1427,#1428
      ,#1429,#1430,#1431)
    ,(#1432,#1433,#1434,#1435,#1436,#1437,#1438,#1439,#1440,#1441,#1442
      ,#1443,#1444,#1445,#1446,#1447,#1448,#1449,#1450,#1451,#1452,#1453
      ,#1454,#1455,#1456,#1457,#1458,#1459,#1460,#1461,#1462,#1463,#1464
      ,#1465,#1466,#1467,#1468,#1469,#1470,#1471,#1472,#1473,#1474,#1475
      ,#1476,#1477,#1478,#1479,#1480,#1481,#1482,#1483,#1484,#1485,#1486
      ,#1487,#1488,#1489,#1490,#1491,#1492,#1493,#1494,#1495,#1496,#1497
      ,#1498,#1499,#1500,#1501,#1502,#1503,#1504,#1505,#1506,#1507,#1508
      ,#1509,#1510,#1511,#1512,#1513,#1514,#1515,#1516,#1517,#1518,#1519
      ,#1520,#1521,#1522,#1523,#1524,#1525,#1526,#1527,#1528,#1529,#1530
      ,#1531,#1532,#1533,#1534,#1535,#1536,#1537,#1538,#1539,#1540,#1541
      ,#1542,#1543,#1544,#1545,#1546,#1547,#1548,#1549,#1550,#1551,#1552
      ,#1553,#1554,#1555,#1556,#1557,#1558,#1559,#1560,#1561,#1562,#1563
      ,#1564,#1565,#1566,#1567,#1568,#1569,#1570,#1571,#1572,#1573,#1574
      ,#1575,#1576,#1577
    )),.UNSPECIFIED.,.F.,.F.,.F.,(2,2),(11,9,9,9,9,9,9,9,9,9,9,9,9,9,9,9
    ,11),(0.,0.598889910268),(0.,6.378504966297,12.757009932594,
    19.13551489889,25.514019865187,31.892524831484,38.271029797781,
    44.649534764078,51.028039730375,57.406544696672,63.785049662968,
    70.163554629265,76.542059595562,82.920564561859,89.299069528156,
    95.677574494453,102.05607946074),.UNSPECIFIED.);
#1286 = CARTESIAN_POINT('',(80.59999995,-54.5,49.4259045));
#1287 = CARTESIAN_POINT('',(80.670614980173,-53.50435552067,
    49.425904501408));
#1288 = CARTESIAN_POINT('',(80.741277453771,-52.50782902749,
    50.127063620539));
#1289 = CARTESIAN_POINT('',(80.811826344558,-52.07408137883,
    51.530931865918));
#1290 = CARTESIAN_POINT('',(80.882540077836,-52.72365910291,
    53.125320860281));
#1291 = CARTESIAN_POINT('',(80.953121098769,-54.58257167951,
    53.939468887087));
#1292 = CARTESIAN_POINT('',(81.023713362741,-56.3929107586,
    53.022371446038));
#1293 = CARTESIAN_POINT('',(81.094417205507,-56.95206781742,
    51.39406863817));
#1294 = CARTESIAN_POINT('',(81.164973701302,-56.44028734001,
    50.016729319932));
#1295 = CARTESIAN_POINT('',(81.235631130848,-55.40601394104,
    49.372549072541));
#1296 = CARTESIAN_POINT('',(81.376866839574,-53.41785796617,
    49.484201585639));
#1297 = CARTESIAN_POINT('',(81.447524612618,-52.46221323448,
    50.240133298154));
#1298 = CARTESIAN_POINT('',(81.518079865706,-52.1078638294,
    51.666113477579));
#1299 = CARTESIAN_POINT('',(81.588786508176,-52.84581735265,
    53.221572029611));
#1300 = CARTESIAN_POINT('',(81.659374050981,-54.74745552677,
    53.930209246614));
#1301 = CARTESIAN_POINT('',(81.729961401776,-56.50352426753,
    52.913048006093));
#1302 = CARTESIAN_POINT('',(81.800668213153,-56.9705021692,
    51.255954658507));
#1303 = CARTESIAN_POINT('',(81.871223336369,-56.38229870835,
    49.90947789844));
#1304 = CARTESIAN_POINT('',(81.941881195548,-55.31353296236,
    49.324303241422));
#1305 = CARTESIAN_POINT('',(82.083116807823,-53.33476512553,
    49.547256898335));
#1306 = CARTESIAN_POINT('',(82.153774661133,-52.4230092335,
    50.355582818617));
#1307 = CARTESIAN_POINT('',(82.224329805578,-52.14917262588,
    51.799188196141));
#1308 = CARTESIAN_POINT('',(82.295036569132,-52.97318047521,
    53.310822341074));
#1309 = CARTESIAN_POINT('',(82.365624000568,-54.91156062014,
    53.911719036802));
#1310 = CARTESIAN_POINT('',(82.436211435261,-56.60783405897,
    52.797694420103));
#1311 = CARTESIAN_POINT('',(82.506918195947,-56.98116335006,
    51.117024326663));
#1312 = CARTESIAN_POINT('',(82.5774733426,-56.31838768925,
    49.805646654926));
#1313 = CARTESIAN_POINT('',(82.648131194444,-55.21849230434,
    49.281318759199));
#1314 = CARTESIAN_POINT('',(82.789366808363,-53.2553385467,
    49.61487206637));
#1315 = CARTESIAN_POINT('',(82.860024660314,-52.39034021113,
    50.473048901081));
#1316 = CARTESIAN_POINT('',(82.930579806586,-52.19787799841,
    51.929737361376));
#1317 = CARTESIAN_POINT('',(83.00128656812,-53.10534753341,
    53.392790937523));
#1318 = CARTESIAN_POINT('',(83.071874001396,-55.07437079438,
    53.884056469961));
#1319 = CARTESIAN_POINT('',(83.142461434717,-56.70551182276,
    52.6766736097));
#1320 = CARTESIAN_POINT('',(83.213168196223,-56.98401787405,
    50.977714780897));
#1321 = CARTESIAN_POINT('',(83.283723342502,-56.24875534939,
    49.705562276537));
#1322 = CARTESIAN_POINT('',(83.354381194461,-55.12119100377,
    49.243730871727));
#1323 = CARTESIAN_POINT('',(83.495616808354,-53.17982813326,
    49.686834347031));
#1324 = CARTESIAN_POINT('',(83.566274660329,-52.36430895901,
    50.592161954369));
#1325 = CARTESIAN_POINT('',(83.636829806564,-52.2538266984,
    52.057350216596));
#1326 = CARTESIAN_POINT('',(83.707536568148,-53.24190268431,
    53.467219916151));
#1327 = CARTESIAN_POINT('',(83.778124001366,-55.23537378556,
    53.847308582163));
#1328 = CARTESIAN_POINT('',(83.848711434743,-56.79625023042,
    52.550366351523));
#1329 = CARTESIAN_POINT('',(83.919418196206,-56.97905675879,
    50.838464340377));
#1330 = CARTESIAN_POINT('',(83.98997334251,-56.17362077823,
    49.609539665828));
#1331 = CARTESIAN_POINT('',(84.060631194458,-55.02193520649,
    49.211657844396));
#1332 = CARTESIAN_POINT('',(84.201866808358,-53.10847146892,
    49.762917320366));
#1333 = CARTESIAN_POINT('',(84.272524660312,-52.34499738103,
    50.712547204737));
#1334 = CARTESIAN_POINT('',(84.3430798066,-52.3168426906,52.181625244565
    ));
#1335 = CARTESIAN_POINT('',(84.41378656809,-53.38241627481,
    53.533875095836));
#1336 = CARTESIAN_POINT('',(84.484374001434,-55.39406301876,
    53.801590995877));
#1337 = CARTESIAN_POINT('',(84.554961434683,-56.87976378531,
    52.419170054923));
#1338 = CARTESIAN_POINT('',(84.625668196245,-56.96629561382,
    50.699711138512));
#1339 = CARTESIAN_POINT('',(84.696223342492,-56.09322037692,
    49.517880945455));
#1340 = CARTESIAN_POINT('',(84.766881194463,-54.92103720795,
    49.185200590813));
#1341 = CARTESIAN_POINT('',(84.908116808355,-53.04149306815,
    49.842881601193));
#1342 = CARTESIAN_POINT('',(84.978774660321,-52.33246623856,
    50.833825875653));
#1343 = CARTESIAN_POINT('',(85.049329806584,-52.38672770338,
    52.302171430055));
#1344 = CARTESIAN_POINT('',(85.120036568116,-53.52644619718,
    53.592546754737));
#1345 = CARTESIAN_POINT('',(85.190624001404,-55.54993919893,
    53.747047555529));
#1346 = CARTESIAN_POINT('',(85.26121143471,-56.95578972291,
    52.283497511995));
#1347 = CARTESIAN_POINT('',(85.331918196228,-56.9457745904,
    50.561891744206));
#1348 = CARTESIAN_POINT('',(85.4024733425,-56.00780711486,
    49.430874507664));
#1349 = CARTESIAN_POINT('',(85.473131194461,-54.81881447058,
    49.164442355289));
#1350 = CARTESIAN_POINT('',(85.614366808356,-52.97910366979,
    49.9264755923));
#1351 = CARTESIAN_POINT('',(85.68502466032,-52.32675495921,
    50.955616379549));
#1352 = CARTESIAN_POINT('',(85.755579806582,-52.46326185265,
    52.418609490173));
#1353 = CARTESIAN_POINT('',(85.82628656812,-53.67353927998,
    53.643050290104));
#1354 = CARTESIAN_POINT('',(85.896874001397,-55.70251188193,
    53.683849874965));
#1355 = CARTESIAN_POINT('',(85.967461434717,-57.02408883749,
    52.143775598754));
#1356 = CARTESIAN_POINT('',(86.038168196222,-56.91755825527,
    50.425439788261));
#1357 = CARTESIAN_POINT('',(86.108723342503,-55.91764973379,
    49.348794106899));
#1358 = CARTESIAN_POINT('',(86.17938119446,-54.71558862494,
    49.149448450911));
#1359 = CARTESIAN_POINT('',(86.320616808357,-52.92149957396,
    50.013436276064));
#1360 = CARTESIAN_POINT('',(86.391274660317,-52.32788151279,
    51.077535518439));
#1361 = CARTESIAN_POINT('',(86.46182980659,-52.54620433365,
    52.530573067708));
#1362 = CARTESIAN_POINT('',(86.532536568106,-53.82323271398,
    53.685226799127));
#1363 = CARTESIAN_POINT('',(86.603124001416,-55.85130101767,
    53.612196797472));
#1364 = CARTESIAN_POINT('',(86.673711434699,-57.08444623476,
    52.000443932027));
#1365 = CARTESIAN_POINT('',(86.744418196235,-56.88173538746,
    50.290784599015));
#1366 = CARTESIAN_POINT('',(86.814973342497,-55.82303190218,
    49.271897998465));
#1367 = CARTESIAN_POINT('',(86.885631194461,-54.61168445773,
    49.140266054049));
#1368 = CARTESIAN_POINT('',(87.026866808356,-52.86886202447,
    50.103490042003));
#1369 = CARTESIAN_POINT('',(87.097524660315,-52.33584235474,
    51.199199689607));
#1370 = CARTESIAN_POINT('',(87.168079806596,-52.63529417866,
    52.637709883819));
#1371 = CARTESIAN_POINT('',(87.238786568096,-53.97505550823,
    53.718943578908));
#1372 = CARTESIAN_POINT('',(87.309374001428,-55.99583846048,
    53.532313770139));
#1373 = CARTESIAN_POINT('',(87.379961434689,-57.13667200803,
    51.853953486266));
#1374 = CARTESIAN_POINT('',(87.45066819624,-56.83841869896,
    50.158349851509));
#1375 = CARTESIAN_POINT('',(87.521223342496,-55.72425132273,
    49.20042812597));
#1376 = CARTESIAN_POINT('',(87.591881194461,-54.50742888989,
    49.136924055922));
#1377 = CARTESIAN_POINT('',(87.733116808359,-52.8213566385,
    50.196353547652));
#1378 = CARTESIAN_POINT('',(87.803774660303,-52.35061243729,
    51.320226092561));
#1379 = CARTESIAN_POINT('',(87.874329806625,-52.73025107805,
    52.739682846445));
#1380 = CARTESIAN_POINT('',(87.945036568052,-54.12852997207,
    53.744094543982));
#1381 = CARTESIAN_POINT('',(88.015624001479,-56.13566944207,
    53.444452134526));
#1382 = CARTESIAN_POINT('',(88.086211434645,-57.18060183569,
    51.704765174609));
#1383 = CARTESIAN_POINT('',(88.15691819627,-56.7877444801,
    50.028552234457));
#1384 = CARTESIAN_POINT('',(88.227473342482,-55.62161879569,
    49.134609360072));
#1385 = CARTESIAN_POINT('',(88.298131194465,-54.40314994801,
    49.139432971691));
#1386 = CARTESIAN_POINT('',(88.439366808355,-52.77913288559,
    50.291734610065));
#1387 = CARTESIAN_POINT('',(88.510024660318,-52.37214528832,
    51.440233933462));
#1388 = CARTESIAN_POINT('',(88.580579806591,-52.83077626229,
    52.836171110919));
#1389 = CARTESIAN_POINT('',(88.651286568103,-54.28317321805,
    53.760600560112));
#1390 = CARTESIAN_POINT('',(88.721874001418,-56.27035400247,
    53.348888335839));
#1391 = CARTESIAN_POINT('',(88.792461434698,-57.21609749824,
    51.553348398682));
#1392 = CARTESIAN_POINT('',(88.863168196234,-56.72987217073,
    49.901800139182));
#1393 = CARTESIAN_POINT('',(88.933723342498,-55.51545724095,
    49.074648790961));
#1394 = CARTESIAN_POINT('',(89.004381194461,-54.29917573223,
    49.147784907381));
#1395 = CARTESIAN_POINT('',(89.145616808357,-52.74232361728,
    50.389333125133));
#1396 = CARTESIAN_POINT('',(89.216274660315,-52.4003731575,
    51.55884562324));
#1397 = CARTESIAN_POINT('',(89.286829806596,-52.93655344196,
    52.926871089469));
#1398 = CARTESIAN_POINT('',(89.357536568098,-54.4384986813,
    53.768409693256));
#1399 = CARTESIAN_POINT('',(89.428124001423,-56.39946837421,
    53.245923053151));
#1400 = CARTESIAN_POINT('',(89.498711434696,-57.2430473132,
    51.400179571677));
#1401 = CARTESIAN_POINT('',(89.569418196231,-56.66498385853,
    49.778492374668));
#1402 = CARTESIAN_POINT('',(89.639973342504,-55.40610068206,
    49.02073507677));
#1403 = CARTESIAN_POINT('',(89.710631194454,-54.1958333839,
    49.161953584711));
#1404 = CARTESIAN_POINT('',(89.851866808373,-52.71104464915,
    50.488842011818));
#1405 = CARTESIAN_POINT('',(89.922524660219,-52.43520722951,
    51.675687965647));
#1406 = CARTESIAN_POINT('',(89.993079806864,-53.04724980294,
    53.011497406385));
#1407 = CARTESIAN_POINT('',(90.06378656757,-54.59401765044,
    53.76749737303));
#1408 = CARTESIAN_POINT('',(90.134374002227,-56.52260631572,
    53.135880253286));
#1409 = CARTESIAN_POINT('',(90.204961433711,-57.26136648646,
    51.245740619446));
#1410 = CARTESIAN_POINT('',(90.275668197217,-56.59328370617,
    49.659016912712));
#1411 = CARTESIAN_POINT('',(90.346223341698,-55.29389319517,
    48.973037850032));
#1412 = CARTESIAN_POINT('',(90.416881194988,-54.09344805628,
    49.181894423752));
#1413 = CARTESIAN_POINT('',(90.558116807282,-52.68539439637,
    50.589948178407));
#1414 = CARTESIAN_POINT('',(90.628774666397,-52.47653790364,
    51.790393331115));
#1415 = CARTESIAN_POINT('',(90.699329789774,-53.16251705305,
    53.089783796876));
#1416 = CARTESIAN_POINT('',(90.770036600878,-54.74924080614,
    53.757866468165));
#1417 = CARTESIAN_POINT('',(90.840623952018,-56.63938038817,
    53.019106174253));
#1418 = CARTESIAN_POINT('',(90.911211494492,-57.27099738073,
    51.090517460872));
#1419 = CARTESIAN_POINT('',(90.981918137204,-56.51499730727,
    49.543749670468));
#1420 = CARTESIAN_POINT('',(91.052473390161,-55.17918782785,
    48.931707181325));
#1421 = CARTESIAN_POINT('',(91.123131163251,-53.99234189066,
    49.207544684914));
#1422 = CARTESIAN_POINT('',(91.264366871967,-52.66545356585,
    50.692333504097));
#1423 = CARTESIAN_POINT('',(91.335024301511,-52.52423512859,
    51.902600833288));
#1424 = CARTESIAN_POINT('',(91.40558079733,-53.28199254567,
    53.161483890087));
#1425 = CARTESIAN_POINT('',(91.476284640038,-54.9036797068,
    53.739547384004));
#1426 = CARTESIAN_POINT('',(91.5468769041,-56.74942325558,
    52.895968075527));
#1427 = CARTESIAN_POINT('',(91.617457924931,-57.27190959877,
    50.934998672823));
#1428 = CARTESIAN_POINT('',(91.688171658295,-56.4303710734,
    49.433053136493));
#1429 = CARTESIAN_POINT('',(91.758720549027,-55.06234541007,
    48.896873261366));
#1430 = CARTESIAN_POINT('',(91.829383022653,-53.89283305388,
    49.238823565376));
#1431 = CARTESIAN_POINT('',(91.899998052815,-53.27205892598,
    50.017249805527));
#1432 = CARTESIAN_POINT('',(80.87999995,-54.5,48.8965));
#1433 = CARTESIAN_POINT('',(80.950627271779,-53.16875032273,
    48.896506500565));
#1434 = CARTESIAN_POINT('',(81.021243544886,-51.83633154481,
    49.83398092435));
#1435 = CARTESIAN_POINT('',(81.091886269347,-51.25635413149,
    51.711113727924));
#1436 = CARTESIAN_POINT('',(81.16249060481,-52.12492267563,
    53.842836144372));
#1437 = CARTESIAN_POINT('',(81.233125847168,-54.61040210768,
    54.931496580489));
#1438 = CARTESIAN_POINT('',(81.303758470169,-57.03094251586,
    53.705234282833));
#1439 = CARTESIAN_POINT('',(81.374365109708,-57.77860774451,
    51.528059762937));
#1440 = CARTESIAN_POINT('',(81.44500606273,-57.09429686042,
    49.686491109208));
#1441 = CARTESIAN_POINT('',(81.515623510614,-55.71140726199,
    48.825155907392));
#1442 = CARTESIAN_POINT('',(81.656876838754,-53.05309695658,
    48.974452729473));
#1443 = CARTESIAN_POINT('',(81.727494206545,-51.77533916631,
    49.985164718636));
#1444 = CARTESIAN_POINT('',(81.798135449329,-51.30152552083,
    51.891859883698));
#1445 = CARTESIAN_POINT('',(81.868741436125,-52.28825463159,
    53.971532309737));
#1446 = CARTESIAN_POINT('',(81.939375159648,-54.83086529454,
    54.91911387974));
#1447 = CARTESIAN_POINT('',(82.010008926844,-57.17884091633,
    53.559063144369));
#1448 = CARTESIAN_POINT('',(82.080614875045,-57.80325463105,
    51.343389860601));
#1449 = CARTESIAN_POINT('',(82.151256147717,-57.01676278551,
    49.543088848576));
#1450 = CARTESIAN_POINT('',(82.221873495546,-55.58775325665,
    48.760647644097));
#1451 = CARTESIAN_POINT('',(82.363126846149,-52.94199610952,
    49.058762305358));
#1452 = CARTESIAN_POINT('',(82.433744195246,-51.72291953784,
    50.139528655949));
#1453 = CARTESIAN_POINT('',(82.504385463332,-51.35676054499,
    52.069791250759));
#1454 = CARTESIAN_POINT('',(82.574991421929,-52.45854550528,
    54.090865545766));
#1455 = CARTESIAN_POINT('',(82.645625171389,-55.05028749933,
    54.89439115037));
#1456 = CARTESIAN_POINT('',(82.716258919045,-57.31831066393,
    53.404827928393));
#1457 = CARTESIAN_POINT('',(82.786864879053,-57.81750827097,
    51.157629185416));
#1458 = CARTESIAN_POINT('',(82.857506146265,-56.93131003849,
    49.40425931413));
#1459 = CARTESIAN_POINT('',(82.928123495804,-55.46067677806,
    48.703174242583));
#1460 = CARTESIAN_POINT('',(83.069376846022,-52.83579731865,
    49.149168699782));
#1461 = CARTESIAN_POINT('',(83.139994195439,-51.67923763263,
    50.296588974461));
#1462 = CARTESIAN_POINT('',(83.210635463092,-51.42188536249,
    52.244345606436));
#1463 = CARTESIAN_POINT('',(83.281241422173,-52.63525955095,
    54.20046280356));
#1464 = CARTESIAN_POINT('',(83.351875171186,-55.26797829534,
    54.857404179805));
#1465 = CARTESIAN_POINT('',(83.42250891918,-57.44891296398,
    53.243015244046));
#1466 = CARTESIAN_POINT('',(83.493114878984,-57.82132380225,
    50.97136152675));
#1467 = CARTESIAN_POINT('',(83.56375614629,-56.83820749069,
    49.270439562101));
#1468 = CARTESIAN_POINT('',(83.634373495799,-55.3305776549,
    48.652916491615));
#1469 = CARTESIAN_POINT('',(83.775626846025,-52.73483472511,
    49.245387482283));
#1470 = CARTESIAN_POINT('',(83.846244195435,-51.6444308894,
    50.455851471453));
#1471 = CARTESIAN_POINT('',(83.916885463097,-51.49669506744,
    52.414973778853));
#1472 = CARTESIAN_POINT('',(83.987491422169,-52.81784075995,
    54.299979208341));
#1473 = CARTESIAN_POINT('',(84.058125171188,-55.48325274753,
    54.808269376854));
#1474 = CARTESIAN_POINT('',(84.128758919179,-57.57023689284,
    53.07413419124));
#1475 = CARTESIAN_POINT('',(84.199364878984,-57.81468922009,
    50.785172963211));
#1476 = CARTESIAN_POINT('',(84.27000614629,-56.73774807707,
    49.14205063472));
#1477 = CARTESIAN_POINT('',(84.3406234958,-55.19786522716,
    48.610032521421));
#1478 = CARTESIAN_POINT('',(84.481876846024,-52.63942599458,
    49.347115912606));
#1479 = CARTESIAN_POINT('',(84.552494195436,-51.61860882304,
    50.616815048754));
#1480 = CARTESIAN_POINT('',(84.623135463097,-51.58095428083,
    52.581138907949));
#1481 = CARTESIAN_POINT('',(84.693741422166,-53.00571466426,
    54.389101645396));
#1482 = CARTESIAN_POINT('',(84.764375171193,-55.69543352278,
    54.747141337191));
#1483 = CARTESIAN_POINT('',(84.835008919175,-57.68190072059,
    52.898716132644));
#1484 = CARTESIAN_POINT('',(84.905614878986,-57.79762539931,
    50.599649312697));
#1485 = CARTESIAN_POINT('',(84.97625614629,-56.63024788012,
    49.019496491132));
#1486 = CARTESIAN_POINT('',(85.046873495799,-55.06295705722,
    48.574657260818));
#1487 = CARTESIAN_POINT('',(85.188126846024,-52.54987131822,
    49.454033915485));
#1488 = CARTESIAN_POINT('',(85.258744195436,-51.60185267935,
    50.778973255371));
#1489 = CARTESIAN_POINT('',(85.329385463095,-51.674397892,
    52.742318176803));
#1490 = CARTESIAN_POINT('',(85.39999142217,-53.19829014306,
    54.467549702501));
#1491 = CARTESIAN_POINT('',(85.470625171188,-55.90385302193,
    54.674212392313));
#1492 = CARTESIAN_POINT('',(85.541258919179,-57.78355311145,
    52.717312998312));
#1493 = CARTESIAN_POINT('',(85.611864878984,-57.77018602904,
    50.415374301285));
#1494 = CARTESIAN_POINT('',(85.68250614629,-56.51604513521,
    48.903162731994));
#1495 = CARTESIAN_POINT('',(85.753123495799,-54.92627761611,
    48.546902013472));
#1496 = CARTESIAN_POINT('',(85.894376846024,-52.46645246817,
    49.565805087321));
#1497 = CARTESIAN_POINT('',(85.964994195437,-51.59421517933,
    50.941815881607));
#1498 = CARTESIAN_POINT('',(86.035635463094,-51.77673189277,
    52.898004455775));
#1499 = CARTESIAN_POINT('',(86.106241422172,-53.39496128265,
    54.535076553089));
#1500 = CARTESIAN_POINT('',(86.176875171186,-56.10785548009,
    54.589712003612));
#1501 = CARTESIAN_POINT('',(86.247508919181,-57.87487422943,
    52.53049554966));
#1502 = CARTESIAN_POINT('',(86.318114878982,-57.73245744367,
    50.23292772631));
#1503 = CARTESIAN_POINT('',(86.388756146291,-56.39549916644,
    48.793415386364));
#1504 = CARTESIAN_POINT('',(86.459373495799,-54.78825694791,
    48.526854107654));
#1505 = CARTESIAN_POINT('',(86.600626846024,-52.38943191099,
    49.682077754659));
#1506 = CARTESIAN_POINT('',(86.671244195436,-51.5957203534,
    51.104830564312));
#1507 = CARTESIAN_POINT('',(86.741885463096,-51.88763430252,
    53.047707898237));
#1508 = CARTESIAN_POINT('',(86.812491422169,-53.59510928289,
    54.591469732699));
#1509 = CARTESIAN_POINT('',(86.88312517119,-56.30679903005,
    54.493906040583));
#1510 = CARTESIAN_POINT('',(86.953758919178,-57.95557674451,
    52.338851583492));
#1511 = CARTESIAN_POINT('',(87.024364878985,-57.68455835127,
    50.052883632198));
#1512 = CARTESIAN_POINT('',(87.09500614629,-56.26898925604,
    48.690599759995));
#1513 = CARTESIAN_POINT('',(87.165623495799,-54.64932931671,
    48.514576621494));
#1514 = CARTESIAN_POINT('',(87.306876846024,-52.31905198186,
    49.802486080671));
#1515 = CARTESIAN_POINT('',(87.377494195436,-51.60636346571,
    51.267504398982));
#1516 = CARTESIAN_POINT('',(87.448135463096,-52.00675618123,
    53.19095748178));
#1517 = CARTESIAN_POINT('',(87.518741422168,-53.79810440409,
    54.636551807513));
#1518 = CARTESIAN_POINT('',(87.58937517119,-56.50005772181,
    54.387095944239));
#1519 = CARTESIAN_POINT('',(87.660008919177,-58.02540673671,
    52.142984082613));
#1520 = CARTESIAN_POINT('',(87.730614878985,-57.62663946013,
    49.875808504287));
#1521 = CARTESIAN_POINT('',(87.80125614629,-56.13691345096,
    48.595039348879));
#1522 = CARTESIAN_POINT('',(87.871873495799,-54.50993184023,
    48.510108184507));
#1523 = CARTESIAN_POINT('',(88.013126846024,-52.25553412206,
    49.926651216214));
#1524 = CARTESIAN_POINT('',(88.083744195436,-51.62611102911,
    51.429325553558));
#1525 = CARTESIAN_POINT('',(88.154385463098,-52.1337227274,53.3273024902
    ));
#1526 = CARTESIAN_POINT('',(88.224991422164,-54.00330794853,
    54.670180932674));
#1527 = CARTESIAN_POINT('',(88.295625171195,-56.68702349201,
    54.269617778634));
#1528 = CARTESIAN_POINT('',(88.366258919174,-58.08414449506,
    51.943509318668));
#1529 = CARTESIAN_POINT('',(88.436864878986,-57.55888300449,
    49.702259486429));
#1530 = CARTESIAN_POINT('',(88.50750614629,-55.99968731058,
    48.507034821431));
#1531 = CARTESIAN_POINT('',(88.578123495799,-54.3705031145,
    48.513462856045));
#1532 = CARTESIAN_POINT('',(88.719376846024,-52.19907818229,
    50.05418249184));
#1533 = CARTESIAN_POINT('',(88.789994195437,-51.65490091044,
    51.589784878797));
#1534 = CARTESIAN_POINT('',(88.860635463095,-52.26813445733,
    53.456313931703));
#1535 = CARTESIAN_POINT('',(88.931241422171,-54.21007426989,
    54.692251298444));
#1536 = CARTESIAN_POINT('',(89.001875171187,-56.86710807723,
    54.141841173606));
#1537 = CARTESIAN_POINT('',(89.07250891918,-58.13160520878,
    51.741054913013));
#1538 = CARTESIAN_POINT('',(89.143114878983,-57.48150217128,
    49.53278262807));
#1539 = CARTESIAN_POINT('',(89.213756146291,-55.85774259907,
    48.426863072439));
#1540 = CARTESIAN_POINT('',(89.284373495799,-54.23148183389,
    48.524630081078));
#1541 = CARTESIAN_POINT('',(89.425626846025,-52.14986179382,
    50.184678646968));
#1542 = CARTESIAN_POINT('',(89.496244195435,-51.69264252609,
    51.748377510322));
#1543 = CARTESIAN_POINT('',(89.566885463099,-52.40956846195,
    53.577585888517));
#1544 = CARTESIAN_POINT('',(89.637491422162,-54.41775280488,
    54.702693463354));
#1545 = CARTESIAN_POINT('',(89.708125171198,-57.03974486467,
    54.004168161563));
#1546 = CARTESIAN_POINT('',(89.778758919169,-58.16763954897,
    51.536257862154));
#1547 = CARTESIAN_POINT('',(89.849364878991,-57.39474042917,
    49.36791116608));
#1548 = CARTESIAN_POINT('',(89.920006146286,-55.71152592704,
    48.354776351896));
#1549 = CARTESIAN_POINT('',(89.990623495802,-54.09330541077,
    48.543574723379));
#1550 = CARTESIAN_POINT('',(90.13187684602,-52.1080398096,
    50.317729092412));
#1551 = CARTESIAN_POINT('',(90.202494195461,-51.73921712703,
    51.904604457069));
#1552 = CARTESIAN_POINT('',(90.273135463027,-52.55757973744,
    53.690736794107));
#1553 = CARTESIAN_POINT('',(90.343741422304,-54.62569012024,
    54.701474572688));
#1554 = CARTESIAN_POINT('',(90.414375170986,-57.20439067473,
    53.857031912416));
#1555 = CARTESIAN_POINT('',(90.485008919423,-58.19213413875,
    51.329762533781));
#1556 = CARTESIAN_POINT('',(90.555614878745,-57.29887076221,
    49.208163846676));
#1557 = CARTESIAN_POINT('',(90.626256146482,-55.56149734663,
    48.29100147162));
#1558 = CARTESIAN_POINT('',(90.696873495675,-53.95640859902,
    48.570237175882));
#1559 = CARTESIAN_POINT('',(90.838126846277,-52.07374381766,
    50.45291520269));
#1560 = CARTESIAN_POINT('',(90.908744194007,-51.79447816904,
    52.057974168749));
#1561 = CARTESIAN_POINT('',(90.979385467047,-52.71170259467,
    53.795410640835));
#1562 = CARTESIAN_POINT('',(91.049991414481,-54.83323195053,
    54.688598447916));
#1563 = CARTESIAN_POINT('',(91.120625182757,-57.36052749751,
    53.700895391784));
#1564 = CARTESIAN_POINT('',(91.191258905203,-58.20501187674,
    51.122218613711));
#1565 = CARTESIAN_POINT('',(91.26186489276,-57.19419484376,
    49.054043318592));
#1566 = CARTESIAN_POINT('',(91.33250613518,-55.40812887748,
    48.235739071148));
#1567 = CARTESIAN_POINT('',(91.403123503069,-53.82122214354,
    48.60453356163));
#1568 = CARTESIAN_POINT('',(91.54437683121,-52.04708169141,
    50.589811605822));
#1569 = CARTESIAN_POINT('',(91.614994278993,-51.85825197479,
    52.208004236793));
#1570 = CARTESIAN_POINT('',(91.68563523238,-52.87145156938,
    53.891277673799));
#1571 = CARTESIAN_POINT('',(91.75624187116,-55.03972633689,
    54.664106404465));
#1572 = CARTESIAN_POINT('',(91.826874495239,-57.50766249621,
    53.536248654839));
#1573 = CARTESIAN_POINT('',(91.897509736501,-58.20623414636,
    50.914280572765));
#1574 = CARTESIAN_POINT('',(91.968114072768,-57.08104014726,
    48.906033060949));
#1575 = CARTESIAN_POINT('',(92.038756796814,-55.25190458709,
    48.18916418925));
#1576 = CARTESIAN_POINT('',(92.109373070062,-53.68817040036,
    48.646355210485));
#1577 = CARTESIAN_POINT('',(92.180000391815,-52.85815486935,
    49.687172168168));
#1578 = DEFINITIONAL_REPRESENTATION('',(#1579),#1638);
#1579 = B_SPLINE_CURVE_WITH_KNOTS('',8,(#1580,#1581,#1582,#1583,#1584,
    #1585,#1586,#1587,#1588,#1589,#1590,#1591,#1592,#1593,#1594,#1595,
    #1596,#1597,#1598,#1599,#1600,#1601,#1602,#1603,#1604,#1605,#1606,
    #1607,#1608,#1609,#1610,#1611,#1612,#1613,#1614,#1615,#1616,#1617,
    #1618,#1619,#1620,#1621,#1622,#1623,#1624,#1625,#1626,#1627,#1628,
    #1629,#1630,#1631,#1632,#1633,#1634,#1635,#1636,#1637),
  .UNSPECIFIED.,.F.,.F.,(9,7,7,7,7,7,7,7,9),(0.,0.11736569562,
    0.226064736093,0.337425271873,0.534003407923,0.640971445914,
    0.765052950842,0.891864985146,1.),.UNSPECIFIED.);
#1580 = CARTESIAN_POINT('',(0.440514627403,0.));
#1581 = CARTESIAN_POINT('',(0.440515413659,9.270975475869E-02));
#1582 = CARTESIAN_POINT('',(0.440511322029,0.185460408733));
#1583 = CARTESIAN_POINT('',(0.440500414814,0.278201194281));
#1584 = CARTESIAN_POINT('',(0.440494119941,0.370925913198));
#1585 = CARTESIAN_POINT('',(0.440496026649,0.463643300801));
#1586 = CARTESIAN_POINT('',(0.440502825841,0.55636648846));
#1587 = CARTESIAN_POINT('',(0.440511944376,0.649102261885));
#1588 = CARTESIAN_POINT('',(0.440528274784,0.827692731216));
#1589 = CARTESIAN_POINT('',(0.440535413703,0.913576112068));
#1590 = CARTESIAN_POINT('',(0.440539847078,0.999463072889));
#1591 = CARTESIAN_POINT('',(0.44054047941,1.085348267225));
#1592 = CARTESIAN_POINT('',(0.440537111989,1.171228884288));
#1593 = CARTESIAN_POINT('',(0.440530442891,1.257104648959));
#1594 = CARTESIAN_POINT('',(0.440522066981,1.342977821781));
#1595 = CARTESIAN_POINT('',(0.44050669898,1.516831234204));
#1596 = CARTESIAN_POINT('',(0.440499305481,1.604820472085));
#1597 = CARTESIAN_POINT('',(0.440493843063,1.692815802161));
#1598 = CARTESIAN_POINT('',(0.440491224057,1.780812927097));
#1599 = CARTESIAN_POINT('',(0.44049172548,1.86880836266));
#1600 = CARTESIAN_POINT('',(0.440494989035,1.956799437725));
#1601 = CARTESIAN_POINT('',(0.440500021111,2.044784294275));
#1602 = CARTESIAN_POINT('',(0.440514322028,2.288063504337));
#1603 = CARTESIAN_POINT('',(0.440524700994,2.443781892643));
#1604 = CARTESIAN_POINT('',(0.440530866726,2.599232842672));
#1605 = CARTESIAN_POINT('',(0.440527051148,2.754551584647));
#1606 = CARTESIAN_POINT('',(0.440519182855,2.909873941729));
#1607 = CARTESIAN_POINT('',(0.440516020677,3.065331181596));
#1608 = CARTESIAN_POINT('',(0.440516922545,3.221037251773));
#1609 = CARTESIAN_POINT('',(0.440520756566,3.460831348624));
#1610 = CARTESIAN_POINT('',(0.440522798848,3.545352648525));
#1611 = CARTESIAN_POINT('',(0.440524643638,3.629882224963));
#1612 = CARTESIAN_POINT('',(0.440525637097,3.714412203804));
#1613 = CARTESIAN_POINT('',(0.440525360236,3.798937711031));
#1614 = CARTESIAN_POINT('',(0.440523628912,3.883456872747));
#1615 = CARTESIAN_POINT('',(0.440520493829,3.967970815172));
#1616 = CARTESIAN_POINT('',(0.440511306779,4.150517448795));
#1617 = CARTESIAN_POINT('',(0.440504406536,4.248567294456));
#1618 = CARTESIAN_POINT('',(0.440497763424,4.346627931839));
#1619 = CARTESIAN_POINT('',(0.440493012772,4.44469389113));
#1620 = CARTESIAN_POINT('',(0.440491201627,4.542759502486));
#1621 = CARTESIAN_POINT('',(0.440492788751,4.64081889603));
#1622 = CARTESIAN_POINT('',(0.44049764462,4.738866001855));
#1623 = CARTESIAN_POINT('',(0.440512621233,4.937080307929));
#1624 = CARTESIAN_POINT('',(0.440523518405,5.037283160951));
#1625 = CARTESIAN_POINT('',(0.440533592719,5.137496395625));
#1626 = CARTESIAN_POINT('',(0.440540037803,5.237713972172));
#1627 = CARTESIAN_POINT('',(0.440541391132,5.337930524504));
#1628 = CARTESIAN_POINT('',(0.440537534037,5.438141360218));
#1629 = CARTESIAN_POINT('',(0.440529691697,5.538342460603));
#1630 = CARTESIAN_POINT('',(0.440512538202,5.723962696069));
#1631 = CARTESIAN_POINT('',(0.440503518567,5.809431713425));
#1632 = CARTESIAN_POINT('',(0.440497083476,5.894893849554));
#1633 = CARTESIAN_POINT('',(0.440495229812,5.980335451545));
#1634 = CARTESIAN_POINT('',(0.440498251325,6.065761915688));
#1635 = CARTESIAN_POINT('',(0.440504747853,6.151186706435));
#1636 = CARTESIAN_POINT('',(0.440511634541,6.236620375365));
#1637 = CARTESIAN_POINT('',(0.440514151059,6.322059580146));
#1638 = ( GEOMETRIC_REPRESENTATION_CONTEXT(2) 
PARAMETRIC_REPRESENTATION_CONTEXT() REPRESENTATION_CONTEXT('2D SPACE',''
  ) );
#1639 = ORIENTED_EDGE('',*,*,#1640,.T.);
#1640 = EDGE_CURVE('',#1160,#1641,#1643,.T.);
#1641 = VERTEX_POINT('',#1642);
#1642 = CARTESIAN_POINT('',(81.79404730416,-54.5,49.0365));
#1643 = SURFACE_CURVE('',#1644,(#1648,#1655),.PCURVE_S1.);
#1644 = LINE('',#1645,#1646);
#1645 = CARTESIAN_POINT('',(80.24999995,-54.5,49.0365));
#1646 = VECTOR('',#1647,1.);
#1647 = DIRECTION('',(1.,0.,1.110223024625E-16));
#1648 = PCURVE('',#364,#1649);
#1649 = DEFINITIONAL_REPRESENTATION('',(#1650),#1654);
#1650 = LINE('',#1651,#1652);
#1651 = CARTESIAN_POINT('',(6.28318530718,-0.));
#1652 = VECTOR('',#1653,1.);
#1653 = DIRECTION('',(0.,1.));
#1654 = ( GEOMETRIC_REPRESENTATION_CONTEXT(2) 
PARAMETRIC_REPRESENTATION_CONTEXT() REPRESENTATION_CONTEXT('2D SPACE',''
  ) );
#1655 = PCURVE('',#1656,#1661);
#1656 = CYLINDRICAL_SURFACE('',#1657,1.96);
#1657 = AXIS2_PLACEMENT_3D('',#1658,#1659,#1660);
#1658 = CARTESIAN_POINT('',(80.24999995,-54.5,50.9965));
#1659 = DIRECTION('',(1.,0.,1.110223024625E-16));
#1660 = DIRECTION('',(1.110223024625E-16,0.,-1.));
#1661 = DEFINITIONAL_REPRESENTATION('',(#1662),#1666);
#1662 = LINE('',#1663,#1664);
#1663 = CARTESIAN_POINT('',(0.,-0.));
#1664 = VECTOR('',#1665,1.);
#1665 = DIRECTION('',(0.,1.));
#1666 = ( GEOMETRIC_REPRESENTATION_CONTEXT(2) 
PARAMETRIC_REPRESENTATION_CONTEXT() REPRESENTATION_CONTEXT('2D SPACE',''
  ) );
#1667 = ORIENTED_EDGE('',*,*,#1668,.F.);
#1668 = EDGE_CURVE('',#349,#1641,#1669,.T.);
#1669 = SURFACE_CURVE('',#1670,(#1722,#1777),.PCURVE_S1.);
#1670 = B_SPLINE_CURVE_WITH_KNOTS('',8,(#1671,#1672,#1673,#1674,#1675,
    #1676,#1677,#1678,#1679,#1680,#1681,#1682,#1683,#1684,#1685,#1686,
    #1687,#1688,#1689,#1690,#1691,#1692,#1693,#1694,#1695,#1696,#1697,
    #1698,#1699,#1700,#1701,#1702,#1703,#1704,#1705,#1706,#1707,#1708,
    #1709,#1710,#1711,#1712,#1713,#1714,#1715,#1716,#1717,#1718,#1719,
    #1720,#1721),.UNSPECIFIED.,.F.,.F.,(9,7,7,7,7,7,7,9),(0.,
    7.384226050648E-02,0.200327831328,0.346484016771,0.524732040929,
    0.669957420356,0.86208855867,1.),.UNSPECIFIED.);
#1671 = CARTESIAN_POINT('',(81.094045997916,-54.5,49.0365));
#1672 = CARTESIAN_POINT('',(81.100504535868,-54.38635863994,49.0365));
#1673 = CARTESIAN_POINT('',(81.106961841853,-54.27275286505,
    49.044025925109));
#1674 = CARTESIAN_POINT('',(81.113419248726,-54.15974705212,
    49.059077341895));
#1675 = CARTESIAN_POINT('',(81.11987752366,-54.04790339023,
    49.081600860156));
#1676 = CARTESIAN_POINT('',(81.126336868148,-53.93778188074,
    49.111490132924));
#1677 = CARTESIAN_POINT('',(81.132796918001,-53.82994033732,
    49.148585856462));
#1678 = CARTESIAN_POINT('',(81.13925674335,-53.72493438591,
    49.192675770265));
#1679 = CARTESIAN_POINT('',(81.156777038897,-53.4492562403,
    49.330543128503));
#1680 = CARTESIAN_POINT('',(81.167841521433,-53.28500200285,
    49.437380178549));
#1681 = CARTESIAN_POINT('',(81.178901269318,-53.1332946775,
    49.562665664896));
#1682 = CARTESIAN_POINT('',(81.189958083746,-52.99651497775,
    49.704648943457));
#1683 = CARTESIAN_POINT('',(81.20101690487,-52.87673411775,
    49.861251566055));
#1684 = CARTESIAN_POINT('',(81.21208114037,-52.77570971013,
    50.030111053854));
#1685 = CARTESIAN_POINT('',(81.22314901173,-52.69482784943,
    50.208585746532));
#1686 = CARTESIAN_POINT('',(81.246993135647,-52.56584934471,
    50.607647283311));
#1687 = CARTESIAN_POINT('',(81.259790763322,-52.52467975359,
    50.830861480026));
#1688 = CARTESIAN_POINT('',(81.272584563171,-52.513065137,
    51.058803632699));
#1689 = CARTESIAN_POINT('',(81.285371927252,-52.53150883835,
    51.286857112452));
#1690 = CARTESIAN_POINT('',(81.298155228406,-52.57970033508,
    51.510500912891));
#1691 = CARTESIAN_POINT('',(81.310939067615,-52.65661100208,
    51.725338039786));
#1692 = CARTESIAN_POINT('',(81.323726496373,-52.76043805613,
    51.927136936374));
#1693 = CARTESIAN_POINT('',(81.352087737409,-53.04449083548,
    52.33750525614));
#1694 = CARTESIAN_POINT('',(81.367698319763,-53.23690125407,
    52.538433036778));
#1695 = CARTESIAN_POINT('',(81.383293147351,-53.46075588359,
    52.707269343605));
#1696 = CARTESIAN_POINT('',(81.398881695015,-53.7095777366,
    52.838609625736));
#1697 = CARTESIAN_POINT('',(81.414472529846,-53.97620792796,
    52.928443712597));
#1698 = CARTESIAN_POINT('',(81.430073115088,-54.25281139762,
    52.974341078055));
#1699 = CARTESIAN_POINT('',(81.445688356731,-54.53098717067,
    52.975346792209));
#1700 = CARTESIAN_POINT('',(81.473974215182,-55.02267874055,
    52.898688495658));
#1701 = CARTESIAN_POINT('',(81.486685912455,-55.23917433209,
    52.835478603143));
#1702 = CARTESIAN_POINT('',(81.499392523795,-55.44672218006,
    52.744103062656));
#1703 = CARTESIAN_POINT('',(81.512094560402,-55.64105350061,
    52.626155131718));
#1704 = CARTESIAN_POINT('',(81.524796931463,-55.81834015063,
    52.483894917547));
#1705 = CARTESIAN_POINT('',(81.537504667255,-55.97517650681,
    52.320152018363));
#1706 = CARTESIAN_POINT('',(81.550219161077,-56.10863776203,
    52.138356136393));
#1707 = CARTESIAN_POINT('',(81.579736829867,-56.35925418885,
    51.683669913166));
#1708 = CARTESIAN_POINT('',(81.596587759772,-56.45767605637,
    51.399495861182));
#1709 = CARTESIAN_POINT('',(81.613411789268,-56.50591705509,
    51.099894935935));
#1710 = CARTESIAN_POINT('',(81.630217696226,-56.5018101675,
    50.795286106888));
#1711 = CARTESIAN_POINT('',(81.647015579903,-56.44521203739,
    50.495951337121));
#1712 = CARTESIAN_POINT('',(81.663827615373,-56.33830722459,
    50.211940491867));
#1713 = CARTESIAN_POINT('',(81.680670900399,-56.18529283713,
    49.953036859634));
#1714 = CARTESIAN_POINT('',(81.709544709346,-55.85648523727,
    49.565908037477));
#1715 = CARTESIAN_POINT('',(81.721622610682,-55.69895776375,
    49.421013709856));
#1716 = CARTESIAN_POINT('',(81.733699856697,-55.52384309876,
    49.296098817225));
#1717 = CARTESIAN_POINT('',(81.745775536577,-55.3341694444,
    49.193602258517));
#1718 = CARTESIAN_POINT('',(81.757847477016,-55.13326396718,
    49.115385329794));
#1719 = CARTESIAN_POINT('',(81.769915697613,-54.92469550758,
    49.062773608954));
#1720 = CARTESIAN_POINT('',(81.781984830855,-54.71226946808,49.0365));
#1721 = CARTESIAN_POINT('',(81.79404730416,-54.5,49.0365));
#1722 = PCURVE('',#364,#1723);
#1723 = DEFINITIONAL_REPRESENTATION('',(#1724),#1776);
#1724 = B_SPLINE_CURVE_WITH_KNOTS('',8,(#1725,#1726,#1727,#1728,#1729,
    #1730,#1731,#1732,#1733,#1734,#1735,#1736,#1737,#1738,#1739,#1740,
    #1741,#1742,#1743,#1744,#1745,#1746,#1747,#1748,#1749,#1750,#1751,
    #1752,#1753,#1754,#1755,#1756,#1757,#1758,#1759,#1760,#1761,#1762,
    #1763,#1764,#1765,#1766,#1767,#1768,#1769,#1770,#1771,#1772,#1773,
    #1774,#1775),.UNSPECIFIED.,.F.,.F.,(9,7,7,7,7,7,7,9),(0.,
    7.384226050648E-02,0.200327831328,0.346484016771,0.524732040929,
    0.669957420356,0.86208855867,1.),.UNSPECIFIED.);
#1725 = CARTESIAN_POINT('',(0.,0.844046047916));
#1726 = CARTESIAN_POINT('',(5.798028574272E-02,0.850504585868));
#1727 = CARTESIAN_POINT('',(0.11593942894,0.856961891853));
#1728 = CARTESIAN_POINT('',(0.173892389874,0.863419298726));
#1729 = CARTESIAN_POINT('',(0.231849009081,0.86987757366));
#1730 = CARTESIAN_POINT('',(0.289814007346,0.876336918148));
#1731 = CARTESIAN_POINT('',(0.347786985706,0.882796968001));
#1732 = CARTESIAN_POINT('',(0.405762425449,0.88925679335));
#1733 = CARTESIAN_POINT('',(0.563022725151,0.906777088897));
#1734 = CARTESIAN_POINT('',(0.66235489331,0.917841571433));
#1735 = CARTESIAN_POINT('',(0.761669327055,0.928901319318));
#1736 = CARTESIAN_POINT('',(0.860964010058,0.939958133746));
#1737 = CARTESIAN_POINT('',(0.960262961687,0.95101695487));
#1738 = CARTESIAN_POINT('',(1.059586642513,0.96208119037));
#1739 = CARTESIAN_POINT('',(1.158921578838,0.97314906173));
#1740 = CARTESIAN_POINT('',(1.372894604352,0.996993185647));
#1741 = CARTESIAN_POINT('',(1.487719867148,1.009790813322));
#1742 = CARTESIAN_POINT('',(1.60250276892,1.022584613171));
#1743 = CARTESIAN_POINT('',(1.71724208899,1.035371977252));
#1744 = CARTESIAN_POINT('',(1.831972176261,1.048155278406));
#1745 = CARTESIAN_POINT('',(1.946732350682,1.060939117615));
#1746 = CARTESIAN_POINT('',(2.061538135495,1.073726546373));
#1747 = CARTESIAN_POINT('',(2.316174516266,1.102087787409));
#1748 = CARTESIAN_POINT('',(2.456336965945,1.117698369763));
#1749 = CARTESIAN_POINT('',(2.596345763321,1.133293197351));
#1750 = CARTESIAN_POINT('',(2.736267308321,1.148881745015));
#1751 = CARTESIAN_POINT('',(2.876186060732,1.164472579846));
#1752 = CARTESIAN_POINT('',(3.016195765203,1.180073165087));
#1753 = CARTESIAN_POINT('',(3.156348317881,1.195688406731));
#1754 = CARTESIAN_POINT('',(3.4102419324,1.223974265182));
#1755 = CARTESIAN_POINT('',(3.524348426993,1.236685962455));
#1756 = CARTESIAN_POINT('',(3.638414749025,1.249392573795));
#1757 = CARTESIAN_POINT('',(3.752439517664,1.262094610402));
#1758 = CARTESIAN_POINT('',(3.866456842994,1.274796981463));
#1759 = CARTESIAN_POINT('',(3.980506708249,1.287504717255));
#1760 = CARTESIAN_POINT('',(4.094607042043,1.300219211077));
#1761 = CARTESIAN_POINT('',(4.359494935995,1.329736879867));
#1762 = CARTESIAN_POINT('',(4.510709414784,1.346587809772));
#1763 = CARTESIAN_POINT('',(4.661699133373,1.363411839268));
#1764 = CARTESIAN_POINT('',(4.812568553506,1.380217746226));
#1765 = CARTESIAN_POINT('',(4.96343885793,1.397015629903));
#1766 = CARTESIAN_POINT('',(5.114430601671,1.413827665372));
#1767 = CARTESIAN_POINT('',(5.265647498086,1.430670950399));
#1768 = CARTESIAN_POINT('',(5.524790574345,1.459544759346));
#1769 = CARTESIAN_POINT('',(5.63316471045,1.471622660682));
#1770 = CARTESIAN_POINT('',(5.74151287956,1.483699906697));
#1771 = CARTESIAN_POINT('',(5.849834716748,1.495775586577));
#1772 = CARTESIAN_POINT('',(5.958155711098,1.507847527016));
#1773 = CARTESIAN_POINT('',(6.066503914202,1.519915747612));
#1774 = CARTESIAN_POINT('',(6.174884558155,1.531984880855));
#1775 = CARTESIAN_POINT('',(6.28318530718,1.54404735416));
#1776 = ( GEOMETRIC_REPRESENTATION_CONTEXT(2) 
PARAMETRIC_REPRESENTATION_CONTEXT() REPRESENTATION_CONTEXT('2D SPACE',''
  ) );
#1777 = PCURVE('',#486,#1778);
#1778 = DEFINITIONAL_REPRESENTATION('',(#1779),#1831);
#1779 = B_SPLINE_CURVE_WITH_KNOTS('',8,(#1780,#1781,#1782,#1783,#1784,
    #1785,#1786,#1787,#1788,#1789,#1790,#1791,#1792,#1793,#1794,#1795,
    #1796,#1797,#1798,#1799,#1800,#1801,#1802,#1803,#1804,#1805,#1806,
    #1807,#1808,#1809,#1810,#1811,#1812,#1813,#1814,#1815,#1816,#1817,
    #1818,#1819,#1820,#1821,#1822,#1823,#1824,#1825,#1826,#1827,#1828,
    #1829,#1830),.UNSPECIFIED.,.F.,.F.,(9,7,7,7,7,7,7,9),(0.,
    7.384226050648E-02,0.200327831328,0.346484016771,0.524732040929,
    0.669957420356,0.86208855867,1.),.UNSPECIFIED.);
#1780 = CARTESIAN_POINT('',(0.158376258353,6.322059593448));
#1781 = CARTESIAN_POINT('',(0.158374974233,6.380395711256));
#1782 = CARTESIAN_POINT('',(0.158375951748,6.438711287036));
#1783 = CARTESIAN_POINT('',(0.158378608629,6.497020620707));
#1784 = CARTESIAN_POINT('',(0.158382289624,6.555333288701));
#1785 = CARTESIAN_POINT('',(0.158386266502,6.613654143956));
#1786 = CARTESIAN_POINT('',(0.158389738053,6.671983315922));
#1787 = CARTESIAN_POINT('',(0.158391830083,6.730316210559));
#1788 = CARTESIAN_POINT('',(0.158391193466,6.888553260606));
#1789 = CARTESIAN_POINT('',(0.158385552863,6.988505816211));
#1790 = CARTESIAN_POINT('',(0.158373904759,7.088441060747));
#1791 = CARTESIAN_POINT('',(0.158361217764,7.18835429906));
#1792 = CARTESIAN_POINT('',(0.158352557184,7.288268739175));
#1793 = CARTESIAN_POINT('',(0.15835010352,7.38820592107));
#1794 = CARTESIAN_POINT('',(0.158352830277,7.488154092303));
#1795 = CARTESIAN_POINT('',(0.158365786594,7.703448041645));
#1796 = CARTESIAN_POINT('',(0.158377108108,7.818982260833));
#1797 = CARTESIAN_POINT('',(0.158390030988,7.934475123404));
#1798 = CARTESIAN_POINT('',(0.158399178528,8.04992575932));
#1799 = CARTESIAN_POINT('',(0.158401743153,8.165367453096));
#1800 = CARTESIAN_POINT('',(0.158398545573,8.280838304869));
#1801 = CARTESIAN_POINT('',(0.158392461841,8.3963537448));
#1802 = CARTESIAN_POINT('',(0.158377449638,8.65256187035));
#1803 = CARTESIAN_POINT('',(0.158368206525,8.793587971884));
#1804 = CARTESIAN_POINT('',(0.158362096952,8.934458572136));
#1805 = CARTESIAN_POINT('',(0.158363098319,9.075242471228));
#1806 = CARTESIAN_POINT('',(0.158368712306,9.216027596714));
#1807 = CARTESIAN_POINT('',(0.158372770464,9.356907386096));
#1808 = CARTESIAN_POINT('',(0.158373899288,9.497931925684));
#1809 = CARTESIAN_POINT('',(0.158372026733,9.753404004986));
#1810 = CARTESIAN_POINT('',(0.158369759942,9.868219464209));
#1811 = CARTESIAN_POINT('',(0.158366495676,9.982993186553));
#1812 = CARTESIAN_POINT('',(0.15836384695,10.097722968832));
#1813 = CARTESIAN_POINT('',(0.1583641321,10.21244335504));
#1814 = CARTESIAN_POINT('',(0.158368330925,10.327195642187));
#1815 = CARTESIAN_POINT('',(0.158374881649,10.441999018748));
#1816 = CARTESIAN_POINT('',(0.158390777053,10.708520920999));
#1817 = CARTESIAN_POINT('',(0.158400385645,10.860669629826));
#1818 = CARTESIAN_POINT('',(0.158405418742,11.012594733238));
#1819 = CARTESIAN_POINT('',(0.158399749155,11.164401419793));
#1820 = CARTESIAN_POINT('',(0.158377285923,11.316206645276));
#1821 = CARTESIAN_POINT('',(0.15835747875,11.468128546474));
#1822 = CARTESIAN_POINT('',(0.158350700496,11.620277644975));
#1823 = CARTESIAN_POINT('',(0.158357356388,11.881023769799));
#1824 = CARTESIAN_POINT('',(0.158365759693,11.990069977833));
#1825 = CARTESIAN_POINT('',(0.158378288066,12.09909276616));
#1826 = CARTESIAN_POINT('',(0.158392985405,12.208092141077));
#1827 = CARTESIAN_POINT('',(0.158399508117,12.317092144707));
#1828 = CARTESIAN_POINT('',(0.158392769432,12.426114486773));
#1829 = CARTESIAN_POINT('',(0.158383140236,12.535157403059));
#1830 = CARTESIAN_POINT('',(0.158378190248,12.644120993723));
#1831 = ( GEOMETRIC_REPRESENTATION_CONTEXT(2) 
PARAMETRIC_REPRESENTATION_CONTEXT() REPRESENTATION_CONTEXT('2D SPACE',''
  ) );
#1832 = ORIENTED_EDGE('',*,*,#348,.F.);
#1833 = ADVANCED_FACE('',(#1834),#336,.T.);
#1834 = FACE_BOUND('',#1835,.T.);
#1835 = EDGE_LOOP('',(#1836,#1837,#1858));
#1836 = ORIENTED_EDGE('',*,*,#318,.F.);
#1837 = ORIENTED_EDGE('',*,*,#1838,.T.);
#1838 = EDGE_CURVE('',#319,#1839,#1841,.T.);
#1839 = VERTEX_POINT('',#1840);
#1840 = CARTESIAN_POINT('',(80.59999995,-54.5,49.4259045));
#1841 = SURFACE_CURVE('',#1842,(#1845,#1851),.PCURVE_S1.);
#1842 = B_SPLINE_CURVE_WITH_KNOTS('',1,(#1843,#1844),.UNSPECIFIED.,.F.,
  .F.,(2,2),(0.,0.598889910268),.PIECEWISE_BEZIER_KNOTS.);
#1843 = CARTESIAN_POINT('',(80.31999995,-54.5,48.8965));
#1844 = CARTESIAN_POINT('',(80.59999995,-54.5,49.4259045));
#1845 = PCURVE('',#336,#1846);
#1846 = DEFINITIONAL_REPRESENTATION('',(#1847),#1850);
#1847 = B_SPLINE_CURVE_WITH_KNOTS('',1,(#1848,#1849),.UNSPECIFIED.,.F.,
  .F.,(2,2),(0.,0.598889910268),.PIECEWISE_BEZIER_KNOTS.);
#1848 = CARTESIAN_POINT('',(0.180372427648,0.28));
#1849 = CARTESIAN_POINT('',(-0.349032072352,0.));
#1850 = ( GEOMETRIC_REPRESENTATION_CONTEXT(2) 
PARAMETRIC_REPRESENTATION_CONTEXT() REPRESENTATION_CONTEXT('2D SPACE',''
  ) );
#1851 = PCURVE('',#486,#1852);
#1852 = DEFINITIONAL_REPRESENTATION('',(#1853),#1857);
#1853 = LINE('',#1854,#1855);
#1854 = CARTESIAN_POINT('',(0.,0.));
#1855 = VECTOR('',#1856,1.);
#1856 = DIRECTION('',(1.,0.));
#1857 = ( GEOMETRIC_REPRESENTATION_CONTEXT(2) 
PARAMETRIC_REPRESENTATION_CONTEXT() REPRESENTATION_CONTEXT('2D SPACE',''
  ) );
#1858 = ORIENTED_EDGE('',*,*,#1859,.T.);
#1859 = EDGE_CURVE('',#1839,#321,#1860,.T.);
#1860 = SURFACE_CURVE('',#1861,(#1864,#1870),.PCURVE_S1.);
#1861 = B_SPLINE_CURVE_WITH_KNOTS('',1,(#1862,#1863),.UNSPECIFIED.,.F.,
  .F.,(2,2),(0.,0.598889910268),.PIECEWISE_BEZIER_KNOTS.);
#1862 = CARTESIAN_POINT('',(80.59999995,-54.5,49.4259045));
#1863 = CARTESIAN_POINT('',(80.87999995,-54.5,48.8965));
#1864 = PCURVE('',#336,#1865);
#1865 = DEFINITIONAL_REPRESENTATION('',(#1866),#1869);
#1866 = B_SPLINE_CURVE_WITH_KNOTS('',1,(#1867,#1868),.UNSPECIFIED.,.F.,
  .F.,(2,2),(0.,0.598889910268),.PIECEWISE_BEZIER_KNOTS.);
#1867 = CARTESIAN_POINT('',(-0.349032072352,0.));
#1868 = CARTESIAN_POINT('',(0.180372427648,-0.28));
#1869 = ( GEOMETRIC_REPRESENTATION_CONTEXT(2) 
PARAMETRIC_REPRESENTATION_CONTEXT() REPRESENTATION_CONTEXT('2D SPACE',''
  ) );
#1870 = PCURVE('',#1285,#1871);
#1871 = DEFINITIONAL_REPRESENTATION('',(#1872),#1876);
#1872 = LINE('',#1873,#1874);
#1873 = CARTESIAN_POINT('',(0.,0.));
#1874 = VECTOR('',#1875,1.);
#1875 = DIRECTION('',(1.,0.));
#1876 = ( GEOMETRIC_REPRESENTATION_CONTEXT(2) 
PARAMETRIC_REPRESENTATION_CONTEXT() REPRESENTATION_CONTEXT('2D SPACE',''
  ) );
#1877 = ADVANCED_FACE('',(#1878),#486,.F.);
#1878 = FACE_BOUND('',#1879,.F.);
#1879 = EDGE_LOOP('',(#1880,#1881,#1882,#2048,#2074,#2117,#2289,#2461,
    #2633,#2802,#2974,#3146,#3297,#3469,#3641,#3813,#4006,#4175,#4347,
    #4509));
#1880 = ORIENTED_EDGE('',*,*,#376,.F.);
#1881 = ORIENTED_EDGE('',*,*,#1838,.T.);
#1882 = ORIENTED_EDGE('',*,*,#1883,.T.);
#1883 = EDGE_CURVE('',#1839,#1884,#1886,.T.);
#1884 = VERTEX_POINT('',#1885);
#1885 = CARTESIAN_POINT('',(91.899998052815,-53.27205892598,
    50.017249805527));
#1886 = SURFACE_CURVE('',#1887,(#2034,#2041),.PCURVE_S1.);
#1887 = B_SPLINE_CURVE_WITH_KNOTS('',10,(#1888,#1889,#1890,#1891,#1892,
    #1893,#1894,#1895,#1896,#1897,#1898,#1899,#1900,#1901,#1902,#1903,
    #1904,#1905,#1906,#1907,#1908,#1909,#1910,#1911,#1912,#1913,#1914,
    #1915,#1916,#1917,#1918,#1919,#1920,#1921,#1922,#1923,#1924,#1925,
    #1926,#1927,#1928,#1929,#1930,#1931,#1932,#1933,#1934,#1935,#1936,
    #1937,#1938,#1939,#1940,#1941,#1942,#1943,#1944,#1945,#1946,#1947,
    #1948,#1949,#1950,#1951,#1952,#1953,#1954,#1955,#1956,#1957,#1958,
    #1959,#1960,#1961,#1962,#1963,#1964,#1965,#1966,#1967,#1968,#1969,
    #1970,#1971,#1972,#1973,#1974,#1975,#1976,#1977,#1978,#1979,#1980,
    #1981,#1982,#1983,#1984,#1985,#1986,#1987,#1988,#1989,#1990,#1991,
    #1992,#1993,#1994,#1995,#1996,#1997,#1998,#1999,#2000,#2001,#2002,
    #2003,#2004,#2005,#2006,#2007,#2008,#2009,#2010,#2011,#2012,#2013,
    #2014,#2015,#2016,#2017,#2018,#2019,#2020,#2021,#2022,#2023,#2024,
    #2025,#2026,#2027,#2028,#2029,#2030,#2031,#2032,#2033),
  .UNSPECIFIED.,.F.,.F.,(11,9,9,9,9,9,9,9,9,9,9,9,9,9,9,9,11),(0.,
    6.378504966297,12.757009932594,19.13551489889,25.514019865187,
    31.892524831484,38.271029797781,44.649534764078,51.028039730375,
    57.406544696672,63.785049662968,70.163554629265,76.542059595562,
    82.920564561859,89.299069528156,95.677574494453,102.05607946074),
  .UNSPECIFIED.);
#1888 = CARTESIAN_POINT('',(80.59999995,-54.5,49.4259045));
#1889 = CARTESIAN_POINT('',(80.670614980173,-53.50435552067,
    49.425904501408));
#1890 = CARTESIAN_POINT('',(80.741277453771,-52.50782902749,
    50.127063620539));
#1891 = CARTESIAN_POINT('',(80.811826344558,-52.07408137883,
    51.530931865918));
#1892 = CARTESIAN_POINT('',(80.882540077836,-52.72365910291,
    53.125320860281));
#1893 = CARTESIAN_POINT('',(80.953121098769,-54.58257167951,
    53.939468887087));
#1894 = CARTESIAN_POINT('',(81.023713362741,-56.3929107586,
    53.022371446038));
#1895 = CARTESIAN_POINT('',(81.094417205507,-56.95206781742,
    51.39406863817));
#1896 = CARTESIAN_POINT('',(81.164973701302,-56.44028734001,
    50.016729319932));
#1897 = CARTESIAN_POINT('',(81.235631130848,-55.40601394104,
    49.372549072541));
#1898 = CARTESIAN_POINT('',(81.376866839574,-53.41785796617,
    49.484201585639));
#1899 = CARTESIAN_POINT('',(81.447524612618,-52.46221323448,
    50.240133298154));
#1900 = CARTESIAN_POINT('',(81.518079865706,-52.1078638294,
    51.666113477579));
#1901 = CARTESIAN_POINT('',(81.588786508176,-52.84581735264,
    53.221572029611));
#1902 = CARTESIAN_POINT('',(81.659374050981,-54.74745552677,
    53.930209246614));
#1903 = CARTESIAN_POINT('',(81.729961401776,-56.50352426753,
    52.913048006093));
#1904 = CARTESIAN_POINT('',(81.800668213153,-56.9705021692,
    51.255954658507));
#1905 = CARTESIAN_POINT('',(81.871223336369,-56.38229870835,
    49.90947789844));
#1906 = CARTESIAN_POINT('',(81.941881195548,-55.31353296236,
    49.324303241422));
#1907 = CARTESIAN_POINT('',(82.083116807823,-53.33476512553,
    49.547256898335));
#1908 = CARTESIAN_POINT('',(82.153774661133,-52.4230092335,
    50.355582818617));
#1909 = CARTESIAN_POINT('',(82.224329805578,-52.14917262588,
    51.799188196141));
#1910 = CARTESIAN_POINT('',(82.295036569132,-52.97318047521,
    53.310822341074));
#1911 = CARTESIAN_POINT('',(82.365624000568,-54.91156062014,
    53.911719036802));
#1912 = CARTESIAN_POINT('',(82.436211435261,-56.60783405897,
    52.797694420103));
#1913 = CARTESIAN_POINT('',(82.506918195947,-56.98116335006,
    51.117024326663));
#1914 = CARTESIAN_POINT('',(82.5774733426,-56.31838768925,
    49.805646654926));
#1915 = CARTESIAN_POINT('',(82.648131194444,-55.21849230434,
    49.281318759199));
#1916 = CARTESIAN_POINT('',(82.789366808363,-53.2553385467,
    49.61487206637));
#1917 = CARTESIAN_POINT('',(82.860024660314,-52.39034021113,
    50.473048901081));
#1918 = CARTESIAN_POINT('',(82.930579806586,-52.19787799841,
    51.929737361376));
#1919 = CARTESIAN_POINT('',(83.00128656812,-53.10534753341,
    53.392790937523));
#1920 = CARTESIAN_POINT('',(83.071874001396,-55.07437079438,
    53.884056469961));
#1921 = CARTESIAN_POINT('',(83.142461434717,-56.70551182276,
    52.6766736097));
#1922 = CARTESIAN_POINT('',(83.213168196223,-56.98401787405,
    50.977714780897));
#1923 = CARTESIAN_POINT('',(83.283723342502,-56.24875534939,
    49.705562276537));
#1924 = CARTESIAN_POINT('',(83.354381194461,-55.12119100377,
    49.243730871727));
#1925 = CARTESIAN_POINT('',(83.495616808354,-53.17982813326,
    49.686834347031));
#1926 = CARTESIAN_POINT('',(83.566274660329,-52.36430895901,
    50.592161954369));
#1927 = CARTESIAN_POINT('',(83.636829806564,-52.2538266984,
    52.057350216596));
#1928 = CARTESIAN_POINT('',(83.707536568148,-53.24190268431,
    53.467219916151));
#1929 = CARTESIAN_POINT('',(83.778124001366,-55.23537378556,
    53.847308582163));
#1930 = CARTESIAN_POINT('',(83.848711434743,-56.79625023042,
    52.550366351523));
#1931 = CARTESIAN_POINT('',(83.919418196206,-56.97905675879,
    50.838464340377));
#1932 = CARTESIAN_POINT('',(83.98997334251,-56.17362077823,
    49.609539665828));
#1933 = CARTESIAN_POINT('',(84.060631194458,-55.02193520649,
    49.211657844396));
#1934 = CARTESIAN_POINT('',(84.201866808358,-53.10847146892,
    49.762917320366));
#1935 = CARTESIAN_POINT('',(84.272524660312,-52.34499738103,
    50.712547204737));
#1936 = CARTESIAN_POINT('',(84.3430798066,-52.3168426906,52.181625244565
    ));
#1937 = CARTESIAN_POINT('',(84.41378656809,-53.38241627481,
    53.533875095836));
#1938 = CARTESIAN_POINT('',(84.484374001434,-55.39406301876,
    53.801590995877));
#1939 = CARTESIAN_POINT('',(84.554961434683,-56.87976378531,
    52.419170054923));
#1940 = CARTESIAN_POINT('',(84.625668196245,-56.96629561382,
    50.699711138512));
#1941 = CARTESIAN_POINT('',(84.696223342492,-56.09322037692,
    49.517880945455));
#1942 = CARTESIAN_POINT('',(84.766881194463,-54.92103720795,
    49.185200590813));
#1943 = CARTESIAN_POINT('',(84.908116808355,-53.04149306815,
    49.842881601193));
#1944 = CARTESIAN_POINT('',(84.978774660321,-52.33246623856,
    50.833825875653));
#1945 = CARTESIAN_POINT('',(85.049329806584,-52.38672770338,
    52.302171430055));
#1946 = CARTESIAN_POINT('',(85.120036568116,-53.52644619718,
    53.592546754737));
#1947 = CARTESIAN_POINT('',(85.190624001404,-55.54993919893,
    53.747047555529));
#1948 = CARTESIAN_POINT('',(85.26121143471,-56.95578972291,
    52.283497511995));
#1949 = CARTESIAN_POINT('',(85.331918196228,-56.9457745904,
    50.561891744206));
#1950 = CARTESIAN_POINT('',(85.4024733425,-56.00780711486,
    49.430874507664));
#1951 = CARTESIAN_POINT('',(85.473131194461,-54.81881447058,
    49.164442355289));
#1952 = CARTESIAN_POINT('',(85.614366808356,-52.97910366979,
    49.9264755923));
#1953 = CARTESIAN_POINT('',(85.68502466032,-52.32675495921,
    50.955616379549));
#1954 = CARTESIAN_POINT('',(85.755579806582,-52.46326185265,
    52.418609490173));
#1955 = CARTESIAN_POINT('',(85.82628656812,-53.67353927998,
    53.643050290104));
#1956 = CARTESIAN_POINT('',(85.896874001397,-55.70251188193,
    53.683849874965));
#1957 = CARTESIAN_POINT('',(85.967461434717,-57.02408883749,
    52.143775598754));
#1958 = CARTESIAN_POINT('',(86.038168196222,-56.91755825527,
    50.425439788261));
#1959 = CARTESIAN_POINT('',(86.108723342503,-55.91764973379,
    49.348794106899));
#1960 = CARTESIAN_POINT('',(86.17938119446,-54.71558862494,
    49.149448450911));
#1961 = CARTESIAN_POINT('',(86.320616808357,-52.92149957396,
    50.013436276064));
#1962 = CARTESIAN_POINT('',(86.391274660317,-52.32788151279,
    51.077535518439));
#1963 = CARTESIAN_POINT('',(86.46182980659,-52.54620433365,
    52.530573067708));
#1964 = CARTESIAN_POINT('',(86.532536568106,-53.82323271398,
    53.685226799127));
#1965 = CARTESIAN_POINT('',(86.603124001416,-55.85130101767,
    53.612196797472));
#1966 = CARTESIAN_POINT('',(86.673711434699,-57.08444623476,
    52.000443932027));
#1967 = CARTESIAN_POINT('',(86.744418196235,-56.88173538746,
    50.290784599015));
#1968 = CARTESIAN_POINT('',(86.814973342497,-55.82303190218,
    49.271897998465));
#1969 = CARTESIAN_POINT('',(86.885631194461,-54.61168445773,
    49.140266054049));
#1970 = CARTESIAN_POINT('',(87.026866808356,-52.86886202447,
    50.103490042003));
#1971 = CARTESIAN_POINT('',(87.097524660315,-52.33584235474,
    51.199199689607));
#1972 = CARTESIAN_POINT('',(87.168079806596,-52.63529417866,
    52.637709883819));
#1973 = CARTESIAN_POINT('',(87.238786568096,-53.97505550823,
    53.718943578908));
#1974 = CARTESIAN_POINT('',(87.309374001428,-55.99583846048,
    53.532313770139));
#1975 = CARTESIAN_POINT('',(87.379961434689,-57.13667200803,
    51.853953486266));
#1976 = CARTESIAN_POINT('',(87.45066819624,-56.83841869896,
    50.158349851509));
#1977 = CARTESIAN_POINT('',(87.521223342496,-55.72425132273,
    49.20042812597));
#1978 = CARTESIAN_POINT('',(87.591881194461,-54.50742888989,
    49.136924055922));
#1979 = CARTESIAN_POINT('',(87.733116808359,-52.8213566385,
    50.196353547652));
#1980 = CARTESIAN_POINT('',(87.803774660303,-52.35061243729,
    51.320226092561));
#1981 = CARTESIAN_POINT('',(87.874329806625,-52.73025107805,
    52.739682846445));
#1982 = CARTESIAN_POINT('',(87.945036568052,-54.12852997207,
    53.744094543982));
#1983 = CARTESIAN_POINT('',(88.015624001479,-56.13566944207,
    53.444452134526));
#1984 = CARTESIAN_POINT('',(88.086211434645,-57.18060183569,
    51.704765174609));
#1985 = CARTESIAN_POINT('',(88.15691819627,-56.7877444801,
    50.028552234457));
#1986 = CARTESIAN_POINT('',(88.227473342482,-55.62161879569,
    49.134609360072));
#1987 = CARTESIAN_POINT('',(88.298131194465,-54.40314994801,
    49.139432971691));
#1988 = CARTESIAN_POINT('',(88.439366808355,-52.77913288559,
    50.291734610065));
#1989 = CARTESIAN_POINT('',(88.510024660318,-52.37214528832,
    51.440233933462));
#1990 = CARTESIAN_POINT('',(88.580579806591,-52.83077626229,
    52.836171110919));
#1991 = CARTESIAN_POINT('',(88.651286568103,-54.28317321805,
    53.760600560112));
#1992 = CARTESIAN_POINT('',(88.721874001418,-56.27035400247,
    53.348888335839));
#1993 = CARTESIAN_POINT('',(88.792461434698,-57.21609749824,
    51.553348398682));
#1994 = CARTESIAN_POINT('',(88.863168196234,-56.72987217073,
    49.901800139182));
#1995 = CARTESIAN_POINT('',(88.933723342498,-55.51545724095,
    49.074648790961));
#1996 = CARTESIAN_POINT('',(89.004381194461,-54.29917573223,
    49.147784907381));
#1997 = CARTESIAN_POINT('',(89.145616808357,-52.74232361728,
    50.389333125133));
#1998 = CARTESIAN_POINT('',(89.216274660315,-52.4003731575,
    51.55884562324));
#1999 = CARTESIAN_POINT('',(89.286829806596,-52.93655344196,
    52.926871089469));
#2000 = CARTESIAN_POINT('',(89.357536568098,-54.4384986813,
    53.768409693256));
#2001 = CARTESIAN_POINT('',(89.428124001423,-56.39946837421,
    53.245923053151));
#2002 = CARTESIAN_POINT('',(89.498711434696,-57.2430473132,
    51.400179571677));
#2003 = CARTESIAN_POINT('',(89.569418196231,-56.66498385853,
    49.778492374668));
#2004 = CARTESIAN_POINT('',(89.639973342504,-55.40610068206,
    49.02073507677));
#2005 = CARTESIAN_POINT('',(89.710631194454,-54.1958333839,
    49.161953584711));
#2006 = CARTESIAN_POINT('',(89.851866808373,-52.71104464915,
    50.488842011818));
#2007 = CARTESIAN_POINT('',(89.922524660219,-52.43520722951,
    51.675687965647));
#2008 = CARTESIAN_POINT('',(89.993079806864,-53.04724980294,
    53.011497406385));
#2009 = CARTESIAN_POINT('',(90.06378656757,-54.59401765044,
    53.76749737303));
#2010 = CARTESIAN_POINT('',(90.134374002227,-56.52260631572,
    53.135880253286));
#2011 = CARTESIAN_POINT('',(90.204961433711,-57.26136648646,
    51.245740619446));
#2012 = CARTESIAN_POINT('',(90.275668197217,-56.59328370617,
    49.659016912712));
#2013 = CARTESIAN_POINT('',(90.346223341698,-55.29389319517,
    48.973037850032));
#2014 = CARTESIAN_POINT('',(90.416881194988,-54.09344805628,
    49.181894423752));
#2015 = CARTESIAN_POINT('',(90.558116807282,-52.68539439637,
    50.589948178407));
#2016 = CARTESIAN_POINT('',(90.628774666397,-52.47653790364,
    51.790393331115));
#2017 = CARTESIAN_POINT('',(90.699329789774,-53.16251705305,
    53.089783796876));
#2018 = CARTESIAN_POINT('',(90.770036600878,-54.74924080614,
    53.757866468165));
#2019 = CARTESIAN_POINT('',(90.840623952018,-56.63938038817,
    53.019106174253));
#2020 = CARTESIAN_POINT('',(90.911211494492,-57.27099738073,
    51.090517460872));
#2021 = CARTESIAN_POINT('',(90.981918137204,-56.51499730727,
    49.543749670468));
#2022 = CARTESIAN_POINT('',(91.052473390161,-55.17918782785,
    48.931707181325));
#2023 = CARTESIAN_POINT('',(91.123131163251,-53.99234189066,
    49.207544684914));
#2024 = CARTESIAN_POINT('',(91.264366871967,-52.66545356585,
    50.692333504097));
#2025 = CARTESIAN_POINT('',(91.335024301511,-52.52423512859,
    51.902600833288));
#2026 = CARTESIAN_POINT('',(91.40558079733,-53.28199254567,
    53.161483890088));
#2027 = CARTESIAN_POINT('',(91.476284640038,-54.9036797068,
    53.739547384004));
#2028 = CARTESIAN_POINT('',(91.5468769041,-56.74942325558,
    52.895968075527));
#2029 = CARTESIAN_POINT('',(91.617457924931,-57.27190959877,
    50.934998672823));
#2030 = CARTESIAN_POINT('',(91.688171658295,-56.4303710734,
    49.433053136493));
#2031 = CARTESIAN_POINT('',(91.758720549027,-55.06234541007,
    48.896873261365));
#2032 = CARTESIAN_POINT('',(91.829383022653,-53.89283305388,
    49.238823565376));
#2033 = CARTESIAN_POINT('',(91.899998052815,-53.27205892598,
    50.017249805527));
#2034 = PCURVE('',#486,#2035);
#2035 = DEFINITIONAL_REPRESENTATION('',(#2036),#2040);
#2036 = LINE('',#2037,#2038);
#2037 = CARTESIAN_POINT('',(0.598889910268,0.));
#2038 = VECTOR('',#2039,1.);
#2039 = DIRECTION('',(0.,1.));
#2040 = ( GEOMETRIC_REPRESENTATION_CONTEXT(2) 
PARAMETRIC_REPRESENTATION_CONTEXT() REPRESENTATION_CONTEXT('2D SPACE',''
  ) );
#2041 = PCURVE('',#1285,#2042);
#2042 = DEFINITIONAL_REPRESENTATION('',(#2043),#2047);
#2043 = LINE('',#2044,#2045);
#2044 = CARTESIAN_POINT('',(0.,0.));
#2045 = VECTOR('',#2046,1.);
#2046 = DIRECTION('',(0.,1.));
#2047 = ( GEOMETRIC_REPRESENTATION_CONTEXT(2) 
PARAMETRIC_REPRESENTATION_CONTEXT() REPRESENTATION_CONTEXT('2D SPACE',''
  ) );
#2048 = ORIENTED_EDGE('',*,*,#2049,.F.);
#2049 = EDGE_CURVE('',#2050,#1884,#2052,.T.);
#2050 = VERTEX_POINT('',#2051);
#2051 = CARTESIAN_POINT('',(91.694045715048,-52.96761028822,
    49.774459996054));
#2052 = SURFACE_CURVE('',#2053,(#2056,#2063),.PCURVE_S1.);
#2053 = B_SPLINE_CURVE_WITH_KNOTS('',1,(#2054,#2055),.UNSPECIFIED.,.F.,
  .F.,(2,2),(0.,0.598889910268),.PIECEWISE_BEZIER_KNOTS.);
#2054 = CARTESIAN_POINT('',(91.62000039182,-52.85815293496,
    49.687170625543));
#2055 = CARTESIAN_POINT('',(91.899998052815,-53.27205892598,
    50.017249805527));
#2056 = PCURVE('',#486,#2057);
#2057 = DEFINITIONAL_REPRESENTATION('',(#2058),#2062);
#2058 = LINE('',#2059,#2060);
#2059 = CARTESIAN_POINT('',(0.,102.05607946074));
#2060 = VECTOR('',#2061,1.);
#2061 = DIRECTION('',(1.,0.));
#2062 = ( GEOMETRIC_REPRESENTATION_CONTEXT(2) 
PARAMETRIC_REPRESENTATION_CONTEXT() REPRESENTATION_CONTEXT('2D SPACE',''
  ) );
#2063 = PCURVE('',#2064,#2069);
#2064 = PLANE('',#2065);
#2065 = AXIS2_PLACEMENT_3D('',#2066,#2067,#2068);
#2066 = CARTESIAN_POINT('',(91.8999995949,-52.99917471698,
    49.799631800736));
#2067 = DIRECTION('',(9.381402209734E-14,0.623489994276,0.78183132902));
#2068 = DIRECTION('',(-6.922129472686E-17,-0.78183132902,0.623489994276)
  );
#2069 = DEFINITIONAL_REPRESENTATION('',(#2070),#2073);
#2070 = B_SPLINE_CURVE_WITH_KNOTS('',1,(#2071,#2072),.UNSPECIFIED.,.F.,
  .F.,(2,2),(0.,0.598889910268),.PIECEWISE_BEZIER_KNOTS.);
#2071 = CARTESIAN_POINT('',(-0.180373664735,-0.27999920308));
#2072 = CARTESIAN_POINT('',(0.349032072349,-1.542085271922E-06));
#2073 = ( GEOMETRIC_REPRESENTATION_CONTEXT(2) 
PARAMETRIC_REPRESENTATION_CONTEXT() REPRESENTATION_CONTEXT('2D SPACE',''
  ) );
#2074 = ORIENTED_EDGE('',*,*,#2075,.F.);
#2075 = EDGE_CURVE('',#2076,#2050,#2078,.T.);
#2076 = VERTEX_POINT('',#2077);
#2077 = CARTESIAN_POINT('',(91.594036639157,-54.5,49.0365));
#2078 = SURFACE_CURVE('',#2079,(#2088,#2100),.PCURVE_S1.);
#2079 = B_SPLINE_CURVE_WITH_KNOTS('',7,(#2080,#2081,#2082,#2083,#2084,
    #2085,#2086,#2087),.UNSPECIFIED.,.F.,.F.,(8,8),(0.,1.),
  .PIECEWISE_BEZIER_KNOTS.);
#2080 = CARTESIAN_POINT('',(91.594036639157,-54.5,49.0365));
#2081 = CARTESIAN_POINT('',(91.608319288785,-54.24878919645,49.0365));
#2082 = CARTESIAN_POINT('',(91.622623806347,-53.99725700161,
    49.074064542874));
#2083 = CARTESIAN_POINT('',(91.636918279438,-53.75265781023,
    49.149359684299));
#2084 = CARTESIAN_POINT('',(91.65120676989,-53.52169910056,
    49.260611615016));
#2085 = CARTESIAN_POINT('',(91.665478365824,-53.31041841024,
    49.404867795311));
#2086 = CARTESIAN_POINT('',(91.679763120205,-53.1242725525,
    49.57801172821));
#2087 = CARTESIAN_POINT('',(91.694045715048,-52.96761028822,
    49.774459996054));
#2088 = PCURVE('',#486,#2089);
#2089 = DEFINITIONAL_REPRESENTATION('',(#2090),#2099);
#2090 = B_SPLINE_CURVE_WITH_KNOTS('',7,(#2091,#2092,#2093,#2094,#2095,
    #2096,#2097,#2098),.UNSPECIFIED.,.F.,.F.,(8,8),(0.,1.),
  .PIECEWISE_BEZIER_KNOTS.);
#2091 = CARTESIAN_POINT('',(0.158357963106,101.1529232831));
#2092 = CARTESIAN_POINT('',(0.15836525414,101.28188640691));
#2093 = CARTESIAN_POINT('',(0.158379480832,101.41101765016));
#2094 = CARTESIAN_POINT('',(0.158394658028,101.5400540256));
#2095 = CARTESIAN_POINT('',(0.158406857606,101.66904879448));
#2096 = CARTESIAN_POINT('',(0.158383952801,101.79803917779));
#2097 = CARTESIAN_POINT('',(0.158375218294,101.92708896473));
#2098 = CARTESIAN_POINT('',(0.158376312238,102.05607946074));
#2099 = ( GEOMETRIC_REPRESENTATION_CONTEXT(2) 
PARAMETRIC_REPRESENTATION_CONTEXT() REPRESENTATION_CONTEXT('2D SPACE',''
  ) );
#2100 = PCURVE('',#2101,#2106);
#2101 = CYLINDRICAL_SURFACE('',#2102,1.96);
#2102 = AXIS2_PLACEMENT_3D('',#2103,#2104,#2105);
#2103 = CARTESIAN_POINT('',(80.24999995,-54.5,50.9965));
#2104 = DIRECTION('',(1.,0.,1.110223024625E-16));
#2105 = DIRECTION('',(1.110223024625E-16,0.,-1.));
#2106 = DEFINITIONAL_REPRESENTATION('',(#2107),#2116);
#2107 = B_SPLINE_CURVE_WITH_KNOTS('',7,(#2108,#2109,#2110,#2111,#2112,
    #2113,#2114,#2115),.UNSPECIFIED.,.F.,.F.,(8,8),(0.,1.),
  .PIECEWISE_BEZIER_KNOTS.);
#2108 = CARTESIAN_POINT('',(0.,11.344036689157));
#2109 = CARTESIAN_POINT('',(0.128168777319,11.358319338785));
#2110 = CARTESIAN_POINT('',(0.256501553848,11.372623856347));
#2111 = CARTESIAN_POINT('',(0.384736137074,11.386918329438));
#2112 = CARTESIAN_POINT('',(0.512926496976,11.40120681989));
#2113 = CARTESIAN_POINT('',(0.641120151633,11.415478415824));
#2114 = CARTESIAN_POINT('',(0.769400577174,11.429763170205));
#2115 = CARTESIAN_POINT('',(0.897597906048,11.444045765048));
#2116 = ( GEOMETRIC_REPRESENTATION_CONTEXT(2) 
PARAMETRIC_REPRESENTATION_CONTEXT() REPRESENTATION_CONTEXT('2D SPACE',''
  ) );
#2117 = ORIENTED_EDGE('',*,*,#2118,.F.);
#2118 = EDGE_CURVE('',#2119,#2076,#2121,.T.);
#2119 = VERTEX_POINT('',#2120);
#2120 = CARTESIAN_POINT('',(90.894038466753,-54.5,49.0365));
#2121 = SURFACE_CURVE('',#2122,(#2174,#2229),.PCURVE_S1.);
#2122 = B_SPLINE_CURVE_WITH_KNOTS('',8,(#2123,#2124,#2125,#2126,#2127,
    #2128,#2129,#2130,#2131,#2132,#2133,#2134,#2135,#2136,#2137,#2138,
    #2139,#2140,#2141,#2142,#2143,#2144,#2145,#2146,#2147,#2148,#2149,
    #2150,#2151,#2152,#2153,#2154,#2155,#2156,#2157,#2158,#2159,#2160,
    #2161,#2162,#2163,#2164,#2165,#2166,#2167,#2168,#2169,#2170,#2171,
    #2172,#2173),.UNSPECIFIED.,.F.,.F.,(9,7,7,7,7,7,7,9),(0.,
    9.228919387642E-02,0.248561168315,0.41661119722,0.601183811547,
    0.788748548852,0.892871073289,1.),.UNSPECIFIED.);
#2123 = CARTESIAN_POINT('',(90.894038466753,-54.5,49.0365));
#2124 = CARTESIAN_POINT('',(90.902112431364,-54.35800255523,49.0365));
#2125 = CARTESIAN_POINT('',(90.910189162506,-54.21595779202,
    49.048261686557));
#2126 = CARTESIAN_POINT('',(90.918267065674,-54.07505037585,
    49.071784398238));
#2127 = CARTESIAN_POINT('',(90.926344831631,-53.93642624719,
    49.106938135725));
#2128 = CARTESIAN_POINT('',(90.934421436405,-53.80119262153,
    49.153463561812));
#2129 = CARTESIAN_POINT('',(90.942496141289,-53.67041798936,
    49.210972001409));
#2130 = CARTESIAN_POINT('',(90.950568492841,-53.54513211621,
    49.278945441536));
#2131 = CARTESIAN_POINT('',(90.972302850897,-53.22515341424,
    49.488459073103));
#2132 = CARTESIAN_POINT('',(90.985978035533,-53.04221966802,
    49.648542997796));
#2133 = CARTESIAN_POINT('',(90.999657049741,-52.88256081165,
    49.833827596745));
#2134 = CARTESIAN_POINT('',(91.013333700703,-52.75010267404,
    50.040277202125));
#2135 = CARTESIAN_POINT('',(91.027007528515,-52.6479050143,
    50.26325499142));
#2136 = CARTESIAN_POINT('',(91.040682604846,-52.57820828653,
    50.497683908061));
#2137 = CARTESIAN_POINT('',(91.054360031578,-52.54228305998,
    50.738094698226));
#2138 = CARTESIAN_POINT('',(91.08271809673,-52.53771524547,
    51.237151126588));
#2139 = CARTESIAN_POINT('',(91.097430876798,-52.57433979789,
    51.496429655477));
#2140 = CARTESIAN_POINT('',(91.112135147038,-52.65018465178,
    51.74899667075));
#2141 = CARTESIAN_POINT('',(91.126838307769,-52.76362035676,
    51.987980431316));
#2142 = CARTESIAN_POINT('',(91.141545008516,-52.91178436655,
    52.207140406225));
#2143 = CARTESIAN_POINT('',(91.15625817817,-53.0907596037,
    52.400834859442));
#2144 = CARTESIAN_POINT('',(91.17098071241,-53.29545717698,
    52.564156132922));
#2145 = CARTESIAN_POINT('',(91.201824433116,-53.76526442957,
    52.835637919818));
#2146 = CARTESIAN_POINT('',(91.217996751718,-54.03518653903,
    52.937290876182));
#2147 = CARTESIAN_POINT('',(91.234146318222,-54.32062490726,
    52.993222124738));
#2148 = CARTESIAN_POINT('',(91.250284914153,-54.6124653066,
    53.001169536629));
#2149 = CARTESIAN_POINT('',(91.266428423088,-54.90160691201,
    52.960638136859));
#2150 = CARTESIAN_POINT('',(91.282587038098,-55.17904445877,
    52.873112575092));
#2151 = CARTESIAN_POINT('',(91.298766512426,-55.43593254939,
    52.74186228237));
#2152 = CARTESIAN_POINT('',(91.331317729119,-55.89654944684,
    52.401685119978));
#2153 = CARTESIAN_POINT('',(91.347757567867,-56.10033183478,
    52.1908075551));
#2154 = CARTESIAN_POINT('',(91.36417384749,-56.26706234905,
    51.946488795546));
#2155 = CARTESIAN_POINT('',(91.380576035133,-56.39080553995,
    51.676598063943));
#2156 = CARTESIAN_POINT('',(91.396979001963,-56.46734162155,
    51.389704291036));
#2157 = CARTESIAN_POINT('',(91.413398291857,-56.49443307965,
    51.095108611564));
#2158 = CARTESIAN_POINT('',(91.429842225323,-56.47163010371,
    50.802701673841));
#2159 = CARTESIAN_POINT('',(91.455357789486,-56.36313555244,
    50.367221799226));
#2160 = CARTESIAN_POINT('',(91.464467116957,-56.30986548545,
    50.215342652604));
#2161 = CARTESIAN_POINT('',(91.473576776687,-56.24247690558,
    50.068687995113));
#2162 = CARTESIAN_POINT('',(91.482686048764,-56.16157415619,
    49.928794001347));
#2163 = CARTESIAN_POINT('',(91.491794291879,-56.06794326908,
    49.797081027079));
#2164 = CARTESIAN_POINT('',(91.500900943327,-55.9625519645,
    49.674853609258));
#2165 = CARTESIAN_POINT('',(91.51000551901,-55.8465496512,
    49.563300466012));
#2166 = CARTESIAN_POINT('',(91.528472518974,-55.59236784044,
    49.360806759907));
#2167 = CARTESIAN_POINT('',(91.537836379078,-55.45356281215,
    49.270483064855));
#2168 = CARTESIAN_POINT('',(91.547200553632,-55.30630453622,
    49.193668792931));
#2169 = CARTESIAN_POINT('',(91.556565872522,-55.15213033229,
    49.131283223708));
#2170 = CARTESIAN_POINT('',(91.565932635635,-54.99266264487,
    49.084019534895));
#2171 = CARTESIAN_POINT('',(91.575300612857,-54.82960904336,
    49.052344802334));
#2172 = CARTESIAN_POINT('',(91.58466904407,-54.66476222201,49.0365));
#2173 = CARTESIAN_POINT('',(91.594036639157,-54.5,49.0365));
#2174 = PCURVE('',#486,#2175);
#2175 = DEFINITIONAL_REPRESENTATION('',(#2176),#2228);
#2176 = B_SPLINE_CURVE_WITH_KNOTS('',8,(#2177,#2178,#2179,#2180,#2181,
    #2182,#2183,#2184,#2185,#2186,#2187,#2188,#2189,#2190,#2191,#2192,
    #2193,#2194,#2195,#2196,#2197,#2198,#2199,#2200,#2201,#2202,#2203,
    #2204,#2205,#2206,#2207,#2208,#2209,#2210,#2211,#2212,#2213,#2214,
    #2215,#2216,#2217,#2218,#2219,#2220,#2221,#2222,#2223,#2224,#2225,
    #2226,#2227),.UNSPECIFIED.,.F.,.F.,(9,7,7,7,7,7,7,9),(0.,
    9.228919387642E-02,0.248561168315,0.41661119722,0.601183811547,
    0.788748548852,0.892871073289,1.),.UNSPECIFIED.);
#2177 = CARTESIAN_POINT('',(0.158361666717,94.830866130698));
#2178 = CARTESIAN_POINT('',(0.158367047843,94.903763489797));
#2179 = CARTESIAN_POINT('',(0.158374689209,94.976676263202));
#2180 = CARTESIAN_POINT('',(0.158382372924,95.049599394411));
#2181 = CARTESIAN_POINT('',(0.158388494025,95.122527831204));
#2182 = CARTESIAN_POINT('',(0.158392060475,95.195456525639));
#2183 = CARTESIAN_POINT('',(0.158392693163,95.268380434056));
#2184 = CARTESIAN_POINT('',(0.158390625907,95.341294517072));
#2185 = CARTESIAN_POINT('',(0.158380067001,95.537632952333));
#2186 = CARTESIAN_POINT('',(0.158365275157,95.661203358248));
#2187 = CARTESIAN_POINT('',(0.158371710428,95.784719941934));
#2188 = CARTESIAN_POINT('',(0.158389641325,95.908165850341));
#2189 = CARTESIAN_POINT('',(0.15840097131,96.031612450705));
#2190 = CARTESIAN_POINT('',(0.158397033341,96.155134436815));
#2191 = CARTESIAN_POINT('',(0.158383432032,96.278719983578));
#2192 = CARTESIAN_POINT('',(0.158359568181,96.534936662657));
#2193 = CARTESIAN_POINT('',(0.158347751372,96.667865190204));
#2194 = CARTESIAN_POINT('',(0.158344770384,96.800679679109));
#2195 = CARTESIAN_POINT('',(0.158356395188,96.933422514539));
#2196 = CARTESIAN_POINT('',(0.15837457327,97.066169625542));
#2197 = CARTESIAN_POINT('',(0.158388267213,97.198994044641));
#2198 = CARTESIAN_POINT('',(0.158395653489,97.331929619774));
#2199 = CARTESIAN_POINT('',(0.158398271193,97.610483953334));
#2200 = CARTESIAN_POINT('',(0.158392329471,97.756569457122));
#2201 = CARTESIAN_POINT('',(0.158379811146,97.902477210089));
#2202 = CARTESIAN_POINT('',(0.158367034443,98.048286975726));
#2203 = CARTESIAN_POINT('',(0.158362941873,98.194104480739));
#2204 = CARTESIAN_POINT('',(0.158364609948,98.340034140319));
#2205 = CARTESIAN_POINT('',(0.158368067214,98.486144677261));
#2206 = CARTESIAN_POINT('',(0.158373402852,98.780108937632));
#2207 = CARTESIAN_POINT('',(0.158375257898,98.928577773849));
#2208 = CARTESIAN_POINT('',(0.158373698655,99.076848259813));
#2209 = CARTESIAN_POINT('',(0.158367276044,99.225011988854));
#2210 = CARTESIAN_POINT('',(0.158361599057,99.373179560532));
#2211 = CARTESIAN_POINT('',(0.15836353691,99.52146234763));
#2212 = CARTESIAN_POINT('',(0.158370862652,99.669944917991));
#2213 = CARTESIAN_POINT('',(0.158384290405,99.900332207489));
#2214 = CARTESIAN_POINT('',(0.158389775518,99.982579994792));
#2215 = CARTESIAN_POINT('',(0.158394654745,100.06483334426));
#2216 = CARTESIAN_POINT('',(0.1583979744,100.14708978648));
#2217 = CARTESIAN_POINT('',(0.158399124856,100.22934610792));
#2218 = CARTESIAN_POINT('',(0.158397840543,100.31159835101));
#2219 = CARTESIAN_POINT('',(0.158394199952,100.39384181409));
#2220 = CARTESIAN_POINT('',(0.158382890354,100.56067455094));
#2221 = CARTESIAN_POINT('',(0.158374743408,100.64527881169));
#2222 = CARTESIAN_POINT('',(0.158366181115,100.72988768234));
#2223 = CARTESIAN_POINT('',(0.158358784833,100.81450197433));
#2224 = CARTESIAN_POINT('',(0.158353720953,100.89911946193));
#2225 = CARTESIAN_POINT('',(0.158351740896,100.9837348822));
#2226 = CARTESIAN_POINT('',(0.158353181118,101.06833993503));
#2227 = CARTESIAN_POINT('',(0.158357963106,101.1529232831));
#2228 = ( GEOMETRIC_REPRESENTATION_CONTEXT(2) 
PARAMETRIC_REPRESENTATION_CONTEXT() REPRESENTATION_CONTEXT('2D SPACE',''
  ) );
#2229 = PCURVE('',#2230,#2235);
#2230 = CYLINDRICAL_SURFACE('',#2231,1.96);
#2231 = AXIS2_PLACEMENT_3D('',#2232,#2233,#2234);
#2232 = CARTESIAN_POINT('',(80.24999995,-54.5,50.9965));
#2233 = DIRECTION('',(1.,0.,1.110223024625E-16));
#2234 = DIRECTION('',(1.110223024625E-16,0.,-1.));
#2235 = DEFINITIONAL_REPRESENTATION('',(#2236),#2288);
#2236 = B_SPLINE_CURVE_WITH_KNOTS('',8,(#2237,#2238,#2239,#2240,#2241,
    #2242,#2243,#2244,#2245,#2246,#2247,#2248,#2249,#2250,#2251,#2252,
    #2253,#2254,#2255,#2256,#2257,#2258,#2259,#2260,#2261,#2262,#2263,
    #2264,#2265,#2266,#2267,#2268,#2269,#2270,#2271,#2272,#2273,#2274,
    #2275,#2276,#2277,#2278,#2279,#2280,#2281,#2282,#2283,#2284,#2285,
    #2286,#2287),.UNSPECIFIED.,.F.,.F.,(9,7,7,7,7,7,7,9),(0.,
    9.228919387642E-02,0.248561168315,0.41661119722,0.601183811547,
    0.788748548852,0.892871073289,1.),.UNSPECIFIED.);
#2237 = CARTESIAN_POINT('',(0.,10.644038516753));
#2238 = CARTESIAN_POINT('',(7.244767590164E-02,10.652112481364));
#2239 = CARTESIAN_POINT('',(0.144909366534,10.660189212506));
#2240 = CARTESIAN_POINT('',(0.217380437913,10.668267115674));
#2241 = CARTESIAN_POINT('',(0.289856390689,10.676344881631));
#2242 = CARTESIAN_POINT('',(0.362332860141,10.684421486405));
#2243 = CARTESIAN_POINT('',(0.434805616182,10.692496191289));
#2244 = CARTESIAN_POINT('',(0.507270563356,10.700568542841));
#2245 = CARTESIAN_POINT('',(0.7024076719,10.722302900897));
#2246 = CARTESIAN_POINT('',(0.825226198197,10.735978085533));
#2247 = CARTESIAN_POINT('',(0.947991776547,10.749657099741));
#2248 = CARTESIAN_POINT('',(1.0706864022,10.763333750703));
#2249 = CARTESIAN_POINT('',(1.193378093159,10.777007578515));
#2250 = CARTESIAN_POINT('',(1.316137068452,10.790682654846));
#2251 = CARTESIAN_POINT('',(1.438951620349,10.804360081578));
#2252 = CARTESIAN_POINT('',(1.69358291234,10.83271814673));
#2253 = CARTESIAN_POINT('',(1.825691580606,10.847430926798));
#2254 = CARTESIAN_POINT('',(1.957692192997,10.862135197038));
#2255 = CARTESIAN_POINT('',(2.089622948661,10.876838357769));
#2256 = CARTESIAN_POINT('',(2.221555616471,10.891545058516));
#2257 = CARTESIAN_POINT('',(2.353562396873,10.90625822817));
#2258 = CARTESIAN_POINT('',(2.485679267299,10.92098076241));
#2259 = CARTESIAN_POINT('',(2.762519036874,10.951824483116));
#2260 = CARTESIAN_POINT('',(2.907705972283,10.967996801718));
#2261 = CARTESIAN_POINT('',(3.052718332977,10.984146368222));
#2262 = CARTESIAN_POINT('',(3.197636539756,11.000284964153));
#2263 = CARTESIAN_POINT('',(3.342562747024,11.016428473088));
#2264 = CARTESIAN_POINT('',(3.487597291393,11.032587088098));
#2265 = CARTESIAN_POINT('',(3.632808453797,11.048766562426));
#2266 = CARTESIAN_POINT('',(3.924959182208,11.081317779118));
#2267 = CARTESIAN_POINT('',(4.072510004843,11.097757617867));
#2268 = CARTESIAN_POINT('',(4.219862860489,11.11417389749));
#2269 = CARTESIAN_POINT('',(4.367111434592,11.130576085134));
#2270 = CARTESIAN_POINT('',(4.514368856636,11.146979051962));
#2271 = CARTESIAN_POINT('',(4.661743692429,11.163398341857));
#2272 = CARTESIAN_POINT('',(4.809317315917,11.179842275323));
#2273 = CARTESIAN_POINT('',(5.038292558729,11.205357839486));
#2274 = CARTESIAN_POINT('',(5.120035857712,11.214467166957));
#2275 = CARTESIAN_POINT('',(5.201784129224,11.223576826687));
#2276 = CARTESIAN_POINT('',(5.283534874456,11.232686098764));
#2277 = CARTESIAN_POINT('',(5.365284975568,11.241794341879));
#2278 = CARTESIAN_POINT('',(5.447030695694,11.250900993327));
#2279 = CARTESIAN_POINT('',(5.528767678933,11.26000556901));
#2280 = CARTESIAN_POINT('',(5.694573874803,11.278472568974));
#2281 = CARTESIAN_POINT('',(5.778657991542,11.287836429078));
#2282 = CARTESIAN_POINT('',(5.862747257838,11.297200603632));
#2283 = CARTESIAN_POINT('',(5.946842430531,11.306565922522));
#2284 = CARTESIAN_POINT('',(6.030941066036,11.315932685635));
#2285 = CARTESIAN_POINT('',(6.11503752034,11.325300662857));
#2286 = CARTESIAN_POINT('',(6.199122949008,11.33466909407));
#2287 = CARTESIAN_POINT('',(6.28318530718,11.344036689157));
#2288 = ( GEOMETRIC_REPRESENTATION_CONTEXT(2) 
PARAMETRIC_REPRESENTATION_CONTEXT() REPRESENTATION_CONTEXT('2D SPACE',''
  ) );
#2289 = ORIENTED_EDGE('',*,*,#2290,.F.);
#2290 = EDGE_CURVE('',#2291,#2119,#2293,.T.);
#2291 = VERTEX_POINT('',#2292);
#2292 = CARTESIAN_POINT('',(90.194040746561,-54.5,49.0365));
#2293 = SURFACE_CURVE('',#2294,(#2346,#2401),.PCURVE_S1.);
#2294 = B_SPLINE_CURVE_WITH_KNOTS('',8,(#2295,#2296,#2297,#2298,#2299,
    #2300,#2301,#2302,#2303,#2304,#2305,#2306,#2307,#2308,#2309,#2310,
    #2311,#2312,#2313,#2314,#2315,#2316,#2317,#2318,#2319,#2320,#2321,
    #2322,#2323,#2324,#2325,#2326,#2327,#2328,#2329,#2330,#2331,#2332,
    #2333,#2334,#2335,#2336,#2337,#2338,#2339,#2340,#2341,#2342,#2343,
    #2344,#2345),.UNSPECIFIED.,.F.,.F.,(9,7,7,7,7,7,7,9),(0.,
    9.292637200827E-02,0.262552590538,0.428500598428,0.568766787287,
    0.723186872759,0.833044550038,1.),.UNSPECIFIED.);
#2295 = CARTESIAN_POINT('',(90.194040746561,-54.5,49.0365));
#2296 = CARTESIAN_POINT('',(90.20217067716,-54.35702702666,49.0365));
#2297 = CARTESIAN_POINT('',(90.210302589125,-54.21401575853,
    49.048424419891));
#2298 = CARTESIAN_POINT('',(90.218434800965,-54.07217273832,
    49.072268763321));
#2299 = CARTESIAN_POINT('',(90.226566096129,-53.93266425874,
    49.107897604375));
#2300 = CARTESIAN_POINT('',(90.234695723011,-53.79661636254,
    49.155044587569));
#2301 = CARTESIAN_POINT('',(90.242823394948,-53.66511484247,
    49.213312427855));
#2302 = CARTESIAN_POINT('',(90.250949290223,-53.53920524129,
    49.282172910619));
#2303 = CARTESIAN_POINT('',(90.273904854088,-53.20210204585,
    49.504796084205));
#2304 = CARTESIAN_POINT('',(90.288755419733,-53.00587548334,
    49.681992545337));
#2305 = CARTESIAN_POINT('',(90.303609476496,-52.83772899273,
    49.888455173606));
#2306 = CARTESIAN_POINT('',(90.318453357715,-52.70254670724,
    50.11887985307));
#2307 = CARTESIAN_POINT('',(90.333287895778,-52.60399362437,
    50.367176095017));
#2308 = CARTESIAN_POINT('',(90.348125865863,-52.54460424972,
    50.626714003769));
#2309 = CARTESIAN_POINT('',(90.362974980203,-52.52554732504,
    50.890401566581));
#2310 = CARTESIAN_POINT('',(90.392316277209,-52.56614101096,
    51.405140938749));
#2311 = CARTESIAN_POINT('',(90.406847340389,-52.62414218776,
    51.657030517447));
#2312 = CARTESIAN_POINT('',(90.421372096467,-52.71966807756,
    51.899138918078));
#2313 = CARTESIAN_POINT('',(90.435893975155,-52.85059821844,
    52.1250132678));
#2314 = CARTESIAN_POINT('',(90.450416128905,-53.01369600134,
    52.328887429535));
#2315 = CARTESIAN_POINT('',(90.464942096258,-53.20476313013,
    52.505642177998));
#2316 = CARTESIAN_POINT('',(90.479475532056,-53.41853358772,
    52.650953184246));
#2317 = CARTESIAN_POINT('',(90.506251176839,-53.84286684044,
    52.855625150613));
#2318 = CARTESIAN_POINT('',(90.518524925556,-54.04920158953,
    52.92499915614));
#2319 = CARTESIAN_POINT('',(90.530794145105,-54.26372188395,
    52.96808657854));
#2320 = CARTESIAN_POINT('',(90.543060521241,-54.48247706551,
    52.983852148644));
#2321 = CARTESIAN_POINT('',(90.555328422499,-54.70147866719,
    52.971947236374));
#2322 = CARTESIAN_POINT('',(90.567601338925,-54.91673125873,
    52.932647963035));
#2323 = CARTESIAN_POINT('',(90.579878902202,-55.12426283757,
    52.866918997935));
#2324 = CARTESIAN_POINT('',(90.605651675498,-55.53603383452,
    52.677177897941));
#2325 = CARTESIAN_POINT('',(90.619172499489,-55.73827128601,
    52.54774905587));
#2326 = CARTESIAN_POINT('',(90.632685840336,-55.92173534922,
    52.390598941377));
#2327 = CARTESIAN_POINT('',(90.646191591699,-56.08206860848,
    52.209046302373));
#2328 = CARTESIAN_POINT('',(90.659695114027,-56.21569325683,
    52.007045730794));
#2329 = CARTESIAN_POINT('',(90.673203356001,-56.31974749921,
    51.789078532498));
#2330 = CARTESIAN_POINT('',(90.686720417215,-56.39217938366,
    51.560176094268));
#2331 = CARTESIAN_POINT('',(90.709838368632,-56.46053378391,
    51.159256454166));
#2332 = CARTESIAN_POINT('',(90.7194514577,-56.47252664369,
    50.989751836095));
#2333 = CARTESIAN_POINT('',(90.729064893523,-56.467751955,
    50.819339529288));
#2334 = CARTESIAN_POINT('',(90.738678909202,-56.44615998808,
    50.649956253819));
#2335 = CARTESIAN_POINT('',(90.748294288469,-56.40795863683,
    50.483512359787));
#2336 = CARTESIAN_POINT('',(90.757911378866,-56.35360026023,
    50.321881741322));
#2337 = CARTESIAN_POINT('',(90.767528980557,-56.28379794424,
    50.166886890755));
#2338 = CARTESIAN_POINT('',(90.791749945504,-56.07157766597,
    49.797424264337));
#2339 = CARTESIAN_POINT('',(90.806376398608,-55.91001250031,
    49.593459653741));
#2340 = CARTESIAN_POINT('',(90.820988189278,-55.7183513588,
    49.414780247432));
#2341 = CARTESIAN_POINT('',(90.83558921666,-55.50139855194,
    49.266370783714));
#2342 = CARTESIAN_POINT('',(90.850189183176,-55.26464522685,
    49.152175473376));
#2343 = CARTESIAN_POINT('',(90.864801341371,-55.01424627695,
    49.074993182836));
#2344 = CARTESIAN_POINT('',(90.879429163683,-54.75693495147,49.0365));
#2345 = CARTESIAN_POINT('',(90.894038466753,-54.5,49.0365));
#2346 = PCURVE('',#486,#2347);
#2347 = DEFINITIONAL_REPRESENTATION('',(#2348),#2400);
#2348 = B_SPLINE_CURVE_WITH_KNOTS('',8,(#2349,#2350,#2351,#2352,#2353,
    #2354,#2355,#2356,#2357,#2358,#2359,#2360,#2361,#2362,#2363,#2364,
    #2365,#2366,#2367,#2368,#2369,#2370,#2371,#2372,#2373,#2374,#2375,
    #2376,#2377,#2378,#2379,#2380,#2381,#2382,#2383,#2384,#2385,#2386,
    #2387,#2388,#2389,#2390,#2391,#2392,#2393,#2394,#2395,#2396,#2397,
    #2398,#2399),.UNSPECIFIED.,.F.,.F.,(9,7,7,7,7,7,7,9),(0.,
    9.292637200827E-02,0.262552590538,0.428500598428,0.568766787287,
    0.723186872759,0.833044550038,1.),.UNSPECIFIED.);
#2349 = CARTESIAN_POINT('',(0.158366204042,88.508809514759));
#2350 = CARTESIAN_POINT('',(0.158372515087,88.582208379388));
#2351 = CARTESIAN_POINT('',(0.15838045911,88.655618213191));
#2352 = CARTESIAN_POINT('',(0.158387546379,88.729034321463));
#2353 = CARTESIAN_POINT('',(0.158392147199,88.802452597201));
#2354 = CARTESIAN_POINT('',(0.158393491905,88.875869521102));
#2355 = CARTESIAN_POINT('',(0.158391670871,88.949282161564));
#2356 = CARTESIAN_POINT('',(0.158387634502,89.022688174686));
#2357 = CARTESIAN_POINT('',(0.15837508623,89.230064588604));
#2358 = CARTESIAN_POINT('',(0.158363551115,89.364238049467));
#2359 = CARTESIAN_POINT('',(0.158382768475,89.498312103709));
#2360 = CARTESIAN_POINT('',(0.158404656668,89.632281824384));
#2361 = CARTESIAN_POINT('',(0.158403418282,89.766264532228));
#2362 = CARTESIAN_POINT('',(0.158383197871,89.900358795796));
#2363 = CARTESIAN_POINT('',(0.158368850959,90.034529340261));
#2364 = CARTESIAN_POINT('',(0.158350993453,90.299600954087));
#2365 = CARTESIAN_POINT('',(0.15834805968,90.430850889334));
#2366 = CARTESIAN_POINT('',(0.158356358649,90.56199649661));
#2367 = CARTESIAN_POINT('',(0.158373563044,90.693078504232));
#2368 = CARTESIAN_POINT('',(0.158389909736,90.824166566801));
#2369 = CARTESIAN_POINT('',(0.158397927702,90.955324182974));
#2370 = CARTESIAN_POINT('',(0.158399195344,91.086577705944));
#2371 = CARTESIAN_POINT('',(0.158392664022,91.328429743476));
#2372 = CARTESIAN_POINT('',(0.158386304742,91.439307038543));
#2373 = CARTESIAN_POINT('',(0.158377972923,91.550151747312));
#2374 = CARTESIAN_POINT('',(0.158370532804,91.660967015051));
#2375 = CARTESIAN_POINT('',(0.158366139361,91.771783209138));
#2376 = CARTESIAN_POINT('',(0.158365115074,91.882630494963));
#2377 = CARTESIAN_POINT('',(0.158366133532,91.993511147219));
#2378 = CARTESIAN_POINT('',(0.158369973695,92.226262069267));
#2379 = CARTESIAN_POINT('',(0.158372940704,92.348363062597));
#2380 = CARTESIAN_POINT('',(0.158375260307,92.470399223965));
#2381 = CARTESIAN_POINT('',(0.158374655196,92.592379196617));
#2382 = CARTESIAN_POINT('',(0.158371256767,92.714350822849));
#2383 = CARTESIAN_POINT('',(0.158367383784,92.836367055514));
#2384 = CARTESIAN_POINT('',(0.158365583178,92.958454160169));
#2385 = CARTESIAN_POINT('',(0.15836715282,93.167237545375));
#2386 = CARTESIAN_POINT('',(0.15836919143,93.25404963575));
#2387 = CARTESIAN_POINT('',(0.158372881474,93.340857872393));
#2388 = CARTESIAN_POINT('',(0.158378135872,93.427664731125));
#2389 = CARTESIAN_POINT('',(0.158384212864,93.514480427254));
#2390 = CARTESIAN_POINT('',(0.158389920982,93.601313136952));
#2391 = CARTESIAN_POINT('',(0.158394092772,93.688156960027));
#2392 = CARTESIAN_POINT('',(0.158399122233,93.906887575262));
#2393 = CARTESIAN_POINT('',(0.158397130376,94.03899495339));
#2394 = CARTESIAN_POINT('',(0.158387802411,94.17100093323));
#2395 = CARTESIAN_POINT('',(0.158371398768,94.302939640549));
#2396 = CARTESIAN_POINT('',(0.158353844632,94.43487367166));
#2397 = CARTESIAN_POINT('',(0.15834744984,94.566870696763));
#2398 = CARTESIAN_POINT('',(0.158351929926,94.698963197843));
#2399 = CARTESIAN_POINT('',(0.158361666717,94.830866130698));
#2400 = ( GEOMETRIC_REPRESENTATION_CONTEXT(2) 
PARAMETRIC_REPRESENTATION_CONTEXT() REPRESENTATION_CONTEXT('2D SPACE',''
  ) );
#2401 = PCURVE('',#2402,#2407);
#2402 = CYLINDRICAL_SURFACE('',#2403,1.96);
#2403 = AXIS2_PLACEMENT_3D('',#2404,#2405,#2406);
#2404 = CARTESIAN_POINT('',(80.24999995,-54.5,50.9965));
#2405 = DIRECTION('',(1.,0.,1.110223024625E-16));
#2406 = DIRECTION('',(1.110223024625E-16,0.,-1.));
#2407 = DEFINITIONAL_REPRESENTATION('',(#2408),#2460);
#2408 = B_SPLINE_CURVE_WITH_KNOTS('',8,(#2409,#2410,#2411,#2412,#2413,
    #2414,#2415,#2416,#2417,#2418,#2419,#2420,#2421,#2422,#2423,#2424,
    #2425,#2426,#2427,#2428,#2429,#2430,#2431,#2432,#2433,#2434,#2435,
    #2436,#2437,#2438,#2439,#2440,#2441,#2442,#2443,#2444,#2445,#2446,
    #2447,#2448,#2449,#2450,#2451,#2452,#2453,#2454,#2455,#2456,#2457,
    #2458,#2459),.UNSPECIFIED.,.F.,.F.,(9,7,7,7,7,7,7,9),(0.,
    9.292637200827E-02,0.262552590538,0.428500598428,0.568766787287,
    0.723186872759,0.833044550038,1.),.UNSPECIFIED.);
#2409 = CARTESIAN_POINT('',(0.,9.944040796561));
#2410 = CARTESIAN_POINT('',(7.294539455957E-02,9.95217072716));
#2411 = CARTESIAN_POINT('',(0.145900194387,9.960302639125));
#2412 = CARTESIAN_POINT('',(0.218860663789,9.968434850965));
#2413 = CARTESIAN_POINT('',(0.291823563371,9.976566146128));
#2414 = CARTESIAN_POINT('',(0.364786150043,9.984695773011));
#2415 = CARTESIAN_POINT('',(0.437746177011,9.992823444948));
#2416 = CARTESIAN_POINT('',(0.510701893786,10.000949340223));
#2417 = CARTESIAN_POINT('',(0.716814013272,10.023904904088));
#2418 = CARTESIAN_POINT('',(0.850164872188,10.038755469733));
#2419 = CARTESIAN_POINT('',(0.983430306209,10.053609526496));
#2420 = CARTESIAN_POINT('',(1.116586411463,10.068453407715));
#2421 = CARTESIAN_POINT('',(1.249737493915,10.083287945778));
#2422 = CARTESIAN_POINT('',(1.382991562673,10.098125915863));
#2423 = CARTESIAN_POINT('',(1.5163335196,10.112975030203));
#2424 = CARTESIAN_POINT('',(1.77977104662,10.142316327209));
#2425 = CARTESIAN_POINT('',(1.910215026651,10.156847390389));
#2426 = CARTESIAN_POINT('',(2.040558152721,10.171372146467));
#2427 = CARTESIAN_POINT('',(2.17083649419,10.185894025155));
#2428 = CARTESIAN_POINT('',(2.301117911918,10.200416178905));
#2429 = CARTESIAN_POINT('',(2.431467203941,10.214942146258));
#2430 = CARTESIAN_POINT('',(2.561912435523,10.229475582056));
#2431 = CARTESIAN_POINT('',(2.802277220587,10.256251226839));
#2432 = CARTESIAN_POINT('',(2.912473524845,10.268524975556));
#2433 = CARTESIAN_POINT('',(3.022638675857,10.280794195105));
#2434 = CARTESIAN_POINT('',(3.132775718391,10.293060571241));
#2435 = CARTESIAN_POINT('',(3.242913838557,10.305328472499));
#2436 = CARTESIAN_POINT('',(3.353081843973,10.317601388925));
#2437 = CARTESIAN_POINT('',(3.463281492698,10.329878952202));
#2438 = CARTESIAN_POINT('',(3.694599853012,10.355651725498));
#2439 = CARTESIAN_POINT('',(3.815947562167,10.369172549489));
#2440 = CARTESIAN_POINT('',(3.937229137187,10.382685890336));
#2441 = CARTESIAN_POINT('',(4.058454130482,10.396191641699));
#2442 = CARTESIAN_POINT('',(4.179671856846,10.409695164027));
#2443 = CARTESIAN_POINT('',(4.300936184963,10.423203406001));
#2444 = CARTESIAN_POINT('',(4.422272975191,10.436720467215));
#2445 = CARTESIAN_POINT('',(4.629775479061,10.459838418632));
#2446 = CARTESIAN_POINT('',(4.716055641182,10.4694515077));
#2447 = CARTESIAN_POINT('',(4.802332370749,10.479064943523));
#2448 = CARTESIAN_POINT('',(4.888607709384,10.488678959202));
#2449 = CARTESIAN_POINT('',(4.974891358289,10.498294338469));
#2450 = CARTESIAN_POINT('',(5.061191176793,10.507911428866));
#2451 = CARTESIAN_POINT('',(5.147501346783,10.517529030557));
#2452 = CARTESIAN_POINT('',(5.364886654566,10.541749995504));
#2453 = CARTESIAN_POINT('',(5.496180381664,10.556376448608));
#2454 = CARTESIAN_POINT('',(5.627373034394,10.570988239277));
#2455 = CARTESIAN_POINT('',(5.758499943628,10.58558926666));
#2456 = CARTESIAN_POINT('',(5.889625780051,10.600189233176));
#2457 = CARTESIAN_POINT('',(6.020815055715,10.614801391371));
#2458 = CARTESIAN_POINT('',(6.152096046224,10.629429213683));
#2459 = CARTESIAN_POINT('',(6.28318530718,10.644038516753));
#2460 = ( GEOMETRIC_REPRESENTATION_CONTEXT(2) 
PARAMETRIC_REPRESENTATION_CONTEXT() REPRESENTATION_CONTEXT('2D SPACE',''
  ) );
#2461 = ORIENTED_EDGE('',*,*,#2462,.F.);
#2462 = EDGE_CURVE('',#2463,#2291,#2465,.T.);
#2463 = VERTEX_POINT('',#2464);
#2464 = CARTESIAN_POINT('',(89.494043326355,-54.5,49.0365));
#2465 = SURFACE_CURVE('',#2466,(#2518,#2573),.PCURVE_S1.);
#2466 = B_SPLINE_CURVE_WITH_KNOTS('',8,(#2467,#2468,#2469,#2470,#2471,
    #2472,#2473,#2474,#2475,#2476,#2477,#2478,#2479,#2480,#2481,#2482,
    #2483,#2484,#2485,#2486,#2487,#2488,#2489,#2490,#2491,#2492,#2493,
    #2494,#2495,#2496,#2497,#2498,#2499,#2500,#2501,#2502,#2503,#2504,
    #2505,#2506,#2507,#2508,#2509,#2510,#2511,#2512,#2513,#2514,#2515,
    #2516,#2517),.UNSPECIFIED.,.F.,.F.,(9,7,7,7,7,7,7,9),(0.,
    0.102942021457,0.263042426004,0.421877912591,0.616861855661,
    0.777596409995,0.934813403865,1.),.UNSPECIFIED.);
#2467 = CARTESIAN_POINT('',(89.494043326355,-54.5,49.0365));
#2468 = CARTESIAN_POINT('',(89.503048182119,-54.34164595507,49.0365));
#2469 = CARTESIAN_POINT('',(89.512056146281,-54.18321748832,
    49.051136201558));
#2470 = CARTESIAN_POINT('',(89.52106394786,-54.02637989249,
    49.08039443633));
#2471 = CARTESIAN_POINT('',(89.530069562084,-53.87272626605,
    49.124068048964));
#2472 = CARTESIAN_POINT('',(89.539072210391,-53.72377751321,
    49.181757897096));
#2473 = CARTESIAN_POINT('',(89.548072360428,-53.58098234392,
    49.252872351349));
#2474 = CARTESIAN_POINT('',(89.557071726054,-53.44571727387,
    49.336627295338));
#2475 = CARTESIAN_POINT('',(89.580072899172,-53.12265557116,
    49.580446099949));
#2476 = CARTESIAN_POINT('',(89.594092723741,-52.94711240038,
    49.757268604867));
#2477 = CARTESIAN_POINT('',(89.60811098329,-52.79783714159,
    49.958755201567));
#2478 = CARTESIAN_POINT('',(89.622117352987,-52.67871971777,
    50.180268575986));
#2479 = CARTESIAN_POINT('',(89.636115639367,-52.5926549796,
    50.416586221891));
#2480 = CARTESIAN_POINT('',(89.650117967504,-52.54160667304,
    50.662078794654));
#2481 = CARTESIAN_POINT('',(89.664130456918,-52.52644034042,
    50.910773135768));
#2482 = CARTESIAN_POINT('',(89.692019705152,-52.56645128381,
    51.399886947105));
#2483 = CARTESIAN_POINT('',(89.705925680465,-52.62111181256,
    51.640876749731));
#2484 = CARTESIAN_POINT('',(89.719827198384,-52.71011364453,
    51.873092218718));
#2485 = CARTESIAN_POINT('',(89.733726246779,-52.83166539856,
    52.090883651089));
#2486 = CARTESIAN_POINT('',(89.747625454518,-52.98302394051,
    52.289146331401));
#2487 = CARTESIAN_POINT('',(89.761527912639,-53.16060947435,
    52.463302172151));
#2488 = CARTESIAN_POINT('',(89.775435725149,-53.35992097618,
    52.609426717378));
#2489 = CARTESIAN_POINT('',(89.806372442414,-53.83988246982,
    52.866213827676));
#2490 = CARTESIAN_POINT('',(89.823463209926,-54.12983673111,
    52.961836208837));
#2491 = CARTESIAN_POINT('',(89.840526507429,-54.43490537123,
    53.00549247809));
#2492 = CARTESIAN_POINT('',(89.857578293481,-54.74412479899,
    52.995109218128));
#2493 = CARTESIAN_POINT('',(89.874635284232,-55.04674260846,
    52.930752322017));
#2494 = CARTESIAN_POINT('',(89.891707005077,-55.33232282623,
    52.814964931678));
#2495 = CARTESIAN_POINT('',(89.908805708559,-55.5907515709,
    52.652358967075));
#2496 = CARTESIAN_POINT('',(89.93991765258,-55.99700711039,
    52.285582813137));
#2497 = CARTESIAN_POINT('',(89.953993639013,-56.1569213243,
    52.093159471506));
#2498 = CARTESIAN_POINT('',(89.968059235105,-56.2882475563,
    51.878275159665));
#2499 = CARTESIAN_POINT('',(89.982117149232,-56.38748815592,
    51.646026439986));
#2500 = CARTESIAN_POINT('',(89.996175366571,-56.45216890163,
    51.401903930892));
#2501 = CARTESIAN_POINT('',(90.010241670224,-56.4808842901,
    51.151754674391));
#2502 = CARTESIAN_POINT('',(90.024318711192,-56.47326997361,
    50.901711003348));
#2503 = CARTESIAN_POINT('',(90.05213621769,-56.3887902662,
    50.419783222916));
#2504 = CARTESIAN_POINT('',(90.065904981646,-56.31335328621,
    50.187127746482));
#2505 = CARTESIAN_POINT('',(90.079666283577,-56.20519465235,
    49.966081313237));
#2506 = CARTESIAN_POINT('',(90.093416455026,-56.06651463896,
    49.761923512641));
#2507 = CARTESIAN_POINT('',(90.107162729429,-55.9004242624,
    49.579368274143));
#2508 = CARTESIAN_POINT('',(90.120914695935,-55.71078010737,
    49.422541754894));
#2509 = CARTESIAN_POINT('',(90.134673984692,-55.50220073159,
    49.294816904366));
#2510 = CARTESIAN_POINT('',(90.154122574314,-55.18824369469,
    49.158570954243));
#2511 = CARTESIAN_POINT('',(90.159825078243,-55.09385964805,
    49.124007786215));
#2512 = CARTESIAN_POINT('',(90.165527911639,-54.99750844379,
    49.094993532285));
#2513 = CARTESIAN_POINT('',(90.171230274317,-54.89958748554,
    49.071659724899));
#2514 = CARTESIAN_POINT('',(90.176932075528,-54.80049128138,
    49.054098396134));
#2515 = CARTESIAN_POINT('',(90.182633754788,-54.70060846561,
    49.042368291523));
#2516 = CARTESIAN_POINT('',(90.18833619767,-54.60032020649,49.0365));
#2517 = CARTESIAN_POINT('',(90.194040746561,-54.5,49.0365));
#2518 = PCURVE('',#486,#2519);
#2519 = DEFINITIONAL_REPRESENTATION('',(#2520),#2572);
#2520 = B_SPLINE_CURVE_WITH_KNOTS('',8,(#2521,#2522,#2523,#2524,#2525,
    #2526,#2527,#2528,#2529,#2530,#2531,#2532,#2533,#2534,#2535,#2536,
    #2537,#2538,#2539,#2540,#2541,#2542,#2543,#2544,#2545,#2546,#2547,
    #2548,#2549,#2550,#2551,#2552,#2553,#2554,#2555,#2556,#2557,#2558,
    #2559,#2560,#2561,#2562,#2563,#2564,#2565,#2566,#2567,#2568,#2569,
    #2570,#2571),.UNSPECIFIED.,.F.,.F.,(9,7,7,7,7,7,7,9),(0.,
    0.102942021457,0.263042426004,0.421877912591,0.616861855661,
    0.777596409995,0.934813403865,1.),.UNSPECIFIED.);
#2521 = CARTESIAN_POINT('',(0.158371254877,82.186753419903));
#2522 = CARTESIAN_POINT('',(0.158378720864,82.268049269365));
#2523 = CARTESIAN_POINT('',(0.158387091145,82.34936934125));
#2524 = CARTESIAN_POINT('',(0.158393069616,82.430697976442));
#2525 = CARTESIAN_POINT('',(0.158394864238,82.512024460082));
#2526 = CARTESIAN_POINT('',(0.158392187044,82.593343021564));
#2527 = CARTESIAN_POINT('',(0.158386254133,82.674652834535));
#2528 = CARTESIAN_POINT('',(0.158379785671,82.755958016899));
#2529 = CARTESIAN_POINT('',(0.158372682655,82.963724270152));
#2530 = CARTESIAN_POINT('',(0.158376508051,83.090330237491));
#2531 = CARTESIAN_POINT('',(0.158394995437,83.216857635533));
#2532 = CARTESIAN_POINT('',(0.158405414517,83.343310967117));
#2533 = CARTESIAN_POINT('',(0.158394794677,83.469781235031));
#2534 = CARTESIAN_POINT('',(0.158373354929,83.596334427063));
#2535 = CARTESIAN_POINT('',(0.158362360451,83.722934386296));
#2536 = CARTESIAN_POINT('',(0.158350498073,83.97486656954));
#2537 = CARTESIAN_POINT('',(0.158351235859,84.100455528856));
#2538 = CARTESIAN_POINT('',(0.158361682098,84.225963277608));
#2539 = CARTESIAN_POINT('',(0.158378041718,84.351423735577));
#2540 = CARTESIAN_POINT('',(0.158392166056,84.476895022347));
#2541 = CARTESIAN_POINT('',(0.158398669688,84.602427791751));
#2542 = CARTESIAN_POINT('',(0.158399055526,84.728034709817));
#2543 = CARTESIAN_POINT('',(0.158390565359,85.007475773582));
#2544 = CARTESIAN_POINT('',(0.158379651805,85.1618772239));
#2545 = CARTESIAN_POINT('',(0.158366537661,85.316039861693));
#2546 = CARTESIAN_POINT('',(0.15836013047,85.470070248097));
#2547 = CARTESIAN_POINT('',(0.158364307253,85.624103008212));
#2548 = CARTESIAN_POINT('',(0.158369697419,85.778263732383));
#2549 = CARTESIAN_POINT('',(0.158372794104,85.932677862947));
#2550 = CARTESIAN_POINT('',(0.158373385088,86.213663378785));
#2551 = CARTESIAN_POINT('',(0.158371778687,86.340797656386));
#2552 = CARTESIAN_POINT('',(0.158368132325,86.467846695034));
#2553 = CARTESIAN_POINT('',(0.158363886464,86.594828858272));
#2554 = CARTESIAN_POINT('',(0.158362914476,86.721799900218));
#2555 = CARTESIAN_POINT('',(0.158367086606,86.848822219345));
#2556 = CARTESIAN_POINT('',(0.15837438787,86.975928280267));
#2557 = CARTESIAN_POINT('',(0.158389385602,87.227098945838));
#2558 = CARTESIAN_POINT('',(0.158396965734,87.351419619599));
#2559 = CARTESIAN_POINT('',(0.158402583852,87.475681197659));
#2560 = CARTESIAN_POINT('',(0.158401519171,87.599870504237));
#2561 = CARTESIAN_POINT('',(0.158392198397,87.724059527342));
#2562 = CARTESIAN_POINT('',(0.1583780705,87.848320308174));
#2563 = CARTESIAN_POINT('',(0.158365614225,87.972640192255));
#2564 = CARTESIAN_POINT('',(0.158355519615,88.14833312212));
#2565 = CARTESIAN_POINT('',(0.158353467048,88.199844059545));
#2566 = CARTESIAN_POINT('',(0.158352571255,88.251353083557));
#2567 = CARTESIAN_POINT('',(0.158353010622,88.302852210851));
#2568 = CARTESIAN_POINT('',(0.158354816232,88.354340487102));
#2569 = CARTESIAN_POINT('',(0.158357841393,88.405822497769));
#2570 = CARTESIAN_POINT('',(0.158361775755,88.457307548447));
#2571 = CARTESIAN_POINT('',(0.158366204042,88.508809514759));
#2572 = ( GEOMETRIC_REPRESENTATION_CONTEXT(2) 
PARAMETRIC_REPRESENTATION_CONTEXT() REPRESENTATION_CONTEXT('2D SPACE',''
  ) );
#2573 = PCURVE('',#2574,#2579);
#2574 = CYLINDRICAL_SURFACE('',#2575,1.96);
#2575 = AXIS2_PLACEMENT_3D('',#2576,#2577,#2578);
#2576 = CARTESIAN_POINT('',(80.24999995,-54.5,50.9965));
#2577 = DIRECTION('',(1.,0.,1.110223024625E-16));
#2578 = DIRECTION('',(1.110223024625E-16,0.,-1.));
#2579 = DEFINITIONAL_REPRESENTATION('',(#2580),#2632);
#2580 = B_SPLINE_CURVE_WITH_KNOTS('',8,(#2581,#2582,#2583,#2584,#2585,
    #2586,#2587,#2588,#2589,#2590,#2591,#2592,#2593,#2594,#2595,#2596,
    #2597,#2598,#2599,#2600,#2601,#2602,#2603,#2604,#2605,#2606,#2607,
    #2608,#2609,#2610,#2611,#2612,#2613,#2614,#2615,#2616,#2617,#2618,
    #2619,#2620,#2621,#2622,#2623,#2624,#2625,#2626,#2627,#2628,#2629,
    #2630,#2631),.UNSPECIFIED.,.F.,.F.,(9,7,7,7,7,7,7,9),(0.,
    0.102942021457,0.263042426004,0.421877912591,0.616861855661,
    0.777596409995,0.934813403865,1.),.UNSPECIFIED.);
#2581 = CARTESIAN_POINT('',(0.,9.244043376355));
#2582 = CARTESIAN_POINT('',(8.079288006432E-02,9.253048232118));
#2583 = CARTESIAN_POINT('',(0.161607363413,9.262056196281));
#2584 = CARTESIAN_POINT('',(0.24243071041,9.27106399786));
#2585 = CARTESIAN_POINT('',(0.32325412393,9.280069612084));
#2586 = CARTESIAN_POINT('',(0.404072749364,9.289072260391));
#2587 = CARTESIAN_POINT('',(0.484885674614,9.298072410428));
#2588 = CARTESIAN_POINT('',(0.565695930097,9.307071776054));
#2589 = CARTESIAN_POINT('',(0.772197194223,9.330072949172));
#2590 = CARTESIAN_POINT('',(0.898023789284,9.344092773741));
#2591 = CARTESIAN_POINT('',(1.023787817752,9.35811103329));
#2592 = CARTESIAN_POINT('',(1.149470591547,9.372117402987));
#2593 = CARTESIAN_POINT('',(1.275149577059,9.386115689367));
#2594 = CARTESIAN_POINT('',(1.400906375121,9.400118017504));
#2595 = CARTESIAN_POINT('',(1.526730294597,9.414130506918));
#2596 = CARTESIAN_POINT('',(1.777111717516,9.442019755152));
#2597 = CARTESIAN_POINT('',(1.901930222904,9.455925730465));
#2598 = CARTESIAN_POINT('',(2.026669612086,9.469827248384));
#2599 = CARTESIAN_POINT('',(2.151360171915,9.483726296778));
#2600 = CARTESIAN_POINT('',(2.276059025584,9.497625504518));
#2601 = CARTESIAN_POINT('',(2.400818175834,9.511527962639));
#2602 = CARTESIAN_POINT('',(2.525651678157,9.525435775148));
#2603 = CARTESIAN_POINT('',(2.803374583834,9.556372492414));
#2604 = CARTESIAN_POINT('',(2.956828391736,9.573463259926));
#2605 = CARTESIAN_POINT('',(3.110047452306,9.590526557429));
#2606 = CARTESIAN_POINT('',(3.263136986726,9.607578343481));
#2607 = CARTESIAN_POINT('',(3.416225366075,9.624635334232));
#2608 = CARTESIAN_POINT('',(3.56943617357,9.641707055077));
#2609 = CARTESIAN_POINT('',(3.722896350245,9.658805758559));
#2610 = CARTESIAN_POINT('',(4.002145502697,9.68991770258));
#2611 = CARTESIAN_POINT('',(4.128493978482,9.703993689013));
#2612 = CARTESIAN_POINT('',(4.254758836515,9.718059285105));
#2613 = CARTESIAN_POINT('',(4.380959696284,9.732117199233));
#2614 = CARTESIAN_POINT('',(4.507152393087,9.746175416571));
#2615 = CARTESIAN_POINT('',(4.633397239499,9.760241720224));
#2616 = CARTESIAN_POINT('',(4.759725007458,9.774318761192));
#2617 = CARTESIAN_POINT('',(5.0093557252,9.80213626769));
#2618 = CARTESIAN_POINT('',(5.132913301487,9.815905031646));
#2619 = CARTESIAN_POINT('',(5.256410251642,9.829666333577));
#2620 = CARTESIAN_POINT('',(5.37983407668,9.843416505026));
#2621 = CARTESIAN_POINT('',(5.503257779207,9.857162779429));
#2622 = CARTESIAN_POINT('',(5.626754374436,9.870914745935));
#2623 = CARTESIAN_POINT('',(5.75031161203,9.884674034692));
#2624 = CARTESIAN_POINT('',(5.924926661316,9.904122624314));
#2625 = CARTESIAN_POINT('',(5.97612158527,9.909825128243));
#2626 = CARTESIAN_POINT('',(6.027314512833,9.915527961639));
#2627 = CARTESIAN_POINT('',(6.078497373617,9.921230324317));
#2628 = CARTESIAN_POINT('',(6.129669077022,9.926932125528));
#2629 = CARTESIAN_POINT('',(6.18083406402,9.932633804788));
#2630 = CARTESIAN_POINT('',(6.232001528354,9.93833624767));
#2631 = CARTESIAN_POINT('',(6.28318530718,9.944040796561));
#2632 = ( GEOMETRIC_REPRESENTATION_CONTEXT(2) 
PARAMETRIC_REPRESENTATION_CONTEXT() REPRESENTATION_CONTEXT('2D SPACE',''
  ) );
#2633 = ORIENTED_EDGE('',*,*,#2634,.F.);
#2634 = EDGE_CURVE('',#2635,#2463,#2637,.T.);
#2635 = VERTEX_POINT('',#2636);
#2636 = CARTESIAN_POINT('',(88.79404602053,-54.5,49.0365));
#2637 = SURFACE_CURVE('',#2638,(#2689,#2743),.PCURVE_S1.);
#2638 = B_SPLINE_CURVE_WITH_KNOTS('',7,(#2639,#2640,#2641,#2642,#2643,
    #2644,#2645,#2646,#2647,#2648,#2649,#2650,#2651,#2652,#2653,#2654,
    #2655,#2656,#2657,#2658,#2659,#2660,#2661,#2662,#2663,#2664,#2665,
    #2666,#2667,#2668,#2669,#2670,#2671,#2672,#2673,#2674,#2675,#2676,
    #2677,#2678,#2679,#2680,#2681,#2682,#2683,#2684,#2685,#2686,#2687,
    #2688),.UNSPECIFIED.,.F.,.F.,(8,6,6,6,6,6,6,6,8),(0.,
    9.315894727391E-02,0.268029971675,0.422000430805,0.5570548164,
    0.662826287742,0.763088135613,0.885258011172,1.),.UNSPECIFIED.);
#2639 = CARTESIAN_POINT('',(88.79404602053,-54.5,49.0365));
#2640 = CARTESIAN_POINT('',(88.803360330182,-54.33620443517,49.0365));
#2641 = CARTESIAN_POINT('',(88.81267886293,-54.17231039933,
    49.052490983994));
#2642 = CARTESIAN_POINT('',(88.821995959454,-54.01031324591,
    49.08444956806));
#2643 = CARTESIAN_POINT('',(88.831308826662,-53.85210108628,
    49.132097868304));
#2644 = CARTESIAN_POINT('',(88.840617537698,-53.69945478978,
    49.194903500856));
#2645 = CARTESIAN_POINT('',(88.849925031935,-53.5540479837,
    49.272079581875));
#2646 = CARTESIAN_POINT('',(88.876717062418,-53.16102997972,
    49.532474233598));
#2647 = CARTESIAN_POINT('',(88.894237214656,-52.93523708898,
    49.749632952713));
#2648 = CARTESIAN_POINT('',(88.911737698939,-52.75149034935,
    50.006927614462));
#2649 = CARTESIAN_POINT('',(88.929216748606,-52.61764834292,
    50.294182300837));
#2650 = CARTESIAN_POINT('',(88.946688947695,-52.53882138531,
    50.600346689296));
#2651 = CARTESIAN_POINT('',(88.964200022909,-52.51777256738,
    50.912908916244));
#2652 = CARTESIAN_POINT('',(88.997076322193,-52.58329397329,
    51.487607252469));
#2653 = CARTESIAN_POINT('',(89.012489732135,-52.65738412514,
    51.752025952172));
#2654 = CARTESIAN_POINT('',(89.027893533431,-52.77402138678,
    52.002838877755));
#2655 = CARTESIAN_POINT('',(89.043295466204,-52.92992114321,
    52.232064729998));
#2656 = CARTESIAN_POINT('',(89.058696994356,-53.12038104503,
    52.432734766348));
#2657 = CARTESIAN_POINT('',(89.074109729877,-53.3391500366,
    52.598798532653));
#2658 = CARTESIAN_POINT('',(89.102998626163,-53.78774545209,
    52.837889365178));
#2659 = CARTESIAN_POINT('',(89.11650606918,-54.01331418737,
    52.920055198324));
#2660 = CARTESIAN_POINT('',(89.130006141767,-54.2495834516,
    52.969770821149));
#2661 = CARTESIAN_POINT('',(89.143505731802,-54.49092910435,
    52.985575287049));
#2662 = CARTESIAN_POINT('',(89.157009370345,-54.73165855286,
    52.967096849156));
#2663 = CARTESIAN_POINT('',(89.170520502493,-54.96599518767,
    52.915052531478));
#2664 = CARTESIAN_POINT('',(89.194592712881,-55.36248481394,
    52.766333586831));
#2665 = CARTESIAN_POINT('',(89.205168589759,-55.5294813737,
    52.681683793071));
#2666 = CARTESIAN_POINT('',(89.215745294002,-55.6866386453,
    52.578737842949));
#2667 = CARTESIAN_POINT('',(89.226321248419,-55.83156057074,
    52.458878769376));
#2668 = CARTESIAN_POINT('',(89.236895757865,-55.96215139513,
    52.323836827489));
#2669 = CARTESIAN_POINT('',(89.247469009251,-56.07661566665,
    52.175689494652));
#2670 = CARTESIAN_POINT('',(89.268064384254,-56.26525628848,
    51.866306779307));
#2671 = CARTESIAN_POINT('',(89.27808828797,-56.34127041267,
    51.706050602225));
#2672 = CARTESIAN_POINT('',(89.288112463545,-56.40025075558,
    51.538203470312));
#2673 = CARTESIAN_POINT('',(89.298136325217,-56.44130564139,
    51.364943042895));
#2674 = CARTESIAN_POINT('',(89.308160020603,-56.46390157203,
    51.18851410752));
#2675 = CARTESIAN_POINT('',(89.318184430701,-56.46786322719,
    51.011228579955));
#2676 = CARTESIAN_POINT('',(89.340428832979,-56.43571757065,
    50.621296769519));
#2677 = CARTESIAN_POINT('',(89.352650286485,-56.39061424106,
    50.409234926501));
#2678 = CARTESIAN_POINT('',(89.364871769045,-56.31849622892,
    50.203759959735));
#2679 = CARTESIAN_POINT('',(89.377090865599,-56.22051697217,
    50.008975518924));
#2680 = CARTESIAN_POINT('',(89.389306507384,-56.09855059334,
    49.828608918875));
#2681 = CARTESIAN_POINT('',(89.401518971933,-55.95519189955,
    49.666011139493));
#2682 = CARTESIAN_POINT('',(89.425198374989,-55.64213608984,
    49.390927205935));
#2683 = CARTESIAN_POINT('',(89.436667482263,-55.47441590537,
    49.275859652377));
#2684 = CARTESIAN_POINT('',(89.448138958657,-55.29339012539,
    49.181365248811));
#2685 = CARTESIAN_POINT('',(89.459613406381,-55.10207827543,
    49.109259627264));
#2686 = CARTESIAN_POINT('',(89.471090276092,-54.90372511029,
    49.060762968096));
#2687 = CARTESIAN_POINT('',(89.482567866898,-54.70180061404,49.0365));
#2688 = CARTESIAN_POINT('',(89.494043326355,-54.5,49.0365));
#2689 = PCURVE('',#486,#2690);
#2690 = DEFINITIONAL_REPRESENTATION('',(#2691),#2742);
#2691 = B_SPLINE_CURVE_WITH_KNOTS('',7,(#2692,#2693,#2694,#2695,#2696,
    #2697,#2698,#2699,#2700,#2701,#2702,#2703,#2704,#2705,#2706,#2707,
    #2708,#2709,#2710,#2711,#2712,#2713,#2714,#2715,#2716,#2717,#2718,
    #2719,#2720,#2721,#2722,#2723,#2724,#2725,#2726,#2727,#2728,#2729,
    #2730,#2731,#2732,#2733,#2734,#2735,#2736,#2737,#2738,#2739,#2740,
    #2741),.UNSPECIFIED.,.F.,.F.,(8,6,6,6,6,6,6,6,8),(0.,
    9.315894727391E-02,0.268029971675,0.422000430805,0.5570548164,
    0.662826287742,0.763088135613,0.885258011172,1.),.UNSPECIFIED.);
#2692 = CARTESIAN_POINT('',(0.158376438376,75.864697776837));
#2693 = CARTESIAN_POINT('',(0.158384056296,75.948787786638));
#2694 = CARTESIAN_POINT('',(0.158391285347,76.032917540422));
#2695 = CARTESIAN_POINT('',(0.158394719801,76.117050275877));
#2696 = CARTESIAN_POINT('',(0.15839309095,76.201166151355));
#2697 = CARTESIAN_POINT('',(0.158387267104,76.285262245875));
#2698 = CARTESIAN_POINT('',(0.158380253593,76.369352559121));
#2699 = CARTESIAN_POINT('',(0.158371447217,76.611363261929));
#2700 = CARTESIAN_POINT('',(0.158375651941,76.76958259097));
#2701 = CARTESIAN_POINT('',(0.158420853916,76.927441836018));
#2702 = CARTESIAN_POINT('',(0.158394518953,77.085418675988));
#2703 = CARTESIAN_POINT('',(0.158369440132,77.243322878004));
#2704 = CARTESIAN_POINT('',(0.158355616023,77.401533098034));
#2705 = CARTESIAN_POINT('',(0.158352159791,77.698470506146));
#2706 = CARTESIAN_POINT('',(0.158359854473,77.837644545054));
#2707 = CARTESIAN_POINT('',(0.158377707752,77.976688914474));
#2708 = CARTESIAN_POINT('',(0.158394809741,78.115719515713));
#2709 = CARTESIAN_POINT('',(0.15840074481,78.25479354647));
#2710 = CARTESIAN_POINT('',(0.158399010954,78.394001128443));
#2711 = CARTESIAN_POINT('',(0.15838795045,78.654958114654));
#2712 = CARTESIAN_POINT('',(0.158379633785,78.776985785727));
#2713 = CARTESIAN_POINT('',(0.158370732,78.898949359456));
#2714 = CARTESIAN_POINT('',(0.158365472695,79.02089321326));
#2715 = CARTESIAN_POINT('',(0.158364764212,79.142854445549));
#2716 = CARTESIAN_POINT('',(0.158366424155,79.264873385868));
#2717 = CARTESIAN_POINT('',(0.158370395441,79.482265109912));
#2718 = CARTESIAN_POINT('',(0.15837256011,79.577772159202));
#2719 = CARTESIAN_POINT('',(0.158373985871,79.673289810145));
#2720 = CARTESIAN_POINT('',(0.158374078751,79.768806320573));
#2721 = CARTESIAN_POINT('',(0.15837281018,79.864315527065));
#2722 = CARTESIAN_POINT('',(0.158370716994,79.959816844957));
#2723 = CARTESIAN_POINT('',(0.158367180444,80.145839190103));
#2724 = CARTESIAN_POINT('',(0.15836550975,80.236377256549));
#2725 = CARTESIAN_POINT('',(0.158365054328,80.326912631334));
#2726 = CARTESIAN_POINT('',(0.158366441658,80.417437373849));
#2727 = CARTESIAN_POINT('',(0.158369761722,80.507952439216));
#2728 = CARTESIAN_POINT('',(0.158374567004,80.59846767829));
#2729 = CARTESIAN_POINT('',(0.158386337272,80.799318445807));
#2730 = CARTESIAN_POINT('',(0.158394196888,80.90966338964));
#2731 = CARTESIAN_POINT('',(0.15839972463,81.020018454063));
#2732 = CARTESIAN_POINT('',(0.158400769212,81.130370924785));
#2733 = CARTESIAN_POINT('',(0.158396754776,81.240713588314));
#2734 = CARTESIAN_POINT('',(0.158388680889,81.351044731966));
#2735 = CARTESIAN_POINT('',(0.158370145345,81.564983929958));
#2736 = CARTESIAN_POINT('',(0.158359276023,81.668613291991));
#2737 = CARTESIAN_POINT('',(0.158351369408,81.772251549021));
#2738 = CARTESIAN_POINT('',(0.15834913142,81.875892691872));
#2739 = CARTESIAN_POINT('',(0.158353119079,81.979529383122));
#2740 = CARTESIAN_POINT('',(0.158361740495,82.083152957103));
#2741 = CARTESIAN_POINT('',(0.158371254877,82.186753419903));
#2742 = ( GEOMETRIC_REPRESENTATION_CONTEXT(2) 
PARAMETRIC_REPRESENTATION_CONTEXT() REPRESENTATION_CONTEXT('2D SPACE',''
  ) );
#2743 = PCURVE('',#2744,#2749);
#2744 = CYLINDRICAL_SURFACE('',#2745,1.96);
#2745 = AXIS2_PLACEMENT_3D('',#2746,#2747,#2748);
#2746 = CARTESIAN_POINT('',(80.24999995,-54.5,50.9965));
#2747 = DIRECTION('',(1.,0.,1.110223024625E-16));
#2748 = DIRECTION('',(1.110223024625E-16,0.,-1.));
#2749 = DEFINITIONAL_REPRESENTATION('',(#2750),#2801);
#2750 = B_SPLINE_CURVE_WITH_KNOTS('',7,(#2751,#2752,#2753,#2754,#2755,
    #2756,#2757,#2758,#2759,#2760,#2761,#2762,#2763,#2764,#2765,#2766,
    #2767,#2768,#2769,#2770,#2771,#2772,#2773,#2774,#2775,#2776,#2777,
    #2778,#2779,#2780,#2781,#2782,#2783,#2784,#2785,#2786,#2787,#2788,
    #2789,#2790,#2791,#2792,#2793,#2794,#2795,#2796,#2797,#2798,#2799,
    #2800),.UNSPECIFIED.,.F.,.F.,(8,6,6,6,6,6,6,6,8),(0.,
    9.315894727391E-02,0.268029971675,0.422000430805,0.5570548164,
    0.662826287742,0.763088135613,0.885258011172,1.),.UNSPECIFIED.);
#2751 = CARTESIAN_POINT('',(0.,8.54404607053));
#2752 = CARTESIAN_POINT('',(8.356916572875E-02,8.553360380182));
#2753 = CARTESIAN_POINT('',(0.167175627312,8.56267891293));
#2754 = CARTESIAN_POINT('',(0.250786523092,8.571996009454));
#2755 = CARTESIAN_POINT('',(0.334384162398,8.581308876662));
#2756 = CARTESIAN_POINT('',(0.417966025543,8.590617587698));
#2757 = CARTESIAN_POINT('',(0.501544763822,8.599925081935));
#2758 = CARTESIAN_POINT('',(0.742082330612,8.626717112418));
#2759 = CARTESIAN_POINT('',(0.899311999447,8.644237264656));
#2760 = CARTESIAN_POINT('',(1.05628096358,8.661737748939));
#2761 = CARTESIAN_POINT('',(1.213193763408,8.679216798606));
#2762 = CARTESIAN_POINT('',(1.370153971741,8.696688997695));
#2763 = CARTESIAN_POINT('',(1.527381368568,8.714200072909));
#2764 = CARTESIAN_POINT('',(1.822494290844,8.747076372193));
#2765 = CARTESIAN_POINT('',(1.960815500429,8.762489782135));
#2766 = CARTESIAN_POINT('',(2.099007750829,8.777893583431));
#2767 = CARTESIAN_POINT('',(2.237182039858,8.793295516204));
#2768 = CARTESIAN_POINT('',(2.375398712381,8.808697044356));
#2769 = CARTESIAN_POINT('',(2.513749331919,8.824109779877));
#2770 = CARTESIAN_POINT('',(2.773102820095,8.852998676163));
#2771 = CARTESIAN_POINT('',(2.894381882598,8.86650611918));
#2772 = CARTESIAN_POINT('',(3.015598709009,8.880006191767));
#2773 = CARTESIAN_POINT('',(3.136796662593,8.893505781802));
#2774 = CARTESIAN_POINT('',(3.258010523529,8.907009420345));
#2775 = CARTESIAN_POINT('',(3.379279712833,8.920520552493));
#2776 = CARTESIAN_POINT('',(3.595332526425,8.944592762881));
#2777 = CARTESIAN_POINT('',(3.690250125118,8.955168639759));
#2778 = CARTESIAN_POINT('',(3.78517749615,8.965745344002));
#2779 = CARTESIAN_POINT('',(3.880103442923,8.976321298419));
#2780 = CARTESIAN_POINT('',(3.97502232555,8.986895807865));
#2781 = CARTESIAN_POINT('',(4.069934060859,8.997469059251));
#2782 = CARTESIAN_POINT('',(4.25481033,9.018064434254));
#2783 = CARTESIAN_POINT('',(4.344791633896,9.02808833797));
#2784 = CARTESIAN_POINT('',(4.434771262288,9.038112513545));
#2785 = CARTESIAN_POINT('',(4.524741145373,9.048136375217));
#2786 = CARTESIAN_POINT('',(4.614701915332,9.058160070603));
#2787 = CARTESIAN_POINT('',(4.704662906334,9.068184480701));
#2788 = CARTESIAN_POINT('',(4.90428259891,9.090428882979));
#2789 = CARTESIAN_POINT('',(5.013950326866,9.102650336485));
#2790 = CARTESIAN_POINT('',(5.123627062779,9.114871819045));
#2791 = CARTESIAN_POINT('',(5.233300295723,9.127090915599));
#2792 = CARTESIAN_POINT('',(5.342963279465,9.139306557384));
#2793 = CARTESIAN_POINT('',(5.45261503247,9.151519021933));
#2794 = CARTESIAN_POINT('',(5.665239246171,9.175198424989));
#2795 = CARTESIAN_POINT('',(5.768232913694,9.186667532263));
#2796 = CARTESIAN_POINT('',(5.87123581007,9.198139008657));
#2797 = CARTESIAN_POINT('',(5.974241154363,9.209613456381));
#2798 = CARTESIAN_POINT('',(6.077240915089,9.221090326092));
#2799 = CARTESIAN_POINT('',(6.18022581022,9.232567916898));
#2800 = CARTESIAN_POINT('',(6.28318530718,9.244043376355));
#2801 = ( GEOMETRIC_REPRESENTATION_CONTEXT(2) 
PARAMETRIC_REPRESENTATION_CONTEXT() REPRESENTATION_CONTEXT('2D SPACE',''
  ) );
#2802 = ORIENTED_EDGE('',*,*,#2803,.F.);
#2803 = EDGE_CURVE('',#2804,#2635,#2806,.T.);
#2804 = VERTEX_POINT('',#2805);
#2805 = CARTESIAN_POINT('',(88.094048622729,-54.5,49.0365));
#2806 = SURFACE_CURVE('',#2807,(#2859,#2914),.PCURVE_S1.);
#2807 = B_SPLINE_CURVE_WITH_KNOTS('',8,(#2808,#2809,#2810,#2811,#2812,
    #2813,#2814,#2815,#2816,#2817,#2818,#2819,#2820,#2821,#2822,#2823,
    #2824,#2825,#2826,#2827,#2828,#2829,#2830,#2831,#2832,#2833,#2834,
    #2835,#2836,#2837,#2838,#2839,#2840,#2841,#2842,#2843,#2844,#2845,
    #2846,#2847,#2848,#2849,#2850,#2851,#2852,#2853,#2854,#2855,#2856,
    #2857,#2858),.UNSPECIFIED.,.F.,.F.,(9,7,7,7,7,7,7,9),(0.,
    8.186103977717E-02,0.233542489451,0.39749032678,0.567525992605,
    0.756260064788,0.88196764728,1.),.UNSPECIFIED.);
#2808 = CARTESIAN_POINT('',(88.094048622729,-54.5,49.0365));
#2809 = CARTESIAN_POINT('',(88.101209240454,-54.37407390794,49.0365));
#2810 = CARTESIAN_POINT('',(88.108371125018,-54.24810922561,
    49.045752876961));
#2811 = CARTESIAN_POINT('',(88.115532437973,-54.12293823468,
    49.064253150851));
#2812 = CARTESIAN_POINT('',(88.122692110898,-53.99936581252,
    49.091917711021));
#2813 = CARTESIAN_POINT('',(88.129849845394,-53.87816943215,
    49.128585816209));
#2814 = CARTESIAN_POINT('',(88.137006113084,-53.7600991623,
    49.174019094537));
#2815 = CARTESIAN_POINT('',(88.144162155618,-53.64587766736,
    49.227901543512));
#2816 = CARTESIAN_POINT('',(88.164582824835,-53.33297732908,
    49.404605279523));
#2817 = CARTESIAN_POINT('',(88.177861731794,-53.14517498742,
    49.547141673129));
#2818 = CARTESIAN_POINT('',(88.191141057283,-52.97754427438,
    49.714873137261));
#2819 = CARTESIAN_POINT('',(88.204412122202,-52.83393150585,
    49.904380515056));
#2820 = CARTESIAN_POINT('',(88.217676387089,-52.71745344483,
    50.111657729663));
#2821 = CARTESIAN_POINT('',(88.230942014232,-52.63052305011,
    50.332254675143));
#2822 = CARTESIAN_POINT('',(88.244213821396,-52.57472575082,
    50.56130633499));
#2823 = CARTESIAN_POINT('',(88.271811988082,-52.52441136001,
    51.044363088803));
#2824 = CARTESIAN_POINT('',(88.286166913694,-52.53515566629,
    51.29942708264));
#2825 = CARTESIAN_POINT('',(88.300516017073,-52.5836345816,
    51.551832500852));
#2826 = CARTESIAN_POINT('',(88.314862861431,-52.66899105861,
    51.795092520444));
#2827 = CARTESIAN_POINT('',(88.329210543069,-52.78919978493,
    52.023161856975));
#2828 = CARTESIAN_POINT('',(88.343562199564,-52.94121552841,
    52.230428947436));
#2829 = CARTESIAN_POINT('',(88.35792079052,-53.12085000292,
    52.411834969324));
#2830 = CARTESIAN_POINT('',(88.387126566738,-53.53164112636,
    52.7205423311));
#2831 = CARTESIAN_POINT('',(88.402017436794,-53.76509963356,
    52.846065118759));
#2832 = CARTESIAN_POINT('',(88.416895300454,-54.01682792119,
    52.935112271497));
#2833 = CARTESIAN_POINT('',(88.431765820157,-54.28004371602,
    52.984864084495));
#2834 = CARTESIAN_POINT('',(88.44663924129,-54.54775998254,
    52.993839405104));
#2835 = CARTESIAN_POINT('',(88.461522373143,-54.81284593808,
    52.961975887608));
#2836 = CARTESIAN_POINT('',(88.476418967862,-55.06810395428,
    52.890522702292));
#2837 = CARTESIAN_POINT('',(88.507803164565,-55.57127627269,
    52.66332837552));
#2838 = CARTESIAN_POINT('',(88.524349038889,-55.81631655775,
    52.498721332872));
#2839 = CARTESIAN_POINT('',(88.540870813366,-56.03173204071,
    52.293116937132));
#2840 = CARTESIAN_POINT('',(88.55737772025,-56.20991795075,
    52.05311748335));
#2841 = CARTESIAN_POINT('',(88.573884803738,-56.34485657843,
    51.786391515933));
#2842 = CARTESIAN_POINT('',(88.590407850607,-56.43237726591,
    51.50175154743));
#2843 = CARTESIAN_POINT('',(88.606955735095,-56.4699760078,
    51.208959701749));
#2844 = CARTESIAN_POINT('',(88.634465126817,-56.45078627318,
    50.725481860437));
#2845 = CARTESIAN_POINT('',(88.645465519478,-56.4212766996,
    50.532938397501));
#2846 = CARTESIAN_POINT('',(88.656466355379,-56.37009498161,
    50.344197524598));
#2847 = CARTESIAN_POINT('',(88.667466024716,-56.29781805276,
    50.162125167744));
#2848 = CARTESIAN_POINT('',(88.678463544122,-56.20543402905,
    49.989392047749));
#2849 = CARTESIAN_POINT('',(88.68945855667,-56.09434220896,
    49.828473680224));
#2850 = CARTESIAN_POINT('',(88.700451331872,-55.96635307341,
    49.681650375577));
#2851 = CARTESIAN_POINT('',(88.721763104084,-55.68973407077,
    49.428340678497));
#2852 = CARTESIAN_POINT('',(88.732084168879,-55.54271046854,
    49.319816196521));
#2853 = CARTESIAN_POINT('',(88.742407128097,-55.38449097723,
    49.227112580551));
#2854 = CARTESIAN_POINT('',(88.75273250404,-55.21707727184,
    49.151577688738));
#2855 = CARTESIAN_POINT('',(88.763060173281,-55.04259920425,
    49.094228449915));
#2856 = CARTESIAN_POINT('',(88.773389366659,-54.8633148032,
    49.055750863601));
#2857 = CARTESIAN_POINT('',(88.783718669283,-54.68161027429,49.0365));
#2858 = CARTESIAN_POINT('',(88.79404602053,-54.5,49.0365));
#2859 = PCURVE('',#486,#2860);
#2860 = DEFINITIONAL_REPRESENTATION('',(#2861),#2913);
#2861 = B_SPLINE_CURVE_WITH_KNOTS('',8,(#2862,#2863,#2864,#2865,#2866,
    #2867,#2868,#2869,#2870,#2871,#2872,#2873,#2874,#2875,#2876,#2877,
    #2878,#2879,#2880,#2881,#2882,#2883,#2884,#2885,#2886,#2887,#2888,
    #2889,#2890,#2891,#2892,#2893,#2894,#2895,#2896,#2897,#2898,#2899,
    #2900,#2901,#2902,#2903,#2904,#2905,#2906,#2907,#2908,#2909,#2910,
    #2911,#2912),.UNSPECIFIED.,.F.,.F.,(9,7,7,7,7,7,7,9),(0.,
    8.186103977717E-02,0.233542489451,0.39749032678,0.567525992605,
    0.756260064788,0.88196764728,1.),.UNSPECIFIED.);
#2862 = CARTESIAN_POINT('',(0.1583813442,69.542642454623));
#2863 = CARTESIAN_POINT('',(0.158386646101,69.607291154345));
#2864 = CARTESIAN_POINT('',(0.158390993334,69.671955303415));
#2865 = CARTESIAN_POINT('',(0.158393203992,69.736623282027));
#2866 = CARTESIAN_POINT('',(0.158392766789,69.801287611159));
#2867 = CARTESIAN_POINT('',(0.158389841062,69.86594495258));
#2868 = CARTESIAN_POINT('',(0.158385256768,69.930596108845));
#2869 = CARTESIAN_POINT('',(0.158380514487,69.995246023295));
#2870 = CARTESIAN_POINT('',(0.158372728692,70.179709029363));
#2871 = CARTESIAN_POINT('',(0.158373415652,70.299636672978));
#2872 = CARTESIAN_POINT('',(0.158390144728,70.419498106697));
#2873 = CARTESIAN_POINT('',(0.158403190418,70.53929962897));
#2874 = CARTESIAN_POINT('',(0.158398499391,70.659115439331));
#2875 = CARTESIAN_POINT('',(0.158381552404,70.778995946473));
#2876 = CARTESIAN_POINT('',(0.158369392032,70.898911385986));
#2877 = CARTESIAN_POINT('',(0.158351546861,71.148239829283));
#2878 = CARTESIAN_POINT('',(0.158347642649,71.277903064428));
#2879 = CARTESIAN_POINT('',(0.158354579008,71.407468011185));
#2880 = CARTESIAN_POINT('',(0.158370933374,71.536972784874));
#2881 = CARTESIAN_POINT('',(0.158387476676,71.666484276553));
#2882 = CARTESIAN_POINT('',(0.1583965146,71.796063303668));
#2883 = CARTESIAN_POINT('',(0.158398919393,71.925732919725));
#2884 = CARTESIAN_POINT('',(0.158393569092,72.18952773374));
#2885 = CARTESIAN_POINT('',(0.158385511287,72.324048747042));
#2886 = CARTESIAN_POINT('',(0.158374365456,72.458465316696));
#2887 = CARTESIAN_POINT('',(0.158365421377,72.592806274915));
#2888 = CARTESIAN_POINT('',(0.158363296838,72.727144675816));
#2889 = CARTESIAN_POINT('',(0.158365359487,72.86155313876));
#2890 = CARTESIAN_POINT('',(0.15836855987,72.996078420617));
#2891 = CARTESIAN_POINT('',(0.15837357609,73.27950407491));
#2892 = CARTESIAN_POINT('',(0.158375200762,73.428931546545));
#2893 = CARTESIAN_POINT('',(0.158373285513,73.578156313162));
#2894 = CARTESIAN_POINT('',(0.158366573338,73.727267035044));
#2895 = CARTESIAN_POINT('',(0.158361231066,73.876373519519));
#2896 = CARTESIAN_POINT('',(0.158363921504,74.025590206091));
#2897 = CARTESIAN_POINT('',(0.158371853475,74.175009047839));
#2898 = CARTESIAN_POINT('',(0.158386548085,74.423398253664));
#2899 = CARTESIAN_POINT('',(0.158393391721,74.522719470171));
#2900 = CARTESIAN_POINT('',(0.158398638956,74.622051438856));
#2901 = CARTESIAN_POINT('',(0.15840065067,74.721386552005));
#2902 = CARTESIAN_POINT('',(0.158398714041,74.820718944563));
#2903 = CARTESIAN_POINT('',(0.158393042549,74.920044494142));
#2904 = CARTESIAN_POINT('',(0.158384775972,75.019360821015));
#2905 = CARTESIAN_POINT('',(0.15836772183,75.21191047775));
#2906 = CARTESIAN_POINT('',(0.15835857294,75.305164009349));
#2907 = CARTESIAN_POINT('',(0.158351789507,75.398424666693));
#2908 = CARTESIAN_POINT('',(0.158349329203,75.49168888363));
#2909 = CARTESIAN_POINT('',(0.158351851572,75.584952744083));
#2910 = CARTESIAN_POINT('',(0.158358718042,75.678211982045));
#2911 = CARTESIAN_POINT('',(0.158367991916,75.771461981583));
#2912 = CARTESIAN_POINT('',(0.158376438376,75.864697776837));
#2913 = ( GEOMETRIC_REPRESENTATION_CONTEXT(2) 
PARAMETRIC_REPRESENTATION_CONTEXT() REPRESENTATION_CONTEXT('2D SPACE',''
  ) );
#2914 = PCURVE('',#2915,#2920);
#2915 = CYLINDRICAL_SURFACE('',#2916,1.96);
#2916 = AXIS2_PLACEMENT_3D('',#2917,#2918,#2919);
#2917 = CARTESIAN_POINT('',(80.24999995,-54.5,50.9965));
#2918 = DIRECTION('',(1.,0.,1.110223024625E-16));
#2919 = DIRECTION('',(1.110223024625E-16,0.,-1.));
#2920 = DEFINITIONAL_REPRESENTATION('',(#2921),#2973);
#2921 = B_SPLINE_CURVE_WITH_KNOTS('',8,(#2922,#2923,#2924,#2925,#2926,
    #2927,#2928,#2929,#2930,#2931,#2932,#2933,#2934,#2935,#2936,#2937,
    #2938,#2939,#2940,#2941,#2942,#2943,#2944,#2945,#2946,#2947,#2948,
    #2949,#2950,#2951,#2952,#2953,#2954,#2955,#2956,#2957,#2958,#2959,
    #2960,#2961,#2962,#2963,#2964,#2965,#2966,#2967,#2968,#2969,#2970,
    #2971,#2972),.UNSPECIFIED.,.F.,.F.,(9,7,7,7,7,7,7,9),(0.,
    8.186103977717E-02,0.233542489451,0.39749032678,0.567525992605,
    0.756260064788,0.88196764728,1.),.UNSPECIFIED.);
#2922 = CARTESIAN_POINT('',(0.,7.844048672729));
#2923 = CARTESIAN_POINT('',(6.424800615172E-02,7.851209290454));
#2924 = CARTESIAN_POINT('',(0.128510595427,7.858371175018));
#2925 = CARTESIAN_POINT('',(0.192777751217,7.865532487973));
#2926 = CARTESIAN_POINT('',(0.257043017794,7.872692160898));
#2927 = CARTESIAN_POINT('',(0.32130350031,7.879849895394));
#2928 = CARTESIAN_POINT('',(0.385559864795,7.887006163084));
#2929 = CARTESIAN_POINT('',(0.449816338162,7.894162205618));
#2930 = CARTESIAN_POINT('',(0.633157045812,7.914582874835));
#2931 = CARTESIAN_POINT('',(0.752344415913,7.927861781794));
#2932 = CARTESIAN_POINT('',(0.871484187393,7.941141107283));
#2933 = CARTESIAN_POINT('',(0.990559267607,7.954412172202));
#2934 = CARTESIAN_POINT('',(1.109627872511,7.967676437089));
#2935 = CARTESIAN_POINT('',(1.228753597669,7.980942064232));
#2936 = CARTESIAN_POINT('',(1.347931790125,7.994213871396));
#2937 = CARTESIAN_POINT('',(1.59572261508,8.021812038082));
#2938 = CARTESIAN_POINT('',(1.72458933564,8.036166963694));
#2939 = CARTESIAN_POINT('',(1.853361389875,8.050516067073));
#2940 = CARTESIAN_POINT('',(1.982072445625,8.064862911431));
#2941 = CARTESIAN_POINT('',(2.110787359685,8.079210593069));
#2942 = CARTESIAN_POINT('',(2.239567924586,8.093562249564));
#2943 = CARTESIAN_POINT('',(2.368438926633,8.10792084052));
#2944 = CARTESIAN_POINT('',(2.630611146327,8.137126616738));
#2945 = CARTESIAN_POINT('',(2.764305848643,8.152017486794));
#2946 = CARTESIAN_POINT('',(2.897898682703,8.166895350454));
#2947 = CARTESIAN_POINT('',(3.03141827193,8.181765870156));
#2948 = CARTESIAN_POINT('',(3.164934701481,8.19663929129));
#2949 = CARTESIAN_POINT('',(3.298518071247,8.211522423143));
#2950 = CARTESIAN_POINT('',(3.432214941357,8.226419017862));
#2951 = CARTESIAN_POINT('',(3.713891792062,8.257803214565));
#2952 = CARTESIAN_POINT('',(3.862395239896,8.274349088889));
#2953 = CARTESIAN_POINT('',(4.010696547192,8.290870863367));
#2954 = CARTESIAN_POINT('',(4.158886575149,8.30737777025));
#2955 = CARTESIAN_POINT('',(4.307077583909,8.323884853738));
#2956 = CARTESIAN_POINT('',(4.455380835824,8.340407900607));
#2957 = CARTESIAN_POINT('',(4.603885000094,8.356955785095));
#2958 = CARTESIAN_POINT('',(4.850751592763,8.384465176817));
#2959 = CARTESIAN_POINT('',(4.949463200019,8.395465569478));
#2960 = CARTESIAN_POINT('',(5.048184688665,8.406466405379));
#2961 = CARTESIAN_POINT('',(5.14690860016,8.417466074716));
#2962 = CARTESIAN_POINT('',(5.245629340105,8.428463594122));
#2963 = CARTESIAN_POINT('',(5.344343178241,8.43945860667));
#2964 = CARTESIAN_POINT('',(5.443048248451,8.450451381872));
#2965 = CARTESIAN_POINT('',(5.634414826065,8.471763154084));
#2966 = CARTESIAN_POINT('',(5.727096493572,8.482084218879));
#2967 = CARTESIAN_POINT('',(5.81978548166,8.492407178097));
#2968 = CARTESIAN_POINT('',(5.912477542326,8.50273255404));
#2969 = CARTESIAN_POINT('',(6.005168249181,8.513060223281));
#2970 = CARTESIAN_POINT('',(6.097852997449,8.523389416659));
#2971 = CARTESIAN_POINT('',(6.190527003966,8.533718719283));
#2972 = CARTESIAN_POINT('',(6.28318530718,8.54404607053));
#2973 = ( GEOMETRIC_REPRESENTATION_CONTEXT(2) 
PARAMETRIC_REPRESENTATION_CONTEXT() REPRESENTATION_CONTEXT('2D SPACE',''
  ) );
#2974 = ORIENTED_EDGE('',*,*,#2975,.F.);
#2975 = EDGE_CURVE('',#2976,#2804,#2978,.T.);
#2976 = VERTEX_POINT('',#2977);
#2977 = CARTESIAN_POINT('',(87.394050921821,-54.5,49.0365));
#2978 = SURFACE_CURVE('',#2979,(#3031,#3086),.PCURVE_S1.);
#2979 = B_SPLINE_CURVE_WITH_KNOTS('',8,(#2980,#2981,#2982,#2983,#2984,
    #2985,#2986,#2987,#2988,#2989,#2990,#2991,#2992,#2993,#2994,#2995,
    #2996,#2997,#2998,#2999,#3000,#3001,#3002,#3003,#3004,#3005,#3006,
    #3007,#3008,#3009,#3010,#3011,#3012,#3013,#3014,#3015,#3016,#3017,
    #3018,#3019,#3020,#3021,#3022,#3023,#3024,#3025,#3026,#3027,#3028,
    #3029,#3030),.UNSPECIFIED.,.F.,.F.,(9,7,7,7,7,7,7,9),(0.,
    9.390004261553E-02,0.223201955025,0.397404406251,0.556207031858,
    0.662451713579,0.845870853811,1.),.UNSPECIFIED.);
#2980 = CARTESIAN_POINT('',(87.394050921821,-54.5,49.0365));
#2981 = CARTESIAN_POINT('',(87.402262117283,-54.3555891582,49.0365));
#2982 = CARTESIAN_POINT('',(87.410473337645,-54.21113470266,
    49.048669424826));
#2983 = CARTESIAN_POINT('',(87.418683365707,-54.06788820393,
    49.072997262963));
#2984 = CARTESIAN_POINT('',(87.426891702152,-53.92705455594,
    49.109339743675));
#2985 = CARTESIAN_POINT('',(87.435098565539,-53.78979197591,
    49.157420337006));
#2986 = CARTESIAN_POINT('',(87.443304892307,-53.65721200441,
    49.216829753775));
#2987 = CARTESIAN_POINT('',(87.451512336776,-53.53037950535,
    49.287025945585));
#2988 = CARTESIAN_POINT('',(87.47102986363,-53.24497864142,
    49.477919768898));
#2989 = CARTESIAN_POINT('',(87.482346439607,-53.09234654169,
    49.607765277573));
#2990 = CARTESIAN_POINT('',(87.493663393069,-52.95520428246,
    49.75507206674));
#2991 = CARTESIAN_POINT('',(87.504974800388,-52.83585051269,
    49.917630923755));
#2992 = CARTESIAN_POINT('',(87.516280951098,-52.73617562207,
    50.092931899738));
#2993 = CARTESIAN_POINT('',(87.527586804059,-52.65767997778,
    50.278227982145));
#2994 = CARTESIAN_POINT('',(87.538896368995,-52.60142939056,
    50.470552527586));
#2995 = CARTESIAN_POINT('',(87.565435929422,-52.52283963469,
    50.930937959663));
#2996 = CARTESIAN_POINT('',(87.580694987119,-52.51896800881,
    51.202650352265));
#2997 = CARTESIAN_POINT('',(87.595945076476,-52.55794044054,
    51.473666537901));
#2998 = CARTESIAN_POINT('',(87.611191316309,-52.63908969825,
    51.736122497336));
#2999 = CARTESIAN_POINT('',(87.626437628648,-52.76024724926,
    51.982683555809));
#3000 = CARTESIAN_POINT('',(87.641688819712,-52.91795991772,
    52.206520685774));
#3001 = CARTESIAN_POINT('',(87.656951089497,-53.1073106983,
    52.401446349805));
#3002 = CARTESIAN_POINT('',(87.686073909201,-53.51676347396,
    52.709555898707));
#3003 = CARTESIAN_POINT('',(87.699975370205,-53.73318915705,
    52.828832768593));
#3004 = CARTESIAN_POINT('',(87.713869250188,-53.96586249024,
    52.916608226536));
#3005 = CARTESIAN_POINT('',(87.727755801714,-54.20939565445,
    52.970466791326));
#3006 = CARTESIAN_POINT('',(87.741644596579,-54.45811495605,
    52.989075723031));
#3007 = CARTESIAN_POINT('',(87.755543742663,-54.70620560771,
    52.972079679912));
#3008 = CARTESIAN_POINT('',(87.769450275792,-54.94781856595,
    52.920239582883));
#3009 = CARTESIAN_POINT('',(87.792635608039,-55.33056334817,
    52.779333057849));
#3010 = CARTESIAN_POINT('',(87.801930494848,-55.47864838261,
    52.708189143856));
#3011 = CARTESIAN_POINT('',(87.811225024596,-55.61969011485,
    52.623039881875));
#3012 = CARTESIAN_POINT('',(87.820518448766,-55.75213578343,
    52.524712607944));
#3013 = CARTESIAN_POINT('',(87.829810632774,-55.87458427952,
    52.414206057803));
#3014 = CARTESIAN_POINT('',(87.839102055968,-55.98578614684,
    52.292690366898));
#3015 = CARTESIAN_POINT('',(87.848393811631,-56.08464358174,
    52.161507070378));
#3016 = CARTESIAN_POINT('',(87.873732268455,-56.31793169373,
    51.781618237425));
#3017 = CARTESIAN_POINT('',(87.889808087593,-56.42633905276,
    51.516294607107));
#3018 = CARTESIAN_POINT('',(87.905866848209,-56.49004099114,
    51.234396355507));
#3019 = CARTESIAN_POINT('',(87.921918174101,-56.50656322654,
    50.944799597294));
#3020 = CARTESIAN_POINT('',(87.937971778472,-56.47515622817,
    50.656423502083));
#3021 = CARTESIAN_POINT('',(87.954033248243,-56.39700913969,
    50.378148053618));
#3022 = CARTESIAN_POINT('',(87.970109283174,-56.2750544483,
    50.118742451732));
#3023 = CARTESIAN_POINT('',(87.999628374265,-55.9807710389,
    49.690675126465));
#3024 = CARTESIAN_POINT('',(88.013121252207,-55.81920376124,
    49.513566004691));
#3025 = CARTESIAN_POINT('',(88.026605455074,-55.63356888827,
    49.359595289565));
#3026 = CARTESIAN_POINT('',(88.040084478893,-55.42787175903,
    49.232454311458));
#3027 = CARTESIAN_POINT('',(88.053566984952,-55.20658166777,
    49.135017196781));
#3028 = CARTESIAN_POINT('',(88.067059558318,-54.97459974552,
    49.069306277339));
#3029 = CARTESIAN_POINT('',(88.080560710945,-54.73719741592,49.0365));
#3030 = CARTESIAN_POINT('',(88.094048622729,-54.5,49.0365));
#3031 = PCURVE('',#486,#3032);
#3032 = DEFINITIONAL_REPRESENTATION('',(#3033),#3085);
#3033 = B_SPLINE_CURVE_WITH_KNOTS('',8,(#3034,#3035,#3036,#3037,#3038,
    #3039,#3040,#3041,#3042,#3043,#3044,#3045,#3046,#3047,#3048,#3049,
    #3050,#3051,#3052,#3053,#3054,#3055,#3056,#3057,#3058,#3059,#3060,
    #3061,#3062,#3063,#3064,#3065,#3066,#3067,#3068,#3069,#3070,#3071,
    #3072,#3073,#3074,#3075,#3076,#3077,#3078,#3079,#3080,#3081,#3082,
    #3083,#3084),.UNSPECIFIED.,.F.,.F.,(9,7,7,7,7,7,7,9),(0.,
    9.390004261553E-02,0.223201955025,0.397404406251,0.556207031858,
    0.662451713579,0.845870853811,1.),.UNSPECIFIED.);
#3034 = CARTESIAN_POINT('',(0.158385566849,63.220587260179));
#3035 = CARTESIAN_POINT('',(0.158390498409,63.29472578799));
#3036 = CARTESIAN_POINT('',(0.158392584268,63.368876444458));
#3037 = CARTESIAN_POINT('',(0.158391693861,63.443028910437));
#3038 = CARTESIAN_POINT('',(0.158388241089,63.517177020392));
#3039 = CARTESIAN_POINT('',(0.158383184326,63.591318762403));
#3040 = CARTESIAN_POINT('',(0.158378026413,63.665456278164));
#3041 = CARTESIAN_POINT('',(0.158374814659,63.739595862982));
#3042 = CARTESIAN_POINT('',(0.158377967026,63.9158566383));
#3043 = CARTESIAN_POINT('',(0.158385550879,64.01803038696));
#3044 = CARTESIAN_POINT('',(0.158395639494,64.120196681763));
#3045 = CARTESIAN_POINT('',(0.158399103608,64.222340817529));
#3046 = CARTESIAN_POINT('',(0.158392079523,64.324481825506));
#3047 = CARTESIAN_POINT('',(0.158379221217,64.426644869766));
#3048 = CARTESIAN_POINT('',(0.158369062612,64.528830128403));
#3049 = CARTESIAN_POINT('',(0.15835128784,64.768597449715));
#3050 = CARTESIAN_POINT('',(0.158346791058,64.906428873256));
#3051 = CARTESIAN_POINT('',(0.158355064391,65.044125457119));
#3052 = CARTESIAN_POINT('',(0.158373989458,65.181742286288));
#3053 = CARTESIAN_POINT('',(0.158391672957,65.31936495316));
#3054 = CARTESIAN_POINT('',(0.158399185195,65.457074566475));
#3055 = CARTESIAN_POINT('',(0.158399408826,65.594914961991));
#3056 = CARTESIAN_POINT('',(0.158390555968,65.857975321366));
#3057 = CARTESIAN_POINT('',(0.158382387021,65.983560946585));
#3058 = CARTESIAN_POINT('',(0.158372633921,66.109084785338));
#3059 = CARTESIAN_POINT('',(0.158365607208,66.234530938744));
#3060 = CARTESIAN_POINT('',(0.158363606082,66.359976161802));
#3061 = CARTESIAN_POINT('',(0.158365574513,66.485498144732));
#3062 = CARTESIAN_POINT('',(0.158368372284,66.611083370356));
#3063 = CARTESIAN_POINT('',(0.158372192166,66.820465907849));
#3064 = CARTESIAN_POINT('',(0.158373424394,66.904407619545));
#3065 = CARTESIAN_POINT('',(0.158373899757,66.988349306433));
#3066 = CARTESIAN_POINT('',(0.158373420129,67.072285040648));
#3067 = CARTESIAN_POINT('',(0.158372047151,67.156213342641));
#3068 = CARTESIAN_POINT('',(0.158370102228,67.240137181176));
#3069 = CARTESIAN_POINT('',(0.15836816653,67.324063973336));
#3070 = CARTESIAN_POINT('',(0.158365206928,67.552921056073));
#3071 = CARTESIAN_POINT('',(0.158365471144,67.698108863913));
#3072 = CARTESIAN_POINT('',(0.158370575049,67.843122129631));
#3073 = CARTESIAN_POINT('',(0.158382262402,67.988040416289));
#3074 = CARTESIAN_POINT('',(0.158396676815,68.132967758738));
#3075 = CARTESIAN_POINT('',(0.15840260219,68.278002017214));
#3076 = CARTESIAN_POINT('',(0.158398954643,68.42320830414));
#3077 = CARTESIAN_POINT('',(0.158381821325,68.689882745249));
#3078 = CARTESIAN_POINT('',(0.15836997149,68.811793941524));
#3079 = CARTESIAN_POINT('',(0.158356519403,68.933633590523));
#3080 = CARTESIAN_POINT('',(0.158346174676,69.055413361342));
#3081 = CARTESIAN_POINT('',(0.1583463365,69.177180195942));
#3082 = CARTESIAN_POINT('',(0.158357725721,69.298990464879));
#3083 = CARTESIAN_POINT('',(0.158371357413,69.420868608819));
#3084 = CARTESIAN_POINT('',(0.1583813442,69.542642454623));
#3085 = ( GEOMETRIC_REPRESENTATION_CONTEXT(2) 
PARAMETRIC_REPRESENTATION_CONTEXT() REPRESENTATION_CONTEXT('2D SPACE',''
  ) );
#3086 = PCURVE('',#3087,#3092);
#3087 = CYLINDRICAL_SURFACE('',#3088,1.96);
#3088 = AXIS2_PLACEMENT_3D('',#3089,#3090,#3091);
#3089 = CARTESIAN_POINT('',(80.24999995,-54.5,50.9965));
#3090 = DIRECTION('',(1.,0.,1.110223024625E-16));
#3091 = DIRECTION('',(1.110223024625E-16,0.,-1.));
#3092 = DEFINITIONAL_REPRESENTATION('',(#3093),#3145);
#3093 = B_SPLINE_CURVE_WITH_KNOTS('',8,(#3094,#3095,#3096,#3097,#3098,
    #3099,#3100,#3101,#3102,#3103,#3104,#3105,#3106,#3107,#3108,#3109,
    #3110,#3111,#3112,#3113,#3114,#3115,#3116,#3117,#3118,#3119,#3120,
    #3121,#3122,#3123,#3124,#3125,#3126,#3127,#3128,#3129,#3130,#3131,
    #3132,#3133,#3134,#3135,#3136,#3137,#3138,#3139,#3140,#3141,#3142,
    #3143,#3144),.UNSPECIFIED.,.F.,.F.,(9,7,7,7,7,7,7,9),(0.,
    9.390004261553E-02,0.223201955025,0.397404406251,0.556207031858,
    0.662451713579,0.845870853811,1.),.UNSPECIFIED.);
#3094 = CARTESIAN_POINT('',(0.,7.144050971821));
#3095 = CARTESIAN_POINT('',(7.367900091571E-02,7.152262167283));
#3096 = CARTESIAN_POINT('',(0.147370269672,7.160473387645));
#3097 = CARTESIAN_POINT('',(0.221065129685,7.168683415707));
#3098 = CARTESIAN_POINT('',(0.294758209604,7.176891752152));
#3099 = CARTESIAN_POINT('',(0.368447443308,7.185098615539));
#3100 = CARTESIAN_POINT('',(0.442134069906,7.193304942307));
#3101 = CARTESIAN_POINT('',(0.515822633738,7.201512386776));
#3102 = CARTESIAN_POINT('',(0.691004832659,7.22102991363));
#3103 = CARTESIAN_POINT('',(0.792563357152,7.232346489607));
#3104 = CARTESIAN_POINT('',(0.894105151474,7.243663443069));
#3105 = CARTESIAN_POINT('',(0.995616252738,7.254974850388));
#3106 = CARTESIAN_POINT('',(1.097121888432,7.266281001098));
#3107 = CARTESIAN_POINT('',(1.19865104298,7.277586854059));
#3108 = CARTESIAN_POINT('',(1.300203843949,7.288896418995));
#3109 = CARTESIAN_POINT('',(1.538492144087,7.315435979422));
#3110 = CARTESIAN_POINT('',(1.675476877326,7.330695037119));
#3111 = CARTESIAN_POINT('',(1.812331247624,7.345945126476));
#3112 = CARTESIAN_POINT('',(1.949104485601,7.361191366309));
#3113 = CARTESIAN_POINT('',(2.08588004211,7.376437678648));
#3114 = CARTESIAN_POINT('',(2.222740745534,7.391688869712));
#3115 = CARTESIAN_POINT('',(2.35973237508,7.406951139497));
#3116 = CARTESIAN_POINT('',(2.621175538107,7.436073959201));
#3117 = CARTESIAN_POINT('',(2.745990209314,7.449975420205));
#3118 = CARTESIAN_POINT('',(2.870745336868,7.463869300188));
#3119 = CARTESIAN_POINT('',(2.995424173687,7.477755851714));
#3120 = CARTESIAN_POINT('',(3.12010141742,7.491644646579));
#3121 = CARTESIAN_POINT('',(3.244852933907,7.505543792663));
#3122 = CARTESIAN_POINT('',(3.369664867466,7.519450325792));
#3123 = CARTESIAN_POINT('',(3.577755726918,7.542635658039));
#3124 = CARTESIAN_POINT('',(3.661178816525,7.551930544848));
#3125 = CARTESIAN_POINT('',(3.744601543636,7.561225074596));
#3126 = CARTESIAN_POINT('',(3.828018400182,7.570518498766));
#3127 = CARTESIAN_POINT('',(3.911428233228,7.579810682774));
#3128 = CARTESIAN_POINT('',(3.994834244975,7.589102105968));
#3129 = CARTESIAN_POINT('',(4.078243992761,7.598393861631));
#3130 = CARTESIAN_POINT('',(4.305693675397,7.623732318455));
#3131 = CARTESIAN_POINT('',(4.449991104467,7.639808137593));
#3132 = CARTESIAN_POINT('',(4.594117268402,7.65586689821));
#3133 = CARTESIAN_POINT('',(4.738149535527,7.671918224101));
#3134 = CARTESIAN_POINT('',(4.882187413055,7.687971828472));
#3135 = CARTESIAN_POINT('',(5.026328552224,7.704033298243));
#3136 = CARTESIAN_POINT('',(5.170640363172,7.720109333174));
#3137 = CARTESIAN_POINT('',(5.435673759105,7.749628424265));
#3138 = CARTESIAN_POINT('',(5.556835391718,7.763121302207));
#3139 = CARTESIAN_POINT('',(5.677927358994,7.776605505073));
#3140 = CARTESIAN_POINT('',(5.798961290944,7.790084528893));
#3141 = CARTESIAN_POINT('',(5.919982669194,7.803567034952));
#3142 = CARTESIAN_POINT('',(6.041042779333,7.817059608318));
#3143 = CARTESIAN_POINT('',(6.162166217421,7.830560760945));
#3144 = CARTESIAN_POINT('',(6.28318530718,7.844048672729));
#3145 = ( GEOMETRIC_REPRESENTATION_CONTEXT(2) 
PARAMETRIC_REPRESENTATION_CONTEXT() REPRESENTATION_CONTEXT('2D SPACE',''
  ) );
#3146 = ORIENTED_EDGE('',*,*,#3147,.F.);
#3147 = EDGE_CURVE('',#3148,#2976,#3150,.T.);
#3148 = VERTEX_POINT('',#3149);
#3149 = CARTESIAN_POINT('',(86.694052721151,-54.5,49.0365));
#3150 = SURFACE_CURVE('',#3151,(#3196,#3244),.PCURVE_S1.);
#3151 = B_SPLINE_CURVE_WITH_KNOTS('',7,(#3152,#3153,#3154,#3155,#3156,
    #3157,#3158,#3159,#3160,#3161,#3162,#3163,#3164,#3165,#3166,#3167,
    #3168,#3169,#3170,#3171,#3172,#3173,#3174,#3175,#3176,#3177,#3178,
    #3179,#3180,#3181,#3182,#3183,#3184,#3185,#3186,#3187,#3188,#3189,
    #3190,#3191,#3192,#3193,#3194,#3195),.UNSPECIFIED.,.F.,.F.,(8,6,6,6,
    6,6,6,8),(0.,0.102808662685,0.260523884219,0.42247228193,
    0.567714650493,0.675091073077,0.831167414233,1.),.UNSPECIFIED.);
#3152 = CARTESIAN_POINT('',(86.694052721151,-54.5,49.0365));
#3153 = CARTESIAN_POINT('',(86.704333557589,-54.31917323907,49.0365));
#3154 = CARTESIAN_POINT('',(86.714610149176,-54.1383120403,
    49.055966543193));
#3155 = CARTESIAN_POINT('',(86.72488569757,-53.96001401292,
    49.09489041803));
#3156 = CARTESIAN_POINT('',(86.735162136343,-53.78676124131,
    49.15286983517));
#3157 = CARTESIAN_POINT('',(86.745440130979,-53.62092028499,
    49.229110427486));
#3158 = CARTESIAN_POINT('',(86.755719078875,-53.46474217864,
    49.322425250062));
#3159 = CARTESIAN_POINT('',(86.781764281184,-53.09887444535,
    49.598155725392));
#3160 = CARTESIAN_POINT('',(86.797554779501,-52.90465093621,
    49.801868463824));
#3161 = CARTESIAN_POINT('',(86.813322953612,-52.74560973698,
    50.036630481773));
#3162 = CARTESIAN_POINT('',(86.829074346113,-52.62724466968,
    50.295058750396));
#3163 = CARTESIAN_POINT('',(86.844835272398,-52.55336772628,
    50.568826126702));
#3164 = CARTESIAN_POINT('',(86.860618692965,-52.52597891504,
    50.848955583513));
#3165 = CARTESIAN_POINT('',(86.892577278681,-52.56303940804,
    51.409897277577));
#3166 = CARTESIAN_POINT('',(86.908797786507,-52.63002371983,
    51.691346029675));
#3167 = CARTESIAN_POINT('',(86.925001428323,-52.74477280296,
    51.959451786272));
#3168 = CARTESIAN_POINT('',(86.941196694353,-52.90369051335,
    52.204747901751));
#3169 = CARTESIAN_POINT('',(86.957388209662,-53.10144287476,
    52.419041440489));
#3170 = CARTESIAN_POINT('',(86.97359680977,-53.33089040637,
    52.595223205406));
#3171 = CARTESIAN_POINT('',(87.004299534175,-53.80834679859,
    52.848113760682));
#3172 = CARTESIAN_POINT('',(87.018827924541,-54.05247735574,
    52.933418040279));
#3173 = CARTESIAN_POINT('',(87.033349053699,-54.30838668636,
    52.981005370526));
#3174 = CARTESIAN_POINT('',(87.047866703642,-54.56908944416,
    52.98903673007));
#3175 = CARTESIAN_POINT('',(87.062391724164,-54.82744095687,
    52.957292689926));
#3176 = CARTESIAN_POINT('',(87.076926172494,-55.07635684616,
    52.887179572021));
#3177 = CARTESIAN_POINT('',(87.102182909511,-55.48104784831,
    52.703781800034));
#3178 = CARTESIAN_POINT('',(87.112917308441,-55.64433486868,
    52.606465563317));
#3179 = CARTESIAN_POINT('',(87.123651465044,-55.79619376769,
    52.491035644559));
#3180 = CARTESIAN_POINT('',(87.134385826493,-55.9342502992,
    52.35909591169));
#3181 = CARTESIAN_POINT('',(87.145120471796,-56.05645591191,
    52.212605353598));
#3182 = CARTESIAN_POINT('',(87.155855111794,-56.16108774938,
    52.053878080125));
#3183 = CARTESIAN_POINT('',(87.182191396211,-56.37126052734,
    51.640959507627));
#3184 = CARTESIAN_POINT('',(87.19781332255,-56.45595229322,
    51.375688901742));
#3185 = CARTESIAN_POINT('',(87.213424192739,-56.4963954146,
    51.098118759147));
#3186 = CARTESIAN_POINT('',(87.229028346762,-56.490906471,
    50.816997785124));
#3187 = CARTESIAN_POINT('',(87.244639846622,-56.43965287111,
    50.541204828125));
#3188 = CARTESIAN_POINT('',(87.260259967445,-56.34465680639,
    50.279440818389));
#3189 = CARTESIAN_POINT('',(87.29272977537,-56.06578947107,
    49.780747911838));
#3190 = CARTESIAN_POINT('',(87.309627378374,-55.87483570319,
    49.546781476228));
#3191 = CARTESIAN_POINT('',(87.326497885887,-55.64347248325,
    49.348670985355));
#3192 = CARTESIAN_POINT('',(87.343368373847,-55.38010813185,
    49.194198908933));
#3193 = CARTESIAN_POINT('',(87.360256453045,-55.09427008123,
    49.088966053214));
#3194 = CARTESIAN_POINT('',(87.377170362612,-54.79687951975,49.0365));
#3195 = CARTESIAN_POINT('',(87.394050921821,-54.5,49.0365));
#3196 = PCURVE('',#486,#3197);
#3197 = DEFINITIONAL_REPRESENTATION('',(#3198),#3243);
#3198 = B_SPLINE_CURVE_WITH_KNOTS('',7,(#3199,#3200,#3201,#3202,#3203,
    #3204,#3205,#3206,#3207,#3208,#3209,#3210,#3211,#3212,#3213,#3214,
    #3215,#3216,#3217,#3218,#3219,#3220,#3221,#3222,#3223,#3224,#3225,
    #3226,#3227,#3228,#3229,#3230,#3231,#3232,#3233,#3234,#3235,#3236,
    #3237,#3238,#3239,#3240,#3241,#3242),.UNSPECIFIED.,.F.,.F.,(8,6,6,6,
    6,6,6,8),(0.,0.102808662685,0.260523884219,0.42247228193,
    0.567714650493,0.675091073077,0.831167414233,1.),.UNSPECIFIED.);
#3199 = CARTESIAN_POINT('',(0.158388745438,56.898531944513));
#3200 = CARTESIAN_POINT('',(0.158392948753,56.991365471836));
#3201 = CARTESIAN_POINT('',(0.158390124828,57.084190020785));
#3202 = CARTESIAN_POINT('',(0.158384214033,57.177018449556));
#3203 = CARTESIAN_POINT('',(0.158378358727,57.26985521108));
#3204 = CARTESIAN_POINT('',(0.158374903255,57.362696353014));
#3205 = CARTESIAN_POINT('',(0.158375393952,57.455529517751));
#3206 = CARTESIAN_POINT('',(0.158388533558,57.690702007638));
#3207 = CARTESIAN_POINT('',(0.158402792056,57.833253265759));
#3208 = CARTESIAN_POINT('',(0.158394976021,57.975696226739));
#3209 = CARTESIAN_POINT('',(0.158371694309,58.118053199375));
#3210 = CARTESIAN_POINT('',(0.158352384343,58.260479686164));
#3211 = CARTESIAN_POINT('',(0.158350118886,58.40303747166));
#3212 = CARTESIAN_POINT('',(0.158360779251,58.691627011662));
#3213 = CARTESIAN_POINT('',(0.158375202734,58.838061959134));
#3214 = CARTESIAN_POINT('',(0.158394860083,58.984322441842));
#3215 = CARTESIAN_POINT('',(0.158404284004,59.130550400047));
#3216 = CARTESIAN_POINT('',(0.158400915803,59.27679843306));
#3217 = CARTESIAN_POINT('',(0.158392642124,59.423221449126));
#3218 = CARTESIAN_POINT('',(0.158376150441,59.700582943053));
#3219 = CARTESIAN_POINT('',(0.158367670463,59.831832000676));
#3220 = CARTESIAN_POINT('',(0.158363597789,59.962996891283));
#3221 = CARTESIAN_POINT('',(0.158364417387,60.094109737121));
#3222 = CARTESIAN_POINT('',(0.158367941647,60.225277767005));
#3223 = CARTESIAN_POINT('',(0.158371242699,60.356531914628));
#3224 = CARTESIAN_POINT('',(0.158373576903,60.584628669945));
#3225 = CARTESIAN_POINT('',(0.158373404354,60.681577294892));
#3226 = CARTESIAN_POINT('',(0.158372079983,60.778528592349));
#3227 = CARTESIAN_POINT('',(0.158369926764,60.87548523047));
#3228 = CARTESIAN_POINT('',(0.158367577758,60.972445244935));
#3229 = CARTESIAN_POINT('',(0.158365976115,61.069402038948));
#3230 = CARTESIAN_POINT('',(0.158366954967,61.30725433381));
#3231 = CARTESIAN_POINT('',(0.158370958642,61.448326983723));
#3232 = CARTESIAN_POINT('',(0.15838070038,61.589275517221));
#3233 = CARTESIAN_POINT('',(0.158393201645,61.730151727995));
#3234 = CARTESIAN_POINT('',(0.158401460324,61.871112219452));
#3235 = CARTESIAN_POINT('',(0.158399589624,62.012193398403));
#3236 = CARTESIAN_POINT('',(0.158383429135,62.30551314832));
#3237 = CARTESIAN_POINT('',(0.158367866631,62.45818985567));
#3238 = CARTESIAN_POINT('',(0.158348998675,62.610635871175));
#3239 = CARTESIAN_POINT('',(0.158338250716,62.763047439137));
#3240 = CARTESIAN_POINT('',(0.158356424435,62.915495679181));
#3241 = CARTESIAN_POINT('',(0.158375428557,63.068173422977));
#3242 = CARTESIAN_POINT('',(0.158385566849,63.220587260179));
#3243 = ( GEOMETRIC_REPRESENTATION_CONTEXT(2) 
PARAMETRIC_REPRESENTATION_CONTEXT() REPRESENTATION_CONTEXT('2D SPACE',''
  ) );
#3244 = PCURVE('',#3245,#3250);
#3245 = CYLINDRICAL_SURFACE('',#3246,1.96);
#3246 = AXIS2_PLACEMENT_3D('',#3247,#3248,#3249);
#3247 = CARTESIAN_POINT('',(80.24999995,-54.5,50.9965));
#3248 = DIRECTION('',(1.,0.,1.110223024625E-16));
#3249 = DIRECTION('',(1.110223024625E-16,0.,-1.));
#3250 = DEFINITIONAL_REPRESENTATION('',(#3251),#3296);
#3251 = B_SPLINE_CURVE_WITH_KNOTS('',7,(#3252,#3253,#3254,#3255,#3256,
    #3257,#3258,#3259,#3260,#3261,#3262,#3263,#3264,#3265,#3266,#3267,
    #3268,#3269,#3270,#3271,#3272,#3273,#3274,#3275,#3276,#3277,#3278,
    #3279,#3280,#3281,#3282,#3283,#3284,#3285,#3286,#3287,#3288,#3289,
    #3290,#3291,#3292,#3293,#3294,#3295),.UNSPECIFIED.,.F.,.F.,(8,6,6,6,
    6,6,6,8),(0.,0.102808662685,0.260523884219,0.42247228193,
    0.567714650493,0.675091073077,0.831167414233,1.),.UNSPECIFIED.);
#3252 = CARTESIAN_POINT('',(0.,6.444052771151));
#3253 = CARTESIAN_POINT('',(9.225855149151E-02,6.454333607589));
#3254 = CARTESIAN_POINT('',(0.184512182605,6.464610199176));
#3255 = CARTESIAN_POINT('',(0.276772051454,6.47488574757));
#3256 = CARTESIAN_POINT('',(0.369041485968,6.485162186343));
#3257 = CARTESIAN_POINT('',(0.461315983898,6.495440180979));
#3258 = CARTESIAN_POINT('',(0.553583212811,6.505719128875));
#3259 = CARTESIAN_POINT('',(0.787324899941,6.531764331184));
#3260 = CARTESIAN_POINT('',(0.929005938974,6.547554829501));
#3261 = CARTESIAN_POINT('',(1.070557354031,6.563323003612));
#3262 = CARTESIAN_POINT('',(1.212026033405,6.579074396113));
#3263 = CARTESIAN_POINT('',(1.353577066024,6.594835322398));
#3264 = CARTESIAN_POINT('',(1.495258568377,6.610618742965));
#3265 = CARTESIAN_POINT('',(1.782077254003,6.642577328681));
#3266 = CARTESIAN_POINT('',(1.927614415541,6.658797836507));
#3267 = CARTESIAN_POINT('',(2.072975968967,6.675001478323));
#3268 = CARTESIAN_POINT('',(2.218301254522,6.691196744353));
#3269 = CARTESIAN_POINT('',(2.36364850522,6.707388259662));
#3270 = CARTESIAN_POINT('',(2.50917200289,6.72359685977));
#3271 = CARTESIAN_POINT('',(2.784832505838,6.754299584175));
#3272 = CARTESIAN_POINT('',(2.915277991712,6.768827974541));
#3273 = CARTESIAN_POINT('',(3.045640104642,6.783349103699));
#3274 = CARTESIAN_POINT('',(3.175949125033,6.797866753641));
#3275 = CARTESIAN_POINT('',(3.306310311797,6.812391774164));
#3276 = CARTESIAN_POINT('',(3.436754337484,6.826926222494));
#3277 = CARTESIAN_POINT('',(3.663442064525,6.85218295951));
#3278 = CARTESIAN_POINT('',(3.759791220219,6.862917358441));
#3279 = CARTESIAN_POINT('',(3.856143313383,6.873651515044));
#3280 = CARTESIAN_POINT('',(3.952501585232,6.884385876493));
#3281 = CARTESIAN_POINT('',(4.048864395307,6.895120521796));
#3282 = CARTESIAN_POINT('',(4.145225221476,6.905855161794));
#3283 = CARTESIAN_POINT('',(4.381617888782,6.932191446211));
#3284 = CARTESIAN_POINT('',(4.52182667357,6.94781337255));
#3285 = CARTESIAN_POINT('',(4.66191317728,6.963424242739));
#3286 = CARTESIAN_POINT('',(4.801925569578,6.979028396762));
#3287 = CARTESIAN_POINT('',(4.942018644423,6.994639896622));
#3288 = CARTESIAN_POINT('',(5.082230806469,7.010260017445));
#3289 = CARTESIAN_POINT('',(5.373745187874,7.04272982537));
#3290 = CARTESIAN_POINT('',(5.525483047068,7.059627428374));
#3291 = CARTESIAN_POINT('',(5.676993439982,7.076497935887));
#3292 = CARTESIAN_POINT('',(5.828474989443,7.093368423847));
#3293 = CARTESIAN_POINT('',(5.97998588975,7.110256503045));
#3294 = CARTESIAN_POINT('',(6.131716164449,7.127170412612));
#3295 = CARTESIAN_POINT('',(6.28318530718,7.144050971821));
#3296 = ( GEOMETRIC_REPRESENTATION_CONTEXT(2) 
PARAMETRIC_REPRESENTATION_CONTEXT() REPRESENTATION_CONTEXT('2D SPACE',''
  ) );
#3297 = ORIENTED_EDGE('',*,*,#3298,.F.);
#3298 = EDGE_CURVE('',#3299,#3148,#3301,.T.);
#3299 = VERTEX_POINT('',#3300);
#3300 = CARTESIAN_POINT('',(85.994053860031,-54.5,49.0365));
#3301 = SURFACE_CURVE('',#3302,(#3354,#3409),.PCURVE_S1.);
#3302 = B_SPLINE_CURVE_WITH_KNOTS('',8,(#3303,#3304,#3305,#3306,#3307,
    #3308,#3309,#3310,#3311,#3312,#3313,#3314,#3315,#3316,#3317,#3318,
    #3319,#3320,#3321,#3322,#3323,#3324,#3325,#3326,#3327,#3328,#3329,
    #3330,#3331,#3332,#3333,#3334,#3335,#3336,#3337,#3338,#3339,#3340,
    #3341,#3342,#3343,#3344,#3345,#3346,#3347,#3348,#3349,#3350,#3351,
    #3352,#3353),.UNSPECIFIED.,.F.,.F.,(9,7,7,7,7,7,7,9),(0.,
    0.163245549653,0.256006370775,0.367365218673,0.554926513023,
    0.648709070694,0.831685697258,1.),.UNSPECIFIED.);
#3303 = CARTESIAN_POINT('',(85.994053860031,-54.5,49.0365));
#3304 = CARTESIAN_POINT('',(86.008330119036,-54.24886981478,49.0365));
#3305 = CARTESIAN_POINT('',(86.022622766642,-53.99740753874,
    49.073271465687));
#3306 = CARTESIAN_POINT('',(86.036889571371,-53.75237951515,
    49.146998522097));
#3307 = CARTESIAN_POINT('',(86.051168336872,-53.52014127789,
    49.256118760243));
#3308 = CARTESIAN_POINT('',(86.065457073507,-53.30634957032,
    49.398126194027));
#3309 = CARTESIAN_POINT('',(86.079743133219,-53.11626989265,
    49.569375394869));
#3310 = CARTESIAN_POINT('',(86.094035440603,-52.95441934842,
    49.765304454306));
#3311 = CARTESIAN_POINT('',(86.116414534884,-52.75018061922,
    50.102020346809));
#3312 = CARTESIAN_POINT('',(86.124523865472,-52.68631072013,
    50.230225968935));
#3313 = CARTESIAN_POINT('',(86.132633760267,-52.63319452658,
    50.363598179073));
#3314 = CARTESIAN_POINT('',(86.140744270956,-52.59131991122,
    50.50107228251));
#3315 = CARTESIAN_POINT('',(86.14885547236,-52.56104245527,
    50.641552980932));
#3316 = CARTESIAN_POINT('',(86.156967462437,-52.54258544848,
    50.783914372427));
#3317 = CARTESIAN_POINT('',(86.165080362279,-52.53603988915,
    50.926999951485));
#3318 = CARTESIAN_POINT('',(86.182935072395,-52.54775663066,
    51.240840313119));
#3319 = CARTESIAN_POINT('',(86.192678922976,-52.57127216074,
    51.41149237474));
#3320 = CARTESIAN_POINT('',(86.202424255564,-52.6118135482,
    51.57947821479));
#3321 = CARTESIAN_POINT('',(86.212169759284,-52.66902387824,
    51.742804762089));
#3322 = CARTESIAN_POINT('',(86.221914424685,-52.74228684744,
    51.899586453351));
#3323 = CARTESIAN_POINT('',(86.231657543732,-52.83072676377,
    52.048045233186));
#3324 = CARTESIAN_POINT('',(86.241398709812,-52.9332085466,
    52.186510554096));
#3325 = CARTESIAN_POINT('',(86.267541361071,-53.24224937745,
    52.527171435154));
#3326 = CARTESIAN_POINT('',(86.28397909427,-53.4725763892,52.70878146605
    ));
#3327 = CARTESIAN_POINT('',(86.300394928279,-53.73251163429,
    52.850172067399));
#3328 = CARTESIAN_POINT('',(86.316799503684,-54.01358298389,
    52.946164117473));
#3329 = CARTESIAN_POINT('',(86.333208420268,-54.30678654677,
    52.993434010261));
#3330 = CARTESIAN_POINT('',(86.349630561994,-54.60264159127,
    52.990738611097));
#3331 = CARTESIAN_POINT('',(86.366075657884,-54.89130490085,
    52.938608508418));
#3332 = CARTESIAN_POINT('',(86.390686478252,-55.29873157787,
    52.7921767418));
#3333 = CARTESIAN_POINT('',(86.398888884233,-55.43043373726,
    52.731934492725));
#3334 = CARTESIAN_POINT('',(86.407090448814,-55.55688210932,
    52.660684327666));
#3335 = CARTESIAN_POINT('',(86.41529158378,-55.67701172587,
    52.578961255756));
#3336 = CARTESIAN_POINT('',(86.423492641874,-55.78983786041,
    52.487412213954));
#3337 = CARTESIAN_POINT('',(86.431693916802,-55.8944560282,
    52.386796067043));
#3338 = CARTESIAN_POINT('',(86.439895643227,-55.9900419862,
    52.277983607632));
#3339 = CARTESIAN_POINT('',(86.46410138823,-56.24327282302,
    51.935582246921));
#3340 = CARTESIAN_POINT('',(86.480137109761,-56.37385825017,
    51.681274314868));
#3341 = CARTESIAN_POINT('',(86.496155859176,-56.46155447323,
    51.406691781277));
#3342 = CARTESIAN_POINT('',(86.512166695636,-56.50315505934,
    51.12040792938));
#3343 = CARTESIAN_POINT('',(86.528178823435,-56.49715590923,
    50.831176626389));
#3344 = CARTESIAN_POINT('',(86.54419796372,-56.44396348191,
    50.547872801992));
#3345 = CARTESIAN_POINT('',(86.560231199377,-56.34571169098,
    50.279416627654));
#3346 = CARTESIAN_POINT('',(86.590945110829,-56.08032866254,
    49.808548874095));
#3347 = CARTESIAN_POINT('',(86.605680703271,-55.91891917744,
    49.601808023278));
#3348 = CARTESIAN_POINT('',(86.620403328728,-55.72675994523,
    49.420563836908));
#3349 = CARTESIAN_POINT('',(86.635119848315,-55.50875896262,
    49.269946808384));
#3350 = CARTESIAN_POINT('',(86.649843350728,-55.27051492783,
    49.154004875101));
#3351 = CARTESIAN_POINT('',(86.664580553466,-55.0183047446,
    49.075609690687));
#3352 = CARTESIAN_POINT('',(86.67932828424,-54.75898400863,49.0365));
#3353 = CARTESIAN_POINT('',(86.694052721151,-54.5,49.0365));
#3354 = PCURVE('',#486,#3355);
#3355 = DEFINITIONAL_REPRESENTATION('',(#3356),#3408);
#3356 = B_SPLINE_CURVE_WITH_KNOTS('',8,(#3357,#3358,#3359,#3360,#3361,
    #3362,#3363,#3364,#3365,#3366,#3367,#3368,#3369,#3370,#3371,#3372,
    #3373,#3374,#3375,#3376,#3377,#3378,#3379,#3380,#3381,#3382,#3383,
    #3384,#3385,#3386,#3387,#3388,#3389,#3390,#3391,#3392,#3393,#3394,
    #3395,#3396,#3397,#3398,#3399,#3400,#3401,#3402,#3403,#3404,#3405,
    #3406,#3407),.UNSPECIFIED.,.F.,.F.,(9,7,7,7,7,7,7,9),(0.,
    0.163245549653,0.256006370775,0.367365218673,0.554926513023,
    0.648709070694,0.831685697258,1.),.UNSPECIFIED.);
#3357 = CARTESIAN_POINT('',(0.15839060626,50.576476217589));
#3358 = CARTESIAN_POINT('',(0.158393212128,50.705401094531));
#3359 = CARTESIAN_POINT('',(0.158388526815,50.834505999862));
#3360 = CARTESIAN_POINT('',(0.158366252014,50.963444639172));
#3361 = CARTESIAN_POINT('',(0.158353551207,51.092469405433));
#3362 = CARTESIAN_POINT('',(0.158396432076,51.221330321851));
#3363 = CARTESIAN_POINT('',(0.158396754363,51.350355137253));
#3364 = CARTESIAN_POINT('',(0.158394054998,51.479447104202));
#3365 = CARTESIAN_POINT('',(0.158379133065,51.681626753961));
#3366 = CARTESIAN_POINT('',(0.158371619076,51.754897885174));
#3367 = CARTESIAN_POINT('',(0.158363933559,51.828174877144));
#3368 = CARTESIAN_POINT('',(0.158357524371,51.901452082577));
#3369 = CARTESIAN_POINT('',(0.158353351548,51.974726119455));
#3370 = CARTESIAN_POINT('',(0.158351887305,52.047995871035));
#3371 = CARTESIAN_POINT('',(0.158353116034,52.121262485847));
#3372 = CARTESIAN_POINT('',(0.158360637929,52.282485872332));
#3373 = CARTESIAN_POINT('',(0.158368248972,52.370455512258));
#3374 = CARTESIAN_POINT('',(0.158377151523,52.458433077993));
#3375 = CARTESIAN_POINT('',(0.158385603769,52.546414074778));
#3376 = CARTESIAN_POINT('',(0.158392337994,52.634394732565));
#3377 = CARTESIAN_POINT('',(0.158396560583,52.722372006027));
#3378 = CARTESIAN_POINT('',(0.158397952017,52.810343574549));
#3379 = CARTESIAN_POINT('',(0.158394502328,53.046465731935));
#3380 = CARTESIAN_POINT('',(0.158385539161,53.194961071565));
#3381 = CARTESIAN_POINT('',(0.158372348672,53.3432764578));
#3382 = CARTESIAN_POINT('',(0.158362550443,53.491475857067));
#3383 = CARTESIAN_POINT('',(0.158362664982,53.639672654445));
#3384 = CARTESIAN_POINT('',(0.158366678458,53.787972482457));
#3385 = CARTESIAN_POINT('',(0.158370491223,53.936480504597));
#3386 = CARTESIAN_POINT('',(0.158373217252,54.158741996304));
#3387 = CARTESIAN_POINT('',(0.158373573396,54.232820652197));
#3388 = CARTESIAN_POINT('',(0.158373254737,54.306894559019));
#3389 = CARTESIAN_POINT('',(0.15837227492,54.380967375248));
#3390 = CARTESIAN_POINT('',(0.158370783492,54.45504165271));
#3391 = CARTESIAN_POINT('',(0.158369065902,54.529118836577));
#3392 = CARTESIAN_POINT('',(0.158367543505,54.603199265369));
#3393 = CARTESIAN_POINT('',(0.158365271324,54.821823336037));
#3394 = CARTESIAN_POINT('',(0.158366257449,54.966645947308));
#3395 = CARTESIAN_POINT('',(0.158372253665,55.111294078402));
#3396 = CARTESIAN_POINT('',(0.158384542373,55.255844142965));
#3397 = CARTESIAN_POINT('',(0.158398442122,55.40039906477));
#3398 = CARTESIAN_POINT('',(0.158403050181,55.545056593153));
#3399 = CARTESIAN_POINT('',(0.158398131932,55.689881712224));
#3400 = CARTESIAN_POINT('',(0.158378843278,55.967356306364));
#3401 = CARTESIAN_POINT('',(0.158365205124,56.10049866162));
#3402 = CARTESIAN_POINT('',(0.158350881327,56.233526840484));
#3403 = CARTESIAN_POINT('',(0.158342026356,56.366476791442));
#3404 = CARTESIAN_POINT('',(0.15834948959,56.499420855571));
#3405 = CARTESIAN_POINT('',(0.158368320603,56.632440519119));
#3406 = CARTESIAN_POINT('',(0.158382725359,56.765573753373));
#3407 = CARTESIAN_POINT('',(0.158388745438,56.898531944513));
#3408 = ( GEOMETRIC_REPRESENTATION_CONTEXT(2) 
PARAMETRIC_REPRESENTATION_CONTEXT() REPRESENTATION_CONTEXT('2D SPACE',''
  ) );
#3409 = PCURVE('',#3410,#3415);
#3410 = CYLINDRICAL_SURFACE('',#3411,1.96);
#3411 = AXIS2_PLACEMENT_3D('',#3412,#3413,#3414);
#3412 = CARTESIAN_POINT('',(80.24999995,-54.5,50.9965));
#3413 = DIRECTION('',(1.,0.,1.110223024625E-16));
#3414 = DIRECTION('',(1.110223024625E-16,0.,-1.));
#3415 = DEFINITIONAL_REPRESENTATION('',(#3416),#3468);
#3416 = B_SPLINE_CURVE_WITH_KNOTS('',8,(#3417,#3418,#3419,#3420,#3421,
    #3422,#3423,#3424,#3425,#3426,#3427,#3428,#3429,#3430,#3431,#3432,
    #3433,#3434,#3435,#3436,#3437,#3438,#3439,#3440,#3441,#3442,#3443,
    #3444,#3445,#3446,#3447,#3448,#3449,#3450,#3451,#3452,#3453,#3454,
    #3455,#3456,#3457,#3458,#3459,#3460,#3461,#3462,#3463,#3464,#3465,
    #3466,#3467),.UNSPECIFIED.,.F.,.F.,(9,7,7,7,7,7,7,9),(0.,
    0.163245549653,0.256006370775,0.367365218673,0.554926513023,
    0.648709070694,0.831685697258,1.),.UNSPECIFIED.);
#3417 = CARTESIAN_POINT('',(0.,5.744053910031));
#3418 = CARTESIAN_POINT('',(0.128127645517,5.758330169036));
#3419 = CARTESIAN_POINT('',(0.256424098088,5.772622816642));
#3420 = CARTESIAN_POINT('',(0.384646857948,5.786889621371));
#3421 = CARTESIAN_POINT('',(0.512779237832,5.801168386872));
#3422 = CARTESIAN_POINT('',(0.640943582503,5.815457123507));
#3423 = CARTESIAN_POINT('',(0.769147999539,5.829743183219));
#3424 = CARTESIAN_POINT('',(0.897443292134,5.844035490603));
#3425 = CARTESIAN_POINT('',(1.098369828521,5.866414584884));
#3426 = CARTESIAN_POINT('',(1.171186880627,5.874523915472));
#3427 = CARTESIAN_POINT('',(1.244010458801,5.882633810267));
#3428 = CARTESIAN_POINT('',(1.316835327988,5.890744320956));
#3429 = CARTESIAN_POINT('',(1.389658236743,5.89885552236));
#3430 = CARTESIAN_POINT('',(1.462477917236,5.906967512437));
#3431 = CARTESIAN_POINT('',(1.535295085246,5.915080412279));
#3432 = CARTESIAN_POINT('',(1.695529268221,5.932935122395));
#3433 = CARTESIAN_POINT('',(1.782959192782,5.942678972976));
#3434 = CARTESIAN_POINT('',(1.870396594422,5.952424305564));
#3435 = CARTESIAN_POINT('',(1.957836785392,5.962169809284));
#3436 = CARTESIAN_POINT('',(2.045276009622,5.971914474685));
#3437 = CARTESIAN_POINT('',(2.132711442714,5.981657593732));
#3438 = CARTESIAN_POINT('',(2.220141191949,5.991398759812));
#3439 = CARTESIAN_POINT('',(2.454810706554,6.017541411071));
#3440 = CARTESIAN_POINT('',(2.60239373383,6.03397914427));
#3441 = CARTESIAN_POINT('',(2.749800347738,6.050394978279));
#3442 = CARTESIAN_POINT('',(2.89709430434,6.066799553684));
#3443 = CARTESIAN_POINT('',(3.04438416434,6.083208470268));
#3444 = CARTESIAN_POINT('',(3.19177237771,6.099630611994));
#3445 = CARTESIAN_POINT('',(3.339364486318,6.116075707884));
#3446 = CARTESIAN_POINT('',(3.560253252433,6.140686528252));
#3447 = CARTESIAN_POINT('',(3.633874008272,6.148888934233));
#3448 = CARTESIAN_POINT('',(3.707490001294,6.157090498814));
#3449 = CARTESIAN_POINT('',(3.781105138339,6.16529163378));
#3450 = CARTESIAN_POINT('',(3.854722163057,6.173492691874));
#3451 = CARTESIAN_POINT('',(3.928342655913,6.181693966802));
#3452 = CARTESIAN_POINT('',(4.001967034181,6.189895693227));
#3453 = CARTESIAN_POINT('',(4.219247222102,6.21410143823));
#3454 = CARTESIAN_POINT('',(4.363182032119,6.230137159761));
#3455 = CARTESIAN_POINT('',(4.506945397981,6.246155909176));
#3456 = CARTESIAN_POINT('',(4.650611424156,6.262166745636));
#3457 = CARTESIAN_POINT('',(4.794278656887,6.278178873435));
#3458 = CARTESIAN_POINT('',(4.938045109371,6.29419801372));
#3459 = CARTESIAN_POINT('',(5.081978096328,6.310231249377));
#3460 = CARTESIAN_POINT('',(5.357745452287,6.340945160829));
#3461 = CARTESIAN_POINT('',(5.49006950378,6.355680753271));
#3462 = CARTESIAN_POINT('',(5.622281926619,6.370403378728));
#3463 = CARTESIAN_POINT('',(5.754418094957,6.385119898315));
#3464 = CARTESIAN_POINT('',(5.886547852833,6.399843400728));
#3465 = CARTESIAN_POINT('',(6.01874453878,6.414580603466));
#3466 = CARTESIAN_POINT('',(6.151050608896,6.42932833424));
#3467 = CARTESIAN_POINT('',(6.28318530718,6.444052771151));
#3468 = ( GEOMETRIC_REPRESENTATION_CONTEXT(2) 
PARAMETRIC_REPRESENTATION_CONTEXT() REPRESENTATION_CONTEXT('2D SPACE',''
  ) );
#3469 = ORIENTED_EDGE('',*,*,#3470,.F.);
#3470 = EDGE_CURVE('',#3471,#3299,#3473,.T.);
#3471 = VERTEX_POINT('',#3472);
#3472 = CARTESIAN_POINT('',(85.294054235967,-54.5,49.0365));
#3473 = SURFACE_CURVE('',#3474,(#3526,#3581),.PCURVE_S1.);
#3474 = B_SPLINE_CURVE_WITH_KNOTS('',8,(#3475,#3476,#3477,#3478,#3479,
    #3480,#3481,#3482,#3483,#3484,#3485,#3486,#3487,#3488,#3489,#3490,
    #3491,#3492,#3493,#3494,#3495,#3496,#3497,#3498,#3499,#3500,#3501,
    #3502,#3503,#3504,#3505,#3506,#3507,#3508,#3509,#3510,#3511,#3512,
    #3513,#3514,#3515,#3516,#3517,#3518,#3519,#3520,#3521,#3522,#3523,
    #3524,#3525),.UNSPECIFIED.,.F.,.F.,(9,7,7,7,7,7,7,9),(0.,
    0.108997556441,0.278766018096,0.403521949945,0.5158376204,
    0.667708552399,0.833987372787,1.),.UNSPECIFIED.);
#3475 = CARTESIAN_POINT('',(85.294054235967,-54.5,49.0365));
#3476 = CARTESIAN_POINT('',(85.30358812373,-54.33227052589,49.0365));
#3477 = CARTESIAN_POINT('',(85.313119723834,-54.16447900548,
    49.052916539186));
#3478 = CARTESIAN_POINT('',(85.322651498967,-53.99859105214,
    49.085733343706));
#3479 = CARTESIAN_POINT('',(85.332184942615,-53.83648539387,
    49.134691461633));
#3480 = CARTESIAN_POINT('',(85.341720579061,-53.67995387337,
    49.199289262966));
#3481 = CARTESIAN_POINT('',(85.35125796339,-53.53070144801,
    49.278782439629));
#3482 = CARTESIAN_POINT('',(85.360795681485,-53.39034618979,
    49.372184005472));
#3483 = CARTESIAN_POINT('',(85.385183570864,-53.05805244895,
    49.643488989086));
#3484 = CARTESIAN_POINT('',(85.400054340998,-52.8805786982,
    49.83976931944));
#3485 = CARTESIAN_POINT('',(85.414905308923,-52.73403374388,
    50.062403685944));
#3486 = CARTESIAN_POINT('',(85.429745507867,-52.62277554868,
    50.305555837047));
#3487 = CARTESIAN_POINT('',(85.444590720638,-52.54983974489,
    50.562825366372));
#3488 = CARTESIAN_POINT('',(85.459451694669,-52.51708005519,
    50.827367033395));
#3489 = CARTESIAN_POINT('',(85.474327744375,-52.52496916778,
    51.091890725607));
#3490 = CARTESIAN_POINT('',(85.500098270053,-52.60644917554,
    51.537720336446));
#3491 = CARTESIAN_POINT('',(85.511021711422,-52.66212462738,
    51.722826000887));
#3492 = CARTESIAN_POINT('',(85.52194216332,-52.73847430549,
    51.901258418088));
#3493 = CARTESIAN_POINT('',(85.532857673782,-52.83450508243,
    52.070316824992));
#3494 = CARTESIAN_POINT('',(85.543769744853,-52.94885041693,
    52.227535011109));
#3495 = CARTESIAN_POINT('',(85.554681161931,-53.07981658085,
    52.370677042651));
#3496 = CARTESIAN_POINT('',(85.565593761532,-53.2253756652,
    52.497762523689));
#3497 = CARTESIAN_POINT('',(85.586324810363,-53.5251689025,
    52.705645041883));
#3498 = CARTESIAN_POINT('',(85.596147142484,-53.67718738323,
    52.789844663397));
#3499 = CARTESIAN_POINT('',(85.605970534445,-53.83741287233,
    52.858545889781));
#3500 = CARTESIAN_POINT('',(85.615795057987,-54.00399125877,
    52.910818646957));
#3501 = CARTESIAN_POINT('',(85.625620532247,-54.1749949544,
    52.946013830791));
#3502 = CARTESIAN_POINT('',(85.63544652376,-54.34842289394,
    52.963763307086));
#3503 = CARTESIAN_POINT('',(85.645272346459,-54.52220053501,
    52.963979911589));
#3504 = CARTESIAN_POINT('',(85.668381838852,-54.92672675004,
    52.923704810719));
#3505 = CARTESIAN_POINT('',(85.681677857893,-55.15631966088,
    52.868840722847));
#3506 = CARTESIAN_POINT('',(85.694967519273,-55.37757148718,
    52.782722548802));
#3507 = CARTESIAN_POINT('',(85.708249076014,-55.58558374168,
    52.666928680914));
#3508 = CARTESIAN_POINT('',(85.721529517325,-55.77587870027,
    52.523870155787));
#3509 = CARTESIAN_POINT('',(85.734816714766,-55.94443311959,
    52.356658593955));
#3510 = CARTESIAN_POINT('',(85.748110830928,-56.08781352498,
    52.169130464802));
#3511 = CARTESIAN_POINT('',(85.775939409233,-56.32997946058,
    51.743656670217));
#3512 = CARTESIAN_POINT('',(85.790506489079,-56.42355215277,
    51.502077753239));
#3513 = CARTESIAN_POINT('',(85.805064752776,-56.4804109265,
    51.247459730819));
#3514 = CARTESIAN_POINT('',(85.819616844763,-56.49866596859,
    50.986401612387));
#3515 = CARTESIAN_POINT('',(85.834167191058,-56.47777125081,
    50.725547313388));
#3516 = CARTESIAN_POINT('',(85.848720882278,-56.41834920293,
    50.47152554197));
#3517 = CARTESIAN_POINT('',(85.863282420342,-56.32234362454,
    50.230896814346));
#3518 = CARTESIAN_POINT('',(85.892340240387,-56.0648981717,
    49.789036237598));
#3519 = CARTESIAN_POINT('',(85.906876064468,-55.90321479402,
    49.587140010651));
#3520 = CARTESIAN_POINT('',(85.921400512283,-55.71192811685,
    49.410399782657));
#3521 = CARTESIAN_POINT('',(85.93592030218,-55.49579587906,
    49.263684586259));
#3522 = CARTESIAN_POINT('',(85.950446925647,-55.26022907983,
    49.150833593175));
#3523 = CARTESIAN_POINT('',(85.964984365126,-55.01127201865,
    49.074564652107));
#3524 = CARTESIAN_POINT('',(85.979529144565,-54.75550072214,49.0365));
#3525 = CARTESIAN_POINT('',(85.994053860031,-54.5,49.0365));
#3526 = PCURVE('',#486,#3527);
#3527 = DEFINITIONAL_REPRESENTATION('',(#3528),#3580);
#3528 = B_SPLINE_CURVE_WITH_KNOTS('',8,(#3529,#3530,#3531,#3532,#3533,
    #3534,#3535,#3536,#3537,#3538,#3539,#3540,#3541,#3542,#3543,#3544,
    #3545,#3546,#3547,#3548,#3549,#3550,#3551,#3552,#3553,#3554,#3555,
    #3556,#3557,#3558,#3559,#3560,#3561,#3562,#3563,#3564,#3565,#3566,
    #3567,#3568,#3569,#3570,#3571,#3572,#3573,#3574,#3575,#3576,#3577,
    #3578,#3579),.UNSPECIFIED.,.F.,.F.,(9,7,7,7,7,7,7,9),(0.,
    0.108997556441,0.278766018096,0.403521949945,0.5158376204,
    0.667708552399,0.833987372787,1.),.UNSPECIFIED.);
#3529 = CARTESIAN_POINT('',(0.158391004413,44.25441977371));
#3530 = CARTESIAN_POINT('',(0.158390483038,44.340527184257));
#3531 = CARTESIAN_POINT('',(0.158383683553,44.426640549053));
#3532 = CARTESIAN_POINT('',(0.158376435409,44.512757583634));
#3533 = CARTESIAN_POINT('',(0.158372448341,44.598876128095));
#3534 = CARTESIAN_POINT('',(0.15837331236,44.684994147099));
#3535 = CARTESIAN_POINT('',(0.158378497764,44.771109729869));
#3536 = CARTESIAN_POINT('',(0.158385355128,44.857221090191));
#3537 = CARTESIAN_POINT('',(0.158394971955,45.077439611849));
#3538 = CARTESIAN_POINT('',(0.158394828717,45.211745269447));
#3539 = CARTESIAN_POINT('',(0.158377217307,45.345946021936));
#3540 = CARTESIAN_POINT('',(0.158354864,45.480069754215));
#3541 = CARTESIAN_POINT('',(0.158344018421,45.614190318344));
#3542 = CARTESIAN_POINT('',(0.15834881658,45.748387237575));
#3543 = CARTESIAN_POINT('',(0.158359212726,45.882696680976));
#3544 = CARTESIAN_POINT('',(0.158379687234,46.115357202307));
#3545 = CARTESIAN_POINT('',(0.158388983655,46.213973195304));
#3546 = CARTESIAN_POINT('',(0.158396656474,46.312569018362));
#3547 = CARTESIAN_POINT('',(0.158400430758,46.411136643606));
#3548 = CARTESIAN_POINT('',(0.158399786487,46.509691835979));
#3549 = CARTESIAN_POINT('',(0.158395819133,46.608255134481));
#3550 = CARTESIAN_POINT('',(0.158390213534,46.706836020661));
#3551 = CARTESIAN_POINT('',(0.158379102119,46.894115542869));
#3552 = CARTESIAN_POINT('',(0.158373652667,46.982849009085));
#3553 = CARTESIAN_POINT('',(0.158369126226,47.071588155569));
#3554 = CARTESIAN_POINT('',(0.15836620126,47.160330770596));
#3555 = CARTESIAN_POINT('',(0.158365126399,47.249074174007));
#3556 = CARTESIAN_POINT('',(0.158365720444,47.337815217209));
#3557 = CARTESIAN_POINT('',(0.158367372366,47.426550283172));
#3558 = CARTESIAN_POINT('',(0.158371298012,47.635247405033));
#3559 = CARTESIAN_POINT('',(0.158373913041,47.755319562292));
#3560 = CARTESIAN_POINT('',(0.158375090707,47.875340383611));
#3561 = CARTESIAN_POINT('',(0.158373538318,47.995299536141));
#3562 = CARTESIAN_POINT('',(0.158369792897,48.115257861055));
#3563 = CARTESIAN_POINT('',(0.158366152212,48.235276737251));
#3564 = CARTESIAN_POINT('',(0.158365210124,48.355346676493));
#3565 = CARTESIAN_POINT('',(0.158368951807,48.606664948057));
#3566 = CARTESIAN_POINT('',(0.158374287517,48.738205109721));
#3567 = CARTESIAN_POINT('',(0.158383359866,48.869649846575));
#3568 = CARTESIAN_POINT('',(0.158394850472,49.001028624062));
#3569 = CARTESIAN_POINT('',(0.158402612653,49.13240739679));
#3570 = CARTESIAN_POINT('',(0.158401590171,49.263853517067));
#3571 = CARTESIAN_POINT('',(0.158393463664,49.39540055829));
#3572 = CARTESIAN_POINT('',(0.158371914198,49.657927725269));
#3573 = CARTESIAN_POINT('',(0.158358423997,49.789265259971));
#3574 = CARTESIAN_POINT('',(0.15834686206,49.920491935088));
#3575 = CARTESIAN_POINT('',(0.158343234588,50.051643027791));
#3576 = CARTESIAN_POINT('',(0.158356379203,50.182784944515));
#3577 = CARTESIAN_POINT('',(0.158376239142,50.3139960337));
#3578 = CARTESIAN_POINT('',(0.15838795504,50.445307600272));
#3579 = CARTESIAN_POINT('',(0.15839060626,50.576476217589));
#3580 = ( GEOMETRIC_REPRESENTATION_CONTEXT(2) 
PARAMETRIC_REPRESENTATION_CONTEXT() REPRESENTATION_CONTEXT('2D SPACE',''
  ) );
#3581 = PCURVE('',#3582,#3587);
#3582 = CYLINDRICAL_SURFACE('',#3583,1.96);
#3583 = AXIS2_PLACEMENT_3D('',#3584,#3585,#3586);
#3584 = CARTESIAN_POINT('',(80.24999995,-54.5,50.9965));
#3585 = DIRECTION('',(1.,0.,1.110223024625E-16));
#3586 = DIRECTION('',(1.110223024625E-16,0.,-1.));
#3587 = DEFINITIONAL_REPRESENTATION('',(#3588),#3640);
#3588 = B_SPLINE_CURVE_WITH_KNOTS('',8,(#3589,#3590,#3591,#3592,#3593,
    #3594,#3595,#3596,#3597,#3598,#3599,#3600,#3601,#3602,#3603,#3604,
    #3605,#3606,#3607,#3608,#3609,#3610,#3611,#3612,#3613,#3614,#3615,
    #3616,#3617,#3618,#3619,#3620,#3621,#3622,#3623,#3624,#3625,#3626,
    #3627,#3628,#3629,#3630,#3631,#3632,#3633,#3634,#3635,#3636,#3637,
    #3638,#3639),.UNSPECIFIED.,.F.,.F.,(9,7,7,7,7,7,7,9),(0.,
    0.108997556441,0.278766018096,0.403521949945,0.5158376204,
    0.667708552399,0.833987372787,1.),.UNSPECIFIED.);
#3589 = CARTESIAN_POINT('',(0.,5.044054285967));
#3590 = CARTESIAN_POINT('',(8.557626230101E-02,5.05358817373));
#3591 = CARTESIAN_POINT('',(0.171162091302,5.063119773834));
#3592 = CARTESIAN_POINT('',(0.256754016802,5.072651548967));
#3593 = CARTESIAN_POINT('',(0.342348774406,5.082184992615));
#3594 = CARTESIAN_POINT('',(0.427943305528,5.091720629061));
#3595 = CARTESIAN_POINT('',(0.513534757391,5.10125801339));
#3596 = CARTESIAN_POINT('',(0.599120483025,5.110795731484));
#3597 = CARTESIAN_POINT('',(0.817988831352,5.135183620864));
#3598 = CARTESIAN_POINT('',(0.95146272506,5.150054390998));
#3599 = CARTESIAN_POINT('',(1.084824981257,5.164905358923));
#3600 = CARTESIAN_POINT('',(1.218118255177,5.179745557867));
#3601 = CARTESIAN_POINT('',(1.351416124767,5.194590770638));
#3602 = CARTESIAN_POINT('',(1.484790294785,5.209451744669));
#3603 = CARTESIAN_POINT('',(1.618276204326,5.224327794375));
#3604 = CARTESIAN_POINT('',(1.849507895389,5.250098320053));
#3605 = CARTESIAN_POINT('',(1.947517622256,5.261021761422));
#3606 = CARTESIAN_POINT('',(2.045506436612,5.27194221332));
#3607 = CARTESIAN_POINT('',(2.143466722248,5.282857723782));
#3608 = CARTESIAN_POINT('',(2.241414931475,5.293769794853));
#3609 = CARTESIAN_POINT('',(2.339372096942,5.304681211931));
#3610 = CARTESIAN_POINT('',(2.437347673486,5.315593811532));
#3611 = CARTESIAN_POINT('',(2.623478574276,5.336324860363));
#3612 = CARTESIAN_POINT('',(2.711668534206,5.346147192484));
#3613 = CARTESIAN_POINT('',(2.799864362457,5.355970584445));
#3614 = CARTESIAN_POINT('',(2.888063451417,5.365795107987));
#3615 = CARTESIAN_POINT('',(2.976262808733,5.375620582247));
#3616 = CARTESIAN_POINT('',(3.064459057314,5.38544657376));
#3617 = CARTESIAN_POINT('',(3.152648435333,5.395272396459));
#3618 = CARTESIAN_POINT('',(3.360059756286,5.418381888852));
#3619 = CARTESIAN_POINT('',(3.479390545053,5.431677907893));
#3620 = CARTESIAN_POINT('',(3.598668859092,5.444967569273));
#3621 = CARTESIAN_POINT('',(3.717885844645,5.458249126014));
#3622 = CARTESIAN_POINT('',(3.837103429229,5.471529567325));
#3623 = CARTESIAN_POINT('',(3.956383372875,5.484816764766));
#3624 = CARTESIAN_POINT('',(4.075716039006,5.498110880928));
#3625 = CARTESIAN_POINT('',(4.325493267032,5.525939459233));
#3626 = CARTESIAN_POINT('',(4.456228088451,5.540506539079));
#3627 = CARTESIAN_POINT('',(4.586868370476,5.555064802776));
#3628 = CARTESIAN_POINT('',(4.717441367613,5.569616894763));
#3629 = CARTESIAN_POINT('',(4.848011772411,5.584167241058));
#3630 = CARTESIAN_POINT('',(4.978647678899,5.598720932278));
#3631 = CARTESIAN_POINT('',(5.109384700709,5.613282470342));
#3632 = CARTESIAN_POINT('',(5.370297566131,5.642340290387));
#3633 = CARTESIAN_POINT('',(5.500828637069,5.656876114468));
#3634 = CARTESIAN_POINT('',(5.631251187091,5.671400562283));
#3635 = CARTESIAN_POINT('',(5.761599258459,5.68592035218));
#3636 = CARTESIAN_POINT('',(5.891935929969,5.700446975646));
#3637 = CARTESIAN_POINT('',(6.022332627165,5.714984415126));
#3638 = CARTESIAN_POINT('',(6.152827795882,5.729529194565));
#3639 = CARTESIAN_POINT('',(6.28318530718,5.744053910031));
#3640 = ( GEOMETRIC_REPRESENTATION_CONTEXT(2) 
PARAMETRIC_REPRESENTATION_CONTEXT() REPRESENTATION_CONTEXT('2D SPACE',''
  ) );
#3641 = ORIENTED_EDGE('',*,*,#3642,.F.);
#3642 = EDGE_CURVE('',#3643,#3471,#3645,.T.);
#3643 = VERTEX_POINT('',#3644);
#3644 = CARTESIAN_POINT('',(84.594053825495,-54.5,49.0365));
#3645 = SURFACE_CURVE('',#3646,(#3698,#3753),.PCURVE_S1.);
#3646 = B_SPLINE_CURVE_WITH_KNOTS('',8,(#3647,#3648,#3649,#3650,#3651,
    #3652,#3653,#3654,#3655,#3656,#3657,#3658,#3659,#3660,#3661,#3662,
    #3663,#3664,#3665,#3666,#3667,#3668,#3669,#3670,#3671,#3672,#3673,
    #3674,#3675,#3676,#3677,#3678,#3679,#3680,#3681,#3682,#3683,#3684,
    #3685,#3686,#3687,#3688,#3689,#3690,#3691,#3692,#3693,#3694,#3695,
    #3696,#3697),.UNSPECIFIED.,.F.,.F.,(9,7,7,7,7,7,7,9),(0.,
    0.104383963746,0.267735357679,0.393173690465,0.584561756539,
    0.785090840577,0.906030467119,1.),.UNSPECIFIED.);
#3647 = CARTESIAN_POINT('',(84.594053825495,-54.5,49.0365));
#3648 = CARTESIAN_POINT('',(84.603179979089,-54.33942407019,49.0365));
#3649 = CARTESIAN_POINT('',(84.612306064341,-54.17877277434,
    49.051548358614));
#3650 = CARTESIAN_POINT('',(84.621433349146,-54.01977999405,
    49.081632650926));
#3651 = CARTESIAN_POINT('',(84.630562481163,-53.86410467122,
    49.126535741921));
#3652 = CARTESIAN_POINT('',(84.639693487807,-53.71333080801,
    49.185835786488));
#3653 = CARTESIAN_POINT('',(84.648825776257,-53.5689674669,
    49.258906229419));
#3654 = CARTESIAN_POINT('',(84.657958133449,-53.43244877064,
    49.344915805411));
#3655 = CARTESIAN_POINT('',(84.681377271753,-53.10589773163,
    49.59605304742));
#3656 = CARTESIAN_POINT('',(84.695681421844,-52.92886914431,
    49.77866999751));
#3657 = CARTESIAN_POINT('',(84.709969171443,-52.77951985679,
    49.986659821478));
#3658 = CARTESIAN_POINT('',(84.724247858356,-52.66193523906,
    50.214989319965));
#3659 = CARTESIAN_POINT('',(84.738530535726,-52.5790817149,
    50.458082214785));
#3660 = CARTESIAN_POINT('',(84.7528260496,-52.53291377076,
    50.709932347305));
#3661 = CARTESIAN_POINT('',(84.767133840215,-52.52421803017,
    50.964105958773));
#3662 = CARTESIAN_POINT('',(84.79239834228,-52.57349629367,
    51.405681801826));
#3663 = CARTESIAN_POINT('',(84.803379913024,-52.61649903713,
    51.595201979087));
#3664 = CARTESIAN_POINT('',(84.814358511851,-52.68081351824,
    51.779431862325));
#3665 = CARTESIAN_POINT('',(84.825332129029,-52.76562089299,
    51.955564402108));
#3666 = CARTESIAN_POINT('',(84.836302253427,-52.86970576927,
    52.121005679492));
#3667 = CARTESIAN_POINT('',(84.847271692625,-52.99150386967,
    52.273373610586));
#3668 = CARTESIAN_POINT('',(84.858242319375,-53.12909286972,
    52.410523388007));
#3669 = CARTESIAN_POINT('',(84.885943158727,-53.5106453955,
    52.713907703558));
#3670 = CARTESIAN_POINT('',(84.902716270406,-53.77315663569,
    52.858041384163));
#3671 = CARTESIAN_POINT('',(84.919465746642,-54.05910266287,
    52.955678363381));
#3672 = CARTESIAN_POINT('',(84.936206646282,-54.35870690285,
    53.002998894785));
#3673 = CARTESIAN_POINT('',(84.952949834071,-54.66199015551,
    52.998135741027));
#3674 = CARTESIAN_POINT('',(84.969704830854,-54.95879789275,
    52.941522931875));
#3675 = CARTESIAN_POINT('',(84.986481635555,-55.23888997985,
    52.835612252335));
#3676 = CARTESIAN_POINT('',(85.020751685419,-55.75875959377,
    52.530219486961));
#3677 = CARTESIAN_POINT('',(85.038334269443,-55.99739458131,
    52.325673930117));
#3678 = CARTESIAN_POINT('',(85.055885784487,-56.19711585662,
    52.07900811817));
#3679 = CARTESIAN_POINT('',(85.073424215326,-56.34989811782,
    51.799316143807));
#3680 = CARTESIAN_POINT('',(85.090968732683,-56.44983123625,
    51.496689062245));
#3681 = CARTESIAN_POINT('',(85.108529177449,-56.49359000787,
    51.182320949625));
#3682 = CARTESIAN_POINT('',(85.126117899373,-56.47998252144,
    50.868284893042));
#3683 = CARTESIAN_POINT('',(85.154226558403,-56.37168010109,
    50.385738167387));
#3684 = CARTESIAN_POINT('',(85.164805096279,-56.31122071778,
    50.20852938497));
#3685 = CARTESIAN_POINT('',(85.175381161693,-56.23159643491,
    50.038257601544));
#3686 = CARTESIAN_POINT('',(85.185955036022,-56.13377601912,
    49.877336570418));
#3687 = CARTESIAN_POINT('',(85.196529428078,-56.01905591311,
    49.727981243272));
#3688 = CARTESIAN_POINT('',(85.207107276572,-55.88902854167,
    49.592205880466));
#3689 = CARTESIAN_POINT('',(85.217689157812,-55.74559330841,
    49.471794026796));
#3690 = CARTESIAN_POINT('',(85.236487685985,-55.47087042174,
    49.287723211728));
#3691 = CARTESIAN_POINT('',(85.244709969836,-55.34394204076,
    49.21735263894));
#3692 = CARTESIAN_POINT('',(85.252933652716,-55.21121896118,
    49.157782121374));
#3693 = CARTESIAN_POINT('',(85.261158333379,-55.07377630777,
    49.10955808927));
#3694 = CARTESIAN_POINT('',(85.269383772343,-54.9327417971,
    49.073099193525));
#3695 = CARTESIAN_POINT('',(85.277609363878,-54.78928724849,
    49.048696092234));
#3696 = CARTESIAN_POINT('',(85.285833701357,-54.64462368148,49.0365));
#3697 = CARTESIAN_POINT('',(85.294054235967,-54.5,49.0365));
#3698 = PCURVE('',#486,#3699);
#3699 = DEFINITIONAL_REPRESENTATION('',(#3700),#3752);
#3700 = B_SPLINE_CURVE_WITH_KNOTS('',8,(#3701,#3702,#3703,#3704,#3705,
    #3706,#3707,#3708,#3709,#3710,#3711,#3712,#3713,#3714,#3715,#3716,
    #3717,#3718,#3719,#3720,#3721,#3722,#3723,#3724,#3725,#3726,#3727,
    #3728,#3729,#3730,#3731,#3732,#3733,#3734,#3735,#3736,#3737,#3738,
    #3739,#3740,#3741,#3742,#3743,#3744,#3745,#3746,#3747,#3748,#3749,
    #3750,#3751),.UNSPECIFIED.,.F.,.F.,(9,7,7,7,7,7,7,9),(0.,
    0.104383963746,0.267735357679,0.393173690465,0.584561756539,
    0.785090840577,0.906030467119,1.),.UNSPECIFIED.);
#3701 = CARTESIAN_POINT('',(0.158389959566,37.932362329259));
#3702 = CARTESIAN_POINT('',(0.158387457443,38.014795679478));
#3703 = CARTESIAN_POINT('',(0.15838061945,38.097246974138));
#3704 = CARTESIAN_POINT('',(0.158374464643,38.179706406941));
#3705 = CARTESIAN_POINT('',(0.158372020267,38.262166968579));
#3706 = CARTESIAN_POINT('',(0.158374321751,38.344624446735));
#3707 = CARTESIAN_POINT('',(0.158380412712,38.427077426083));
#3708 = CARTESIAN_POINT('',(0.158387344956,38.509527288291));
#3709 = CARTESIAN_POINT('',(0.158394612669,38.721006396402));
#3710 = CARTESIAN_POINT('',(0.158392297408,38.850203836866));
#3711 = CARTESIAN_POINT('',(0.158375070374,38.97931628645));
#3712 = CARTESIAN_POINT('',(0.158354842649,39.108359749999));
#3713 = CARTESIAN_POINT('',(0.15834509817,39.237395115404));
#3714 = CARTESIAN_POINT('',(0.158348989764,39.366488894565));
#3715 = CARTESIAN_POINT('',(0.158358585926,39.495669471435));
#3716 = CARTESIAN_POINT('',(0.158378451084,39.723762407886));
#3717 = CARTESIAN_POINT('',(0.158387948209,39.822902552693));
#3718 = CARTESIAN_POINT('',(0.158396027835,39.922021816146));
#3719 = CARTESIAN_POINT('',(0.158400270172,40.021112259556));
#3720 = CARTESIAN_POINT('',(0.158400014053,40.120190124464));
#3721 = CARTESIAN_POINT('',(0.158396284711,40.219276446692));
#3722 = CARTESIAN_POINT('',(0.158390778293,40.318380987418));
#3723 = CARTESIAN_POINT('',(0.15837599308,40.56862373164));
#3724 = CARTESIAN_POINT('',(0.158366255886,40.72015131148));
#3725 = CARTESIAN_POINT('',(0.158360718945,40.87144771834));
#3726 = CARTESIAN_POINT('',(0.158364188171,41.022628690058));
#3727 = CARTESIAN_POINT('',(0.1583714399,41.173814409573));
#3728 = CARTESIAN_POINT('',(0.158374657748,41.325123846852));
#3729 = CARTESIAN_POINT('',(0.158374054519,41.476646379036));
#3730 = CARTESIAN_POINT('',(0.158369346195,41.786176734825));
#3731 = CARTESIAN_POINT('',(0.158365067888,41.944992153247));
#3732 = CARTESIAN_POINT('',(0.158361607219,42.103523473654));
#3733 = CARTESIAN_POINT('',(0.158364286704,42.261910636887));
#3734 = CARTESIAN_POINT('',(0.158379512676,42.420299744147));
#3735 = CARTESIAN_POINT('',(0.158393981616,42.578835892621));
#3736 = CARTESIAN_POINT('',(0.158399556511,42.737665027975));
#3737 = CARTESIAN_POINT('',(0.158394537792,42.991549885779));
#3738 = CARTESIAN_POINT('',(0.158389470662,43.087111486663));
#3739 = CARTESIAN_POINT('',(0.158381270787,43.182664011828));
#3740 = CARTESIAN_POINT('',(0.158370891366,43.278205977055));
#3741 = CARTESIAN_POINT('',(0.158360890773,43.373751037565));
#3742 = CARTESIAN_POINT('',(0.158354158635,43.469313517662));
#3743 = CARTESIAN_POINT('',(0.158352195549,43.564892263521));
#3744 = CARTESIAN_POINT('',(0.158356241306,43.734654366127));
#3745 = CARTESIAN_POINT('',(0.158360563892,43.808895768675));
#3746 = CARTESIAN_POINT('',(0.158367269106,43.88313971227));
#3747 = CARTESIAN_POINT('',(0.158375387616,43.957386657202));
#3748 = CARTESIAN_POINT('',(0.158383268158,44.031641407108));
#3749 = CARTESIAN_POINT('',(0.158389044647,44.105906372824));
#3750 = CARTESIAN_POINT('',(0.158391453965,44.180174201891));
#3751 = CARTESIAN_POINT('',(0.158391004413,44.25441977371));
#3752 = ( GEOMETRIC_REPRESENTATION_CONTEXT(2) 
PARAMETRIC_REPRESENTATION_CONTEXT() REPRESENTATION_CONTEXT('2D SPACE',''
  ) );
#3753 = PCURVE('',#3754,#3759);
#3754 = CYLINDRICAL_SURFACE('',#3755,1.96);
#3755 = AXIS2_PLACEMENT_3D('',#3756,#3757,#3758);
#3756 = CARTESIAN_POINT('',(80.24999995,-54.5,50.9965));
#3757 = DIRECTION('',(1.,0.,1.110223024625E-16));
#3758 = DIRECTION('',(1.110223024625E-16,0.,-1.));
#3759 = DEFINITIONAL_REPRESENTATION('',(#3760),#3812);
#3760 = B_SPLINE_CURVE_WITH_KNOTS('',8,(#3761,#3762,#3763,#3764,#3765,
    #3766,#3767,#3768,#3769,#3770,#3771,#3772,#3773,#3774,#3775,#3776,
    #3777,#3778,#3779,#3780,#3781,#3782,#3783,#3784,#3785,#3786,#3787,
    #3788,#3789,#3790,#3791,#3792,#3793,#3794,#3795,#3796,#3797,#3798,
    #3799,#3800,#3801,#3802,#3803,#3804,#3805,#3806,#3807,#3808,#3809,
    #3810,#3811),.UNSPECIFIED.,.F.,.F.,(9,7,7,7,7,7,7,9),(0.,
    0.104383963746,0.267735357679,0.393173690465,0.584561756539,
    0.785090840577,0.906030467119,1.),.UNSPECIFIED.);
#3761 = CARTESIAN_POINT('',(0.,4.344053875495));
#3762 = CARTESIAN_POINT('',(8.192649479935E-02,4.353180029089));
#3763 = CARTESIAN_POINT('',(0.163873716528,4.362306114341));
#3764 = CARTESIAN_POINT('',(0.245830946955,4.371433399146));
#3765 = CARTESIAN_POINT('',(0.327790268522,4.380562531163));
#3766 = CARTESIAN_POINT('',(0.409746564345,4.389693537807));
#3767 = CARTESIAN_POINT('',(0.491697518214,4.398825826257));
#3768 = CARTESIAN_POINT('',(0.573643614592,4.407958183449));
#3769 = CARTESIAN_POINT('',(0.783823853608,4.431377321753));
#3770 = CARTESIAN_POINT('',(0.912220285021,4.445681471844));
#3771 = CARTESIAN_POINT('',(1.040527123984,4.459969221443));
#3772 = CARTESIAN_POINT('',(1.16877204383,4.474247908356));
#3773 = CARTESIAN_POINT('',(1.297015559628,4.488530585726));
#3774 = CARTESIAN_POINT('',(1.425317844736,4.5028260996));
#3775 = CARTESIAN_POINT('',(1.553706324688,4.517133890215));
#3776 = CARTESIAN_POINT('',(1.780398657809,4.54239839228));
#3777 = CARTESIAN_POINT('',(1.878929411798,4.553379963024));
#3778 = CARTESIAN_POINT('',(1.977438513553,4.564358561851));
#3779 = CARTESIAN_POINT('',(2.075918397193,4.575332179029));
#3780 = CARTESIAN_POINT('',(2.174386000778,4.586302303427));
#3781 = CARTESIAN_POINT('',(2.272862889619,4.597271742625));
#3782 = CARTESIAN_POINT('',(2.371358825134,4.608242369375));
#3783 = CARTESIAN_POINT('',(2.620066633496,4.635943208727));
#3784 = CARTESIAN_POINT('',(2.770666444489,4.652716320406));
#3785 = CARTESIAN_POINT('',(2.921037335774,4.669465796642));
#3786 = CARTESIAN_POINT('',(3.071291679937,4.686206696282));
#3787 = CARTESIAN_POINT('',(3.221545301017,4.702949884071));
#3788 = CARTESIAN_POINT('',(3.371918905126,4.719704880854));
#3789 = CARTESIAN_POINT('',(3.522504259918,4.736481685555));
#3790 = CARTESIAN_POINT('',(3.830123541161,4.770751735419));
#3791 = CARTESIAN_POINT('',(3.987960251199,4.788334319443));
#3792 = CARTESIAN_POINT('',(4.145518312313,4.805885834487));
#3793 = CARTESIAN_POINT('',(4.302937666428,4.823424265326));
#3794 = CARTESIAN_POINT('',(4.460358909296,4.840968782683));
#3795 = CARTESIAN_POINT('',(4.617921815759,4.858529227449));
#3796 = CARTESIAN_POINT('',(4.775773604181,4.876117949373));
#3797 = CARTESIAN_POINT('',(5.028095576533,4.904226608403));
#3798 = CARTESIAN_POINT('',(5.123068778373,4.914805146279));
#3799 = CARTESIAN_POINT('',(5.218033265034,4.925381211693));
#3800 = CARTESIAN_POINT('',(5.312988095998,4.935955086022));
#3801 = CARTESIAN_POINT('',(5.407947062869,4.946529478078));
#3802 = CARTESIAN_POINT('',(5.502923901691,4.957107326572));
#3803 = CARTESIAN_POINT('',(5.597916335546,4.967689207812));
#3804 = CARTESIAN_POINT('',(5.766634838721,4.986487735985));
#3805 = CARTESIAN_POINT('',(5.840419076974,4.994710019836));
#3806 = CARTESIAN_POINT('',(5.914204805281,5.002933702716));
#3807 = CARTESIAN_POINT('',(5.987992166258,5.011158383379));
#3808 = CARTESIAN_POINT('',(6.061786139888,5.019383822343));
#3809 = CARTESIAN_POINT('',(6.13558999918,5.027609413878));
#3810 = CARTESIAN_POINT('',(6.209397714586,5.035833751357));
#3811 = CARTESIAN_POINT('',(6.28318530718,5.044054285967));
#3812 = ( GEOMETRIC_REPRESENTATION_CONTEXT(2) 
PARAMETRIC_REPRESENTATION_CONTEXT() REPRESENTATION_CONTEXT('2D SPACE',''
  ) );
#3813 = ORIENTED_EDGE('',*,*,#3814,.F.);
#3814 = EDGE_CURVE('',#3815,#3643,#3817,.T.);
#3815 = VERTEX_POINT('',#3816);
#3816 = CARTESIAN_POINT('',(83.894052700883,-54.5,49.0365));
#3817 = SURFACE_CURVE('',#3818,(#3877,#3939),.PCURVE_S1.);
#3818 = B_SPLINE_CURVE_WITH_KNOTS('',8,(#3819,#3820,#3821,#3822,#3823,
    #3824,#3825,#3826,#3827,#3828,#3829,#3830,#3831,#3832,#3833,#3834,
    #3835,#3836,#3837,#3838,#3839,#3840,#3841,#3842,#3843,#3844,#3845,
    #3846,#3847,#3848,#3849,#3850,#3851,#3852,#3853,#3854,#3855,#3856,
    #3857,#3858,#3859,#3860,#3861,#3862,#3863,#3864,#3865,#3866,#3867,
    #3868,#3869,#3870,#3871,#3872,#3873,#3874,#3875,#3876),
  .UNSPECIFIED.,.F.,.F.,(9,7,7,7,7,7,7,7,9),(0.,5.557798691498E-02,
    0.155697327299,0.299091360179,0.486116841053,0.624220027609,
    0.72141864365,0.881194241953,1.),.UNSPECIFIED.);
#3819 = CARTESIAN_POINT('',(83.894052700883,-54.5,49.0365));
#3820 = CARTESIAN_POINT('',(83.898911819997,-54.41449432757,49.0365));
#3821 = CARTESIAN_POINT('',(83.903770037597,-54.32899248423,
    49.040760415857));
#3822 = CARTESIAN_POINT('',(83.908628611261,-54.24373294397,
    49.049285815824));
#3823 = CARTESIAN_POINT('',(83.913488250903,-54.15895792779,
    49.062061355475));
#3824 = CARTESIAN_POINT('',(83.918349118767,-54.07491340366,
    49.079052777707));
#3825 = CARTESIAN_POINT('',(83.923210829433,-53.99184908652,
    49.100206412737));
#3826 = CARTESIAN_POINT('',(83.92807244981,-53.91001843831,
    49.125449178104));
#3827 = CARTESIAN_POINT('',(83.941687492993,-53.68495293628,
    49.207361042357));
#3828 = CARTESIAN_POINT('',(83.950448397485,-53.54487682004,
    49.273059895382));
#3829 = CARTESIAN_POINT('',(83.959210257335,-53.41090208558,
    49.351284283426));
#3830 = CARTESIAN_POINT('',(83.967969836312,-53.28434973373,
    49.441344742355));
#3831 = CARTESIAN_POINT('',(83.976726265523,-53.16642010094,
    49.54240181018));
#3832 = CARTESIAN_POINT('',(83.985480683637,-53.05819474155,
    49.653489249816));
#3833 = CARTESIAN_POINT('',(83.994234869069,-52.96063009122,
    49.773521882617));
#3834 = CARTESIAN_POINT('',(84.015526608005,-52.75124617538,
    50.084278686225));
#3835 = CARTESIAN_POINT('',(84.028072972793,-52.65140528638,
    50.283264048467));
#3836 = CARTESIAN_POINT('',(84.040615578654,-52.57760089864,
    50.494535556096));
#3837 = CARTESIAN_POINT('',(84.053157508904,-52.53149718439,
    50.714062823315));
#3838 = CARTESIAN_POINT('',(84.065702249197,-52.51402420368,
    50.937684108696));
#3839 = CARTESIAN_POINT('',(84.078251818959,-52.52544418398,
    51.161152230925));
#3840 = CARTESIAN_POINT('',(84.090806300146,-52.56528982836,
    51.380158383529));
#3841 = CARTESIAN_POINT('',(84.119717294123,-52.71938358408,
    51.864742947111));
#3842 = CARTESIAN_POINT('',(84.136114518348,-52.85282835793,
    52.124991814535));
#3843 = CARTESIAN_POINT('',(84.152484222957,-53.02965933036,
    52.361082718308));
#3844 = CARTESIAN_POINT('',(84.16883808913,-53.24437141503,
    52.564939480313));
#3845 = CARTESIAN_POINT('',(84.185194088371,-53.49028340523,
    52.729851887252));
#3846 = CARTESIAN_POINT('',(84.201566308772,-53.75938541305,
    52.850727288318));
#3847 = CARTESIAN_POINT('',(84.217961848811,-54.04252587453,
    52.923968895807));
#3848 = CARTESIAN_POINT('',(84.246400696678,-54.54091006284,
    52.967561754404));
#3849 = CARTESIAN_POINT('',(84.25849251605,-54.75510087638,
    52.959864467735));
#3850 = CARTESIAN_POINT('',(84.270580367697,-54.96773088609,
    52.925513642549));
#3851 = CARTESIAN_POINT('',(84.282662525627,-55.17489904201,
    52.864924842013));
#3852 = CARTESIAN_POINT('',(84.294741741976,-55.37292356644,
    52.779137157284));
#3853 = CARTESIAN_POINT('',(84.306822380771,-55.55835127226,
    52.66973059159));
#3854 = CARTESIAN_POINT('',(84.318907824587,-55.72799239388,
    52.538846211685));
#3855 = CARTESIAN_POINT('',(84.339496180369,-55.98538627518,
    52.2839843904));
#3856 = CARTESIAN_POINT('',(84.34799920425,-56.08252053673,
    52.169437804665));
#3857 = CARTESIAN_POINT('',(84.356502451563,-56.16950968221,
    52.046574604934));
#3858 = CARTESIAN_POINT('',(84.365007012373,-56.24553579214,
    51.916431416811));
#3859 = CARTESIAN_POINT('',(84.373513216353,-56.3099179794,
    51.780130000581));
#3860 = CARTESIAN_POINT('',(84.382020632791,-56.36211238927,
    51.638877251211));
#3861 = CARTESIAN_POINT('',(84.390528070581,-56.40171219938,
    51.493965198347));
#3862 = CARTESIAN_POINT('',(84.413014976614,-56.47239544492,
    51.104812416202));
#3863 = CARTESIAN_POINT('',(84.427010814377,-56.48169344747,
    50.856276837961));
#3864 = CARTESIAN_POINT('',(84.440997701799,-56.45509428847,
    50.607400685343));
#3865 = CARTESIAN_POINT('',(84.454972174133,-56.3928731753,
    50.364187538982));
#3866 = CARTESIAN_POINT('',(84.468943124849,-56.29642391715,
    50.132406118859));
#3867 = CARTESIAN_POINT('',(84.482922004068,-56.16809765533,
    49.917506803103));
#3868 = CARTESIAN_POINT('',(84.496910782203,-56.01128426822,
    49.724456693151));
#3869 = CARTESIAN_POINT('',(84.521280603683,-55.6964849101,
    49.433342719276));
#3870 = CARTESIAN_POINT('',(84.53167529071,-55.5489986538,
    49.323508914757));
#3871 = CARTESIAN_POINT('',(84.542070159696,-55.39008401578,
    49.229659412656));
#3872 = CARTESIAN_POINT('',(84.552466882841,-55.22175708207,
    49.153139664009));
#3873 = CARTESIAN_POINT('',(84.562865968639,-55.04619484586,
    49.094998147578));
#3874 = CARTESIAN_POINT('',(84.573266254032,-54.86572033042,
    49.055983778866));
#3875 = CARTESIAN_POINT('',(84.583664817467,-54.68279602757,49.0365));
#3876 = CARTESIAN_POINT('',(84.594053825495,-54.5,49.0365));
#3877 = PCURVE('',#486,#3878);
#3878 = DEFINITIONAL_REPRESENTATION('',(#3879),#3938);
#3879 = B_SPLINE_CURVE_WITH_KNOTS('',8,(#3880,#3881,#3882,#3883,#3884,
    #3885,#3886,#3887,#3888,#3889,#3890,#3891,#3892,#3893,#3894,#3895,
    #3896,#3897,#3898,#3899,#3900,#3901,#3902,#3903,#3904,#3905,#3906,
    #3907,#3908,#3909,#3910,#3911,#3912,#3913,#3914,#3915,#3916,#3917,
    #3918,#3919,#3920,#3921,#3922,#3923,#3924,#3925,#3926,#3927,#3928,
    #3929,#3930,#3931,#3932,#3933,#3934,#3935,#3936,#3937),
  .UNSPECIFIED.,.F.,.F.,(9,7,7,7,7,7,7,7,9),(0.,5.557798691498E-02,
    0.155697327299,0.299091360179,0.486116841053,0.624220027609,
    0.72141864365,0.881194241953,1.),.UNSPECIFIED.);
#3880 = CARTESIAN_POINT('',(0.158387679543,31.610303674538));
#3881 = CARTESIAN_POINT('',(0.158385517951,31.654197923874));
#3882 = CARTESIAN_POINT('',(0.15838256545,31.698087337138));
#3883 = CARTESIAN_POINT('',(0.158379574834,31.741980211114));
#3884 = CARTESIAN_POINT('',(0.158377110346,31.785880636968));
#3885 = CARTESIAN_POINT('',(0.158375547676,31.829788500243));
#3886 = CARTESIAN_POINT('',(0.158375073962,31.873699480861));
#3887 = CARTESIAN_POINT('',(0.158375687791,31.917605053126));
#3888 = CARTESIAN_POINT('',(0.158379921869,32.040552218647));
#3889 = CARTESIAN_POINT('',(0.158385548973,32.119652685325));
#3890 = CARTESIAN_POINT('',(0.158392046016,32.19875792359));
#3891 = CARTESIAN_POINT('',(0.158395609514,32.277854885299));
#3892 = CARTESIAN_POINT('',(0.158394157526,32.356944579774));
#3893 = CARTESIAN_POINT('',(0.158388536482,32.436033749244));
#3894 = CARTESIAN_POINT('',(0.158381444307,32.515127076294));
#3895 = CARTESIAN_POINT('',(0.158363507879,32.707499158473));
#3896 = CARTESIAN_POINT('',(0.158352616815,32.820857740599));
#3897 = CARTESIAN_POINT('',(0.158346476989,32.934162411805));
#3898 = CARTESIAN_POINT('',(0.158349843838,33.047420892213));
#3899 = CARTESIAN_POINT('',(0.158360553824,33.160673753773));
#3900 = CARTESIAN_POINT('',(0.158372971251,33.273963004334));
#3901 = CARTESIAN_POINT('',(0.158383533311,33.387304414112));
#3902 = CARTESIAN_POINT('',(0.158399472917,33.648347159277));
#3903 = CARTESIAN_POINT('',(0.158402327804,33.796426808557));
#3904 = CARTESIAN_POINT('',(0.158395217114,33.944299931236));
#3905 = CARTESIAN_POINT('',(0.158379913419,34.092064571683));
#3906 = CARTESIAN_POINT('',(0.158368757377,34.239830975824));
#3907 = CARTESIAN_POINT('',(0.158364760496,34.387713690511));
#3908 = CARTESIAN_POINT('',(0.158365424603,34.535787380735));
#3909 = CARTESIAN_POINT('',(0.158369437091,34.792616257114));
#3910 = CARTESIAN_POINT('',(0.158372031888,34.901812741709));
#3911 = CARTESIAN_POINT('',(0.158374350774,35.010974572733));
#3912 = CARTESIAN_POINT('',(0.158374826876,35.120092769966));
#3913 = CARTESIAN_POINT('',(0.158373056459,35.229193883429));
#3914 = CARTESIAN_POINT('',(0.158370067333,35.338312976844));
#3915 = CARTESIAN_POINT('',(0.158367590193,35.447473285745));
#3916 = CARTESIAN_POINT('',(0.158365955975,35.633424164255));
#3917 = CARTESIAN_POINT('',(0.158366031147,35.710218996804));
#3918 = CARTESIAN_POINT('',(0.158367273751,35.787010907042));
#3919 = CARTESIAN_POINT('',(0.158369844456,35.863809062245));
#3920 = CARTESIAN_POINT('',(0.158373647405,35.940616846431));
#3921 = CARTESIAN_POINT('',(0.158378330214,36.017431860352));
#3922 = CARTESIAN_POINT('',(0.158383283973,36.094245921504));
#3923 = CARTESIAN_POINT('',(0.158394809041,36.297287900278));
#3924 = CARTESIAN_POINT('',(0.158400523593,36.423667282225));
#3925 = CARTESIAN_POINT('',(0.158401948794,36.54998396549));
#3926 = CARTESIAN_POINT('',(0.158395309171,36.676222622659));
#3927 = CARTESIAN_POINT('',(0.158381259916,36.802460818669));
#3928 = CARTESIAN_POINT('',(0.158365746427,36.92877684867));
#3929 = CARTESIAN_POINT('',(0.158356355334,37.055156438457));
#3930 = CARTESIAN_POINT('',(0.158352522398,37.275269093146));
#3931 = CARTESIAN_POINT('',(0.158354927261,37.3691387146));
#3932 = CARTESIAN_POINT('',(0.158361863696,37.462990803106));
#3933 = CARTESIAN_POINT('',(0.158372878281,37.556842354455));
#3934 = CARTESIAN_POINT('',(0.158384380934,37.650713102075));
#3935 = CARTESIAN_POINT('',(0.158391742225,37.744612086947));
#3936 = CARTESIAN_POINT('',(0.158392807927,37.838522057075));
#3937 = CARTESIAN_POINT('',(0.158389959566,37.932362329259));
#3938 = ( GEOMETRIC_REPRESENTATION_CONTEXT(2) 
PARAMETRIC_REPRESENTATION_CONTEXT() REPRESENTATION_CONTEXT('2D SPACE',''
  ) );
#3939 = PCURVE('',#3940,#3945);
#3940 = CYLINDRICAL_SURFACE('',#3941,1.96);
#3941 = AXIS2_PLACEMENT_3D('',#3942,#3943,#3944);
#3942 = CARTESIAN_POINT('',(80.24999995,-54.5,50.9965));
#3943 = DIRECTION('',(1.,0.,1.110223024625E-16));
#3944 = DIRECTION('',(1.110223024625E-16,0.,-1.));
#3945 = DEFINITIONAL_REPRESENTATION('',(#3946),#4005);
#3946 = B_SPLINE_CURVE_WITH_KNOTS('',8,(#3947,#3948,#3949,#3950,#3951,
    #3952,#3953,#3954,#3955,#3956,#3957,#3958,#3959,#3960,#3961,#3962,
    #3963,#3964,#3965,#3966,#3967,#3968,#3969,#3970,#3971,#3972,#3973,
    #3974,#3975,#3976,#3977,#3978,#3979,#3980,#3981,#3982,#3983,#3984,
    #3985,#3986,#3987,#3988,#3989,#3990,#3991,#3992,#3993,#3994,#3995,
    #3996,#3997,#3998,#3999,#4000,#4001,#4002,#4003,#4004),
  .UNSPECIFIED.,.F.,.F.,(9,7,7,7,7,7,7,7,9),(0.,5.557798691498E-02,
    0.155697327299,0.299091360179,0.486116841053,0.624220027609,
    0.72141864365,0.881194241953,1.),.UNSPECIFIED.);
#3947 = CARTESIAN_POINT('',(0.,3.644052750883));
#3948 = CARTESIAN_POINT('',(4.362534307287E-02,3.648911869997));
#3949 = CARTESIAN_POINT('',(8.724774421214E-02,3.653770087597));
#3950 = CARTESIAN_POINT('',(0.130873940121,3.658628661261));
#3951 = CARTESIAN_POINT('',(0.174507060529,3.663488300903));
#3952 = CARTESIAN_POINT('',(0.218146628192,3.668349168767));
#3953 = CARTESIAN_POINT('',(0.261788558891,3.673210879433));
#3954 = CARTESIAN_POINT('',(0.305425161433,3.67807249981));
#3955 = CARTESIAN_POINT('',(0.427623069112,3.691687542993));
#3956 = CARTESIAN_POINT('',(0.506244461989,3.700448447485));
#3957 = CARTESIAN_POINT('',(0.58486669116,3.709210307335));
#3958 = CARTESIAN_POINT('',(0.663476227583,3.717969886312));
#3959 = CARTESIAN_POINT('',(0.74207593301,3.726726315523));
#3960 = CARTESIAN_POINT('',(0.820674378582,3.735480733637));
#3961 = CARTESIAN_POINT('',(0.899277187324,3.744234919069));
#3962 = CARTESIAN_POINT('',(1.090458366943,3.765526658005));
#3963 = CARTESIAN_POINT('',(1.203116928932,3.778073022793));
#3964 = CARTESIAN_POINT('',(1.31572546123,3.790615628654));
#3965 = CARTESIAN_POINT('',(1.428290301179,3.803157558904));
#3966 = CARTESIAN_POINT('',(1.54084931231,3.815702299197));
#3967 = CARTESIAN_POINT('',(1.653442875915,3.828251868959));
#3968 = CARTESIAN_POINT('',(1.766087251325,3.840806350145));
#3969 = CARTESIAN_POINT('',(2.025523435575,3.869717344122));
#3970 = CARTESIAN_POINT('',(2.172690916051,3.886114568348));
#3971 = CARTESIAN_POINT('',(2.319653658645,3.902484272957));
#3972 = CARTESIAN_POINT('',(2.466511952772,3.91883813913));
#3973 = CARTESIAN_POINT('',(2.613375314214,3.935194138371));
#3974 = CARTESIAN_POINT('',(2.760353244282,3.951566358772));
#3975 = CARTESIAN_POINT('',(2.90751837715,3.967961898811));
#3976 = CARTESIAN_POINT('',(3.162766874129,3.996400746678));
#3977 = CARTESIAN_POINT('',(3.271290009658,4.00849256605));
#3978 = CARTESIAN_POINT('',(3.379777297542,4.020580417697));
#3979 = CARTESIAN_POINT('',(3.488220372838,4.032662575627));
#3980 = CARTESIAN_POINT('',(3.596646761628,4.044741791976));
#3981 = CARTESIAN_POINT('',(3.705092328073,4.056822430771));
#3982 = CARTESIAN_POINT('',(3.813580432892,4.068907874587));
#3983 = CARTESIAN_POINT('',(3.998388548198,4.089496230369));
#3984 = CARTESIAN_POINT('',(4.074712181928,4.09799925425));
#3985 = CARTESIAN_POINT('',(4.151033434418,4.106502501563));
#3986 = CARTESIAN_POINT('',(4.227361197383,4.115007062373));
#3987 = CARTESIAN_POINT('',(4.303698617157,4.123513266353));
#3988 = CARTESIAN_POINT('',(4.380043094693,4.132020682791));
#3989 = CARTESIAN_POINT('',(4.45638628557,4.140528120581));
#3990 = CARTESIAN_POINT('',(4.658182164369,4.163015026614));
#3991 = CARTESIAN_POINT('',(4.783784786233,4.177010864377));
#3992 = CARTESIAN_POINT('',(4.909323157774,4.190997751799));
#3993 = CARTESIAN_POINT('',(5.03478355407,4.204972224133));
#3994 = CARTESIAN_POINT('',(5.160244842993,4.218943174849));
#3995 = CARTESIAN_POINT('',(5.285785576909,4.232922054068));
#3996 = CARTESIAN_POINT('',(5.411390666151,4.246910832203));
#3997 = CARTESIAN_POINT('',(5.630152220057,4.271280653683));
#3998 = CARTESIAN_POINT('',(5.723445034536,4.28167534071));
#3999 = CARTESIAN_POINT('',(5.816719011508,4.292070209696));
#4000 = CARTESIAN_POINT('',(5.909990345754,4.302466932841));
#4001 = CARTESIAN_POINT('',(6.003278257112,4.312866018639));
#4002 = CARTESIAN_POINT('',(6.096593318372,4.323266304032));
#4003 = CARTESIAN_POINT('',(6.189922027807,4.333664867467));
#4004 = CARTESIAN_POINT('',(6.28318530718,4.344053875495));
#4005 = ( GEOMETRIC_REPRESENTATION_CONTEXT(2) 
PARAMETRIC_REPRESENTATION_CONTEXT() REPRESENTATION_CONTEXT('2D SPACE',''
  ) );
#4006 = ORIENTED_EDGE('',*,*,#4007,.F.);
#4007 = EDGE_CURVE('',#4008,#3815,#4010,.T.);
#4008 = VERTEX_POINT('',#4009);
#4009 = CARTESIAN_POINT('',(83.194051039227,-54.5,49.0365));
#4010 = SURFACE_CURVE('',#4011,(#4062,#4116),.PCURVE_S1.);
#4011 = B_SPLINE_CURVE_WITH_KNOTS('',7,(#4012,#4013,#4014,#4015,#4016,
    #4017,#4018,#4019,#4020,#4021,#4022,#4023,#4024,#4025,#4026,#4027,
    #4028,#4029,#4030,#4031,#4032,#4033,#4034,#4035,#4036,#4037,#4038,
    #4039,#4040,#4041,#4042,#4043,#4044,#4045,#4046,#4047,#4048,#4049,
    #4050,#4051,#4052,#4053,#4054,#4055,#4056,#4057,#4058,#4059,#4060,
    #4061),.UNSPECIFIED.,.F.,.F.,(8,6,6,6,6,6,6,6,8),(0.,0.101619807556,
    0.239840892235,0.402743715627,0.5058343559,0.65556351403,
    0.796662639682,0.939617893947,1.),.UNSPECIFIED.);
#4012 = CARTESIAN_POINT('',(83.194051039227,-54.5,49.0365));
#4013 = CARTESIAN_POINT('',(83.20420648661,-54.3212832818,49.0365));
#4014 = CARTESIAN_POINT('',(83.214364734337,-54.14248000791,
    49.055528076076));
#4015 = CARTESIAN_POINT('',(83.224525636812,-53.96614675515,
    49.093564615638));
#4016 = CARTESIAN_POINT('',(83.234688561329,-53.79470726932,
    49.150222328281));
#4017 = CARTESIAN_POINT('',(83.244852388068,-53.63045246522,
    49.224746245783));
#4018 = CARTESIAN_POINT('',(83.255015510097,-53.47554042659,
    49.316013722107));
#4019 = CARTESIAN_POINT('',(83.278995687371,-53.13675090556,
    49.567421622322));
#4020 = CARTESIAN_POINT('',(83.292822535145,-52.96232295687,
    49.740679620833));
#4021 = CARTESIAN_POINT('',(83.306637736775,-52.81394935275,
    49.938526439727));
#4022 = CARTESIAN_POINT('',(83.320450223936,-52.69557062265,
    50.156195639609));
#4023 = CARTESIAN_POINT('',(83.334272657785,-52.61013350975,
    50.388274076226));
#4024 = CARTESIAN_POINT('',(83.348105242591,-52.5595044186,
    50.62884557086));
#4025 = CARTESIAN_POINT('',(83.378217293639,-52.52571356841,
    51.157354915502));
#4026 = CARTESIAN_POINT('',(83.394535368468,-52.55616515511,
    51.446839818885));
#4027 = CARTESIAN_POINT('',(83.410830571337,-52.63629933823,
    51.729098971058));
#4028 = CARTESIAN_POINT('',(83.427114029758,-52.76368534521,
    51.994125202364));
#4029 = CARTESIAN_POINT('',(83.443395794986,-52.93400535403,
    52.232981385645));
#4030 = CARTESIAN_POINT('',(83.459697881144,-53.14096542017,
    52.437584814509));
#4031 = CARTESIAN_POINT('',(83.486285170836,-53.52419234887,
    52.705967472817));
#4032 = CARTESIAN_POINT('',(83.496592602995,-53.68402889927,
    52.793985302756));
#4033 = CARTESIAN_POINT('',(83.506901163125,-53.85296349606,
    52.864493575357));
#4034 = CARTESIAN_POINT('',(83.51720968527,-54.02868504232,
    52.916380446884));
#4035 = CARTESIAN_POINT('',(83.527517750461,-54.2087832307,
    52.948933000716));
#4036 = CARTESIAN_POINT('',(83.537825686721,-54.39074854342,
    52.961837247345));
#4037 = CARTESIAN_POINT('',(83.563107220993,-54.83518211579,
    52.945506394006));
#4038 = CARTESIAN_POINT('',(83.578092268303,-55.09711007382,
    52.894556485032));
#4039 = CARTESIAN_POINT('',(83.593064589141,-55.34949712829,
    52.80252617381));
#4040 = CARTESIAN_POINT('',(83.608029082573,-55.58485936814,
    52.671757059691));
#4041 = CARTESIAN_POINT('',(83.623001635017,-55.79634531789,
    52.506034257246));
#4042 = CARTESIAN_POINT('',(83.637987654232,-55.97796235765,
    52.310493355471));
#4043 = CARTESIAN_POINT('',(83.667065822532,-56.26389724549,
    51.886361609144));
#4044 = CARTESIAN_POINT('',(83.681187679302,-56.37235059188,
    51.659909724472));
#4045 = CARTESIAN_POINT('',(83.695301588366,-56.44658919745,
    51.418424109694));
#4046 = CARTESIAN_POINT('',(83.709412720612,-56.48437665211,
    51.168160527273));
#4047 = CARTESIAN_POINT('',(83.723522676608,-56.4847488754,
    50.915540072183));
#4048 = CARTESIAN_POINT('',(83.737637485614,-56.44800556763,
    50.66719505322));
#4049 = CARTESIAN_POINT('',(83.766022363273,-56.30354493298,
    50.189020228618));
#4050 = CARTESIAN_POINT('',(83.780320584068,-56.1947508506,
    49.95898975622));
#4051 = CARTESIAN_POINT('',(83.794608671767,-56.05183362514,
    49.746536090995));
#4052 = CARTESIAN_POINT('',(83.808893783505,-55.87837401895,
    49.557528155708));
#4053 = CARTESIAN_POINT('',(83.823189398998,-55.67899564242,
    49.39696614161));
#4054 = CARTESIAN_POINT('',(83.837497096693,-55.45920677025,
    49.268861690301));
#4055 = CARTESIAN_POINT('',(83.857832958202,-55.12700382526,
    49.136461361485));
#4056 = CARTESIAN_POINT('',(83.863871679451,-55.02586877289,
    49.10338024635));
#4057 = CARTESIAN_POINT('',(83.869910109806,-54.92271794386,
    49.076721667712));
#4058 = CARTESIAN_POINT('',(83.875947989432,-54.81804137892,
    49.05663107542));
#4059 = CARTESIAN_POINT('',(83.881984888899,-54.7123464263,
    49.043207773956));
#4060 = CARTESIAN_POINT('',(83.888020129051,-54.60615486032,49.0365));
#4061 = CARTESIAN_POINT('',(83.894052700883,-54.5,49.0365));
#4062 = PCURVE('',#486,#4063);
#4063 = DEFINITIONAL_REPRESENTATION('',(#4064),#4115);
#4064 = B_SPLINE_CURVE_WITH_KNOTS('',7,(#4065,#4066,#4067,#4068,#4069,
    #4070,#4071,#4072,#4073,#4074,#4075,#4076,#4077,#4078,#4079,#4080,
    #4081,#4082,#4083,#4084,#4085,#4086,#4087,#4088,#4089,#4090,#4091,
    #4092,#4093,#4094,#4095,#4096,#4097,#4098,#4099,#4100,#4101,#4102,
    #4103,#4104,#4105,#4106,#4107,#4108,#4109,#4110,#4111,#4112,#4113,
    #4114),.UNSPECIFIED.,.F.,.F.,(8,6,6,6,6,6,6,6,8),(0.,0.101619807556,
    0.239840892235,0.402743715627,0.5058343559,0.65556351403,
    0.796662639682,0.939617893947,1.),.UNSPECIFIED.);
#4065 = CARTESIAN_POINT('',(0.158384563976,25.288243741173));
#4066 = CARTESIAN_POINT('',(0.158379109196,25.379985760896));
#4067 = CARTESIAN_POINT('',(0.158374303228,25.47175102563));
#4068 = CARTESIAN_POINT('',(0.15837356848,25.563523152693));
#4069 = CARTESIAN_POINT('',(0.158377806488,25.655292250287));
#4070 = CARTESIAN_POINT('',(0.158385397914,25.747054917496));
#4071 = CARTESIAN_POINT('',(0.158392202548,25.838814244284));
#4072 = CARTESIAN_POINT('',(0.158390684385,26.055397369633));
#4073 = CARTESIAN_POINT('',(0.158381419676,26.180313496789));
#4074 = CARTESIAN_POINT('',(0.158362626319,26.30516485872));
#4075 = CARTESIAN_POINT('',(0.158349024332,26.42996993829));
#4076 = CARTESIAN_POINT('',(0.158348031622,26.554811684615));
#4077 = CARTESIAN_POINT('',(0.158354670343,26.679712914016));
#4078 = CARTESIAN_POINT('',(0.158376173362,26.951579676919));
#4079 = CARTESIAN_POINT('',(0.15839219854,27.098888999957));
#4080 = CARTESIAN_POINT('',(0.158405141037,27.246004701303));
#4081 = CARTESIAN_POINT('',(0.158402952094,27.393078141772));
#4082 = CARTESIAN_POINT('',(0.15839282495,27.54016976783));
#4083 = CARTESIAN_POINT('',(0.158382474044,27.687445862286));
#4084 = CARTESIAN_POINT('',(0.158370234194,27.927620840546));
#4085 = CARTESIAN_POINT('',(0.158366817517,28.020726921767));
#4086 = CARTESIAN_POINT('',(0.158365205155,28.113835585299));
#4087 = CARTESIAN_POINT('',(0.158365436841,28.206936136247));
#4088 = CARTESIAN_POINT('',(0.158367114818,28.300026470517));
#4089 = CARTESIAN_POINT('',(0.158369403846,28.393113074811));
#4090 = CARTESIAN_POINT('',(0.158373394778,28.621426773794));
#4091 = CARTESIAN_POINT('',(0.158374943918,28.756757928497));
#4092 = CARTESIAN_POINT('',(0.158373163393,28.891988208736));
#4093 = CARTESIAN_POINT('',(0.158368389901,29.027160414958));
#4094 = CARTESIAN_POINT('',(0.158364263689,29.162402637005));
#4095 = CARTESIAN_POINT('',(0.158364949949,29.297746124534));
#4096 = CARTESIAN_POINT('',(0.158373069092,29.56033156246));
#4097 = CARTESIAN_POINT('',(0.158380225363,29.687842988953));
#4098 = CARTESIAN_POINT('',(0.158389979684,29.815271651008));
#4099 = CARTESIAN_POINT('',(0.158399403806,29.942676633629));
#4100 = CARTESIAN_POINT('',(0.158401743213,30.0701009413));
#4101 = CARTESIAN_POINT('',(0.15839674309,30.197600120034));
#4102 = CARTESIAN_POINT('',(0.158378666288,30.454034896485));
#4103 = CARTESIAN_POINT('',(0.158365747866,30.583224084329));
#4104 = CARTESIAN_POINT('',(0.158350921308,30.712329846381));
#4105 = CARTESIAN_POINT('',(0.158344917863,30.841371487175));
#4106 = CARTESIAN_POINT('',(0.158352048466,30.970452473656));
#4107 = CARTESIAN_POINT('',(0.158366141163,31.0996130383));
#4108 = CARTESIAN_POINT('',(0.158382517834,31.283207180358));
#4109 = CARTESIAN_POINT('',(0.158386984739,31.337726994949));
#4110 = CARTESIAN_POINT('',(0.158390397817,31.392248611258));
#4111 = CARTESIAN_POINT('',(0.158392206212,31.446772013423));
#4112 = CARTESIAN_POINT('',(0.158392136463,31.501294488592));
#4113 = CARTESIAN_POINT('',(0.158390363148,31.555809185747));
#4114 = CARTESIAN_POINT('',(0.158387679543,31.610303674538));
#4115 = ( GEOMETRIC_REPRESENTATION_CONTEXT(2) 
PARAMETRIC_REPRESENTATION_CONTEXT() REPRESENTATION_CONTEXT('2D SPACE',''
  ) );
#4116 = PCURVE('',#4117,#4122);
#4117 = CYLINDRICAL_SURFACE('',#4118,1.96);
#4118 = AXIS2_PLACEMENT_3D('',#4119,#4120,#4121);
#4119 = CARTESIAN_POINT('',(80.24999995,-54.5,50.9965));
#4120 = DIRECTION('',(1.,0.,1.110223024625E-16));
#4121 = DIRECTION('',(1.110223024625E-16,0.,-1.));
#4122 = DEFINITIONAL_REPRESENTATION('',(#4123),#4174);
#4123 = B_SPLINE_CURVE_WITH_KNOTS('',7,(#4124,#4125,#4126,#4127,#4128,
    #4129,#4130,#4131,#4132,#4133,#4134,#4135,#4136,#4137,#4138,#4139,
    #4140,#4141,#4142,#4143,#4144,#4145,#4146,#4147,#4148,#4149,#4150,
    #4151,#4152,#4153,#4154,#4155,#4156,#4157,#4158,#4159,#4160,#4161,
    #4162,#4163,#4164,#4165,#4166,#4167,#4168,#4169,#4170,#4171,#4172,
    #4173),.UNSPECIFIED.,.F.,.F.,(8,6,6,6,6,6,6,6,8),(0.,0.101619807556,
    0.239840892235,0.402743715627,0.5058343559,0.65556351403,
    0.796662639682,0.939617893947,1.),.UNSPECIFIED.);
#4124 = CARTESIAN_POINT('',(0.,2.944051089227));
#4125 = CARTESIAN_POINT('',(9.118199908089E-02,2.95420653661));
#4126 = CARTESIAN_POINT('',(0.182387600253,2.964364784337));
#4127 = CARTESIAN_POINT('',(0.273600753135,2.974525686812));
#4128 = CARTESIAN_POINT('',(0.364811212477,2.984688611329));
#4129 = CARTESIAN_POINT('',(0.456014538158,2.994852438068));
#4130 = CARTESIAN_POINT('',(0.547212095185,3.005015560097));
#4131 = CARTESIAN_POINT('',(0.762457922807,3.028995737371));
#4132 = CARTESIAN_POINT('',(0.886597412509,3.042822585145));
#4133 = CARTESIAN_POINT('',(1.010673711416,3.056637786775));
#4134 = CARTESIAN_POINT('',(1.134709622764,3.070450273936));
#4135 = CARTESIAN_POINT('',(1.258786244766,3.084272707785));
#4136 = CARTESIAN_POINT('',(1.382921439255,3.098105292591));
#4137 = CARTESIAN_POINT('',(1.653119638896,3.128217343639));
#4138 = CARTESIAN_POINT('',(1.799523881872,3.144535418468));
#4139 = CARTESIAN_POINT('',(1.945732846859,3.160830621337));
#4140 = CARTESIAN_POINT('',(2.091898896482,3.177114079758));
#4141 = CARTESIAN_POINT('',(2.238086868197,3.193395844986));
#4142 = CARTESIAN_POINT('',(2.384460240493,3.209697931144));
#4143 = CARTESIAN_POINT('',(2.623163858967,3.236285220836));
#4144 = CARTESIAN_POINT('',(2.715699835802,3.246592652995));
#4145 = CARTESIAN_POINT('',(2.808237943385,3.256901213125));
#4146 = CARTESIAN_POINT('',(2.900767081345,3.267209735269));
#4147 = CARTESIAN_POINT('',(2.993284934244,3.277517800461));
#4148 = CARTESIAN_POINT('',(3.08579797158,3.287825736721));
#4149 = CARTESIAN_POINT('',(3.312702824828,3.313107270993));
#4150 = CARTESIAN_POINT('',(3.447197268289,3.328092318303));
#4151 = CARTESIAN_POINT('',(3.58159070906,3.343064639141));
#4152 = CARTESIAN_POINT('',(3.715928468768,3.358029132573));
#4153 = CARTESIAN_POINT('',(3.850339114542,3.373001685017));
#4154 = CARTESIAN_POINT('',(3.984852643326,3.387987704232));
#4155 = CARTESIAN_POINT('',(4.245829137098,3.417065872532));
#4156 = CARTESIAN_POINT('',(4.372559862577,3.431187729302));
#4157 = CARTESIAN_POINT('',(4.499207763547,3.445301638366));
#4158 = CARTESIAN_POINT('',(4.625829883145,3.459412770612));
#4159 = CARTESIAN_POINT('',(4.75246924127,3.473522726608));
#4160 = CARTESIAN_POINT('',(4.879183117542,3.487637535614));
#4161 = CARTESIAN_POINT('',(5.134040162063,3.516022413273));
#4162 = CARTESIAN_POINT('',(5.262435335238,3.530320634068));
#4163 = CARTESIAN_POINT('',(5.390749530308,3.544608721767));
#4164 = CARTESIAN_POINT('',(5.519001389326,3.558893833505));
#4165 = CARTESIAN_POINT('',(5.647290112703,3.573189448998));
#4166 = CARTESIAN_POINT('',(5.77565211227,3.587497146693));
#4167 = CARTESIAN_POINT('',(5.958108855853,3.607833008202));
#4168 = CARTESIAN_POINT('',(6.012290624937,3.613871729451));
#4169 = CARTESIAN_POINT('',(6.066474077891,3.619910159806));
#4170 = CARTESIAN_POINT('',(6.120659693781,3.625948039432));
#4171 = CARTESIAN_POINT('',(6.174845351918,3.631984938899));
#4172 = CARTESIAN_POINT('',(6.229024664156,3.638020179051));
#4173 = CARTESIAN_POINT('',(6.28318530718,3.644052750883));
#4174 = ( GEOMETRIC_REPRESENTATION_CONTEXT(2) 
PARAMETRIC_REPRESENTATION_CONTEXT() REPRESENTATION_CONTEXT('2D SPACE',''
  ) );
#4175 = ORIENTED_EDGE('',*,*,#4176,.F.);
#4176 = EDGE_CURVE('',#4177,#4008,#4179,.T.);
#4177 = VERTEX_POINT('',#4178);
#4178 = CARTESIAN_POINT('',(82.49404911974,-54.5,49.0365));
#4179 = SURFACE_CURVE('',#4180,(#4232,#4287),.PCURVE_S1.);
#4180 = B_SPLINE_CURVE_WITH_KNOTS('',8,(#4181,#4182,#4183,#4184,#4185,
    #4186,#4187,#4188,#4189,#4190,#4191,#4192,#4193,#4194,#4195,#4196,
    #4197,#4198,#4199,#4200,#4201,#4202,#4203,#4204,#4205,#4206,#4207,
    #4208,#4209,#4210,#4211,#4212,#4213,#4214,#4215,#4216,#4217,#4218,
    #4219,#4220,#4221,#4222,#4223,#4224,#4225,#4226,#4227,#4228,#4229,
    #4230,#4231),.UNSPECIFIED.,.F.,.F.,(9,7,7,7,7,7,7,9),(0.,
    8.709433049453E-02,0.216880034411,0.354122343847,0.512567874194,
    0.632531084166,0.805009044234,1.),.UNSPECIFIED.);
#4181 = CARTESIAN_POINT('',(82.49404911974,-54.5,49.0365));
#4182 = CARTESIAN_POINT('',(82.501663627548,-54.36599713717,49.0365));
#4183 = CARTESIAN_POINT('',(82.509280752105,-54.23194888913,
    49.046978428937));
#4184 = CARTESIAN_POINT('',(82.516899594269,-54.09885873382,
    49.067928406765));
#4185 = CARTESIAN_POINT('',(82.524519412618,-53.96769498474,
    49.099243666031));
#4186 = CARTESIAN_POINT('',(82.532139623453,-53.83939079096,
    49.140718551866));
#4187 = CARTESIAN_POINT('',(82.539759800793,-53.71484413709,
    49.192048021992));
#4188 = CARTESIAN_POINT('',(82.547379676378,-53.59491784331,
    49.252827646721));
#4189 = CARTESIAN_POINT('',(82.566353465501,-53.30984701582,
    49.426457422644));
#4190 = CARTESIAN_POINT('',(82.577709791492,-53.15129318171,
    49.550269395547));
#4191 = CARTESIAN_POINT('',(82.589060557619,-53.00760020387,
    49.692299599694));
#4192 = CARTESIAN_POINT('',(82.600408035199,-52.88115968094,
    49.850441834008));
#4193 = CARTESIAN_POINT('',(82.61175797462,-52.77399640454,
    50.022258204208));
#4194 = CARTESIAN_POINT('',(82.623114307302,-52.68776510571,
    50.205026268039));
#4195 = CARTESIAN_POINT('',(82.634474901891,-52.62368021276,
    50.395748745817));
#4196 = CARTESIAN_POINT('',(82.657834140936,-52.53870411918,
    50.797727885821));
#4197 = CARTESIAN_POINT('',(82.669851632312,-52.52043313125,
    51.009877244975));
#4198 = CARTESIAN_POINT('',(82.681866926692,-52.52845565996,
    51.22371111453));
#4199 = CARTESIAN_POINT('',(82.693877839832,-52.56284714962,
    51.435398279605));
#4200 = CARTESIAN_POINT('',(82.705885744954,-52.62305584527,
    51.641223286993));
#4201 = CARTESIAN_POINT('',(82.717893502237,-52.70796795083,
    51.837606469213));
#4202 = CARTESIAN_POINT('',(82.729902622249,-52.81586909241,
    52.021143804063));
#4203 = CARTESIAN_POINT('',(82.755756915369,-53.09261718182,
    52.382251854308));
#4204 = CARTESIAN_POINT('',(82.769625392387,-53.26859791313,
    52.554896245496));
#4205 = CARTESIAN_POINT('',(82.783487544943,-53.46858109574,
    52.701688731016));
#4206 = CARTESIAN_POINT('',(82.797343067684,-53.68805684587,
    52.818880332911));
#4207 = CARTESIAN_POINT('',(82.811200641904,-53.92195584156,
    52.903681848788));
#4208 = CARTESIAN_POINT('',(82.825067693348,-54.16481605782,
    52.954199356788));
#4209 = CARTESIAN_POINT('',(82.838941289284,-54.41084748327,
    52.969591552916));
#4210 = CARTESIAN_POINT('',(82.863293095644,-54.83791224321,
    52.935955538723));
#4211 = CARTESIAN_POINT('',(82.87378518238,-55.02042972335,
    52.901637785732));
#4212 = CARTESIAN_POINT('',(82.884277184132,-55.19883954048,
    52.847727730575));
#4213 = CARTESIAN_POINT('',(82.894769529845,-55.37069185943,
    52.774798470481));
#4214 = CARTESIAN_POINT('',(82.905262328338,-55.5336947281,
    52.683764131113));
#4215 = CARTESIAN_POINT('',(82.915755368303,-55.68571407745,
    52.575879866567));
#4216 = CARTESIAN_POINT('',(82.926248118308,-55.8247737215,
    52.452741859373));
#4217 = CARTESIAN_POINT('',(82.951824111661,-56.12774216498,
    52.120098834762));
#4218 = CARTESIAN_POINT('',(82.966936096036,-56.27638137474,
    51.895922048352));
#4219 = CARTESIAN_POINT('',(82.982036987776,-56.38933179287,
    51.649584907737));
#4220 = CARTESIAN_POINT('',(82.997129884781,-56.46303516526,
    51.387884535489));
#4221 = CARTESIAN_POINT('',(83.012220095597,-56.49531809622,
    51.117947180778));
#4222 = CARTESIAN_POINT('',(83.027313232415,-56.48548611789,
    50.847174697168));
#4223 = CARTESIAN_POINT('',(83.042416550144,-56.43421464109,
    50.583158654274));
#4224 = CARTESIAN_POINT('',(83.074545048251,-56.24291847903,
    50.051058038815));
#4225 = CARTESIAN_POINT('',(83.091634202654,-56.09176064773,
    49.785768706997));
#4226 = CARTESIAN_POINT('',(83.108698846048,-55.89458182509,
    49.548948289491));
#4227 = CARTESIAN_POINT('',(83.125755801546,-55.65811345569,
    49.349438299986));
#4228 = CARTESIAN_POINT('',(83.142829695761,-55.39036470492,
    49.194409946855));
#4229 = CARTESIAN_POINT('',(83.159909727144,-55.10078812182,
    49.088981332973));
#4230 = CARTESIAN_POINT('',(83.177003388508,-54.80000649647,49.0365));
#4231 = CARTESIAN_POINT('',(83.194051039227,-54.5,49.0365));
#4232 = PCURVE('',#486,#4233);
#4233 = DEFINITIONAL_REPRESENTATION('',(#4234),#4286);
#4234 = B_SPLINE_CURVE_WITH_KNOTS('',8,(#4235,#4236,#4237,#4238,#4239,
    #4240,#4241,#4242,#4243,#4244,#4245,#4246,#4247,#4248,#4249,#4250,
    #4251,#4252,#4253,#4254,#4255,#4256,#4257,#4258,#4259,#4260,#4261,
    #4262,#4263,#4264,#4265,#4266,#4267,#4268,#4269,#4270,#4271,#4272,
    #4273,#4274,#4275,#4276,#4277,#4278,#4279,#4280,#4281,#4282,#4283,
    #4284,#4285),.UNSPECIFIED.,.F.,.F.,(9,7,7,7,7,7,7,9),(0.,
    8.709433049453E-02,0.216880034411,0.354122343847,0.512567874194,
    0.632531084166,0.805009044234,1.),.UNSPECIFIED.);
#4235 = CARTESIAN_POINT('',(0.158381178761,18.966182686234));
#4236 = CARTESIAN_POINT('',(0.158377155414,19.034970250902));
#4237 = CARTESIAN_POINT('',(0.158374687944,19.103775312625));
#4238 = CARTESIAN_POINT('',(0.158374591522,19.17258596448));
#4239 = CARTESIAN_POINT('',(0.158377014326,19.24139465381));
#4240 = CARTESIAN_POINT('',(0.158381437541,19.310198182221));
#4241 = CARTESIAN_POINT('',(0.15838667536,19.378997705584));
#4242 = CARTESIAN_POINT('',(0.158390874982,19.447798734036));
#4243 = CARTESIAN_POINT('',(0.158392472754,19.619153575948));
#4244 = CARTESIAN_POINT('',(0.158388118477,19.721736463062));
#4245 = CARTESIAN_POINT('',(0.158376589141,19.824299515549));
#4246 = CARTESIAN_POINT('',(0.158363079319,19.926841338571));
#4247 = CARTESIAN_POINT('',(0.158353328166,20.029389612565));
#4248 = CARTESIAN_POINT('',(0.158350068751,20.131968272255));
#4249 = CARTESIAN_POINT('',(0.158352441361,20.234561672321));
#4250 = CARTESIAN_POINT('',(0.158364640836,20.44547956955));
#4251 = CARTESIAN_POINT('',(0.158374908182,20.553972424269));
#4252 = CARTESIAN_POINT('',(0.158386916493,20.662438067329));
#4253 = CARTESIAN_POINT('',(0.158396385391,20.770874828172));
#4254 = CARTESIAN_POINT('',(0.15840059145,20.87930660566));
#4255 = CARTESIAN_POINT('',(0.158399523914,20.987759284408));
#4256 = CARTESIAN_POINT('',(0.158395149868,21.096238212302));
#4257 = CARTESIAN_POINT('',(0.158382597238,21.329794442118));
#4258 = CARTESIAN_POINT('',(0.15837386919,21.455084530692));
#4259 = CARTESIAN_POINT('',(0.158366384574,21.580312256192));
#4260 = CARTESIAN_POINT('',(0.158363129925,21.705462268058));
#4261 = CARTESIAN_POINT('',(0.158364548177,21.830611110831));
#4262 = CARTESIAN_POINT('',(0.158368301637,21.955835719546));
#4263 = CARTESIAN_POINT('',(0.158371082957,22.08112356182));
#4264 = CARTESIAN_POINT('',(0.158373527401,22.301046955256));
#4265 = CARTESIAN_POINT('',(0.158373428434,22.395806823007));
#4266 = CARTESIAN_POINT('',(0.158372281452,22.490570347092));
#4267 = CARTESIAN_POINT('',(0.158370370247,22.585340196983));
#4268 = CARTESIAN_POINT('',(0.158368158165,22.680115394423));
#4269 = CARTESIAN_POINT('',(0.158366288104,22.774891313416));
#4270 = CARTESIAN_POINT('',(0.158365582519,22.869659680234));
#4271 = CARTESIAN_POINT('',(0.158369143837,23.100634469822));
#4272 = CARTESIAN_POINT('',(0.158374874791,23.237094270364));
#4273 = CARTESIAN_POINT('',(0.158384693901,23.373436600053));
#4274 = CARTESIAN_POINT('',(0.15839673478,23.509697337247));
#4275 = CARTESIAN_POINT('',(0.158404136315,23.645953425937));
#4276 = CARTESIAN_POINT('',(0.158401042552,23.782280310846));
#4277 = CARTESIAN_POINT('',(0.158390915319,23.918728904448));
#4278 = CARTESIAN_POINT('',(0.158365762579,24.209004189367));
#4279 = CARTESIAN_POINT('',(0.158350021995,24.363411693427));
#4280 = CARTESIAN_POINT('',(0.158341369264,24.517567920349));
#4281 = CARTESIAN_POINT('',(0.15834554564,24.671600482719));
#4282 = CARTESIAN_POINT('',(0.158383962845,24.825641274951));
#4283 = CARTESIAN_POINT('',(0.158400770574,24.979828412313));
#4284 = CARTESIAN_POINT('',(0.158393720754,25.134239111982));
#4285 = CARTESIAN_POINT('',(0.158384563976,25.288243741173));
#4286 = ( GEOMETRIC_REPRESENTATION_CONTEXT(2) 
PARAMETRIC_REPRESENTATION_CONTEXT() REPRESENTATION_CONTEXT('2D SPACE',''
  ) );
#4287 = PCURVE('',#4288,#4293);
#4288 = CYLINDRICAL_SURFACE('',#4289,1.96);
#4289 = AXIS2_PLACEMENT_3D('',#4290,#4291,#4292);
#4290 = CARTESIAN_POINT('',(80.24999995,-54.5,50.9965));
#4291 = DIRECTION('',(1.,0.,1.110223024625E-16));
#4292 = DIRECTION('',(1.110223024625E-16,0.,-1.));
#4293 = DEFINITIONAL_REPRESENTATION('',(#4294),#4346);
#4294 = B_SPLINE_CURVE_WITH_KNOTS('',8,(#4295,#4296,#4297,#4298,#4299,
    #4300,#4301,#4302,#4303,#4304,#4305,#4306,#4307,#4308,#4309,#4310,
    #4311,#4312,#4313,#4314,#4315,#4316,#4317,#4318,#4319,#4320,#4321,
    #4322,#4323,#4324,#4325,#4326,#4327,#4328,#4329,#4330,#4331,#4332,
    #4333,#4334,#4335,#4336,#4337,#4338,#4339,#4340,#4341,#4342,#4343,
    #4344,#4345),.UNSPECIFIED.,.F.,.F.,(9,7,7,7,7,7,7,9),(0.,
    8.709433049453E-02,0.216880034411,0.354122343847,0.512567874194,
    0.632531084166,0.805009044234,1.),.UNSPECIFIED.);
#4295 = CARTESIAN_POINT('',(0.,2.24404916974));
#4296 = CARTESIAN_POINT('',(6.83688075623E-02,2.251663677548));
#4297 = CARTESIAN_POINT('',(0.136753769778,2.259280802105));
#4298 = CARTESIAN_POINT('',(0.205144224506,2.266899644269));
#4299 = CARTESIAN_POINT('',(0.273533231689,2.274519462618));
#4300 = CARTESIAN_POINT('',(0.341917573358,2.282139673453));
#4301 = CARTESIAN_POINT('',(0.41029775363,2.289759850793));
#4302 = CARTESIAN_POINT('',(0.478677998709,2.297379726378));
#4303 = CARTESIAN_POINT('',(0.64897665882,2.3163535155));
#4304 = CARTESIAN_POINT('',(0.750923152304,2.327709841492));
#4305 = CARTESIAN_POINT('',(0.852848664291,2.339060607619));
#4306 = CARTESIAN_POINT('',(0.95475506783,2.350408085199));
#4307 = CARTESIAN_POINT('',(1.056671285626,2.36175802462));
#4308 = CARTESIAN_POINT('',(1.158620148634,2.373114357302));
#4309 = CARTESIAN_POINT('',(1.260584009658,2.384474951891));
#4310 = CARTESIAN_POINT('',(1.470207840675,2.407834190936));
#4311 = CARTESIAN_POINT('',(1.578035007684,2.419851682312));
#4312 = CARTESIAN_POINT('',(1.685834117601,2.431866976692));
#4313 = CARTESIAN_POINT('',(1.793603102417,2.443877889832));
#4314 = CARTESIAN_POINT('',(1.901366585747,2.455885794954));
#4315 = CARTESIAN_POINT('',(2.009151473789,2.467893552237));
#4316 = CARTESIAN_POINT('',(2.116963474594,2.479902672249));
#4317 = CARTESIAN_POINT('',(2.349085882833,2.505756965369));
#4318 = CARTESIAN_POINT('',(2.473608033078,2.519625442387));
#4319 = CARTESIAN_POINT('',(2.59806957557,2.533487594943));
#4320 = CARTESIAN_POINT('',(2.722453698584,2.547343117684));
#4321 = CARTESIAN_POINT('',(2.846834860698,2.561200691904));
#4322 = CARTESIAN_POINT('',(2.971288809203,2.575067743348));
#4323 = CARTESIAN_POINT('',(3.095803557316,2.588941339284));
#4324 = CARTESIAN_POINT('',(3.314368513341,2.613293145644));
#4325 = CARTESIAN_POINT('',(3.408542448936,2.62378523238));
#4326 = CARTESIAN_POINT('',(3.502720189934,2.634277234132));
#4327 = CARTESIAN_POINT('',(3.596904948281,2.644769579845));
#4328 = CARTESIAN_POINT('',(3.691096084905,2.655262378338));
#4329 = CARTESIAN_POINT('',(3.785289109714,2.665755418303));
#4330 = CARTESIAN_POINT('',(3.879475681601,2.676248168308));
#4331 = CARTESIAN_POINT('',(4.109034216355,2.701824161661));
#4332 = CARTESIAN_POINT('',(4.24465863508,2.716936146036));
#4333 = CARTESIAN_POINT('',(4.380166424003,2.732037037776));
#4334 = CARTESIAN_POINT('',(4.515591398288,2.747129934781));
#4335 = CARTESIAN_POINT('',(4.651008402579,2.762220145597));
#4336 = CARTESIAN_POINT('',(4.786494896503,2.777313282415));
#4337 = CARTESIAN_POINT('',(4.922103484112,2.792416600144));
#4338 = CARTESIAN_POINT('',(5.210594585219,2.824545098251));
#4339 = CARTESIAN_POINT('',(5.364054726733,2.841634252654));
#4340 = CARTESIAN_POINT('',(5.517267061775,2.858698896048));
#4341 = CARTESIAN_POINT('',(5.670356105015,2.875755851546));
#4342 = CARTESIAN_POINT('',(5.823445277747,2.892829745761));
#4343 = CARTESIAN_POINT('',(5.976662295272,2.909909777144));
#4344 = CARTESIAN_POINT('',(6.130120768163,2.927003438508));
#4345 = CARTESIAN_POINT('',(6.28318530718,2.944051089227));
#4346 = ( GEOMETRIC_REPRESENTATION_CONTEXT(2) 
PARAMETRIC_REPRESENTATION_CONTEXT() REPRESENTATION_CONTEXT('2D SPACE',''
  ) );
#4347 = ORIENTED_EDGE('',*,*,#4348,.F.);
#4348 = EDGE_CURVE('',#1641,#4177,#4349,.T.);
#4349 = SURFACE_CURVE('',#4350,(#4401,#4455),.PCURVE_S1.);
#4350 = B_SPLINE_CURVE_WITH_KNOTS('',7,(#4351,#4352,#4353,#4354,#4355,
    #4356,#4357,#4358,#4359,#4360,#4361,#4362,#4363,#4364,#4365,#4366,
    #4367,#4368,#4369,#4370,#4371,#4372,#4373,#4374,#4375,#4376,#4377,
    #4378,#4379,#4380,#4381,#4382,#4383,#4384,#4385,#4386,#4387,#4388,
    #4389,#4390,#4391,#4392,#4393,#4394,#4395,#4396,#4397,#4398,#4399,
    #4400),.UNSPECIFIED.,.F.,.F.,(8,6,6,6,6,6,6,6,8),(0.,
    9.856901626883E-02,0.219718624671,0.339352645975,0.448054025199,
    0.602717601847,0.747976484768,0.843183889336,1.),.UNSPECIFIED.);
#4351 = CARTESIAN_POINT('',(81.79404730416,-54.5,49.0365));
#4352 = CARTESIAN_POINT('',(81.80389822106,-54.326648413,49.0365));
#4353 = CARTESIAN_POINT('',(81.813753170264,-54.1532403122,
    49.054397789972));
#4354 = CARTESIAN_POINT('',(81.823610322297,-53.98208709467,
    49.090178108004));
#4355 = CARTESIAN_POINT('',(81.833468095556,-53.81539217499,
    49.143498582031));
#4356 = CARTESIAN_POINT('',(81.843325156308,-53.65525098527,
    49.213689729838));
#4357 = CARTESIAN_POINT('',(81.85318041869,-53.50365097518,
    49.299754959058));
#4358 = CARTESIAN_POINT('',(81.875142750477,-53.18895030452,
    49.524035609027));
#4359 = CARTESIAN_POINT('',(81.887257216844,-53.03101040563,
    49.669782810324));
#4360 = CARTESIAN_POINT('',(81.899366249426,-52.89219126782,
    49.835158794801));
#4361 = CARTESIAN_POINT('',(81.911475639305,-52.77532902036,
    50.017080659137));
#4362 = CARTESIAN_POINT('',(81.92358949639,-52.68264979355,
    50.212073775324));
#4363 = CARTESIAN_POINT('',(81.935708983818,-52.61576694622,
    50.416279895525));
#4364 = CARTESIAN_POINT('',(81.959784722073,-52.53561230532,
    50.832055456409));
#4365 = CARTESIAN_POINT('',(81.971755112226,-52.52163370468,
    51.043742645553));
#4366 = CARTESIAN_POINT('',(81.983722010426,-52.53433866973,
    51.25647962884));
#4367 = CARTESIAN_POINT('',(81.995685265554,-52.57366868934,
    51.466235089509));
#4368 = CARTESIAN_POINT('',(82.007646526277,-52.6388865761,
    51.669106176007));
#4369 = CARTESIAN_POINT('',(82.019608558612,-52.72858072085,
    51.861324788438));
#4370 = CARTESIAN_POINT('',(82.042424344643,-52.94221136188,
    52.201251052683));
#4371 = CARTESIAN_POINT('',(82.053287742414,-53.06239508132,
    52.351583206651));
#4372 = CARTESIAN_POINT('',(82.06415231625,-53.19937212345,
    52.487782818828));
#4373 = CARTESIAN_POINT('',(82.075017640068,-53.3511419505,
    52.607616337666));
#4374 = CARTESIAN_POINT('',(82.085883397463,-53.51539285408,
    52.709256016113));
#4375 = CARTESIAN_POINT('',(82.09674938171,-53.68950195519,
    52.791279911618));
#4376 = CARTESIAN_POINT('',(82.123076128156,-54.12811473065,
    52.94002222541));
#4377 = CARTESIAN_POINT('',(82.138559493981,-54.40019193319,
    52.985790148462));
#4378 = CARTESIAN_POINT('',(82.154027866121,-54.67812029949,
    52.986825052492));
#4379 = CARTESIAN_POINT('',(82.169490520097,-54.95311108672,
    52.942723144059));
#4380 = CARTESIAN_POINT('',(82.184953512524,-55.21675380241,
    52.854852695541));
#4381 = CARTESIAN_POINT('',(82.200432617238,-55.4608809988,
    52.726333304838));
#4382 = CARTESIAN_POINT('',(82.230419610008,-55.88247653093,
    52.409173523077));
#4383 = CARTESIAN_POINT('',(82.244954038277,-56.0634429923,
    52.224403868457));
#4384 = CARTESIAN_POINT('',(82.259480168351,-56.21518135135,
    52.012875548513));
#4385 = CARTESIAN_POINT('',(82.274007338554,-56.33321084231,
    51.780243895617));
#4386 = CARTESIAN_POINT('',(82.288539091048,-56.41430885787,
    51.532796963879));
#4387 = CARTESIAN_POINT('',(82.303079715828,-56.45649978023,
    51.277546733037));
#4388 = CARTESIAN_POINT('',(82.327119542244,-56.46201799879,
    50.854624870767));
#4389 = CARTESIAN_POINT('',(82.336638187216,-56.44751228705,
    50.686928015525));
#4390 = CARTESIAN_POINT('',(82.346155430991,-56.41627806649,
    50.521014436162));
#4391 = CARTESIAN_POINT('',(82.355672139762,-56.3685973314,
    50.358870859272));
#4392 = CARTESIAN_POINT('',(82.365190378916,-56.30502668968,
    50.202426594661));
#4393 = CARTESIAN_POINT('',(82.374710884162,-56.22640077764,
    50.053528340358));
#4394 = CARTESIAN_POINT('',(82.399908060911,-55.98150080887,
    49.683919577043));
#4395 = CARTESIAN_POINT('',(82.415607653997,-55.79118179356,
    49.478711574174));
#4396 = CARTESIAN_POINT('',(82.431295768678,-55.56805062581,
    49.306306090152));
#4397 = CARTESIAN_POINT('',(82.44699065646,-55.31907116629,
    49.172590002072));
#4398 = CARTESIAN_POINT('',(82.462679992057,-55.05206167955,
    49.081788614386));
#4399 = CARTESIAN_POINT('',(82.478375559469,-54.77582898326,49.0365));
#4400 = CARTESIAN_POINT('',(82.49404911974,-54.5,49.0365));
#4401 = PCURVE('',#486,#4402);
#4402 = DEFINITIONAL_REPRESENTATION('',(#4403),#4454);
#4403 = B_SPLINE_CURVE_WITH_KNOTS('',7,(#4404,#4405,#4406,#4407,#4408,
    #4409,#4410,#4411,#4412,#4413,#4414,#4415,#4416,#4417,#4418,#4419,
    #4420,#4421,#4422,#4423,#4424,#4425,#4426,#4427,#4428,#4429,#4430,
    #4431,#4432,#4433,#4434,#4435,#4436,#4437,#4438,#4439,#4440,#4441,
    #4442,#4443,#4444,#4445,#4446,#4447,#4448,#4449,#4450,#4451,#4452,
    #4453),.UNSPECIFIED.,.F.,.F.,(8,6,6,6,6,6,6,6,8),(0.,
    9.856901626883E-02,0.219718624671,0.339352645975,0.448054025199,
    0.602717601847,0.747976484768,0.843183889336,1.),.UNSPECIFIED.);
#4404 = CARTESIAN_POINT('',(0.158378190248,12.644120993723));
#4405 = CARTESIAN_POINT('',(0.158374147801,12.733106995982));
#4406 = CARTESIAN_POINT('',(0.15837583626,12.822105718406));
#4407 = CARTESIAN_POINT('',(0.158380899272,12.911109969384));
#4408 = CARTESIAN_POINT('',(0.15838701272,13.000114949752));
#4409 = CARTESIAN_POINT('',(0.158391884722,13.089118252789));
#4410 = CARTESIAN_POINT('',(0.158393255636,13.178119864218));
#4411 = CARTESIAN_POINT('',(0.15838354223,13.376513469502));
#4412 = CARTESIAN_POINT('',(0.158372511824,13.4859717818));
#4413 = CARTESIAN_POINT('',(0.158358349866,13.595394369164));
#4414 = CARTESIAN_POINT('',(0.158349683494,13.704797077083));
#4415 = CARTESIAN_POINT('',(0.158349460955,13.814204532514));
#4416 = CARTESIAN_POINT('',(0.158355058312,13.923638283364));
#4417 = CARTESIAN_POINT('',(0.158371664995,14.141008649044));
#4418 = CARTESIAN_POINT('',(0.158382592771,14.249073307947));
#4419 = CARTESIAN_POINT('',(0.158393206324,14.357107728069));
#4420 = CARTESIAN_POINT('',(0.158399323629,14.465128191694));
#4421 = CARTESIAN_POINT('',(0.158399877197,14.573154101002));
#4422 = CARTESIAN_POINT('',(0.15839653025,14.681203425337));
#4423 = CARTESIAN_POINT('',(0.15838640984,14.887307093022));
#4424 = CARTESIAN_POINT('',(0.158379764575,14.985447996682));
#4425 = CARTESIAN_POINT('',(0.158373402405,15.08359832773));
#4426 = CARTESIAN_POINT('',(0.158368685888,15.181748493147));
#4427 = CARTESIAN_POINT('',(0.15836622971,15.279893045447));
#4428 = CARTESIAN_POINT('',(0.158365900676,15.378030682677));
#4429 = CARTESIAN_POINT('',(0.158368122515,15.615791623672));
#4430 = CARTESIAN_POINT('',(0.158371859338,15.755614081694));
#4431 = CARTESIAN_POINT('',(0.158375816032,15.895300226739));
#4432 = CARTESIAN_POINT('',(0.158375224618,16.034953944448));
#4433 = CARTESIAN_POINT('',(0.158370652933,16.17462750886));
#4434 = CARTESIAN_POINT('',(0.158367076529,16.314442355128));
#4435 = CARTESIAN_POINT('',(0.158365774568,16.585275717708));
#4436 = CARTESIAN_POINT('',(0.158367746373,16.716535214287));
#4437 = CARTESIAN_POINT('',(0.158373943567,16.847701891569));
#4438 = CARTESIAN_POINT('',(0.15838498138,16.978857501503));
#4439 = CARTESIAN_POINT('',(0.15839494731,17.110059026422));
#4440 = CARTESIAN_POINT('',(0.158398814012,17.24136646788));
#4441 = CARTESIAN_POINT('',(0.158395148406,17.458497900778));
#4442 = CARTESIAN_POINT('',(0.158391078884,17.54448284885));
#4443 = CARTESIAN_POINT('',(0.158384326751,17.630466490747));
#4444 = CARTESIAN_POINT('',(0.158375689687,17.71645328156));
#4445 = CARTESIAN_POINT('',(0.158366942301,17.802454376261));
#4446 = CARTESIAN_POINT('',(0.158360178276,17.888467567589));
#4447 = CARTESIAN_POINT('',(0.158350123387,18.116078795195));
#4448 = CARTESIAN_POINT('',(0.158352296838,18.257860758395));
#4449 = CARTESIAN_POINT('',(0.158364918307,18.399494843693));
#4450 = CARTESIAN_POINT('',(0.158394779828,18.541117122372));
#4451 = CARTESIAN_POINT('',(0.158401128697,18.682788283196));
#4452 = CARTESIAN_POINT('',(0.158389460344,18.824591651353));
#4453 = CARTESIAN_POINT('',(0.158381178761,18.966182686234));
#4454 = ( GEOMETRIC_REPRESENTATION_CONTEXT(2) 
PARAMETRIC_REPRESENTATION_CONTEXT() REPRESENTATION_CONTEXT('2D SPACE',''
  ) );
#4455 = PCURVE('',#1656,#4456);
#4456 = DEFINITIONAL_REPRESENTATION('',(#4457),#4508);
#4457 = B_SPLINE_CURVE_WITH_KNOTS('',7,(#4458,#4459,#4460,#4461,#4462,
    #4463,#4464,#4465,#4466,#4467,#4468,#4469,#4470,#4471,#4472,#4473,
    #4474,#4475,#4476,#4477,#4478,#4479,#4480,#4481,#4482,#4483,#4484,
    #4485,#4486,#4487,#4488,#4489,#4490,#4491,#4492,#4493,#4494,#4495,
    #4496,#4497,#4498,#4499,#4500,#4501,#4502,#4503,#4504,#4505,#4506,
    #4507),.UNSPECIFIED.,.F.,.F.,(8,6,6,6,6,6,6,6,8),(0.,
    9.856901626883E-02,0.219718624671,0.339352645975,0.448054025199,
    0.602717601847,0.747976484768,0.843183889336,1.),.UNSPECIFIED.);
#4458 = CARTESIAN_POINT('',(0.,1.54404735416));
#4459 = CARTESIAN_POINT('',(8.844468724482E-02,1.553898271059));
#4460 = CARTESIAN_POINT('',(0.17690055745,1.563753220264));
#4461 = CARTESIAN_POINT('',(0.265361159602,1.573610372297));
#4462 = CARTESIAN_POINT('',(0.353821845418,1.583468145556));
#4463 = CARTESIAN_POINT('',(0.442279769348,1.593325206308));
#4464 = CARTESIAN_POINT('',(0.530733888571,1.60318046869));
#4465 = CARTESIAN_POINT('',(0.727898770187,1.625142800477));
#4466 = CARTESIAN_POINT('',(0.836677443418,1.637257266844));
#4467 = CARTESIAN_POINT('',(0.945422534757,1.649366299426));
#4468 = CARTESIAN_POINT('',(1.054152332536,1.661475689305));
#4469 = CARTESIAN_POINT('',(1.162888533772,1.67358954639));
#4470 = CARTESIAN_POINT('',(1.271651199858,1.685709033818));
#4471 = CARTESIAN_POINT('',(1.487687588053,1.709784772073));
#4472 = CARTESIAN_POINT('',(1.595088591624,1.721755162226));
#4473 = CARTESIAN_POINT('',(1.702458331697,1.733722060426));
#4474 = CARTESIAN_POINT('',(1.809813124495,1.745685315554));
#4475 = CARTESIAN_POINT('',(1.917173650649,1.757646576277));
#4476 = CARTESIAN_POINT('',(2.024558381374,1.769608608612));
#4477 = CARTESIAN_POINT('',(2.229396212462,1.792424394643));
#4478 = CARTESIAN_POINT('',(2.326935335822,1.803287792414));
#4479 = CARTESIAN_POINT('',(2.424484462523,1.81415236625));
#4480 = CARTESIAN_POINT('',(2.52203365893,1.825017690068));
#4481 = CARTESIAN_POINT('',(2.619577054403,1.835883447463));
#4482 = CARTESIAN_POINT('',(2.717112841298,1.84674943171));
#4483 = CARTESIAN_POINT('',(2.953412495841,1.873076178156));
#4484 = CARTESIAN_POINT('',(3.092373312039,1.888559543981));
#4485 = CARTESIAN_POINT('',(3.231195898085,1.904027916121));
#4486 = CARTESIAN_POINT('',(3.369984628707,1.919490570097));
#4487 = CARTESIAN_POINT('',(3.508795238365,1.934953562524));
#4488 = CARTESIAN_POINT('',(3.647749133307,1.950432667238));
#4489 = CARTESIAN_POINT('',(3.916918958519,1.980419660008));
#4490 = CARTESIAN_POINT('',(4.047374128034,1.994954088277));
#4491 = CARTESIAN_POINT('',(4.177738386534,2.009480218351));
#4492 = CARTESIAN_POINT('',(4.308091124005,2.024007388554));
#4493 = CARTESIAN_POINT('',(4.438486849153,2.038539141048));
#4494 = CARTESIAN_POINT('',(4.568986325047,2.053079765828));
#4495 = CARTESIAN_POINT('',(4.784781152172,2.077119592244));
#4496 = CARTESIAN_POINT('',(4.870236664052,2.086638237216));
#4497 = CARTESIAN_POINT('',(4.955691065718,2.096155480991));
#4498 = CARTESIAN_POINT('',(5.041149250738,2.105672189762));
#4499 = CARTESIAN_POINT('',(5.126622433247,2.115190428916));
#4500 = CARTESIAN_POINT('',(5.212108074064,2.124710934162));
#4501 = CARTESIAN_POINT('',(5.438322824796,2.149908110911));
#4502 = CARTESIAN_POINT('',(5.579234497097,2.165607703997));
#4503 = CARTESIAN_POINT('',(5.719995839214,2.181295818678));
#4504 = CARTESIAN_POINT('',(5.860739569795,2.19699070646));
#4505 = CARTESIAN_POINT('',(6.001521043291,2.212680042057));
#4506 = CARTESIAN_POINT('',(6.142456234083,2.228375609469));
#4507 = CARTESIAN_POINT('',(6.28318530718,2.24404916974));
#4508 = ( GEOMETRIC_REPRESENTATION_CONTEXT(2) 
PARAMETRIC_REPRESENTATION_CONTEXT() REPRESENTATION_CONTEXT('2D SPACE',''
  ) );
#4509 = ORIENTED_EDGE('',*,*,#1668,.F.);
#4510 = ADVANCED_FACE('',(#4511),#900,.F.);
#4511 = FACE_BOUND('',#4512,.F.);
#4512 = EDGE_LOOP('',(#4513,#4514,#4515,#4516,#4517,#4518));
#4513 = ORIENTED_EDGE('',*,*,#1134,.T.);
#4514 = ORIENTED_EDGE('',*,*,#884,.T.);
#4515 = ORIENTED_EDGE('',*,*,#938,.T.);
#4516 = ORIENTED_EDGE('',*,*,#987,.T.);
#4517 = ORIENTED_EDGE('',*,*,#1036,.T.);
#4518 = ORIENTED_EDGE('',*,*,#1085,.T.);
#4519 = ADVANCED_FACE('',(#4520),#1656,.T.);
#4520 = FACE_BOUND('',#4521,.T.);
#4521 = EDGE_LOOP('',(#4522,#4686,#4707,#4708));
#4522 = ORIENTED_EDGE('',*,*,#4523,.T.);
#4523 = EDGE_CURVE('',#1160,#4524,#4526,.T.);
#4524 = VERTEX_POINT('',#4525);
#4525 = CARTESIAN_POINT('',(82.205953737032,-54.5,49.0365));
#4526 = SURFACE_CURVE('',#4527,(#4578,#4632),.PCURVE_S1.);
#4527 = B_SPLINE_CURVE_WITH_KNOTS('',7,(#4528,#4529,#4530,#4531,#4532,
    #4533,#4534,#4535,#4536,#4537,#4538,#4539,#4540,#4541,#4542,#4543,
    #4544,#4545,#4546,#4547,#4548,#4549,#4550,#4551,#4552,#4553,#4554,
    #4555,#4556,#4557,#4558,#4559,#4560,#4561,#4562,#4563,#4564,#4565,
    #4566,#4567,#4568,#4569,#4570,#4571,#4572,#4573,#4574,#4575,#4576,
    #4577),.UNSPECIFIED.,.F.,.F.,(8,6,6,6,6,6,6,6,8),(0.,
    9.471212366979E-02,0.194782458957,0.345840916675,0.442724268327,
    0.598706778047,0.745106847871,0.868576032247,1.),.UNSPECIFIED.);
#4528 = CARTESIAN_POINT('',(81.505954396646,-54.5,49.0365));
#4529 = CARTESIAN_POINT('',(81.515424978972,-54.33339642271,49.0365));
#4530 = CARTESIAN_POINT('',(81.524893141618,-54.16675483115,
    49.053024647364));
#4531 = CARTESIAN_POINT('',(81.534361011632,-54.0021079205,
    49.086071544962));
#4532 = CARTESIAN_POINT('',(81.543829823907,-53.84140891705,
    49.135350811839));
#4533 = CARTESIAN_POINT('',(81.553299921188,-53.68653157817,
    49.200285083215));
#4534 = CARTESIAN_POINT('',(81.562770754064,-53.53927019233,
    49.280009510485));
#4535 = CARTESIAN_POINT('',(81.58224676764,-53.25560572603,
    49.472015856313));
#4536 = CARTESIAN_POINT('',(81.592257358353,-53.1201605484,
    49.585955728683));
#4537 = CARTESIAN_POINT('',(81.602268100753,-52.99698788255,
    49.713871796527));
#4538 = CARTESIAN_POINT('',(81.612277224364,-52.88778484397,
    49.854154845238));
#4539 = CARTESIAN_POINT('',(81.622284976174,-52.79399259822,
    50.004963467145));
#4540 = CARTESIAN_POINT('',(81.632291106559,-52.71676974679,
    50.164243128226));
#4541 = CARTESIAN_POINT('',(81.657385077807,-52.5665461489,
    50.579478148374));
#4542 = CARTESIAN_POINT('',(81.672495374205,-52.51555998322,
    50.843853671557));
#4543 = CARTESIAN_POINT('',(81.687591732344,-52.50702402401,
    51.114876397048));
#4544 = CARTESIAN_POINT('',(81.702688886455,-52.5415566813,
    51.38437661912));
#4545 = CARTESIAN_POINT('',(81.717793581553,-52.6181337267,
    51.64448080837));
#4546 = CARTESIAN_POINT('',(81.732914081704,-52.73411670291,
    51.887475531232));
#4547 = CARTESIAN_POINT('',(81.757706175241,-52.98105789891,
    52.246879245364));
#4548 = CARTESIAN_POINT('',(81.767394478659,-53.09182482566,
    52.377560890826));
#4549 = CARTESIAN_POINT('',(81.777082751889,-53.21561805033,
    52.496693679122));
#4550 = CARTESIAN_POINT('',(81.786770418033,-53.35099134058,
    52.602736948782));
#4551 = CARTESIAN_POINT('',(81.796457137388,-53.49630049893,
    52.694402748256));
#4552 = CARTESIAN_POINT('',(81.806142807442,-53.64970336276,
    52.770655835913));
#4553 = CARTESIAN_POINT('',(81.831420050488,-54.06588519133,
    52.927407003462));
#4554 = CARTESIAN_POINT('',(81.84703165831,-54.33874586742,
    52.982303907021));
#4555 = CARTESIAN_POINT('',(81.862630398987,-54.61895281343,
    52.99190060338));
#4556 = CARTESIAN_POINT('',(81.87822243539,-54.89761326711,
    52.955496609432));
#4557 = CARTESIAN_POINT('',(81.893824363262,-55.16593800078,
    52.874246941118));
#4558 = CARTESIAN_POINT('',(81.909438886103,-55.41554212601,
    52.751110445671));
#4559 = CARTESIAN_POINT('',(81.939670834414,-55.84841894989,
    52.442071476409));
#4560 = CARTESIAN_POINT('',(81.954318777581,-56.03524987247,
    52.260187983262));
#4561 = CARTESIAN_POINT('',(81.968954857534,-56.19299998209,
    52.050437093266));
#4562 = CARTESIAN_POINT('',(81.983584207149,-56.3169841419,
    51.818465078219));
#4563 = CARTESIAN_POINT('',(81.998221674835,-56.40373485813,
    51.570725122758));
#4564 = CARTESIAN_POINT('',(82.012872118589,-56.45112861628,
    51.314291932804));
#4565 = CARTESIAN_POINT('',(82.039853772225,-56.46576379628,
    50.839892015064));
#4566 = CARTESIAN_POINT('',(82.052207629739,-56.44440854465,
    50.621849216958));
#4567 = CARTESIAN_POINT('',(82.064560020822,-56.39480674103,
    50.407366235884));
#4568 = CARTESIAN_POINT('',(82.076910572576,-56.31774653462,
    50.200775632206));
#4569 = CARTESIAN_POINT('',(82.089262033799,-56.21475663577,
    50.006189969464));
#4570 = CARTESIAN_POINT('',(82.101613595856,-56.08808024631,
    49.82741584113));
#4571 = CARTESIAN_POINT('',(82.127091232558,-55.78416713365,
    49.497852776303));
#4572 = CARTESIAN_POINT('',(82.140236037121,-55.60395531835,
    49.349344245972));
#4573 = CARTESIAN_POINT('',(82.15337406276,-55.40391964263,
    49.226390457698));
#4574 = CARTESIAN_POINT('',(82.166510781317,-55.18849839021,
    49.132011327844));
#4575 = CARTESIAN_POINT('',(82.179658173852,-54.96251370944,
    49.06831020514));
#4576 = CARTESIAN_POINT('',(82.192811869357,-54.73117157979,49.0365));
#4577 = CARTESIAN_POINT('',(82.205953737032,-54.5,49.0365));
#4578 = PCURVE('',#1656,#4579);
#4579 = DEFINITIONAL_REPRESENTATION('',(#4580),#4631);
#4580 = B_SPLINE_CURVE_WITH_KNOTS('',7,(#4581,#4582,#4583,#4584,#4585,
    #4586,#4587,#4588,#4589,#4590,#4591,#4592,#4593,#4594,#4595,#4596,
    #4597,#4598,#4599,#4600,#4601,#4602,#4603,#4604,#4605,#4606,#4607,
    #4608,#4609,#4610,#4611,#4612,#4613,#4614,#4615,#4616,#4617,#4618,
    #4619,#4620,#4621,#4622,#4623,#4624,#4625,#4626,#4627,#4628,#4629,
    #4630),.UNSPECIFIED.,.F.,.F.,(8,6,6,6,6,6,6,6,8),(0.,
    9.471212366979E-02,0.194782458957,0.345840916675,0.442724268327,
    0.598706778047,0.745106847871,0.868576032247,1.),.UNSPECIFIED.);
#4581 = CARTESIAN_POINT('',(0.,1.255954446646));
#4582 = CARTESIAN_POINT('',(8.50018251457E-02,1.265425028972));
#4583 = CARTESIAN_POINT('',(0.170007422852,1.274893191618));
#4584 = CARTESIAN_POINT('',(0.255019973262,1.284361061632));
#4585 = CARTESIAN_POINT('',(0.340037961381,1.293829873907));
#4586 = CARTESIAN_POINT('',(0.425055177069,1.303299971188));
#4587 = CARTESIAN_POINT('',(0.510060715048,1.312770804064));
#4588 = CARTESIAN_POINT('',(0.684824766046,1.33224681764));
#4589 = CARTESIAN_POINT('',(0.774637402514,1.342257408353));
#4590 = CARTESIAN_POINT('',(0.864446190416,1.352268150753));
#4591 = CARTESIAN_POINT('',(0.954253133716,1.362277274364));
#4592 = CARTESIAN_POINT('',(1.04406977167,1.372285026174));
#4593 = CARTESIAN_POINT('',(1.13389103686,1.382291156559));
#4594 = CARTESIAN_POINT('',(1.359183694025,1.407385127807));
#4595 = CARTESIAN_POINT('',(1.494873506075,1.422495424204));
#4596 = CARTESIAN_POINT('',(1.630448960538,1.437591782344));
#4597 = CARTESIAN_POINT('',(1.765993666259,1.452688936455));
#4598 = CARTESIAN_POINT('',(1.901563221953,1.467793631553));
#4599 = CARTESIAN_POINT('',(2.037255813234,1.482914131704));
#4600 = CARTESIAN_POINT('',(2.259736961452,1.507706225241));
#4601 = CARTESIAN_POINT('',(2.346677219702,1.517394528659));
#4602 = CARTESIAN_POINT('',(2.433620879492,1.527082801889));
#4603 = CARTESIAN_POINT('',(2.520565668513,1.536770468033));
#4604 = CARTESIAN_POINT('',(2.607509309755,1.546457187388));
#4605 = CARTESIAN_POINT('',(2.69444952151,1.556142857442));
#4606 = CARTESIAN_POINT('',(2.921348837055,1.581420100488));
#4607 = CARTESIAN_POINT('',(3.061492418508,1.59703170831));
#4608 = CARTESIAN_POINT('',(3.201516262579,1.612630448987));
#4609 = CARTESIAN_POINT('',(3.34145928553,1.62822248539));
#4610 = CARTESIAN_POINT('',(3.481476924088,1.643824413262));
#4611 = CARTESIAN_POINT('',(3.621617985498,1.659438936103));
#4612 = CARTESIAN_POINT('',(3.892981061252,1.689670884414));
#4613 = CARTESIAN_POINT('',(4.024475086608,1.704318827581));
#4614 = CARTESIAN_POINT('',(4.155883702149,1.718954907534));
#4615 = CARTESIAN_POINT('',(4.287245891061,1.733584257149));
#4616 = CARTESIAN_POINT('',(4.418672216574,1.748221724835));
#4617 = CARTESIAN_POINT('',(4.550182883748,1.762872168589));
#4618 = CARTESIAN_POINT('',(4.792338807636,1.789853822225));
#4619 = CARTESIAN_POINT('',(4.903194541761,1.802207679739));
#4620 = CARTESIAN_POINT('',(5.014019730753,1.814560070822));
#4621 = CARTESIAN_POINT('',(5.124826326678,1.826910622576));
#4622 = CARTESIAN_POINT('',(5.235659419187,1.839262083799));
#4623 = CARTESIAN_POINT('',(5.346524685369,1.851613645856));
#4624 = CARTESIAN_POINT('',(5.575250372282,1.877091282558));
#4625 = CARTESIAN_POINT('',(5.693282622364,1.890236087121));
#4626 = CARTESIAN_POINT('',(5.811265473257,1.90337411276));
#4627 = CARTESIAN_POINT('',(5.929230715445,1.916510831317));
#4628 = CARTESIAN_POINT('',(6.047208906239,1.929658223852));
#4629 = CARTESIAN_POINT('',(6.165240623609,1.942811919357));
#4630 = CARTESIAN_POINT('',(6.28318530718,1.955953787032));
#4631 = ( GEOMETRIC_REPRESENTATION_CONTEXT(2) 
PARAMETRIC_REPRESENTATION_CONTEXT() REPRESENTATION_CONTEXT('2D SPACE',''
  ) );
#4632 = PCURVE('',#1285,#4633);
#4633 = DEFINITIONAL_REPRESENTATION('',(#4634),#4685);
#4634 = B_SPLINE_CURVE_WITH_KNOTS('',7,(#4635,#4636,#4637,#4638,#4639,
    #4640,#4641,#4642,#4643,#4644,#4645,#4646,#4647,#4648,#4649,#4650,
    #4651,#4652,#4653,#4654,#4655,#4656,#4657,#4658,#4659,#4660,#4661,
    #4662,#4663,#4664,#4665,#4666,#4667,#4668,#4669,#4670,#4671,#4672,
    #4673,#4674,#4675,#4676,#4677,#4678,#4679,#4680,#4681,#4682,#4683,
    #4684),.UNSPECIFIED.,.F.,.F.,(8,6,6,6,6,6,6,6,8),(0.,
    9.471212366979E-02,0.194782458957,0.345840916675,0.442724268327,
    0.598706778047,0.745106847871,0.868576032247,1.),.UNSPECIFIED.);
#4635 = CARTESIAN_POINT('',(0.440514151059,6.322059580146));
#4636 = CARTESIAN_POINT('',(0.44051667006,6.407583109092));
#4637 = CARTESIAN_POINT('',(0.440513327208,6.493109620806));
#4638 = CARTESIAN_POINT('',(0.44050747814,6.578643859482));
#4639 = CARTESIAN_POINT('',(0.440501845592,6.664185347693));
#4640 = CARTESIAN_POINT('',(0.4404985194,6.74972838639));
#4641 = CARTESIAN_POINT('',(0.440498956501,6.835262054901));
#4642 = CARTESIAN_POINT('',(0.440509289605,7.011115876433));
#4643 = CARTESIAN_POINT('',(0.440518103757,7.101489268196));
#4644 = CARTESIAN_POINT('',(0.44052850787,7.191857393915));
#4645 = CARTESIAN_POINT('',(0.440536446819,7.282221377459));
#4646 = CARTESIAN_POINT('',(0.440539589854,7.372593268867));
#4647 = CARTESIAN_POINT('',(0.440538330337,7.462969132432));
#4648 = CARTESIAN_POINT('',(0.440527265556,7.689652525633));
#4649 = CARTESIAN_POINT('',(0.440513477392,7.826179692406));
#4650 = CARTESIAN_POINT('',(0.440496636374,7.962593828655));
#4651 = CARTESIAN_POINT('',(0.440488115766,8.09897994763));
#4652 = CARTESIAN_POINT('',(0.440490100079,8.235389759125));
#4653 = CARTESIAN_POINT('',(0.44049702074,8.371921439684));
#4654 = CARTESIAN_POINT('',(0.440510148813,8.595775963412));
#4655 = CARTESIAN_POINT('',(0.440515769228,8.683252204933));
#4656 = CARTESIAN_POINT('',(0.440520590065,8.770731554771));
#4657 = CARTESIAN_POINT('',(0.440523833991,8.858212090352));
#4658 = CARTESIAN_POINT('',(0.440525236535,8.945691863659));
#4659 = CARTESIAN_POINT('',(0.440525046084,9.033168901226));
#4660 = CARTESIAN_POINT('',(0.440522378146,9.261471894946));
#4661 = CARTESIAN_POINT('',(0.440518491844,9.40248476568));
#4662 = CARTESIAN_POINT('',(0.440514906671,9.543380185408));
#4663 = CARTESIAN_POINT('',(0.440516067877,9.684195021122));
#4664 = CARTESIAN_POINT('',(0.440521074278,9.825082936021));
#4665 = CARTESIAN_POINT('',(0.440524384825,9.966091726043));
#4666 = CARTESIAN_POINT('',(0.440524572709,10.239131103212));
#4667 = CARTESIAN_POINT('',(0.440521854239,10.37143560872));
#4668 = CARTESIAN_POINT('',(0.440514411042,10.503652890311));
#4669 = CARTESIAN_POINT('',(0.440503331562,10.635824723083));
#4670 = CARTESIAN_POINT('',(0.44049374731,10.768063569718));
#4671 = CARTESIAN_POINT('',(0.440491469421,10.90038879661));
#4672 = CARTESIAN_POINT('',(0.440498387666,11.144044704208));
#4673 = CARTESIAN_POINT('',(0.440505869085,11.255587154779));
#4674 = CARTESIAN_POINT('',(0.44051764794,11.367098251834));
#4675 = CARTESIAN_POINT('',(0.440530340993,11.47858891053));
#4676 = CARTESIAN_POINT('',(0.440538928771,11.59010512791));
#4677 = CARTESIAN_POINT('',(0.440539812456,11.701654756584));
#4678 = CARTESIAN_POINT('',(0.440530289239,11.93179657922));
#4679 = CARTESIAN_POINT('',(0.44051893313,12.050561932334));
#4680 = CARTESIAN_POINT('',(0.440504000613,12.169281048458));
#4681 = CARTESIAN_POINT('',(0.440489683379,12.287985617919));
#4682 = CARTESIAN_POINT('',(0.440495511815,12.406701407578));
#4683 = CARTESIAN_POINT('',(0.440506045386,12.525454328895));
#4684 = CARTESIAN_POINT('',(0.440511885446,12.644120949807));
#4685 = ( GEOMETRIC_REPRESENTATION_CONTEXT(2) 
PARAMETRIC_REPRESENTATION_CONTEXT() REPRESENTATION_CONTEXT('2D SPACE',''
  ) );
#4686 = ORIENTED_EDGE('',*,*,#4687,.T.);
#4687 = EDGE_CURVE('',#4524,#4177,#4688,.T.);
#4688 = SURFACE_CURVE('',#4689,(#4693,#4700),.PCURVE_S1.);
#4689 = LINE('',#4690,#4691);
#4690 = CARTESIAN_POINT('',(80.24999995,-54.5,49.0365));
#4691 = VECTOR('',#4692,1.);
#4692 = DIRECTION('',(1.,0.,1.110223024625E-16));
#4693 = PCURVE('',#1656,#4694);
#4694 = DEFINITIONAL_REPRESENTATION('',(#4695),#4699);
#4695 = LINE('',#4696,#4697);
#4696 = CARTESIAN_POINT('',(6.28318530718,-0.));
#4697 = VECTOR('',#4698,1.);
#4698 = DIRECTION('',(0.,1.));
#4699 = ( GEOMETRIC_REPRESENTATION_CONTEXT(2) 
PARAMETRIC_REPRESENTATION_CONTEXT() REPRESENTATION_CONTEXT('2D SPACE',''
  ) );
#4700 = PCURVE('',#4288,#4701);
#4701 = DEFINITIONAL_REPRESENTATION('',(#4702),#4706);
#4702 = LINE('',#4703,#4704);
#4703 = CARTESIAN_POINT('',(0.,-0.));
#4704 = VECTOR('',#4705,1.);
#4705 = DIRECTION('',(0.,1.));
#4706 = ( GEOMETRIC_REPRESENTATION_CONTEXT(2) 
PARAMETRIC_REPRESENTATION_CONTEXT() REPRESENTATION_CONTEXT('2D SPACE',''
  ) );
#4707 = ORIENTED_EDGE('',*,*,#4348,.F.);
#4708 = ORIENTED_EDGE('',*,*,#1640,.F.);
#4709 = ADVANCED_FACE('',(#4710),#1285,.F.);
#4710 = FACE_BOUND('',#4711,.F.);
#4711 = EDGE_LOOP('',(#4712,#4713,#4714,#4715,#4716,#4880,#5047,#5193,
    #5360,#5506,#5673,#5840,#6007,#6153,#6317,#6484,#6651,#6815,#6982,
    #7020));
#4712 = ORIENTED_EDGE('',*,*,#1883,.F.);
#4713 = ORIENTED_EDGE('',*,*,#1859,.T.);
#4714 = ORIENTED_EDGE('',*,*,#1159,.T.);
#4715 = ORIENTED_EDGE('',*,*,#4523,.T.);
#4716 = ORIENTED_EDGE('',*,*,#4717,.T.);
#4717 = EDGE_CURVE('',#4524,#4718,#4720,.T.);
#4718 = VERTEX_POINT('',#4719);
#4719 = CARTESIAN_POINT('',(82.905952692708,-54.5,49.0365));
#4720 = SURFACE_CURVE('',#4721,(#4772,#4826),.PCURVE_S1.);
#4721 = B_SPLINE_CURVE_WITH_KNOTS('',7,(#4722,#4723,#4724,#4725,#4726,
    #4727,#4728,#4729,#4730,#4731,#4732,#4733,#4734,#4735,#4736,#4737,
    #4738,#4739,#4740,#4741,#4742,#4743,#4744,#4745,#4746,#4747,#4748,
    #4749,#4750,#4751,#4752,#4753,#4754,#4755,#4756,#4757,#4758,#4759,
    #4760,#4761,#4762,#4763,#4764,#4765,#4766,#4767,#4768,#4769,#4770,
    #4771),.UNSPECIFIED.,.F.,.F.,(8,6,6,6,6,6,6,6,8),(0.,
    8.302798044121E-02,0.201911756512,0.345676778274,0.451851767333,
    0.617664014841,0.741453609505,0.879395381835,1.),.UNSPECIFIED.);
#4722 = CARTESIAN_POINT('',(82.205953737032,-54.5,49.0365));
#4723 = CARTESIAN_POINT('',(82.214254242835,-54.35399023282,49.0365));
#4724 = CARTESIAN_POINT('',(82.222555500142,-54.20793329519,
    49.049197872976));
#4725 = CARTESIAN_POINT('',(82.23085570219,-54.06321445971,
    49.07458501003));
#4726 = CARTESIAN_POINT('',(82.239154225021,-53.92116333944,
    49.11248803631));
#4727 = CARTESIAN_POINT('',(82.247451627482,-53.78305388791,
    49.16256881101));
#4728 = CARTESIAN_POINT('',(82.255749651224,-53.65010439912,
    49.224324427373));
#4729 = CARTESIAN_POINT('',(82.27593783919,-53.3421665453,
    49.401272749043));
#4730 = CARTESIAN_POINT('',(82.287831322318,-53.17376806538,
    49.528059318745));
#4731 = CARTESIAN_POINT('',(82.29972508392,-53.02177954753,
    49.675464824574));
#4732 = CARTESIAN_POINT('',(82.311616987387,-52.88913151265,
    49.840906943374));
#4733 = CARTESIAN_POINT('',(82.323508491259,-52.77828196113,
    50.021343758121));
#4734 = CARTESIAN_POINT('',(82.335399749667,-52.69115191895,
    50.213316852315));
#4735 = CARTESIAN_POINT('',(82.361648148909,-52.55362396638,
    50.654247083303));
#4736 = CARTESIAN_POINT('',(82.376027999959,-52.514585172,
    50.907186795173));
#4737 = CARTESIAN_POINT('',(82.390396978154,-52.51409809414,
    51.164779882776));
#4738 = CARTESIAN_POINT('',(82.404766375891,-52.55249597174,
    51.41998904001));
#4739 = CARTESIAN_POINT('',(82.419142505297,-52.62874920705,
    51.666030856224));
#4740 = CARTESIAN_POINT('',(82.433531207431,-52.74048326846,
    51.896296947491));
#4741 = CARTESIAN_POINT('',(82.458523432364,-52.989061995,
    52.258853993934));
#4742 = CARTESIAN_POINT('',(82.469140936011,-53.11181704491,
    52.4011737366));
#4743 = CARTESIAN_POINT('',(82.479758905655,-53.25008725496,
    52.529428223764));
#4744 = CARTESIAN_POINT('',(82.490376790274,-53.40194477694,
    52.641616622095));
#4745 = CARTESIAN_POINT('',(82.500993781073,-53.5651770912,
    52.736107344425));
#4746 = CARTESIAN_POINT('',(82.511608811493,-53.73728700676,
    52.811638049747));
#4747 = CARTESIAN_POINT('',(82.538792797254,-54.19379436244,
    52.95426669441));
#4748 = CARTESIAN_POINT('',(82.555392027594,-54.48765468252,
    52.993061091942));
#4749 = CARTESIAN_POINT('',(82.571969185718,-54.78625467283,
    52.980019630074));
#4750 = CARTESIAN_POINT('',(82.58854562177,-55.07872443059,
    52.915184161056));
#4751 = CARTESIAN_POINT('',(82.605126201299,-55.35484678708,
    52.800835697309));
#4752 = CARTESIAN_POINT('',(82.621727958015,-55.60479223771,
    52.641515205818));
#4753 = CARTESIAN_POINT('',(82.650677253521,-55.98122099683,
    52.298415006434));
#4754 = CARTESIAN_POINT('',(82.663057817987,-56.12321633645,
    52.130817307682));
#4755 = CARTESIAN_POINT('',(82.675433496267,-56.24287837067,
    51.945320269288));
#4756 = CARTESIAN_POINT('',(82.687807364929,-56.33761089811,
    51.745554737007));
#4757 = CARTESIAN_POINT('',(82.700184037559,-56.40552729613,
    51.535489665551));
#4758 = CARTESIAN_POINT('',(82.712567577963,-56.44543981847,
    51.319430806488));
#4759 = CARTESIAN_POINT('',(82.738738976509,-56.47021891062,
    50.859678047592));
#4760 = CARTESIAN_POINT('',(82.752544247582,-56.44828681668,
    50.61531152266));
#4761 = CARTESIAN_POINT('',(82.766345372942,-56.39094392883,
    50.375281380349));
#4762 = CARTESIAN_POINT('',(82.780143765648,-56.29932990209,
    50.145611595254));
#4763 = CARTESIAN_POINT('',(82.793945299005,-56.17570160535,
    49.931992400585));
#4764 = CARTESIAN_POINT('',(82.807748862391,-56.02339254356,
    49.739624650611));
#4765 = CARTESIAN_POINT('',(82.83359139662,-55.69310224292,
    49.427072840562));
#4766 = CARTESIAN_POINT('',(82.845651653789,-55.52052419916,
    49.30063721155));
#4767 = CARTESIAN_POINT('',(82.857707319769,-55.33249025361,
    49.196527912796));
#4768 = CARTESIAN_POINT('',(82.869763103806,-55.13250451943,
    49.116904857256));
#4769 = CARTESIAN_POINT('',(82.881825507566,-54.92437050296,
    49.063282575356));
#4770 = CARTESIAN_POINT('',(82.893893482243,-54.71211648567,49.0365));
#4771 = CARTESIAN_POINT('',(82.905952692708,-54.5,49.0365));
#4772 = PCURVE('',#1285,#4773);
#4773 = DEFINITIONAL_REPRESENTATION('',(#4774),#4825);
#4774 = B_SPLINE_CURVE_WITH_KNOTS('',7,(#4775,#4776,#4777,#4778,#4779,
    #4780,#4781,#4782,#4783,#4784,#4785,#4786,#4787,#4788,#4789,#4790,
    #4791,#4792,#4793,#4794,#4795,#4796,#4797,#4798,#4799,#4800,#4801,
    #4802,#4803,#4804,#4805,#4806,#4807,#4808,#4809,#4810,#4811,#4812,
    #4813,#4814,#4815,#4816,#4817,#4818,#4819,#4820,#4821,#4822,#4823,
    #4824),.UNSPECIFIED.,.F.,.F.,(8,6,6,6,6,6,6,6,8),(0.,
    8.302798044121E-02,0.201911756512,0.345676778274,0.451851767333,
    0.617664014841,0.741453609505,0.879395381835,1.),.UNSPECIFIED.);
#4775 = CARTESIAN_POINT('',(0.440511885446,12.644120949807));
#4776 = CARTESIAN_POINT('',(0.440515574074,12.719071710215));
#4777 = CARTESIAN_POINT('',(0.440516462243,12.794041543262));
#4778 = CARTESIAN_POINT('',(0.44051430207,12.869014655869));
#4779 = CARTESIAN_POINT('',(0.440509693619,12.943982590067));
#4780 = CARTESIAN_POINT('',(0.440504084899,13.018944222992));
#4781 = CARTESIAN_POINT('',(0.440499771865,13.093905766889));
#4782 = CARTESIAN_POINT('',(0.440500079619,13.276233872587));
#4783 = CARTESIAN_POINT('',(0.440506443611,13.383622847076));
#4784 = CARTESIAN_POINT('',(0.44052009777,13.490983667351));
#4785 = CARTESIAN_POINT('',(0.440533097675,13.598330584812));
#4786 = CARTESIAN_POINT('',(0.440539532292,13.705701693866));
#4787 = CARTESIAN_POINT('',(0.440539282813,13.813098854594));
#4788 = CARTESIAN_POINT('',(0.440528617017,14.050206798273));
#4789 = CARTESIAN_POINT('',(0.440516078394,14.180131657638));
#4790 = CARTESIAN_POINT('',(0.440500171236,14.309972513152));
#4791 = CARTESIAN_POINT('',(0.440490303008,14.43979159561));
#4792 = CARTESIAN_POINT('',(0.440489780391,14.569631959236));
#4793 = CARTESIAN_POINT('',(0.440494722862,14.699562763562));
#4794 = CARTESIAN_POINT('',(0.440506959523,14.925228545001));
#4795 = CARTESIAN_POINT('',(0.440513432907,15.021093260816));
#4796 = CARTESIAN_POINT('',(0.4405193013,15.116964743146));
#4797 = CARTESIAN_POINT('',(0.440523395573,15.212842959714));
#4798 = CARTESIAN_POINT('',(0.440525257687,15.308722544734));
#4799 = CARTESIAN_POINT('',(0.440525140688,15.404592798909));
#4800 = CARTESIAN_POINT('',(0.440522240927,15.650117542018));
#4801 = CARTESIAN_POINT('',(0.440518003452,15.800051625306));
#4802 = CARTESIAN_POINT('',(0.440514097241,15.94978499731));
#4803 = CARTESIAN_POINT('',(0.44051669302,16.099484399682));
#4804 = CARTESIAN_POINT('',(0.440522716576,16.249206720185));
#4805 = CARTESIAN_POINT('',(0.440525571139,16.399133638362));
#4806 = CARTESIAN_POINT('',(0.440523221403,16.660599412418));
#4807 = CARTESIAN_POINT('',(0.440519846401,16.772428833303));
#4808 = CARTESIAN_POINT('',(0.440513565615,16.884226374536));
#4809 = CARTESIAN_POINT('',(0.44050494585,16.996017437646));
#4810 = CARTESIAN_POINT('',(0.440497287895,17.107829768078));
#4811 = CARTESIAN_POINT('',(0.440493438705,17.219688063118));
#4812 = CARTESIAN_POINT('',(0.440494461614,17.456050995575));
#4813 = CARTESIAN_POINT('',(0.440500276446,17.580708924747));
#4814 = CARTESIAN_POINT('',(0.440512747655,17.705301351583));
#4815 = CARTESIAN_POINT('',(0.440528257255,17.82985631927));
#4816 = CARTESIAN_POINT('',(0.440539497383,17.954457701148));
#4817 = CARTESIAN_POINT('',(0.440540398065,18.079121039822));
#4818 = CARTESIAN_POINT('',(0.440529669349,18.312563516703));
#4819 = CARTESIAN_POINT('',(0.440519761722,18.421527652925));
#4820 = CARTESIAN_POINT('',(0.440505202218,18.530469869825));
#4821 = CARTESIAN_POINT('',(0.440494628487,18.639396208393));
#4822 = CARTESIAN_POINT('',(0.44049424334,18.74833921109));
#4823 = CARTESIAN_POINT('',(0.440502281553,18.857296989902));
#4824 = CARTESIAN_POINT('',(0.440508764858,18.966182608856));
#4825 = ( GEOMETRIC_REPRESENTATION_CONTEXT(2) 
PARAMETRIC_REPRESENTATION_CONTEXT() REPRESENTATION_CONTEXT('2D SPACE',''
  ) );
#4826 = PCURVE('',#4288,#4827);
#4827 = DEFINITIONAL_REPRESENTATION('',(#4828),#4879);
#4828 = B_SPLINE_CURVE_WITH_KNOTS('',7,(#4829,#4830,#4831,#4832,#4833,
    #4834,#4835,#4836,#4837,#4838,#4839,#4840,#4841,#4842,#4843,#4844,
    #4845,#4846,#4847,#4848,#4849,#4850,#4851,#4852,#4853,#4854,#4855,
    #4856,#4857,#4858,#4859,#4860,#4861,#4862,#4863,#4864,#4865,#4866,
    #4867,#4868,#4869,#4870,#4871,#4872,#4873,#4874,#4875,#4876,#4877,
    #4878),.UNSPECIFIED.,.F.,.F.,(8,6,6,6,6,6,6,6,8),(0.,
    8.302798044121E-02,0.201911756512,0.345676778274,0.451851767333,
    0.617664014841,0.741453609505,0.879395381835,1.),.UNSPECIFIED.);
#4829 = CARTESIAN_POINT('',(0.,1.955953787032));
#4830 = CARTESIAN_POINT('',(7.44947791699E-02,1.964254292835));
#4831 = CARTESIAN_POINT('',(0.149006305673,1.972555550142));
#4832 = CARTESIAN_POINT('',(0.223521045707,1.98085575219));
#4833 = CARTESIAN_POINT('',(0.2980314599,1.989154275021));
#4834 = CARTESIAN_POINT('',(0.372536003312,1.997451677482));
#4835 = CARTESIAN_POINT('',(0.447039125433,2.005749701224));
#4836 = CARTESIAN_POINT('',(0.628241630275,2.02593788919));
#4837 = CARTESIAN_POINT('',(0.734963652808,2.037831372318));
#4838 = CARTESIAN_POINT('',(0.841657422363,2.04972513392));
#4839 = CARTESIAN_POINT('',(0.948340805824,2.061617037387));
#4840 = CARTESIAN_POINT('',(1.055051853996,2.073508541259));
#4841 = CARTESIAN_POINT('',(1.161789766887,2.085399799667));
#4842 = CARTESIAN_POINT('',(1.397442978304,2.111648198909));
#4843 = CARTESIAN_POINT('',(1.52657106301,2.126028049959));
#4844 = CARTESIAN_POINT('',(1.655614015831,2.140397028154));
#4845 = CARTESIAN_POINT('',(1.78463264913,2.154766425891));
#4846 = CARTESIAN_POINT('',(1.913672985689,2.169142555297));
#4847 = CARTESIAN_POINT('',(2.04280472374,2.183531257431));
#4848 = CARTESIAN_POINT('',(2.267085119591,2.208523482364));
#4849 = CARTESIAN_POINT('',(2.362362231898,2.219140986011));
#4850 = CARTESIAN_POINT('',(2.457646574988,2.229758955655));
#4851 = CARTESIAN_POINT('',(2.552937692523,2.240376840274));
#4852 = CARTESIAN_POINT('',(2.648229817232,2.250993831073));
#4853 = CARTESIAN_POINT('',(2.743511870911,2.261608861493));
#4854 = CARTESIAN_POINT('',(2.987527018708,2.288792847254));
#4855 = CARTESIAN_POINT('',(3.136536568319,2.305392077594));
#4856 = CARTESIAN_POINT('',(3.285343555994,2.321969235718));
#4857 = CARTESIAN_POINT('',(3.434115562513,2.33854567177));
#4858 = CARTESIAN_POINT('',(3.582914082264,2.355126251299));
#4859 = CARTESIAN_POINT('',(3.731919361937,2.371728008015));
#4860 = CARTESIAN_POINT('',(3.991781260547,2.400677303521));
#4861 = CARTESIAN_POINT('',(4.102925787971,2.413057867987));
#4862 = CARTESIAN_POINT('',(4.214039097583,2.425433546267));
#4863 = CARTESIAN_POINT('',(4.325145306348,2.437807414929));
#4864 = CARTESIAN_POINT('',(4.436271049647,2.450184087559));
#4865 = CARTESIAN_POINT('',(4.547441332993,2.462567627963));
#4866 = CARTESIAN_POINT('',(4.782349510842,2.488739026509));
#4867 = CARTESIAN_POINT('',(4.90623969555,2.502544297582));
#4868 = CARTESIAN_POINT('',(5.030064976392,2.516345422942));
#4869 = CARTESIAN_POINT('',(5.153855394985,2.530143815648));
#4870 = CARTESIAN_POINT('',(5.277693783816,2.543945349005));
#4871 = CARTESIAN_POINT('',(5.401592465488,2.557748912391));
#4872 = CARTESIAN_POINT('',(5.633598096974,2.58359144662));
#4873 = CARTESIAN_POINT('',(5.741889421889,2.595651703789));
#4874 = CARTESIAN_POINT('',(5.850156720845,2.607707369769));
#4875 = CARTESIAN_POINT('',(5.958404630493,2.619763153806));
#4876 = CARTESIAN_POINT('',(6.066671189547,2.631825557566));
#4877 = CARTESIAN_POINT('',(6.174962610406,2.643893532243));
#4878 = CARTESIAN_POINT('',(6.28318530718,2.655952742708));
#4879 = ( GEOMETRIC_REPRESENTATION_CONTEXT(2) 
PARAMETRIC_REPRESENTATION_CONTEXT() REPRESENTATION_CONTEXT('2D SPACE',''
  ) );
#4880 = ORIENTED_EDGE('',*,*,#4881,.T.);
#4881 = EDGE_CURVE('',#4718,#4882,#4884,.T.);
#4882 = VERTEX_POINT('',#4883);
#4883 = CARTESIAN_POINT('',(83.605951442976,-54.5,49.0365));
#4884 = SURFACE_CURVE('',#4885,(#4937,#4992),.PCURVE_S1.);
#4885 = B_SPLINE_CURVE_WITH_KNOTS('',8,(#4886,#4887,#4888,#4889,#4890,
    #4891,#4892,#4893,#4894,#4895,#4896,#4897,#4898,#4899,#4900,#4901,
    #4902,#4903,#4904,#4905,#4906,#4907,#4908,#4909,#4910,#4911,#4912,
    #4913,#4914,#4915,#4916,#4917,#4918,#4919,#4920,#4921,#4922,#4923,
    #4924,#4925,#4926,#4927,#4928,#4929,#4930,#4931,#4932,#4933,#4934,
    #4935,#4936),.UNSPECIFIED.,.F.,.F.,(9,7,7,7,7,7,7,9),(0.,
    8.160910480996E-02,0.212434483443,0.348026940003,0.532463386178,
    0.686197465178,0.877464726278,1.),.UNSPECIFIED.);
#4886 = CARTESIAN_POINT('',(82.905952692708,-54.5,49.0365));
#4887 = CARTESIAN_POINT('',(82.913088456468,-54.37448488973,49.0365));
#4888 = CARTESIAN_POINT('',(82.920226898613,-54.24890998911,
    49.045700120546));
#4889 = CARTESIAN_POINT('',(82.927364830797,-54.12412210401,
    49.064086228757));
#4890 = CARTESIAN_POINT('',(82.934500489622,-54.00093086186,
    49.091571851887));
#4891 = CARTESIAN_POINT('',(82.941633536633,-53.88010871161,
    49.127998177322));
#4892 = CARTESIAN_POINT('',(82.948765058321,-53.76239092373,
    49.17313405258));
#4893 = CARTESIAN_POINT('',(82.955897566123,-53.64847559021,
    49.226675985313));
#4894 = CARTESIAN_POINT('',(82.97447682051,-53.3635640986,
    49.386952827073));
#4895 = CARTESIAN_POINT('',(82.985924710998,-53.1996380951,
    49.506284769407));
#4896 = CARTESIAN_POINT('',(82.997374107797,-53.05018092069,
    49.644616204403));
#4897 = CARTESIAN_POINT('',(83.008822874496,-52.91770634019,
    49.799875999035));
#4898 = CARTESIAN_POINT('',(83.020271442187,-52.80436481945,
    49.969640418502));
#4899 = CARTESIAN_POINT('',(83.031721104774,-52.71193624676,
    50.151182092872));
#4900 = CARTESIAN_POINT('',(83.04317046576,-52.64175713297,
    50.341477185011));
#4901 = CARTESIAN_POINT('',(83.066466447831,-52.54568846771,
    50.739995111004));
#4902 = CARTESIAN_POINT('',(83.078328351103,-52.52143810814,
    50.948896539546));
#4903 = CARTESIAN_POINT('',(83.090185829917,-52.52277275477,
    51.160199310266));
#4904 = CARTESIAN_POINT('',(83.102041279632,-52.54987760725,
    51.370230727521));
#4905 = CARTESIAN_POINT('',(83.113898926299,-52.6023446416,
    51.575399986831));
#4906 = CARTESIAN_POINT('',(83.125761645265,-52.67922415967,
    51.772217198555));
#4907 = CARTESIAN_POINT('',(83.137628628436,-52.77897998843,
    51.957332814002));
#4908 = CARTESIAN_POINT('',(83.165618130936,-53.06311245394,
    52.359385283139));
#4909 = CARTESIAN_POINT('',(83.181786364501,-53.26556283933,
    52.564521921977));
#4910 = CARTESIAN_POINT('',(83.197933834625,-53.50120291402,
    52.734658316409));
#4911 = CARTESIAN_POINT('',(83.214065254281,-53.76266555953,
    52.863934527614));
#4912 = CARTESIAN_POINT('',(83.23019239485,-54.0418981402,52.94812992459
    ));
#4913 = CARTESIAN_POINT('',(83.246330446218,-54.3301400401,
    52.984868606267));
#4914 = CARTESIAN_POINT('',(83.262490387799,-54.61807721048,
    52.973413358221));
#4915 = CARTESIAN_POINT('',(83.292066459793,-55.1276592848,
    52.868288838494));
#4916 = CARTESIAN_POINT('',(83.305529540244,-55.35301674479,
    52.788486898138));
#4917 = CARTESIAN_POINT('',(83.318985968053,-55.56648679342,
    52.677686008893));
#4918 = CARTESIAN_POINT('',(83.332435209025,-55.76312405501,
    52.538112493663));
#4919 = CARTESIAN_POINT('',(83.345881106239,-55.9386010462,
    52.372773001493));
#4920 = CARTESIAN_POINT('',(83.359328869554,-56.08916512927,
    52.185333046385));
#4921 = CARTESIAN_POINT('',(83.372782438098,-56.21171849302,
    51.980161141163));
#4922 = CARTESIAN_POINT('',(83.402952200333,-56.41918013687,
    51.49145688172));
#4923 = CARTESIAN_POINT('',(83.419716448363,-56.48796134905,
    51.20015582494));
#4924 = CARTESIAN_POINT('',(83.436458488182,-56.50574634383,
    50.898680021487));
#4925 = CARTESIAN_POINT('',(83.45319241595,-56.47143721374,
    50.597464773263));
#4926 = CARTESIAN_POINT('',(83.469934051633,-56.38590826994,
    50.306615452956));
#4927 = CARTESIAN_POINT('',(83.486687786917,-56.25228248465,
    50.035782130917));
#4928 = CARTESIAN_POINT('',(83.503460368393,-56.0756273612,
    49.794156119008));
#4929 = CARTESIAN_POINT('',(83.530906588761,-55.72892047456,
    49.458023106332));
#4930 = CARTESIAN_POINT('',(83.541627153322,-55.5790396331,
    49.341590496651));
#4931 = CARTESIAN_POINT('',(83.552345060704,-55.41662628885,
    49.241931804021));
#4932 = CARTESIAN_POINT('',(83.563061227828,-55.24390124648,
    49.160589633221));
#4933 = CARTESIAN_POINT('',(83.573779777489,-55.06326104532,
    49.098744868689));
#4934 = CARTESIAN_POINT('',(83.584503832436,-54.87725112517,
    49.05723186384));
#4935 = CARTESIAN_POINT('',(83.595231323338,-54.68855979861,49.0365));
#4936 = CARTESIAN_POINT('',(83.605951442976,-54.5,49.0365));
#4937 = PCURVE('',#1285,#4938);
#4938 = DEFINITIONAL_REPRESENTATION('',(#4939),#4991);
#4939 = B_SPLINE_CURVE_WITH_KNOTS('',8,(#4940,#4941,#4942,#4943,#4944,
    #4945,#4946,#4947,#4948,#4949,#4950,#4951,#4952,#4953,#4954,#4955,
    #4956,#4957,#4958,#4959,#4960,#4961,#4962,#4963,#4964,#4965,#4966,
    #4967,#4968,#4969,#4970,#4971,#4972,#4973,#4974,#4975,#4976,#4977,
    #4978,#4979,#4980,#4981,#4982,#4983,#4984,#4985,#4986,#4987,#4988,
    #4989,#4990),.UNSPECIFIED.,.F.,.F.,(9,7,7,7,7,7,7,9),(0.,
    8.160910480996E-02,0.212434483443,0.348026940003,0.532463386178,
    0.686197465178,0.877464726278,1.),.UNSPECIFIED.);
#4940 = CARTESIAN_POINT('',(0.440508764858,18.966182608856));
#4941 = CARTESIAN_POINT('',(0.440512601206,19.030613199555));
#4942 = CARTESIAN_POINT('',(0.440515739655,19.095071324821));
#4943 = CARTESIAN_POINT('',(0.440516913999,19.159533231413));
#4944 = CARTESIAN_POINT('',(0.440515597383,19.223985010889));
#4945 = CARTESIAN_POINT('',(0.440512002303,19.288422599611));
#4946 = CARTESIAN_POINT('',(0.440507080606,19.352851778746));
#4947 = CARTESIAN_POINT('',(0.440502523492,19.417288174261));
#4948 = CARTESIAN_POINT('',(0.440497936922,19.585105923343));
#4949 = CARTESIAN_POINT('',(0.440499904635,19.688489061384));
#4950 = CARTESIAN_POINT('',(0.440510112405,19.791851082483));
#4951 = CARTESIAN_POINT('',(0.440523839149,19.895192664917));
#4952 = CARTESIAN_POINT('',(0.440534980654,19.99854346106));
#4953 = CARTESIAN_POINT('',(0.440539992276,20.101930093173));
#4954 = CARTESIAN_POINT('',(0.440538988653,20.20533943773));
#4955 = CARTESIAN_POINT('',(0.440528830392,20.415780429756));
#4956 = CARTESIAN_POINT('',(0.440519319947,20.52295160225));
#4957 = CARTESIAN_POINT('',(0.440507345236,20.630093207022));
#4958 = CARTESIAN_POINT('',(0.440497019079,20.737209492226));
#4959 = CARTESIAN_POINT('',(0.440491397772,20.844325714959));
#4960 = CARTESIAN_POINT('',(0.440491040672,20.951465487554));
#4961 = CARTESIAN_POINT('',(0.440494345382,21.058628287875));
#4962 = CARTESIAN_POINT('',(0.440506703525,21.311363497099));
#4963 = CARTESIAN_POINT('',(0.440517389076,21.457341873221));
#4964 = CARTESIAN_POINT('',(0.440527232741,21.603136285833));
#4965 = CARTESIAN_POINT('',(0.440529862393,21.748816238337));
#4966 = CARTESIAN_POINT('',(0.440525050127,21.894489019563));
#4967 = CARTESIAN_POINT('',(0.440520152715,22.040260743953));
#4968 = CARTESIAN_POINT('',(0.440517731754,22.186219733798));
#4969 = CARTESIAN_POINT('',(0.440517858686,22.453335957038));
#4970 = CARTESIAN_POINT('',(0.440519633932,22.57492048321));
#4971 = CARTESIAN_POINT('',(0.440523104853,22.696437752998));
#4972 = CARTESIAN_POINT('',(0.440526731076,22.817889433693));
#4973 = CARTESIAN_POINT('',(0.440527476297,22.939323048099));
#4974 = CARTESIAN_POINT('',(0.440523670171,23.060792704505));
#4975 = CARTESIAN_POINT('',(0.440516985519,23.182326927253));
#4976 = CARTESIAN_POINT('',(0.440500875537,23.45487335944));
#4977 = CARTESIAN_POINT('',(0.440491135438,23.606320899333));
#4978 = CARTESIAN_POINT('',(0.440485532574,23.757550419664));
#4979 = CARTESIAN_POINT('',(0.440490187111,23.908663426091));
#4980 = CARTESIAN_POINT('',(0.440511630663,24.05977524309));
#4981 = CARTESIAN_POINT('',(0.44053179333,24.211001826528));
#4982 = CARTESIAN_POINT('',(0.440539723358,24.362450260341));
#4983 = CARTESIAN_POINT('',(0.440535100239,24.610350738095));
#4984 = CARTESIAN_POINT('',(0.440528830168,24.707200116908));
#4985 = CARTESIAN_POINT('',(0.440518665175,24.804041883385));
#4986 = CARTESIAN_POINT('',(0.440506166404,24.900877706553));
#4987 = CARTESIAN_POINT('',(0.440496849704,24.997721520899));
#4988 = CARTESIAN_POINT('',(0.440495218439,25.0945825341));
#4989 = CARTESIAN_POINT('',(0.440499707206,25.191448753335));
#4990 = CARTESIAN_POINT('',(0.44050537801,25.288243636112));
#4991 = ( GEOMETRIC_REPRESENTATION_CONTEXT(2) 
PARAMETRIC_REPRESENTATION_CONTEXT() REPRESENTATION_CONTEXT('2D SPACE',''
  ) );
#4992 = PCURVE('',#4117,#4993);
#4993 = DEFINITIONAL_REPRESENTATION('',(#4994),#5046);
#4994 = B_SPLINE_CURVE_WITH_KNOTS('',8,(#4995,#4996,#4997,#4998,#4999,
    #5000,#5001,#5002,#5003,#5004,#5005,#5006,#5007,#5008,#5009,#5010,
    #5011,#5012,#5013,#5014,#5015,#5016,#5017,#5018,#5019,#5020,#5021,
    #5022,#5023,#5024,#5025,#5026,#5027,#5028,#5029,#5030,#5031,#5032,
    #5033,#5034,#5035,#5036,#5037,#5038,#5039,#5040,#5041,#5042,#5043,
    #5044,#5045),.UNSPECIFIED.,.F.,.F.,(9,7,7,7,7,7,7,9),(0.,
    8.160910480996E-02,0.212434483443,0.348026940003,0.532463386178,
    0.686197465178,0.877464726278,1.),.UNSPECIFIED.);
#4995 = CARTESIAN_POINT('',(0.,2.655952742708));
#4996 = CARTESIAN_POINT('',(6.403832156295E-02,2.663088506468));
#4997 = CARTESIAN_POINT('',(0.128102661664,2.670226948613));
#4998 = CARTESIAN_POINT('',(0.192170730325,2.677364880797));
#4999 = CARTESIAN_POINT('',(0.256229384348,2.684500539622));
#5000 = CARTESIAN_POINT('',(0.32027462732,2.691633586633));
#5001 = CARTESIAN_POINT('',(0.384311609607,2.698765108321));
#5002 = CARTESIAN_POINT('',(0.448354628358,2.705897616123));
#5003 = CARTESIAN_POINT('',(0.615140041464,2.72447687051));
#5004 = CARTESIAN_POINT('',(0.717882503422,2.735924760998));
#5005 = CARTESIAN_POINT('',(0.820601600018,2.747374157797));
#5006 = CARTESIAN_POINT('',(0.923301877394,2.758822924496));
#5007 = CARTESIAN_POINT('',(1.026014888982,2.770271492187));
#5008 = CARTESIAN_POINT('',(1.128766359556,2.781721154774));
#5009 = CARTESIAN_POINT('',(1.23154096555,2.79317051576));
#5010 = CARTESIAN_POINT('',(1.440690866869,2.816466497831));
#5011 = CARTESIAN_POINT('',(1.547204692462,2.828328401103));
#5012 = CARTESIAN_POINT('',(1.653688274839,2.840185879917));
#5013 = CARTESIAN_POINT('',(1.760145228276,2.852041329632));
#5014 = CARTESIAN_POINT('',(1.866601342759,2.863898976299));
#5015 = CARTESIAN_POINT('',(1.9730812272,2.875761695264));
#5016 = CARTESIAN_POINT('',(2.079584878845,2.887628678436));
#5017 = CARTESIAN_POINT('',(2.330767756154,2.915618180936));
#5018 = CARTESIAN_POINT('',(2.475851255772,2.931786414501));
#5019 = CARTESIAN_POINT('',(2.620753765595,2.947933884625));
#5020 = CARTESIAN_POINT('',(2.765542848205,2.964065304281));
#5021 = CARTESIAN_POINT('',(2.910321084202,2.98019244485));
#5022 = CARTESIAN_POINT('',(3.055193766126,2.996330496218));
#5023 = CARTESIAN_POINT('',(3.200250718083,3.012490437799));
#5024 = CARTESIAN_POINT('',(3.46571625845,3.042066509793));
#5025 = CARTESIAN_POINT('',(3.58654949016,3.055529590244));
#5026 = CARTESIAN_POINT('',(3.707316991655,3.068986018053));
#5027 = CARTESIAN_POINT('',(3.828021671972,3.082435259025));
#5028 = CARTESIAN_POINT('',(3.948710769546,3.095881156239));
#5029 = CARTESIAN_POINT('',(4.069436891154,3.109328919554));
#5030 = CARTESIAN_POINT('',(4.190226948199,3.122782488098));
#5031 = CARTESIAN_POINT('',(4.461102644743,3.152952250333));
#5032 = CARTESIAN_POINT('',(4.611620452256,3.169716498363));
#5033 = CARTESIAN_POINT('',(4.761919057745,3.186458538182));
#5034 = CARTESIAN_POINT('',(4.912099150351,3.203192465949));
#5035 = CARTESIAN_POINT('',(5.06227996215,3.219934101633));
#5036 = CARTESIAN_POINT('',(5.212580232775,3.236687836917));
#5037 = CARTESIAN_POINT('',(5.36310074059,3.253460418393));
#5038 = CARTESIAN_POINT('',(5.609477582382,3.280906638761));
#5039 = CARTESIAN_POINT('',(5.70573051199,3.291627203322));
#5040 = CARTESIAN_POINT('',(5.801973907422,3.302345110704));
#5041 = CARTESIAN_POINT('',(5.898209053178,3.313061277828));
#5042 = CARTESIAN_POINT('',(5.99445037931,3.323779827489));
#5043 = CARTESIAN_POINT('',(6.090710247396,3.334503882436));
#5044 = CARTESIAN_POINT('',(6.186981328295,3.345231373338));
#5045 = CARTESIAN_POINT('',(6.28318530718,3.355951492976));
#5046 = ( GEOMETRIC_REPRESENTATION_CONTEXT(2) 
PARAMETRIC_REPRESENTATION_CONTEXT() REPRESENTATION_CONTEXT('2D SPACE',''
  ) );
#5047 = ORIENTED_EDGE('',*,*,#5048,.T.);
#5048 = EDGE_CURVE('',#4882,#5049,#5051,.T.);
#5049 = VERTEX_POINT('',#5050);
#5050 = CARTESIAN_POINT('',(84.305950230359,-54.5,49.0365));
#5051 = SURFACE_CURVE('',#5052,(#5097,#5145),.PCURVE_S1.);
#5052 = B_SPLINE_CURVE_WITH_KNOTS('',8,(#5053,#5054,#5055,#5056,#5057,
    #5058,#5059,#5060,#5061,#5062,#5063,#5064,#5065,#5066,#5067,#5068,
    #5069,#5070,#5071,#5072,#5073,#5074,#5075,#5076,#5077,#5078,#5079,
    #5080,#5081,#5082,#5083,#5084,#5085,#5086,#5087,#5088,#5089,#5090,
    #5091,#5092,#5093,#5094,#5095,#5096),.UNSPECIFIED.,.F.,.F.,(9,7,7,7,
    7,7,9),(0.,0.158730926077,0.343902080485,0.509915159882,
    0.69782012366,0.84537246845,1.),.UNSPECIFIED.);
#5053 = CARTESIAN_POINT('',(83.605951442976,-54.5,49.0365));
#5054 = CARTESIAN_POINT('',(83.61983521901,-54.25579358239,49.0365));
#5055 = CARTESIAN_POINT('',(83.633734856373,-54.01127737821,
    49.071274973788));
#5056 = CARTESIAN_POINT('',(83.647634160851,-53.77270999338,
    49.140968148782));
#5057 = CARTESIAN_POINT('',(83.661485848144,-53.54580612611,
    49.244244600574));
#5058 = CARTESIAN_POINT('',(83.675379803304,-53.33600878541,
    49.378779203321));
#5059 = CARTESIAN_POINT('',(83.689268986332,-53.14802621269,
    49.541342212953));
#5060 = CARTESIAN_POINT('',(83.703173572212,-52.98615298755,
    49.727833876735));
#5061 = CARTESIAN_POINT('',(83.733262247049,-52.69903831307,
    50.172297693332));
#5062 = CARTESIAN_POINT('',(83.749492341064,-52.58390354251,
    50.43775955525));
#5063 = CARTESIAN_POINT('',(83.765694768547,-52.51397383539,
    50.721048180687));
#5064 = CARTESIAN_POINT('',(83.781878195987,-52.49195175567,
    51.013099406928));
#5065 = CARTESIAN_POINT('',(83.798064225356,-52.51878460349,
    51.304773115733));
#5066 = CARTESIAN_POINT('',(83.81426792638,-52.59341416026,
    51.58692852118));
#5067 = CARTESIAN_POINT('',(83.830496043894,-52.71297111982,
    51.850474517367));
#5068 = CARTESIAN_POINT('',(83.861208577756,-53.0135952875,
    52.299352111994));
#5069 = CARTESIAN_POINT('',(83.875751435573,-53.18752643194,
    52.49071323181));
#5070 = CARTESIAN_POINT('',(83.890284769931,-53.38944820151,
    52.655156534231));
#5071 = CARTESIAN_POINT('',(83.904808473903,-53.61430349033,
    52.788086624069));
#5072 = CARTESIAN_POINT('',(83.919328164892,-53.85643712546,
    52.886005535301));
#5073 = CARTESIAN_POINT('',(83.933852569251,-54.10964175936,
    52.946584614455));
#5074 = CARTESIAN_POINT('',(83.948387584802,-54.36725306179,
    52.968609868085));
#5075 = CARTESIAN_POINT('',(83.979337264548,-54.91071474128,
    52.93466740614));
#5076 = CARTESIAN_POINT('',(83.995808399212,-55.19688958151,
    52.867964014864));
#5077 = CARTESIAN_POINT('',(84.012259330031,-55.47003632171,
    52.75285152573));
#5078 = CARTESIAN_POINT('',(84.028698724387,-55.72079926957,
    52.592766834253));
#5079 = CARTESIAN_POINT('',(84.045135205628,-55.94094267437,
    52.392692526736));
#5080 = CARTESIAN_POINT('',(84.061578880167,-56.12354161586,
    52.159286573133));
#5081 = CARTESIAN_POINT('',(84.078042044589,-56.26287138928,
    51.90064117419));
#5082 = CARTESIAN_POINT('',(84.107372131553,-56.42887609908,
    51.411925158675));
#5083 = CARTESIAN_POINT('',(84.120283062265,-56.47349418638,
    51.18712085515));
#5084 = CARTESIAN_POINT('',(84.133189650226,-56.48805420644,
    50.957140496467));
#5085 = CARTESIAN_POINT('',(84.14609252402,-56.47198459466,
    50.726669760201));
#5086 = CARTESIAN_POINT('',(84.158998302405,-56.42554892361,
    50.500361498756));
#5087 = CARTESIAN_POINT('',(84.171912025075,-56.34975104134,
    50.282761913248));
#5088 = CARTESIAN_POINT('',(84.184830960742,-56.2463969129,
    50.078217004038));
#5089 = CARTESIAN_POINT('',(84.211267607335,-55.98408775625,
    49.69431292898));
#5090 = CARTESIAN_POINT('',(84.224805190201,-55.82249271779,
    49.516319116855));
#5091 = CARTESIAN_POINT('',(84.238331917266,-55.63665654665,
    49.361522118702));
#5092 = CARTESIAN_POINT('',(84.251847992811,-55.43056935255,
    49.233661385368));
#5093 = CARTESIAN_POINT('',(84.26536274081,-55.20872762549,
    49.135621309843));
#5094 = CARTESIAN_POINT('',(84.278887502203,-54.97605153179,
    49.069501567312));
#5095 = CARTESIAN_POINT('',(84.292425399509,-54.73789889267,49.0365));
#5096 = CARTESIAN_POINT('',(84.305950230359,-54.5,49.0365));
#5097 = PCURVE('',#1285,#5098);
#5098 = DEFINITIONAL_REPRESENTATION('',(#5099),#5144);
#5099 = B_SPLINE_CURVE_WITH_KNOTS('',8,(#5100,#5101,#5102,#5103,#5104,
    #5105,#5106,#5107,#5108,#5109,#5110,#5111,#5112,#5113,#5114,#5115,
    #5116,#5117,#5118,#5119,#5120,#5121,#5122,#5123,#5124,#5125,#5126,
    #5127,#5128,#5129,#5130,#5131,#5132,#5133,#5134,#5135,#5136,#5137,
    #5138,#5139,#5140,#5141,#5142,#5143),.UNSPECIFIED.,.F.,.F.,(9,7,7,7,
    7,7,9),(0.,0.158730926077,0.343902080485,0.509915159882,
    0.69782012366,0.84537246845,1.),.UNSPECIFIED.);
#5100 = CARTESIAN_POINT('',(0.44050537801,25.288243636112));
#5101 = CARTESIAN_POINT('',(0.440512722346,25.413604034984));
#5102 = CARTESIAN_POINT('',(0.440520855652,25.539103679015));
#5103 = CARTESIAN_POINT('',(0.440530215443,25.664603069335));
#5104 = CARTESIAN_POINT('',(0.440483892189,25.789892360857));
#5105 = CARTESIAN_POINT('',(0.440492542494,25.915343501205));
#5106 = CARTESIAN_POINT('',(0.440498547306,26.040756387357));
#5107 = CARTESIAN_POINT('',(0.440512620104,26.166276485407));
#5108 = CARTESIAN_POINT('',(0.440536491072,26.437921700173));
#5109 = CARTESIAN_POINT('',(0.440545995666,26.584463895549));
#5110 = CARTESIAN_POINT('',(0.440542460115,26.730811408677));
#5111 = CARTESIAN_POINT('',(0.440520818392,26.877063775084));
#5112 = CARTESIAN_POINT('',(0.440501192523,27.023331066994));
#5113 = CARTESIAN_POINT('',(0.440491616558,27.169715447463));
#5114 = CARTESIAN_POINT('',(0.44049121078,27.316281565721));
#5115 = CARTESIAN_POINT('',(0.440500598772,27.593622418514));
#5116 = CARTESIAN_POINT('',(0.440509348759,27.724929381445));
#5117 = CARTESIAN_POINT('',(0.440519714097,27.856143504894));
#5118 = CARTESIAN_POINT('',(0.440526855348,27.98728428277));
#5119 = CARTESIAN_POINT('',(0.440527638044,28.118415701185));
#5120 = CARTESIAN_POINT('',(0.440524984995,28.249604233817));
#5121 = CARTESIAN_POINT('',(0.440521741649,28.380891123661));
#5122 = CARTESIAN_POINT('',(0.440517096284,28.660433235561));
#5123 = CARTESIAN_POINT('',(0.440515995083,28.809197205826));
#5124 = CARTESIAN_POINT('',(0.44051850773,28.957763446865));
#5125 = CARTESIAN_POINT('',(0.440525314926,29.106207335805));
#5126 = CARTESIAN_POINT('',(0.440529774829,29.254634777012));
#5127 = CARTESIAN_POINT('',(0.44052607634,29.403161581714));
#5128 = CARTESIAN_POINT('',(0.440517566638,29.551884694582));
#5129 = CARTESIAN_POINT('',(0.440501804835,29.816846123124));
#5130 = CARTESIAN_POINT('',(0.440494754334,29.933481048739));
#5131 = CARTESIAN_POINT('',(0.440489402595,30.050069591019));
#5132 = CARTESIAN_POINT('',(0.440489447954,30.166601828426));
#5133 = CARTESIAN_POINT('',(0.440496432838,30.283131038854));
#5134 = CARTESIAN_POINT('',(0.44050825708,30.39971160872));
#5135 = CARTESIAN_POINT('',(0.440520242444,30.516338611385));
#5136 = CARTESIAN_POINT('',(0.440537662102,30.755028133137));
#5137 = CARTESIAN_POINT('',(0.440542653015,30.877271998807));
#5138 = CARTESIAN_POINT('',(0.440540688703,30.999447158394));
#5139 = CARTESIAN_POINT('',(0.440526823733,31.121576291075));
#5140 = CARTESIAN_POINT('',(0.44050754813,31.243716145931));
#5141 = CARTESIAN_POINT('',(0.440495438478,31.365916005881));
#5142 = CARTESIAN_POINT('',(0.440496595229,31.488178375814));
#5143 = CARTESIAN_POINT('',(0.440502349867,31.610303552377));
#5144 = ( GEOMETRIC_REPRESENTATION_CONTEXT(2) 
PARAMETRIC_REPRESENTATION_CONTEXT() REPRESENTATION_CONTEXT('2D SPACE',''
  ) );
#5145 = PCURVE('',#3940,#5146);
#5146 = DEFINITIONAL_REPRESENTATION('',(#5147),#5192);
#5147 = B_SPLINE_CURVE_WITH_KNOTS('',8,(#5148,#5149,#5150,#5151,#5152,
    #5153,#5154,#5155,#5156,#5157,#5158,#5159,#5160,#5161,#5162,#5163,
    #5164,#5165,#5166,#5167,#5168,#5169,#5170,#5171,#5172,#5173,#5174,
    #5175,#5176,#5177,#5178,#5179,#5180,#5181,#5182,#5183,#5184,#5185,
    #5186,#5187,#5188,#5189,#5190,#5191),.UNSPECIFIED.,.F.,.F.,(9,7,7,7,
    7,7,9),(0.,0.158730926077,0.343902080485,0.509915159882,
    0.69782012366,0.84537246845,1.),.UNSPECIFIED.);
#5148 = CARTESIAN_POINT('',(0.,3.355951492976));
#5149 = CARTESIAN_POINT('',(0.124595111024,3.36983526901));
#5150 = CARTESIAN_POINT('',(0.249348060705,3.383734906373));
#5151 = CARTESIAN_POINT('',(0.374014914273,3.397634210851));
#5152 = CARTESIAN_POINT('',(0.498650150031,3.411485898144));
#5153 = CARTESIAN_POINT('',(0.623249490391,3.425379853304));
#5154 = CARTESIAN_POINT('',(0.74791080819,3.439269036332));
#5155 = CARTESIAN_POINT('',(0.872647127948,3.453173622212));
#5156 = CARTESIAN_POINT('',(1.142613517449,3.483262297049));
#5157 = CARTESIAN_POINT('',(1.288253957003,3.499492391064));
#5158 = CARTESIAN_POINT('',(1.433706433546,3.515694818547));
#5159 = CARTESIAN_POINT('',(1.579064026506,3.531878245987));
#5160 = CARTESIAN_POINT('',(1.724430783675,3.548064275356));
#5161 = CARTESIAN_POINT('',(1.869912931923,3.56426797638));
#5162 = CARTESIAN_POINT('',(2.015576402161,3.580496093894));
#5163 = CARTESIAN_POINT('',(2.291212231964,3.611208627756));
#5164 = CARTESIAN_POINT('',(2.421713218347,3.625751485573));
#5165 = CARTESIAN_POINT('',(2.552123708975,3.640284819931));
#5166 = CARTESIAN_POINT('',(2.682462639687,3.654808523903));
#5167 = CARTESIAN_POINT('',(2.81279115067,3.669328214892));
#5168 = CARTESIAN_POINT('',(2.943173723044,3.683852619251));
#5169 = CARTESIAN_POINT('',(3.073651638133,3.698387634802));
#5170 = CARTESIAN_POINT('',(3.351468272647,3.729337314548));
#5171 = CARTESIAN_POINT('',(3.499312208558,3.745808449212));
#5172 = CARTESIAN_POINT('',(3.646959330089,3.762259380031));
#5173 = CARTESIAN_POINT('',(3.794487300978,3.778698774387));
#5174 = CARTESIAN_POINT('',(3.94200406794,3.795135255628));
#5175 = CARTESIAN_POINT('',(4.089621926922,3.811578930167));
#5176 = CARTESIAN_POINT('',(4.237434598665,3.828042094589));
#5177 = CARTESIAN_POINT('',(4.500771534961,3.857372181553));
#5178 = CARTESIAN_POINT('',(4.616690559668,3.870283112265));
#5179 = CARTESIAN_POINT('',(4.732561929814,3.883189700226));
#5180 = CARTESIAN_POINT('',(4.848376122728,3.89609257402));
#5181 = CARTESIAN_POINT('',(4.964187168792,3.908998352405));
#5182 = CARTESIAN_POINT('',(5.080050348345,3.921912075075));
#5183 = CARTESIAN_POINT('',(5.195961301197,3.934831010742));
#5184 = CARTESIAN_POINT('',(5.433186137141,3.961267657335));
#5185 = CARTESIAN_POINT('',(5.554680410768,3.974805240201));
#5186 = CARTESIAN_POINT('',(5.676105563863,3.988331967266));
#5187 = CARTESIAN_POINT('',(5.797482785089,4.001848042811));
#5188 = CARTESIAN_POINT('',(5.918864514084,4.01536279081));
#5189 = CARTESIAN_POINT('',(6.040301847051,4.028887552203));
#5190 = CARTESIAN_POINT('',(6.161808321122,4.042425449509));
#5191 = CARTESIAN_POINT('',(6.28318530718,4.055950280359));
#5192 = ( GEOMETRIC_REPRESENTATION_CONTEXT(2) 
PARAMETRIC_REPRESENTATION_CONTEXT() REPRESENTATION_CONTEXT('2D SPACE',''
  ) );
#5193 = ORIENTED_EDGE('',*,*,#5194,.T.);
#5194 = EDGE_CURVE('',#5049,#5195,#5197,.T.);
#5195 = VERTEX_POINT('',#5196);
#5196 = CARTESIAN_POINT('',(85.005949288978,-54.5,49.0365));
#5197 = SURFACE_CURVE('',#5198,(#5250,#5305),.PCURVE_S1.);
#5198 = B_SPLINE_CURVE_WITH_KNOTS('',8,(#5199,#5200,#5201,#5202,#5203,
    #5204,#5205,#5206,#5207,#5208,#5209,#5210,#5211,#5212,#5213,#5214,
    #5215,#5216,#5217,#5218,#5219,#5220,#5221,#5222,#5223,#5224,#5225,
    #5226,#5227,#5228,#5229,#5230,#5231,#5232,#5233,#5234,#5235,#5236,
    #5237,#5238,#5239,#5240,#5241,#5242,#5243,#5244,#5245,#5246,#5247,
    #5248,#5249),.UNSPECIFIED.,.F.,.F.,(9,7,7,7,7,7,7,9),(0.,
    8.635725496992E-02,0.200217222276,0.343971508493,0.512046000521,
    0.696006531881,0.845375094149,1.),.UNSPECIFIED.);
#5199 = CARTESIAN_POINT('',(84.305950230359,-54.5,49.0365));
#5200 = CARTESIAN_POINT('',(84.313505440586,-54.36710546202,49.0365));
#5201 = CARTESIAN_POINT('',(84.321063352731,-54.23416433378,
    49.0468052196));
#5202 = CARTESIAN_POINT('',(84.328621517988,-54.10215578322,
    49.067410617795));
#5203 = CARTESIAN_POINT('',(84.336178354442,-53.97202555898,
    49.098213842009));
#5204 = CARTESIAN_POINT('',(84.34373314706,-53.84468599048,
    49.139015228097));
#5205 = CARTESIAN_POINT('',(84.351286047696,-53.72101598785,
    49.189517800344));
#5206 = CARTESIAN_POINT('',(84.358838075089,-53.60186104197,
    49.249327271468));
#5207 = CARTESIAN_POINT('',(84.376349616466,-53.33795398003,
    49.408432155743));
#5208 = CARTESIAN_POINT('',(84.386308682494,-53.1971298807,
    49.514242296314));
#5209 = CARTESIAN_POINT('',(84.396268575066,-53.06741760777,
    49.634256820513));
#5210 = CARTESIAN_POINT('',(84.406229806001,-52.95044975277,
    49.767110552155));
#5211 = CARTESIAN_POINT('',(84.416193003846,-52.84765760234,
    49.911236346357));
#5212 = CARTESIAN_POINT('',(84.42615821933,-52.76026455038,
    50.064884079591));
#5213 = CARTESIAN_POINT('',(84.436123669243,-52.68925013706,
    50.226121066117));
#5214 = CARTESIAN_POINT('',(84.458659265389,-52.56715048942,
    50.603272502166));
#5215 = CARTESIAN_POINT('',(84.471239003184,-52.52612327959,
    50.822643107328));
#5216 = CARTESIAN_POINT('',(84.48381052092,-52.5136441009,
    51.046653137926));
#5217 = CARTESIAN_POINT('',(84.496377516776,-52.53021132185,
    51.270965223411));
#5218 = CARTESIAN_POINT('',(84.508946824089,-52.5755877217,
    51.49129036152));
#5219 = CARTESIAN_POINT('',(84.521523614968,-52.64885474733,
    51.703413138507));
#5220 = CARTESIAN_POINT('',(84.534107322644,-52.74833426504,
    51.903246064834));
#5221 = CARTESIAN_POINT('',(84.561381062691,-53.01528175672,
    52.301906494829));
#5222 = CARTESIAN_POINT('',(84.576107032249,-53.19179378485,
    52.495426743975));
#5223 = CARTESIAN_POINT('',(84.590823645056,-53.39696129336,
    52.661272631549));
#5224 = CARTESIAN_POINT('',(84.605531376531,-53.62552104975,
    52.794694365193));
#5225 = CARTESIAN_POINT('',(84.620235779513,-53.87159269723,
    52.89208484665));
#5226 = CARTESIAN_POINT('',(84.634945569665,-54.12871147796,
    52.951065964837));
#5227 = CARTESIAN_POINT('',(84.64966679619,-54.38992943772,
    52.970425067425));
#5228 = CARTESIAN_POINT('',(84.680457538352,-54.93011662247,
    52.929564584515));
#5229 = CARTESIAN_POINT('',(84.696578721028,-55.20941066812,
    52.861576084495));
#5230 = CARTESIAN_POINT('',(84.712681883938,-55.47582731577,
    52.747392594159));
#5231 = CARTESIAN_POINT('',(84.728776039651,-55.72065191124,
    52.590251570432));
#5232 = CARTESIAN_POINT('',(84.744870079254,-55.93616755727,
    52.394825418454));
#5233 = CARTESIAN_POINT('',(84.760972278918,-56.11583807157,
    52.167340364999));
#5234 = CARTESIAN_POINT('',(84.777091542419,-56.25424528592,
    51.915383570338));
#5235 = CARTESIAN_POINT('',(84.806237483209,-56.42484574811,
    51.43169259439));
#5236 = CARTESIAN_POINT('',(84.819310737235,-56.47232241287,
    51.204482635524));
#5237 = CARTESIAN_POINT('',(84.832377771019,-56.48901242336,
    50.971646786161));
#5238 = CARTESIAN_POINT('',(84.845440740459,-56.47428963821,
    50.738098215244));
#5239 = CARTESIAN_POINT('',(84.858505785877,-56.42840367791,
    50.508655533545));
#5240 = CARTESIAN_POINT('',(84.871577801657,-56.35237817516,
    50.288016831455));
#5241 = CARTESIAN_POINT('',(84.884657029502,-56.24807955673,
    50.080717275788));
#5242 = CARTESIAN_POINT('',(84.911257949315,-55.98418796512,
    49.694420667501));
#5243 = CARTESIAN_POINT('',(84.924798066702,-55.82258840572,
    49.516399232625));
#5244 = CARTESIAN_POINT('',(84.938327223648,-55.63675009162,
    49.36158239502));
#5245 = CARTESIAN_POINT('',(84.951846097048,-55.43065285014,
    49.233698558881));
#5246 = CARTESIAN_POINT('',(84.965362567975,-55.20879026147,
    49.135636491194));
#5247 = CARTESIAN_POINT('',(84.978887130082,-54.97608756268,
    49.06950487995));
#5248 = CARTESIAN_POINT('',(84.9924246473,-54.73790979545,49.0365));
#5249 = CARTESIAN_POINT('',(85.005949288978,-54.5,49.0365));
#5250 = PCURVE('',#1285,#5251);
#5251 = DEFINITIONAL_REPRESENTATION('',(#5252),#5304);
#5252 = B_SPLINE_CURVE_WITH_KNOTS('',8,(#5253,#5254,#5255,#5256,#5257,
    #5258,#5259,#5260,#5261,#5262,#5263,#5264,#5265,#5266,#5267,#5268,
    #5269,#5270,#5271,#5272,#5273,#5274,#5275,#5276,#5277,#5278,#5279,
    #5280,#5281,#5282,#5283,#5284,#5285,#5286,#5287,#5288,#5289,#5290,
    #5291,#5292,#5293,#5294,#5295,#5296,#5297,#5298,#5299,#5300,#5301,
    #5302,#5303),.UNSPECIFIED.,.F.,.F.,(9,7,7,7,7,7,7,9),(0.,
    8.635725496992E-02,0.200217222276,0.343971508493,0.512046000521,
    0.696006531881,0.845375094149,1.),.UNSPECIFIED.);
#5253 = CARTESIAN_POINT('',(0.440502349867,31.610303552377));
#5254 = CARTESIAN_POINT('',(0.440505564511,31.678524840558));
#5255 = CARTESIAN_POINT('',(0.440510963299,31.746761526602));
#5256 = CARTESIAN_POINT('',(0.440515641334,31.815003704477));
#5257 = CARTESIAN_POINT('',(0.440517803276,31.883244602602));
#5258 = CARTESIAN_POINT('',(0.440516763346,31.951480583854));
#5259 = CARTESIAN_POINT('',(0.440512945319,32.019711145561));
#5260 = CARTESIAN_POINT('',(0.440507882534,32.087938919507));
#5261 = CARTESIAN_POINT('',(0.440499386132,32.246130280829));
#5262 = CARTESIAN_POINT('',(0.44049636855,32.336088179939));
#5263 = CARTESIAN_POINT('',(0.440499286471,32.426028480299));
#5264 = CARTESIAN_POINT('',(0.44050761061,32.515958101245));
#5265 = CARTESIAN_POINT('',(0.440518349346,32.605895366136));
#5266 = CARTESIAN_POINT('',(0.440527957186,32.69585569672));
#5267 = CARTESIAN_POINT('',(0.440533963409,32.785833406123));
#5268 = CARTESIAN_POINT('',(0.440539297379,32.98934144929));
#5269 = CARTESIAN_POINT('',(0.440536331131,33.102968117309));
#5270 = CARTESIAN_POINT('',(0.440526327875,33.216550282075));
#5271 = CARTESIAN_POINT('',(0.440512540771,33.33010756859));
#5272 = CARTESIAN_POINT('',(0.440500484162,33.443678386511));
#5273 = CARTESIAN_POINT('',(0.440493869273,33.557293773433));
#5274 = CARTESIAN_POINT('',(0.440492319208,33.670950207938));
#5275 = CARTESIAN_POINT('',(0.440497311334,33.917252149257));
#5276 = CARTESIAN_POINT('',(0.440505231576,34.050216395445));
#5277 = CARTESIAN_POINT('',(0.440516220145,34.183083164675));
#5278 = CARTESIAN_POINT('',(0.440525204013,34.315878198606));
#5279 = CARTESIAN_POINT('',(0.440527659914,34.448670768175));
#5280 = CARTESIAN_POINT('',(0.440525880545,34.581529914395));
#5281 = CARTESIAN_POINT('',(0.440522778771,34.714497964815));
#5282 = CARTESIAN_POINT('',(0.440517639233,34.992606705314));
#5283 = CARTESIAN_POINT('',(0.440515727902,35.138213497073));
#5284 = CARTESIAN_POINT('',(0.440517052176,35.283643887998));
#5285 = CARTESIAN_POINT('',(0.440522996772,35.428973402063));
#5286 = CARTESIAN_POINT('',(0.440528629101,35.574303143223));
#5287 = CARTESIAN_POINT('',(0.440527440957,35.719735331676));
#5288 = CARTESIAN_POINT('',(0.440520935725,35.865344048695));
#5289 = CARTESIAN_POINT('',(0.440506040636,36.128638705137));
#5290 = CARTESIAN_POINT('',(0.440498237546,36.246742828783));
#5291 = CARTESIAN_POINT('',(0.440491211269,36.364787499773));
#5292 = CARTESIAN_POINT('',(0.440488235135,36.482778383936));
#5293 = CARTESIAN_POINT('',(0.440492204164,36.600758730577));
#5294 = CARTESIAN_POINT('',(0.440502554139,36.718775133763));
#5295 = CARTESIAN_POINT('',(0.440514508275,36.836849936871));
#5296 = CARTESIAN_POINT('',(0.440534463955,37.077012380531));
#5297 = CARTESIAN_POINT('',(0.440542175951,37.199267654175));
#5298 = CARTESIAN_POINT('',(0.44054388741,37.321449260934));
#5299 = CARTESIAN_POINT('',(0.440533977959,37.443587001337));
#5300 = CARTESIAN_POINT('',(0.440515701669,37.565738255877));
#5301 = CARTESIAN_POINT('',(0.440500128515,37.687951004524));
#5302 = CARTESIAN_POINT('',(0.440496850967,37.810228698898));
#5303 = CARTESIAN_POINT('',(0.440500212047,37.932362202484));
#5304 = ( GEOMETRIC_REPRESENTATION_CONTEXT(2) 
PARAMETRIC_REPRESENTATION_CONTEXT() REPRESENTATION_CONTEXT('2D SPACE',''
  ) );
#5305 = PCURVE('',#3754,#5306);
#5306 = DEFINITIONAL_REPRESENTATION('',(#5307),#5359);
#5307 = B_SPLINE_CURVE_WITH_KNOTS('',8,(#5308,#5309,#5310,#5311,#5312,
    #5313,#5314,#5315,#5316,#5317,#5318,#5319,#5320,#5321,#5322,#5323,
    #5324,#5325,#5326,#5327,#5328,#5329,#5330,#5331,#5332,#5333,#5334,
    #5335,#5336,#5337,#5338,#5339,#5340,#5341,#5342,#5343,#5344,#5345,
    #5346,#5347,#5348,#5349,#5350,#5351,#5352,#5353,#5354,#5355,#5356,
    #5357,#5358),.UNSPECIFIED.,.F.,.F.,(9,7,7,7,7,7,7,9),(0.,
    8.635725496992E-02,0.200217222276,0.343971508493,0.512046000521,
    0.696006531881,0.845375094149,1.),.UNSPECIFIED.);
#5308 = CARTESIAN_POINT('',(0.,4.055950280359));
#5309 = CARTESIAN_POINT('',(6.78033357032E-02,4.063505490586));
#5310 = CARTESIAN_POINT('',(0.135623450067,4.071063402731));
#5311 = CARTESIAN_POINT('',(0.203449961973,4.078621567988));
#5312 = CARTESIAN_POINT('',(0.271275646937,4.086178404442));
#5313 = CARTESIAN_POINT('',(0.339096437108,4.09373319706));
#5314 = CARTESIAN_POINT('',(0.40691142127,4.101286097696));
#5315 = CARTESIAN_POINT('',(0.474722844839,4.108838125089));
#5316 = CARTESIAN_POINT('',(0.631946271659,4.126349666466));
#5317 = CARTESIAN_POINT('',(0.72134998243,4.136308732494));
#5318 = CARTESIAN_POINT('',(0.810732151027,4.146268625066));
#5319 = CARTESIAN_POINT('',(0.900102511122,4.156229856001));
#5320 = CARTESIAN_POINT('',(0.989481895772,4.166193053846));
#5321 = CARTESIAN_POINT('',(1.07888644598,4.17615826933));
#5322 = CARTESIAN_POINT('',(1.168309753269,4.186123719243));
#5323 = CARTESIAN_POINT('',(1.370566601329,4.208659315389));
#5324 = CARTESIAN_POINT('',(1.483496486723,4.221239053184));
#5325 = CARTESIAN_POINT('',(1.596382852699,4.23381057092));
#5326 = CARTESIAN_POINT('',(1.709243090993,4.246377566776));
#5327 = CARTESIAN_POINT('',(1.822114987696,4.258946874089));
#5328 = CARTESIAN_POINT('',(1.93503042746,4.271523664968));
#5329 = CARTESIAN_POINT('',(2.047986964866,4.284107372644));
#5330 = CARTESIAN_POINT('',(2.292773877273,4.311381112691));
#5331 = CARTESIAN_POINT('',(2.424921327777,4.326107082249));
#5332 = CARTESIAN_POINT('',(2.556973775762,4.340823695056));
#5333 = CARTESIAN_POINT('',(2.688956795703,4.355531426531));
#5334 = CARTESIAN_POINT('',(2.820936873336,4.370235829512));
#5335 = CARTESIAN_POINT('',(2.952980589165,4.384945619665));
#5336 = CARTESIAN_POINT('',(3.085130003915,4.39966684619));
#5337 = CARTESIAN_POINT('',(3.361523040346,4.430457588352));
#5338 = CARTESIAN_POINT('',(3.506229558586,4.446578771028));
#5339 = CARTESIAN_POINT('',(3.650759925136,4.462681933938));
#5340 = CARTESIAN_POINT('',(3.795191676789,4.478776089651));
#5341 = CARTESIAN_POINT('',(3.939628313455,4.494870129254));
#5342 = CARTESIAN_POINT('',(4.084169731853,4.510972328918));
#5343 = CARTESIAN_POINT('',(4.228887076066,4.527091592419));
#5344 = CARTESIAN_POINT('',(4.490568296443,4.556237533209));
#5345 = CARTESIAN_POINT('',(4.607948089025,4.569310787235));
#5346 = CARTESIAN_POINT('',(4.725267507514,4.582377821019));
#5347 = CARTESIAN_POINT('',(4.842531699946,4.595440790459));
#5348 = CARTESIAN_POINT('',(4.959784717477,4.608505835877));
#5349 = CARTESIAN_POINT('',(5.077074464356,4.621577851657));
#5350 = CARTESIAN_POINT('',(5.194423714676,4.634657079502));
#5351 = CARTESIAN_POINT('',(5.433111908253,4.661257999315));
#5352 = CARTESIAN_POINT('',(5.554617571955,4.674798116702));
#5353 = CARTESIAN_POINT('',(5.676049823525,4.688327273648));
#5354 = CARTESIAN_POINT('',(5.797437207022,4.701846147048));
#5355 = CARTESIAN_POINT('',(5.918832381227,4.715362617975));
#5356 = CARTESIAN_POINT('',(6.04028338396,4.728887180082));
#5357 = CARTESIAN_POINT('',(6.161802758478,4.7424246973));
#5358 = CARTESIAN_POINT('',(6.28318530718,4.755949338978));
#5359 = ( GEOMETRIC_REPRESENTATION_CONTEXT(2) 
PARAMETRIC_REPRESENTATION_CONTEXT() REPRESENTATION_CONTEXT('2D SPACE',''
  ) );
#5360 = ORIENTED_EDGE('',*,*,#5361,.T.);
#5361 = EDGE_CURVE('',#5195,#5362,#5364,.T.);
#5362 = VERTEX_POINT('',#5363);
#5363 = CARTESIAN_POINT('',(85.705948802637,-54.5,49.0365));
#5364 = SURFACE_CURVE('',#5365,(#5410,#5458),.PCURVE_S1.);
#5365 = B_SPLINE_CURVE_WITH_KNOTS('',8,(#5366,#5367,#5368,#5369,#5370,
    #5371,#5372,#5373,#5374,#5375,#5376,#5377,#5378,#5379,#5380,#5381,
    #5382,#5383,#5384,#5385,#5386,#5387,#5388,#5389,#5390,#5391,#5392,
    #5393,#5394,#5395,#5396,#5397,#5398,#5399,#5400,#5401,#5402,#5403,
    #5404,#5405,#5406,#5407,#5408,#5409),.UNSPECIFIED.,.F.,.F.,(9,7,7,7,
    7,7,9),(0.,0.101460891659,0.261248436978,0.435559392081,
    0.622014642967,0.809161224524,1.),.UNSPECIFIED.);
#5366 = CARTESIAN_POINT('',(85.005949288978,-54.5,49.0365));
#5367 = CARTESIAN_POINT('',(85.014822018798,-54.34392123748,49.0365));
#5368 = CARTESIAN_POINT('',(85.02369905211,-54.18776741458,
    49.050718007367));
#5369 = CARTESIAN_POINT('',(85.032576836303,-54.03313334274,
    49.07914246814));
#5370 = CARTESIAN_POINT('',(85.041453073461,-53.88154624839,
    49.121579055125));
#5371 = CARTESIAN_POINT('',(85.050326720375,-53.73446577298,
    49.177650667897));
#5372 = CARTESIAN_POINT('',(85.059197988531,-53.59328397293,
    49.2467974328));
#5373 = CARTESIAN_POINT('',(85.06806834412,-53.45932531968,
    49.328276702946));
#5374 = CARTESIAN_POINT('',(85.090912998024,-53.13623439454,
    49.567446837705));
#5375 = CARTESIAN_POINT('',(85.104904222705,-52.9593783094,
    49.742222014988));
#5376 = CARTESIAN_POINT('',(85.118894003229,-52.80843354864,
    49.941827713406));
#5377 = CARTESIAN_POINT('',(85.132879663918,-52.68732771857,
    50.16166197602));
#5378 = CARTESIAN_POINT('',(85.146861046053,-52.59898612944,
    50.396592454871));
#5379 = CARTESIAN_POINT('',(85.160842398582,-52.54541732923,
    50.641056337803));
#5380 = CARTESIAN_POINT('',(85.174829163902,-52.52756711285,
    50.889059720859));
#5381 = CARTESIAN_POINT('',(85.204035816104,-52.56370198759,
    51.401802712466));
#5382 = CARTESIAN_POINT('',(85.219297429699,-52.62442076431,
    51.666805383083));
#5383 = CARTESIAN_POINT('',(85.234545844779,-52.72663795477,
    51.920954258553));
#5384 = CARTESIAN_POINT('',(85.249790054144,-52.86782917585,
    52.156753954631));
#5385 = CARTESIAN_POINT('',(85.265038264066,-53.04413546264,
    52.367586403486));
#5386 = CARTESIAN_POINT('',(85.280296252887,-53.25057265676,
    52.547636725093));
#5387 = CARTESIAN_POINT('',(85.295567729773,-53.48089286794,
    52.692066240713));
#5388 = CARTESIAN_POINT('',(85.327122240022,-53.99100471547,
    52.910871725653));
#5389 = CARTESIAN_POINT('',(85.343461905281,-54.2740997694,
    52.980087101794));
#5390 = CARTESIAN_POINT('',(85.359777913668,-54.56727975958,
    53.001048017468));
#5391 = CARTESIAN_POINT('',(85.376081059105,-54.86092755691,
    52.972603503403));
#5392 = CARTESIAN_POINT('',(85.392387260122,-55.14568206768,
    52.895410311445));
#5393 = CARTESIAN_POINT('',(85.408708220609,-55.41254479813,
    52.772151240381));
#5394 = CARTESIAN_POINT('',(85.425050806675,-55.65290229777,
    52.607307615486));
#5395 = CARTESIAN_POINT('',(85.457723587784,-56.06692329673,
    52.208625232924));
#5396 = CARTESIAN_POINT('',(85.474119936975,-56.24118091441,
    51.97371943673));
#5397 = CARTESIAN_POINT('',(85.490492698161,-56.37459579149,
    51.710603742134));
#5398 = CARTESIAN_POINT('',(85.506851672801,-56.4623294383,
    51.42775277423));
#5399 = CARTESIAN_POINT('',(85.523210965441,-56.50130155865,
    51.134145222206));
#5400 = CARTESIAN_POINT('',(85.539587675303,-56.49048629568,
    50.839243408176));
#5401 = CARTESIAN_POINT('',(85.555990157446,-56.43071247882,
    50.552856789196));
#5402 = CARTESIAN_POINT('',(85.589047722571,-56.21954431578,
    50.011137406475));
#5403 = CARTESIAN_POINT('',(85.605780757021,-56.06585728958,
    49.755225093762));
#5404 = CARTESIAN_POINT('',(85.622489338059,-55.86877715424,
    49.527482949729));
#5405 = CARTESIAN_POINT('',(85.639180824383,-55.63476964021,
    49.336092025669));
#5406 = CARTESIAN_POINT('',(85.655857554066,-55.37146229007,
    49.187621653212));
#5407 = CARTESIAN_POINT('',(85.672543412942,-55.08776137991,
    49.086761620517));
#5408 = CARTESIAN_POINT('',(85.689260039705,-54.79359395395,49.0365));
#5409 = CARTESIAN_POINT('',(85.705948802637,-54.5,49.0365));
#5410 = PCURVE('',#1285,#5411);
#5411 = DEFINITIONAL_REPRESENTATION('',(#5412),#5457);
#5412 = B_SPLINE_CURVE_WITH_KNOTS('',8,(#5413,#5414,#5415,#5416,#5417,
    #5418,#5419,#5420,#5421,#5422,#5423,#5424,#5425,#5426,#5427,#5428,
    #5429,#5430,#5431,#5432,#5433,#5434,#5435,#5436,#5437,#5438,#5439,
    #5440,#5441,#5442,#5443,#5444,#5445,#5446,#5447,#5448,#5449,#5450,
    #5451,#5452,#5453,#5454,#5455,#5456),.UNSPECIFIED.,.F.,.F.,(9,7,7,7,
    7,7,9),(0.,0.101460891659,0.261248436978,0.435559392081,
    0.622014642967,0.809161224524,1.),.UNSPECIFIED.);
#5413 = CARTESIAN_POINT('',(0.440500212047,37.932362202484));
#5414 = CARTESIAN_POINT('',(0.440502417057,38.012486881946));
#5415 = CARTESIAN_POINT('',(0.440509072699,38.092631854875));
#5416 = CARTESIAN_POINT('',(0.440515429721,38.172785057021));
#5417 = CARTESIAN_POINT('',(0.44051853614,38.252938143421));
#5418 = CARTESIAN_POINT('',(0.440517237247,38.333086488406));
#5419 = CARTESIAN_POINT('',(0.440512175608,38.413229185593));
#5420 = CARTESIAN_POINT('',(0.44050579106,38.493369047889));
#5421 = CARTESIAN_POINT('',(0.440496855375,38.699728161615));
#5422 = CARTESIAN_POINT('',(0.440496909603,38.826089408052));
#5423 = CARTESIAN_POINT('',(0.440511604055,38.952375934169));
#5424 = CARTESIAN_POINT('',(0.440531710107,39.078602587543));
#5425 = CARTESIAN_POINT('',(0.440543706763,39.204824973879));
#5426 = CARTESIAN_POINT('',(0.440542568078,39.33110262596));
#5427 = CARTESIAN_POINT('',(0.440534968475,39.457456463203));
#5428 = CARTESIAN_POINT('',(0.440513275035,39.721328493624));
#5429 = CARTESIAN_POINT('',(0.440498873172,39.859224840682));
#5430 = CARTESIAN_POINT('',(0.440487231808,39.996990271738));
#5431 = CARTESIAN_POINT('',(0.44048660924,40.134671123241));
#5432 = CARTESIAN_POINT('',(0.440495369664,40.272348438922));
#5433 = CARTESIAN_POINT('',(0.440506277176,40.410104993193));
#5434 = CARTESIAN_POINT('',(0.440514977361,40.547992696009));
#5435 = CARTESIAN_POINT('',(0.440525893582,40.832931410584));
#5436 = CARTESIAN_POINT('',(0.440527612069,40.980495998106));
#5437 = CARTESIAN_POINT('',(0.440523881276,41.127869983116));
#5438 = CARTESIAN_POINT('',(0.440516739531,41.275142245804));
#5439 = CARTESIAN_POINT('',(0.440514323022,41.4224221792));
#5440 = CARTESIAN_POINT('',(0.440517097212,41.569813490956));
#5441 = CARTESIAN_POINT('',(0.440521061742,41.71739506057));
#5442 = CARTESIAN_POINT('',(0.44052554913,42.012460751291));
#5443 = CARTESIAN_POINT('',(0.440526055418,42.160542414158));
#5444 = CARTESIAN_POINT('',(0.440521825658,42.308430994931));
#5445 = CARTESIAN_POINT('',(0.440510468631,42.456225119657));
#5446 = CARTESIAN_POINT('',(0.440495202429,42.604038611691));
#5447 = CARTESIAN_POINT('',(0.440488414989,42.751973639234));
#5448 = CARTESIAN_POINT('',(0.440491629495,42.900099259197));
#5449 = CARTESIAN_POINT('',(0.440510324186,43.198580190649));
#5450 = CARTESIAN_POINT('',(0.440526204636,43.349637833991));
#5451 = CARTESIAN_POINT('',(0.440543363784,43.500469283236));
#5452 = CARTESIAN_POINT('',(0.440554599207,43.651171365835));
#5453 = CARTESIAN_POINT('',(0.440537383611,43.801860233329));
#5454 = CARTESIAN_POINT('',(0.440510229184,43.952673298472));
#5455 = CARTESIAN_POINT('',(0.440498894135,44.10369713381));
#5456 = CARTESIAN_POINT('',(0.440499336896,44.2544196546));
#5457 = ( GEOMETRIC_REPRESENTATION_CONTEXT(2) 
PARAMETRIC_REPRESENTATION_CONTEXT() REPRESENTATION_CONTEXT('2D SPACE',''
  ) );
#5458 = PCURVE('',#3582,#5459);
#5459 = DEFINITIONAL_REPRESENTATION('',(#5460),#5505);
#5460 = B_SPLINE_CURVE_WITH_KNOTS('',8,(#5461,#5462,#5463,#5464,#5465,
    #5466,#5467,#5468,#5469,#5470,#5471,#5472,#5473,#5474,#5475,#5476,
    #5477,#5478,#5479,#5480,#5481,#5482,#5483,#5484,#5485,#5486,#5487,
    #5488,#5489,#5490,#5491,#5492,#5493,#5494,#5495,#5496,#5497,#5498,
    #5499,#5500,#5501,#5502,#5503,#5504),.UNSPECIFIED.,.F.,.F.,(9,7,7,7,
    7,7,9),(0.,0.101460891659,0.261248436978,0.435559392081,
    0.622014642967,0.809161224524,1.),.UNSPECIFIED.);
#5461 = CARTESIAN_POINT('',(0.,4.755949338978));
#5462 = CARTESIAN_POINT('',(7.963202169299E-02,4.764822068798));
#5463 = CARTESIAN_POINT('',(0.159286945459,4.77369910211));
#5464 = CARTESIAN_POINT('',(0.238951870931,4.782576886303));
#5465 = CARTESIAN_POINT('',(0.318617626214,4.791453123461));
#5466 = CARTESIAN_POINT('',(0.398278767886,4.800326770374));
#5467 = CARTESIAN_POINT('',(0.477933581,4.809198038531));
#5468 = CARTESIAN_POINT('',(0.557584079081,4.81806839412));
#5469 = CARTESIAN_POINT('',(0.762677298551,4.840913048024));
#5470 = CARTESIAN_POINT('',(0.888256002978,4.854904272705));
#5471 = CARTESIAN_POINT('',(1.013754239139,4.868894053229));
#5472 = CARTESIAN_POINT('',(1.139198549319,4.882879713918));
#5473 = CARTESIAN_POINT('',(1.264645261933,4.896861096053));
#5474 = CARTESIAN_POINT('',(1.390148388481,4.910842448582));
#5475 = CARTESIAN_POINT('',(1.51572757888,4.924829213902));
#5476 = CARTESIAN_POINT('',(1.777979973265,4.954035866104));
#5477 = CARTESIAN_POINT('',(1.915028948962,4.969297479699));
#5478 = CARTESIAN_POINT('',(2.051945511458,4.984545894779));
#5479 = CARTESIAN_POINT('',(2.188777181369,4.999790104144));
#5480 = CARTESIAN_POINT('',(2.325607349254,5.015038314066));
#5481 = CARTESIAN_POINT('',(2.462519328436,5.030296302887));
#5482 = CARTESIAN_POINT('',(2.599562599958,5.045567779773));
#5483 = CARTESIAN_POINT('',(2.882755711655,5.077122290022));
#5484 = CARTESIAN_POINT('',(3.029415891116,5.093461955281));
#5485 = CARTESIAN_POINT('',(3.175884468069,5.109777963668));
#5486 = CARTESIAN_POINT('',(3.322247816994,5.126081109105));
#5487 = CARTESIAN_POINT('',(3.46861547382,5.142387310122));
#5488 = CARTESIAN_POINT('',(3.615094756749,5.158708270609));
#5489 = CARTESIAN_POINT('',(3.761765701027,5.175050856675));
#5490 = CARTESIAN_POINT('',(4.055015912667,5.207723637784));
#5491 = CARTESIAN_POINT('',(4.202189068033,5.224119986975));
#5492 = CARTESIAN_POINT('',(4.349172871136,5.240492748161));
#5493 = CARTESIAN_POINT('',(4.496063743156,5.256851722801));
#5494 = CARTESIAN_POINT('',(4.642970455451,5.273211015441));
#5495 = CARTESIAN_POINT('',(4.789994631546,5.289587725303));
#5496 = CARTESIAN_POINT('',(4.937207786307,5.305990207446));
#5497 = CARTESIAN_POINT('',(5.233851813306,5.339047772571));
#5498 = CARTESIAN_POINT('',(5.383980720722,5.355780807021));
#5499 = CARTESIAN_POINT('',(5.533887364987,5.372489388059));
#5500 = CARTESIAN_POINT('',(5.683667543883,5.389180874383));
#5501 = CARTESIAN_POINT('',(5.833434149193,5.405857604066));
#5502 = CARTESIAN_POINT('',(5.983308250676,5.422543462942));
#5503 = CARTESIAN_POINT('',(6.13339247353,5.439260089705));
#5504 = CARTESIAN_POINT('',(6.28318530718,5.455948852637));
#5505 = ( GEOMETRIC_REPRESENTATION_CONTEXT(2) 
PARAMETRIC_REPRESENTATION_CONTEXT() REPRESENTATION_CONTEXT('2D SPACE',''
  ) );
#5506 = ORIENTED_EDGE('',*,*,#5507,.T.);
#5507 = EDGE_CURVE('',#5362,#5508,#5510,.T.);
#5508 = VERTEX_POINT('',#5509);
#5509 = CARTESIAN_POINT('',(86.405948883432,-54.5,49.0365));
#5510 = SURFACE_CURVE('',#5511,(#5563,#5618),.PCURVE_S1.);
#5511 = B_SPLINE_CURVE_WITH_KNOTS('',8,(#5512,#5513,#5514,#5515,#5516,
    #5517,#5518,#5519,#5520,#5521,#5522,#5523,#5524,#5525,#5526,#5527,
    #5528,#5529,#5530,#5531,#5532,#5533,#5534,#5535,#5536,#5537,#5538,
    #5539,#5540,#5541,#5542,#5543,#5544,#5545,#5546,#5547,#5548,#5549,
    #5550,#5551,#5552,#5553,#5554,#5555,#5556,#5557,#5558,#5559,#5560,
    #5561,#5562),.UNSPECIFIED.,.F.,.F.,(9,7,7,7,7,7,7,9),(0.,
    8.971229898315E-02,0.218104992475,0.361491943163,0.506288383394,
    0.651898053678,0.85073762457,1.),.UNSPECIFIED.);
#5512 = CARTESIAN_POINT('',(85.705948802637,-54.5,49.0365));
#5513 = CARTESIAN_POINT('',(85.713796890373,-54.36193397805,49.0365));
#5514 = CARTESIAN_POINT('',(85.721645855148,-54.22386086802,
    49.047613745442));
#5515 = CARTESIAN_POINT('',(85.729495429973,-54.08684467456,
    49.069841591848));
#5516 = CARTESIAN_POINT('',(85.737345201939,-53.95192316785,
    49.103067604323));
#5517 = CARTESIAN_POINT('',(85.745194612218,-53.82010788368,
    49.147059557558));
#5518 = CARTESIAN_POINT('',(85.753042956061,-53.69238412339,
    49.201468935828));
#5519 = CARTESIAN_POINT('',(85.760889382801,-53.56971095391,
    49.265830932994));
#5520 = CARTESIAN_POINT('',(85.77995822145,-53.28601945901,
    49.445088948885));
#5521 = CARTESIAN_POINT('',(85.791186942702,-53.13111740206,
    49.569885380633));
#5522 = CARTESIAN_POINT('',(85.802415331445,-52.99102433415,
    49.712271402925));
#5523 = CARTESIAN_POINT('',(85.813645825942,-52.86802731047,
    49.870154824604));
#5524 = CARTESIAN_POINT('',(85.824878704122,-52.76403546712,
    50.04115686851));
#5525 = CARTESIAN_POINT('',(85.836113412906,-52.68059716238,
    50.222648978309));
#5526 = CARTESIAN_POINT('',(85.847349882383,-52.61885845932,
    50.41174951946));
#5527 = CARTESIAN_POINT('',(85.871121944742,-52.53540003193,
    50.821510712051));
#5528 = CARTESIAN_POINT('',(85.883668026408,-52.5191541709,
    51.043484227134));
#5529 = CARTESIAN_POINT('',(85.896205986823,-52.53163913347,
    51.26687703421));
#5530 = CARTESIAN_POINT('',(85.908739452014,-52.57286748232,
    51.487358248407));
#5531 = CARTESIAN_POINT('',(85.921275180777,-52.64213329514,
    51.700725449053));
#5532 = CARTESIAN_POINT('',(85.933818314743,-52.73806842024,
    51.902923703334));
#5533 = CARTESIAN_POINT('',(85.946368316176,-52.85857234032,
    52.090107100743));
#5534 = CARTESIAN_POINT('',(85.97157120205,-53.14411863705,
    52.429262493153));
#5535 = CARTESIAN_POINT('',(85.984248023911,-53.30986081875,
    52.581195216162));
#5536 = CARTESIAN_POINT('',(85.996921733315,-53.49493662514,
    52.711022659939));
#5537 = CARTESIAN_POINT('',(86.009591421524,-53.69582141253,
    52.815949663458));
#5538 = CARTESIAN_POINT('',(86.022259786825,-53.90864364945,
    52.893878702786));
#5539 = CARTESIAN_POINT('',(86.03493048287,-54.12924565672,
    52.943354581489));
#5540 = CARTESIAN_POINT('',(86.047604675992,-54.35318371991,
    52.963648019491));
#5541 = CARTESIAN_POINT('',(86.07299909547,-54.79964020064,
    52.946372074241));
#5542 = CARTESIAN_POINT('',(86.085744381287,-55.02258637278,
    52.908459869943));
#5543 = CARTESIAN_POINT('',(86.098484642417,-55.23984538118,
    52.841383908142));
#5544 = CARTESIAN_POINT('',(86.111220466065,-55.44695953502,
    52.746253061953));
#5545 = CARTESIAN_POINT('',(86.123955876788,-55.63984178761,
    52.624892948414));
#5546 = CARTESIAN_POINT('',(86.136694919329,-55.81476944819,
    52.479743908029));
#5547 = CARTESIAN_POINT('',(86.149439414897,-55.96843581168,
    52.313891289407));
#5548 = CARTESIAN_POINT('',(86.179572871347,-56.27533590935,
    51.881620188321));
#5549 = CARTESIAN_POINT('',(86.197013160105,-56.408454382,
    51.599787592996));
#5550 = CARTESIAN_POINT('',(86.214420421885,-56.48972647862,
    51.295763308448));
#5551 = CARTESIAN_POINT('',(86.23181013112,-56.51561189469,
    50.980836009892));
#5552 = CARTESIAN_POINT('',(86.249203052161,-56.48483835349,
    50.666342587571));
#5553 = CARTESIAN_POINT('',(86.26661952124,-56.39884588347,
    50.363603131034));
#5554 = CARTESIAN_POINT('',(86.284069747053,-56.26134865465,
    50.083861945275));
#5555 = CARTESIAN_POINT('',(86.314534440862,-55.94442997268,
    49.651881807839));
#5556 = CARTESIAN_POINT('',(86.327607520613,-55.78361791876,
    49.484709800908));
#5557 = CARTESIAN_POINT('',(86.340671721023,-55.60084683117,
    49.339766705532));
#5558 = CARTESIAN_POINT('',(86.353726251739,-55.39979371222,
    49.220320912862));
#5559 = CARTESIAN_POINT('',(86.366776003655,-55.18456118586,
    49.128884859844));
#5560 = CARTESIAN_POINT('',(86.37982917267,-54.95960230781,
    49.067271198121));
#5561 = CARTESIAN_POINT('',(86.392892164457,-54.72971984545,49.0365));
#5562 = CARTESIAN_POINT('',(86.405948883432,-54.5,49.0365));
#5563 = PCURVE('',#1285,#5564);
#5564 = DEFINITIONAL_REPRESENTATION('',(#5565),#5617);
#5565 = B_SPLINE_CURVE_WITH_KNOTS('',8,(#5566,#5567,#5568,#5569,#5570,
    #5571,#5572,#5573,#5574,#5575,#5576,#5577,#5578,#5579,#5580,#5581,
    #5582,#5583,#5584,#5585,#5586,#5587,#5588,#5589,#5590,#5591,#5592,
    #5593,#5594,#5595,#5596,#5597,#5598,#5599,#5600,#5601,#5602,#5603,
    #5604,#5605,#5606,#5607,#5608,#5609,#5610,#5611,#5612,#5613,#5614,
    #5615,#5616),.UNSPECIFIED.,.F.,.F.,(9,7,7,7,7,7,7,9),(0.,
    8.971229898315E-02,0.218104992475,0.361491943163,0.506288383394,
    0.651898053678,0.85073762457,1.),.UNSPECIFIED.);
#5566 = CARTESIAN_POINT('',(0.440499336896,44.2544196546));
#5567 = CARTESIAN_POINT('',(0.440499545109,44.325298698883));
#5568 = CARTESIAN_POINT('',(0.440503659523,44.396169086189));
#5569 = CARTESIAN_POINT('',(0.440509013748,44.467039903157));
#5570 = CARTESIAN_POINT('',(0.440513635014,44.537915869627));
#5571 = CARTESIAN_POINT('',(0.440516244163,44.608797338637));
#5572 = CARTESIAN_POINT('',(0.440516255654,44.679680296425));
#5573 = CARTESIAN_POINT('',(0.440513777562,44.750556362427));
#5574 = CARTESIAN_POINT('',(0.440503649378,44.922819704468));
#5575 = CARTESIAN_POINT('',(0.440496252943,45.024262984978));
#5576 = CARTESIAN_POINT('',(0.440494075258,45.125681166093));
#5577 = CARTESIAN_POINT('',(0.440501836725,45.227076461318));
#5578 = CARTESIAN_POINT('',(0.440514921245,45.328470906776));
#5579 = CARTESIAN_POINT('',(0.440526167807,45.4298897385));
#5580 = CARTESIAN_POINT('',(0.440533660519,45.531340393047));
#5581 = CARTESIAN_POINT('',(0.440539290105,45.746014350612));
#5582 = CARTESIAN_POINT('',(0.440536348987,45.859336946394));
#5583 = CARTESIAN_POINT('',(0.440526412465,45.972615755602));
#5584 = CARTESIAN_POINT('',(0.440512691432,46.085869930403));
#5585 = CARTESIAN_POINT('',(0.440500647458,46.199137430147));
#5586 = CARTESIAN_POINT('',(0.440493978691,46.312449072269));
#5587 = CARTESIAN_POINT('',(0.440492348778,46.42580142621));
#5588 = CARTESIAN_POINT('',(0.440496816087,46.653402647009));
#5589 = CARTESIAN_POINT('',(0.440502949479,46.767867551659));
#5590 = CARTESIAN_POINT('',(0.440511689239,46.882293327302));
#5591 = CARTESIAN_POINT('',(0.440519835625,46.996685294025));
#5592 = CARTESIAN_POINT('',(0.440524789513,47.111078810453));
#5593 = CARTESIAN_POINT('',(0.44052602651,47.225509096678));
#5594 = CARTESIAN_POINT('',(0.440525022469,47.339980455202));
#5595 = CARTESIAN_POINT('',(0.440521218061,47.569346549023));
#5596 = CARTESIAN_POINT('',(0.440518428075,47.684467565562));
#5597 = CARTESIAN_POINT('',(0.440516122094,47.79954117458));
#5598 = CARTESIAN_POINT('',(0.440516147509,47.914564868785));
#5599 = CARTESIAN_POINT('',(0.440518673441,48.029574268968));
#5600 = CARTESIAN_POINT('',(0.440522112839,48.144612595206));
#5601 = CARTESIAN_POINT('',(0.440524347643,48.259705233292));
#5602 = CARTESIAN_POINT('',(0.440524657909,48.531854564742));
#5603 = CARTESIAN_POINT('',(0.440520864484,48.689382697539));
#5604 = CARTESIAN_POINT('',(0.440510805383,48.846638959759));
#5605 = CARTESIAN_POINT('',(0.440494501862,49.003763042568));
#5606 = CARTESIAN_POINT('',(0.440483228428,49.16089491637));
#5607 = CARTESIAN_POINT('',(0.440489134918,49.318167002237));
#5608 = CARTESIAN_POINT('',(0.440503471894,49.475708450843));
#5609 = CARTESIAN_POINT('',(0.440527940695,49.750747560485));
#5610 = CARTESIAN_POINT('',(0.440538176766,49.868774116459));
#5611 = CARTESIAN_POINT('',(0.440544643923,49.986736397591));
#5612 = CARTESIAN_POINT('',(0.440542094482,50.104649389352));
#5613 = CARTESIAN_POINT('',(0.440529316832,50.22256233176));
#5614 = CARTESIAN_POINT('',(0.440512631176,50.3405225051));
#5615 = CARTESIAN_POINT('',(0.440502658546,50.458542899029));
#5616 = CARTESIAN_POINT('',(0.440499911305,50.57647611679));
#5617 = ( GEOMETRIC_REPRESENTATION_CONTEXT(2) 
PARAMETRIC_REPRESENTATION_CONTEXT() REPRESENTATION_CONTEXT('2D SPACE',''
  ) );
#5618 = PCURVE('',#3410,#5619);
#5619 = DEFINITIONAL_REPRESENTATION('',(#5620),#5672);
#5620 = B_SPLINE_CURVE_WITH_KNOTS('',8,(#5621,#5622,#5623,#5624,#5625,
    #5626,#5627,#5628,#5629,#5630,#5631,#5632,#5633,#5634,#5635,#5636,
    #5637,#5638,#5639,#5640,#5641,#5642,#5643,#5644,#5645,#5646,#5647,
    #5648,#5649,#5650,#5651,#5652,#5653,#5654,#5655,#5656,#5657,#5658,
    #5659,#5660,#5661,#5662,#5663,#5664,#5665,#5666,#5667,#5668,#5669,
    #5670,#5671),.UNSPECIFIED.,.F.,.F.,(9,7,7,7,7,7,7,9),(0.,
    8.971229898315E-02,0.218104992475,0.361491943163,0.506288383394,
    0.651898053678,0.85073762457,1.),.UNSPECIFIED.);
#5621 = CARTESIAN_POINT('',(0.,5.455948852637));
#5622 = CARTESIAN_POINT('',(7.044184793371E-02,5.463796940373));
#5623 = CARTESIAN_POINT('',(0.140878474067,5.471645905148));
#5624 = CARTESIAN_POINT('',(0.211317089243,5.479495479973));
#5625 = CARTESIAN_POINT('',(0.281761141828,5.487345251939));
#5626 = CARTESIAN_POINT('',(0.352210317713,5.495194662218));
#5627 = CARTESIAN_POINT('',(0.42266054031,5.503043006061));
#5628 = CARTESIAN_POINT('',(0.493103970555,5.510889432801));
#5629 = CARTESIAN_POINT('',(0.664318533083,5.529958271449));
#5630 = CARTESIAN_POINT('',(0.765141626034,5.541186992702));
#5631 = CARTESIAN_POINT('',(0.865931391588,5.552415381445));
#5632 = CARTESIAN_POINT('',(0.966695484265,5.563645875942));
#5633 = CARTESIAN_POINT('',(1.067460236024,5.574878754122));
#5634 = CARTESIAN_POINT('',(1.168251794048,5.586113462906));
#5635 = CARTESIAN_POINT('',(1.269077267326,5.597349932382));
#5636 = CARTESIAN_POINT('',(1.482431379325,5.621121994742));
#5637 = CARTESIAN_POINT('',(1.595059052149,5.633668076408));
#5638 = CARTESIAN_POINT('',(1.7076439171,5.646206036823));
#5639 = CARTESIAN_POINT('',(1.820202916066,5.658739502014));
#5640 = CARTESIAN_POINT('',(1.932773380727,5.671275230777));
#5641 = CARTESIAN_POINT('',(2.045386956814,5.683818364742));
#5642 = CARTESIAN_POINT('',(2.158041281653,5.696368366176));
#5643 = CARTESIAN_POINT('',(2.384242473791,5.72157125205));
#5644 = CARTESIAN_POINT('',(2.498004070805,5.734248073911));
#5645 = CARTESIAN_POINT('',(2.611728091705,5.746921783315));
#5646 = CARTESIAN_POINT('',(2.725419881377,5.759591471524));
#5647 = CARTESIAN_POINT('',(2.839113518971,5.772259836825));
#5648 = CARTESIAN_POINT('',(2.95284267149,5.78493053287));
#5649 = CARTESIAN_POINT('',(3.06661103208,5.797604725992));
#5650 = CARTESIAN_POINT('',(3.294565423958,5.82299914547));
#5651 = CARTESIAN_POINT('',(3.408976327744,5.835744431287));
#5652 = CARTESIAN_POINT('',(3.523338600216,5.848484692417));
#5653 = CARTESIAN_POINT('',(3.63765049533,5.861220516065));
#5654 = CARTESIAN_POINT('',(3.751948824858,5.873955926788));
#5655 = CARTESIAN_POINT('',(3.866277660084,5.886694969329));
#5656 = CARTESIAN_POINT('',(3.980662290999,5.899439464897));
#5657 = CARTESIAN_POINT('',(4.251140706394,5.929572921347));
#5658 = CARTESIAN_POINT('',(4.407704228738,5.947013210105));
#5659 = CARTESIAN_POINT('',(4.563998884319,5.964420471884));
#5660 = CARTESIAN_POINT('',(4.720160674899,5.98181018112));
#5661 = CARTESIAN_POINT('',(4.876324189289,5.999203102161));
#5662 = CARTESIAN_POINT('',(5.032626194647,6.01661957124));
#5663 = CARTESIAN_POINT('',(5.189198166022,6.034069797053));
#5664 = CARTESIAN_POINT('',(5.462547729571,6.064534490862));
#5665 = CARTESIAN_POINT('',(5.579850269417,6.077607570613));
#5666 = CARTESIAN_POINT('',(5.697089477833,6.090671771023));
#5667 = CARTESIAN_POINT('',(5.81427966919,6.103726301739));
#5668 = CARTESIAN_POINT('',(5.931466133595,6.116776053655));
#5669 = CARTESIAN_POINT('',(6.048694230164,6.12982922267));
#5670 = CARTESIAN_POINT('',(6.165981304396,6.142892214457));
#5671 = CARTESIAN_POINT('',(6.28318530718,6.155948933431));
#5672 = ( GEOMETRIC_REPRESENTATION_CONTEXT(2) 
PARAMETRIC_REPRESENTATION_CONTEXT() REPRESENTATION_CONTEXT('2D SPACE',''
  ) );
#5673 = ORIENTED_EDGE('',*,*,#5674,.T.);
#5674 = EDGE_CURVE('',#5508,#5675,#5677,.T.);
#5675 = VERTEX_POINT('',#5676);
#5676 = CARTESIAN_POINT('',(87.105949565794,-54.5,49.0365));
#5677 = SURFACE_CURVE('',#5678,(#5730,#5785),.PCURVE_S1.);
#5678 = B_SPLINE_CURVE_WITH_KNOTS('',8,(#5679,#5680,#5681,#5682,#5683,
    #5684,#5685,#5686,#5687,#5688,#5689,#5690,#5691,#5692,#5693,#5694,
    #5695,#5696,#5697,#5698,#5699,#5700,#5701,#5702,#5703,#5704,#5705,
    #5706,#5707,#5708,#5709,#5710,#5711,#5712,#5713,#5714,#5715,#5716,
    #5717,#5718,#5719,#5720,#5721,#5722,#5723,#5724,#5725,#5726,#5727,
    #5728,#5729),.UNSPECIFIED.,.F.,.F.,(9,7,7,7,7,7,7,9),(0.,
    8.230776744045E-02,0.277860029944,0.472842314785,0.581270516119,
    0.682691551142,0.817520066511,1.),.UNSPECIFIED.);
#5679 = CARTESIAN_POINT('',(86.405948883431,-54.5,49.0365));
#5680 = CARTESIAN_POINT('',(86.413145647119,-54.37338017726,49.0365));
#5681 = CARTESIAN_POINT('',(86.420343899264,-54.24674295781,
    49.045850290454));
#5682 = CARTESIAN_POINT('',(86.427543219478,-54.12091593876,
    49.064549195054));
#5683 = CARTESIAN_POINT('',(86.434743140991,-53.99670587156,
    49.092513922499));
#5684 = CARTESIAN_POINT('',(86.44194315065,-53.87489866204,
    49.129580566496));
#5685 = CARTESIAN_POINT('',(86.449142688921,-53.75625937036,
    49.175504105762));
#5686 = CARTESIAN_POINT('',(86.456341149887,-53.64153221106,
    49.229958404019));
#5687 = CARTESIAN_POINT('',(86.480636353775,-53.26987747717,
    49.441212719187));
#5688 = CARTESIAN_POINT('',(86.497772586089,-53.03370882957,
    49.63616779526));
#5689 = CARTESIAN_POINT('',(86.514886906688,-52.83368146494,
    49.87184270219));
#5690 = CARTESIAN_POINT('',(86.532014318526,-52.67744007548,
    50.139995915874));
#5691 = CARTESIAN_POINT('',(86.549129200187,-52.57071574156,
    50.431415412855));
#5692 = CARTESIAN_POINT('',(86.566250885163,-52.51692451465,
    50.735817277726));
#5693 = CARTESIAN_POINT('',(86.583394404067,-52.51756601563,
    51.042083412323));
#5694 = CARTESIAN_POINT('',(86.617535905565,-52.62236163268,
    51.633735896758));
#5695 = CARTESIAN_POINT('',(86.634623041038,-52.72648791147,
    51.920727879106));
#5696 = CARTESIAN_POINT('',(86.651685272792,-52.88078226564,
    52.187453044666));
#5697 = CARTESIAN_POINT('',(86.668740671188,-53.08009856847,
    52.424035493186));
#5698 = CARTESIAN_POINT('',(86.685800388191,-53.31774432862,
    52.622072210789));
#5699 = CARTESIAN_POINT('',(86.702872661905,-53.58527436334,
    52.774925741081));
#5700 = CARTESIAN_POINT('',(86.719969804414,-53.87280395607,
    52.877519926544));
#5701 = CARTESIAN_POINT('',(86.746507857097,-54.3329339811,
    52.95648056212));
#5702 = CARTESIAN_POINT('',(86.755990647476,-54.50015130248,
    52.96870060593));
#5703 = CARTESIAN_POINT('',(86.765473235099,-54.66825936009,
    52.964613499947));
#5704 = CARTESIAN_POINT('',(86.774956097784,-54.83540392315,
    52.944157628018));
#5705 = CARTESIAN_POINT('',(86.784439420718,-54.99976888089,
    52.907519206559));
#5706 = CARTESIAN_POINT('',(86.793923096461,-55.1595762425,
    52.85513228456));
#5707 = CARTESIAN_POINT('',(86.80340672494,-55.3130861372,
    52.787678743581));
#5708 = CARTESIAN_POINT('',(86.821759670846,-55.594703872,
    52.629770629824));
#5709 = CARTESIAN_POINT('',(86.830630478378,-55.7238977495,
    52.541047542096));
#5710 = CARTESIAN_POINT('',(86.839502158023,-55.8448166054,
    52.440687242422));
#5711 = CARTESIAN_POINT('',(86.848374536651,-55.95623860774,
    52.329593314675));
#5712 = CARTESIAN_POINT('',(86.857247146037,-56.05708193386,
    52.208804718747));
#5713 = CARTESIAN_POINT('',(86.866119222858,-56.14640477039,
    52.079495790553));
#5714 = CARTESIAN_POINT('',(86.874989708698,-56.22340531332,
    51.942976242027));
#5715 = CARTESIAN_POINT('',(86.895645706291,-56.37252485848,
    51.611538228367));
#5716 = CARTESIAN_POINT('',(86.907441425743,-56.43481148188,
    51.411958118623));
#5717 = CARTESIAN_POINT('',(86.919233240963,-56.47269384065,
    51.205334113339));
#5718 = CARTESIAN_POINT('',(86.931021856609,-56.48531758595,
    50.995181997808));
#5719 = CARTESIAN_POINT('',(86.942811227504,-56.47241517946,
    50.78504537729));
#5720 = CARTESIAN_POINT('',(86.954605174733,-56.43425749105,
    50.578469762564));
#5721 = CARTESIAN_POINT('',(86.966403923206,-56.37170473294,
    50.378975330697));
#5722 = CARTESIAN_POINT('',(86.994153882124,-56.17084742252,
    49.934114803289));
#5723 = CARTESIAN_POINT('',(87.01014965563,-56.01321621322,
    49.696640580192));
#5724 = CARTESIAN_POINT('',(87.026128815356,-55.81714914513,
    49.486512166663));
#5725 = CARTESIAN_POINT('',(87.042095467609,-55.58852557572,
    49.310677518969));
#5726 = CARTESIAN_POINT('',(87.058052448406,-55.33419263593,
    49.174676867663));
#5727 = CARTESIAN_POINT('',(87.074012890701,-55.06202259491,
    49.082454942346));
#5728 = CARTESIAN_POINT('',(87.089994830936,-54.78073419285,49.0365));
#5729 = CARTESIAN_POINT('',(87.105949565794,-54.5,49.0365));
#5730 = PCURVE('',#1285,#5731);
#5731 = DEFINITIONAL_REPRESENTATION('',(#5732),#5784);
#5732 = B_SPLINE_CURVE_WITH_KNOTS('',8,(#5733,#5734,#5735,#5736,#5737,
    #5738,#5739,#5740,#5741,#5742,#5743,#5744,#5745,#5746,#5747,#5748,
    #5749,#5750,#5751,#5752,#5753,#5754,#5755,#5756,#5757,#5758,#5759,
    #5760,#5761,#5762,#5763,#5764,#5765,#5766,#5767,#5768,#5769,#5770,
    #5771,#5772,#5773,#5774,#5775,#5776,#5777,#5778,#5779,#5780,#5781,
    #5782,#5783),.UNSPECIFIED.,.F.,.F.,(9,7,7,7,7,7,7,9),(0.,
    8.230776744045E-02,0.277860029944,0.472842314785,0.581270516119,
    0.682691551142,0.817520066511,1.),.UNSPECIFIED.);
#5733 = CARTESIAN_POINT('',(0.440499911305,50.57647611679));
#5734 = CARTESIAN_POINT('',(0.440498397047,50.641480004885));
#5735 = CARTESIAN_POINT('',(0.44049978578,50.706484943074));
#5736 = CARTESIAN_POINT('',(0.440503114679,50.771491415969));
#5737 = CARTESIAN_POINT('',(0.440507409908,50.836499447333));
#5738 = CARTESIAN_POINT('',(0.440511686628,50.901508600082));
#5739 = CARTESIAN_POINT('',(0.440514948989,50.966517976283));
#5740 = CARTESIAN_POINT('',(0.440516190135,51.031526217153));
#5741 = CARTESIAN_POINT('',(0.440510120561,51.250975380345));
#5742 = CARTESIAN_POINT('',(0.440493141072,51.40581247551));
#5743 = CARTESIAN_POINT('',(0.440476925537,51.560448474546));
#5744 = CARTESIAN_POINT('',(0.440520564733,51.714950318574));
#5745 = CARTESIAN_POINT('',(0.440540378369,51.86943986226));
#5746 = CARTESIAN_POINT('',(0.440546285202,52.02404971997));
#5747 = CARTESIAN_POINT('',(0.44053771908,52.178917922952));
#5748 = CARTESIAN_POINT('',(0.440512695847,52.487373199421));
#5749 = CARTESIAN_POINT('',(0.440496020282,52.641766381206));
#5750 = CARTESIAN_POINT('',(0.440483358868,52.795917618547));
#5751 = CARTESIAN_POINT('',(0.440486800374,52.949939053875));
#5752 = CARTESIAN_POINT('',(0.440501298805,53.103952758828));
#5753 = CARTESIAN_POINT('',(0.440513675276,53.258088829179));
#5754 = CARTESIAN_POINT('',(0.440521044202,53.412470677018));
#5755 = CARTESIAN_POINT('',(0.440525197755,53.652131809831));
#5756 = CARTESIAN_POINT('',(0.440524988283,53.737776617079));
#5757 = CARTESIAN_POINT('',(0.440523684295,53.823424228207));
#5758 = CARTESIAN_POINT('',(0.440521829794,53.909076661073));
#5759 = CARTESIAN_POINT('',(0.440519913501,53.994733522791));
#5760 = CARTESIAN_POINT('',(0.440518368848,54.080392009736));
#5761 = CARTESIAN_POINT('',(0.440517573981,54.166046907544));
#5762 = CARTESIAN_POINT('',(0.440518111594,54.331799556519));
#5763 = CARTESIAN_POINT('',(0.440519286855,54.411911430705));
#5764 = CARTESIAN_POINT('',(0.440520971058,54.492029027213));
#5765 = CARTESIAN_POINT('',(0.440522762441,54.572152475574));
#5766 = CARTESIAN_POINT('',(0.440524263972,54.652279221298));
#5767 = CARTESIAN_POINT('',(0.440525083343,54.732404025879));
#5768 = CARTESIAN_POINT('',(0.440524832973,54.812518966791));
#5769 = CARTESIAN_POINT('',(0.440520866101,54.999090546222));
#5770 = CARTESIAN_POINT('',(0.440516360168,55.105642701445));
#5771 = CARTESIAN_POINT('',(0.440509606215,55.212169073536));
#5772 = CARTESIAN_POINT('',(0.44050148338,55.318672322657));
#5773 = CARTESIAN_POINT('',(0.440494505927,55.425177562686));
#5774 = CARTESIAN_POINT('',(0.440491264206,55.531708379258));
#5775 = CARTESIAN_POINT('',(0.440492602914,55.638263246384));
#5776 = CARTESIAN_POINT('',(0.440504323148,55.888837871495));
#5777 = CARTESIAN_POINT('',(0.440517817736,56.033246981381));
#5778 = CARTESIAN_POINT('',(0.440535411428,56.177488794081));
#5779 = CARTESIAN_POINT('',(0.440550757571,56.321627169144));
#5780 = CARTESIAN_POINT('',(0.44054677194,56.465759793675));
#5781 = CARTESIAN_POINT('',(0.440525483915,56.609996597844));
#5782 = CARTESIAN_POINT('',(0.440508872152,56.754407562576));
#5783 = CARTESIAN_POINT('',(0.440501939661,56.898531870167));
#5784 = ( GEOMETRIC_REPRESENTATION_CONTEXT(2) 
PARAMETRIC_REPRESENTATION_CONTEXT() REPRESENTATION_CONTEXT('2D SPACE',''
  ) );
#5785 = PCURVE('',#3245,#5786);
#5786 = DEFINITIONAL_REPRESENTATION('',(#5787),#5839);
#5787 = B_SPLINE_CURVE_WITH_KNOTS('',8,(#5788,#5789,#5790,#5791,#5792,
    #5793,#5794,#5795,#5796,#5797,#5798,#5799,#5800,#5801,#5802,#5803,
    #5804,#5805,#5806,#5807,#5808,#5809,#5810,#5811,#5812,#5813,#5814,
    #5815,#5816,#5817,#5818,#5819,#5820,#5821,#5822,#5823,#5824,#5825,
    #5826,#5827,#5828,#5829,#5830,#5831,#5832,#5833,#5834,#5835,#5836,
    #5837,#5838),.UNSPECIFIED.,.F.,.F.,(9,7,7,7,7,7,7,9),(0.,
    8.230776744045E-02,0.277860029944,0.472842314785,0.581270516119,
    0.682691551142,0.817520066511,1.),.UNSPECIFIED.);
#5788 = CARTESIAN_POINT('',(0.,6.155948933431));
#5789 = CARTESIAN_POINT('',(6.46019503746E-02,6.163145697119));
#5790 = CARTESIAN_POINT('',(0.129207424245,6.170343949264));
#5791 = CARTESIAN_POINT('',(0.193815881854,6.177543269478));
#5792 = CARTESIAN_POINT('',(0.258426608405,6.184743190991));
#5793 = CARTESIAN_POINT('',(0.323038714055,6.19194320065));
#5794 = CARTESIAN_POINT('',(0.387651133925,6.199142738921));
#5795 = CARTESIAN_POINT('',(0.45226262809,6.206341199887));
#5796 = CARTESIAN_POINT('',(0.670374501163,6.230636403775));
#5797 = CARTESIAN_POINT('',(0.824279797024,6.247772636089));
#5798 = CARTESIAN_POINT('',(0.977943608695,6.264886956688));
#5799 = CARTESIAN_POINT('',(1.131478843461,6.282014368526));
#5800 = CARTESIAN_POINT('',(1.285016749141,6.299129250187));
#5801 = CARTESIAN_POINT('',(1.438678029119,6.316250935163));
#5802 = CARTESIAN_POINT('',(1.59259698644,6.333394454067));
#5803 = CARTESIAN_POINT('',(1.899159078772,6.367535955565));
#5804 = CARTESIAN_POINT('',(2.052603451731,6.384623091038));
#5805 = CARTESIAN_POINT('',(2.205804516405,6.401685322792));
#5806 = CARTESIAN_POINT('',(2.35887511939,6.418740721188));
#5807 = CARTESIAN_POINT('',(2.511943056229,6.435800438191));
#5808 = CARTESIAN_POINT('',(2.665135543577,6.452872711905));
#5809 = CARTESIAN_POINT('',(2.818572501894,6.469969854414));
#5810 = CARTESIAN_POINT('',(3.056764282439,6.496507907097));
#5811 = CARTESIAN_POINT('',(3.141883491585,6.505990697476));
#5812 = CARTESIAN_POINT('',(3.227004662574,6.515473285099));
#5813 = CARTESIAN_POINT('',(3.312129660418,6.524956147784));
#5814 = CARTESIAN_POINT('',(3.397258125131,6.534439470718));
#5815 = CARTESIAN_POINT('',(3.482387471731,6.543923146461));
#5816 = CARTESIAN_POINT('',(3.567512890239,6.55340677494));
#5817 = CARTESIAN_POINT('',(3.732241284303,6.571759720845));
#5818 = CARTESIAN_POINT('',(3.811858182999,6.580630528378));
#5819 = CARTESIAN_POINT('',(3.891481236907,6.589502208023));
#5820 = CARTESIAN_POINT('',(3.971110834659,6.598374586651));
#5821 = CARTESIAN_POINT('',(4.050744558372,6.607247196037));
#5822 = CARTESIAN_POINT('',(4.130377183655,6.616119272858));
#5823 = CARTESIAN_POINT('',(4.210000679606,6.624989758698));
#5824 = CARTESIAN_POINT('',(4.395428662867,6.645645756291));
#5825 = CARTESIAN_POINT('',(4.501328375073,6.657441475743));
#5826 = CARTESIAN_POINT('',(4.607202534233,6.669233290963));
#5827 = CARTESIAN_POINT('',(4.713052898493,6.681021906609));
#5828 = CARTESIAN_POINT('',(4.818903865836,6.692811277504));
#5829 = CARTESIAN_POINT('',(4.924779055429,6.704605224733));
#5830 = CARTESIAN_POINT('',(5.030677781641,6.716403973206));
#5831 = CARTESIAN_POINT('',(5.279709929402,6.744153932124));
#5832 = CARTESIAN_POINT('',(5.423230473432,6.76014970563));
#5833 = CARTESIAN_POINT('',(5.566586774355,6.776128865356));
#5834 = CARTESIAN_POINT('',(5.709842729036,6.792095517609));
#5835 = CARTESIAN_POINT('',(5.853094753361,6.808052498406));
#5836 = CARTESIAN_POINT('',(5.99643997264,6.824012940701));
#5837 = CARTESIAN_POINT('',(6.139953576129,6.839994880936));
#5838 = CARTESIAN_POINT('',(6.28318530718,6.855949615794));
#5839 = ( GEOMETRIC_REPRESENTATION_CONTEXT(2) 
PARAMETRIC_REPRESENTATION_CONTEXT() REPRESENTATION_CONTEXT('2D SPACE',''
  ) );
#5840 = ORIENTED_EDGE('',*,*,#5841,.T.);
#5841 = EDGE_CURVE('',#5675,#5842,#5844,.T.);
#5842 = VERTEX_POINT('',#5843);
#5843 = CARTESIAN_POINT('',(87.80595081155,-54.5,49.0365));
#5844 = SURFACE_CURVE('',#5845,(#5897,#5952),.PCURVE_S1.);
#5845 = B_SPLINE_CURVE_WITH_KNOTS('',8,(#5846,#5847,#5848,#5849,#5850,
    #5851,#5852,#5853,#5854,#5855,#5856,#5857,#5858,#5859,#5860,#5861,
    #5862,#5863,#5864,#5865,#5866,#5867,#5868,#5869,#5870,#5871,#5872,
    #5873,#5874,#5875,#5876,#5877,#5878,#5879,#5880,#5881,#5882,#5883,
    #5884,#5885,#5886,#5887,#5888,#5889,#5890,#5891,#5892,#5893,#5894,
    #5895,#5896),.UNSPECIFIED.,.F.,.F.,(9,7,7,7,7,7,7,9),(0.,
    0.100676565967,0.267884407795,0.419494686474,0.603813391941,
    0.738852488027,0.881071437772,1.),.UNSPECIFIED.);
#5846 = CARTESIAN_POINT('',(87.105949565794,-54.5,49.0365));
#5847 = CARTESIAN_POINT('',(87.114751747428,-54.34511974794,49.0365));
#5848 = CARTESIAN_POINT('',(87.123557370352,-54.19018307025,
    49.050497419658));
#5849 = CARTESIAN_POINT('',(87.132364896489,-54.0367363767,
    49.078481517271));
#5850 = CARTESIAN_POINT('',(87.141173033705,-53.88626438786,
    49.120264176607));
#5851 = CARTESIAN_POINT('',(87.149980735803,-53.74019013513,
    49.175479906897));
#5852 = CARTESIAN_POINT('',(87.158787202532,-53.59987496075,
    49.243585842844));
#5853 = CARTESIAN_POINT('',(87.167591879578,-53.46661851775,
    49.323861744616));
#5854 = CARTESIAN_POINT('',(87.191014149083,-53.13412040659,
    49.567457156977));
#5855 = CARTESIAN_POINT('',(87.205650856564,-52.94911237926,
    49.750845562598));
#5856 = CARTESIAN_POINT('',(87.220282557857,-52.79263334686,
    49.96138760413));
#5857 = CARTESIAN_POINT('',(87.234917162795,-52.66914141295,
    50.193756771826));
#5858 = CARTESIAN_POINT('',(87.249553097597,-52.58189151428,
    50.442026515956));
#5859 = CARTESIAN_POINT('',(87.264189297668,-52.5330553565,
    50.699782085669));
#5860 = CARTESIAN_POINT('',(87.278832751346,-52.52352494363,
    50.960106686221));
#5861 = CARTESIAN_POINT('',(87.306707025674,-52.57839227275,
    51.447533482051));
#5862 = CARTESIAN_POINT('',(87.319974876664,-52.63603956026,
    51.676037110465));
#5863 = CARTESIAN_POINT('',(87.333235667215,-52.72475743844,
    51.895870562833));
#5864 = CARTESIAN_POINT('',(87.346492761804,-52.8428860943,
    52.102115383822));
#5865 = CARTESIAN_POINT('',(87.359752262276,-52.987964543,
    52.290353026515));
#5866 = CARTESIAN_POINT('',(87.373018765949,-53.15684730092,
    52.45664350278));
#5867 = CARTESIAN_POINT('',(87.386292852965,-53.34565978344,
    52.597599483769));
#5868 = CARTESIAN_POINT('',(87.415680596027,-53.79773318386,
    52.848217233397));
#5869 = CARTESIAN_POINT('',(87.431838587454,-54.06903133157,
    52.944990953992));
#5870 = CARTESIAN_POINT('',(87.447973853729,-54.35498434391,
    52.995882153524));
#5871 = CARTESIAN_POINT('',(87.464094615378,-54.64647657148,
    52.998830182911));
#5872 = CARTESIAN_POINT('',(87.48021373251,-54.93444251188,
    52.953497353498));
#5873 = CARTESIAN_POINT('',(87.496346132235,-55.2099483225,
    52.861520377894));
#5874 = CARTESIAN_POINT('',(87.512499080459,-55.46425269576,
    52.726308533579));
#5875 = CARTESIAN_POINT('',(87.540430123995,-55.85474817444,
    52.428080969795));
#5876 = CARTESIAN_POINT('',(87.552252742388,-56.00475327146,
    52.281848286063));
#5877 = CARTESIAN_POINT('',(87.564072459556,-56.13656018331,
    52.117736059016));
#5878 = CARTESIAN_POINT('',(87.575887256011,-56.24771713163,
    51.938478010031));
#5879 = CARTESIAN_POINT('',(87.587698862248,-56.3363077628,
    51.747100560304));
#5880 = CARTESIAN_POINT('',(87.599510533125,-56.40090603814,
    51.546859207916));
#5881 = CARTESIAN_POINT('',(87.61132513062,-56.44060969058,
    51.341230122743));
#5882 = CARTESIAN_POINT('',(87.635576526684,-56.47052336571,
    50.915512843352));
#5883 = CARTESIAN_POINT('',(87.648024556832,-56.45797674475,
    50.695034381691));
#5884 = CARTESIAN_POINT('',(87.660469779339,-56.41725405165,
    50.476816076453));
#5885 = CARTESIAN_POINT('',(87.672912097084,-56.3488229504,
    50.265081488011));
#5886 = CARTESIAN_POINT('',(87.685356655818,-56.25387365318,
    50.063843445522));
#5887 = CARTESIAN_POINT('',(87.697808050584,-56.13428851201,
    49.876837562267));
#5888 = CARTESIAN_POINT('',(87.710264532128,-55.99261161039,
    49.707455751008));
#5889 = CARTESIAN_POINT('',(87.733121408632,-55.69772454249,
    49.434267927863));
#5890 = CARTESIAN_POINT('',(87.743532733398,-55.55011093031,
    49.324167666553));
#5891 = CARTESIAN_POINT('',(87.753940041433,-55.39103151965,
    49.230078081949));
#5892 = CARTESIAN_POINT('',(87.764342733699,-55.22252542756,
    49.153381256079));
#5893 = CARTESIAN_POINT('',(87.774743281463,-55.04679017904,
    49.095132108198));
#5894 = CARTESIAN_POINT('',(87.785144749466,-54.86615499925,
    49.056048276528));
#5895 = CARTESIAN_POINT('',(87.795548319095,-54.6830541056,49.0365));
#5896 = CARTESIAN_POINT('',(87.80595081155,-54.5,49.0365));
#5897 = PCURVE('',#1285,#5898);
#5898 = DEFINITIONAL_REPRESENTATION('',(#5899),#5951);
#5899 = B_SPLINE_CURVE_WITH_KNOTS('',8,(#5900,#5901,#5902,#5903,#5904,
    #5905,#5906,#5907,#5908,#5909,#5910,#5911,#5912,#5913,#5914,#5915,
    #5916,#5917,#5918,#5919,#5920,#5921,#5922,#5923,#5924,#5925,#5926,
    #5927,#5928,#5929,#5930,#5931,#5932,#5933,#5934,#5935,#5936,#5937,
    #5938,#5939,#5940,#5941,#5942,#5943,#5944,#5945,#5946,#5947,#5948,
    #5949,#5950),.UNSPECIFIED.,.F.,.F.,(9,7,7,7,7,7,7,9),(0.,
    0.100676565967,0.267884407795,0.419494686474,0.603813391941,
    0.738852488027,0.881071437772,1.),.UNSPECIFIED.);
#5900 = CARTESIAN_POINT('',(0.440501939661,56.898531870167));
#5901 = CARTESIAN_POINT('',(0.440498115026,56.97804483886));
#5902 = CARTESIAN_POINT('',(0.440498929824,57.057569063154));
#5903 = CARTESIAN_POINT('',(0.440502672983,57.137098229836));
#5904 = CARTESIAN_POINT('',(0.440507727593,57.216627695035));
#5905 = CARTESIAN_POINT('',(0.440512570912,57.296154484226));
#5906 = CARTESIAN_POINT('',(0.440515774362,57.375677292229));
#5907 = CARTESIAN_POINT('',(0.440516003531,57.455196483206));
#5908 = CARTESIAN_POINT('',(0.440505399119,57.666780251276));
#5909 = CARTESIAN_POINT('',(0.440492611112,57.799025363835));
#5910 = CARTESIAN_POINT('',(0.440489941738,57.931182519553));
#5911 = CARTESIAN_POINT('',(0.440509255377,58.063273273768));
#5912 = CARTESIAN_POINT('',(0.440532403316,58.195360041272));
#5913 = CARTESIAN_POINT('',(0.44054037201,58.327513429049));
#5914 = CARTESIAN_POINT('',(0.440540287158,58.459766399028));
#5915 = CARTESIAN_POINT('',(0.440527138651,58.711568952442));
#5916 = CARTESIAN_POINT('',(0.440515689277,58.831446157027));
#5917 = CARTESIAN_POINT('',(0.440501758049,58.951270051814));
#5918 = CARTESIAN_POINT('',(0.440491631884,59.071044452483));
#5919 = CARTESIAN_POINT('',(0.440488749832,59.190809944825));
#5920 = CARTESIAN_POINT('',(0.440492241132,59.310611739877));
#5921 = CARTESIAN_POINT('',(0.440498745161,59.430469284084));
#5922 = CARTESIAN_POINT('',(0.440514459507,59.695818525562));
#5923 = CARTESIAN_POINT('',(0.440523924837,59.841709559837));
#5924 = CARTESIAN_POINT('',(0.440529705236,59.987410934439));
#5925 = CARTESIAN_POINT('',(0.44052750976,60.133015035914));
#5926 = CARTESIAN_POINT('',(0.440521027412,60.278622436351));
#5927 = CARTESIAN_POINT('',(0.44051723096,60.424338489966));
#5928 = CARTESIAN_POINT('',(0.440516845897,60.570225729969));
#5929 = CARTESIAN_POINT('',(0.440519681802,60.822473405967));
#5930 = CARTESIAN_POINT('',(0.440521959172,60.929239943212));
#5931 = CARTESIAN_POINT('',(0.440524750857,61.035978091452));
#5932 = CARTESIAN_POINT('',(0.440526673392,61.142675446837));
#5933 = CARTESIAN_POINT('',(0.440526053495,61.249354701311));
#5934 = CARTESIAN_POINT('',(0.440522256554,61.356047933739));
#5935 = CARTESIAN_POINT('',(0.44051641043,61.462776237655));
#5936 = CARTESIAN_POINT('',(0.440503497434,61.681857407472));
#5937 = CARTESIAN_POINT('',(0.440496031945,61.794313394142));
#5938 = CARTESIAN_POINT('',(0.440490636415,61.906735291908));
#5939 = CARTESIAN_POINT('',(0.440489547396,62.019112794494));
#5940 = CARTESIAN_POINT('',(0.440493878858,62.131487684525));
#5941 = CARTESIAN_POINT('',(0.440503174806,62.24390339287));
#5942 = CARTESIAN_POINT('',(0.440514961908,62.356354557969));
#5943 = CARTESIAN_POINT('',(0.440532112721,62.562714447742));
#5944 = CARTESIAN_POINT('',(0.440538922324,62.656715775126));
#5945 = CARTESIAN_POINT('',(0.440541682789,62.750697921885));
#5946 = CARTESIAN_POINT('',(0.440539234358,62.844660352438));
#5947 = CARTESIAN_POINT('',(0.440532038094,62.938623411978));
#5948 = CARTESIAN_POINT('',(0.44052190833,63.032607097399));
#5949 = CARTESIAN_POINT('',(0.440511745118,63.12660982822));
#5950 = CARTESIAN_POINT('',(0.440505266682,63.220587217512));
#5951 = ( GEOMETRIC_REPRESENTATION_CONTEXT(2) 
PARAMETRIC_REPRESENTATION_CONTEXT() REPRESENTATION_CONTEXT('2D SPACE',''
  ) );
#5952 = PCURVE('',#3087,#5953);
#5953 = DEFINITIONAL_REPRESENTATION('',(#5954),#6006);
#5954 = B_SPLINE_CURVE_WITH_KNOTS('',8,(#5955,#5956,#5957,#5958,#5959,
    #5960,#5961,#5962,#5963,#5964,#5965,#5966,#5967,#5968,#5969,#5970,
    #5971,#5972,#5973,#5974,#5975,#5976,#5977,#5978,#5979,#5980,#5981,
    #5982,#5983,#5984,#5985,#5986,#5987,#5988,#5989,#5990,#5991,#5992,
    #5993,#5994,#5995,#5996,#5997,#5998,#5999,#6000,#6001,#6002,#6003,
    #6004,#6005),.UNSPECIFIED.,.F.,.F.,(9,7,7,7,7,7,7,9),(0.,
    0.100676565967,0.267884407795,0.419494686474,0.603813391941,
    0.738852488027,0.881071437772,1.),.UNSPECIFIED.);
#5955 = CARTESIAN_POINT('',(0.,6.855949615794));
#5956 = CARTESIAN_POINT('',(7.902053676538E-02,6.864751797428));
#5957 = CARTESIAN_POINT('',(0.158055171782,6.873557420352));
#5958 = CARTESIAN_POINT('',(0.237096592477,6.882364946489));
#5959 = CARTESIAN_POINT('',(0.316139436677,6.891173083705));
#5960 = CARTESIAN_POINT('',(0.395180292604,6.899980785803));
#5961 = CARTESIAN_POINT('',(0.47421769888,6.908787252532));
#5962 = CARTESIAN_POINT('',(0.553252144524,6.917591929578));
#5963 = CARTESIAN_POINT('',(0.763548908598,6.941014199083));
#5964 = CARTESIAN_POINT('',(0.894989273245,6.955650906564));
#5965 = CARTESIAN_POINT('',(1.026321687585,6.970282607857));
#5966 = CARTESIAN_POINT('',(1.157587466105,6.984917212795));
#5967 = CARTESIAN_POINT('',(1.288857385292,6.999553147597));
#5968 = CARTESIAN_POINT('',(1.420197670386,7.014189347668));
#5969 = CARTESIAN_POINT('',(1.551639188947,7.028832801346));
#5970 = CARTESIAN_POINT('',(1.801896920059,7.056707075674));
#5971 = CARTESIAN_POINT('',(1.921038777017,7.069974926664));
#5972 = CARTESIAN_POINT('',(2.040126345995,7.083235717215));
#5973 = CARTESIAN_POINT('',(2.159162803979,7.096492811804));
#5974 = CARTESIAN_POINT('',(2.278189922399,7.109752312276));
#5975 = CARTESIAN_POINT('',(2.39725435626,7.123018815949));
#5976 = CARTESIAN_POINT('',(2.516375604323,7.136292902965));
#5977 = CARTESIAN_POINT('',(2.780097135823,7.165680646027));
#5978 = CARTESIAN_POINT('',(2.925094803611,7.181838637454));
#5979 = CARTESIAN_POINT('',(3.069904822601,7.197973903729));
#5980 = CARTESIAN_POINT('',(3.214616732067,7.214094665378));
#5981 = CARTESIAN_POINT('',(3.35932726303,7.23021378251));
#5982 = CARTESIAN_POINT('',(3.50414268829,7.246346182235));
#5983 = CARTESIAN_POINT('',(3.649127675799,7.262499130459));
#5984 = CARTESIAN_POINT('',(3.899817269632,7.290430173995));
#5985 = CARTESIAN_POINT('',(4.005924944891,7.302252792388));
#5986 = CARTESIAN_POINT('',(4.112005675697,7.314072509556));
#5987 = CARTESIAN_POINT('',(4.218047634818,7.325887306011));
#5988 = CARTESIAN_POINT('',(4.32407312046,7.337698912248));
#5989 = CARTESIAN_POINT('',(4.430113181173,7.349510583125));
#5990 = CARTESIAN_POINT('',(4.536187901911,7.36132518062));
#5991 = CARTESIAN_POINT('',(4.753926141898,7.385576576684));
#5992 = CARTESIAN_POINT('',(4.865692186837,7.398024606832));
#5993 = CARTESIAN_POINT('',(4.977422816382,7.410469829339));
#5994 = CARTESIAN_POINT('',(5.089108081233,7.422912147084));
#5995 = CARTESIAN_POINT('',(5.200790452575,7.435356705818));
#5996 = CARTESIAN_POINT('',(5.31251411811,7.447808100584));
#5997 = CARTESIAN_POINT('',(5.42427427811,7.460264582128));
#5998 = CARTESIAN_POINT('',(5.629367415245,7.483121458632));
#5999 = CARTESIAN_POINT('',(5.722792176125,7.493532783398));
#6000 = CARTESIAN_POINT('',(5.816198093867,7.503940091433));
#6001 = CARTESIAN_POINT('',(5.909583681423,7.514342783699));
#6002 = CARTESIAN_POINT('',(6.002968100409,7.524743331463));
#6003 = CARTESIAN_POINT('',(6.096370666584,7.535144799466));
#6004 = CARTESIAN_POINT('',(6.189790355339,7.545548369095));
#6005 = CARTESIAN_POINT('',(6.28318530718,7.55595086155));
#6006 = ( GEOMETRIC_REPRESENTATION_CONTEXT(2) 
PARAMETRIC_REPRESENTATION_CONTEXT() REPRESENTATION_CONTEXT('2D SPACE',''
  ) );
#6007 = ORIENTED_EDGE('',*,*,#6008,.T.);
#6008 = EDGE_CURVE('',#5842,#6009,#6011,.T.);
#6009 = VERTEX_POINT('',#6010);
#6010 = CARTESIAN_POINT('',(88.5059525222,-54.5,49.0365));
#6011 = SURFACE_CURVE('',#6012,(#6057,#6105),.PCURVE_S1.);
#6012 = B_SPLINE_CURVE_WITH_KNOTS('',8,(#6013,#6014,#6015,#6016,#6017,
    #6018,#6019,#6020,#6021,#6022,#6023,#6024,#6025,#6026,#6027,#6028,
    #6029,#6030,#6031,#6032,#6033,#6034,#6035,#6036,#6037,#6038,#6039,
    #6040,#6041,#6042,#6043,#6044,#6045,#6046,#6047,#6048,#6049,#6050,
    #6051,#6052,#6053,#6054,#6055,#6056),.UNSPECIFIED.,.F.,.F.,(9,7,7,7,
    7,7,9),(0.,0.183278315092,0.322103229415,0.503024790884,
    0.694012574415,0.847312209474,1.),.UNSPECIFIED.);
#6013 = CARTESIAN_POINT('',(87.80595081155,-54.5,49.0365));
#6014 = CARTESIAN_POINT('',(87.821972588632,-54.21806256178,49.0365));
#6015 = CARTESIAN_POINT('',(87.838028627514,-53.93555195618,
    49.082852753343));
#6016 = CARTESIAN_POINT('',(87.854080643798,-53.66225434911,
    49.17586562637));
#6017 = CARTESIAN_POINT('',(87.870116644307,-53.40708125187,
    49.313060500778));
#6018 = CARTESIAN_POINT('',(87.886134136665,-53.17791286474,
    49.49030968602));
#6019 = CARTESIAN_POINT('',(87.90215760472,-52.9817266214,
    49.702093531454));
#6020 = CARTESIAN_POINT('',(87.918221966311,-52.82441116653,
    49.941278347104));
#6021 = CARTESIAN_POINT('',(87.946397055234,-52.62275179902,
    50.393884108282));
#6022 = CARTESIAN_POINT('',(87.958553327316,-52.56004849156,
    50.599958435947));
#6023 = CARTESIAN_POINT('',(87.970704791096,-52.52331619835,
    50.813290006866));
#6024 = CARTESIAN_POINT('',(87.98284741999,-52.51343932807,
    51.030000504053));
#6025 = CARTESIAN_POINT('',(87.994983972532,-52.5306318659,
    51.246215354803));
#6026 = CARTESIAN_POINT('',(88.007120193802,-52.57451134092,
    51.458097337558));
#6027 = CARTESIAN_POINT('',(88.01926023956,-52.64406225923,
    51.661873948709));
#6028 = CARTESIAN_POINT('',(88.047214981053,-52.85929393524,
    52.104280758969));
#6029 = CARTESIAN_POINT('',(88.063060127226,-53.02191490065,
    52.335257042271));
#6030 = CARTESIAN_POINT('',(88.078890715582,-53.22151175314,
    52.538353301599));
#6031 = CARTESIAN_POINT('',(88.09471622319,-53.4522257528,
    52.706984807021));
#6032 = CARTESIAN_POINT('',(88.110543673837,-53.70727338216,
    52.835920194237));
#6033 = CARTESIAN_POINT('',(88.126380599568,-53.9789183081,
    52.921475706189));
#6034 = CARTESIAN_POINT('',(88.142234366462,-54.25860705331,
    52.961394666456));
#6035 = CARTESIAN_POINT('',(88.174758916426,-54.83070321661,
    52.950618414907));
#6036 = CARTESIAN_POINT('',(88.191497499862,-55.12421246432,
    52.894733923508));
#6037 = CARTESIAN_POINT('',(88.208211059693,-55.40626138506,
    52.788317503306));
#6038 = CARTESIAN_POINT('',(88.224914260602,-55.66694341643,
    52.634594227035));
#6039 = CARTESIAN_POINT('',(88.24162151291,-55.8974202354,
    52.438439725645));
#6040 = CARTESIAN_POINT('',(88.258342801939,-56.09017010433,
    52.20659582259));
#6041 = CARTESIAN_POINT('',(88.275085622036,-56.23887755463,
    51.947414977956));
#6042 = CARTESIAN_POINT('',(88.305190469439,-56.42130805544,
    51.450150144171));
#6043 = CARTESIAN_POINT('',(88.318608847323,-56.47218019286,
    51.21731377972));
#6044 = CARTESIAN_POINT('',(88.332019712202,-56.49065957327,
    50.978248018874));
#6045 = CARTESIAN_POINT('',(88.345424743525,-56.47601616523,
    50.738258771352));
#6046 = CARTESIAN_POINT('',(88.358830928647,-56.42849405784,
    50.502565321921));
#6047 = CARTESIAN_POINT('',(88.372245244137,-56.34919882604,
    50.276271670379));
#6048 = CARTESIAN_POINT('',(88.385669060668,-56.2401908101,
    50.064315159583));
#6049 = CARTESIAN_POINT('',(88.412436874497,-55.96989425952,
    49.678850461636));
#6050 = CARTESIAN_POINT('',(88.42581064636,-55.80851662935,
    49.504765016928));
#6051 = CARTESIAN_POINT('',(88.439177940548,-55.6237157193,
    49.353536858106));
#6052 = CARTESIAN_POINT('',(88.452537126018,-55.41939575259,
    49.228748735285));
#6053 = CARTESIAN_POINT('',(88.465890423291,-55.1999286395,
    49.133140094066));
#6054 = CARTESIAN_POINT('',(88.479243346024,-54.97006443939,
    49.068685130103));
#6055 = CARTESIAN_POINT('',(88.492602436125,-54.73493834157,49.0365));
#6056 = CARTESIAN_POINT('',(88.5059525222,-54.5,49.0365));
#6057 = PCURVE('',#1285,#6058);
#6058 = DEFINITIONAL_REPRESENTATION('',(#6059),#6104);
#6059 = B_SPLINE_CURVE_WITH_KNOTS('',8,(#6060,#6061,#6062,#6063,#6064,
    #6065,#6066,#6067,#6068,#6069,#6070,#6071,#6072,#6073,#6074,#6075,
    #6076,#6077,#6078,#6079,#6080,#6081,#6082,#6083,#6084,#6085,#6086,
    #6087,#6088,#6089,#6090,#6091,#6092,#6093,#6094,#6095,#6096,#6097,
    #6098,#6099,#6100,#6101,#6102,#6103),.UNSPECIFIED.,.F.,.F.,(9,7,7,7,
    7,7,9),(0.,0.183278315092,0.322103229415,0.503024790884,
    0.694012574415,0.847312209474,1.),.UNSPECIFIED.);
#6060 = CARTESIAN_POINT('',(0.440505266682,63.220587217512));
#6061 = CARTESIAN_POINT('',(0.440495288682,63.365329911476));
#6062 = CARTESIAN_POINT('',(0.440487473606,63.51037355794));
#6063 = CARTESIAN_POINT('',(0.440519448993,63.655208818162));
#6064 = CARTESIAN_POINT('',(0.440537263743,63.799966944093));
#6065 = CARTESIAN_POINT('',(0.440515531708,63.944724514616));
#6066 = CARTESIAN_POINT('',(0.440486545269,64.089558798675));
#6067 = CARTESIAN_POINT('',(0.440496565543,64.234602569507));
#6068 = CARTESIAN_POINT('',(0.440515775057,64.488984606076));
#6069 = CARTESIAN_POINT('',(0.44052777402,64.598723318509));
#6070 = CARTESIAN_POINT('',(0.440539554815,64.708419640592));
#6071 = CARTESIAN_POINT('',(0.440544167842,64.818066518423));
#6072 = CARTESIAN_POINT('',(0.440540154585,64.927694981015));
#6073 = CARTESIAN_POINT('',(0.440530831107,65.037342879519));
#6074 = CARTESIAN_POINT('',(0.440520125909,65.14703113648));
#6075 = CARTESIAN_POINT('',(0.440498521221,65.399596080554));
#6076 = CARTESIAN_POINT('',(0.440488553745,65.54274382721));
#6077 = CARTESIAN_POINT('',(0.440486833923,65.685725200914));
#6078 = CARTESIAN_POINT('',(0.440496882271,65.828610940221));
#6079 = CARTESIAN_POINT('',(0.440510290022,65.971500026067));
#6080 = CARTESIAN_POINT('',(0.440519593803,66.114492030609));
#6081 = CARTESIAN_POINT('',(0.440523891691,66.257657307452));
#6082 = CARTESIAN_POINT('',(0.440525246212,66.551397399527));
#6083 = CARTESIAN_POINT('',(0.44052190277,66.702586247945));
#6084 = CARTESIAN_POINT('',(0.440516186648,66.853559157702));
#6085 = CARTESIAN_POINT('',(0.44051312802,67.004427317245));
#6086 = CARTESIAN_POINT('',(0.440517934901,67.155298849877));
#6087 = CARTESIAN_POINT('',(0.440523760507,67.306292818151));
#6088 = CARTESIAN_POINT('',(0.440526003619,67.457496325157));
#6089 = CARTESIAN_POINT('',(0.440522142295,67.729404847662));
#6090 = CARTESIAN_POINT('',(0.44051758052,67.850612293642));
#6091 = CARTESIAN_POINT('',(0.440509843998,67.971765270603));
#6092 = CARTESIAN_POINT('',(0.440499844023,68.092875109939));
#6093 = CARTESIAN_POINT('',(0.440491752785,68.213987320094));
#6094 = CARTESIAN_POINT('',(0.440489655452,68.335147680794));
#6095 = CARTESIAN_POINT('',(0.440493860067,68.456367282761));
#6096 = CARTESIAN_POINT('',(0.440509884466,68.698053519856));
#6097 = CARTESIAN_POINT('',(0.440521702856,68.818789069928));
#6098 = CARTESIAN_POINT('',(0.440534949538,68.939460120773));
#6099 = CARTESIAN_POINT('',(0.440544829366,69.060072169051));
#6100 = CARTESIAN_POINT('',(0.440544552778,69.180673901281));
#6101 = CARTESIAN_POINT('',(0.440533281012,69.301318597196));
#6102 = CARTESIAN_POINT('',(0.440519737401,69.422028450144));
#6103 = CARTESIAN_POINT('',(0.440509612407,69.542642445871));
#6104 = ( GEOMETRIC_REPRESENTATION_CONTEXT(2) 
PARAMETRIC_REPRESENTATION_CONTEXT() REPRESENTATION_CONTEXT('2D SPACE',''
  ) );
#6105 = PCURVE('',#2915,#6106);
#6106 = DEFINITIONAL_REPRESENTATION('',(#6107),#6152);
#6107 = B_SPLINE_CURVE_WITH_KNOTS('',8,(#6108,#6109,#6110,#6111,#6112,
    #6113,#6114,#6115,#6116,#6117,#6118,#6119,#6120,#6121,#6122,#6123,
    #6124,#6125,#6126,#6127,#6128,#6129,#6130,#6131,#6132,#6133,#6134,
    #6135,#6136,#6137,#6138,#6139,#6140,#6141,#6142,#6143,#6144,#6145,
    #6146,#6147,#6148,#6149,#6150,#6151),.UNSPECIFIED.,.F.,.F.,(9,7,7,7,
    7,7,9),(0.,0.183278315092,0.322103229415,0.503024790884,
    0.694012574415,0.847312209474,1.),.UNSPECIFIED.);
#6108 = CARTESIAN_POINT('',(0.,7.55595086155));
#6109 = CARTESIAN_POINT('',(0.143845631743,7.571972638632));
#6110 = CARTESIAN_POINT('',(0.287983976164,7.588028677514));
#6111 = CARTESIAN_POINT('',(0.431957279761,7.604080693797));
#6112 = CARTESIAN_POINT('',(0.575824958133,7.620116694307));
#6113 = CARTESIAN_POINT('',(0.719692646843,7.636134186665));
#6114 = CARTESIAN_POINT('',(0.863664869742,7.65215765472));
#6115 = CARTESIAN_POINT('',(1.007800173269,7.668222016311));
#6116 = CARTESIAN_POINT('',(1.260605382165,7.696397105234));
#6117 = CARTESIAN_POINT('',(1.369663925935,7.708553377316));
#6118 = CARTESIAN_POINT('',(1.478683330842,7.720704841096));
#6119 = CARTESIAN_POINT('',(1.587657158951,7.73284746999));
#6120 = CARTESIAN_POINT('',(1.696614165292,7.744984022532));
#6121 = CARTESIAN_POINT('',(1.805589789634,7.757120243802));
#6122 = CARTESIAN_POINT('',(1.914604627137,7.76926028956));
#6123 = CARTESIAN_POINT('',(2.165616977742,7.797215031053));
#6124 = CARTESIAN_POINT('',(2.307883319483,7.813060177226));
#6125 = CARTESIAN_POINT('',(2.449983195426,7.828890765581));
#6126 = CARTESIAN_POINT('',(2.591989421973,7.84471627319));
#6127 = CARTESIAN_POINT('',(2.734003010341,7.860543723837));
#6128 = CARTESIAN_POINT('',(2.876120249713,7.876380649568));
#6129 = CARTESIAN_POINT('',(3.018408912316,7.892234416462));
#6130 = CARTESIAN_POINT('',(3.310346487505,7.924758966425));
#6131 = CARTESIAN_POINT('',(3.460605445543,7.941497549862));
#6132 = CARTESIAN_POINT('',(3.610646412793,7.958211109693));
#6133 = CARTESIAN_POINT('',(3.760579844984,7.974914310602));
#6134 = CARTESIAN_POINT('',(3.910517241773,7.99162156291));
#6135 = CARTESIAN_POINT('',(4.060580343469,8.008342851939));
#6136 = CARTESIAN_POINT('',(4.210854965285,8.025085672036));
#6137 = CARTESIAN_POINT('',(4.48109615485,8.055190519439));
#6138 = CARTESIAN_POINT('',(4.601561449288,8.068608897323));
#6139 = CARTESIAN_POINT('',(4.721972925936,8.082019762202));
#6140 = CARTESIAN_POINT('',(4.842340398452,8.095424793525));
#6141 = CARTESIAN_POINT('',(4.962708211684,8.108830978647));
#6142 = CARTESIAN_POINT('',(5.083122337981,8.122245294137));
#6143 = CARTESIAN_POINT('',(5.203595351083,8.135669110668));
#6144 = CARTESIAN_POINT('',(5.443794349377,8.162436924497));
#6145 = CARTESIAN_POINT('',(5.563787642598,8.17581069636));
#6146 = CARTESIAN_POINT('',(5.68371800031,8.189177990548));
#6147 = CARTESIAN_POINT('',(5.803591644177,8.202537176018));
#6148 = CARTESIAN_POINT('',(5.923454561749,8.215890473291));
#6149 = CARTESIAN_POINT('',(6.043356404677,8.229243396024));
#6150 = CARTESIAN_POINT('',(6.163318806375,8.242602486125));
#6151 = CARTESIAN_POINT('',(6.28318530718,8.2559525722));
#6152 = ( GEOMETRIC_REPRESENTATION_CONTEXT(2) 
PARAMETRIC_REPRESENTATION_CONTEXT() REPRESENTATION_CONTEXT('2D SPACE',''
  ) );
#6153 = ORIENTED_EDGE('',*,*,#6154,.T.);
#6154 = EDGE_CURVE('',#6009,#6155,#6157,.T.);
#6155 = VERTEX_POINT('',#6156);
#6156 = CARTESIAN_POINT('',(89.205954555298,-54.5,49.0365));
#6157 = SURFACE_CURVE('',#6158,(#6209,#6263),.PCURVE_S1.);
#6158 = B_SPLINE_CURVE_WITH_KNOTS('',7,(#6159,#6160,#6161,#6162,#6163,
    #6164,#6165,#6166,#6167,#6168,#6169,#6170,#6171,#6172,#6173,#6174,
    #6175,#6176,#6177,#6178,#6179,#6180,#6181,#6182,#6183,#6184,#6185,
    #6186,#6187,#6188,#6189,#6190,#6191,#6192,#6193,#6194,#6195,#6196,
    #6197,#6198,#6199,#6200,#6201,#6202,#6203,#6204,#6205,#6206,#6207,
    #6208),.UNSPECIFIED.,.F.,.F.,(8,6,6,6,6,6,6,6,8),(0.,
    9.454829049394E-02,0.245299877581,0.403611192769,0.5015722068,
    0.629496018802,0.754137228685,0.876020264211,1.),.UNSPECIFIED.);
#6159 = CARTESIAN_POINT('',(88.5059525222,-54.5,49.0365));
#6160 = CARTESIAN_POINT('',(88.515399505369,-54.33374949447,49.0365));
#6161 = CARTESIAN_POINT('',(88.524850179951,-54.1674285151,
    49.052970453725));
#6162 = CARTESIAN_POINT('',(88.534302428334,-54.00310138603,
    49.085884427136));
#6163 = CARTESIAN_POINT('',(88.543754908501,-53.84272641383,
    49.134946551743));
#6164 = CARTESIAN_POINT('',(88.553207054032,-53.68815588755,
    49.199593024597));
#6165 = CARTESIAN_POINT('',(88.562659074108,-53.54113607868,
    49.278991608296));
#6166 = CARTESIAN_POINT('',(88.587184003605,-53.18354741367,
    49.520404319784));
#6167 = CARTESIAN_POINT('',(88.602266218148,-52.98699251388,
    49.70359472565));
#6168 = CARTESIAN_POINT('',(88.61732188694,-52.82068434587,
    49.917027892675));
#6169 = CARTESIAN_POINT('',(88.632405289556,-52.68990097256,
    50.154527939164));
#6170 = CARTESIAN_POINT('',(88.647486909245,-52.59843722156,
    50.409213180835));
#6171 = CARTESIAN_POINT('',(88.662583479856,-52.54873053036,
    50.673308595742));
#6172 = CARTESIAN_POINT('',(88.693488572688,-52.53260093767,
    51.21666842529));
#6173 = CARTESIAN_POINT('',(88.709332766949,-52.57046182309,
    51.496682117141));
#6174 = CARTESIAN_POINT('',(88.725152918345,-52.65491199072,
    51.768589593904));
#6175 = CARTESIAN_POINT('',(88.740969267636,-52.78356210067,
    52.023319672012));
#6176 = CARTESIAN_POINT('',(88.756795275098,-52.95232001209,
    52.252702883499));
#6177 = CARTESIAN_POINT('',(88.772642909705,-53.15527293221,
    52.449365413104));
#6178 = CARTESIAN_POINT('',(88.798263094377,-53.52578521515,
    52.705939523288));
#6179 = CARTESIAN_POINT('',(88.808059962278,-53.67754111623,
    52.789527562553));
#6180 = CARTESIAN_POINT('',(88.817858432375,-53.83754615958,
    52.85733770574));
#6181 = CARTESIAN_POINT('',(88.827657086873,-54.00382711071,
    52.908406057111));
#6182 = CARTESIAN_POINT('',(88.837454948702,-54.17431461476,
    52.942094389651));
#6183 = CARTESIAN_POINT('',(88.847251481518,-54.34684319646,
    52.958090145069));
#6184 = CARTESIAN_POINT('',(88.869837673893,-54.74416224608,
    52.954207734992));
#6185 = CARTESIAN_POINT('',(88.882633419194,-54.96898056601,
    52.921869396591));
#6186 = CARTESIAN_POINT('',(88.895422801742,-55.18856403786,
    52.859394018361));
#6187 = CARTESIAN_POINT('',(88.908211095892,-55.39813468678,
    52.7679024706));
#6188 = CARTESIAN_POINT('',(88.921002969351,-55.59325081545,
    52.649320415644));
#6189 = CARTESIAN_POINT('',(88.933800779673,-55.76979892372,
    52.50640485915));
#6190 = CARTESIAN_POINT('',(88.959047556492,-56.07489378198,
    52.183659606116));
#6191 = CARTESIAN_POINT('',(88.971518932715,-56.20482053073,
    52.004591364146));
#6192 = CARTESIAN_POINT('',(88.983984692697,-56.31075771691,
    51.809137733121));
#6193 = CARTESIAN_POINT('',(88.996445188433,-56.39035452197,
    51.601252037837));
#6194 = CARTESIAN_POINT('',(89.008903131837,-56.44204289771,
    51.385126289533));
#6195 = CARTESIAN_POINT('',(89.021364326179,-56.46500045394,
    51.165179210495));
#6196 = CARTESIAN_POINT('',(89.046009088019,-56.45382230591,
    50.731634923709));
#6197 = CARTESIAN_POINT('',(89.058196092071,-56.42089530243,
    50.517840092399));
#6198 = CARTESIAN_POINT('',(89.070385262519,-56.36074577556,
    50.309064431738));
#6199 = CARTESIAN_POINT('',(89.08257617869,-56.27428601712,
    50.109443191114));
#6200 = CARTESIAN_POINT('',(89.094768321827,-56.16316267272,
    49.922779710267));
#6201 = CARTESIAN_POINT('',(89.106961075089,-56.02975674171,
    49.752545419291));
#6202 = CARTESIAN_POINT('',(89.131556116781,-55.72198576377,
    49.448622424253));
#6203 = CARTESIAN_POINT('',(89.143965945157,-55.54679515339,
    49.315444098498));
#6204 = CARTESIAN_POINT('',(89.156369970081,-55.35489576163,
    49.205574136615));
#6205 = CARTESIAN_POINT('',(89.168767539725,-55.15003104824,
    49.12147828696));
#6206 = CARTESIAN_POINT('',(89.181163482129,-54.93631004868,
    49.064833057114));
#6207 = CARTESIAN_POINT('',(89.193560998298,-54.71811350553,49.0365));
#6208 = CARTESIAN_POINT('',(89.205954555298,-54.5,49.0365));
#6209 = PCURVE('',#1285,#6210);
#6210 = DEFINITIONAL_REPRESENTATION('',(#6211),#6262);
#6211 = B_SPLINE_CURVE_WITH_KNOTS('',7,(#6212,#6213,#6214,#6215,#6216,
    #6217,#6218,#6219,#6220,#6221,#6222,#6223,#6224,#6225,#6226,#6227,
    #6228,#6229,#6230,#6231,#6232,#6233,#6234,#6235,#6236,#6237,#6238,
    #6239,#6240,#6241,#6242,#6243,#6244,#6245,#6246,#6247,#6248,#6249,
    #6250,#6251,#6252,#6253,#6254,#6255,#6256,#6257,#6258,#6259,#6260,
    #6261),.UNSPECIFIED.,.F.,.F.,(8,6,6,6,6,6,6,6,8),(0.,
    9.454829049394E-02,0.245299877581,0.403611192769,0.5015722068,
    0.629496018802,0.754137228685,0.876020264211,1.),.UNSPECIFIED.);
#6212 = CARTESIAN_POINT('',(0.440509612407,69.542642445871));
#6213 = CARTESIAN_POINT('',(0.440502447612,69.627993085654));
#6214 = CARTESIAN_POINT('',(0.440497347434,69.713368313149));
#6215 = CARTESIAN_POINT('',(0.440496468697,69.798739866807));
#6216 = CARTESIAN_POINT('',(0.440500156302,69.884094213551));
#6217 = CARTESIAN_POINT('',(0.440506943232,69.969432548775));
#6218 = CARTESIAN_POINT('',(0.440513550551,70.054770796341));
#6219 = CARTESIAN_POINT('',(0.44051701893,70.276255067314));
#6220 = CARTESIAN_POINT('',(0.440510349286,70.412499686365));
#6221 = CARTESIAN_POINT('',(0.440479941937,70.548600568709));
#6222 = CARTESIAN_POINT('',(0.440496892275,70.684756683201));
#6223 = CARTESIAN_POINT('',(0.440513036127,70.820896948986));
#6224 = CARTESIAN_POINT('',(0.440527946193,70.957179017108));
#6225 = CARTESIAN_POINT('',(0.440541079244,71.236243296081));
#6226 = CARTESIAN_POINT('',(0.44053907561,71.379348907595));
#6227 = CARTESIAN_POINT('',(0.440523411406,71.522295099502));
#6228 = CARTESIAN_POINT('',(0.440502697348,71.665228219585));
#6229 = CARTESIAN_POINT('',(0.440492697824,71.808203252521));
#6230 = CARTESIAN_POINT('',(0.44049133151,71.951337097121));
#6231 = CARTESIAN_POINT('',(0.440498231595,72.182696868617));
#6232 = CARTESIAN_POINT('',(0.440503237172,72.271156211199));
#6233 = CARTESIAN_POINT('',(0.440509149914,72.359626187749));
#6234 = CARTESIAN_POINT('',(0.440514830289,72.448098811945));
#6235 = CARTESIAN_POINT('',(0.440519460055,72.536568719983));
#6236 = CARTESIAN_POINT('',(0.440522542264,72.625033170569));
#6237 = CARTESIAN_POINT('',(0.440525675932,72.829007349925));
#6238 = CARTESIAN_POINT('',(0.440524800172,72.944575966184));
#6239 = CARTESIAN_POINT('',(0.440521579978,73.060097043461));
#6240 = CARTESIAN_POINT('',(0.440518037676,73.175609674317));
#6241 = CARTESIAN_POINT('',(0.440516696379,73.29114534982));
#6242 = CARTESIAN_POINT('',(0.440517410009,73.406725965741));
#6243 = CARTESIAN_POINT('',(0.440520810336,73.634728255008));
#6244 = CARTESIAN_POINT('',(0.440523443529,73.747352548631));
#6245 = CARTESIAN_POINT('',(0.440526060332,73.859926168053));
#6246 = CARTESIAN_POINT('',(0.4405266674,73.972460702777));
#6247 = CARTESIAN_POINT('',(0.440523486768,74.084988153667));
#6248 = CARTESIAN_POINT('',(0.440517640074,74.197556205896));
#6249 = CARTESIAN_POINT('',(0.440504666902,74.420190316396));
#6250 = CARTESIAN_POINT('',(0.440496847527,74.530290334582));
#6251 = CARTESIAN_POINT('',(0.440491313354,74.640400280948));
#6252 = CARTESIAN_POINT('',(0.440490205678,74.750507327952));
#6253 = CARTESIAN_POINT('',(0.440494116531,74.860604298062));
#6254 = CARTESIAN_POINT('',(0.440502088673,74.970689663763));
#6255 = CARTESIAN_POINT('',(0.440521306417,75.192739052768));
#6256 = CARTESIAN_POINT('',(0.440532600173,75.304770965286));
#6257 = CARTESIAN_POINT('',(0.440541094345,75.416762307163));
#6258 = CARTESIAN_POINT('',(0.440543042491,75.528722974617));
#6259 = CARTESIAN_POINT('',(0.440536907846,75.640703014045));
#6260 = CARTESIAN_POINT('',(0.440524916919,75.752721898047));
#6261 = CARTESIAN_POINT('',(0.440514613086,75.864697801443));
#6262 = ( GEOMETRIC_REPRESENTATION_CONTEXT(2) 
PARAMETRIC_REPRESENTATION_CONTEXT() REPRESENTATION_CONTEXT('2D SPACE',''
  ) );
#6263 = PCURVE('',#2744,#6264);
#6264 = DEFINITIONAL_REPRESENTATION('',(#6265),#6316);
#6265 = B_SPLINE_CURVE_WITH_KNOTS('',7,(#6266,#6267,#6268,#6269,#6270,
    #6271,#6272,#6273,#6274,#6275,#6276,#6277,#6278,#6279,#6280,#6281,
    #6282,#6283,#6284,#6285,#6286,#6287,#6288,#6289,#6290,#6291,#6292,
    #6293,#6294,#6295,#6296,#6297,#6298,#6299,#6300,#6301,#6302,#6303,
    #6304,#6305,#6306,#6307,#6308,#6309,#6310,#6311,#6312,#6313,#6314,
    #6315),.UNSPECIFIED.,.F.,.F.,(8,6,6,6,6,6,6,6,8),(0.,
    9.454829049394E-02,0.245299877581,0.403611192769,0.5015722068,
    0.629496018802,0.754137228685,0.876020264211,1.),.UNSPECIFIED.);
#6266 = CARTESIAN_POINT('',(0.,8.2559525722));
#6267 = CARTESIAN_POINT('',(8.482168649361E-02,8.265399555369));
#6268 = CARTESIAN_POINT('',(0.169665583277,8.274850229951));
#6269 = CARTESIAN_POINT('',(0.25450878727,8.284302478334));
#6270 = CARTESIAN_POINT('',(0.339340126608,8.293754958501));
#6271 = CARTESIAN_POINT('',(0.42416016064,8.303207104032));
#6272 = CARTESIAN_POINT('',(0.50898117993,8.312659124108));
#6273 = CARTESIAN_POINT('',(0.729109114155,8.337184053605));
#6274 = CARTESIAN_POINT('',(0.864521215452,8.352266268148));
#6275 = CARTESIAN_POINT('',(0.999820507079,8.36732193694));
#6276 = CARTESIAN_POINT('',(1.135089703919,8.382405339556));
#6277 = CARTESIAN_POINT('',(1.270403240188,8.397486959245));
#6278 = CARTESIAN_POINT('',(1.40583883233,8.412583529856));
#6279 = CARTESIAN_POINT('',(1.683185352565,8.443488622688));
#6280 = CARTESIAN_POINT('',(1.825413586433,8.459332816949));
#6281 = CARTESIAN_POINT('',(1.967485259596,8.475152968345));
#6282 = CARTESIAN_POINT('',(2.109539401947,8.490969317636));
#6283 = CARTESIAN_POINT('',(2.251633153229,8.506795325098));
#6284 = CARTESIAN_POINT('',(2.393885435912,8.522642959705));
#6285 = CARTESIAN_POINT('',(2.623822605806,8.548263144377));
#6286 = CARTESIAN_POINT('',(2.711738648293,8.558060012278));
#6287 = CARTESIAN_POINT('',(2.799665957849,8.567858482375));
#6288 = CARTESIAN_POINT('',(2.887596504204,8.577657136873));
#6289 = CARTESIAN_POINT('',(2.975524697009,8.587454998702));
#6290 = CARTESIAN_POINT('',(3.063447385838,8.597251531518));
#6291 = CARTESIAN_POINT('',(3.266170864247,8.619837723893));
#6292 = CARTESIAN_POINT('',(3.381029866378,8.632633469194));
#6293 = CARTESIAN_POINT('',(3.495839864851,8.645422851742));
#6294 = CARTESIAN_POINT('',(3.610639284697,8.658211145892));
#6295 = CARTESIAN_POINT('',(3.725460445925,8.671003019351));
#6296 = CARTESIAN_POINT('',(3.840326468609,8.683800829672));
#6297 = CARTESIAN_POINT('',(4.06692106043,8.709047606492));
#6298 = CARTESIAN_POINT('',(4.178850951862,8.721518982715));
#6299 = CARTESIAN_POINT('',(4.290732163746,8.733984742697));
#6300 = CARTESIAN_POINT('',(4.402576571985,8.746445238433));
#6301 = CARTESIAN_POINT('',(4.51441506115,8.758903181837));
#6302 = CARTESIAN_POINT('',(4.626293847006,8.771364376179));
#6303 = CARTESIAN_POINT('',(4.847563421963,8.796009138019));
#6304 = CARTESIAN_POINT('',(4.956987769504,8.808196142071));
#6305 = CARTESIAN_POINT('',(5.066420931687,8.820385312519));
#6306 = CARTESIAN_POINT('',(5.175850271675,8.83257622869));
#6307 = CARTESIAN_POINT('',(5.285269070638,8.844768371827));
#6308 = CARTESIAN_POINT('',(5.39467652775,8.856961125089));
#6309 = CARTESIAN_POINT('',(5.615360973929,8.881556166781));
#6310 = CARTESIAN_POINT('',(5.726704962288,8.893965995157));
#6311 = CARTESIAN_POINT('',(5.838010159267,8.906370020081));
#6312 = CARTESIAN_POINT('',(5.949284763545,8.918767589725));
#6313 = CARTESIAN_POINT('',(6.060576254192,8.931163532129));
#6314 = CARTESIAN_POINT('',(6.171902906396,8.943561048298));
#6315 = CARTESIAN_POINT('',(6.28318530718,8.955954605298));
#6316 = ( GEOMETRIC_REPRESENTATION_CONTEXT(2) 
PARAMETRIC_REPRESENTATION_CONTEXT() REPRESENTATION_CONTEXT('2D SPACE',''
  ) );
#6317 = ORIENTED_EDGE('',*,*,#6318,.T.);
#6318 = EDGE_CURVE('',#6155,#6319,#6321,.T.);
#6319 = VERTEX_POINT('',#6320);
#6320 = CARTESIAN_POINT('',(89.905956742444,-54.5,49.0365));
#6321 = SURFACE_CURVE('',#6322,(#6374,#6429),.PCURVE_S1.);
#6322 = B_SPLINE_CURVE_WITH_KNOTS('',8,(#6323,#6324,#6325,#6326,#6327,
    #6328,#6329,#6330,#6331,#6332,#6333,#6334,#6335,#6336,#6337,#6338,
    #6339,#6340,#6341,#6342,#6343,#6344,#6345,#6346,#6347,#6348,#6349,
    #6350,#6351,#6352,#6353,#6354,#6355,#6356,#6357,#6358,#6359,#6360,
    #6361,#6362,#6363,#6364,#6365,#6366,#6367,#6368,#6369,#6370,#6371,
    #6372,#6373),.UNSPECIFIED.,.F.,.F.,(9,7,7,7,7,7,7,9),(0.,
    0.109309466011,0.2772110207,0.427503883669,0.536887021964,
    0.687504511582,0.837112228747,1.),.UNSPECIFIED.);
#6323 = CARTESIAN_POINT('',(89.205954555298,-54.5,49.0365));
#6324 = CARTESIAN_POINT('',(89.21551029794,-54.33182902813,49.0365));
#6325 = CARTESIAN_POINT('',(89.225068509561,-54.16358404362,
    49.053006068938));
#6326 = CARTESIAN_POINT('',(89.234629018463,-53.99725496693,
    49.085999871257));
#6327 = CARTESIAN_POINT('',(89.244191387116,-53.83474063155,
    49.135218950308));
#6328 = CARTESIAN_POINT('',(89.253754912162,-53.67784878398,
    49.200156728343));
#6329 = CARTESIAN_POINT('',(89.263318624412,-53.52829608372,
    49.280062506521));
#6330 = CARTESIAN_POINT('',(89.272881288847,-53.38770810328,
    49.373941464907));
#6331 = CARTESIAN_POINT('',(89.297125936155,-53.05780033377,
    49.644314694184));
#6332 = CARTESIAN_POINT('',(89.31182349219,-52.88237624468,49.8384034541
    ));
#6333 = CARTESIAN_POINT('',(89.326507317961,-52.73719200335,
    50.058255031775));
#6334 = CARTESIAN_POINT('',(89.341197602105,-52.62645759118,
    50.298223475282));
#6335 = CARTESIAN_POINT('',(89.355895222696,-52.55312107376,
    50.552131553375));
#6336 = CARTESIAN_POINT('',(89.370594828947,-52.51900223003,
    50.813377677194));
#6337 = CARTESIAN_POINT('',(89.385303047637,-52.52460170895,
    51.074929406317));
#6338 = CARTESIAN_POINT('',(89.413132114779,-52.60779569915,
    51.55743305391));
#6339 = CARTESIAN_POINT('',(89.426285361792,-52.67785909502,
    51.780241334526));
#6340 = CARTESIAN_POINT('',(89.4394296595,-52.77789496257,
    51.992791005558));
#6341 = CARTESIAN_POINT('',(89.452569292486,-52.90602922094,
    52.190416766172));
#6342 = CARTESIAN_POINT('',(89.465711644465,-53.05964932946,
    52.368955545657));
#6343 = CARTESIAN_POINT('',(89.478862010129,-53.23549369913,
    52.524722813809));
#6344 = CARTESIAN_POINT('',(89.492019964437,-53.42959827193,
    52.654601730351));
#6345 = CARTESIAN_POINT('',(89.51473224067,-53.78830594065,
    52.830460081622));
#6346 = CARTESIAN_POINT('',(89.524301819267,-53.94674867083,
    52.889731091006));
#6347 = CARTESIAN_POINT('',(89.533872390155,-54.11073756116,
    52.93333345932));
#6348 = CARTESIAN_POINT('',(89.54344282225,-54.27844799148,
    52.960664850877));
#6349 = CARTESIAN_POINT('',(89.553012363636,-54.44802911402,
    52.971383555873));
#6350 = CARTESIAN_POINT('',(89.562580641572,-54.61760385332,
    52.965408490381));
#6351 = CARTESIAN_POINT('',(89.572147662484,-54.78526890631,
    52.942919196357));
#6352 = CARTESIAN_POINT('',(89.59488612942,-55.17467828769,
    52.851255192215));
#6353 = CARTESIAN_POINT('',(89.6080725588,-55.39333892341,
    52.767611012658));
#6354 = CARTESIAN_POINT('',(89.62125326404,-55.59989373764,
    52.654522409114));
#6355 = CARTESIAN_POINT('',(89.634429777906,-55.78974607917,
    52.514169095289));
#6356 = CARTESIAN_POINT('',(89.647607075162,-55.95887304888,
    52.349447762107));
#6357 = CARTESIAN_POINT('',(89.660789651519,-56.10378891734,
    52.163863409571));
#6358 = CARTESIAN_POINT('',(89.673978438457,-56.22162133502,
    51.961568671706));
#6359 = CARTESIAN_POINT('',(89.700243988392,-56.39865762699,
    51.534755196426));
#6360 = CARTESIAN_POINT('',(89.713340869366,-56.45838404088,
    51.310070294738));
#6361 = CARTESIAN_POINT('',(89.726430270971,-56.48759149911,
    51.07808143241));
#6362 = CARTESIAN_POINT('',(89.739514022979,-56.48537284139,
    50.843644670356));
#6363 = CARTESIAN_POINT('',(89.752598300342,-56.45168814891,
    50.611603681725));
#6364 = CARTESIAN_POINT('',(89.76568952464,-56.38729143602,
    50.386759766981));
#6365 = CARTESIAN_POINT('',(89.778789227087,-56.29382622718,
    50.173820820012));
#6366 = CARTESIAN_POINT('',(89.806127966954,-56.04370788818,
    49.763045978453));
#6367 = CARTESIAN_POINT('',(89.820399873917,-55.88186306725,
    49.567702738164));
#6368 = CARTESIAN_POINT('',(89.834665801927,-55.69190670561,
    49.396975195386));
#6369 = CARTESIAN_POINT('',(89.848926674528,-55.47837620333,
    49.255425442283));
#6370 = CARTESIAN_POINT('',(89.863185159258,-55.24642493926,
    49.146638195211));
#6371 = CARTESIAN_POINT('',(89.877444346913,-55.0017913824,
    49.073154024036));
#6372 = CARTESIAN_POINT('',(89.891710503399,-54.75072138701,49.0365));
#6373 = CARTESIAN_POINT('',(89.905956742444,-54.5,49.0365));
#6374 = PCURVE('',#1285,#6375);
#6375 = DEFINITIONAL_REPRESENTATION('',(#6376),#6428);
#6376 = B_SPLINE_CURVE_WITH_KNOTS('',8,(#6377,#6378,#6379,#6380,#6381,
    #6382,#6383,#6384,#6385,#6386,#6387,#6388,#6389,#6390,#6391,#6392,
    #6393,#6394,#6395,#6396,#6397,#6398,#6399,#6400,#6401,#6402,#6403,
    #6404,#6405,#6406,#6407,#6408,#6409,#6410,#6411,#6412,#6413,#6414,
    #6415,#6416,#6417,#6418,#6419,#6420,#6421,#6422,#6423,#6424,#6425,
    #6426,#6427),.UNSPECIFIED.,.F.,.F.,(9,7,7,7,7,7,7,9),(0.,
    0.109309466011,0.2772110207,0.427503883669,0.536887021964,
    0.687504511582,0.837112228747,1.),.UNSPECIFIED.);
#6377 = CARTESIAN_POINT('',(0.440514613086,75.864697801443));
#6378 = CARTESIAN_POINT('',(0.440506668572,75.951034025571));
#6379 = CARTESIAN_POINT('',(0.440499692423,76.037388371467));
#6380 = CARTESIAN_POINT('',(0.440496167702,76.123748838918));
#6381 = CARTESIAN_POINT('',(0.440497119707,76.210107203207));
#6382 = CARTESIAN_POINT('',(0.44050211596,76.29645901511));
#6383 = CARTESIAN_POINT('',(0.440509266217,76.382803600899));
#6384 = CARTESIAN_POINT('',(0.440515222461,76.469144062343));
#6385 = CARTESIAN_POINT('',(0.440515112002,76.688112203495));
#6386 = CARTESIAN_POINT('',(0.440504277813,76.820898817595));
#6387 = CARTESIAN_POINT('',(0.440484016525,76.953600955824));
#6388 = CARTESIAN_POINT('',(0.440492474694,77.086240275349));
#6389 = CARTESIAN_POINT('',(0.440517617116,77.218875603994));
#6390 = CARTESIAN_POINT('',(0.440531263266,77.351577576284));
#6391 = CARTESIAN_POINT('',(0.440538521595,77.484384409352));
#6392 = CARTESIAN_POINT('',(0.440535628577,77.735735324648));
#6393 = CARTESIAN_POINT('',(0.440527773076,77.854562311085));
#6394 = CARTESIAN_POINT('',(0.440514135015,77.973332888127));
#6395 = CARTESIAN_POINT('',(0.440500352386,78.092061910319));
#6396 = CARTESIAN_POINT('',(0.440491848818,78.210793149628));
#6397 = CARTESIAN_POINT('',(0.440490372523,78.329567049141));
#6398 = CARTESIAN_POINT('',(0.44049361828,78.448389517023));
#6399 = CARTESIAN_POINT('',(0.44050348817,78.65347392715));
#6400 = CARTESIAN_POINT('',(0.440509114853,78.739877877894));
#6401 = CARTESIAN_POINT('',(0.440514853745,78.826290315789));
#6402 = CARTESIAN_POINT('',(0.440519727221,78.912705159354));
#6403 = CARTESIAN_POINT('',(0.440523137019,78.999118148225));
#6404 = CARTESIAN_POINT('',(0.440524864239,79.085526843168));
#6405 = CARTESIAN_POINT('',(0.440525069341,79.171930626069));
#6406 = CARTESIAN_POINT('',(0.440523221979,79.377301159482));
#6407 = CARTESIAN_POINT('',(0.440520367857,79.496406628626));
#6408 = CARTESIAN_POINT('',(0.440517005665,79.615462568194));
#6409 = CARTESIAN_POINT('',(0.44051554578,79.734472634505));
#6410 = CARTESIAN_POINT('',(0.440517048161,79.853477267455));
#6411 = CARTESIAN_POINT('',(0.440520410344,79.972521711352));
#6412 = CARTESIAN_POINT('',(0.440523212472,80.091624588034));
#6413 = CARTESIAN_POINT('',(0.44052518774,80.328833869733));
#6414 = CARTESIAN_POINT('',(0.440524353336,80.447122002687));
#6415 = CARTESIAN_POINT('',(0.440520475369,80.56535541083));
#6416 = CARTESIAN_POINT('',(0.440512675901,80.683554331531));
#6417 = CARTESIAN_POINT('',(0.440503010281,80.801765868079));
#6418 = CARTESIAN_POINT('',(0.440495290933,80.920031937297));
#6419 = CARTESIAN_POINT('',(0.440492399241,81.038354218951));
#6420 = CARTESIAN_POINT('',(0.440496445209,81.28524726191));
#6421 = CARTESIAN_POINT('',(0.440504312548,81.414110965601));
#6422 = CARTESIAN_POINT('',(0.440518078737,81.542895812454));
#6423 = CARTESIAN_POINT('',(0.44053467943,81.671623079379));
#6424 = CARTESIAN_POINT('',(0.440545665772,81.800352505741));
#6425 = CARTESIAN_POINT('',(0.440542783256,81.92914680505));
#6426 = CARTESIAN_POINT('',(0.440531803986,82.058038114602));
#6427 = CARTESIAN_POINT('',(0.44051986301,82.186753474897));
#6428 = ( GEOMETRIC_REPRESENTATION_CONTEXT(2) 
PARAMETRIC_REPRESENTATION_CONTEXT() REPRESENTATION_CONTEXT('2D SPACE',''
  ) );
#6429 = PCURVE('',#2574,#6430);
#6430 = DEFINITIONAL_REPRESENTATION('',(#6431),#6483);
#6431 = B_SPLINE_CURVE_WITH_KNOTS('',8,(#6432,#6433,#6434,#6435,#6436,
    #6437,#6438,#6439,#6440,#6441,#6442,#6443,#6444,#6445,#6446,#6447,
    #6448,#6449,#6450,#6451,#6452,#6453,#6454,#6455,#6456,#6457,#6458,
    #6459,#6460,#6461,#6462,#6463,#6464,#6465,#6466,#6467,#6468,#6469,
    #6470,#6471,#6472,#6473,#6474,#6475,#6476,#6477,#6478,#6479,#6480,
    #6481,#6482),.UNSPECIFIED.,.F.,.F.,(9,7,7,7,7,7,7,9),(0.,
    0.109309466011,0.2772110207,0.427503883669,0.536887021964,
    0.687504511582,0.837112228747,1.),.UNSPECIFIED.);
#6432 = CARTESIAN_POINT('',(0.,8.955954605298));
#6433 = CARTESIAN_POINT('',(8.580151625744E-02,8.96551034794));
#6434 = CARTESIAN_POINT('',(0.171618530366,8.975068559561));
#6435 = CARTESIAN_POINT('',(0.257443208004,8.984629068463));
#6436 = CARTESIAN_POINT('',(0.343269662029,8.994191437116));
#6437 = CARTESIAN_POINT('',(0.429093952484,9.003754962162));
#6438 = CARTESIAN_POINT('',(0.514914086595,9.013318674412));
#6439 = CARTESIAN_POINT('',(0.60073001877,9.022881338847));
#6440 = CARTESIAN_POINT('',(0.8183551279,9.047125986155));
#6441 = CARTESIAN_POINT('',(0.9503485308,9.06182354219));
#6442 = CARTESIAN_POINT('',(1.082230514052,9.076507367961));
#6443 = CARTESIAN_POINT('',(1.214040047894,9.091197652105));
#6444 = CARTESIAN_POINT('',(1.345850583233,9.105895272696));
#6445 = CARTESIAN_POINT('',(1.477732907913,9.120594878947));
#6446 = CARTESIAN_POINT('',(1.609722976696,9.135303097637));
#6447 = CARTESIAN_POINT('',(1.859530800555,9.163132164779));
#6448 = CARTESIAN_POINT('',(1.977629416702,9.176285411792));
#6449 = CARTESIAN_POINT('',(2.095671575855,9.1894297095));
#6450 = CARTESIAN_POINT('',(2.213670320088,9.202569342486));
#6451 = CARTESIAN_POINT('',(2.33166978994,9.215711694465));
#6452 = CARTESIAN_POINT('',(2.449711914125,9.228862060129));
#6453 = CARTESIAN_POINT('',(2.567803361713,9.242020014437));
#6454 = CARTESIAN_POINT('',(2.77162804135,9.26473229067));
#6455 = CARTESIAN_POINT('',(2.857501993331,9.274301869267));
#6456 = CARTESIAN_POINT('',(2.943384916305,9.283872440155));
#6457 = CARTESIAN_POINT('',(3.029270530261,9.29344287225));
#6458 = CARTESIAN_POINT('',(3.115154330562,9.303012413636));
#6459 = CARTESIAN_POINT('',(3.201033587947,9.312580691572));
#6460 = CARTESIAN_POINT('',(3.286907348531,9.322147712484));
#6461 = CARTESIAN_POINT('',(3.491015737062,9.34488617942));
#6462 = CARTESIAN_POINT('',(3.609387603493,9.3580726088));
#6463 = CARTESIAN_POINT('',(3.727708344243,9.37125331404));
#6464 = CARTESIAN_POINT('',(3.845982014521,9.384429827906));
#6465 = CARTESIAN_POINT('',(3.96425030967,9.397607125162));
#6466 = CARTESIAN_POINT('',(4.082559688166,9.410789701519));
#6467 = CARTESIAN_POINT('',(4.200929052134,9.423978488457));
#6468 = CARTESIAN_POINT('',(4.436680656738,9.450244038392));
#6469 = CARTESIAN_POINT('',(4.554243483575,9.463340919366));
#6470 = CARTESIAN_POINT('',(4.671753229817,9.476430320971));
#6471 = CARTESIAN_POINT('',(4.789228970938,9.489514072979));
#6472 = CARTESIAN_POINT('',(4.906716061733,9.502598350342));
#6473 = CARTESIAN_POINT('',(5.024255495403,9.51568957464));
#6474 = CARTESIAN_POINT('',(5.141849706368,9.528789277087));
#6475 = CARTESIAN_POINT('',(5.387222945196,9.556128016954));
#6476 = CARTESIAN_POINT('',(5.515293058731,9.570399923917));
#6477 = CARTESIAN_POINT('',(5.643285591634,9.584665851927));
#6478 = CARTESIAN_POINT('',(5.771222819175,9.598926724528));
#6479 = CARTESIAN_POINT('',(5.899164951641,9.613185209258));
#6480 = CARTESIAN_POINT('',(6.027169636169,9.627444396913));
#6481 = CARTESIAN_POINT('',(6.155266232174,9.641710553399));
#6482 = CARTESIAN_POINT('',(6.28318530718,9.655956792444));
#6483 = ( GEOMETRIC_REPRESENTATION_CONTEXT(2) 
PARAMETRIC_REPRESENTATION_CONTEXT() REPRESENTATION_CONTEXT('2D SPACE',''
  ) );
#6484 = ORIENTED_EDGE('',*,*,#6485,.T.);
#6485 = EDGE_CURVE('',#6319,#6486,#6488,.T.);
#6486 = VERTEX_POINT('',#6487);
#6487 = CARTESIAN_POINT('',(90.605958906925,-54.5,49.0365));
#6488 = SURFACE_CURVE('',#6489,(#6541,#6596),.PCURVE_S1.);
#6489 = B_SPLINE_CURVE_WITH_KNOTS('',8,(#6490,#6491,#6492,#6493,#6494,
    #6495,#6496,#6497,#6498,#6499,#6500,#6501,#6502,#6503,#6504,#6505,
    #6506,#6507,#6508,#6509,#6510,#6511,#6512,#6513,#6514,#6515,#6516,
    #6517,#6518,#6519,#6520,#6521,#6522,#6523,#6524,#6525,#6526,#6527,
    #6528,#6529,#6530,#6531,#6532,#6533,#6534,#6535,#6536,#6537,#6538,
    #6539,#6540),.UNSPECIFIED.,.F.,.F.,(9,7,7,7,7,7,7,9),(0.,
    9.054334161134E-02,0.262662085256,0.413681023465,0.532893259295,
    0.722774318532,0.849409248259,1.),.UNSPECIFIED.);
#6490 = CARTESIAN_POINT('',(89.905956742444,-54.5,49.0365));
#6491 = CARTESIAN_POINT('',(89.913872872134,-54.36068301891,49.0365));
#6492 = CARTESIAN_POINT('',(89.921790234392,-54.22132288846,
    49.047824653906));
#6493 = CARTESIAN_POINT('',(89.929708845211,-54.0830436905,
    49.070467513793));
#6494 = CARTESIAN_POINT('',(89.937628570631,-53.94693043496,
    49.104304557715));
#6495 = CARTESIAN_POINT('',(89.945549126742,-53.81402905994,
    49.14909418971));
#6496 = CARTESIAN_POINT('',(89.953470079683,-53.68534643163,
    49.204477239796));
#6497 = CARTESIAN_POINT('',(89.96139084564,-53.56185034435,
    49.269976963973));
#6498 = CARTESIAN_POINT('',(89.984365953699,-53.22133395294,
    49.487612581212));
#6499 = CARTESIAN_POINT('',(89.999445572723,-53.01988904308,
    49.664894355467));
#6500 = CARTESIAN_POINT('',(90.014492812476,-52.84697277435,
    49.872712918534));
#6501 = CARTESIAN_POINT('',(90.029536549928,-52.70779581297,
    50.105504367403));
#6502 = CARTESIAN_POINT('',(90.044595520345,-52.60621816174,
    50.356984114046));
#6503 = CARTESIAN_POINT('',(90.059668854779,-52.54491159754,
    50.62028536333));
#6504 = CARTESIAN_POINT('',(90.074750607099,-52.52517496672,
    50.887911545491));
#6505 = CARTESIAN_POINT('',(90.103015713436,-52.56459017787,
    51.383507595581));
#6506 = CARTESIAN_POINT('',(90.116232453188,-52.61440537174,
    51.612805425099));
#6507 = CARTESIAN_POINT('',(90.129438470747,-52.69527614875,
    51.834527387107));
#6508 = CARTESIAN_POINT('',(90.142637416669,-52.80574433824,
    52.04380352197));
#6509 = CARTESIAN_POINT('',(90.155837802694,-52.94355906671,
    52.236195925222));
#6510 = CARTESIAN_POINT('',(90.16904684926,-53.10576569458,
    52.407686580785));
#6511 = CARTESIAN_POINT('',(90.182265025665,-53.28864285309,
    52.554764628518));
#6512 = CARTESIAN_POINT('',(90.205896723574,-53.64460632908,
    52.769501689956));
#6513 = CARTESIAN_POINT('',(90.216327916649,-53.81184303378,
    52.847484690788));
#6514 = CARTESIAN_POINT('',(90.226759136482,-53.98711907555,
    52.907377275586));
#6515 = CARTESIAN_POINT('',(90.237189552528,-54.16812698874,
    52.948244963469));
#6516 = CARTESIAN_POINT('',(90.247619915552,-54.35247919022,
    52.96950647915));
#6517 = CARTESIAN_POINT('',(90.258051331636,-54.53772983905,
    52.970913563887));
#6518 = CARTESIAN_POINT('',(90.268483630471,-54.72138713158,
    52.952577154218));
#6519 = CARTESIAN_POINT('',(90.295518390023,-55.1869511,52.855281510969)
  );
#6520 = CARTESIAN_POINT('',(90.312162567512,-55.46342498997,
    52.746647702565));
#6521 = CARTESIAN_POINT('',(90.328782360439,-55.7195253082,
    52.591018218545));
#6522 = CARTESIAN_POINT('',(90.345391818825,-55.94626223835,
    52.393309373082));
#6523 = CARTESIAN_POINT('',(90.362004752712,-56.13597660085,
    52.159831848851));
#6524 = CARTESIAN_POINT('',(90.378630913804,-56.28260980848,
    51.898450596486));
#6525 = CARTESIAN_POINT('',(90.395277730657,-56.38155667555,
    51.618359461726));
#6526 = CARTESIAN_POINT('',(90.422958483635,-56.46454000824,
    51.138454009585));
#6527 = CARTESIAN_POINT('',(90.434038822877,-56.47594488514,
    50.942563081386));
#6528 = CARTESIAN_POINT('',(90.445116386645,-56.46498552548,
    50.745814758662));
#6529 = CARTESIAN_POINT('',(90.456191603413,-56.43166162251,
    50.551199218833));
#6530 = CARTESIAN_POINT('',(90.467267396686,-56.37642284674,
    50.361628371013));
#6531 = CARTESIAN_POINT('',(90.478346664277,-56.30013403815,
    50.179922063097));
#6532 = CARTESIAN_POINT('',(90.489429725239,-56.20410660573,
    50.008776220429));
#6533 = CARTESIAN_POINT('',(90.513681914796,-55.95469973945,
    49.662650703882));
#6534 = CARTESIAN_POINT('',(90.526871571535,-55.79367573475,
    49.492749648203));
#6535 = CARTESIAN_POINT('',(90.540058049939,-55.6100984562,
    49.345298103242));
#6536 = CARTESIAN_POINT('',(90.553241387779,-55.40772237051,
    49.223701316324));
#6537 = CARTESIAN_POINT('',(90.56642296401,-55.19075493343,
    49.130577191784));
#6538 = CARTESIAN_POINT('',(90.579605095946,-54.96377872153,
    49.067820413438));
#6539 = CARTESIAN_POINT('',(90.59278982659,-54.7317602639,49.0365));
#6540 = CARTESIAN_POINT('',(90.605958906925,-54.5,49.0365));
#6541 = PCURVE('',#1285,#6542);
#6542 = DEFINITIONAL_REPRESENTATION('',(#6543),#6595);
#6543 = B_SPLINE_CURVE_WITH_KNOTS('',8,(#6544,#6545,#6546,#6547,#6548,
    #6549,#6550,#6551,#6552,#6553,#6554,#6555,#6556,#6557,#6558,#6559,
    #6560,#6561,#6562,#6563,#6564,#6565,#6566,#6567,#6568,#6569,#6570,
    #6571,#6572,#6573,#6574,#6575,#6576,#6577,#6578,#6579,#6580,#6581,
    #6582,#6583,#6584,#6585,#6586,#6587,#6588,#6589,#6590,#6591,#6592,
    #6593,#6594),.UNSPECIFIED.,.F.,.F.,(9,7,7,7,7,7,7,9),(0.,
    9.054334161134E-02,0.262662085256,0.413681023465,0.532893259295,
    0.722774318532,0.849409248259,1.),.UNSPECIFIED.);
#6544 = CARTESIAN_POINT('',(0.44051986301,82.186753474897));
#6545 = CARTESIAN_POINT('',(0.440513227833,82.258276034777));
#6546 = CARTESIAN_POINT('',(0.440505829846,82.32981291772));
#6547 = CARTESIAN_POINT('',(0.440499915005,82.401354766464));
#6548 = CARTESIAN_POINT('',(0.440496843938,82.472894629041));
#6549 = CARTESIAN_POINT('',(0.440497091939,82.544427958785));
#6550 = CARTESIAN_POINT('',(0.440500248972,82.615952614325));
#6551 = CARTESIAN_POINT('',(0.44050501967,82.687468859587));
#6552 = CARTESIAN_POINT('',(0.440517214309,82.894917555641));
#6553 = CARTESIAN_POINT('',(0.440526787666,83.031071001479));
#6554 = CARTESIAN_POINT('',(0.440501973941,83.167075304999));
#6555 = CARTESIAN_POINT('',(0.440483074104,83.30302145183));
#6556 = CARTESIAN_POINT('',(0.440491987227,83.438988345916));
#6557 = CARTESIAN_POINT('',(0.440514715122,83.575027787827));
#6558 = CARTESIAN_POINT('',(0.440527643674,83.711183884683));
#6559 = CARTESIAN_POINT('',(0.440539953756,83.966408563685));
#6560 = CARTESIAN_POINT('',(0.440539784479,84.0857765046));
#6561 = CARTESIAN_POINT('',(0.440531021023,84.205083936302));
#6562 = CARTESIAN_POINT('',(0.440516363417,84.32435237805));
#6563 = CARTESIAN_POINT('',(0.440502537648,84.443630274146));
#6564 = CARTESIAN_POINT('',(0.440494629072,84.562961356763));
#6565 = CARTESIAN_POINT('',(0.440492339817,84.68235112783));
#6566 = CARTESIAN_POINT('',(0.440496052948,84.89576533831));
#6567 = CARTESIAN_POINT('',(0.440500384345,84.989956444681));
#6568 = CARTESIAN_POINT('',(0.440506695682,85.084139421478));
#6569 = CARTESIAN_POINT('',(0.440513473511,85.178313166725));
#6570 = CARTESIAN_POINT('',(0.440519137097,85.272491143937));
#6571 = CARTESIAN_POINT('',(0.440522775528,85.366687195261));
#6572 = CARTESIAN_POINT('',(0.440524448557,85.460899533434));
#6573 = CARTESIAN_POINT('',(0.440524868652,85.70506247908));
#6574 = CARTESIAN_POINT('',(0.44052130326,85.855399640587));
#6575 = CARTESIAN_POINT('',(0.440515794791,86.005524819243));
#6576 = CARTESIAN_POINT('',(0.440513332978,86.155543821963));
#6577 = CARTESIAN_POINT('',(0.440518458998,86.30556216663));
#6578 = CARTESIAN_POINT('',(0.440524176435,86.45569743901));
#6579 = CARTESIAN_POINT('',(0.440526115746,86.606035171002));
#6580 = CARTESIAN_POINT('',(0.440522049196,86.856051323565));
#6581 = CARTESIAN_POINT('',(0.440518469218,86.956138611766));
#6582 = CARTESIAN_POINT('',(0.44051278025,87.056209724375));
#6583 = CARTESIAN_POINT('',(0.440505499637,87.156266352689));
#6584 = CARTESIAN_POINT('',(0.440498405044,87.256327403568));
#6585 = CARTESIAN_POINT('',(0.440493641012,87.356410004116));
#6586 = CARTESIAN_POINT('',(0.440492465735,87.456511732241));
#6587 = CARTESIAN_POINT('',(0.440497485489,87.675524460785));
#6588 = CARTESIAN_POINT('',(0.44050515555,87.794614643361));
#6589 = CARTESIAN_POINT('',(0.440517443729,87.913656663037));
#6590 = CARTESIAN_POINT('',(0.440532189017,88.032659981142));
#6591 = CARTESIAN_POINT('',(0.440542454147,88.151666324905));
#6592 = CARTESIAN_POINT('',(0.440542814283,88.270719486462));
#6593 = CARTESIAN_POINT('',(0.440535241738,88.389829531772));
#6594 = CARTESIAN_POINT('',(0.440524953632,88.508809595247));
#6595 = ( GEOMETRIC_REPRESENTATION_CONTEXT(2) 
PARAMETRIC_REPRESENTATION_CONTEXT() REPRESENTATION_CONTEXT('2D SPACE',''
  ) );
#6596 = PCURVE('',#2402,#6597);
#6597 = DEFINITIONAL_REPRESENTATION('',(#6598),#6650);
#6598 = B_SPLINE_CURVE_WITH_KNOTS('',8,(#6599,#6600,#6601,#6602,#6603,
    #6604,#6605,#6606,#6607,#6608,#6609,#6610,#6611,#6612,#6613,#6614,
    #6615,#6616,#6617,#6618,#6619,#6620,#6621,#6622,#6623,#6624,#6625,
    #6626,#6627,#6628,#6629,#6630,#6631,#6632,#6633,#6634,#6635,#6636,
    #6637,#6638,#6639,#6640,#6641,#6642,#6643,#6644,#6645,#6646,#6647,
    #6648,#6649),.UNSPECIFIED.,.F.,.F.,(9,7,7,7,7,7,7,9),(0.,
    9.054334161134E-02,0.262662085256,0.413681023465,0.532893259295,
    0.722774318532,0.849409248259,1.),.UNSPECIFIED.);
#6599 = CARTESIAN_POINT('',(0.,9.655956792444));
#6600 = CARTESIAN_POINT('',(7.108009239136E-02,9.663872922133));
#6601 = CARTESIAN_POINT('',(0.142172965272,9.671790284392));
#6602 = CARTESIAN_POINT('',(0.213270665949,9.679708895211));
#6603 = CARTESIAN_POINT('',(0.284367318558,9.687628620631));
#6604 = CARTESIAN_POINT('',(0.355459124058,9.695549176742));
#6605 = CARTESIAN_POINT('',(0.426544360235,9.703470129683));
#6606 = CARTESIAN_POINT('',(0.497623381702,9.71139089564));
#6607 = CARTESIAN_POINT('',(0.703809390987,9.734366003699));
#6608 = CARTESIAN_POINT('',(0.839121161806,9.749445622723));
#6609 = CARTESIAN_POINT('',(0.974316691275,9.764492862476));
#6610 = CARTESIAN_POINT('',(1.109430888485,9.779536599928));
#6611 = CARTESIAN_POINT('',(1.244542813046,9.794595570345));
#6612 = CARTESIAN_POINT('',(1.379736084397,9.809668904779));
#6613 = CARTESIAN_POINT('',(1.515052067316,9.824750657099));
#6614 = CARTESIAN_POINT('',(1.768705609914,9.853015763436));
#6615 = CARTESIAN_POINT('',(1.887341142308,9.866232503188));
#6616 = CARTESIAN_POINT('',(2.005918079988,9.879438520747));
#6617 = CARTESIAN_POINT('',(2.124454963307,9.892637466669));
#6618 = CARTESIAN_POINT('',(2.242999092266,9.905837852694));
#6619 = CARTESIAN_POINT('',(2.361595019092,9.91904689926));
#6620 = CARTESIAN_POINT('',(2.480249523165,9.932265075665));
#6621 = CARTESIAN_POINT('',(2.692350878789,9.955896773574));
#6622 = CARTESIAN_POINT('',(2.785963069159,9.966327966649));
#6623 = CARTESIAN_POINT('',(2.879567999659,9.976759186482));
#6624 = CARTESIAN_POINT('',(2.973164672522,9.987189602528));
#6625 = CARTESIAN_POINT('',(3.066766107365,9.997619965552));
#6626 = CARTESIAN_POINT('',(3.160385444414,10.008051381636));
#6627 = CARTESIAN_POINT('',(3.254020376656,10.018483680471));
#6628 = CARTESIAN_POINT('',(3.496684643061,10.045518440023));
#6629 = CARTESIAN_POINT('',(3.646096809928,10.062162617512));
#6630 = CARTESIAN_POINT('',(3.795294964645,10.078782410439));
#6631 = CARTESIAN_POINT('',(3.944384427046,10.095391868825));
#6632 = CARTESIAN_POINT('',(4.093474162567,10.112004802712));
#6633 = CARTESIAN_POINT('',(4.242684155327,10.128630963804));
#6634 = CARTESIAN_POINT('',(4.392098544965,10.145277780657));
#6635 = CARTESIAN_POINT('',(4.640581801345,10.172958533635));
#6636 = CARTESIAN_POINT('',(4.740056139411,10.184038872877));
#6637 = CARTESIAN_POINT('',(4.83951463111,10.195116436645));
#6638 = CARTESIAN_POINT('',(4.938958248352,10.206191653413));
#6639 = CARTESIAN_POINT('',(5.038405200255,10.217267446686));
#6640 = CARTESIAN_POINT('',(5.137872437231,10.228346714277));
#6641 = CARTESIAN_POINT('',(5.237358059036,10.239429775239));
#6642 = CARTESIAN_POINT('',(5.455022540441,10.263681964796));
#6643 = CARTESIAN_POINT('',(5.573379449847,10.276871621535));
#6644 = CARTESIAN_POINT('',(5.69168909759,10.290058099939));
#6645 = CARTESIAN_POINT('',(5.809962161262,10.303241437779));
#6646 = CARTESIAN_POINT('',(5.928239861158,10.31642301401));
#6647 = CARTESIAN_POINT('',(6.046563471704,10.329605145946));
#6648 = CARTESIAN_POINT('',(6.164940274574,10.34278987659));
#6649 = CARTESIAN_POINT('',(6.28318530718,10.355958956925));
#6650 = ( GEOMETRIC_REPRESENTATION_CONTEXT(2) 
PARAMETRIC_REPRESENTATION_CONTEXT() REPRESENTATION_CONTEXT('2D SPACE',''
  ) );
#6651 = ORIENTED_EDGE('',*,*,#6652,.T.);
#6652 = EDGE_CURVE('',#6486,#6653,#6655,.T.);
#6653 = VERTEX_POINT('',#6654);
#6654 = CARTESIAN_POINT('',(91.305960879646,-54.5,49.0365));
#6655 = SURFACE_CURVE('',#6656,(#6707,#6761),.PCURVE_S1.);
#6656 = B_SPLINE_CURVE_WITH_KNOTS('',7,(#6657,#6658,#6659,#6660,#6661,
    #6662,#6663,#6664,#6665,#6666,#6667,#6668,#6669,#6670,#6671,#6672,
    #6673,#6674,#6675,#6676,#6677,#6678,#6679,#6680,#6681,#6682,#6683,
    #6684,#6685,#6686,#6687,#6688,#6689,#6690,#6691,#6692,#6693,#6694,
    #6695,#6696,#6697,#6698,#6699,#6700,#6701,#6702,#6703,#6704,#6705,
    #6706),.UNSPECIFIED.,.F.,.F.,(8,6,6,6,6,6,6,6,8),(0.,
    7.323456050366E-02,0.208250903444,0.351759115721,0.46350828195,
    0.638315489861,0.715897540115,0.861821722594,1.),.UNSPECIFIED.);
#6657 = CARTESIAN_POINT('',(90.605958906925,-54.5,49.0365));
#6658 = CARTESIAN_POINT('',(90.613275095434,-54.37124372116,49.0365));
#6659 = CARTESIAN_POINT('',(90.620591603008,-54.24246565315,
    49.046368537073));
#6660 = CARTESIAN_POINT('',(90.627908985455,-54.11459665089,
    49.066108051929));
#6661 = CARTESIAN_POINT('',(90.635227437611,-53.9885451698,
    49.095615896484));
#6662 = CARTESIAN_POINT('',(90.642546793334,-53.86519726583,
    49.134684333859));
#6663 = CARTESIAN_POINT('',(90.64986652551,-53.74541659544,
    49.183000538379));
#6664 = CARTESIAN_POINT('',(90.670679571689,-53.41734252067,
    49.34550193059));
#6665 = CARTESIAN_POINT('',(90.684187732012,-53.21932737107,
    49.48101057005));
#6666 = CARTESIAN_POINT('',(90.697691331095,-53.04145970508,
    49.644077337017));
#6667 = CARTESIAN_POINT('',(90.711178983942,-52.88817062623,
    49.83100414018));
#6668 = CARTESIAN_POINT('',(90.724665192502,-52.76308978481,
    50.03735164437));
#6669 = CARTESIAN_POINT('',(90.738171572929,-52.66896723053,
    50.258061494529));
#6670 = CARTESIAN_POINT('',(90.766019339262,-52.54173137808,
    50.731037134239));
#6671 = CARTESIAN_POINT('',(90.78038669961,-52.51271245384,
    50.984848878524));
#6672 = CARTESIAN_POINT('',(90.79474531686,-52.52225670303,
    51.241745194761));
#6673 = CARTESIAN_POINT('',(90.809090895528,-52.57041492132,
    51.494772797665));
#6674 = CARTESIAN_POINT('',(90.823434223823,-52.6558754298,
    51.737168325005));
#6675 = CARTESIAN_POINT('',(90.837784702614,-52.77603480153,
    51.962547371016));
#6676 = CARTESIAN_POINT('',(90.863293006822,-53.04371642207,
    52.322948572377));
#6677 = CARTESIAN_POINT('',(90.874462184022,-53.17943363599,
    52.467080501082));
#6678 = CARTESIAN_POINT('',(90.885633554907,-53.33162674077,
    52.594855740633));
#6679 = CARTESIAN_POINT('',(90.8968069713,-53.49793274923,
    52.704042522124));
#6680 = CARTESIAN_POINT('',(90.907981836011,-53.675678633,
    52.792885829317));
#6681 = CARTESIAN_POINT('',(90.919157102842,-53.86188132258,
    52.860107398635));
#6682 = CARTESIAN_POINT('',(90.947810835306,-54.35259869596,
    52.974982925069));
#6683 = CARTESIAN_POINT('',(90.965324276038,-54.66534928564,
    52.990408610311));
#6684 = CARTESIAN_POINT('',(90.982804693071,-54.97845382795,
    52.947761508019));
#6685 = CARTESIAN_POINT('',(91.000276389872,-55.27920762259,
    52.848301297283));
#6686 = CARTESIAN_POINT('',(91.017751957126,-55.55599431467,
    52.695872329096));
#6687 = CARTESIAN_POINT('',(91.035259669421,-55.79787901813,
    52.497044823786));
#6688 = CARTESIAN_POINT('',(91.060492685573,-56.08455886786,
    52.158133284575));
#6689 = CARTESIAN_POINT('',(91.068249538892,-56.16422268311,
    52.046794754826));
#6690 = CARTESIAN_POINT('',(91.076006888113,-56.23472968799,
    51.92911907667));
#6691 = CARTESIAN_POINT('',(91.083765107883,-56.29548864973,
    51.806006662046));
#6692 = CARTESIAN_POINT('',(91.091524427062,-56.34601206925,
    51.678426230072));
#6693 = CARTESIAN_POINT('',(91.099284167003,-56.38592756107,
    51.547411820756));
#6694 = CARTESIAN_POINT('',(91.121632875914,-56.46969282197,
    51.163254859813));
#6695 = CARTESIAN_POINT('',(91.13623550006,-56.48610593394,
    50.903863430897));
#6696 = CARTESIAN_POINT('',(91.150824556283,-56.4625032211,
    50.643314427534));
#6697 = CARTESIAN_POINT('',(91.165409933144,-56.39922243461,
    50.388921880597));
#6698 = CARTESIAN_POINT('',(91.180000468711,-56.29796733438,
    50.147652507915));
#6699 = CARTESIAN_POINT('',(91.194605334508,-56.16189564095,
    49.926180681621));
#6700 = CARTESIAN_POINT('',(91.223013681364,-55.83905687425,
    49.544742866121));
#6701 = CARTESIAN_POINT('',(91.236845537653,-55.65505812967,
    49.381774005856));
#6702 = CARTESIAN_POINT('',(91.250672269524,-55.44816240041,
    49.246348370306));
#6703 = CARTESIAN_POINT('',(91.26449785397,-55.22341789823,
    49.142119638003));
#6704 = CARTESIAN_POINT('',(91.278321702752,-54.98636148945,
    49.071665868433));
#6705 = CARTESIAN_POINT('',(91.292149206596,-54.7430586198,49.0365));
#6706 = CARTESIAN_POINT('',(91.305960879646,-54.5,49.0365));
#6707 = PCURVE('',#1285,#6708);
#6708 = DEFINITIONAL_REPRESENTATION('',(#6709),#6760);
#6709 = B_SPLINE_CURVE_WITH_KNOTS('',7,(#6710,#6711,#6712,#6713,#6714,
    #6715,#6716,#6717,#6718,#6719,#6720,#6721,#6722,#6723,#6724,#6725,
    #6726,#6727,#6728,#6729,#6730,#6731,#6732,#6733,#6734,#6735,#6736,
    #6737,#6738,#6739,#6740,#6741,#6742,#6743,#6744,#6745,#6746,#6747,
    #6748,#6749,#6750,#6751,#6752,#6753,#6754,#6755,#6756,#6757,#6758,
    #6759),.UNSPECIFIED.,.F.,.F.,(8,6,6,6,6,6,6,6,8),(0.,
    7.323456050366E-02,0.208250903444,0.351759115721,0.46350828195,
    0.638315489861,0.715897540115,0.861821722594,1.),.UNSPECIFIED.);
#6710 = CARTESIAN_POINT('',(0.440524953632,88.508809595247));
#6711 = CARTESIAN_POINT('',(0.440519237993,88.574909926559));
#6712 = CARTESIAN_POINT('',(0.440512369851,88.641017976819));
#6713 = CARTESIAN_POINT('',(0.440505950261,88.70713199445));
#6714 = CARTESIAN_POINT('',(0.440501116434,88.773248938647));
#6715 = CARTESIAN_POINT('',(0.440498541737,88.839364479376));
#6716 = CARTESIAN_POINT('',(0.440498435694,88.90547299738));
#6717 = CARTESIAN_POINT('',(0.440504430855,89.093420563633));
#6718 = CARTESIAN_POINT('',(0.440515881291,89.215370432341));
#6719 = CARTESIAN_POINT('',(0.440526904337,89.337284511566));
#6720 = CARTESIAN_POINT('',(0.440515375768,89.459148170721));
#6721 = CARTESIAN_POINT('',(0.440493958776,89.581037868517));
#6722 = CARTESIAN_POINT('',(0.440496666447,89.703009464562));
#6723 = CARTESIAN_POINT('',(0.440509868101,89.954460571657));
#6724 = CARTESIAN_POINT('',(0.440524527136,90.084157439411));
#6725 = CARTESIAN_POINT('',(0.44054131291,90.21376655541));
#6726 = CARTESIAN_POINT('',(0.440546312145,90.343307801667));
#6727 = CARTESIAN_POINT('',(0.440537556884,90.472886833331));
#6728 = CARTESIAN_POINT('',(0.440525538297,90.602544216368));
#6729 = CARTESIAN_POINT('',(0.440505203551,90.833008774947));
#6730 = CARTESIAN_POINT('',(0.44049690447,90.933918414393));
#6731 = CARTESIAN_POINT('',(0.440491660346,91.034834937966));
#6732 = CARTESIAN_POINT('',(0.440490646198,91.13575204499));
#6733 = CARTESIAN_POINT('',(0.440493760376,91.236664775574));
#6734 = CARTESIAN_POINT('',(0.440499624563,91.337569510616));
#6735 = CARTESIAN_POINT('',(0.440514905667,91.596291360125));
#6736 = CARTESIAN_POINT('',(0.440525341034,91.754420046259));
#6737 = CARTESIAN_POINT('',(0.440530815406,91.912271458025));
#6738 = CARTESIAN_POINT('',(0.440524960622,92.070092014727));
#6739 = CARTESIAN_POINT('',(0.440519091843,92.22794764111));
#6740 = CARTESIAN_POINT('',(0.440517098299,92.386077243971));
#6741 = CARTESIAN_POINT('',(0.440518317801,92.613964475104));
#6742 = CARTESIAN_POINT('',(0.440519253264,92.684016665865));
#6743 = CARTESIAN_POINT('',(0.440520670768,92.754071295995));
#6744 = CARTESIAN_POINT('',(0.440522288825,92.824132935332));
#6745 = CARTESIAN_POINT('',(0.440523700416,92.89420536768));
#6746 = CARTESIAN_POINT('',(0.440524503285,92.964284161497));
#6747 = CARTESIAN_POINT('',(0.440524445207,93.166127012584));
#6748 = CARTESIAN_POINT('',(0.440521472082,93.298023292916));
#6749 = CARTESIAN_POINT('',(0.440514216149,93.429815088032));
#6750 = CARTESIAN_POINT('',(0.440502684134,93.561591691218));
#6751 = CARTESIAN_POINT('',(0.440493618228,93.693404482325));
#6752 = CARTESIAN_POINT('',(0.440491438759,93.825317657011));
#6753 = CARTESIAN_POINT('',(0.440499028319,94.081855928706));
#6754 = CARTESIAN_POINT('',(0.440508213241,94.20673975864));
#6755 = CARTESIAN_POINT('',(0.440522184063,94.331557146424));
#6756 = CARTESIAN_POINT('',(0.440537308524,94.456359337653));
#6757 = CARTESIAN_POINT('',(0.440543063387,94.581185420787));
#6758 = CARTESIAN_POINT('',(0.440538731456,94.706087037707));
#6759 = CARTESIAN_POINT('',(0.440529507437,94.830866230492));
#6760 = ( GEOMETRIC_REPRESENTATION_CONTEXT(2) 
PARAMETRIC_REPRESENTATION_CONTEXT() REPRESENTATION_CONTEXT('2D SPACE',''
  ) );
#6761 = PCURVE('',#2230,#6762);
#6762 = DEFINITIONAL_REPRESENTATION('',(#6763),#6814);
#6763 = B_SPLINE_CURVE_WITH_KNOTS('',7,(#6764,#6765,#6766,#6767,#6768,
    #6769,#6770,#6771,#6772,#6773,#6774,#6775,#6776,#6777,#6778,#6779,
    #6780,#6781,#6782,#6783,#6784,#6785,#6786,#6787,#6788,#6789,#6790,
    #6791,#6792,#6793,#6794,#6795,#6796,#6797,#6798,#6799,#6800,#6801,
    #6802,#6803,#6804,#6805,#6806,#6807,#6808,#6809,#6810,#6811,#6812,
    #6813),.UNSPECIFIED.,.F.,.F.,(8,6,6,6,6,6,6,6,8),(0.,
    7.323456050366E-02,0.208250903444,0.351759115721,0.46350828195,
    0.638315489861,0.715897540115,0.861821722594,1.),.UNSPECIFIED.);
#6764 = CARTESIAN_POINT('',(0.,10.355958956925));
#6765 = CARTESIAN_POINT('',(6.569197899918E-02,10.363275145434));
#6766 = CARTESIAN_POINT('',(0.131390686589,10.370591653008));
#6767 = CARTESIAN_POINT('',(0.197094705359,10.377909035455));
#6768 = CARTESIAN_POINT('',(0.262801487269,10.385227487611));
#6769 = CARTESIAN_POINT('',(0.328507353648,10.392546843334));
#6770 = CARTESIAN_POINT('',(0.394207495192,10.39986657551));
#6771 = CARTESIAN_POINT('',(0.581000240857,10.420679621689));
#6772 = CARTESIAN_POINT('',(0.702215187632,10.434187782012));
#6773 = CARTESIAN_POINT('',(0.823375054835,10.447691381095));
#6774 = CARTESIAN_POINT('',(0.944497803736,10.461179033942));
#6775 = CARTESIAN_POINT('',(1.065656486591,10.474665242502));
#6776 = CARTESIAN_POINT('',(1.186868986201,10.488171622929));
#6777 = CARTESIAN_POINT('',(1.436762194289,10.516019389262));
#6778 = CARTESIAN_POINT('',(1.565653337709,10.53038674961));
#6779 = CARTESIAN_POINT('',(1.694462412832,10.54474536686));
#6780 = CARTESIAN_POINT('',(1.823209137926,10.559090945528));
#6781 = CARTESIAN_POINT('',(1.951994889466,10.573434273823));
#6782 = CARTESIAN_POINT('',(2.080856616791,10.587784752614));
#6783 = CARTESIAN_POINT('',(2.309904996222,10.613293056822));
#6784 = CARTESIAN_POINT('',(2.410193548752,10.624462234022));
#6785 = CARTESIAN_POINT('',(2.510488563604,10.635633604907));
#6786 = CARTESIAN_POINT('',(2.610784290985,10.6468070213));
#6787 = CARTESIAN_POINT('',(2.711076196944,10.657981886011));
#6788 = CARTESIAN_POINT('',(2.81136096337,10.669157152842));
#6789 = CARTESIAN_POINT('',(3.068495685016,10.697810885306));
#6790 = CARTESIAN_POINT('',(3.225656191419,10.715324326038));
#6791 = CARTESIAN_POINT('',(3.382542279062,10.732804743071));
#6792 = CARTESIAN_POINT('',(3.539394518494,10.750276439872));
#6793 = CARTESIAN_POINT('',(3.696275833409,10.767752007126));
#6794 = CARTESIAN_POINT('',(3.853427732173,10.785259719421));
#6795 = CARTESIAN_POINT('',(4.079906839927,10.810492735573));
#6796 = CARTESIAN_POINT('',(4.149526303432,10.818249588892));
#6797 = CARTESIAN_POINT('',(4.219148540891,10.826006938113));
#6798 = CARTESIAN_POINT('',(4.288778298061,10.833765157883));
#6799 = CARTESIAN_POINT('',(4.358419436185,10.841524477061));
#6800 = CARTESIAN_POINT('',(4.428067523428,10.849284217003));
#6801 = CARTESIAN_POINT('',(4.628671301235,10.871632925914));
#6802 = CARTESIAN_POINT('',(4.75975968522,10.88623555006));
#6803 = CARTESIAN_POINT('',(4.890745265679,10.900824606283));
#6804 = CARTESIAN_POINT('',(5.02171476721,10.915409983144));
#6805 = CARTESIAN_POINT('',(5.152717448552,10.930000518711));
#6806 = CARTESIAN_POINT('',(5.283818611445,10.944605384508));
#6807 = CARTESIAN_POINT('',(5.538777589889,10.973013731364));
#6808 = CARTESIAN_POINT('',(5.662892571264,10.986845587653));
#6809 = CARTESIAN_POINT('',(5.786942474133,11.000672319524));
#6810 = CARTESIAN_POINT('',(5.910979641326,11.01449790397));
#6811 = CARTESIAN_POINT('',(6.03504164749,11.028321752752));
#6812 = CARTESIAN_POINT('',(6.159175807281,11.042149256596));
#6813 = CARTESIAN_POINT('',(6.28318530718,11.055960929646));
#6814 = ( GEOMETRIC_REPRESENTATION_CONTEXT(2) 
PARAMETRIC_REPRESENTATION_CONTEXT() REPRESENTATION_CONTEXT('2D SPACE',''
  ) );
#6815 = ORIENTED_EDGE('',*,*,#6816,.T.);
#6816 = EDGE_CURVE('',#6653,#6817,#6819,.T.);
#6817 = VERTEX_POINT('',#6818);
#6818 = CARTESIAN_POINT('',(92.005962511336,-54.5,49.0365));
#6819 = SURFACE_CURVE('',#6820,(#6872,#6927),.PCURVE_S1.);
#6820 = B_SPLINE_CURVE_WITH_KNOTS('',8,(#6821,#6822,#6823,#6824,#6825,
    #6826,#6827,#6828,#6829,#6830,#6831,#6832,#6833,#6834,#6835,#6836,
    #6837,#6838,#6839,#6840,#6841,#6842,#6843,#6844,#6845,#6846,#6847,
    #6848,#6849,#6850,#6851,#6852,#6853,#6854,#6855,#6856,#6857,#6858,
    #6859,#6860,#6861,#6862,#6863,#6864,#6865,#6866,#6867,#6868,#6869,
    #6870,#6871),.UNSPECIFIED.,.F.,.F.,(9,7,7,7,7,7,7,9),(0.,
    0.103402006216,0.269329807909,0.433512671414,0.56763186459,
    0.67483024089,0.843193877332,1.),.UNSPECIFIED.);
#6821 = CARTESIAN_POINT('',(91.305960879646,-54.5,49.0365));
#6822 = CARTESIAN_POINT('',(91.315000530005,-54.34091971104,49.0365));
#6823 = CARTESIAN_POINT('',(91.324040894203,-54.18177165948,
    49.051267683022));
#6824 = CARTESIAN_POINT('',(91.333082519109,-54.0242369151,
    49.080792210327));
#6825 = CARTESIAN_POINT('',(91.342125645131,-53.86992627538,
    49.124864806328));
#6826 = CARTESIAN_POINT('',(91.351170206216,-53.72038026549,
    49.183078758586));
#6827 = CARTESIAN_POINT('',(91.360215829854,-53.57706913829,
    49.254829417813));
#6828 = CARTESIAN_POINT('',(91.369261837075,-53.44139287435,
    49.339314197871));
#6829 = CARTESIAN_POINT('',(91.392822282186,-53.11134864182,
    49.589932906209));
#6830 = CARTESIAN_POINT('',(91.407358722844,-52.9307248178,
    49.774820443701));
#6831 = CARTESIAN_POINT('',(91.42187117745,-52.7786138628,
    49.985976430579));
#6832 = CARTESIAN_POINT('',(91.436371543435,-52.65928329658,
    50.218174669238));
#6833 = CARTESIAN_POINT('',(91.450883298511,-52.5758421066,
    50.465534158794));
#6834 = CARTESIAN_POINT('',(91.465414830947,-52.53032882338,
    50.721735428256));
#6835 = CARTESIAN_POINT('',(91.479951804255,-52.52350957069,
    50.980100566208));
#6836 = CARTESIAN_POINT('',(91.50883264651,-52.58493790464,
    51.48430812755));
#6837 = CARTESIAN_POINT('',(91.523211465569,-52.65246845797,
    51.730885135321));
#6838 = CARTESIAN_POINT('',(91.537574260806,-52.75629035772,
    51.966410845071));
#6839 = CARTESIAN_POINT('',(91.551925958684,-52.89410892689,
    52.18472791635));
#6840 = CARTESIAN_POINT('',(91.566278337687,-53.06258369126,
    52.380373959127));
#6841 = CARTESIAN_POINT('',(91.580641764143,-53.25747203782,
    52.548540848431));
#6842 = CARTESIAN_POINT('',(91.595018376088,-53.47353509262,
    52.685220075866));
#6843 = CARTESIAN_POINT('',(91.621107494074,-53.8929653491,
    52.871516526723));
#6844 = CARTESIAN_POINT('',(91.632847304968,-54.09176292419,
    52.932648852367));
#6845 = CARTESIAN_POINT('',(91.644586171999,-54.29743229854,
    52.969602581458));
#6846 = CARTESIAN_POINT('',(91.656321600593,-54.50652040959,
    52.981547438557));
#6847 = CARTESIAN_POINT('',(91.668055993651,-54.7155264434,
    52.968230452823));
#6848 = CARTESIAN_POINT('',(91.679792638832,-54.9209563957,
    52.929926575878));
#6849 = CARTESIAN_POINT('',(91.691531152025,-55.11937317593,
    52.867482758816));
#6850 = CARTESIAN_POINT('',(91.712638874405,-55.45776152844,
    52.714495153096));
#6851 = CARTESIAN_POINT('',(91.722016792911,-55.60160299668,
    52.63203446196));
#6852 = CARTESIAN_POINT('',(91.731395766807,-55.73726369352,
    52.535858122344));
#6853 = CARTESIAN_POINT('',(91.740775435817,-55.8632093997,
    52.426924824848));
#6854 = CARTESIAN_POINT('',(91.750155445085,-55.97807464195,
    52.306367243281));
#6855 = CARTESIAN_POINT('',(91.759535445175,-56.08066269299,
    52.175492034665));
#6856 = CARTESIAN_POINT('',(91.768915092075,-56.16994557151,
    52.035779839228));
#6857 = CARTESIAN_POINT('',(91.793024447445,-56.36304361725,
    51.658175609713));
#6858 = CARTESIAN_POINT('',(91.807774120808,-56.44631541768,
    51.409339624797));
#6859 = CARTESIAN_POINT('',(91.822510848621,-56.49134125031,
    51.148937073977));
#6860 = CARTESIAN_POINT('',(91.837237262123,-56.49650123701,
    50.883886063205));
#6861 = CARTESIAN_POINT('',(91.851961116962,-56.4615700912,
    50.621090523081));
#6862 = CARTESIAN_POINT('',(91.866692237763,-56.38754265104,
    50.367389327204));
#6863 = CARTESIAN_POINT('',(91.881437429057,-56.27680272652,
    50.129485703491));
#6864 = CARTESIAN_POINT('',(91.909880901806,-56.00028420992,
    49.712370972034));
#6865 = CARTESIAN_POINT('',(91.92361387083,-55.83849320901,
    49.529777287456));
#6866 = CARTESIAN_POINT('',(91.937341267389,-55.65145948153,
    49.370791564737));
#6867 = CARTESIAN_POINT('',(91.951065941971,-55.44332608867,
    49.239332097701));
#6868 = CARTESIAN_POINT('',(91.964791522762,-55.21874613509,
    49.138486260675));
#6869 = CARTESIAN_POINT('',(91.978519477918,-54.98286857343,
    49.070446896289));
#6870 = CARTESIAN_POINT('',(91.992250693639,-54.74128574209,49.0365));
#6871 = CARTESIAN_POINT('',(92.005962511336,-54.5,49.0365));
#6872 = PCURVE('',#1285,#6873);
#6873 = DEFINITIONAL_REPRESENTATION('',(#6874),#6926);
#6874 = B_SPLINE_CURVE_WITH_KNOTS('',8,(#6875,#6876,#6877,#6878,#6879,
    #6880,#6881,#6882,#6883,#6884,#6885,#6886,#6887,#6888,#6889,#6890,
    #6891,#6892,#6893,#6894,#6895,#6896,#6897,#6898,#6899,#6900,#6901,
    #6902,#6903,#6904,#6905,#6906,#6907,#6908,#6909,#6910,#6911,#6912,
    #6913,#6914,#6915,#6916,#6917,#6918,#6919,#6920,#6921,#6922,#6923,
    #6924,#6925),.UNSPECIFIED.,.F.,.F.,(9,7,7,7,7,7,7,9),(0.,
    0.103402006216,0.269329807909,0.433512671414,0.56763186459,
    0.67483024089,0.843193877332,1.),.UNSPECIFIED.);
#6875 = CARTESIAN_POINT('',(0.440529507437,94.830866230492));
#6876 = CARTESIAN_POINT('',(0.440523470377,94.912533402221));
#6877 = CARTESIAN_POINT('',(0.440514314265,94.994220161165));
#6878 = CARTESIAN_POINT('',(0.440505455036,95.075916986607));
#6879 = CARTESIAN_POINT('',(0.440499196535,95.157616314568));
#6880 = CARTESIAN_POINT('',(0.440496730519,95.239312537797));
#6881 = CARTESIAN_POINT('',(0.440498136656,95.321002005783));
#6882 = CARTESIAN_POINT('',(0.440502382527,95.402683024744));
#6883 = CARTESIAN_POINT('',(0.440515252531,95.615415148601));
#6884 = CARTESIAN_POINT('',(0.440527606651,95.746650746241));
#6885 = CARTESIAN_POINT('',(0.440509925189,95.877795342342));
#6886 = CARTESIAN_POINT('',(0.440488354014,96.0088460628));
#6887 = CARTESIAN_POINT('',(0.440488084086,96.139909526393));
#6888 = CARTESIAN_POINT('',(0.440506434841,96.271073402431));
#6889 = CARTESIAN_POINT('',(0.440520582547,96.402304467278));
#6890 = CARTESIAN_POINT('',(0.440539186361,96.663063501136));
#6891 = CARTESIAN_POINT('',(0.440543154091,96.792909290521));
#6892 = CARTESIAN_POINT('',(0.440536268618,96.922656257871));
#6893 = CARTESIAN_POINT('',(0.440519899373,97.052343041782));
#6894 = CARTESIAN_POINT('',(0.440503332393,97.182036766167));
#6895 = CARTESIAN_POINT('',(0.440494322815,97.311798299352));
#6896 = CARTESIAN_POINT('',(0.440491969085,97.44165076478));
#6897 = CARTESIAN_POINT('',(0.440496852851,97.677254238902));
#6898 = CARTESIAN_POINT('',(0.440502343119,97.783259239559));
#6899 = CARTESIAN_POINT('',(0.44051011758,97.889246058761));
#6900 = CARTESIAN_POINT('',(0.44051767768,97.99520272961));
#6901 = CARTESIAN_POINT('',(0.440522953953,98.101159703718));
#6902 = CARTESIAN_POINT('',(0.440525257122,98.207149591352));
#6903 = CARTESIAN_POINT('',(0.440525262953,98.313166072028));
#6904 = CARTESIAN_POINT('',(0.440523046049,98.50381008432));
#6905 = CARTESIAN_POINT('',(0.440521114055,98.588515040306));
#6906 = CARTESIAN_POINT('',(0.440519108412,98.673229849703));
#6907 = CARTESIAN_POINT('',(0.440517639634,98.757948677846));
#6908 = CARTESIAN_POINT('',(0.440517055196,98.842666849229));
#6909 = CARTESIAN_POINT('',(0.44051743954,98.9273808475));
#6910 = CARTESIAN_POINT('',(0.440518614067,99.012088315465));
#6911 = CARTESIAN_POINT('',(0.44052252926,99.229815780499));
#6912 = CARTESIAN_POINT('',(0.440525602309,99.36301467636));
#6913 = CARTESIAN_POINT('',(0.440527691002,99.496100778218));
#6914 = CARTESIAN_POINT('',(0.440525092188,99.629113480131));
#6915 = CARTESIAN_POINT('',(0.440516606919,99.762127896544));
#6916 = CARTESIAN_POINT('',(0.440505457654,99.895219172363));
#6917 = CARTESIAN_POINT('',(0.440497507428,100.02842403326));
#6918 = CARTESIAN_POINT('',(0.44049210037,100.28533433642));
#6919 = CARTESIAN_POINT('',(0.440493994903,100.40935579434));
#6920 = CARTESIAN_POINT('',(0.440502243296,100.5333001378));
#6921 = CARTESIAN_POINT('',(0.440516595182,100.65719417599));
#6922 = CARTESIAN_POINT('',(0.440532643566,100.7810892764));
#6923 = CARTESIAN_POINT('',(0.440541079502,100.90503797363));
#6924 = CARTESIAN_POINT('',(0.440540182215,101.02905547715));
#6925 = CARTESIAN_POINT('',(0.440533200939,101.15292339104));
#6926 = ( GEOMETRIC_REPRESENTATION_CONTEXT(2) 
PARAMETRIC_REPRESENTATION_CONTEXT() REPRESENTATION_CONTEXT('2D SPACE',''
  ) );
#6927 = PCURVE('',#2101,#6928);
#6928 = DEFINITIONAL_REPRESENTATION('',(#6929),#6981);
#6929 = B_SPLINE_CURVE_WITH_KNOTS('',8,(#6930,#6931,#6932,#6933,#6934,
    #6935,#6936,#6937,#6938,#6939,#6940,#6941,#6942,#6943,#6944,#6945,
    #6946,#6947,#6948,#6949,#6950,#6951,#6952,#6953,#6954,#6955,#6956,
    #6957,#6958,#6959,#6960,#6961,#6962,#6963,#6964,#6965,#6966,#6967,
    #6968,#6969,#6970,#6971,#6972,#6973,#6974,#6975,#6976,#6977,#6978,
    #6979,#6980),.UNSPECIFIED.,.F.,.F.,(9,7,7,7,7,7,7,9),(0.,
    0.103402006216,0.269329807909,0.433512671414,0.56763186459,
    0.67483024089,0.843193877332,1.),.UNSPECIFIED.);
#6930 = CARTESIAN_POINT('',(0.,11.055960929646));
#6931 = CARTESIAN_POINT('',(8.116341273076E-02,11.065000580005));
#6932 = CARTESIAN_POINT('',(0.162344350965,11.074040944203));
#6933 = CARTESIAN_POINT('',(0.243534352692,11.083082569109));
#6934 = CARTESIAN_POINT('',(0.324726862031,11.092125695131));
#6935 = CARTESIAN_POINT('',(0.405917229236,11.101170256216));
#6936 = CARTESIAN_POINT('',(0.487102710691,11.110215879854));
#6937 = CARTESIAN_POINT('',(0.568282468913,11.119261887075));
#6938 = CARTESIAN_POINT('',(0.779718164116,11.142822332186));
#6939 = CARTESIAN_POINT('',(0.910147959264,11.157358772844));
#6940 = CARTESIAN_POINT('',(1.040502093137,11.17187122745));
#6941 = CARTESIAN_POINT('',(1.170757872889,11.186371593435));
#6942 = CARTESIAN_POINT('',(1.301007852696,11.200883348511));
#6943 = CARTESIAN_POINT('',(1.431349283342,11.215414880947));
#6944 = CARTESIAN_POINT('',(1.561769936369,11.229951854255));
#6945 = CARTESIAN_POINT('',(1.820920818678,11.25883269651));
#6946 = CARTESIAN_POINT('',(1.949968997576,11.273211515569));
#6947 = CARTESIAN_POINT('',(2.078922030902,11.287574310806));
#6948 = CARTESIAN_POINT('',(2.207814048204,11.301926008684));
#6949 = CARTESIAN_POINT('',(2.336710110425,11.316278387687));
#6950 = CARTESIAN_POINT('',(2.465672069813,11.330641814143));
#6951 = CARTESIAN_POINT('',(2.594724797348,11.345018426088));
#6952 = CARTESIAN_POINT('',(2.828879072576,11.371107544074));
#6953 = CARTESIAN_POINT('',(2.934232708787,11.382847354968));
#6954 = CARTESIAN_POINT('',(3.03956944456,11.394586221999));
#6955 = CARTESIAN_POINT('',(3.144877280252,11.406321650593));
#6956 = CARTESIAN_POINT('',(3.250185844386,11.418056043651));
#6957 = CARTESIAN_POINT('',(3.355526630256,11.429792688831));
#6958 = CARTESIAN_POINT('',(3.460892583955,11.441531202025));
#6959 = CARTESIAN_POINT('',(3.650364468732,11.462638924405));
#6960 = CARTESIAN_POINT('',(3.734547703894,11.472016842911));
#6961 = CARTESIAN_POINT('',(3.818739900678,11.481395816807));
#6962 = CARTESIAN_POINT('',(3.902935436102,11.490775485817));
#6963 = CARTESIAN_POINT('',(3.987129912856,11.500155495085));
#6964 = CARTESIAN_POINT('',(4.071320159302,11.509535495175));
#6965 = CARTESIAN_POINT('',(4.155504229471,11.518915142075));
#6966 = CARTESIAN_POINT('',(4.371888396693,11.543024497445));
#6967 = CARTESIAN_POINT('',(4.504267158652,11.557774170808));
#6968 = CARTESIAN_POINT('',(4.636536341449,11.572510898621));
#6969 = CARTESIAN_POINT('',(4.768735217564,11.587237312123));
#6970 = CARTESIAN_POINT('',(4.90093629077,11.601961166962));
#6971 = CARTESIAN_POINT('',(5.033211972983,11.616692287763));
#6972 = CARTESIAN_POINT('',(5.165598627083,11.631437479057));
#6973 = CARTESIAN_POINT('',(5.420928723727,11.659880951806));
#6974 = CARTESIAN_POINT('',(5.544186378452,11.67361392083));
#6975 = CARTESIAN_POINT('',(5.667367100473,11.687341317389));
#6976 = CARTESIAN_POINT('',(5.790498741631,11.701065991971));
#6977 = CARTESIAN_POINT('',(5.913634133418,11.714791572761));
#6978 = CARTESIAN_POINT('',(6.036823987716,11.728519527918));
#6979 = CARTESIAN_POINT('',(6.160080336722,11.742250743639));
#6980 = CARTESIAN_POINT('',(6.28318530718,11.755962561336));
#6981 = ( GEOMETRIC_REPRESENTATION_CONTEXT(2) 
PARAMETRIC_REPRESENTATION_CONTEXT() REPRESENTATION_CONTEXT('2D SPACE',''
  ) );
#6982 = ORIENTED_EDGE('',*,*,#6983,.T.);
#6983 = EDGE_CURVE('',#6817,#6984,#6986,.T.);
#6984 = VERTEX_POINT('',#6985);
#6985 = CARTESIAN_POINT('',(92.105954794029,-52.96761028822,
    49.774459996054));
#6986 = SURFACE_CURVE('',#6987,(#6996,#7008),.PCURVE_S1.);
#6987 = B_SPLINE_CURVE_WITH_KNOTS('',7,(#6988,#6989,#6990,#6991,#6992,
    #6993,#6994,#6995),.UNSPECIFIED.,.F.,.F.,(8,8),(0.,1.),
  .PIECEWISE_BEZIER_KNOTS.);
#6988 = CARTESIAN_POINT('',(92.005962511336,-54.5,49.0365));
#6989 = CARTESIAN_POINT('',(92.020238449888,-54.24878746903,49.0365));
#6990 = CARTESIAN_POINT('',(92.034526406901,-53.9973123003,
    49.074064929356));
#6991 = CARTESIAN_POINT('',(92.048804720543,-53.75274408588,
    49.149330081623));
#6992 = CARTESIAN_POINT('',(92.063082022338,-53.52176747708,
    49.260563070434));
#6993 = CARTESIAN_POINT('',(92.077377096143,-53.3104379986,
    49.404834882984));
#6994 = CARTESIAN_POINT('',(92.091673208947,-53.12426155019,
    49.578025524672));
#6995 = CARTESIAN_POINT('',(92.105954794029,-52.96761028822,
    49.774459996054));
#6996 = PCURVE('',#1285,#6997);
#6997 = DEFINITIONAL_REPRESENTATION('',(#6998),#7007);
#6998 = B_SPLINE_CURVE_WITH_KNOTS('',7,(#6999,#7000,#7001,#7002,#7003,
    #7004,#7005,#7006),.UNSPECIFIED.,.F.,.F.,(8,8),(0.,1.),
  .PIECEWISE_BEZIER_KNOTS.);
#6999 = CARTESIAN_POINT('',(0.440533200939,101.15292339104));
#7000 = CARTESIAN_POINT('',(0.440525932444,101.28188738154));
#7001 = CARTESIAN_POINT('',(0.440511667099,101.4109893662));
#7002 = CARTESIAN_POINT('',(0.440496169127,101.54000932366));
#7003 = CARTESIAN_POINT('',(0.440483604811,101.66900760878));
#7004 = CARTESIAN_POINT('',(0.440505799331,101.79801959886));
#7005 = CARTESIAN_POINT('',(0.440514562965,101.92709808406));
#7006 = CARTESIAN_POINT('',(0.44051565678,102.05607946074));
#7007 = ( GEOMETRIC_REPRESENTATION_CONTEXT(2) 
PARAMETRIC_REPRESENTATION_CONTEXT() REPRESENTATION_CONTEXT('2D SPACE',''
  ) );
#7008 = PCURVE('',#2101,#7009);
#7009 = DEFINITIONAL_REPRESENTATION('',(#7010),#7019);
#7010 = B_SPLINE_CURVE_WITH_KNOTS('',7,(#7011,#7012,#7013,#7014,#7015,
    #7016,#7017,#7018),.UNSPECIFIED.,.F.,.F.,(8,8),(0.,1.),
  .PIECEWISE_BEZIER_KNOTS.);
#7011 = CARTESIAN_POINT('',(0.,11.755962561336));
#7012 = CARTESIAN_POINT('',(0.128169658655,11.770238499888));
#7013 = CARTESIAN_POINT('',(0.256473421962,11.784526456901));
#7014 = CARTESIAN_POINT('',(0.384691789322,11.798804770543));
#7015 = CARTESIAN_POINT('',(0.512885749115,11.813082072338));
#7016 = CARTESIAN_POINT('',(0.641100869149,11.827377146143));
#7017 = CARTESIAN_POINT('',(0.769409580408,11.841673258947));
#7018 = CARTESIAN_POINT('',(0.897597906048,11.855954844029));
#7019 = ( GEOMETRIC_REPRESENTATION_CONTEXT(2) 
PARAMETRIC_REPRESENTATION_CONTEXT() REPRESENTATION_CONTEXT('2D SPACE',''
  ) );
#7020 = ORIENTED_EDGE('',*,*,#7021,.F.);
#7021 = EDGE_CURVE('',#1884,#6984,#7022,.T.);
#7022 = SURFACE_CURVE('',#7023,(#7026,#7033),.PCURVE_S1.);
#7023 = B_SPLINE_CURVE_WITH_KNOTS('',1,(#7024,#7025),.UNSPECIFIED.,.F.,
  .F.,(2,2),(0.,0.598889910268),.PIECEWISE_BEZIER_KNOTS.);
#7024 = CARTESIAN_POINT('',(91.899998052815,-53.27205892598,
    50.017249805527));
#7025 = CARTESIAN_POINT('',(92.180000391815,-52.85815486935,
    49.687172168168));
#7026 = PCURVE('',#1285,#7027);
#7027 = DEFINITIONAL_REPRESENTATION('',(#7028),#7032);
#7028 = LINE('',#7029,#7030);
#7029 = CARTESIAN_POINT('',(0.,102.05607946074));
#7030 = VECTOR('',#7031,1.);
#7031 = DIRECTION('',(1.,0.));
#7032 = ( GEOMETRIC_REPRESENTATION_CONTEXT(2) 
PARAMETRIC_REPRESENTATION_CONTEXT() REPRESENTATION_CONTEXT('2D SPACE',''
  ) );
#7033 = PCURVE('',#2064,#7034);
#7034 = DEFINITIONAL_REPRESENTATION('',(#7035),#7038);
#7035 = B_SPLINE_CURVE_WITH_KNOTS('',1,(#7036,#7037),.UNSPECIFIED.,.F.,
  .F.,(2,2),(0.,0.598889910268),.PIECEWISE_BEZIER_KNOTS.);
#7036 = CARTESIAN_POINT('',(0.349032072349,-1.542085271922E-06));
#7037 = CARTESIAN_POINT('',(-0.180371190557,0.280000796914));
#7038 = ( GEOMETRIC_REPRESENTATION_CONTEXT(2) 
PARAMETRIC_REPRESENTATION_CONTEXT() REPRESENTATION_CONTEXT('2D SPACE',''
  ) );
#7039 = ADVANCED_FACE('',(#7040),#4288,.T.);
#7040 = FACE_BOUND('',#7041,.T.);
#7041 = EDGE_LOOP('',(#7042,#7043,#7064,#7065));
#7042 = ORIENTED_EDGE('',*,*,#4717,.T.);
#7043 = ORIENTED_EDGE('',*,*,#7044,.T.);
#7044 = EDGE_CURVE('',#4718,#4008,#7045,.T.);
#7045 = SURFACE_CURVE('',#7046,(#7050,#7057),.PCURVE_S1.);
#7046 = LINE('',#7047,#7048);
#7047 = CARTESIAN_POINT('',(80.24999995,-54.5,49.0365));
#7048 = VECTOR('',#7049,1.);
#7049 = DIRECTION('',(1.,0.,1.110223024625E-16));
#7050 = PCURVE('',#4288,#7051);
#7051 = DEFINITIONAL_REPRESENTATION('',(#7052),#7056);
#7052 = LINE('',#7053,#7054);
#7053 = CARTESIAN_POINT('',(6.28318530718,-0.));
#7054 = VECTOR('',#7055,1.);
#7055 = DIRECTION('',(0.,1.));
#7056 = ( GEOMETRIC_REPRESENTATION_CONTEXT(2) 
PARAMETRIC_REPRESENTATION_CONTEXT() REPRESENTATION_CONTEXT('2D SPACE',''
  ) );
#7057 = PCURVE('',#4117,#7058);
#7058 = DEFINITIONAL_REPRESENTATION('',(#7059),#7063);
#7059 = LINE('',#7060,#7061);
#7060 = CARTESIAN_POINT('',(0.,-0.));
#7061 = VECTOR('',#7062,1.);
#7062 = DIRECTION('',(0.,1.));
#7063 = ( GEOMETRIC_REPRESENTATION_CONTEXT(2) 
PARAMETRIC_REPRESENTATION_CONTEXT() REPRESENTATION_CONTEXT('2D SPACE',''
  ) );
#7064 = ORIENTED_EDGE('',*,*,#4176,.F.);
#7065 = ORIENTED_EDGE('',*,*,#4687,.F.);
#7066 = ADVANCED_FACE('',(#7067),#4117,.T.);
#7067 = FACE_BOUND('',#7068,.T.);
#7068 = EDGE_LOOP('',(#7069,#7070,#7091,#7092));
#7069 = ORIENTED_EDGE('',*,*,#4881,.T.);
#7070 = ORIENTED_EDGE('',*,*,#7071,.T.);
#7071 = EDGE_CURVE('',#4882,#3815,#7072,.T.);
#7072 = SURFACE_CURVE('',#7073,(#7077,#7084),.PCURVE_S1.);
#7073 = LINE('',#7074,#7075);
#7074 = CARTESIAN_POINT('',(80.24999995,-54.5,49.0365));
#7075 = VECTOR('',#7076,1.);
#7076 = DIRECTION('',(1.,0.,1.110223024625E-16));
#7077 = PCURVE('',#4117,#7078);
#7078 = DEFINITIONAL_REPRESENTATION('',(#7079),#7083);
#7079 = LINE('',#7080,#7081);
#7080 = CARTESIAN_POINT('',(6.28318530718,-0.));
#7081 = VECTOR('',#7082,1.);
#7082 = DIRECTION('',(0.,1.));
#7083 = ( GEOMETRIC_REPRESENTATION_CONTEXT(2) 
PARAMETRIC_REPRESENTATION_CONTEXT() REPRESENTATION_CONTEXT('2D SPACE',''
  ) );
#7084 = PCURVE('',#3940,#7085);
#7085 = DEFINITIONAL_REPRESENTATION('',(#7086),#7090);
#7086 = LINE('',#7087,#7088);
#7087 = CARTESIAN_POINT('',(0.,-0.));
#7088 = VECTOR('',#7089,1.);
#7089 = DIRECTION('',(0.,1.));
#7090 = ( GEOMETRIC_REPRESENTATION_CONTEXT(2) 
PARAMETRIC_REPRESENTATION_CONTEXT() REPRESENTATION_CONTEXT('2D SPACE',''
  ) );
#7091 = ORIENTED_EDGE('',*,*,#4007,.F.);
#7092 = ORIENTED_EDGE('',*,*,#7044,.F.);
#7093 = ADVANCED_FACE('',(#7094),#3940,.T.);
#7094 = FACE_BOUND('',#7095,.T.);
#7095 = EDGE_LOOP('',(#7096,#7097,#7118,#7119));
#7096 = ORIENTED_EDGE('',*,*,#5048,.T.);
#7097 = ORIENTED_EDGE('',*,*,#7098,.T.);
#7098 = EDGE_CURVE('',#5049,#3643,#7099,.T.);
#7099 = SURFACE_CURVE('',#7100,(#7104,#7111),.PCURVE_S1.);
#7100 = LINE('',#7101,#7102);
#7101 = CARTESIAN_POINT('',(80.24999995,-54.5,49.0365));
#7102 = VECTOR('',#7103,1.);
#7103 = DIRECTION('',(1.,0.,1.110223024625E-16));
#7104 = PCURVE('',#3940,#7105);
#7105 = DEFINITIONAL_REPRESENTATION('',(#7106),#7110);
#7106 = LINE('',#7107,#7108);
#7107 = CARTESIAN_POINT('',(6.28318530718,-0.));
#7108 = VECTOR('',#7109,1.);
#7109 = DIRECTION('',(0.,1.));
#7110 = ( GEOMETRIC_REPRESENTATION_CONTEXT(2) 
PARAMETRIC_REPRESENTATION_CONTEXT() REPRESENTATION_CONTEXT('2D SPACE',''
  ) );
#7111 = PCURVE('',#3754,#7112);
#7112 = DEFINITIONAL_REPRESENTATION('',(#7113),#7117);
#7113 = LINE('',#7114,#7115);
#7114 = CARTESIAN_POINT('',(0.,-0.));
#7115 = VECTOR('',#7116,1.);
#7116 = DIRECTION('',(0.,1.));
#7117 = ( GEOMETRIC_REPRESENTATION_CONTEXT(2) 
PARAMETRIC_REPRESENTATION_CONTEXT() REPRESENTATION_CONTEXT('2D SPACE',''
  ) );
#7118 = ORIENTED_EDGE('',*,*,#3814,.F.);
#7119 = ORIENTED_EDGE('',*,*,#7071,.F.);
#7120 = ADVANCED_FACE('',(#7121),#3754,.T.);
#7121 = FACE_BOUND('',#7122,.T.);
#7122 = EDGE_LOOP('',(#7123,#7124,#7145,#7146));
#7123 = ORIENTED_EDGE('',*,*,#5194,.T.);
#7124 = ORIENTED_EDGE('',*,*,#7125,.T.);
#7125 = EDGE_CURVE('',#5195,#3471,#7126,.T.);
#7126 = SURFACE_CURVE('',#7127,(#7131,#7138),.PCURVE_S1.);
#7127 = LINE('',#7128,#7129);
#7128 = CARTESIAN_POINT('',(80.24999995,-54.5,49.0365));
#7129 = VECTOR('',#7130,1.);
#7130 = DIRECTION('',(1.,0.,1.110223024625E-16));
#7131 = PCURVE('',#3754,#7132);
#7132 = DEFINITIONAL_REPRESENTATION('',(#7133),#7137);
#7133 = LINE('',#7134,#7135);
#7134 = CARTESIAN_POINT('',(6.28318530718,-0.));
#7135 = VECTOR('',#7136,1.);
#7136 = DIRECTION('',(0.,1.));
#7137 = ( GEOMETRIC_REPRESENTATION_CONTEXT(2) 
PARAMETRIC_REPRESENTATION_CONTEXT() REPRESENTATION_CONTEXT('2D SPACE',''
  ) );
#7138 = PCURVE('',#3582,#7139);
#7139 = DEFINITIONAL_REPRESENTATION('',(#7140),#7144);
#7140 = LINE('',#7141,#7142);
#7141 = CARTESIAN_POINT('',(0.,-0.));
#7142 = VECTOR('',#7143,1.);
#7143 = DIRECTION('',(0.,1.));
#7144 = ( GEOMETRIC_REPRESENTATION_CONTEXT(2) 
PARAMETRIC_REPRESENTATION_CONTEXT() REPRESENTATION_CONTEXT('2D SPACE',''
  ) );
#7145 = ORIENTED_EDGE('',*,*,#3642,.F.);
#7146 = ORIENTED_EDGE('',*,*,#7098,.F.);
#7147 = ADVANCED_FACE('',(#7148),#3582,.T.);
#7148 = FACE_BOUND('',#7149,.T.);
#7149 = EDGE_LOOP('',(#7150,#7151,#7172,#7173));
#7150 = ORIENTED_EDGE('',*,*,#5361,.T.);
#7151 = ORIENTED_EDGE('',*,*,#7152,.T.);
#7152 = EDGE_CURVE('',#5362,#3299,#7153,.T.);
#7153 = SURFACE_CURVE('',#7154,(#7158,#7165),.PCURVE_S1.);
#7154 = LINE('',#7155,#7156);
#7155 = CARTESIAN_POINT('',(80.24999995,-54.5,49.0365));
#7156 = VECTOR('',#7157,1.);
#7157 = DIRECTION('',(1.,0.,1.110223024625E-16));
#7158 = PCURVE('',#3582,#7159);
#7159 = DEFINITIONAL_REPRESENTATION('',(#7160),#7164);
#7160 = LINE('',#7161,#7162);
#7161 = CARTESIAN_POINT('',(6.28318530718,-0.));
#7162 = VECTOR('',#7163,1.);
#7163 = DIRECTION('',(0.,1.));
#7164 = ( GEOMETRIC_REPRESENTATION_CONTEXT(2) 
PARAMETRIC_REPRESENTATION_CONTEXT() REPRESENTATION_CONTEXT('2D SPACE',''
  ) );
#7165 = PCURVE('',#3410,#7166);
#7166 = DEFINITIONAL_REPRESENTATION('',(#7167),#7171);
#7167 = LINE('',#7168,#7169);
#7168 = CARTESIAN_POINT('',(0.,-0.));
#7169 = VECTOR('',#7170,1.);
#7170 = DIRECTION('',(0.,1.));
#7171 = ( GEOMETRIC_REPRESENTATION_CONTEXT(2) 
PARAMETRIC_REPRESENTATION_CONTEXT() REPRESENTATION_CONTEXT('2D SPACE',''
  ) );
#7172 = ORIENTED_EDGE('',*,*,#3470,.F.);
#7173 = ORIENTED_EDGE('',*,*,#7125,.F.);
#7174 = ADVANCED_FACE('',(#7175),#3410,.T.);
#7175 = FACE_BOUND('',#7176,.T.);
#7176 = EDGE_LOOP('',(#7177,#7178,#7199,#7200));
#7177 = ORIENTED_EDGE('',*,*,#5507,.T.);
#7178 = ORIENTED_EDGE('',*,*,#7179,.T.);
#7179 = EDGE_CURVE('',#5508,#3148,#7180,.T.);
#7180 = SURFACE_CURVE('',#7181,(#7185,#7192),.PCURVE_S1.);
#7181 = LINE('',#7182,#7183);
#7182 = CARTESIAN_POINT('',(80.24999995,-54.5,49.0365));
#7183 = VECTOR('',#7184,1.);
#7184 = DIRECTION('',(1.,0.,1.110223024625E-16));
#7185 = PCURVE('',#3410,#7186);
#7186 = DEFINITIONAL_REPRESENTATION('',(#7187),#7191);
#7187 = LINE('',#7188,#7189);
#7188 = CARTESIAN_POINT('',(6.28318530718,-0.));
#7189 = VECTOR('',#7190,1.);
#7190 = DIRECTION('',(0.,1.));
#7191 = ( GEOMETRIC_REPRESENTATION_CONTEXT(2) 
PARAMETRIC_REPRESENTATION_CONTEXT() REPRESENTATION_CONTEXT('2D SPACE',''
  ) );
#7192 = PCURVE('',#3245,#7193);
#7193 = DEFINITIONAL_REPRESENTATION('',(#7194),#7198);
#7194 = LINE('',#7195,#7196);
#7195 = CARTESIAN_POINT('',(0.,-0.));
#7196 = VECTOR('',#7197,1.);
#7197 = DIRECTION('',(0.,1.));
#7198 = ( GEOMETRIC_REPRESENTATION_CONTEXT(2) 
PARAMETRIC_REPRESENTATION_CONTEXT() REPRESENTATION_CONTEXT('2D SPACE',''
  ) );
#7199 = ORIENTED_EDGE('',*,*,#3298,.F.);
#7200 = ORIENTED_EDGE('',*,*,#7152,.F.);
#7201 = ADVANCED_FACE('',(#7202),#3245,.T.);
#7202 = FACE_BOUND('',#7203,.T.);
#7203 = EDGE_LOOP('',(#7204,#7205,#7226,#7227));
#7204 = ORIENTED_EDGE('',*,*,#5674,.T.);
#7205 = ORIENTED_EDGE('',*,*,#7206,.T.);
#7206 = EDGE_CURVE('',#5675,#2976,#7207,.T.);
#7207 = SURFACE_CURVE('',#7208,(#7212,#7219),.PCURVE_S1.);
#7208 = LINE('',#7209,#7210);
#7209 = CARTESIAN_POINT('',(80.24999995,-54.5,49.0365));
#7210 = VECTOR('',#7211,1.);
#7211 = DIRECTION('',(1.,0.,1.110223024625E-16));
#7212 = PCURVE('',#3245,#7213);
#7213 = DEFINITIONAL_REPRESENTATION('',(#7214),#7218);
#7214 = LINE('',#7215,#7216);
#7215 = CARTESIAN_POINT('',(6.28318530718,-0.));
#7216 = VECTOR('',#7217,1.);
#7217 = DIRECTION('',(0.,1.));
#7218 = ( GEOMETRIC_REPRESENTATION_CONTEXT(2) 
PARAMETRIC_REPRESENTATION_CONTEXT() REPRESENTATION_CONTEXT('2D SPACE',''
  ) );
#7219 = PCURVE('',#3087,#7220);
#7220 = DEFINITIONAL_REPRESENTATION('',(#7221),#7225);
#7221 = LINE('',#7222,#7223);
#7222 = CARTESIAN_POINT('',(0.,-0.));
#7223 = VECTOR('',#7224,1.);
#7224 = DIRECTION('',(0.,1.));
#7225 = ( GEOMETRIC_REPRESENTATION_CONTEXT(2) 
PARAMETRIC_REPRESENTATION_CONTEXT() REPRESENTATION_CONTEXT('2D SPACE',''
  ) );
#7226 = ORIENTED_EDGE('',*,*,#3147,.F.);
#7227 = ORIENTED_EDGE('',*,*,#7179,.F.);
#7228 = ADVANCED_FACE('',(#7229),#3087,.T.);
#7229 = FACE_BOUND('',#7230,.T.);
#7230 = EDGE_LOOP('',(#7231,#7232,#7253,#7254));
#7231 = ORIENTED_EDGE('',*,*,#5841,.T.);
#7232 = ORIENTED_EDGE('',*,*,#7233,.T.);
#7233 = EDGE_CURVE('',#5842,#2804,#7234,.T.);
#7234 = SURFACE_CURVE('',#7235,(#7239,#7246),.PCURVE_S1.);
#7235 = LINE('',#7236,#7237);
#7236 = CARTESIAN_POINT('',(80.24999995,-54.5,49.0365));
#7237 = VECTOR('',#7238,1.);
#7238 = DIRECTION('',(1.,0.,1.110223024625E-16));
#7239 = PCURVE('',#3087,#7240);
#7240 = DEFINITIONAL_REPRESENTATION('',(#7241),#7245);
#7241 = LINE('',#7242,#7243);
#7242 = CARTESIAN_POINT('',(6.28318530718,-0.));
#7243 = VECTOR('',#7244,1.);
#7244 = DIRECTION('',(0.,1.));
#7245 = ( GEOMETRIC_REPRESENTATION_CONTEXT(2) 
PARAMETRIC_REPRESENTATION_CONTEXT() REPRESENTATION_CONTEXT('2D SPACE',''
  ) );
#7246 = PCURVE('',#2915,#7247);
#7247 = DEFINITIONAL_REPRESENTATION('',(#7248),#7252);
#7248 = LINE('',#7249,#7250);
#7249 = CARTESIAN_POINT('',(0.,-0.));
#7250 = VECTOR('',#7251,1.);
#7251 = DIRECTION('',(0.,1.));
#7252 = ( GEOMETRIC_REPRESENTATION_CONTEXT(2) 
PARAMETRIC_REPRESENTATION_CONTEXT() REPRESENTATION_CONTEXT('2D SPACE',''
  ) );
#7253 = ORIENTED_EDGE('',*,*,#2975,.F.);
#7254 = ORIENTED_EDGE('',*,*,#7206,.F.);
#7255 = ADVANCED_FACE('',(#7256),#2915,.T.);
#7256 = FACE_BOUND('',#7257,.T.);
#7257 = EDGE_LOOP('',(#7258,#7259,#7280,#7281));
#7258 = ORIENTED_EDGE('',*,*,#6008,.T.);
#7259 = ORIENTED_EDGE('',*,*,#7260,.T.);
#7260 = EDGE_CURVE('',#6009,#2635,#7261,.T.);
#7261 = SURFACE_CURVE('',#7262,(#7266,#7273),.PCURVE_S1.);
#7262 = LINE('',#7263,#7264);
#7263 = CARTESIAN_POINT('',(80.24999995,-54.5,49.0365));
#7264 = VECTOR('',#7265,1.);
#7265 = DIRECTION('',(1.,0.,1.110223024625E-16));
#7266 = PCURVE('',#2915,#7267);
#7267 = DEFINITIONAL_REPRESENTATION('',(#7268),#7272);
#7268 = LINE('',#7269,#7270);
#7269 = CARTESIAN_POINT('',(6.28318530718,-0.));
#7270 = VECTOR('',#7271,1.);
#7271 = DIRECTION('',(0.,1.));
#7272 = ( GEOMETRIC_REPRESENTATION_CONTEXT(2) 
PARAMETRIC_REPRESENTATION_CONTEXT() REPRESENTATION_CONTEXT('2D SPACE',''
  ) );
#7273 = PCURVE('',#2744,#7274);
#7274 = DEFINITIONAL_REPRESENTATION('',(#7275),#7279);
#7275 = LINE('',#7276,#7277);
#7276 = CARTESIAN_POINT('',(0.,-0.));
#7277 = VECTOR('',#7278,1.);
#7278 = DIRECTION('',(0.,1.));
#7279 = ( GEOMETRIC_REPRESENTATION_CONTEXT(2) 
PARAMETRIC_REPRESENTATION_CONTEXT() REPRESENTATION_CONTEXT('2D SPACE',''
  ) );
#7280 = ORIENTED_EDGE('',*,*,#2803,.F.);
#7281 = ORIENTED_EDGE('',*,*,#7233,.F.);
#7282 = ADVANCED_FACE('',(#7283),#2744,.T.);
#7283 = FACE_BOUND('',#7284,.T.);
#7284 = EDGE_LOOP('',(#7285,#7286,#7307,#7308));
#7285 = ORIENTED_EDGE('',*,*,#6154,.T.);
#7286 = ORIENTED_EDGE('',*,*,#7287,.T.);
#7287 = EDGE_CURVE('',#6155,#2463,#7288,.T.);
#7288 = SURFACE_CURVE('',#7289,(#7293,#7300),.PCURVE_S1.);
#7289 = LINE('',#7290,#7291);
#7290 = CARTESIAN_POINT('',(80.24999995,-54.5,49.0365));
#7291 = VECTOR('',#7292,1.);
#7292 = DIRECTION('',(1.,0.,1.110223024625E-16));
#7293 = PCURVE('',#2744,#7294);
#7294 = DEFINITIONAL_REPRESENTATION('',(#7295),#7299);
#7295 = LINE('',#7296,#7297);
#7296 = CARTESIAN_POINT('',(6.28318530718,-0.));
#7297 = VECTOR('',#7298,1.);
#7298 = DIRECTION('',(0.,1.));
#7299 = ( GEOMETRIC_REPRESENTATION_CONTEXT(2) 
PARAMETRIC_REPRESENTATION_CONTEXT() REPRESENTATION_CONTEXT('2D SPACE',''
  ) );
#7300 = PCURVE('',#2574,#7301);
#7301 = DEFINITIONAL_REPRESENTATION('',(#7302),#7306);
#7302 = LINE('',#7303,#7304);
#7303 = CARTESIAN_POINT('',(0.,-0.));
#7304 = VECTOR('',#7305,1.);
#7305 = DIRECTION('',(0.,1.));
#7306 = ( GEOMETRIC_REPRESENTATION_CONTEXT(2) 
PARAMETRIC_REPRESENTATION_CONTEXT() REPRESENTATION_CONTEXT('2D SPACE',''
  ) );
#7307 = ORIENTED_EDGE('',*,*,#2634,.F.);
#7308 = ORIENTED_EDGE('',*,*,#7260,.F.);
#7309 = ADVANCED_FACE('',(#7310),#2574,.T.);
#7310 = FACE_BOUND('',#7311,.T.);
#7311 = EDGE_LOOP('',(#7312,#7313,#7334,#7335));
#7312 = ORIENTED_EDGE('',*,*,#6318,.T.);
#7313 = ORIENTED_EDGE('',*,*,#7314,.T.);
#7314 = EDGE_CURVE('',#6319,#2291,#7315,.T.);
#7315 = SURFACE_CURVE('',#7316,(#7320,#7327),.PCURVE_S1.);
#7316 = LINE('',#7317,#7318);
#7317 = CARTESIAN_POINT('',(80.24999995,-54.5,49.0365));
#7318 = VECTOR('',#7319,1.);
#7319 = DIRECTION('',(1.,0.,1.110223024625E-16));
#7320 = PCURVE('',#2574,#7321);
#7321 = DEFINITIONAL_REPRESENTATION('',(#7322),#7326);
#7322 = LINE('',#7323,#7324);
#7323 = CARTESIAN_POINT('',(6.28318530718,-0.));
#7324 = VECTOR('',#7325,1.);
#7325 = DIRECTION('',(0.,1.));
#7326 = ( GEOMETRIC_REPRESENTATION_CONTEXT(2) 
PARAMETRIC_REPRESENTATION_CONTEXT() REPRESENTATION_CONTEXT('2D SPACE',''
  ) );
#7327 = PCURVE('',#2402,#7328);
#7328 = DEFINITIONAL_REPRESENTATION('',(#7329),#7333);
#7329 = LINE('',#7330,#7331);
#7330 = CARTESIAN_POINT('',(0.,-0.));
#7331 = VECTOR('',#7332,1.);
#7332 = DIRECTION('',(0.,1.));
#7333 = ( GEOMETRIC_REPRESENTATION_CONTEXT(2) 
PARAMETRIC_REPRESENTATION_CONTEXT() REPRESENTATION_CONTEXT('2D SPACE',''
  ) );
#7334 = ORIENTED_EDGE('',*,*,#2462,.F.);
#7335 = ORIENTED_EDGE('',*,*,#7287,.F.);
#7336 = ADVANCED_FACE('',(#7337),#2402,.T.);
#7337 = FACE_BOUND('',#7338,.T.);
#7338 = EDGE_LOOP('',(#7339,#7340,#7361,#7362));
#7339 = ORIENTED_EDGE('',*,*,#6485,.T.);
#7340 = ORIENTED_EDGE('',*,*,#7341,.T.);
#7341 = EDGE_CURVE('',#6486,#2119,#7342,.T.);
#7342 = SURFACE_CURVE('',#7343,(#7347,#7354),.PCURVE_S1.);
#7343 = LINE('',#7344,#7345);
#7344 = CARTESIAN_POINT('',(80.24999995,-54.5,49.0365));
#7345 = VECTOR('',#7346,1.);
#7346 = DIRECTION('',(1.,0.,1.110223024625E-16));
#7347 = PCURVE('',#2402,#7348);
#7348 = DEFINITIONAL_REPRESENTATION('',(#7349),#7353);
#7349 = LINE('',#7350,#7351);
#7350 = CARTESIAN_POINT('',(6.28318530718,-0.));
#7351 = VECTOR('',#7352,1.);
#7352 = DIRECTION('',(0.,1.));
#7353 = ( GEOMETRIC_REPRESENTATION_CONTEXT(2) 
PARAMETRIC_REPRESENTATION_CONTEXT() REPRESENTATION_CONTEXT('2D SPACE',''
  ) );
#7354 = PCURVE('',#2230,#7355);
#7355 = DEFINITIONAL_REPRESENTATION('',(#7356),#7360);
#7356 = LINE('',#7357,#7358);
#7357 = CARTESIAN_POINT('',(0.,-0.));
#7358 = VECTOR('',#7359,1.);
#7359 = DIRECTION('',(0.,1.));
#7360 = ( GEOMETRIC_REPRESENTATION_CONTEXT(2) 
PARAMETRIC_REPRESENTATION_CONTEXT() REPRESENTATION_CONTEXT('2D SPACE',''
  ) );
#7361 = ORIENTED_EDGE('',*,*,#2290,.F.);
#7362 = ORIENTED_EDGE('',*,*,#7314,.F.);
#7363 = ADVANCED_FACE('',(#7364),#2230,.T.);
#7364 = FACE_BOUND('',#7365,.T.);
#7365 = EDGE_LOOP('',(#7366,#7367,#7388,#7389));
#7366 = ORIENTED_EDGE('',*,*,#6652,.T.);
#7367 = ORIENTED_EDGE('',*,*,#7368,.T.);
#7368 = EDGE_CURVE('',#6653,#2076,#7369,.T.);
#7369 = SURFACE_CURVE('',#7370,(#7374,#7381),.PCURVE_S1.);
#7370 = LINE('',#7371,#7372);
#7371 = CARTESIAN_POINT('',(80.24999995,-54.5,49.0365));
#7372 = VECTOR('',#7373,1.);
#7373 = DIRECTION('',(1.,0.,1.110223024625E-16));
#7374 = PCURVE('',#2230,#7375);
#7375 = DEFINITIONAL_REPRESENTATION('',(#7376),#7380);
#7376 = LINE('',#7377,#7378);
#7377 = CARTESIAN_POINT('',(6.28318530718,-0.));
#7378 = VECTOR('',#7379,1.);
#7379 = DIRECTION('',(0.,1.));
#7380 = ( GEOMETRIC_REPRESENTATION_CONTEXT(2) 
PARAMETRIC_REPRESENTATION_CONTEXT() REPRESENTATION_CONTEXT('2D SPACE',''
  ) );
#7381 = PCURVE('',#2101,#7382);
#7382 = DEFINITIONAL_REPRESENTATION('',(#7383),#7387);
#7383 = LINE('',#7384,#7385);
#7384 = CARTESIAN_POINT('',(0.,-0.));
#7385 = VECTOR('',#7386,1.);
#7386 = DIRECTION('',(0.,1.));
#7387 = ( GEOMETRIC_REPRESENTATION_CONTEXT(2) 
PARAMETRIC_REPRESENTATION_CONTEXT() REPRESENTATION_CONTEXT('2D SPACE',''
  ) );
#7388 = ORIENTED_EDGE('',*,*,#2118,.F.);
#7389 = ORIENTED_EDGE('',*,*,#7341,.F.);
#7390 = ADVANCED_FACE('',(#7391),#2101,.T.);
#7391 = FACE_BOUND('',#7392,.T.);
#7392 = EDGE_LOOP('',(#7393,#7394,#7415,#7416,#7417,#7418,#7441,#7468));
#7393 = ORIENTED_EDGE('',*,*,#6983,.T.);
#7394 = ORIENTED_EDGE('',*,*,#7395,.F.);
#7395 = EDGE_CURVE('',#2050,#6984,#7396,.T.);
#7396 = SURFACE_CURVE('',#7397,(#7401,#7408),.PCURVE_S1.);
#7397 = LINE('',#7398,#7399);
#7398 = CARTESIAN_POINT('',(80.24999995,-52.96761028822,49.774459996054)
  );
#7399 = VECTOR('',#7400,1.);
#7400 = DIRECTION('',(1.,0.,1.110223024625E-16));
#7401 = PCURVE('',#2101,#7402);
#7402 = DEFINITIONAL_REPRESENTATION('',(#7403),#7407);
#7403 = LINE('',#7404,#7405);
#7404 = CARTESIAN_POINT('',(0.897597906049,-1.356736949393E-16));
#7405 = VECTOR('',#7406,1.);
#7406 = DIRECTION('',(0.,1.));
#7407 = ( GEOMETRIC_REPRESENTATION_CONTEXT(2) 
PARAMETRIC_REPRESENTATION_CONTEXT() REPRESENTATION_CONTEXT('2D SPACE',''
  ) );
#7408 = PCURVE('',#2064,#7409);
#7409 = DEFINITIONAL_REPRESENTATION('',(#7410),#7414);
#7410 = LINE('',#7411,#7412);
#7411 = CARTESIAN_POINT('',(-4.037242764705E-02,-11.6499996449));
#7412 = VECTOR('',#7413,1.);
#7413 = DIRECTION('',(1.262177448354E-29,1.));
#7414 = ( GEOMETRIC_REPRESENTATION_CONTEXT(2) 
PARAMETRIC_REPRESENTATION_CONTEXT() REPRESENTATION_CONTEXT('2D SPACE',''
  ) );
#7415 = ORIENTED_EDGE('',*,*,#2075,.F.);
#7416 = ORIENTED_EDGE('',*,*,#7368,.F.);
#7417 = ORIENTED_EDGE('',*,*,#6816,.T.);
#7418 = ORIENTED_EDGE('',*,*,#7419,.T.);
#7419 = EDGE_CURVE('',#6817,#7420,#7422,.T.);
#7420 = VERTEX_POINT('',#7421);
#7421 = CARTESIAN_POINT('',(92.24999995,-54.5,49.0365));
#7422 = SEAM_CURVE('',#7423,(#7427,#7434),.PCURVE_S1.);
#7423 = LINE('',#7424,#7425);
#7424 = CARTESIAN_POINT('',(80.24999995,-54.5,49.0365));
#7425 = VECTOR('',#7426,1.);
#7426 = DIRECTION('',(1.,0.,1.110223024625E-16));
#7427 = PCURVE('',#2101,#7428);
#7428 = DEFINITIONAL_REPRESENTATION('',(#7429),#7433);
#7429 = LINE('',#7430,#7431);
#7430 = CARTESIAN_POINT('',(6.28318530718,-0.));
#7431 = VECTOR('',#7432,1.);
#7432 = DIRECTION('',(0.,1.));
#7433 = ( GEOMETRIC_REPRESENTATION_CONTEXT(2) 
PARAMETRIC_REPRESENTATION_CONTEXT() REPRESENTATION_CONTEXT('2D SPACE',''
  ) );
#7434 = PCURVE('',#2101,#7435);
#7435 = DEFINITIONAL_REPRESENTATION('',(#7436),#7440);
#7436 = LINE('',#7437,#7438);
#7437 = CARTESIAN_POINT('',(0.,-0.));
#7438 = VECTOR('',#7439,1.);
#7439 = DIRECTION('',(0.,1.));
#7440 = ( GEOMETRIC_REPRESENTATION_CONTEXT(2) 
PARAMETRIC_REPRESENTATION_CONTEXT() REPRESENTATION_CONTEXT('2D SPACE',''
  ) );
#7441 = ORIENTED_EDGE('',*,*,#7442,.F.);
#7442 = EDGE_CURVE('',#7420,#7420,#7443,.T.);
#7443 = SURFACE_CURVE('',#7444,(#7449,#7456),.PCURVE_S1.);
#7444 = CIRCLE('',#7445,1.96);
#7445 = AXIS2_PLACEMENT_3D('',#7446,#7447,#7448);
#7446 = CARTESIAN_POINT('',(92.24999995,-54.5,50.9965));
#7447 = DIRECTION('',(1.,-0.,1.110223024625E-16));
#7448 = DIRECTION('',(1.110223024625E-16,0.,-1.));
#7449 = PCURVE('',#2101,#7450);
#7450 = DEFINITIONAL_REPRESENTATION('',(#7451),#7455);
#7451 = LINE('',#7452,#7453);
#7452 = CARTESIAN_POINT('',(0.,12.));
#7453 = VECTOR('',#7454,1.);
#7454 = DIRECTION('',(1.,0.));
#7455 = ( GEOMETRIC_REPRESENTATION_CONTEXT(2) 
PARAMETRIC_REPRESENTATION_CONTEXT() REPRESENTATION_CONTEXT('2D SPACE',''
  ) );
#7456 = PCURVE('',#7457,#7462);
#7457 = PLANE('',#7458);
#7458 = AXIS2_PLACEMENT_3D('',#7459,#7460,#7461);
#7459 = CARTESIAN_POINT('',(92.24999995,-54.5,50.9965));
#7460 = DIRECTION('',(1.,0.,1.110223024625E-16));
#7461 = DIRECTION('',(1.110223024625E-16,0.,-1.));
#7462 = DEFINITIONAL_REPRESENTATION('',(#7463),#7467);
#7463 = CIRCLE('',#7464,1.96);
#7464 = AXIS2_PLACEMENT_2D('',#7465,#7466);
#7465 = CARTESIAN_POINT('',(0.,0.));
#7466 = DIRECTION('',(1.,0.));
#7467 = ( GEOMETRIC_REPRESENTATION_CONTEXT(2) 
PARAMETRIC_REPRESENTATION_CONTEXT() REPRESENTATION_CONTEXT('2D SPACE',''
  ) );
#7468 = ORIENTED_EDGE('',*,*,#7419,.F.);
#7469 = ADVANCED_FACE('',(#7470),#2064,.F.);
#7470 = FACE_BOUND('',#7471,.F.);
#7471 = EDGE_LOOP('',(#7472,#7473,#7474));
#7472 = ORIENTED_EDGE('',*,*,#7395,.F.);
#7473 = ORIENTED_EDGE('',*,*,#2049,.T.);
#7474 = ORIENTED_EDGE('',*,*,#7021,.T.);
#7475 = ADVANCED_FACE('',(#7476),#7457,.T.);
#7476 = FACE_BOUND('',#7477,.T.);
#7477 = EDGE_LOOP('',(#7478));
#7478 = ORIENTED_EDGE('',*,*,#7442,.T.);
#7479 = ( GEOMETRIC_REPRESENTATION_CONTEXT(3) 
GLOBAL_UNCERTAINTY_ASSIGNED_CONTEXT((#7483)) 
GLOBAL_UNIT_ASSIGNED_CONTEXT((#7480,#7481,#7482)) REPRESENTATION_CONTEXT
('Context #1','3D Context with UNIT and UNCERTAINTY') );
#7480 = ( LENGTH_UNIT() NAMED_UNIT(*) SI_UNIT(.MILLI.,.METRE.) );
#7481 = ( NAMED_UNIT(*) PLANE_ANGLE_UNIT() SI_UNIT($,.RADIAN.) );
#7482 = ( NAMED_UNIT(*) SI_UNIT($,.STERADIAN.) SOLID_ANGLE_UNIT() );
#7483 = UNCERTAINTY_MEASURE_WITH_UNIT(LENGTH_MEASURE(2.E-05),#7480,
  'distance_accuracy_value','confusion accuracy');
#7484 = PRODUCT_RELATED_PRODUCT_CATEGORY('part',$,(#7));
ENDSEC;
END-ISO-10303-21;
