ISO-10303-21;
HEADER;
FILE_DESCRIPTION(('Open CASCADE Model'),'2;1');
FILE_NAME('Open CASCADE Shape Model','2026-10-01T14:55:56',('Author'),(
    'Open CASCADE'),'Open CASCADE STEP processor 7.8','Open CASCADE 7.8'
  ,'Unknown');
FILE_SCHEMA(('AUTOMOTIVE_DESIGN { 1 0 10303 214 1 1 1 1 }'));
ENDSEC;
DATA;
#1 = APPLICATION_PROTOCOL_DEFINITION('international standard',
  'automotive_design',2000,#2);
#2 = APPLICATION_CONTEXT(
  'core data for automotive mechanical design processes');
#3 = SHAPE_DEFINITION_REPRESENTATION(#4,#10);
#4 = PRODUCT_DEFINITION_SHAPE('','',#5);
#5 = PRODUCT_DEFINITION('design','',#6,#9);
#6 = PRODUCT_DEFINITION_FORMATION('','',#7);
#7 = PRODUCT('Open CASCADE STEP translator 7.8 126',
  'Open CASCADE STEP translator 7.8 126','',(#8));
#8 = PRODUCT_CONTEXT('',#2,'mechanical');
#9 = PRODUCT_DEFINITION_CONTEXT('part definition',#2,'design');
#10 = ADVANCED_BREP_SHAPE_REPRESENTATION('',(#11,#15),#7701);
#11 = AXIS2_PLACEMENT_3D('',#12,#13,#14);
#12 = CARTESIAN_POINT('',(0.,0.,0.));
#13 = DIRECTION('',(0.,0.,1.));
#14 = DIRECTION('',(1.,0.,-0.));
#15 = MANIFOLD_SOLID_BREP('',#16);
#16 = CLOSED_SHELL('',(#17,#105,#140,#314,#856,#932,#981,#1030,#1079,
    #1128,#1155,#1833,#1877,#4570,#4579,#4772,#7261,#7288,#7315,#7342,
    #7369,#7396,#7423,#7450,#7477,#7504,#7531,#7558,#7585,#7612,#7691,
    #7697));
#17 = ADVANCED_FACE('',(#18),#31,.T.);
#18 = FACE_BOUND('',#19,.T.);
#19 = EDGE_LOOP('',(#20,#54,#77,#104));
#20 = ORIENTED_EDGE('',*,*,#21,.F.);
#21 = EDGE_CURVE('',#22,#22,#24,.T.);
#22 = VERTEX_POINT('',#23);
#23 = CARTESIAN_POINT('',(175.75000005,-70.5,54.8035));
#24 = SURFACE_CURVE('',#25,(#30,#42),.PCURVE_S1.);
#25 = CIRCLE('',#26,3.8);
#26 = AXIS2_PLACEMENT_3D('',#27,#28,#29);
#27 = CARTESIAN_POINT('',(175.75000005,-70.5,51.0035));
#28 = DIRECTION('',(-1.,0.,1.110223024625E-16));
#29 = DIRECTION('',(1.110223024625E-16,0.,1.));
#30 = PCURVE('',#31,#36);
#31 = CYLINDRICAL_SURFACE('',#32,3.8);
#32 = AXIS2_PLACEMENT_3D('',#33,#34,#35);
#33 = CARTESIAN_POINT('',(177.95000005,-70.5,51.0035));
#34 = DIRECTION('',(-1.,0.,1.110223024625E-16));
#35 = DIRECTION('',(1.110223024625E-16,0.,1.));
#36 = DEFINITIONAL_REPRESENTATION('',(#37),#41);
#37 = LINE('',#38,#39);
#38 = CARTESIAN_POINT('',(0.,2.2));
#39 = VECTOR('',#40,1.);
#40 = DIRECTION('',(1.,0.));
#41 = ( GEOMETRIC_REPRESENTATION_CONTEXT(2) 
PARAMETRIC_REPRESENTATION_CONTEXT() REPRESENTATION_CONTEXT('2D SPACE',''
  ) );
#42 = PCURVE('',#43,#48);
#43 = PLANE('',#44);
#44 = AXIS2_PLACEMENT_3D('',#45,#46,#47);
#45 = CARTESIAN_POINT('',(175.75000005,-70.5,51.0035));
#46 = DIRECTION('',(-1.,0.,1.110223024625E-16));
#47 = DIRECTION('',(1.110223024625E-16,0.,1.));
#48 = DEFINITIONAL_REPRESENTATION('',(#49),#53);
#49 = CIRCLE('',#50,3.8);
#50 = AXIS2_PLACEMENT_2D('',#51,#52);
#51 = CARTESIAN_POINT('',(0.,0.));
#52 = DIRECTION('',(1.,0.));
#53 = ( GEOMETRIC_REPRESENTATION_CONTEXT(2) 
PARAMETRIC_REPRESENTATION_CONTEXT() REPRESENTATION_CONTEXT('2D SPACE',''
  ) );
#54 = ORIENTED_EDGE('',*,*,#55,.F.);
#55 = EDGE_CURVE('',#56,#22,#58,.T.);
#56 = VERTEX_POINT('',#57);
#57 = CARTESIAN_POINT('',(177.95000005,-70.5,54.8035));
#58 = SEAM_CURVE('',#59,(#63,#70),.PCURVE_S1.);
#59 = LINE('',#60,#61);
#60 = CARTESIAN_POINT('',(177.95000005,-70.5,54.8035));
#61 = VECTOR('',#62,1.);
#62 = DIRECTION('',(-1.,0.,1.110223024625E-16));
#63 = PCURVE('',#31,#64);
#64 = DEFINITIONAL_REPRESENTATION('',(#65),#69);
#65 = LINE('',#66,#67);
#66 = CARTESIAN_POINT('',(6.28318530718,-0.));
#67 = VECTOR('',#68,1.);
#68 = DIRECTION('',(0.,1.));
#69 = ( GEOMETRIC_REPRESENTATION_CONTEXT(2) 
PARAMETRIC_REPRESENTATION_CONTEXT() REPRESENTATION_CONTEXT('2D SPACE',''
  ) );
#70 = PCURVE('',#31,#71);
#71 = DEFINITIONAL_REPRESENTATION('',(#72),#76);
#72 = LINE('',#73,#74);
#73 = CARTESIAN_POINT('',(0.,-0.));
#74 = VECTOR('',#75,1.);
#75 = DIRECTION('',(0.,1.));
#76 = ( GEOMETRIC_REPRESENTATION_CONTEXT(2) 
PARAMETRIC_REPRESENTATION_CONTEXT() REPRESENTATION_CONTEXT('2D SPACE',''
  ) );
#77 = ORIENTED_EDGE('',*,*,#78,.T.);
#78 = EDGE_CURVE('',#56,#56,#79,.T.);
#79 = SURFACE_CURVE('',#80,(#85,#92),.PCURVE_S1.);
#80 = CIRCLE('',#81,3.8);
#81 = AXIS2_PLACEMENT_3D('',#82,#83,#84);
#82 = CARTESIAN_POINT('',(177.95000005,-70.5,51.0035));
#83 = DIRECTION('',(-1.,0.,1.110223024625E-16));
#84 = DIRECTION('',(1.110223024625E-16,0.,1.));
#85 = PCURVE('',#31,#86);
#86 = DEFINITIONAL_REPRESENTATION('',(#87),#91);
#87 = LINE('',#88,#89);
#88 = CARTESIAN_POINT('',(0.,0.));
#89 = VECTOR('',#90,1.);
#90 = DIRECTION('',(1.,0.));
#91 = ( GEOMETRIC_REPRESENTATION_CONTEXT(2) 
PARAMETRIC_REPRESENTATION_CONTEXT() REPRESENTATION_CONTEXT('2D SPACE',''
  ) );
#92 = PCURVE('',#93,#98);
#93 = PLANE('',#94);
#94 = AXIS2_PLACEMENT_3D('',#95,#96,#97);
#95 = CARTESIAN_POINT('',(177.95000005,-70.5,51.0035));
#96 = DIRECTION('',(-1.,0.,1.110223024625E-16));
#97 = DIRECTION('',(1.110223024625E-16,0.,1.));
#98 = DEFINITIONAL_REPRESENTATION('',(#99),#103);
#99 = CIRCLE('',#100,3.8);
#100 = AXIS2_PLACEMENT_2D('',#101,#102);
#101 = CARTESIAN_POINT('',(0.,0.));
#102 = DIRECTION('',(1.,0.));
#103 = ( GEOMETRIC_REPRESENTATION_CONTEXT(2) 
PARAMETRIC_REPRESENTATION_CONTEXT() REPRESENTATION_CONTEXT('2D SPACE',''
  ) );
#104 = ORIENTED_EDGE('',*,*,#55,.T.);
#105 = ADVANCED_FACE('',(#106,#109),#43,.T.);
#106 = FACE_BOUND('',#107,.T.);
#107 = EDGE_LOOP('',(#108));
#108 = ORIENTED_EDGE('',*,*,#21,.T.);
#109 = FACE_BOUND('',#110,.T.);
#110 = EDGE_LOOP('',(#111));
#111 = ORIENTED_EDGE('',*,*,#112,.F.);
#112 = EDGE_CURVE('',#113,#113,#115,.T.);
#113 = VERTEX_POINT('',#114);
#114 = CARTESIAN_POINT('',(175.75000005,-70.5,52.9635));
#115 = SURFACE_CURVE('',#116,(#121,#128),.PCURVE_S1.);
#116 = CIRCLE('',#117,1.96);
#117 = AXIS2_PLACEMENT_3D('',#118,#119,#120);
#118 = CARTESIAN_POINT('',(175.75000005,-70.5,51.0035));
#119 = DIRECTION('',(-1.,0.,1.110223024625E-16));
#120 = DIRECTION('',(1.110223024625E-16,0.,1.));
#121 = PCURVE('',#43,#122);
#122 = DEFINITIONAL_REPRESENTATION('',(#123),#127);
#123 = CIRCLE('',#124,1.96);
#124 = AXIS2_PLACEMENT_2D('',#125,#126);
#125 = CARTESIAN_POINT('',(0.,0.));
#126 = DIRECTION('',(1.,0.));
#127 = ( GEOMETRIC_REPRESENTATION_CONTEXT(2) 
PARAMETRIC_REPRESENTATION_CONTEXT() REPRESENTATION_CONTEXT('2D SPACE',''
  ) );
#128 = PCURVE('',#129,#134);
#129 = CYLINDRICAL_SURFACE('',#130,1.96);
#130 = AXIS2_PLACEMENT_3D('',#131,#132,#133);
#131 = CARTESIAN_POINT('',(175.75000005,-70.5,51.0035));
#132 = DIRECTION('',(-1.,0.,1.110223024625E-16));
#133 = DIRECTION('',(1.110223024625E-16,0.,1.));
#134 = DEFINITIONAL_REPRESENTATION('',(#135),#139);
#135 = LINE('',#136,#137);
#136 = CARTESIAN_POINT('',(0.,0.));
#137 = VECTOR('',#138,1.);
#138 = DIRECTION('',(1.,0.));
#139 = ( GEOMETRIC_REPRESENTATION_CONTEXT(2) 
PARAMETRIC_REPRESENTATION_CONTEXT() REPRESENTATION_CONTEXT('2D SPACE',''
  ) );
#140 = ADVANCED_FACE('',(#141,#144),#93,.F.);
#141 = FACE_BOUND('',#142,.F.);
#142 = EDGE_LOOP('',(#143));
#143 = ORIENTED_EDGE('',*,*,#78,.T.);
#144 = FACE_BOUND('',#145,.F.);
#145 = EDGE_LOOP('',(#146,#176,#204,#232,#260,#288));
#146 = ORIENTED_EDGE('',*,*,#147,.T.);
#147 = EDGE_CURVE('',#148,#150,#152,.T.);
#148 = VERTEX_POINT('',#149);
#149 = CARTESIAN_POINT('',(177.95000005,-69.25,50.281812163513));
#150 = VERTEX_POINT('',#151);
#151 = CARTESIAN_POINT('',(177.95000005,-69.25,51.725187836487));
#152 = SURFACE_CURVE('',#153,(#157,#164),.PCURVE_S1.);
#153 = LINE('',#154,#155);
#154 = CARTESIAN_POINT('',(177.95000005,-69.25,51.364343918244));
#155 = VECTOR('',#156,1.);
#156 = DIRECTION('',(1.110223024625E-16,-1.538370149107E-16,1.));
#157 = PCURVE('',#93,#158);
#158 = DEFINITIONAL_REPRESENTATION('',(#159),#163);
#159 = LINE('',#160,#161);
#160 = CARTESIAN_POINT('',(0.360843918244,1.25));
#161 = VECTOR('',#162,1.);
#162 = DIRECTION('',(1.,-1.538370149107E-16));
#163 = ( GEOMETRIC_REPRESENTATION_CONTEXT(2) 
PARAMETRIC_REPRESENTATION_CONTEXT() REPRESENTATION_CONTEXT('2D SPACE',''
  ) );
#164 = PCURVE('',#165,#170);
#165 = PLANE('',#166);
#166 = AXIS2_PLACEMENT_3D('',#167,#168,#169);
#167 = CARTESIAN_POINT('',(177.96000005,-69.25,51.725187836487));
#168 = DIRECTION('',(-1.707933959934E-32,-1.,-1.538370149107E-16));
#169 = DIRECTION('',(-1.110223024625E-16,1.538370149107E-16,-1.));
#170 = DEFINITIONAL_REPRESENTATION('',(#171),#175);
#171 = LINE('',#172,#173);
#172 = CARTESIAN_POINT('',(0.360843918244,-1.000000000002E-02));
#173 = VECTOR('',#174,1.);
#174 = DIRECTION('',(-1.,0.));
#175 = ( GEOMETRIC_REPRESENTATION_CONTEXT(2) 
PARAMETRIC_REPRESENTATION_CONTEXT() REPRESENTATION_CONTEXT('2D SPACE',''
  ) );
#176 = ORIENTED_EDGE('',*,*,#177,.T.);
#177 = EDGE_CURVE('',#150,#178,#180,.T.);
#178 = VERTEX_POINT('',#179);
#179 = CARTESIAN_POINT('',(177.95000005,-70.5,52.446875672974));
#180 = SURFACE_CURVE('',#181,(#185,#192),.PCURVE_S1.);
#181 = LINE('',#182,#183);
#182 = CARTESIAN_POINT('',(177.95000005,-70.1875,52.266453713852));
#183 = VECTOR('',#184,1.);
#184 = DIRECTION('',(5.551115123126E-17,-0.866025403784,0.5));
#185 = PCURVE('',#93,#186);
#186 = DEFINITIONAL_REPRESENTATION('',(#187),#191);
#187 = LINE('',#188,#189);
#188 = CARTESIAN_POINT('',(1.262953713852,0.3125));
#189 = VECTOR('',#190,1.);
#190 = DIRECTION('',(0.5,-0.866025403784));
#191 = ( GEOMETRIC_REPRESENTATION_CONTEXT(2) 
PARAMETRIC_REPRESENTATION_CONTEXT() REPRESENTATION_CONTEXT('2D SPACE',''
  ) );
#192 = PCURVE('',#193,#198);
#193 = PLANE('',#194);
#194 = AXIS2_PLACEMENT_3D('',#195,#196,#197);
#195 = CARTESIAN_POINT('',(177.96000005,-70.5,52.446875672974));
#196 = DIRECTION('',(-9.614813431918E-17,-0.5,-0.866025403784));
#197 = DIRECTION('',(-5.551115123126E-17,0.866025403784,-0.5));
#198 = DEFINITIONAL_REPRESENTATION('',(#199),#203);
#199 = LINE('',#200,#201);
#200 = CARTESIAN_POINT('',(0.360843918244,-1.000000000002E-02));
#201 = VECTOR('',#202,1.);
#202 = DIRECTION('',(-1.,0.));
#203 = ( GEOMETRIC_REPRESENTATION_CONTEXT(2) 
PARAMETRIC_REPRESENTATION_CONTEXT() REPRESENTATION_CONTEXT('2D SPACE',''
  ) );
#204 = ORIENTED_EDGE('',*,*,#205,.T.);
#205 = EDGE_CURVE('',#178,#206,#208,.T.);
#206 = VERTEX_POINT('',#207);
#207 = CARTESIAN_POINT('',(177.95000005,-71.75,51.725187836487));
#208 = SURFACE_CURVE('',#209,(#213,#220),.PCURVE_S1.);
#209 = LINE('',#210,#211);
#210 = CARTESIAN_POINT('',(177.95000005,-71.4375,51.905609795609));
#211 = VECTOR('',#212,1.);
#212 = DIRECTION('',(-5.551115123126E-17,-0.866025403784,-0.5));
#213 = PCURVE('',#93,#214);
#214 = DEFINITIONAL_REPRESENTATION('',(#215),#219);
#215 = LINE('',#216,#217);
#216 = CARTESIAN_POINT('',(0.902109795609,-0.9375));
#217 = VECTOR('',#218,1.);
#218 = DIRECTION('',(-0.5,-0.866025403784));
#219 = ( GEOMETRIC_REPRESENTATION_CONTEXT(2) 
PARAMETRIC_REPRESENTATION_CONTEXT() REPRESENTATION_CONTEXT('2D SPACE',''
  ) );
#220 = PCURVE('',#221,#226);
#221 = PLANE('',#222);
#222 = AXIS2_PLACEMENT_3D('',#223,#224,#225);
#223 = CARTESIAN_POINT('',(177.96000005,-71.75,51.725187836487));
#224 = DIRECTION('',(-9.614813431918E-17,0.5,-0.866025403784));
#225 = DIRECTION('',(5.551115123126E-17,0.866025403784,0.5));
#226 = DEFINITIONAL_REPRESENTATION('',(#227),#231);
#227 = LINE('',#228,#229);
#228 = CARTESIAN_POINT('',(0.360843918244,-1.000000000002E-02));
#229 = VECTOR('',#230,1.);
#230 = DIRECTION('',(-1.,0.));
#231 = ( GEOMETRIC_REPRESENTATION_CONTEXT(2) 
PARAMETRIC_REPRESENTATION_CONTEXT() REPRESENTATION_CONTEXT('2D SPACE',''
  ) );
#232 = ORIENTED_EDGE('',*,*,#233,.T.);
#233 = EDGE_CURVE('',#206,#234,#236,.T.);
#234 = VERTEX_POINT('',#235);
#235 = CARTESIAN_POINT('',(177.95000005,-71.75,50.281812163513));
#236 = SURFACE_CURVE('',#237,(#241,#248),.PCURVE_S1.);
#237 = LINE('',#238,#239);
#238 = CARTESIAN_POINT('',(177.95000005,-71.75,50.642656081756));
#239 = VECTOR('',#240,1.);
#240 = DIRECTION('',(-1.110223024625E-16,4.615110447321E-16,-1.));
#241 = PCURVE('',#93,#242);
#242 = DEFINITIONAL_REPRESENTATION('',(#243),#247);
#243 = LINE('',#244,#245);
#244 = CARTESIAN_POINT('',(-0.360843918244,-1.25));
#245 = VECTOR('',#246,1.);
#246 = DIRECTION('',(-1.,4.615110447321E-16));
#247 = ( GEOMETRIC_REPRESENTATION_CONTEXT(2) 
PARAMETRIC_REPRESENTATION_CONTEXT() REPRESENTATION_CONTEXT('2D SPACE',''
  ) );
#248 = PCURVE('',#249,#254);
#249 = PLANE('',#250);
#250 = AXIS2_PLACEMENT_3D('',#251,#252,#253);
#251 = CARTESIAN_POINT('',(177.96000005,-71.75,50.281812163513));
#252 = DIRECTION('',(5.123801879803E-32,1.,4.615110447321E-16));
#253 = DIRECTION('',(1.110223024625E-16,-4.615110447321E-16,1.));
#254 = DEFINITIONAL_REPRESENTATION('',(#255),#259);
#255 = LINE('',#256,#257);
#256 = CARTESIAN_POINT('',(0.360843918244,-1.000000000002E-02));
#257 = VECTOR('',#258,1.);
#258 = DIRECTION('',(-1.,0.));
#259 = ( GEOMETRIC_REPRESENTATION_CONTEXT(2) 
PARAMETRIC_REPRESENTATION_CONTEXT() REPRESENTATION_CONTEXT('2D SPACE',''
  ) );
#260 = ORIENTED_EDGE('',*,*,#261,.T.);
#261 = EDGE_CURVE('',#234,#262,#264,.T.);
#262 = VERTEX_POINT('',#263);
#263 = CARTESIAN_POINT('',(177.95000005,-70.5,49.560124327026));
#264 = SURFACE_CURVE('',#265,(#269,#276),.PCURVE_S1.);
#265 = LINE('',#266,#267);
#266 = CARTESIAN_POINT('',(177.95000005,-70.8125,49.740546286148));
#267 = VECTOR('',#268,1.);
#268 = DIRECTION('',(-5.551115123126E-17,0.866025403784,-0.5));
#269 = PCURVE('',#93,#270);
#270 = DEFINITIONAL_REPRESENTATION('',(#271),#275);
#271 = LINE('',#272,#273);
#272 = CARTESIAN_POINT('',(-1.262953713852,-0.3125));
#273 = VECTOR('',#274,1.);
#274 = DIRECTION('',(-0.5,0.866025403784));
#275 = ( GEOMETRIC_REPRESENTATION_CONTEXT(2) 
PARAMETRIC_REPRESENTATION_CONTEXT() REPRESENTATION_CONTEXT('2D SPACE',''
  ) );
#276 = PCURVE('',#277,#282);
#277 = PLANE('',#278);
#278 = AXIS2_PLACEMENT_3D('',#279,#280,#281);
#279 = CARTESIAN_POINT('',(177.96000005,-70.5,49.560124327026));
#280 = DIRECTION('',(9.614813431918E-17,0.5,0.866025403784));
#281 = DIRECTION('',(5.551115123126E-17,-0.866025403784,0.5));
#282 = DEFINITIONAL_REPRESENTATION('',(#283),#287);
#283 = LINE('',#284,#285);
#284 = CARTESIAN_POINT('',(0.360843918244,-1.000000000002E-02));
#285 = VECTOR('',#286,1.);
#286 = DIRECTION('',(-1.,0.));
#287 = ( GEOMETRIC_REPRESENTATION_CONTEXT(2) 
PARAMETRIC_REPRESENTATION_CONTEXT() REPRESENTATION_CONTEXT('2D SPACE',''
  ) );
#288 = ORIENTED_EDGE('',*,*,#289,.T.);
#289 = EDGE_CURVE('',#262,#148,#290,.T.);
#290 = SURFACE_CURVE('',#291,(#295,#302),.PCURVE_S1.);
#291 = LINE('',#292,#293);
#292 = CARTESIAN_POINT('',(177.95000005,-69.5625,50.101390204391));
#293 = VECTOR('',#294,1.);
#294 = DIRECTION('',(5.551115123126E-17,0.866025403784,0.5));
#295 = PCURVE('',#93,#296);
#296 = DEFINITIONAL_REPRESENTATION('',(#297),#301);
#297 = LINE('',#298,#299);
#298 = CARTESIAN_POINT('',(-0.902109795609,0.9375));
#299 = VECTOR('',#300,1.);
#300 = DIRECTION('',(0.5,0.866025403784));
#301 = ( GEOMETRIC_REPRESENTATION_CONTEXT(2) 
PARAMETRIC_REPRESENTATION_CONTEXT() REPRESENTATION_CONTEXT('2D SPACE',''
  ) );
#302 = PCURVE('',#303,#308);
#303 = PLANE('',#304);
#304 = AXIS2_PLACEMENT_3D('',#305,#306,#307);
#305 = CARTESIAN_POINT('',(177.96000005,-69.25,50.281812163513));
#306 = DIRECTION('',(9.614813431918E-17,-0.5,0.866025403784));
#307 = DIRECTION('',(-5.551115123126E-17,-0.866025403784,-0.5));
#308 = DEFINITIONAL_REPRESENTATION('',(#309),#313);
#309 = LINE('',#310,#311);
#310 = CARTESIAN_POINT('',(0.360843918244,-1.000000000002E-02));
#311 = VECTOR('',#312,1.);
#312 = DIRECTION('',(-1.,0.));
#313 = ( GEOMETRIC_REPRESENTATION_CONTEXT(2) 
PARAMETRIC_REPRESENTATION_CONTEXT() REPRESENTATION_CONTEXT('2D SPACE',''
  ) );
#314 = ADVANCED_FACE('',(#315),#129,.T.);
#315 = FACE_BOUND('',#316,.T.);
#316 = EDGE_LOOP('',(#317,#347,#375,#833,#854,#855));
#317 = ORIENTED_EDGE('',*,*,#318,.T.);
#318 = EDGE_CURVE('',#319,#321,#323,.T.);
#319 = VERTEX_POINT('',#320);
#320 = CARTESIAN_POINT('',(175.60595458948,-70.5,52.9635));
#321 = VERTEX_POINT('',#322);
#322 = CARTESIAN_POINT('',(175.19404551051,-70.5,52.9635));
#323 = SURFACE_CURVE('',#324,(#328,#335),.PCURVE_S1.);
#324 = LINE('',#325,#326);
#325 = CARTESIAN_POINT('',(175.75000005,-70.5,52.9635));
#326 = VECTOR('',#327,1.);
#327 = DIRECTION('',(-1.,0.,1.110223024625E-16));
#328 = PCURVE('',#129,#329);
#329 = DEFINITIONAL_REPRESENTATION('',(#330),#334);
#330 = LINE('',#331,#332);
#331 = CARTESIAN_POINT('',(6.28318530718,-0.));
#332 = VECTOR('',#333,1.);
#333 = DIRECTION('',(0.,1.));
#334 = ( GEOMETRIC_REPRESENTATION_CONTEXT(2) 
PARAMETRIC_REPRESENTATION_CONTEXT() REPRESENTATION_CONTEXT('2D SPACE',''
  ) );
#335 = PCURVE('',#336,#341);
#336 = PLANE('',#337);
#337 = AXIS2_PLACEMENT_3D('',#338,#339,#340);
#338 = CARTESIAN_POINT('',(175.40000005,-70.5,52.923127572352));
#339 = DIRECTION('',(2.965663960231E-15,1.,-3.094874901585E-15));
#340 = DIRECTION('',(1.110223024625E-16,3.094874901585E-15,1.));
#341 = DEFINITIONAL_REPRESENTATION('',(#342),#346);
#342 = LINE('',#343,#344);
#343 = CARTESIAN_POINT('',(4.03724276478E-02,0.35));
#344 = VECTOR('',#345,1.);
#345 = DIRECTION('',(0.,-1.));
#346 = ( GEOMETRIC_REPRESENTATION_CONTEXT(2) 
PARAMETRIC_REPRESENTATION_CONTEXT() REPRESENTATION_CONTEXT('2D SPACE',''
  ) );
#347 = ORIENTED_EDGE('',*,*,#348,.T.);
#348 = EDGE_CURVE('',#321,#349,#351,.T.);
#349 = VERTEX_POINT('',#350);
#350 = CARTESIAN_POINT('',(174.90595400208,-70.5,52.9635));
#351 = SURFACE_CURVE('',#352,(#356,#363),.PCURVE_S1.);
#352 = LINE('',#353,#354);
#353 = CARTESIAN_POINT('',(175.75000005,-70.5,52.9635));
#354 = VECTOR('',#355,1.);
#355 = DIRECTION('',(-1.,0.,1.110223024625E-16));
#356 = PCURVE('',#129,#357);
#357 = DEFINITIONAL_REPRESENTATION('',(#358),#362);
#358 = LINE('',#359,#360);
#359 = CARTESIAN_POINT('',(6.28318530718,-0.));
#360 = VECTOR('',#361,1.);
#361 = DIRECTION('',(0.,1.));
#362 = ( GEOMETRIC_REPRESENTATION_CONTEXT(2) 
PARAMETRIC_REPRESENTATION_CONTEXT() REPRESENTATION_CONTEXT('2D SPACE',''
  ) );
#363 = PCURVE('',#364,#369);
#364 = CYLINDRICAL_SURFACE('',#365,1.96);
#365 = AXIS2_PLACEMENT_3D('',#366,#367,#368);
#366 = CARTESIAN_POINT('',(175.75000005,-70.5,51.0035));
#367 = DIRECTION('',(-1.,0.,1.110223024625E-16));
#368 = DIRECTION('',(1.110223024625E-16,0.,1.));
#369 = DEFINITIONAL_REPRESENTATION('',(#370),#374);
#370 = LINE('',#371,#372);
#371 = CARTESIAN_POINT('',(0.,-0.));
#372 = VECTOR('',#373,1.);
#373 = DIRECTION('',(0.,1.));
#374 = ( GEOMETRIC_REPRESENTATION_CONTEXT(2) 
PARAMETRIC_REPRESENTATION_CONTEXT() REPRESENTATION_CONTEXT('2D SPACE',''
  ) );
#375 = ORIENTED_EDGE('',*,*,#376,.F.);
#376 = EDGE_CURVE('',#319,#349,#377,.T.);
#377 = SURFACE_CURVE('',#378,(#430,#485),.PCURVE_S1.);
#378 = B_SPLINE_CURVE_WITH_KNOTS('',8,(#379,#380,#381,#382,#383,#384,
    #385,#386,#387,#388,#389,#390,#391,#392,#393,#394,#395,#396,#397,
    #398,#399,#400,#401,#402,#403,#404,#405,#406,#407,#408,#409,#410,
    #411,#412,#413,#414,#415,#416,#417,#418,#419,#420,#421,#422,#423,
    #424,#425,#426,#427,#428,#429),.UNSPECIFIED.,.F.,.F.,(9,7,7,7,7,7,7,
    9),(0.,0.18623479537,0.368785784885,0.476802876555,0.615052923432,
    0.766629766968,0.878392298534,1.),.UNSPECIFIED.);
#379 = CARTESIAN_POINT('',(175.60595458948,-70.5,52.9635));
#380 = CARTESIAN_POINT('',(175.58966550011,-70.21343381567,52.9635));
#381 = CARTESIAN_POINT('',(175.57334142258,-69.92627292827,
    52.915615844914));
#382 = CARTESIAN_POINT('',(175.55702539374,-69.64884486146,
    52.819505895175));
#383 = CARTESIAN_POINT('',(175.54074765487,-69.39040296144,
    52.677904017937));
#384 = CARTESIAN_POINT('',(175.52446893838,-69.15926912693,
    52.495077433093));
#385 = CARTESIAN_POINT('',(175.50817450348,-68.96263752599,
    52.277025722819));
#386 = CARTESIAN_POINT('',(175.49185247741,-68.80663156202,
    52.031227121476));
#387 = CARTESIAN_POINT('',(175.45959091669,-68.58548992405,
    51.508627979105));
#388 = CARTESIAN_POINT('',(175.44358346771,-68.5181592187,
    51.231453279586));
#389 = CARTESIAN_POINT('',(175.42759378077,-68.49707702876,
    50.944637497966));
#390 = CARTESIAN_POINT('',(175.41162002153,-68.52333814463,
    50.657240586317));
#391 = CARTESIAN_POINT('',(175.39565440498,-68.59634106281,
    50.37806082795));
#392 = CARTESIAN_POINT('',(175.37968141004,-68.71362712913,
    50.115553232995));
#393 = CARTESIAN_POINT('',(175.36368946782,-68.87109777721,
    49.877800373559));
#394 = CARTESIAN_POINT('',(175.33827830985,-69.17494137525,
    49.549728413766));
#395 = CARTESIAN_POINT('',(175.32882986567,-69.29977172274,
    49.438679681688));
#396 = CARTESIAN_POINT('',(175.31938022902,-69.43515891358,
    49.339936262621));
#397 = CARTESIAN_POINT('',(175.30993000917,-69.57967136513,
    49.254671633687));
#398 = CARTESIAN_POINT('',(175.30047963159,-69.73176722395,
    49.183837657034));
#399 = CARTESIAN_POINT('',(175.29102933802,-69.88979436583,
    49.128164579836));
#400 = CARTESIAN_POINT('',(175.28157918642,-70.05199039575,
    49.088161034292));
#401 = CARTESIAN_POINT('',(175.26003391268,-70.42701471477,
    49.033336515619));
#402 = CARTESIAN_POINT('',(175.24793299938,-70.64147667453,
    49.028663897063));
#403 = CARTESIAN_POINT('',(175.23583650517,-70.85589908635,
    49.050716109285));
#404 = CARTESIAN_POINT('',(175.22374460628,-71.06642408649,
    49.09932198616));
#405 = CARTESIAN_POINT('',(175.21165236361,-71.26930534458,
    49.173683226624));
#406 = CARTESIAN_POINT('',(175.19955503546,-71.46094855131,
    49.272432676597));
#407 = CARTESIAN_POINT('',(175.18745380044,-71.63799243722,
    49.393586934341));
#408 = CARTESIAN_POINT('',(175.1621043653,-71.97223743519,
    49.688772838488));
#409 = CARTESIAN_POINT('',(175.14883102211,-72.12624224792,
    49.867094096343));
#410 = CARTESIAN_POINT('',(175.13556231841,-72.25532719043,
    50.065875599779));
#411 = CARTESIAN_POINT('',(175.12229817854,-72.35642047765,
    50.280945822327));
#412 = CARTESIAN_POINT('',(175.10903592915,-72.42731182669,
    50.507759446187));
#413 = CARTESIAN_POINT('',(175.09577228744,-72.466572412,50.741477057215
    ));
#414 = CARTESIAN_POINT('',(175.08250536594,-72.47364948521,
    50.976970453041));
#415 = CARTESIAN_POINT('',(175.05948100489,-72.43118317267,
    51.379936578811));
#416 = CARTESIAN_POINT('',(175.04970964628,-72.39599210041,
    51.549212352976));
#417 = CARTESIAN_POINT('',(175.03993752093,-72.34387297953,
    51.714637505937));
#418 = CARTESIAN_POINT('',(175.03016397268,-72.27532222113,
    51.874230786118));
#419 = CARTESIAN_POINT('',(175.02038874988,-72.19109253662,
    52.026135271495));
#420 = CARTESIAN_POINT('',(175.01061200539,-72.0921929377,
    52.168618369595));
#421 = CARTESIAN_POINT('',(175.00083429662,-71.97988873633,
    52.300071817502));
#422 = CARTESIAN_POINT('',(174.98041755498,-71.7205746941,
    52.548428967884));
#423 = CARTESIAN_POINT('',(174.96977424269,-71.57123171394,
    52.663160504688));
#424 = CARTESIAN_POINT('',(174.95913084338,-71.40969350339,
    52.761319513058));
#425 = CARTESIAN_POINT('',(174.94849004673,-71.23812659777,
    52.841390794417));
#426 = CARTESIAN_POINT('',(174.93785303732,-71.05884316868,
    52.902230730811));
#427 = CARTESIAN_POINT('',(174.92721949466,-70.87430102394,
    52.943067284908));
#428 = CARTESIAN_POINT('',(174.91658759314,-70.6871036076,52.9635));
#429 = CARTESIAN_POINT('',(174.90595400208,-70.5,52.9635));
#430 = PCURVE('',#129,#431);
#431 = DEFINITIONAL_REPRESENTATION('',(#432),#484);
#432 = B_SPLINE_CURVE_WITH_KNOTS('',8,(#433,#434,#435,#436,#437,#438,
    #439,#440,#441,#442,#443,#444,#445,#446,#447,#448,#449,#450,#451,
    #452,#453,#454,#455,#456,#457,#458,#459,#460,#461,#462,#463,#464,
    #465,#466,#467,#468,#469,#470,#471,#472,#473,#474,#475,#476,#477,
    #478,#479,#480,#481,#482,#483),.UNSPECIFIED.,.F.,.F.,(9,7,7,7,7,7,7,
    9),(0.,0.18623479537,0.368785784885,0.476802876555,0.615052923432,
    0.766629766968,0.878392298534,1.),.UNSPECIFIED.);
#433 = CARTESIAN_POINT('',(0.,0.144045460513));
#434 = CARTESIAN_POINT('',(0.146207236901,0.160334549881));
#435 = CARTESIAN_POINT('',(0.292716891387,0.176658627416));
#436 = CARTESIAN_POINT('',(0.439030479712,0.192974656255));
#437 = CARTESIAN_POINT('',(0.585239477181,0.209252395127));
#438 = CARTESIAN_POINT('',(0.731450493613,0.225531111616));
#439 = CARTESIAN_POINT('',(0.877770560831,0.241825546519));
#440 = CARTESIAN_POINT('',(1.024280690209,0.258147572586));
#441 = CARTESIAN_POINT('',(1.313802283408,0.290409133304));
#442 = CARTESIAN_POINT('',(1.457424082077,0.306416582285));
#443 = CARTESIAN_POINT('',(1.600871923476,0.322406269223));
#444 = CARTESIAN_POINT('',(1.744209683555,0.338380028468));
#445 = CARTESIAN_POINT('',(1.887535088184,0.354345645016));
#446 = CARTESIAN_POINT('',(2.030951683375,0.370318639957));
#447 = CARTESIAN_POINT('',(2.174540095032,0.386310582178));
#448 = CARTESIAN_POINT('',(2.402682996255,0.411721740143));
#449 = CARTESIAN_POINT('',(2.487506910228,0.421170184325));
#450 = CARTESIAN_POINT('',(2.572335180426,0.430619820971));
#451 = CARTESIAN_POINT('',(2.657161890368,0.440070040828));
#452 = CARTESIAN_POINT('',(2.741983891686,0.449520418405));
#453 = CARTESIAN_POINT('',(2.826800804124,0.458970711974));
#454 = CARTESIAN_POINT('',(2.911615015543,0.468420863571));
#455 = CARTESIAN_POINT('',(3.104987725408,0.489966137315));
#456 = CARTESIAN_POINT('',(3.213598150048,0.502067050614));
#457 = CARTESIAN_POINT('',(3.322176352308,0.514163544827));
#458 = CARTESIAN_POINT('',(3.430721542692,0.526255443717));
#459 = CARTESIAN_POINT('',(3.539273927085,0.538347686383));
#460 = CARTESIAN_POINT('',(3.647868660485,0.550445014539));
#461 = CARTESIAN_POINT('',(3.756488573102,0.56254624956));
#462 = CARTESIAN_POINT('',(3.984004377937,0.587895684694));
#463 = CARTESIAN_POINT('',(4.103123812386,0.601169027887));
#464 = CARTESIAN_POINT('',(4.222190436277,0.614437731587));
#465 = CARTESIAN_POINT('',(4.341210645535,0.627701871454));
#466 = CARTESIAN_POINT('',(4.460226135553,0.640964120844));
#467 = CARTESIAN_POINT('',(4.57928134447,0.65422776256));
#468 = CARTESIAN_POINT('',(4.698390994696,0.667494684055));
#469 = CARTESIAN_POINT('',(4.905124458526,0.690519045102));
#470 = CARTESIAN_POINT('',(4.992870606023,0.700290403712));
#471 = CARTESIAN_POINT('',(5.080622633855,0.710062529061));
#472 = CARTESIAN_POINT('',(5.168378266759,0.719836077313));
#473 = CARTESIAN_POINT('',(5.256134518161,0.729611300117));
#474 = CARTESIAN_POINT('',(5.34388769017,0.739388044602));
#475 = CARTESIAN_POINT('',(5.431633373579,0.749165753379));
#476 = CARTESIAN_POINT('',(5.614827935344,0.769582495017));
#477 = CARTESIAN_POINT('',(5.710306632597,0.780225807302));
#478 = CARTESIAN_POINT('',(5.805794464557,0.790869206614));
#479 = CARTESIAN_POINT('',(5.901284746004,0.801510003268));
#480 = CARTESIAN_POINT('',(5.996772181574,0.812147012674));
#481 = CARTESIAN_POINT('',(6.092252865755,0.822780555335));
#482 = CARTESIAN_POINT('',(6.187724282891,0.833412456852));
#483 = CARTESIAN_POINT('',(6.28318530718,0.844046047916));
#484 = ( GEOMETRIC_REPRESENTATION_CONTEXT(2) 
PARAMETRIC_REPRESENTATION_CONTEXT() REPRESENTATION_CONTEXT('2D SPACE',''
  ) );
#485 = PCURVE('',#486,#779);
#486 = B_SPLINE_SURFACE_WITH_KNOTS('',1,10,(
    (#487,#488,#489,#490,#491,#492,#493,#494,#495,#496,#497,#498,#499
      ,#500,#501,#502,#503,#504,#505,#506,#507,#508,#509,#510,#511,#512
      ,#513,#514,#515,#516,#517,#518,#519,#520,#521,#522,#523,#524,#525
      ,#526,#527,#528,#529,#530,#531,#532,#533,#534,#535,#536,#537,#538
      ,#539,#540,#541,#542,#543,#544,#545,#546,#547,#548,#549,#550,#551
      ,#552,#553,#554,#555,#556,#557,#558,#559,#560,#561,#562,#563,#564
      ,#565,#566,#567,#568,#569,#570,#571,#572,#573,#574,#575,#576,#577
      ,#578,#579,#580,#581,#582,#583,#584,#585,#586,#587,#588,#589,#590
      ,#591,#592,#593,#594,#595,#596,#597,#598,#599,#600,#601,#602,#603
      ,#604,#605,#606,#607,#608,#609,#610,#611,#612,#613,#614,#615,#616
      ,#617,#618,#619,#620,#621,#622,#623,#624,#625,#626,#627,#628,#629
      ,#630,#631,#632)
    ,(#633,#634,#635,#636,#637,#638,#639,#640,#641,#642,#643,#644,#645
      ,#646,#647,#648,#649,#650,#651,#652,#653,#654,#655,#656,#657,#658
      ,#659,#660,#661,#662,#663,#664,#665,#666,#667,#668,#669,#670,#671
      ,#672,#673,#674,#675,#676,#677,#678,#679,#680,#681,#682,#683,#684
      ,#685,#686,#687,#688,#689,#690,#691,#692,#693,#694,#695,#696,#697
      ,#698,#699,#700,#701,#702,#703,#704,#705,#706,#707,#708,#709,#710
      ,#711,#712,#713,#714,#715,#716,#717,#718,#719,#720,#721,#722,#723
      ,#724,#725,#726,#727,#728,#729,#730,#731,#732,#733,#734,#735,#736
      ,#737,#738,#739,#740,#741,#742,#743,#744,#745,#746,#747,#748,#749
      ,#750,#751,#752,#753,#754,#755,#756,#757,#758,#759,#760,#761,#762
      ,#763,#764,#765,#766,#767,#768,#769,#770,#771,#772,#773,#774,#775
      ,#776,#777,#778
    )),.UNSPECIFIED.,.F.,.F.,.F.,(2,2),(11,9,9,9,9,9,9,9,9,9,9,9,9,9,9,9
    ,11),(0.,0.598889910268),(0.,6.378504966297,12.757009932594,
    19.13551489889,25.514019865187,31.892524831484,38.271029797781,
    44.649534764078,51.028039730375,57.406544696672,63.785049662968,
    70.163554629265,76.542059595562,82.920564561859,89.299069528156,
    95.677574494453,102.05607946074),.UNSPECIFIED.);
#487 = CARTESIAN_POINT('',(175.68000005,-70.5,53.1035));
#488 = CARTESIAN_POINT('',(175.60937272822,-69.16874953179,
    53.103506501221));
#489 = CARTESIAN_POINT('',(175.53875645507,-67.83633008377,
    52.165983286466));
#490 = CARTESIAN_POINT('',(175.46811373081,-67.25635300476,
    50.288945989956));
#491 = CARTESIAN_POINT('',(175.3975093948,-68.12491763732,
    48.157110788547));
#492 = CARTESIAN_POINT('',(175.32687415341,-70.61040858098,
    47.06850506681));
#493 = CARTESIAN_POINT('',(175.25624152923,-73.03093774465,
    48.294808142166));
#494 = CARTESIAN_POINT('',(175.18563489069,-73.77861358362,
    50.471885723961));
#495 = CARTESIAN_POINT('',(175.1149939371,-73.09429664987,
    52.313541979596));
#496 = CARTESIAN_POINT('',(175.04437648941,-71.71140849915,
    53.174836088805));
#497 = CARTESIAN_POINT('',(174.90312316123,-69.05309557604,
    53.025557786605));
#498 = CARTESIAN_POINT('',(174.83250579343,-67.77533950316,
    52.01480316569));
#499 = CARTESIAN_POINT('',(174.7618645508,-67.30152130912,
    50.108195092592));
#500 = CARTESIAN_POINT('',(174.69125856351,-68.28825231145,
    48.028419071794));
#501 = CARTESIAN_POINT('',(174.62062484091,-70.83087188466,
    47.080884284207));
#502 = CARTESIAN_POINT('',(174.54999107257,-73.17883362813,
    48.440981499502));
#503 = CARTESIAN_POINT('',(174.47938512534,-73.80326359243,
    50.656554727523));
#504 = CARTESIAN_POINT('',(174.40874385211,-73.01676069287,
    52.456944651502));
#505 = CARTESIAN_POINT('',(174.33812650448,-71.58775494544,
    53.239344349821));
#506 = CARTESIAN_POINT('',(174.19687315383,-68.94199413915,
    52.941248158108));
#507 = CARTESIAN_POINT('',(174.12625580473,-67.72292167851,
    51.860439234622));
#508 = CARTESIAN_POINT('',(174.0556145368,-67.35675325289,
    49.930263481177));
#509 = CARTESIAN_POINT('',(173.9850085777,-68.45854591938,
    47.909085702795));
#510 = CARTESIAN_POINT('',(173.91437482917,-71.05029417829,
    47.105607451613));
#511 = CARTESIAN_POINT('',(173.84374108037,-73.31830088647,
    48.595216192993));
#512 = CARTESIAN_POINT('',(173.77313512133,-73.81752032393,
    50.842316014752));
#513 = CARTESIAN_POINT('',(173.70249385357,-72.93130607125,
    52.595774007799));
#514 = CARTESIAN_POINT('',(173.63187650422,-71.46067891303,
    53.29681786006));
#515 = CARTESIAN_POINT('',(173.49062315396,-68.83579476473,
    52.85084163604));
#516 = CARTESIAN_POINT('',(173.42000580454,-67.67924157026,
    51.703379087721));
#517 = CARTESIAN_POINT('',(173.34936453704,-67.42187501309,
    49.755708629209));
#518 = CARTESIAN_POINT('',(173.27875857746,-68.63526269784,
    47.799488546237));
#519 = CARTESIAN_POINT('',(173.20812482937,-71.26798504224,
    47.142594797786));
#520 = CARTESIAN_POINT('',(173.13749108023,-73.44890072797,
    48.757028260417));
#521 = CARTESIAN_POINT('',(173.0668851214,-73.82133890892,51.02858443508
    ));
#522 = CARTESIAN_POINT('',(172.99624385354,-72.83820166131,
    52.729593485092));
#523 = CARTESIAN_POINT('',(172.92562650422,-71.33058022932,
    53.347075743137));
#524 = CARTESIAN_POINT('',(172.78437315396,-68.73483159568,
    52.754622694091));
#525 = CARTESIAN_POINT('',(172.71375580454,-67.6444366116,
    51.544116861737));
#526 = CARTESIAN_POINT('',(172.64311453704,-67.4966816933,
    49.585079791202));
#527 = CARTESIAN_POINT('',(172.57250857746,-68.81784662973,
    47.699972394407));
#528 = CARTESIAN_POINT('',(172.50187482937,-71.48325954112,
    47.191729980679));
#529 = CARTESIAN_POINT('',(172.43124108024,-73.57022223679,
    48.925908558677));
#530 = CARTESIAN_POINT('',(172.3606351214,-73.81470733293,
    51.214773930685));
#531 = CARTESIAN_POINT('',(172.28999385354,-72.73774040389,
    52.857982033618));
#532 = CARTESIAN_POINT('',(172.21937650422,-71.19786823292,53.3899598699
    ));
#533 = CARTESIAN_POINT('',(172.07812315396,-68.63942229948,
    52.652894072285));
#534 = CARTESIAN_POINT('',(172.00750580454,-67.61861631182,
    51.383153655119));
#535 = CARTESIAN_POINT('',(171.93686453703,-67.58093792405,
    49.418913827895));
#536 = CARTESIAN_POINT('',(171.86625857747,-69.00572323845,
    47.610850362674));
#537 = CARTESIAN_POINT('',(171.79562482937,-71.69544034174,
    47.252858402202));
#538 = CARTESIAN_POINT('',(171.72499108024,-73.68188369054,
    49.101325728307));
#539 = CARTESIAN_POINT('',(171.6543851214,-73.79764646136,
    51.400298680302));
#540 = CARTESIAN_POINT('',(171.58374385354,-72.63023838727,
    52.980535695591));
#541 = CARTESIAN_POINT('',(171.51312650422,-71.06296048488,
    53.425335311001));
#542 = CARTESIAN_POINT('',(171.37187315396,-68.54986706907,
    52.545975846515));
#543 = CARTESIAN_POINT('',(171.30125580454,-67.60186191113,
    51.220995917627));
#544 = CARTESIAN_POINT('',(171.23061453704,-67.67437860402,
    49.257733558963));
#545 = CARTESIAN_POINT('',(171.16000857746,-69.19830139469,
    47.532402861802));
#546 = CARTESIAN_POINT('',(171.08937482937,-71.90385984475,
    47.32578772986));
#547 = CARTESIAN_POINT('',(171.01874108024,-73.78353376105,
    49.282727841878));
#548 = CARTESIAN_POINT('',(170.9481351214,-73.770209974,51.584574954505)
  );
#549 = CARTESIAN_POINT('',(170.87749385354,-72.51603385258,
    53.096868871818));
#550 = CARTESIAN_POINT('',(170.80687650422,-70.92628145488,
    53.453090762226));
#551 = CARTESIAN_POINT('',(170.66562315396,-68.46644767834,
    52.434204421069));
#552 = CARTESIAN_POINT('',(170.59500580454,-67.59422612507,
    51.058153857518));
#553 = CARTESIAN_POINT('',(170.52436453704,-67.77670973428,
    49.102046117116));
#554 = CARTESIAN_POINT('',(170.45375857746,-69.39497517634,
    47.464876716721));
#555 = CARTESIAN_POINT('',(170.38312482937,-72.10786228532,
    47.410288500931));
#556 = CARTESIAN_POINT('',(170.31249108023,-73.87485261955,
    49.469544141291));
#557 = CARTESIAN_POINT('',(170.2418851214,-73.7324841962,51.767022951919
    ));
#558 = CARTESIAN_POINT('',(170.17124385354,-72.39548612952,
    53.206615535105));
#559 = CARTESIAN_POINT('',(170.10062650422,-70.78826118571,
    53.473138894651));
#560 = CARTESIAN_POINT('',(169.95937315396,-68.38942659556,
    52.317931470204));
#561 = CARTESIAN_POINT('',(169.88875580454,-67.59573297866,
    50.895139836155));
#562 = CARTESIAN_POINT('',(169.81811453704,-67.88760934325,
    48.952341352648));
#563 = CARTESIAN_POINT('',(169.74750857746,-69.59512577489,
    47.408484389666));
#564 = CARTESIAN_POINT('',(169.67687482937,-72.3068057963,
    47.506094844724));
#565 = CARTESIAN_POINT('',(169.60624108024,-73.95555294313,
    49.661186833357));
#566 = CARTESIAN_POINT('',(169.5356351214,-73.68458782722,51.94706862364
    ));
#567 = CARTESIAN_POINT('',(169.46499385354,-72.26897450584,
    53.309430381848));
#568 = CARTESIAN_POINT('',(169.39437650422,-70.6493339402,
    53.485416629434));
#569 = CARTESIAN_POINT('',(169.25312315396,-68.31904615755,
    52.197522831641));
#570 = CARTESIAN_POINT('',(169.18250580454,-67.60637773077,
    50.732466755955));
#571 = CARTESIAN_POINT('',(169.11186453704,-68.00672849971,
    48.809090292144));
#572 = CARTESIAN_POINT('',(169.04125857746,-69.79812344252,
    47.363403311744));
#573 = CARTESIAN_POINT('',(168.97062482937,-72.50006442779,
    47.612905319054));
#574 = CARTESIAN_POINT('',(168.89999108024,-74.02538081871,
    49.857052939251));
#575 = CARTESIAN_POINT('',(168.8293851214,-73.62667156675,
    52.124145479387));
#576 = CARTESIAN_POINT('',(168.75874385354,-72.1368970339,
    53.404989918496));
#577 = CARTESIAN_POINT('',(168.68812650422,-70.50993683487,
    53.48988533628));
#578 = CARTESIAN_POINT('',(168.54687315396,-68.2555278072,
    52.073357355503));
#579 = CARTESIAN_POINT('',(168.47625580454,-67.62612688907,
    50.570646446621));
#580 = CARTESIAN_POINT('',(168.40561453703,-68.13369241074,
    48.672743656421));
#581 = CARTESIAN_POINT('',(168.33500857747,-70.00332947347,
    47.329775324728));
#582 = CARTESIAN_POINT('',(168.26437482936,-72.68703011664,
    47.730383858631));
#583 = CARTESIAN_POINT('',(168.19374108024,-74.08411654197,
    50.056526191758));
#584 = CARTESIAN_POINT('',(168.1231351214,-73.55891764079,
    52.297696369847));
#585 = CARTESIAN_POINT('',(168.05249385354,-71.9996692783,53.4929934794)
  );
#586 = CARTESIAN_POINT('',(167.98187650422,-70.37050846458,
    53.486530954983));
#587 = CARTESIAN_POINT('',(167.84062315396,-68.19907139674,
    51.945825712319));
#588 = CARTESIAN_POINT('',(167.77000580454,-67.65491831542,
    50.410188054689));
#589 = CARTESIAN_POINT('',(167.69936453704,-68.26810160088,
    48.543730442487));
#590 = CARTESIAN_POINT('',(167.62875857746,-70.21009821367,
    47.307706234634));
#591 = CARTESIAN_POINT('',(167.55812482937,-72.86711459959,
    47.858160832582));
#592 = CARTESIAN_POINT('',(167.48749108023,-74.13157530862,
    50.258978974165));
#593 = CARTESIAN_POINT('',(167.4168851214,-73.48153922821,
    52.467175239751));
#594 = CARTESIAN_POINT('',(167.34624385354,-71.85772300834,
    53.573164172781));
#595 = CARTESIAN_POINT('',(167.27562650422,-70.23148752257,
    53.475364039672));
#596 = CARTESIAN_POINT('',(167.13437315396,-68.14985455893,
    51.815329163814));
#597 = CARTESIAN_POINT('',(167.06375580454,-67.69266142133,
    50.251596441653));
#598 = CARTESIAN_POINT('',(166.99311453703,-68.40953316911,
    48.422456573584));
#599 = CARTESIAN_POINT('',(166.92250857747,-70.41777909212,
    47.297265479074));
#600 = CARTESIAN_POINT('',(166.85187482936,-73.03975126428,
    47.995834207181));
#601 = CARTESIAN_POINT('',(166.78124108024,-74.16760779578,
    50.463774295193));
#602 = CARTESIAN_POINT('',(166.7106351214,-73.39477979017,
    52.632048845827));
#603 = CARTESIAN_POINT('',(166.63999385354,-71.71150483948,
    53.645249751994));
#604 = CARTESIAN_POINT('',(166.56937650422,-70.09331142015,
    53.456419725592));
#605 = CARTESIAN_POINT('',(166.42812315396,-68.10803214816,
    51.682278300406));
#606 = CARTESIAN_POINT('',(166.35750580452,-67.73923745296,
    50.095370595426));
#607 = CARTESIAN_POINT('',(166.2868645371,-68.55754211953,
    48.309303622087));
#608 = CARTESIAN_POINT('',(166.21625857733,-70.62571866771,
    47.298485908708));
#609 = CARTESIAN_POINT('',(166.14562482957,-73.20439693228,
    48.142970810757));
#610 = CARTESIAN_POINT('',(166.07499107999,-74.19210063144,
    50.670267793386));
#611 = CARTESIAN_POINT('',(166.00438512164,-73.29891230444,
    52.79179843431));
#612 = CARTESIAN_POINT('',(165.93374385335,-71.56147482777,
    53.709023409477));
#613 = CARTESIAN_POINT('',(165.86312650435,-69.95641491073,
    53.429757618335));
#614 = CARTESIAN_POINT('',(165.7218731537,-68.07373575263,
    51.547091749805));
#615 = CARTESIAN_POINT('',(165.65125580597,-67.79449986813,
    49.942002057657));
#616 = CARTESIAN_POINT('',(165.58061453309,-68.71166275232,
    48.204627616418));
#617 = CARTESIAN_POINT('',(165.51000858515,-70.8332627029,
    47.311363669221));
#618 = CARTESIAN_POINT('',(165.4393748178,-73.36053354132,
    48.299107718847));
#619 = CARTESIAN_POINT('',(165.36874109421,-74.20497678363,
    50.877809737471));
#620 = CARTESIAN_POINT('',(165.29813510763,-73.19423837441,
    52.945921399905));
#621 = CARTESIAN_POINT('',(165.22749386465,-71.40810504833,
    53.764284468701));
#622 = CARTESIAN_POINT('',(165.15687649695,-69.82122870488,
    53.395461620514));
#623 = CARTESIAN_POINT('',(165.01562316877,-68.04707331515,
    51.41019483087));
#624 = CARTESIAN_POINT('',(164.94500572098,-67.85827460096,
    49.791973540706));
#625 = CARTESIAN_POINT('',(164.87436476776,-68.87141067121,
    48.108757469145));
#626 = CARTESIAN_POINT('',(164.80375812845,-71.03975716714,
    47.335859092697));
#627 = CARTESIAN_POINT('',(164.73312550536,-73.50767136386,
    48.463752386748));
#628 = CARTESIAN_POINT('',(164.66249026287,-74.20619388194,
    51.085748671819));
#629 = CARTESIAN_POINT('',(164.59188592766,-73.08108917514,
    53.093931287589));
#630 = CARTESIAN_POINT('',(164.52124320298,-71.25187658086,
    53.810860290202));
#631 = CARTESIAN_POINT('',(164.45062692998,-69.68817911597,
    53.353638833544));
#632 = CARTESIAN_POINT('',(164.37999960818,-68.85815293496,
    52.312829374457));
#633 = CARTESIAN_POINT('',(175.40000005,-70.5,52.5740955));
#634 = CARTESIAN_POINT('',(175.32938501982,-69.50435552067,
    52.574095498592));
#635 = CARTESIAN_POINT('',(175.25872254622,-68.50782902749,
    51.872936379461));
#636 = CARTESIAN_POINT('',(175.18817365544,-68.07408137883,
    50.469068134082));
#637 = CARTESIAN_POINT('',(175.11745992216,-68.72365910291,
    48.874679139719));
#638 = CARTESIAN_POINT('',(175.04687890123,-70.58257167951,
    48.060531112913));
#639 = CARTESIAN_POINT('',(174.97628663725,-72.3929107586,
    48.977628553962));
#640 = CARTESIAN_POINT('',(174.90558279449,-72.95206781742,
    50.60593136183));
#641 = CARTESIAN_POINT('',(174.83502629869,-72.44028734001,
    51.983270680068));
#642 = CARTESIAN_POINT('',(174.76436886915,-71.40601394104,
    52.627450927459));
#643 = CARTESIAN_POINT('',(174.62313316042,-69.41785796617,
    52.515798414361));
#644 = CARTESIAN_POINT('',(174.55247538738,-68.46221323448,
    51.759866701846));
#645 = CARTESIAN_POINT('',(174.48192013429,-68.1078638294,
    50.333886522421));
#646 = CARTESIAN_POINT('',(174.41121349182,-68.84581735264,
    48.778427970389));
#647 = CARTESIAN_POINT('',(174.34062594901,-70.74745552677,
    48.069790753386));
#648 = CARTESIAN_POINT('',(174.27003859822,-72.50352426753,
    49.086951993907));
#649 = CARTESIAN_POINT('',(174.19933178684,-72.9705021692,
    50.744045341493));
#650 = CARTESIAN_POINT('',(174.12877666363,-72.38229870835,
    52.09052210156));
#651 = CARTESIAN_POINT('',(174.05811880445,-71.31353296236,
    52.675696758578));
#652 = CARTESIAN_POINT('',(173.91688319217,-69.33476512553,
    52.452743101665));
#653 = CARTESIAN_POINT('',(173.84622533886,-68.4230092335,
    51.644417181383));
#654 = CARTESIAN_POINT('',(173.77567019442,-68.14917262588,
    50.200811803859));
#655 = CARTESIAN_POINT('',(173.70496343086,-68.97318047521,
    48.689177658926));
#656 = CARTESIAN_POINT('',(173.63437599943,-70.91156062014,
    48.088280963198));
#657 = CARTESIAN_POINT('',(173.56378856473,-72.60783405897,
    49.202305579897));
#658 = CARTESIAN_POINT('',(173.49308180405,-72.98116335006,
    50.882975673337));
#659 = CARTESIAN_POINT('',(173.4225266574,-72.31838768925,
    52.194353345074));
#660 = CARTESIAN_POINT('',(173.35186880555,-71.21849230434,
    52.718681240801));
#661 = CARTESIAN_POINT('',(173.21063319163,-69.2553385467,52.38512793363
    ));
#662 = CARTESIAN_POINT('',(173.13997533968,-68.39034021113,
    51.526951098919));
#663 = CARTESIAN_POINT('',(173.06942019341,-68.19787799841,
    50.070262638624));
#664 = CARTESIAN_POINT('',(172.99871343188,-69.10534753341,
    48.607209062477));
#665 = CARTESIAN_POINT('',(172.9281259986,-71.07437079438,
    48.115943530039));
#666 = CARTESIAN_POINT('',(172.85753856528,-72.70551182276,49.3233263903
    ));
#667 = CARTESIAN_POINT('',(172.78683180377,-72.98401787405,
    51.022285219103));
#668 = CARTESIAN_POINT('',(172.71627665749,-72.24875534939,
    52.294437723463));
#669 = CARTESIAN_POINT('',(172.64561880553,-71.12119100377,
    52.756269128273));
#670 = CARTESIAN_POINT('',(172.50438319164,-69.17982813326,
    52.313165652969));
#671 = CARTESIAN_POINT('',(172.43372533967,-68.36430895901,
    51.407838045631));
#672 = CARTESIAN_POINT('',(172.36317019343,-68.2538266984,
    49.942649783404));
#673 = CARTESIAN_POINT('',(172.29246343185,-69.24190268431,
    48.532780083849));
#674 = CARTESIAN_POINT('',(172.22187599863,-71.23537378556,
    48.152691417837));
#675 = CARTESIAN_POINT('',(172.15128856525,-72.79625023042,
    49.449633648477));
#676 = CARTESIAN_POINT('',(172.08058180379,-72.97905675879,
    51.161535659623));
#677 = CARTESIAN_POINT('',(172.01002665749,-72.17362077823,
    52.390460334172));
#678 = CARTESIAN_POINT('',(171.93936880554,-71.02193520649,
    52.788342155604));
#679 = CARTESIAN_POINT('',(171.79813319164,-69.10847146892,
    52.237082679634));
#680 = CARTESIAN_POINT('',(171.72747533968,-68.34499738103,
    51.287452795263));
#681 = CARTESIAN_POINT('',(171.6569201934,-68.3168426906,49.818374755435
    ));
#682 = CARTESIAN_POINT('',(171.58621343191,-69.38241627481,
    48.466124904164));
#683 = CARTESIAN_POINT('',(171.51562599856,-71.39406301876,
    48.198409004123));
#684 = CARTESIAN_POINT('',(171.44503856531,-72.87976378531,
    49.580829945077));
#685 = CARTESIAN_POINT('',(171.37433180375,-72.96629561382,
    51.300288861488));
#686 = CARTESIAN_POINT('',(171.3037766575,-72.09322037692,
    52.482119054545));
#687 = CARTESIAN_POINT('',(171.23311880553,-70.92103720795,
    52.814799409187));
#688 = CARTESIAN_POINT('',(171.09188319164,-69.04149306815,
    52.157118398807));
#689 = CARTESIAN_POINT('',(171.02122533967,-68.33246623856,
    51.166174124347));
#690 = CARTESIAN_POINT('',(170.95067019341,-68.38672770338,
    49.697828569945));
#691 = CARTESIAN_POINT('',(170.87996343188,-69.52644619718,
    48.407453245263));
#692 = CARTESIAN_POINT('',(170.80937599859,-71.54993919893,
    48.252952444471));
#693 = CARTESIAN_POINT('',(170.73878856529,-72.95578972291,
    49.716502488005));
#694 = CARTESIAN_POINT('',(170.66808180377,-72.9457745904,
    51.438108255794));
#695 = CARTESIAN_POINT('',(170.5975266575,-72.00780711486,
    52.569125492336));
#696 = CARTESIAN_POINT('',(170.52686880553,-70.81881447058,
    52.835557644711));
#697 = CARTESIAN_POINT('',(170.38563319164,-68.97910366979,52.0735244077
    ));
#698 = CARTESIAN_POINT('',(170.31497533968,-68.32675495921,
    51.044383620451));
#699 = CARTESIAN_POINT('',(170.24442019341,-68.46326185265,
    49.581390509827));
#700 = CARTESIAN_POINT('',(170.17371343188,-69.67353927998,
    48.356949709896));
#701 = CARTESIAN_POINT('',(170.1031259986,-71.70251188193,
    48.316150125035));
#702 = CARTESIAN_POINT('',(170.03253856528,-73.02408883749,
    49.856224401246));
#703 = CARTESIAN_POINT('',(169.96183180377,-72.91755825527,
    51.574560211739));
#704 = CARTESIAN_POINT('',(169.89127665749,-71.91764973379,
    52.651205893101));
#705 = CARTESIAN_POINT('',(169.82061880554,-70.71558862494,
    52.850551549089));
#706 = CARTESIAN_POINT('',(169.67938319164,-68.92149957396,
    51.986563723936));
#707 = CARTESIAN_POINT('',(169.60872533968,-68.32788151279,
    50.922464481561));
#708 = CARTESIAN_POINT('',(169.53817019341,-68.54620433365,
    49.469426932292));
#709 = CARTESIAN_POINT('',(169.46746343189,-69.82323271398,
    48.314773200873));
#710 = CARTESIAN_POINT('',(169.39687599858,-71.85130101767,
    48.387803202528));
#711 = CARTESIAN_POINT('',(169.3262885653,-73.08444623476,
    49.999556067973));
#712 = CARTESIAN_POINT('',(169.25558180376,-72.88173538746,
    51.709215400985));
#713 = CARTESIAN_POINT('',(169.1850266575,-71.82303190218,
    52.728102001535));
#714 = CARTESIAN_POINT('',(169.11436880553,-70.61168445773,
    52.859733945951));
#715 = CARTESIAN_POINT('',(168.97313319164,-68.86886202447,
    51.896509957997));
#716 = CARTESIAN_POINT('',(168.90247533968,-68.33584235474,
    50.800800310393));
#717 = CARTESIAN_POINT('',(168.8319201934,-68.63529417866,
    49.362290116181));
#718 = CARTESIAN_POINT('',(168.7612134319,-69.97505550823,
    48.281056421092));
#719 = CARTESIAN_POINT('',(168.69062599857,-71.99583846048,
    48.467686229861));
#720 = CARTESIAN_POINT('',(168.62003856531,-73.13667200803,
    50.146046513734));
#721 = CARTESIAN_POINT('',(168.54933180376,-72.83841869896,
    51.841650148491));
#722 = CARTESIAN_POINT('',(168.4787766575,-71.72425132273,52.79957187403
    ));
#723 = CARTESIAN_POINT('',(168.40811880553,-70.50742888989,
    52.863075944078));
#724 = CARTESIAN_POINT('',(168.26688319164,-68.8213566385,
    51.803646452348));
#725 = CARTESIAN_POINT('',(168.19622533969,-68.35061243729,
    50.679773907439));
#726 = CARTESIAN_POINT('',(168.12567019337,-68.73025107805,
    49.260317153555));
#727 = CARTESIAN_POINT('',(168.05496343194,-70.12852997207,
    48.255905456018));
#728 = CARTESIAN_POINT('',(167.98437599852,-72.13566944207,
    48.555547865474));
#729 = CARTESIAN_POINT('',(167.91378856535,-73.18060183569,
    50.295234825391));
#730 = CARTESIAN_POINT('',(167.84308180373,-72.7877444801,
    51.971447765543));
#731 = CARTESIAN_POINT('',(167.77252665751,-71.62161879569,
    52.865390639928));
#732 = CARTESIAN_POINT('',(167.70186880553,-70.40314994801,
    52.860567028309));
#733 = CARTESIAN_POINT('',(167.56063319164,-68.77913288559,
    51.708265389935));
#734 = CARTESIAN_POINT('',(167.48997533968,-68.37214528832,
    50.559766066538));
#735 = CARTESIAN_POINT('',(167.4194201934,-68.83077626229,
    49.163828889081));
#736 = CARTESIAN_POINT('',(167.34871343189,-70.28317321805,
    48.239399439888));
#737 = CARTESIAN_POINT('',(167.27812599858,-72.27035400247,
    48.651111664161));
#738 = CARTESIAN_POINT('',(167.2075385653,-73.21609749824,
    50.446651601318));
#739 = CARTESIAN_POINT('',(167.13683180376,-72.72987217073,
    52.098199860818));
#740 = CARTESIAN_POINT('',(167.0662766575,-71.51545724095,
    52.925351209039));
#741 = CARTESIAN_POINT('',(166.99561880553,-70.29917573223,
    52.852215092619));
#742 = CARTESIAN_POINT('',(166.85438319164,-68.74232361728,
    51.610666874867));
#743 = CARTESIAN_POINT('',(166.78372533968,-68.4003731575,50.44115437676
    ));
#744 = CARTESIAN_POINT('',(166.7131701934,-68.93655344196,
    49.073128910531));
#745 = CARTESIAN_POINT('',(166.6424634319,-70.4384986813,48.231590306744
    ));
#746 = CARTESIAN_POINT('',(166.57187599857,-72.39946837421,
    48.754076946849));
#747 = CARTESIAN_POINT('',(166.5012885653,-73.2430473132,50.599820428323
    ));
#748 = CARTESIAN_POINT('',(166.43058180376,-72.66498385853,
    52.221507625332));
#749 = CARTESIAN_POINT('',(166.36002665749,-71.40610068206,
    52.97926492323));
#750 = CARTESIAN_POINT('',(166.28936880554,-70.1958333839,
    52.838046415289));
#751 = CARTESIAN_POINT('',(166.14813319162,-68.71104464915,
    51.511157988182));
#752 = CARTESIAN_POINT('',(166.07747533978,-68.43520722951,
    50.324312034353));
#753 = CARTESIAN_POINT('',(166.00692019313,-69.04724980294,
    48.988502593615));
#754 = CARTESIAN_POINT('',(165.93621343243,-70.59401765044,
    48.23250262697));
#755 = CARTESIAN_POINT('',(165.86562599777,-72.52260631572,
    48.864119746714));
#756 = CARTESIAN_POINT('',(165.79503856628,-73.26136648646,
    50.754259380554));
#757 = CARTESIAN_POINT('',(165.72433180278,-72.59328370617,
    52.340983087288));
#758 = CARTESIAN_POINT('',(165.6537766583,-71.29389319517,
    53.026962149968));
#759 = CARTESIAN_POINT('',(165.58311880501,-70.09344805628,
    52.818105576248));
#760 = CARTESIAN_POINT('',(165.44188319271,-68.68539439637,
    51.410051821593));
#761 = CARTESIAN_POINT('',(165.3712253336,-68.47653790364,
    50.209606668885));
#762 = CARTESIAN_POINT('',(165.30067021022,-69.16251705305,
    48.910216203124));
#763 = CARTESIAN_POINT('',(165.22996339912,-70.74924080614,
    48.242133531835));
#764 = CARTESIAN_POINT('',(165.15937604798,-72.63938038817,
    48.980893825747));
#765 = CARTESIAN_POINT('',(165.0887885055,-73.27099738073,
    50.909482539128));
#766 = CARTESIAN_POINT('',(165.01808186279,-72.51499730727,
    52.456250329532));
#767 = CARTESIAN_POINT('',(164.94752660983,-71.17918782785,
    53.068292818675));
#768 = CARTESIAN_POINT('',(164.87686883674,-69.99234189066,
    52.792455315086));
#769 = CARTESIAN_POINT('',(164.73563312803,-68.66545356585,
    51.307666495903));
#770 = CARTESIAN_POINT('',(164.66497569848,-68.52423512859,
    50.097399166712));
#771 = CARTESIAN_POINT('',(164.59441920267,-69.28199254567,
    48.838516109912));
#772 = CARTESIAN_POINT('',(164.52371535996,-70.9036797068,
    48.260452615996));
#773 = CARTESIAN_POINT('',(164.4531230959,-72.74942325558,
    49.104031924473));
#774 = CARTESIAN_POINT('',(164.38254207506,-73.27190959877,
    51.065001327177));
#775 = CARTESIAN_POINT('',(164.3118283417,-72.4303710734,52.566946863507
    ));
#776 = CARTESIAN_POINT('',(164.24127945097,-71.06234541007,
    53.103126738635));
#777 = CARTESIAN_POINT('',(164.17061697734,-69.89283305388,
    52.761176434624));
#778 = CARTESIAN_POINT('',(164.10000194718,-69.27205892598,
    51.982750194473));
#779 = DEFINITIONAL_REPRESENTATION('',(#780),#832);
#780 = B_SPLINE_CURVE_WITH_KNOTS('',8,(#781,#782,#783,#784,#785,#786,
    #787,#788,#789,#790,#791,#792,#793,#794,#795,#796,#797,#798,#799,
    #800,#801,#802,#803,#804,#805,#806,#807,#808,#809,#810,#811,#812,
    #813,#814,#815,#816,#817,#818,#819,#820,#821,#822,#823,#824,#825,
    #826,#827,#828,#829,#830,#831),.UNSPECIFIED.,.F.,.F.,(9,7,7,7,7,7,7,
    9),(0.,0.18623479537,0.368785784885,0.476802876555,0.615052923432,
    0.766629766968,0.878392298534,1.),.UNSPECIFIED.);
#781 = CARTESIAN_POINT('',(0.158375282865,0.));
#782 = CARTESIAN_POINT('',(0.158376530427,0.147111763903));
#783 = CARTESIAN_POINT('',(0.15838729013,0.294497177981));
#784 = CARTESIAN_POINT('',(0.15841775505,0.441726324169));
#785 = CARTESIAN_POINT('',(0.158389166905,0.588859195731));
#786 = CARTESIAN_POINT('',(0.158365194145,0.735981653142));
#787 = CARTESIAN_POINT('',(0.158350159239,0.883208515378));
#788 = CARTESIAN_POINT('',(0.158349668385,1.030623245366));
#789 = CARTESIAN_POINT('',(0.15836434586,1.321932154579));
#790 = CARTESIAN_POINT('',(0.158379356136,1.466440369647));
#791 = CARTESIAN_POINT('',(0.158397303889,1.6107757234));
#792 = CARTESIAN_POINT('',(0.158406571647,1.75500379464));
#793 = CARTESIAN_POINT('',(0.158401698342,1.899217968746));
#794 = CARTESIAN_POINT('',(0.158391599595,2.043520811198));
#795 = CARTESIAN_POINT('',(0.158381541619,2.187994602789));
#796 = CARTESIAN_POINT('',(0.158370158068,2.417543725078));
#797 = CARTESIAN_POINT('',(0.15836711463,2.502890274048));
#798 = CARTESIAN_POINT('',(0.158365509485,2.588241530538));
#799 = CARTESIAN_POINT('',(0.158365362978,2.67359190867));
#800 = CARTESIAN_POINT('',(0.158366465844,2.758938450007));
#801 = CARTESIAN_POINT('',(0.158368379206,2.844280823552));
#802 = CARTESIAN_POINT('',(0.158370434577,2.929621325754));
#803 = CARTESIAN_POINT('',(0.158373396793,3.124195283416));
#804 = CARTESIAN_POINT('',(0.158374246257,3.233481288322));
#805 = CARTESIAN_POINT('',(0.158373245959,3.342735195423));
#806 = CARTESIAN_POINT('',(0.158370471192,3.451955084558));
#807 = CARTESIAN_POINT('',(0.158367105555,3.561180556055));
#808 = CARTESIAN_POINT('',(0.158364952841,3.670446812592));
#809 = CARTESIAN_POINT('',(0.158365464074,3.779737082053));
#810 = CARTESIAN_POINT('',(0.158371366764,4.008655802829));
#811 = CARTESIAN_POINT('',(0.158377296505,4.128509057406));
#812 = CARTESIAN_POINT('',(0.158385844408,4.248309339524));
#813 = CARTESIAN_POINT('',(0.158395331022,4.368064437187));
#814 = CARTESIAN_POINT('',(0.158401440332,4.487816738862));
#815 = CARTESIAN_POINT('',(0.158400816671,4.607610081125));
#816 = CARTESIAN_POINT('',(0.158394352534,4.727457750054));
#817 = CARTESIAN_POINT('',(0.158378242498,4.935470652653));
#818 = CARTESIAN_POINT('',(0.158369168833,5.023759166259));
#819 = CARTESIAN_POINT('',(0.158360473236,5.112053022949));
#820 = CARTESIAN_POINT('',(0.158354043871,5.200350166808));
#821 = CARTESIAN_POINT('',(0.158351042512,5.288647953182));
#822 = CARTESIAN_POINT('',(0.158351904543,5.376943148678));
#823 = CARTESIAN_POINT('',(0.158356338957,5.465231931167));
#824 = CARTESIAN_POINT('',(0.158370933459,5.649564260468));
#825 = CARTESIAN_POINT('',(0.158382528542,5.745640428676));
#826 = CARTESIAN_POINT('',(0.158392089899,5.841725862534));
#827 = CARTESIAN_POINT('',(0.158396132357,5.93781097578));
#828 = CARTESIAN_POINT('',(0.158393709273,6.033889127752));
#829 = CARTESIAN_POINT('',(0.158386412539,6.129956623392));
#830 = CARTESIAN_POINT('',(0.15837837258,6.226012713242));
#831 = CARTESIAN_POINT('',(0.158376258353,6.322059593448));
#832 = ( GEOMETRIC_REPRESENTATION_CONTEXT(2) 
PARAMETRIC_REPRESENTATION_CONTEXT() REPRESENTATION_CONTEXT('2D SPACE',''
  ) );
#833 = ORIENTED_EDGE('',*,*,#834,.F.);
#834 = EDGE_CURVE('',#113,#319,#835,.T.);
#835 = SEAM_CURVE('',#836,(#840,#847),.PCURVE_S1.);
#836 = LINE('',#837,#838);
#837 = CARTESIAN_POINT('',(175.75000005,-70.5,52.9635));
#838 = VECTOR('',#839,1.);
#839 = DIRECTION('',(-1.,0.,1.110223024625E-16));
#840 = PCURVE('',#129,#841);
#841 = DEFINITIONAL_REPRESENTATION('',(#842),#846);
#842 = LINE('',#843,#844);
#843 = CARTESIAN_POINT('',(0.,-0.));
#844 = VECTOR('',#845,1.);
#845 = DIRECTION('',(0.,1.));
#846 = ( GEOMETRIC_REPRESENTATION_CONTEXT(2) 
PARAMETRIC_REPRESENTATION_CONTEXT() REPRESENTATION_CONTEXT('2D SPACE',''
  ) );
#847 = PCURVE('',#129,#848);
#848 = DEFINITIONAL_REPRESENTATION('',(#849),#853);
#849 = LINE('',#850,#851);
#850 = CARTESIAN_POINT('',(6.28318530718,-0.));
#851 = VECTOR('',#852,1.);
#852 = DIRECTION('',(0.,1.));
#853 = ( GEOMETRIC_REPRESENTATION_CONTEXT(2) 
PARAMETRIC_REPRESENTATION_CONTEXT() REPRESENTATION_CONTEXT('2D SPACE',''
  ) );
#854 = ORIENTED_EDGE('',*,*,#112,.T.);
#855 = ORIENTED_EDGE('',*,*,#834,.T.);
#856 = ADVANCED_FACE('',(#857),#165,.T.);
#857 = FACE_BOUND('',#858,.T.);
#858 = EDGE_LOOP('',(#859,#860,#883,#911));
#859 = ORIENTED_EDGE('',*,*,#147,.T.);
#860 = ORIENTED_EDGE('',*,*,#861,.T.);
#861 = EDGE_CURVE('',#150,#862,#864,.T.);
#862 = VERTEX_POINT('',#863);
#863 = CARTESIAN_POINT('',(176.63000005,-69.25,51.725187836487));
#864 = SURFACE_CURVE('',#865,(#869,#876),.PCURVE_S1.);
#865 = LINE('',#866,#867);
#866 = CARTESIAN_POINT('',(177.96000005,-69.25,51.725187836487));
#867 = VECTOR('',#868,1.);
#868 = DIRECTION('',(-1.,0.,1.110223024625E-16));
#869 = PCURVE('',#165,#870);
#870 = DEFINITIONAL_REPRESENTATION('',(#871),#875);
#871 = LINE('',#872,#873);
#872 = CARTESIAN_POINT('',(0.,0.));
#873 = VECTOR('',#874,1.);
#874 = DIRECTION('',(0.,-1.));
#875 = ( GEOMETRIC_REPRESENTATION_CONTEXT(2) 
PARAMETRIC_REPRESENTATION_CONTEXT() REPRESENTATION_CONTEXT('2D SPACE',''
  ) );
#876 = PCURVE('',#193,#877);
#877 = DEFINITIONAL_REPRESENTATION('',(#878),#882);
#878 = LINE('',#879,#880);
#879 = CARTESIAN_POINT('',(1.443375672974,8.012344526598E-17));
#880 = VECTOR('',#881,1.);
#881 = DIRECTION('',(0.,-1.));
#882 = ( GEOMETRIC_REPRESENTATION_CONTEXT(2) 
PARAMETRIC_REPRESENTATION_CONTEXT() REPRESENTATION_CONTEXT('2D SPACE',''
  ) );
#883 = ORIENTED_EDGE('',*,*,#884,.T.);
#884 = EDGE_CURVE('',#862,#885,#887,.T.);
#885 = VERTEX_POINT('',#886);
#886 = CARTESIAN_POINT('',(176.63000005,-69.25,50.281812163513));
#887 = SURFACE_CURVE('',#888,(#892,#899),.PCURVE_S1.);
#888 = LINE('',#889,#890);
#889 = CARTESIAN_POINT('',(176.63000005,-69.25,51.725187836487));
#890 = VECTOR('',#891,1.);
#891 = DIRECTION('',(-1.110223024625E-16,1.538370149107E-16,-1.));
#892 = PCURVE('',#165,#893);
#893 = DEFINITIONAL_REPRESENTATION('',(#894),#898);
#894 = LINE('',#895,#896);
#895 = CARTESIAN_POINT('',(1.476596622751E-16,-1.33));
#896 = VECTOR('',#897,1.);
#897 = DIRECTION('',(1.,0.));
#898 = ( GEOMETRIC_REPRESENTATION_CONTEXT(2) 
PARAMETRIC_REPRESENTATION_CONTEXT() REPRESENTATION_CONTEXT('2D SPACE',''
  ) );
#899 = PCURVE('',#900,#905);
#900 = PLANE('',#901);
#901 = AXIS2_PLACEMENT_3D('',#902,#903,#904);
#902 = CARTESIAN_POINT('',(176.63000005,-70.5,51.0035));
#903 = DIRECTION('',(-1.,0.,1.110223024625E-16));
#904 = DIRECTION('',(1.110223024625E-16,0.,1.));
#905 = DEFINITIONAL_REPRESENTATION('',(#906),#910);
#906 = LINE('',#907,#908);
#907 = CARTESIAN_POINT('',(0.721687836487,1.25));
#908 = VECTOR('',#909,1.);
#909 = DIRECTION('',(-1.,1.538370149107E-16));
#910 = ( GEOMETRIC_REPRESENTATION_CONTEXT(2) 
PARAMETRIC_REPRESENTATION_CONTEXT() REPRESENTATION_CONTEXT('2D SPACE',''
  ) );
#911 = ORIENTED_EDGE('',*,*,#912,.F.);
#912 = EDGE_CURVE('',#148,#885,#913,.T.);
#913 = SURFACE_CURVE('',#914,(#918,#925),.PCURVE_S1.);
#914 = LINE('',#915,#916);
#915 = CARTESIAN_POINT('',(177.96000005,-69.25,50.281812163513));
#916 = VECTOR('',#917,1.);
#917 = DIRECTION('',(-1.,0.,1.110223024625E-16));
#918 = PCURVE('',#165,#919);
#919 = DEFINITIONAL_REPRESENTATION('',(#920),#924);
#920 = LINE('',#921,#922);
#921 = CARTESIAN_POINT('',(1.443375672974,1.60246890532E-16));
#922 = VECTOR('',#923,1.);
#923 = DIRECTION('',(0.,-1.));
#924 = ( GEOMETRIC_REPRESENTATION_CONTEXT(2) 
PARAMETRIC_REPRESENTATION_CONTEXT() REPRESENTATION_CONTEXT('2D SPACE',''
  ) );
#925 = PCURVE('',#303,#926);
#926 = DEFINITIONAL_REPRESENTATION('',(#927),#931);
#927 = LINE('',#928,#929);
#928 = CARTESIAN_POINT('',(-0.,0.));
#929 = VECTOR('',#930,1.);
#930 = DIRECTION('',(0.,-1.));
#931 = ( GEOMETRIC_REPRESENTATION_CONTEXT(2) 
PARAMETRIC_REPRESENTATION_CONTEXT() REPRESENTATION_CONTEXT('2D SPACE',''
  ) );
#932 = ADVANCED_FACE('',(#933),#303,.T.);
#933 = FACE_BOUND('',#934,.T.);
#934 = EDGE_LOOP('',(#935,#936,#937,#960));
#935 = ORIENTED_EDGE('',*,*,#289,.T.);
#936 = ORIENTED_EDGE('',*,*,#912,.T.);
#937 = ORIENTED_EDGE('',*,*,#938,.T.);
#938 = EDGE_CURVE('',#885,#939,#941,.T.);
#939 = VERTEX_POINT('',#940);
#940 = CARTESIAN_POINT('',(176.63000005,-70.5,49.560124327026));
#941 = SURFACE_CURVE('',#942,(#946,#953),.PCURVE_S1.);
#942 = LINE('',#943,#944);
#943 = CARTESIAN_POINT('',(176.63000005,-69.25,50.281812163513));
#944 = VECTOR('',#945,1.);
#945 = DIRECTION('',(-5.551115123126E-17,-0.866025403784,-0.5));
#946 = PCURVE('',#303,#947);
#947 = DEFINITIONAL_REPRESENTATION('',(#948),#952);
#948 = LINE('',#949,#950);
#949 = CARTESIAN_POINT('',(7.382983113757E-17,-1.33));
#950 = VECTOR('',#951,1.);
#951 = DIRECTION('',(1.,0.));
#952 = ( GEOMETRIC_REPRESENTATION_CONTEXT(2) 
PARAMETRIC_REPRESENTATION_CONTEXT() REPRESENTATION_CONTEXT('2D SPACE',''
  ) );
#953 = PCURVE('',#900,#954);
#954 = DEFINITIONAL_REPRESENTATION('',(#955),#959);
#955 = LINE('',#956,#957);
#956 = CARTESIAN_POINT('',(-0.721687836487,1.25));
#957 = VECTOR('',#958,1.);
#958 = DIRECTION('',(-0.5,-0.866025403784));
#959 = ( GEOMETRIC_REPRESENTATION_CONTEXT(2) 
PARAMETRIC_REPRESENTATION_CONTEXT() REPRESENTATION_CONTEXT('2D SPACE',''
  ) );
#960 = ORIENTED_EDGE('',*,*,#961,.F.);
#961 = EDGE_CURVE('',#262,#939,#962,.T.);
#962 = SURFACE_CURVE('',#963,(#967,#974),.PCURVE_S1.);
#963 = LINE('',#964,#965);
#964 = CARTESIAN_POINT('',(177.96000005,-70.5,49.560124327026));
#965 = VECTOR('',#966,1.);
#966 = DIRECTION('',(-1.,0.,1.110223024625E-16));
#967 = PCURVE('',#303,#968);
#968 = DEFINITIONAL_REPRESENTATION('',(#969),#973);
#969 = LINE('',#970,#971);
#970 = CARTESIAN_POINT('',(1.443375672974,8.012344526598E-17));
#971 = VECTOR('',#972,1.);
#972 = DIRECTION('',(0.,-1.));
#973 = ( GEOMETRIC_REPRESENTATION_CONTEXT(2) 
PARAMETRIC_REPRESENTATION_CONTEXT() REPRESENTATION_CONTEXT('2D SPACE',''
  ) );
#974 = PCURVE('',#277,#975);
#975 = DEFINITIONAL_REPRESENTATION('',(#976),#980);
#976 = LINE('',#977,#978);
#977 = CARTESIAN_POINT('',(0.,0.));
#978 = VECTOR('',#979,1.);
#979 = DIRECTION('',(0.,-1.));
#980 = ( GEOMETRIC_REPRESENTATION_CONTEXT(2) 
PARAMETRIC_REPRESENTATION_CONTEXT() REPRESENTATION_CONTEXT('2D SPACE',''
  ) );
#981 = ADVANCED_FACE('',(#982),#277,.T.);
#982 = FACE_BOUND('',#983,.T.);
#983 = EDGE_LOOP('',(#984,#985,#986,#1009));
#984 = ORIENTED_EDGE('',*,*,#261,.T.);
#985 = ORIENTED_EDGE('',*,*,#961,.T.);
#986 = ORIENTED_EDGE('',*,*,#987,.T.);
#987 = EDGE_CURVE('',#939,#988,#990,.T.);
#988 = VERTEX_POINT('',#989);
#989 = CARTESIAN_POINT('',(176.63000005,-71.75,50.281812163513));
#990 = SURFACE_CURVE('',#991,(#995,#1002),.PCURVE_S1.);
#991 = LINE('',#992,#993);
#992 = CARTESIAN_POINT('',(176.63000005,-70.5,49.560124327026));
#993 = VECTOR('',#994,1.);
#994 = DIRECTION('',(5.551115123126E-17,-0.866025403784,0.5));
#995 = PCURVE('',#277,#996);
#996 = DEFINITIONAL_REPRESENTATION('',(#997),#1001);
#997 = LINE('',#998,#999);
#998 = CARTESIAN_POINT('',(-7.382983113757E-17,-1.33));
#999 = VECTOR('',#1000,1.);
#1000 = DIRECTION('',(1.,0.));
#1001 = ( GEOMETRIC_REPRESENTATION_CONTEXT(2) 
PARAMETRIC_REPRESENTATION_CONTEXT() REPRESENTATION_CONTEXT('2D SPACE',''
  ) );
#1002 = PCURVE('',#900,#1003);
#1003 = DEFINITIONAL_REPRESENTATION('',(#1004),#1008);
#1004 = LINE('',#1005,#1006);
#1005 = CARTESIAN_POINT('',(-1.443375672974,0.));
#1006 = VECTOR('',#1007,1.);
#1007 = DIRECTION('',(0.5,-0.866025403784));
#1008 = ( GEOMETRIC_REPRESENTATION_CONTEXT(2) 
PARAMETRIC_REPRESENTATION_CONTEXT() REPRESENTATION_CONTEXT('2D SPACE',''
  ) );
#1009 = ORIENTED_EDGE('',*,*,#1010,.F.);
#1010 = EDGE_CURVE('',#234,#988,#1011,.T.);
#1011 = SURFACE_CURVE('',#1012,(#1016,#1023),.PCURVE_S1.);
#1012 = LINE('',#1013,#1014);
#1013 = CARTESIAN_POINT('',(177.96000005,-71.75,50.281812163513));
#1014 = VECTOR('',#1015,1.);
#1015 = DIRECTION('',(-1.,0.,1.110223024625E-16));
#1016 = PCURVE('',#277,#1017);
#1017 = DEFINITIONAL_REPRESENTATION('',(#1018),#1022);
#1018 = LINE('',#1019,#1020);
#1019 = CARTESIAN_POINT('',(1.443375672974,-8.012344526598E-17));
#1020 = VECTOR('',#1021,1.);
#1021 = DIRECTION('',(0.,-1.));
#1022 = ( GEOMETRIC_REPRESENTATION_CONTEXT(2) 
PARAMETRIC_REPRESENTATION_CONTEXT() REPRESENTATION_CONTEXT('2D SPACE',''
  ) );
#1023 = PCURVE('',#249,#1024);
#1024 = DEFINITIONAL_REPRESENTATION('',(#1025),#1029);
#1025 = LINE('',#1026,#1027);
#1026 = CARTESIAN_POINT('',(0.,0.));
#1027 = VECTOR('',#1028,1.);
#1028 = DIRECTION('',(0.,-1.));
#1029 = ( GEOMETRIC_REPRESENTATION_CONTEXT(2) 
PARAMETRIC_REPRESENTATION_CONTEXT() REPRESENTATION_CONTEXT('2D SPACE',''
  ) );
#1030 = ADVANCED_FACE('',(#1031),#249,.T.);
#1031 = FACE_BOUND('',#1032,.T.);
#1032 = EDGE_LOOP('',(#1033,#1034,#1035,#1058));
#1033 = ORIENTED_EDGE('',*,*,#233,.T.);
#1034 = ORIENTED_EDGE('',*,*,#1010,.T.);
#1035 = ORIENTED_EDGE('',*,*,#1036,.T.);
#1036 = EDGE_CURVE('',#988,#1037,#1039,.T.);
#1037 = VERTEX_POINT('',#1038);
#1038 = CARTESIAN_POINT('',(176.63000005,-71.75,51.725187836487));
#1039 = SURFACE_CURVE('',#1040,(#1044,#1051),.PCURVE_S1.);
#1040 = LINE('',#1041,#1042);
#1041 = CARTESIAN_POINT('',(176.63000005,-71.75,50.281812163513));
#1042 = VECTOR('',#1043,1.);
#1043 = DIRECTION('',(1.110223024625E-16,-4.615110447321E-16,1.));
#1044 = PCURVE('',#249,#1045);
#1045 = DEFINITIONAL_REPRESENTATION('',(#1046),#1050);
#1046 = LINE('',#1047,#1048);
#1047 = CARTESIAN_POINT('',(-1.476596622751E-16,-1.33));
#1048 = VECTOR('',#1049,1.);
#1049 = DIRECTION('',(1.,0.));
#1050 = ( GEOMETRIC_REPRESENTATION_CONTEXT(2) 
PARAMETRIC_REPRESENTATION_CONTEXT() REPRESENTATION_CONTEXT('2D SPACE',''
  ) );
#1051 = PCURVE('',#900,#1052);
#1052 = DEFINITIONAL_REPRESENTATION('',(#1053),#1057);
#1053 = LINE('',#1054,#1055);
#1054 = CARTESIAN_POINT('',(-0.721687836487,-1.25));
#1055 = VECTOR('',#1056,1.);
#1056 = DIRECTION('',(1.,-4.615110447321E-16));
#1057 = ( GEOMETRIC_REPRESENTATION_CONTEXT(2) 
PARAMETRIC_REPRESENTATION_CONTEXT() REPRESENTATION_CONTEXT('2D SPACE',''
  ) );
#1058 = ORIENTED_EDGE('',*,*,#1059,.F.);
#1059 = EDGE_CURVE('',#206,#1037,#1060,.T.);
#1060 = SURFACE_CURVE('',#1061,(#1065,#1072),.PCURVE_S1.);
#1061 = LINE('',#1062,#1063);
#1062 = CARTESIAN_POINT('',(177.96000005,-71.75,51.725187836487));
#1063 = VECTOR('',#1064,1.);
#1064 = DIRECTION('',(-1.,0.,1.110223024625E-16));
#1065 = PCURVE('',#249,#1066);
#1066 = DEFINITIONAL_REPRESENTATION('',(#1067),#1071);
#1067 = LINE('',#1068,#1069);
#1068 = CARTESIAN_POINT('',(1.443375672974,-1.60246890532E-16));
#1069 = VECTOR('',#1070,1.);
#1070 = DIRECTION('',(0.,-1.));
#1071 = ( GEOMETRIC_REPRESENTATION_CONTEXT(2) 
PARAMETRIC_REPRESENTATION_CONTEXT() REPRESENTATION_CONTEXT('2D SPACE',''
  ) );
#1072 = PCURVE('',#221,#1073);
#1073 = DEFINITIONAL_REPRESENTATION('',(#1074),#1078);
#1074 = LINE('',#1075,#1076);
#1075 = CARTESIAN_POINT('',(0.,0.));
#1076 = VECTOR('',#1077,1.);
#1077 = DIRECTION('',(0.,-1.));
#1078 = ( GEOMETRIC_REPRESENTATION_CONTEXT(2) 
PARAMETRIC_REPRESENTATION_CONTEXT() REPRESENTATION_CONTEXT('2D SPACE',''
  ) );
#1079 = ADVANCED_FACE('',(#1080),#221,.T.);
#1080 = FACE_BOUND('',#1081,.T.);
#1081 = EDGE_LOOP('',(#1082,#1083,#1084,#1107));
#1082 = ORIENTED_EDGE('',*,*,#205,.T.);
#1083 = ORIENTED_EDGE('',*,*,#1059,.T.);
#1084 = ORIENTED_EDGE('',*,*,#1085,.T.);
#1085 = EDGE_CURVE('',#1037,#1086,#1088,.T.);
#1086 = VERTEX_POINT('',#1087);
#1087 = CARTESIAN_POINT('',(176.63000005,-70.5,52.446875672974));
#1088 = SURFACE_CURVE('',#1089,(#1093,#1100),.PCURVE_S1.);
#1089 = LINE('',#1090,#1091);
#1090 = CARTESIAN_POINT('',(176.63000005,-71.75,51.725187836487));
#1091 = VECTOR('',#1092,1.);
#1092 = DIRECTION('',(5.551115123126E-17,0.866025403784,0.5));
#1093 = PCURVE('',#221,#1094);
#1094 = DEFINITIONAL_REPRESENTATION('',(#1095),#1099);
#1095 = LINE('',#1096,#1097);
#1096 = CARTESIAN_POINT('',(-7.382983113757E-17,-1.33));
#1097 = VECTOR('',#1098,1.);
#1098 = DIRECTION('',(1.,0.));
#1099 = ( GEOMETRIC_REPRESENTATION_CONTEXT(2) 
PARAMETRIC_REPRESENTATION_CONTEXT() REPRESENTATION_CONTEXT('2D SPACE',''
  ) );
#1100 = PCURVE('',#900,#1101);
#1101 = DEFINITIONAL_REPRESENTATION('',(#1102),#1106);
#1102 = LINE('',#1103,#1104);
#1103 = CARTESIAN_POINT('',(0.721687836487,-1.25));
#1104 = VECTOR('',#1105,1.);
#1105 = DIRECTION('',(0.5,0.866025403784));
#1106 = ( GEOMETRIC_REPRESENTATION_CONTEXT(2) 
PARAMETRIC_REPRESENTATION_CONTEXT() REPRESENTATION_CONTEXT('2D SPACE',''
  ) );
#1107 = ORIENTED_EDGE('',*,*,#1108,.F.);
#1108 = EDGE_CURVE('',#178,#1086,#1109,.T.);
#1109 = SURFACE_CURVE('',#1110,(#1114,#1121),.PCURVE_S1.);
#1110 = LINE('',#1111,#1112);
#1111 = CARTESIAN_POINT('',(177.96000005,-70.5,52.446875672974));
#1112 = VECTOR('',#1113,1.);
#1113 = DIRECTION('',(-1.,0.,1.110223024625E-16));
#1114 = PCURVE('',#221,#1115);
#1115 = DEFINITIONAL_REPRESENTATION('',(#1116),#1120);
#1116 = LINE('',#1117,#1118);
#1117 = CARTESIAN_POINT('',(1.443375672974,-8.012344526598E-17));
#1118 = VECTOR('',#1119,1.);
#1119 = DIRECTION('',(0.,-1.));
#1120 = ( GEOMETRIC_REPRESENTATION_CONTEXT(2) 
PARAMETRIC_REPRESENTATION_CONTEXT() REPRESENTATION_CONTEXT('2D SPACE',''
  ) );
#1121 = PCURVE('',#193,#1122);
#1122 = DEFINITIONAL_REPRESENTATION('',(#1123),#1127);
#1123 = LINE('',#1124,#1125);
#1124 = CARTESIAN_POINT('',(0.,0.));
#1125 = VECTOR('',#1126,1.);
#1126 = DIRECTION('',(0.,-1.));
#1127 = ( GEOMETRIC_REPRESENTATION_CONTEXT(2) 
PARAMETRIC_REPRESENTATION_CONTEXT() REPRESENTATION_CONTEXT('2D SPACE',''
  ) );
#1128 = ADVANCED_FACE('',(#1129),#193,.T.);
#1129 = FACE_BOUND('',#1130,.T.);
#1130 = EDGE_LOOP('',(#1131,#1132,#1133,#1154));
#1131 = ORIENTED_EDGE('',*,*,#177,.T.);
#1132 = ORIENTED_EDGE('',*,*,#1108,.T.);
#1133 = ORIENTED_EDGE('',*,*,#1134,.T.);
#1134 = EDGE_CURVE('',#1086,#862,#1135,.T.);
#1135 = SURFACE_CURVE('',#1136,(#1140,#1147),.PCURVE_S1.);
#1136 = LINE('',#1137,#1138);
#1137 = CARTESIAN_POINT('',(176.63000005,-70.5,52.446875672974));
#1138 = VECTOR('',#1139,1.);
#1139 = DIRECTION('',(-5.551115123126E-17,0.866025403784,-0.5));
#1140 = PCURVE('',#193,#1141);
#1141 = DEFINITIONAL_REPRESENTATION('',(#1142),#1146);
#1142 = LINE('',#1143,#1144);
#1143 = CARTESIAN_POINT('',(7.382983113757E-17,-1.33));
#1144 = VECTOR('',#1145,1.);
#1145 = DIRECTION('',(1.,0.));
#1146 = ( GEOMETRIC_REPRESENTATION_CONTEXT(2) 
PARAMETRIC_REPRESENTATION_CONTEXT() REPRESENTATION_CONTEXT('2D SPACE',''
  ) );
#1147 = PCURVE('',#900,#1148);
#1148 = DEFINITIONAL_REPRESENTATION('',(#1149),#1153);
#1149 = LINE('',#1150,#1151);
#1150 = CARTESIAN_POINT('',(1.443375672974,0.));
#1151 = VECTOR('',#1152,1.);
#1152 = DIRECTION('',(-0.5,0.866025403784));
#1153 = ( GEOMETRIC_REPRESENTATION_CONTEXT(2) 
PARAMETRIC_REPRESENTATION_CONTEXT() REPRESENTATION_CONTEXT('2D SPACE',''
  ) );
#1154 = ORIENTED_EDGE('',*,*,#861,.F.);
#1155 = ADVANCED_FACE('',(#1156),#364,.T.);
#1156 = FACE_BOUND('',#1157,.T.);
#1157 = EDGE_LOOP('',(#1158,#1639,#1667,#1832));
#1158 = ORIENTED_EDGE('',*,*,#1159,.T.);
#1159 = EDGE_CURVE('',#321,#1160,#1162,.T.);
#1160 = VERTEX_POINT('',#1161);
#1161 = CARTESIAN_POINT('',(174.49404560335,-70.5,52.9635));
#1162 = SURFACE_CURVE('',#1163,(#1222,#1284),.PCURVE_S1.);
#1163 = B_SPLINE_CURVE_WITH_KNOTS('',8,(#1164,#1165,#1166,#1167,#1168,
    #1169,#1170,#1171,#1172,#1173,#1174,#1175,#1176,#1177,#1178,#1179,
    #1180,#1181,#1182,#1183,#1184,#1185,#1186,#1187,#1188,#1189,#1190,
    #1191,#1192,#1193,#1194,#1195,#1196,#1197,#1198,#1199,#1200,#1201,
    #1202,#1203,#1204,#1205,#1206,#1207,#1208,#1209,#1210,#1211,#1212,
    #1213,#1214,#1215,#1216,#1217,#1218,#1219,#1220,#1221),
  .UNSPECIFIED.,.F.,.F.,(9,7,7,7,7,7,7,7,9),(0.,0.117365691042,
    0.226064731856,0.337425267025,0.534002345343,0.640969057928,
    0.765046769541,0.891855013785,1.),.UNSPECIFIED.);
#1164 = CARTESIAN_POINT('',(175.19404551051,-70.5,52.9635));
#1165 = CARTESIAN_POINT('',(175.18378013465,-70.31940622091,52.9635));
#1166 = CARTESIAN_POINT('',(175.17351241487,-70.13870878729,
    52.94448287841));
#1167 = CARTESIAN_POINT('',(175.16324892872,-69.96037830148,
    52.90641134449));
#1168 = CARTESIAN_POINT('',(175.15298504768,-69.78677655162,
    52.849668218014));
#1169 = CARTESIAN_POINT('',(175.14271814112,-69.62014183918,
    52.774960027503));
#1170 = CARTESIAN_POINT('',(175.13244830906,-69.46258520289,
    52.68328283744));
#1171 = CARTESIAN_POINT('',(175.12217600559,-69.31607268235,
    52.575929330498));
#1172 = CARTESIAN_POINT('',(175.10239420004,-69.05853796338,
    52.342068539246));
#1173 = CARTESIAN_POINT('',(175.09288155567,-68.94563502104,
    52.217485887819));
#1174 = CARTESIAN_POINT('',(175.08336978473,-68.84509470957,
    52.08209981719));
#1175 = CARTESIAN_POINT('',(175.07385999005,-68.75812570511,
    51.937357479892));
#1176 = CARTESIAN_POINT('',(175.06435257438,-68.68571058822,
    51.784821580401));
#1177 = CARTESIAN_POINT('',(175.05484724047,-68.62860584383,
    51.626170375136));
#1178 = CARTESIAN_POINT('',(175.04534299098,-68.58734186126,
    51.463197672457));
#1179 = CARTESIAN_POINT('',(175.02610053974,-68.53648897069,
    51.128378547597));
#1180 = CARTESIAN_POINT('',(175.01636152949,-68.52769086345,
    50.956302929279));
#1181 = CARTESIAN_POINT('',(175.00662093961,-68.53612402085,
    50.783667436565));
#1182 = CARTESIAN_POINT('',(174.99687881921,-68.5618092386,
    50.612496555753));
#1183 = CARTESIAN_POINT('',(174.98713542469,-68.60449269982,
    50.444757800585));
#1184 = CARTESIAN_POINT('',(174.97739121975,-68.66364597503,
    50.282361712251));
#1185 = CARTESIAN_POINT('',(174.9676468754,-68.73846602216,
    50.127161859386));
#1186 = CARTESIAN_POINT('',(174.94070355469,-68.98570302275,
    49.722865659202));
#1187 = CARTESIAN_POINT('',(174.9234571091,-69.1894854432,
    49.491919141607));
#1188 = CARTESIAN_POINT('',(174.90624224717,-69.43320435968,
    49.298903237064));
#1189 = CARTESIAN_POINT('',(174.88904669629,-69.70820894328,
    49.151266340127));
#1190 = CARTESIAN_POINT('',(174.87185264639,-70.0049528943,
    49.054492479942));
#1191 = CARTESIAN_POINT('',(174.8546414655,-70.31287387858,
    49.011701304554));
#1192 = CARTESIAN_POINT('',(174.83740083402,-70.62058406915,
    49.023964511589));
#1193 = CARTESIAN_POINT('',(174.81084843143,-71.07702444829,
    49.12314474544));
#1194 = CARTESIAN_POINT('',(174.8014891057,-71.23458912198,
    49.173564167703));
#1195 = CARTESIAN_POINT('',(174.79212895467,-71.38704897928,
    49.239040104667));
#1196 = CARTESIAN_POINT('',(174.78276915568,-71.53271081988,
    49.318958266011));
#1197 = CARTESIAN_POINT('',(174.77341044423,-71.67001133058,
    49.412502556718));
#1198 = CARTESIAN_POINT('',(174.76405311396,-71.79751708518,
    49.518655077072));
#1199 = CARTESIAN_POINT('',(174.7546970167,-71.91392454456,
    49.636196122666));
#1200 = CARTESIAN_POINT('',(174.73448955687,-72.13885367296,
    49.911609155284));
#1201 = CARTESIAN_POINT('',(174.72363669148,-72.24322956048,
    50.073069163902));
#1202 = CARTESIAN_POINT('',(174.71278251125,-72.3293563733,
    50.245784153387));
#1203 = CARTESIAN_POINT('',(174.7019268582,-72.39581784505,
    50.427328440116));
#1204 = CARTESIAN_POINT('',(174.69106987136,-72.44161278893,
    50.615150713709));
#1205 = CARTESIAN_POINT('',(174.68021198678,-72.4661550977,
    50.806574037028));
#1206 = CARTESIAN_POINT('',(174.66935393753,-72.46927374367,
    50.998795846171));
#1207 = CARTESIAN_POINT('',(174.64740063981,-72.43275435273,
    51.383163341914));
#1208 = CARTESIAN_POINT('',(174.63630108058,-72.39214634053,
    51.575461726637));
#1209 = CARTESIAN_POINT('',(174.62520075824,-72.32972906444,
    51.762655083576));
#1210 = CARTESIAN_POINT('',(174.61410165189,-72.24625832251,
    51.941840152549));
#1211 = CARTESIAN_POINT('',(174.60300503758,-72.14290538854,
    52.110338434255));
#1212 = CARTESIAN_POINT('',(174.59191148827,-72.02125701201,
    52.265696190284));
#1213 = CARTESIAN_POINT('',(174.58082087381,-71.88331541817,
    52.40568444311));
#1214 = CARTESIAN_POINT('',(174.56027582233,-71.60202518584,
    52.632867468927));
#1215 = CARTESIAN_POINT('',(174.55081573378,-71.46234540373,
    52.724911423085));
#1216 = CARTESIAN_POINT('',(174.54135519425,-71.31394969044,
    52.803221569212));
#1217 = CARTESIAN_POINT('',(174.53189477892,-71.15843849828,
    52.866835963173));
#1218 = CARTESIAN_POINT('',(174.52243375479,-70.997502569,
    52.915035458957));
#1219 = CARTESIAN_POINT('',(174.51297129621,-70.8329034996,
    52.947339181582));
#1220 = CARTESIAN_POINT('',(174.50350770047,-70.66645430821,52.9635));
#1221 = CARTESIAN_POINT('',(174.49404560335,-70.5,52.9635));
#1222 = PCURVE('',#364,#1223);
#1223 = DEFINITIONAL_REPRESENTATION('',(#1224),#1283);
#1224 = B_SPLINE_CURVE_WITH_KNOTS('',8,(#1225,#1226,#1227,#1228,#1229,
    #1230,#1231,#1232,#1233,#1234,#1235,#1236,#1237,#1238,#1239,#1240,
    #1241,#1242,#1243,#1244,#1245,#1246,#1247,#1248,#1249,#1250,#1251,
    #1252,#1253,#1254,#1255,#1256,#1257,#1258,#1259,#1260,#1261,#1262,
    #1263,#1264,#1265,#1266,#1267,#1268,#1269,#1270,#1271,#1272,#1273,
    #1274,#1275,#1276,#1277,#1278,#1279,#1280,#1281,#1282),
  .UNSPECIFIED.,.F.,.F.,(9,7,7,7,7,7,7,7,9),(0.,0.117365691042,
    0.226064731856,0.337425267025,0.534002345343,0.640969057928,
    0.765046769541,0.891855013785,1.),.UNSPECIFIED.);
#1225 = CARTESIAN_POINT('',(0.,0.555954539487));
#1226 = CARTESIAN_POINT('',(9.213968320889E-02,0.566219915345));
#1227 = CARTESIAN_POINT('',(0.184332227703,0.576487635126));
#1228 = CARTESIAN_POINT('',(0.276509281887,0.586751121279));
#1229 = CARTESIAN_POINT('',(0.368662948689,0.597015002319));
#1230 = CARTESIAN_POINT('',(0.460805345742,0.607281908871));
#1231 = CARTESIAN_POINT('',(0.552952743733,0.617551740933));
#1232 = CARTESIAN_POINT('',(0.645113431128,0.627824044409));
#1233 = CARTESIAN_POINT('',(0.822599198779,0.647605849957));
#1234 = CARTESIAN_POINT('',(0.907952962202,0.657118494328));
#1235 = CARTESIAN_POINT('',(0.993311601832,0.666630265265));
#1236 = CARTESIAN_POINT('',(1.078669456338,0.67614005995));
#1237 = CARTESIAN_POINT('',(1.164023344978,0.685647475613));
#1238 = CARTESIAN_POINT('',(1.249372567594,0.695152809528));
#1239 = CARTESIAN_POINT('',(1.334718904616,0.704657059012));
#1240 = CARTESIAN_POINT('',(1.507504066944,0.723899510256));
#1241 = CARTESIAN_POINT('',(1.594951900407,0.73363852051));
#1242 = CARTESIAN_POINT('',(1.682405416634,0.743379110389));
#1243 = CARTESIAN_POINT('',(1.769860670402,0.753121230788));
#1244 = CARTESIAN_POINT('',(1.857314472081,0.762864625306));
#1245 = CARTESIAN_POINT('',(1.944764387635,0.772608830241));
#1246 = CARTESIAN_POINT('',(2.032208738623,0.782353174592));
#1247 = CARTESIAN_POINT('',(2.273994636977,0.809296495309));
#1248 = CARTESIAN_POINT('',(2.428758694957,0.826542940896));
#1249 = CARTESIAN_POINT('',(2.583258012141,0.843757802827));
#1250 = CARTESIAN_POINT('',(2.737624130722,0.860953353702));
#1251 = CARTESIAN_POINT('',(2.891987831448,0.878147403605));
#1252 = CARTESIAN_POINT('',(3.046482530834,0.895358584492));
#1253 = CARTESIAN_POINT('',(3.201224705061,0.91259921598));
#1254 = CARTESIAN_POINT('',(3.439536732609,0.939151618562));
#1255 = CARTESIAN_POINT('',(3.523535866692,0.948510944299));
#1256 = CARTESIAN_POINT('',(3.60754406376,0.957871095326));
#1257 = CARTESIAN_POINT('',(3.691553582129,0.967230894311));
#1258 = CARTESIAN_POINT('',(3.775559514906,0.976589605765));
#1259 = CARTESIAN_POINT('',(3.859559789989,0.985946936032));
#1260 = CARTESIAN_POINT('',(3.943555170069,0.995303033295));
#1261 = CARTESIAN_POINT('',(4.124979502664,1.015510493122));
#1262 = CARTESIAN_POINT('',(4.222425465987,1.026363358511));
#1263 = CARTESIAN_POINT('',(4.319881460915,1.037217538741));
#1264 = CARTESIAN_POINT('',(4.417341851823,1.048073191795));
#1265 = CARTESIAN_POINT('',(4.514801049138,1.058930178638));
#1266 = CARTESIAN_POINT('',(4.612253509345,1.069788063219));
#1267 = CARTESIAN_POINT('',(4.70969373498,1.080646112468));
#1268 = CARTESIAN_POINT('',(4.90668275634,1.102599410187));
#1269 = CARTESIAN_POINT('',(5.006267252519,1.113698969411));
#1270 = CARTESIAN_POINT('',(5.105862713164,1.124799291759));
#1271 = CARTESIAN_POINT('',(5.205462682413,1.135898398106));
#1272 = CARTESIAN_POINT('',(5.305061298553,1.146995012414));
#1273 = CARTESIAN_POINT('',(5.40465329402,1.158088561728));
#1274 = CARTESIAN_POINT('',(5.504233995397,1.169179176183));
#1275 = CARTESIAN_POINT('',(5.688710924313,1.189724227668));
#1276 = CARTESIAN_POINT('',(5.773658359299,1.199184316219));
#1277 = CARTESIAN_POINT('',(5.85859717726,1.208644855744));
#1278 = CARTESIAN_POINT('',(5.94351609582,1.218105271072));
#1279 = CARTESIAN_POINT('',(6.028423738359,1.227566295207));
#1280 = CARTESIAN_POINT('',(6.113335371018,1.237028753787));
#1281 = CARTESIAN_POINT('',(6.198259639721,1.246492349522));
#1282 = CARTESIAN_POINT('',(6.28318530718,1.255954446646));
#1283 = ( GEOMETRIC_REPRESENTATION_CONTEXT(2) 
PARAMETRIC_REPRESENTATION_CONTEXT() REPRESENTATION_CONTEXT('2D SPACE',''
  ) );
#1284 = PCURVE('',#1285,#1578);
#1285 = B_SPLINE_SURFACE_WITH_KNOTS('',1,10,(
    (#1286,#1287,#1288,#1289,#1290,#1291,#1292,#1293,#1294,#1295,#1296
      ,#1297,#1298,#1299,#1300,#1301,#1302,#1303,#1304,#1305,#1306,#1307
      ,#1308,#1309,#1310,#1311,#1312,#1313,#1314,#1315,#1316,#1317,#1318
      ,#1319,#1320,#1321,#1322,#1323,#1324,#1325,#1326,#1327,#1328,#1329
      ,#1330,#1331,#1332,#1333,#1334,#1335,#1336,#1337,#1338,#1339,#1340
      ,#1341,#1342,#1343,#1344,#1345,#1346,#1347,#1348,#1349,#1350,#1351
      ,#1352,#1353,#1354,#1355,#1356,#1357,#1358,#1359,#1360,#1361,#1362
      ,#1363,#1364,#1365,#1366,#1367,#1368,#1369,#1370,#1371,#1372,#1373
      ,#1374,#1375,#1376,#1377,#1378,#1379,#1380,#1381,#1382,#1383,#1384
      ,#1385,#1386,#1387,#1388,#1389,#1390,#1391,#1392,#1393,#1394,#1395
      ,#1396,#1397,#1398,#1399,#1400,#1401,#1402,#1403,#1404,#1405,#1406
      ,#1407,#1408,#1409,#1410,#1411,#1412,#1413,#1414,#1415,#1416,#1417
      ,#1418,#1419,#1420,#1421,#1422,#1423,#1424,#1425,#1426,#1427,#1428
      ,#1429,#1430,#1431)
    ,(#1432,#1433,#1434,#1435,#1436,#1437,#1438,#1439,#1440,#1441,#1442
      ,#1443,#1444,#1445,#1446,#1447,#1448,#1449,#1450,#1451,#1452,#1453
      ,#1454,#1455,#1456,#1457,#1458,#1459,#1460,#1461,#1462,#1463,#1464
      ,#1465,#1466,#1467,#1468,#1469,#1470,#1471,#1472,#1473,#1474,#1475
      ,#1476,#1477,#1478,#1479,#1480,#1481,#1482,#1483,#1484,#1485,#1486
      ,#1487,#1488,#1489,#1490,#1491,#1492,#1493,#1494,#1495,#1496,#1497
      ,#1498,#1499,#1500,#1501,#1502,#1503,#1504,#1505,#1506,#1507,#1508
      ,#1509,#1510,#1511,#1512,#1513,#1514,#1515,#1516,#1517,#1518,#1519
      ,#1520,#1521,#1522,#1523,#1524,#1525,#1526,#1527,#1528,#1529,#1530
      ,#1531,#1532,#1533,#1534,#1535,#1536,#1537,#1538,#1539,#1540,#1541
      ,#1542,#1543,#1544,#1545,#1546,#1547,#1548,#1549,#1550,#1551,#1552
      ,#1553,#1554,#1555,#1556,#1557,#1558,#1559,#1560,#1561,#1562,#1563
      ,#1564,#1565,#1566,#1567,#1568,#1569,#1570,#1571,#1572,#1573,#1574
      ,#1575,#1576,#1577
    )),.UNSPECIFIED.,.F.,.F.,.F.,(2,2),(11,9,9,9,9,9,9,9,9,9,9,9,9,9,9,9
    ,11),(0.,0.598889910268),(0.,6.378504966297,12.757009932594,
    19.13551489889,25.514019865187,31.892524831484,38.271029797781,
    44.649534764078,51.028039730375,57.406544696672,63.785049662968,
    70.163554629265,76.542059595562,82.920564561859,89.299069528156,
    95.677574494453,102.05607946074),.UNSPECIFIED.);
#1286 = CARTESIAN_POINT('',(175.40000005,-70.5,52.5740955));
#1287 = CARTESIAN_POINT('',(175.32938501982,-69.50435552067,
    52.574095498592));
#1288 = CARTESIAN_POINT('',(175.25872254622,-68.50782902749,
    51.872936379461));
#1289 = CARTESIAN_POINT('',(175.18817365544,-68.07408137883,
    50.469068134082));
#1290 = CARTESIAN_POINT('',(175.11745992216,-68.72365910291,
    48.874679139719));
#1291 = CARTESIAN_POINT('',(175.04687890123,-70.58257167951,
    48.060531112913));
#1292 = CARTESIAN_POINT('',(174.97628663725,-72.3929107586,
    48.977628553962));
#1293 = CARTESIAN_POINT('',(174.90558279449,-72.95206781742,
    50.60593136183));
#1294 = CARTESIAN_POINT('',(174.83502629869,-72.44028734001,
    51.983270680068));
#1295 = CARTESIAN_POINT('',(174.76436886915,-71.40601394104,
    52.627450927459));
#1296 = CARTESIAN_POINT('',(174.62313316042,-69.41785796617,
    52.515798414361));
#1297 = CARTESIAN_POINT('',(174.55247538738,-68.46221323448,
    51.759866701846));
#1298 = CARTESIAN_POINT('',(174.48192013429,-68.1078638294,
    50.333886522421));
#1299 = CARTESIAN_POINT('',(174.41121349182,-68.84581735265,
    48.778427970389));
#1300 = CARTESIAN_POINT('',(174.34062594901,-70.74745552677,
    48.069790753386));
#1301 = CARTESIAN_POINT('',(174.27003859822,-72.50352426753,
    49.086951993907));
#1302 = CARTESIAN_POINT('',(174.19933178684,-72.9705021692,
    50.744045341493));
#1303 = CARTESIAN_POINT('',(174.12877666363,-72.38229870835,
    52.09052210156));
#1304 = CARTESIAN_POINT('',(174.05811880445,-71.31353296236,
    52.675696758578));
#1305 = CARTESIAN_POINT('',(173.91688319217,-69.33476512553,
    52.452743101665));
#1306 = CARTESIAN_POINT('',(173.84622533886,-68.4230092335,
    51.644417181383));
#1307 = CARTESIAN_POINT('',(173.77567019442,-68.14917262588,
    50.200811803859));
#1308 = CARTESIAN_POINT('',(173.70496343086,-68.97318047521,
    48.689177658926));
#1309 = CARTESIAN_POINT('',(173.63437599943,-70.91156062014,
    48.088280963198));
#1310 = CARTESIAN_POINT('',(173.56378856473,-72.60783405897,
    49.202305579897));
#1311 = CARTESIAN_POINT('',(173.49308180405,-72.98116335006,
    50.882975673337));
#1312 = CARTESIAN_POINT('',(173.4225266574,-72.31838768925,
    52.194353345074));
#1313 = CARTESIAN_POINT('',(173.35186880555,-71.21849230434,
    52.718681240801));
#1314 = CARTESIAN_POINT('',(173.21063319163,-69.2553385467,
    52.38512793363));
#1315 = CARTESIAN_POINT('',(173.13997533968,-68.39034021113,
    51.526951098919));
#1316 = CARTESIAN_POINT('',(173.06942019341,-68.19787799841,
    50.070262638624));
#1317 = CARTESIAN_POINT('',(172.99871343188,-69.10534753341,
    48.607209062477));
#1318 = CARTESIAN_POINT('',(172.9281259986,-71.07437079438,
    48.115943530039));
#1319 = CARTESIAN_POINT('',(172.85753856528,-72.70551182276,
    49.3233263903));
#1320 = CARTESIAN_POINT('',(172.78683180377,-72.98401787405,
    51.022285219103));
#1321 = CARTESIAN_POINT('',(172.71627665749,-72.24875534939,
    52.294437723463));
#1322 = CARTESIAN_POINT('',(172.64561880553,-71.12119100377,
    52.756269128273));
#1323 = CARTESIAN_POINT('',(172.50438319164,-69.17982813326,
    52.313165652969));
#1324 = CARTESIAN_POINT('',(172.43372533967,-68.36430895901,
    51.407838045631));
#1325 = CARTESIAN_POINT('',(172.36317019343,-68.2538266984,
    49.942649783404));
#1326 = CARTESIAN_POINT('',(172.29246343185,-69.24190268431,
    48.532780083849));
#1327 = CARTESIAN_POINT('',(172.22187599863,-71.23537378556,
    48.152691417837));
#1328 = CARTESIAN_POINT('',(172.15128856525,-72.79625023042,
    49.449633648477));
#1329 = CARTESIAN_POINT('',(172.08058180379,-72.97905675879,
    51.161535659623));
#1330 = CARTESIAN_POINT('',(172.01002665749,-72.17362077823,
    52.390460334172));
#1331 = CARTESIAN_POINT('',(171.93936880554,-71.02193520649,
    52.788342155604));
#1332 = CARTESIAN_POINT('',(171.79813319164,-69.10847146892,
    52.237082679634));
#1333 = CARTESIAN_POINT('',(171.72747533968,-68.34499738103,
    51.287452795263));
#1334 = CARTESIAN_POINT('',(171.6569201934,-68.3168426906,
    49.818374755435));
#1335 = CARTESIAN_POINT('',(171.58621343191,-69.38241627481,
    48.466124904164));
#1336 = CARTESIAN_POINT('',(171.51562599856,-71.39406301876,
    48.198409004123));
#1337 = CARTESIAN_POINT('',(171.44503856531,-72.87976378531,
    49.580829945077));
#1338 = CARTESIAN_POINT('',(171.37433180375,-72.96629561382,
    51.300288861488));
#1339 = CARTESIAN_POINT('',(171.3037766575,-72.09322037692,
    52.482119054545));
#1340 = CARTESIAN_POINT('',(171.23311880553,-70.92103720795,
    52.814799409187));
#1341 = CARTESIAN_POINT('',(171.09188319164,-69.04149306815,
    52.157118398807));
#1342 = CARTESIAN_POINT('',(171.02122533967,-68.33246623856,
    51.166174124347));
#1343 = CARTESIAN_POINT('',(170.95067019341,-68.38672770338,
    49.697828569945));
#1344 = CARTESIAN_POINT('',(170.87996343188,-69.52644619718,
    48.407453245263));
#1345 = CARTESIAN_POINT('',(170.80937599859,-71.54993919893,
    48.252952444471));
#1346 = CARTESIAN_POINT('',(170.73878856529,-72.95578972291,
    49.716502488005));
#1347 = CARTESIAN_POINT('',(170.66808180377,-72.9457745904,
    51.438108255794));
#1348 = CARTESIAN_POINT('',(170.5975266575,-72.00780711486,
    52.569125492336));
#1349 = CARTESIAN_POINT('',(170.52686880553,-70.81881447058,
    52.835557644711));
#1350 = CARTESIAN_POINT('',(170.38563319164,-68.97910366979,
    52.0735244077));
#1351 = CARTESIAN_POINT('',(170.31497533968,-68.32675495921,
    51.044383620451));
#1352 = CARTESIAN_POINT('',(170.24442019341,-68.46326185265,
    49.581390509827));
#1353 = CARTESIAN_POINT('',(170.17371343188,-69.67353927998,
    48.356949709896));
#1354 = CARTESIAN_POINT('',(170.1031259986,-71.70251188193,
    48.316150125035));
#1355 = CARTESIAN_POINT('',(170.03253856528,-73.02408883749,
    49.856224401246));
#1356 = CARTESIAN_POINT('',(169.96183180377,-72.91755825527,
    51.574560211739));
#1357 = CARTESIAN_POINT('',(169.89127665749,-71.91764973379,
    52.651205893101));
#1358 = CARTESIAN_POINT('',(169.82061880554,-70.71558862494,
    52.850551549089));
#1359 = CARTESIAN_POINT('',(169.67938319164,-68.92149957396,
    51.986563723936));
#1360 = CARTESIAN_POINT('',(169.60872533968,-68.32788151279,
    50.922464481561));
#1361 = CARTESIAN_POINT('',(169.53817019341,-68.54620433365,
    49.469426932292));
#1362 = CARTESIAN_POINT('',(169.46746343189,-69.82323271398,
    48.314773200873));
#1363 = CARTESIAN_POINT('',(169.39687599858,-71.85130101767,
    48.387803202528));
#1364 = CARTESIAN_POINT('',(169.3262885653,-73.08444623476,
    49.999556067973));
#1365 = CARTESIAN_POINT('',(169.25558180376,-72.88173538746,
    51.709215400985));
#1366 = CARTESIAN_POINT('',(169.1850266575,-71.82303190218,
    52.728102001535));
#1367 = CARTESIAN_POINT('',(169.11436880553,-70.61168445773,
    52.859733945951));
#1368 = CARTESIAN_POINT('',(168.97313319164,-68.86886202447,
    51.896509957997));
#1369 = CARTESIAN_POINT('',(168.90247533968,-68.33584235474,
    50.800800310393));
#1370 = CARTESIAN_POINT('',(168.8319201934,-68.63529417866,
    49.362290116181));
#1371 = CARTESIAN_POINT('',(168.7612134319,-69.97505550823,
    48.281056421092));
#1372 = CARTESIAN_POINT('',(168.69062599857,-71.99583846048,
    48.467686229861));
#1373 = CARTESIAN_POINT('',(168.62003856531,-73.13667200803,
    50.146046513734));
#1374 = CARTESIAN_POINT('',(168.54933180376,-72.83841869896,
    51.841650148491));
#1375 = CARTESIAN_POINT('',(168.4787766575,-71.72425132273,
    52.79957187403));
#1376 = CARTESIAN_POINT('',(168.40811880553,-70.50742888989,
    52.863075944078));
#1377 = CARTESIAN_POINT('',(168.26688319164,-68.8213566385,
    51.803646452348));
#1378 = CARTESIAN_POINT('',(168.19622533969,-68.35061243729,
    50.679773907439));
#1379 = CARTESIAN_POINT('',(168.12567019337,-68.73025107805,
    49.260317153555));
#1380 = CARTESIAN_POINT('',(168.05496343194,-70.12852997207,
    48.255905456018));
#1381 = CARTESIAN_POINT('',(167.98437599852,-72.13566944207,
    48.555547865474));
#1382 = CARTESIAN_POINT('',(167.91378856535,-73.18060183569,
    50.295234825391));
#1383 = CARTESIAN_POINT('',(167.84308180373,-72.7877444801,
    51.971447765543));
#1384 = CARTESIAN_POINT('',(167.77252665751,-71.62161879569,
    52.865390639928));
#1385 = CARTESIAN_POINT('',(167.70186880553,-70.40314994801,
    52.860567028309));
#1386 = CARTESIAN_POINT('',(167.56063319164,-68.77913288559,
    51.708265389935));
#1387 = CARTESIAN_POINT('',(167.48997533968,-68.37214528832,
    50.559766066538));
#1388 = CARTESIAN_POINT('',(167.4194201934,-68.83077626229,
    49.163828889081));
#1389 = CARTESIAN_POINT('',(167.34871343189,-70.28317321805,
    48.239399439888));
#1390 = CARTESIAN_POINT('',(167.27812599858,-72.27035400247,
    48.651111664161));
#1391 = CARTESIAN_POINT('',(167.2075385653,-73.21609749824,
    50.446651601318));
#1392 = CARTESIAN_POINT('',(167.13683180376,-72.72987217073,
    52.098199860818));
#1393 = CARTESIAN_POINT('',(167.0662766575,-71.51545724095,
    52.925351209039));
#1394 = CARTESIAN_POINT('',(166.99561880553,-70.29917573223,
    52.852215092619));
#1395 = CARTESIAN_POINT('',(166.85438319164,-68.74232361728,
    51.610666874867));
#1396 = CARTESIAN_POINT('',(166.78372533968,-68.4003731575,
    50.44115437676));
#1397 = CARTESIAN_POINT('',(166.7131701934,-68.93655344196,
    49.073128910531));
#1398 = CARTESIAN_POINT('',(166.6424634319,-70.4384986813,
    48.231590306744));
#1399 = CARTESIAN_POINT('',(166.57187599857,-72.39946837421,
    48.754076946849));
#1400 = CARTESIAN_POINT('',(166.5012885653,-73.2430473132,
    50.599820428323));
#1401 = CARTESIAN_POINT('',(166.43058180376,-72.66498385853,
    52.221507625332));
#1402 = CARTESIAN_POINT('',(166.36002665749,-71.40610068206,
    52.97926492323));
#1403 = CARTESIAN_POINT('',(166.28936880554,-70.1958333839,
    52.838046415289));
#1404 = CARTESIAN_POINT('',(166.14813319162,-68.71104464915,
    51.511157988182));
#1405 = CARTESIAN_POINT('',(166.07747533978,-68.43520722951,
    50.324312034353));
#1406 = CARTESIAN_POINT('',(166.00692019313,-69.04724980294,
    48.988502593615));
#1407 = CARTESIAN_POINT('',(165.93621343243,-70.59401765044,
    48.23250262697));
#1408 = CARTESIAN_POINT('',(165.86562599777,-72.52260631572,
    48.864119746714));
#1409 = CARTESIAN_POINT('',(165.79503856628,-73.26136648646,
    50.754259380554));
#1410 = CARTESIAN_POINT('',(165.72433180278,-72.59328370617,
    52.340983087288));
#1411 = CARTESIAN_POINT('',(165.6537766583,-71.29389319517,
    53.026962149968));
#1412 = CARTESIAN_POINT('',(165.58311880501,-70.09344805628,
    52.818105576248));
#1413 = CARTESIAN_POINT('',(165.44188319271,-68.68539439637,
    51.410051821593));
#1414 = CARTESIAN_POINT('',(165.3712253336,-68.47653790364,
    50.209606668885));
#1415 = CARTESIAN_POINT('',(165.30067021022,-69.16251705305,
    48.910216203124));
#1416 = CARTESIAN_POINT('',(165.22996339912,-70.74924080614,
    48.242133531835));
#1417 = CARTESIAN_POINT('',(165.15937604798,-72.63938038817,
    48.980893825747));
#1418 = CARTESIAN_POINT('',(165.0887885055,-73.27099738073,
    50.909482539128));
#1419 = CARTESIAN_POINT('',(165.01808186279,-72.51499730727,
    52.456250329532));
#1420 = CARTESIAN_POINT('',(164.94752660983,-71.17918782785,
    53.068292818675));
#1421 = CARTESIAN_POINT('',(164.87686883674,-69.99234189066,
    52.792455315086));
#1422 = CARTESIAN_POINT('',(164.73563312803,-68.66545356585,
    51.307666495903));
#1423 = CARTESIAN_POINT('',(164.66497569848,-68.52423512859,
    50.097399166712));
#1424 = CARTESIAN_POINT('',(164.59441920267,-69.28199254567,
    48.838516109913));
#1425 = CARTESIAN_POINT('',(164.52371535996,-70.9036797068,
    48.260452615996));
#1426 = CARTESIAN_POINT('',(164.4531230959,-72.74942325558,
    49.104031924473));
#1427 = CARTESIAN_POINT('',(164.38254207506,-73.27190959877,
    51.065001327177));
#1428 = CARTESIAN_POINT('',(164.3118283417,-72.4303710734,
    52.566946863507));
#1429 = CARTESIAN_POINT('',(164.24127945097,-71.06234541007,
    53.103126738634));
#1430 = CARTESIAN_POINT('',(164.17061697734,-69.89283305388,
    52.761176434624));
#1431 = CARTESIAN_POINT('',(164.10000194718,-69.27205892598,
    51.982750194473));
#1432 = CARTESIAN_POINT('',(175.12000005,-70.5,53.1035));
#1433 = CARTESIAN_POINT('',(175.04937272822,-69.16875032273,
    53.103493499435));
#1434 = CARTESIAN_POINT('',(174.97875645511,-67.83633154481,
    52.16601907565));
#1435 = CARTESIAN_POINT('',(174.90811373065,-67.25635413149,
    50.288886272076));
#1436 = CARTESIAN_POINT('',(174.83750939519,-68.12492267563,
    48.157163855628));
#1437 = CARTESIAN_POINT('',(174.76687415283,-70.61040210768,
    47.068503419511));
#1438 = CARTESIAN_POINT('',(174.69624152983,-73.03094251586,
    48.294765717167));
#1439 = CARTESIAN_POINT('',(174.62563489029,-73.77860774451,
    50.471940237063));
#1440 = CARTESIAN_POINT('',(174.55499393727,-73.09429686042,
    52.313508890792));
#1441 = CARTESIAN_POINT('',(174.48437648938,-71.71140726199,
    53.174844092608));
#1442 = CARTESIAN_POINT('',(174.34312316124,-69.05309695658,
    53.025547270527));
#1443 = CARTESIAN_POINT('',(174.27250579345,-67.77533916631,
    52.014835281364));
#1444 = CARTESIAN_POINT('',(174.20186455067,-67.30152552083,
    50.108140116302));
#1445 = CARTESIAN_POINT('',(174.13125856387,-68.28825463159,
    48.028467690263));
#1446 = CARTESIAN_POINT('',(174.06062484035,-70.83086529454,
    47.08088612026));
#1447 = CARTESIAN_POINT('',(173.98999107315,-73.17884091633,
    48.440936855631));
#1448 = CARTESIAN_POINT('',(173.91938512495,-73.80325463105,
    50.656610139399));
#1449 = CARTESIAN_POINT('',(173.84874385228,-73.01676278551,
    52.456911151424));
#1450 = CARTESIAN_POINT('',(173.77812650445,-71.58775325665,
    53.239352355903));
#1451 = CARTESIAN_POINT('',(173.63687315385,-68.94199610952,
    52.941237694642));
#1452 = CARTESIAN_POINT('',(173.56625580475,-67.72291953784,
    51.860471344051));
#1453 = CARTESIAN_POINT('',(173.49561453666,-67.35676054499,
    49.930208749241));
#1454 = CARTESIAN_POINT('',(173.42500857807,-68.45854550528,
    47.909134454234));
#1455 = CARTESIAN_POINT('',(173.35437482861,-71.05028749933,
    47.10560884963));
#1456 = CARTESIAN_POINT('',(173.28374108095,-73.31831066393,
    48.595172071607));
#1457 = CARTESIAN_POINT('',(173.21313512094,-73.81750827097,
    50.842370814584));
#1458 = CARTESIAN_POINT('',(173.14249385373,-72.93131003849,
    52.59574068587));
#1459 = CARTESIAN_POINT('',(173.07187650419,-71.46067677806,
    53.296825757417));
#1460 = CARTESIAN_POINT('',(172.93062315397,-68.83579731865,
    52.850831300218));
#1461 = CARTESIAN_POINT('',(172.86000580456,-67.67923763263,
    51.703411025539));
#1462 = CARTESIAN_POINT('',(172.7893645369,-67.42188536249,
    49.755654393564));
#1463 = CARTESIAN_POINT('',(172.71875857782,-68.63525955095,
    47.79953719644));
#1464 = CARTESIAN_POINT('',(172.64812482881,-71.26797829534,
    47.142595820195));
#1465 = CARTESIAN_POINT('',(172.57749108082,-73.44891296398,
    48.756984755954));
#1466 = CARTESIAN_POINT('',(172.50688512101,-73.82132380225,
    51.02863847325));
#1467 = CARTESIAN_POINT('',(172.43624385371,-72.83820749069,
    52.729560437899));
#1468 = CARTESIAN_POINT('',(172.3656265042,-71.3305776549,
    53.347083508385));
#1469 = CARTESIAN_POINT('',(172.22437315397,-68.73483472511,
    52.754612517717));
#1470 = CARTESIAN_POINT('',(172.15375580456,-67.6444308894,
    51.544148528547));
#1471 = CARTESIAN_POINT('',(172.0831145369,-67.49669506744,
    49.585026221147));
#1472 = CARTESIAN_POINT('',(172.01250857783,-68.81784075995,
    47.700020791659));
#1473 = CARTESIAN_POINT('',(171.94187482881,-71.48325274753,
    47.191730623146));
#1474 = CARTESIAN_POINT('',(171.87124108082,-73.57023689284,
    48.92586580876));
#1475 = CARTESIAN_POINT('',(171.80063512101,-73.81468922009,
    51.214827036789));
#1476 = CARTESIAN_POINT('',(171.72999385371,-72.73774807707,
    52.85794936528));
#1477 = CARTESIAN_POINT('',(171.6593765042,-71.19786522716,
    53.389967478579));
#1478 = CARTESIAN_POINT('',(171.51812315397,-68.63942599458,
    52.652884087394));
#1479 = CARTESIAN_POINT('',(171.44750580456,-67.61860882304,
    51.383184951246));
#1480 = CARTESIAN_POINT('',(171.3768645369,-67.58095428083,
    49.418861092051));
#1481 = CARTESIAN_POINT('',(171.30625857783,-69.00571466426,
    47.610898354604));
#1482 = CARTESIAN_POINT('',(171.2356248288,-71.69543352278,
    47.252858662809));
#1483 = CARTESIAN_POINT('',(171.16499108082,-73.68190072059,
    49.101283867356));
#1484 = CARTESIAN_POINT('',(171.09438512101,-73.79762539931,
    51.400350687303));
#1485 = CARTESIAN_POINT('',(171.02374385371,-72.63024788012,
    52.980503508868));
#1486 = CARTESIAN_POINT('',(170.9531265042,-71.06295705722,
    53.425342739182));
#1487 = CARTESIAN_POINT('',(170.81187315397,-68.54987131822,
    52.545966084515));
#1488 = CARTESIAN_POINT('',(170.74125580456,-67.60185267935,
    51.221026744629));
#1489 = CARTESIAN_POINT('',(170.6706145369,-67.674397892,49.257681823197
    ));
#1490 = CARTESIAN_POINT('',(170.60000857783,-69.19829014306,
    47.532450297499));
#1491 = CARTESIAN_POINT('',(170.52937482881,-71.90385302193,
    47.325787607687));
#1492 = CARTESIAN_POINT('',(170.45874108082,-73.78355311145,
    49.282687001688));
#1493 = CARTESIAN_POINT('',(170.38813512101,-73.77018602904,
    51.584625698715));
#1494 = CARTESIAN_POINT('',(170.31749385371,-72.51604513521,
    53.096837268006));
#1495 = CARTESIAN_POINT('',(170.2468765042,-70.92627761611,
    53.453097986528));
#1496 = CARTESIAN_POINT('',(170.10562315397,-68.46645246817,
    52.434194912679));
#1497 = CARTESIAN_POINT('',(170.03500580456,-67.59421517933,
    51.058184118393));
#1498 = CARTESIAN_POINT('',(169.9643645369,-67.77673189277,
    49.101995544225));
#1499 = CARTESIAN_POINT('',(169.89375857782,-69.39496128265,
    47.464923446911));
#1500 = CARTESIAN_POINT('',(169.82312482881,-72.10785548009,
    47.410287996388));
#1501 = CARTESIAN_POINT('',(169.75249108081,-73.87487422943,
    49.46950445034));
#1502 = CARTESIAN_POINT('',(169.68188512101,-73.73245744367,
    51.76707227369));
#1503 = CARTESIAN_POINT('',(169.6112438537,-72.39549916644,
    53.206584613636));
#1504 = CARTESIAN_POINT('',(169.5406265042,-70.78825694791,
    53.473145892346));
#1505 = CARTESIAN_POINT('',(169.39937315397,-68.38943191099,
    52.317922245341));
#1506 = CARTESIAN_POINT('',(169.32875580456,-67.5957203534,
    50.895169435688));
#1507 = CARTESIAN_POINT('',(169.2581145369,-67.88763430252,
    48.952292101763));
#1508 = CARTESIAN_POINT('',(169.18750857783,-69.59510928289,
    47.408530267301));
#1509 = CARTESIAN_POINT('',(169.11687482881,-72.30679903005,
    47.506093959417));
#1510 = CARTESIAN_POINT('',(169.04624108082,-73.95557674451,
    49.661148416508));
#1511 = CARTESIAN_POINT('',(168.97563512101,-73.68455835127,
    51.947116367802));
#1512 = CARTESIAN_POINT('',(168.90499385371,-72.26898925604,
    53.309400240005));
#1513 = CARTESIAN_POINT('',(168.8343765042,-70.64932931671,
    53.485423378506));
#1514 = CARTESIAN_POINT('',(168.69312315397,-68.31905198186,
    52.197513919329));
#1515 = CARTESIAN_POINT('',(168.62250580456,-67.60636346571,
    50.732495601018));
#1516 = CARTESIAN_POINT('',(168.5518645369,-68.00675618123,
    48.80904251822));
#1517 = CARTESIAN_POINT('',(168.48125857783,-69.79810440409,
    47.363448192487));
#1518 = CARTESIAN_POINT('',(168.41062482881,-72.50005772181,
    47.612904055761));
#1519 = CARTESIAN_POINT('',(168.33999108082,-74.02540673671,
    49.857015917387));
#1520 = CARTESIAN_POINT('',(168.26938512101,-73.62663946013,
    52.124191495713));
#1521 = CARTESIAN_POINT('',(168.19874385371,-72.13691345096,
    53.404960651121));
#1522 = CARTESIAN_POINT('',(168.1281265042,-70.50993184023,
    53.489891815493));
#1523 = CARTESIAN_POINT('',(167.98687315397,-68.25553412206,
    52.073348783786));
#1524 = CARTESIAN_POINT('',(167.91625580456,-67.62611102911,
    50.570674446442));
#1525 = CARTESIAN_POINT('',(167.8456145369,-68.1337227274,48.6726975098)
  );
#1526 = CARTESIAN_POINT('',(167.77500857783,-70.00330794853,
    47.329819067326));
#1527 = CARTESIAN_POINT('',(167.7043748288,-72.68702349201,
    47.730382221366));
#1528 = CARTESIAN_POINT('',(167.63374108082,-74.08414449506,
    50.056490681332));
#1529 = CARTESIAN_POINT('',(167.56313512101,-73.55888300449,
    52.297740513571));
#1530 = CARTESIAN_POINT('',(167.49249385371,-71.99968731058,
    53.492965178569));
#1531 = CARTESIAN_POINT('',(167.4218765042,-70.3705031145,
    53.486537143955));
#1532 = CARTESIAN_POINT('',(167.28062315397,-68.19907818229,
    51.94581750816));
#1533 = CARTESIAN_POINT('',(167.21000580456,-67.65490091044,
    50.410215121203));
#1534 = CARTESIAN_POINT('',(167.1393645369,-68.26813445733,
    48.543686068297));
#1535 = CARTESIAN_POINT('',(167.06875857782,-70.21007426989,
    47.307748701556));
#1536 = CARTESIAN_POINT('',(166.99812482881,-72.86710807723,
    47.858158826394));
#1537 = CARTESIAN_POINT('',(166.92749108082,-74.13160520878,
    50.258945086987));
#1538 = CARTESIAN_POINT('',(166.85688512101,-73.48150217128,
    52.46721737193));
#1539 = CARTESIAN_POINT('',(166.7862438537,-71.85774259907,
    53.573136927561));
#1540 = CARTESIAN_POINT('',(166.7156265042,-70.23148183389,
    53.475369918922));
#1541 = CARTESIAN_POINT('',(166.57437315397,-68.14986179382,
    51.815321353032));
#1542 = CARTESIAN_POINT('',(166.50375580456,-67.69264252609,
    50.251622489678));
#1543 = CARTESIAN_POINT('',(166.4331145369,-68.40956846195,
    48.422414111483));
#1544 = CARTESIAN_POINT('',(166.36250857783,-70.41775280488,
    47.297306536646));
#1545 = CARTESIAN_POINT('',(166.2918748288,-73.03974486467,
    47.995831838437));
#1546 = CARTESIAN_POINT('',(166.22124108083,-74.16763954897,
    50.463742137846));
#1547 = CARTESIAN_POINT('',(166.150635121,-73.39474042917,52.63208883392
    ));
#1548 = CARTESIAN_POINT('',(166.07999385371,-71.71152592704,
    53.645223648104));
#1549 = CARTESIAN_POINT('',(166.00937650419,-70.09330541077,
    53.456425276621));
#1550 = CARTESIAN_POINT('',(165.86812315398,-68.1080398096,
    51.682270907588));
#1551 = CARTESIAN_POINT('',(165.79750580453,-67.73921712703,
    50.095395542931));
#1552 = CARTESIAN_POINT('',(165.72686453697,-68.55757973744,
    48.309263205893));
#1553 = CARTESIAN_POINT('',(165.65625857769,-70.62569012024,
    47.298525427312));
#1554 = CARTESIAN_POINT('',(165.58562482901,-73.20439067473,
    48.142968087584));
#1555 = CARTESIAN_POINT('',(165.51499108057,-74.19213413875,
    50.670237466219));
#1556 = CARTESIAN_POINT('',(165.44438512125,-73.29887076221,
    52.791836153324));
#1557 = CARTESIAN_POINT('',(165.37374385351,-71.56149734663,
    53.70899852838));
#1558 = CARTESIAN_POINT('',(165.30312650432,-69.95640859902,
    53.429762824118));
#1559 = CARTESIAN_POINT('',(165.16187315372,-68.07374381766,
    51.54708479731));
#1560 = CARTESIAN_POINT('',(165.09125580599,-67.79447816904,
    49.942025831251));
#1561 = CARTESIAN_POINT('',(165.02061453295,-68.71170259467,
    48.204589359165));
#1562 = CARTESIAN_POINT('',(164.95000858551,-70.83323195053,
    47.311401552084));
#1563 = CARTESIAN_POINT('',(164.87937481724,-73.36052749751,
    48.299104608216));
#1564 = CARTESIAN_POINT('',(164.80874109479,-74.20501187674,
    50.877781386289));
#1565 = CARTESIAN_POINT('',(164.73813510724,-73.19419484376,
    52.945956681408));
#1566 = CARTESIAN_POINT('',(164.66749386482,-71.40812887748,
    53.764260928852));
#1567 = CARTESIAN_POINT('',(164.59687649693,-69.82122214354,
    53.39546643837));
#1568 = CARTESIAN_POINT('',(164.45562316879,-68.04708169141,
    51.410188394178));
#1569 = CARTESIAN_POINT('',(164.385005721,-67.85825197479,
    49.791995763207));
#1570 = CARTESIAN_POINT('',(164.31436476762,-68.87145156938,
    48.108722326201));
#1571 = CARTESIAN_POINT('',(164.24375812884,-71.03972633689,
    47.335893595535));
#1572 = CARTESIAN_POINT('',(164.17312550476,-73.50766249621,
    48.463751345161));
#1573 = CARTESIAN_POINT('',(164.10249026349,-74.20623414636,
    51.085719427235));
#1574 = CARTESIAN_POINT('',(164.03188592723,-73.08104014726,
    53.093966939051));
#1575 = CARTESIAN_POINT('',(163.96124320318,-71.25190458709,
    53.81083581075));
#1576 = CARTESIAN_POINT('',(163.89062692993,-69.68817040036,
    53.353644789515));
#1577 = CARTESIAN_POINT('',(163.81999960818,-68.85815486935,
    52.312827831832));
#1578 = DEFINITIONAL_REPRESENTATION('',(#1579),#1638);
#1579 = B_SPLINE_CURVE_WITH_KNOTS('',8,(#1580,#1581,#1582,#1583,#1584,
    #1585,#1586,#1587,#1588,#1589,#1590,#1591,#1592,#1593,#1594,#1595,
    #1596,#1597,#1598,#1599,#1600,#1601,#1602,#1603,#1604,#1605,#1606,
    #1607,#1608,#1609,#1610,#1611,#1612,#1613,#1614,#1615,#1616,#1617,
    #1618,#1619,#1620,#1621,#1622,#1623,#1624,#1625,#1626,#1627,#1628,
    #1629,#1630,#1631,#1632,#1633,#1634,#1635,#1636,#1637),
  .UNSPECIFIED.,.F.,.F.,(9,7,7,7,7,7,7,7,9),(0.,0.117365691042,
    0.226064731856,0.337425267025,0.534002345343,0.640969057928,
    0.765046769541,0.891855013785,1.),.UNSPECIFIED.);
#1580 = CARTESIAN_POINT('',(0.440514627403,0.));
#1581 = CARTESIAN_POINT('',(0.440515413659,9.270975880811E-02));
#1582 = CARTESIAN_POINT('',(0.440511322029,0.18546041684));
#1583 = CARTESIAN_POINT('',(0.440500414813,0.278201206443));
#1584 = CARTESIAN_POINT('',(0.44049411994,0.37092592941));
#1585 = CARTESIAN_POINT('',(0.44049602665,0.463643321061));
#1586 = CARTESIAN_POINT('',(0.440502825843,0.55636651277));
#1587 = CARTESIAN_POINT('',(0.440511944378,0.649102290251));
#1588 = CARTESIAN_POINT('',(0.440528274788,0.827692771019));
#1589 = CARTESIAN_POINT('',(0.440535413706,0.91357615924));
#1590 = CARTESIAN_POINT('',(0.44053984708,0.999463127431));
#1591 = CARTESIAN_POINT('',(0.44054047941,1.085348329143));
#1592 = CARTESIAN_POINT('',(0.440537111986,1.171228953592));
#1593 = CARTESIAN_POINT('',(0.440530442885,1.257104725653));
#1594 = CARTESIAN_POINT('',(0.440522066974,1.342977905862));
#1595 = CARTESIAN_POINT('',(0.440506698972,1.516831332452));
#1596 = CARTESIAN_POINT('',(0.440499305474,1.60482057712));
#1597 = CARTESIAN_POINT('',(0.440493843058,1.692815913985));
#1598 = CARTESIAN_POINT('',(0.440491224055,1.780813045713));
#1599 = CARTESIAN_POINT('',(0.440491725482,1.868808488074));
#1600 = CARTESIAN_POINT('',(0.44049498904,1.956799569942));
#1601 = CARTESIAN_POINT('',(0.440500021119,2.044784433292));
#1602 = CARTESIAN_POINT('',(0.44051432199,2.28806282735));
#1603 = CARTESIAN_POINT('',(0.440524700891,2.443780382698));
#1604 = CARTESIAN_POINT('',(0.440530866624,2.599230506701));
#1605 = CARTESIAN_POINT('',(0.44052705123,2.754548425415));
#1606 = CARTESIAN_POINT('',(0.440519183052,2.909869959299));
#1607 = CARTESIAN_POINT('',(0.440516020779,3.065326373673));
#1608 = CARTESIAN_POINT('',(0.440516922512,3.221031610819));
#1609 = CARTESIAN_POINT('',(0.440520756415,3.460823845007));
#1610 = CARTESIAN_POINT('',(0.440522798653,3.545344106278));
#1611 = CARTESIAN_POINT('',(0.440524643452,3.62987264428));
#1612 = CARTESIAN_POINT('',(0.440525636998,3.714401584172));
#1613 = CARTESIAN_POINT('',(0.440525360305,3.798926051702));
#1614 = CARTESIAN_POINT('',(0.44052362921,3.883444173211));
#1615 = CARTESIAN_POINT('',(0.440520494374,3.96795707563));
#1616 = CARTESIAN_POINT('',(0.440511307843,4.150499683546));
#1617 = CARTESIAN_POINT('',(0.440504407982,4.248546538515));
#1618 = CARTESIAN_POINT('',(0.440497764986,4.346604184217));
#1619 = CARTESIAN_POINT('',(0.440493014005,4.444667152353));
#1620 = CARTESIAN_POINT('',(0.440491202053,4.542729773491));
#1621 = CARTESIAN_POINT('',(0.440492788011,4.64078617707));
#1622 = CARTESIAN_POINT('',(0.440497642625,4.738830291398));
#1623 = CARTESIAN_POINT('',(0.440512617365,4.937038608226));
#1624 = CARTESIAN_POINT('',(0.44052351391,5.037238468419));
#1625 = CARTESIAN_POINT('',(0.440533588528,5.137448709124));
#1626 = CARTESIAN_POINT('',(0.440540035072,5.237663289738));
#1627 = CARTESIAN_POINT('',(0.440541390863,5.337876844163));
#1628 = CARTESIAN_POINT('',(0.44053753669,5.438084680806));
#1629 = CARTESIAN_POINT('',(0.440529696807,5.538282782573));
#1630 = CARTESIAN_POINT('',(0.440512543611,5.723907899016));
#1631 = CARTESIAN_POINT('',(0.440503522205,5.809384749796));
#1632 = CARTESIAN_POINT('',(0.440497084661,5.894854710485));
#1633 = CARTESIAN_POINT('',(0.44049522884,5.980304155486));
#1634 = CARTESIAN_POINT('',(0.44049824934,6.06573849133));
#1635 = CARTESIAN_POINT('',(0.44050474632,6.151171165675));
#1636 = CARTESIAN_POINT('',(0.440511634314,6.236612676309));
#1637 = CARTESIAN_POINT('',(0.440514151059,6.322059580146));
#1638 = ( GEOMETRIC_REPRESENTATION_CONTEXT(2) 
PARAMETRIC_REPRESENTATION_CONTEXT() REPRESENTATION_CONTEXT('2D SPACE',''
  ) );
#1639 = ORIENTED_EDGE('',*,*,#1640,.T.);
#1640 = EDGE_CURVE('',#1160,#1641,#1643,.T.);
#1641 = VERTEX_POINT('',#1642);
#1642 = CARTESIAN_POINT('',(174.20595269584,-70.5,52.9635));
#1643 = SURFACE_CURVE('',#1644,(#1648,#1655),.PCURVE_S1.);
#1644 = LINE('',#1645,#1646);
#1645 = CARTESIAN_POINT('',(175.75000005,-70.5,52.9635));
#1646 = VECTOR('',#1647,1.);
#1647 = DIRECTION('',(-1.,0.,1.110223024625E-16));
#1648 = PCURVE('',#364,#1649);
#1649 = DEFINITIONAL_REPRESENTATION('',(#1650),#1654);
#1650 = LINE('',#1651,#1652);
#1651 = CARTESIAN_POINT('',(6.28318530718,-0.));
#1652 = VECTOR('',#1653,1.);
#1653 = DIRECTION('',(0.,1.));
#1654 = ( GEOMETRIC_REPRESENTATION_CONTEXT(2) 
PARAMETRIC_REPRESENTATION_CONTEXT() REPRESENTATION_CONTEXT('2D SPACE',''
  ) );
#1655 = PCURVE('',#1656,#1661);
#1656 = CYLINDRICAL_SURFACE('',#1657,1.96);
#1657 = AXIS2_PLACEMENT_3D('',#1658,#1659,#1660);
#1658 = CARTESIAN_POINT('',(175.75000005,-70.5,51.0035));
#1659 = DIRECTION('',(-1.,0.,1.110223024625E-16));
#1660 = DIRECTION('',(1.110223024625E-16,0.,1.));
#1661 = DEFINITIONAL_REPRESENTATION('',(#1662),#1666);
#1662 = LINE('',#1663,#1664);
#1663 = CARTESIAN_POINT('',(0.,-0.));
#1664 = VECTOR('',#1665,1.);
#1665 = DIRECTION('',(0.,1.));
#1666 = ( GEOMETRIC_REPRESENTATION_CONTEXT(2) 
PARAMETRIC_REPRESENTATION_CONTEXT() REPRESENTATION_CONTEXT('2D SPACE',''
  ) );
#1667 = ORIENTED_EDGE('',*,*,#1668,.F.);
#1668 = EDGE_CURVE('',#349,#1641,#1669,.T.);
#1669 = SURFACE_CURVE('',#1670,(#1722,#1777),.PCURVE_S1.);
#1670 = B_SPLINE_CURVE_WITH_KNOTS('',8,(#1671,#1672,#1673,#1674,#1675,
    #1676,#1677,#1678,#1679,#1680,#1681,#1682,#1683,#1684,#1685,#1686,
    #1687,#1688,#1689,#1690,#1691,#1692,#1693,#1694,#1695,#1696,#1697,
    #1698,#1699,#1700,#1701,#1702,#1703,#1704,#1705,#1706,#1707,#1708,
    #1709,#1710,#1711,#1712,#1713,#1714,#1715,#1716,#1717,#1718,#1719,
    #1720,#1721),.UNSPECIFIED.,.F.,.F.,(9,7,7,7,7,7,7,9),(0.,
    7.308332144151E-02,0.24138150302,0.414621267982,0.526997196963,
    0.625593409795,0.80896836154,1.),.UNSPECIFIED.);
#1671 = CARTESIAN_POINT('',(174.90595400208,-70.5,52.9635));
#1672 = CARTESIAN_POINT('',(174.89956277288,-70.3875429727,52.9635));
#1673 = CARTESIAN_POINT('',(174.89317274534,-70.27512089948,
    52.956129924735));
#1674 = CARTESIAN_POINT('',(174.88678264336,-70.16328070278,
    52.941390502963));
#1675 = CARTESIAN_POINT('',(174.88039172517,-70.05256719562,
    52.91933309795));
#1676 = CARTESIAN_POINT('',(174.87399978337,-69.9435230816,
    52.890059707477));
#1677 = CARTESIAN_POINT('',(174.86760714488,-69.8366889549,
    52.853722963834));
#1678 = CARTESIAN_POINT('',(174.86121467099,-69.73260330029,
    52.810526133821));
#1679 = CARTESIAN_POINT('',(174.84010659438,-69.39967576146,
    52.64603543478));
#1680 = CARTESIAN_POINT('',(174.82536633191,-69.1844403224,
    52.496094274185));
#1681 = CARTESIAN_POINT('',(174.8106433437,-68.99299863481,
    52.314034522762));
#1682 = CARTESIAN_POINT('',(174.79592931114,-68.83076307975,
    52.104513878639));
#1683 = CARTESIAN_POINT('',(174.78120964237,-68.70207262577,
    51.872924551145));
#1684 = CARTESIAN_POINT('',(174.76647962036,-68.61011348683,
    51.625383723899));
#1685 = CARTESIAN_POINT('',(174.75173641061,-68.55697623096,
    51.368623086883));
#1686 = CARTESIAN_POINT('',(174.72185522798,-68.52840741927,
    50.843892473225));
#1687 = CARTESIAN_POINT('',(174.70667833536,-68.55526495801,
    50.575109906125));
#1688 = CARTESIAN_POINT('',(174.69151960556,-68.62411204788,
    50.311834163766));
#1689 = CARTESIAN_POINT('',(174.67637482316,-68.73338229228,
    50.061623293648));
#1690 = CARTESIAN_POINT('',(174.66123186305,-68.88023165304,
    49.831438140599));
#1691 = CARTESIAN_POINT('',(174.64607823251,-69.06047329776,
    49.627525491877));
#1692 = CARTESIAN_POINT('',(174.63090734106,-69.26870234912,
    49.455420157584));
#1693 = CARTESIAN_POINT('',(174.60593073084,-69.64634789401,
    49.230713439828));
#1694 = CARTESIAN_POINT('',(174.59610200975,-69.80390715595,
    49.157261485842));
#1695 = CARTESIAN_POINT('',(174.58627215646,-69.9685793944,
    49.099852728775));
#1696 = CARTESIAN_POINT('',(174.5764416889,-70.13844953764,
    49.059285933381));
#1697 = CARTESIAN_POINT('',(174.56661113932,-70.31154851387,
    49.036074677961));
#1698 = CARTESIAN_POINT('',(174.5567810543,-70.48585325124,
    49.030447354368));
#1699 = CARTESIAN_POINT('',(174.54695199473,-70.65928667783,
    49.042347168007));
#1700 = CARTESIAN_POINT('',(174.52850213562,-70.9792502383,
    49.096950662139));
#1701 = CARTESIAN_POINT('',(174.51987873691,-71.12657582008,
    49.135709966986));
#1702 = CARTESIAN_POINT('',(174.51125448254,-71.27027017979,
    49.187464187995));
#1703 = CARTESIAN_POINT('',(174.50262959413,-71.4089884537,
    49.251811500286));
#1704 = CARTESIAN_POINT('',(174.49400437204,-71.54146520148,
    49.328194118474));
#1705 = CARTESIAN_POINT('',(174.48537919537,-71.66651440624,
    49.415898296675));
#1706 = CARTESIAN_POINT('',(174.47675452197,-71.78302947454,
    49.514054328498));
#1707 = CARTESIAN_POINT('',(174.45209215492,-72.08890204218,
    49.821724193112));
#1708 = CARTESIAN_POINT('',(174.43601783888,-72.2553230739,
    50.054959365531));
#1709 = CARTESIAN_POINT('',(174.41996094696,-72.38205920831,
    50.314592285136));
#1710 = CARTESIAN_POINT('',(174.40391560985,-72.464660457,
    50.592522553616));
#1711 = CARTESIAN_POINT('',(174.38787531081,-72.50037543807,
    50.88024237736));
#1712 = CARTESIAN_POINT('',(174.37183063715,-72.48834309645,
    51.168864925128));
#1713 = CARTESIAN_POINT('',(174.35576835075,-72.42939000356,
    51.449230806855));
#1714 = CARTESIAN_POINT('',(174.32303250264,-72.22104127534,
    51.986366509383));
#1715 = CARTESIAN_POINT('',(174.30628975306,-72.06751357752,
    52.242843696806));
#1716 = CARTESIAN_POINT('',(174.28956526579,-71.8704399794,
    52.471144279035));
#1717 = CARTESIAN_POINT('',(174.27284706701,-71.63628104859,
    52.663055139756));
#1718 = CARTESIAN_POINT('',(174.25611674426,-71.37267894837,
    52.811954548768));
#1719 = CARTESIAN_POINT('',(174.23939418167,-71.08856394724,
    52.91312365619));
#1720 = CARTESIAN_POINT('',(174.22265555338,-70.79392866587,52.9635));
#1721 = CARTESIAN_POINT('',(174.20595269584,-70.5,52.9635));
#1722 = PCURVE('',#364,#1723);
#1723 = DEFINITIONAL_REPRESENTATION('',(#1724),#1776);
#1724 = B_SPLINE_CURVE_WITH_KNOTS('',8,(#1725,#1726,#1727,#1728,#1729,
    #1730,#1731,#1732,#1733,#1734,#1735,#1736,#1737,#1738,#1739,#1740,
    #1741,#1742,#1743,#1744,#1745,#1746,#1747,#1748,#1749,#1750,#1751,
    #1752,#1753,#1754,#1755,#1756,#1757,#1758,#1759,#1760,#1761,#1762,
    #1763,#1764,#1765,#1766,#1767,#1768,#1769,#1770,#1771,#1772,#1773,
    #1774,#1775),.UNSPECIFIED.,.F.,.F.,(9,7,7,7,7,7,7,9),(0.,
    7.308332144151E-02,0.24138150302,0.414621267982,0.526997196963,
    0.625593409795,0.80896836154,1.),.UNSPECIFIED.);
#1725 = CARTESIAN_POINT('',(0.,0.844046047916));
#1726 = CARTESIAN_POINT('',(5.737603433557E-02,0.850437277117));
#1727 = CARTESIAN_POINT('',(0.114731421435,0.856827304655));
#1728 = CARTESIAN_POINT('',(0.172080497575,0.863217406637));
#1729 = CARTESIAN_POINT('',(0.229432774101,0.869608324823));
#1730 = CARTESIAN_POINT('',(0.286792937419,0.876000266626));
#1731 = CARTESIAN_POINT('',(0.344160849002,0.882392905113));
#1732 = CARTESIAN_POINT('',(0.40153154539,0.888785379006));
#1733 = CARTESIAN_POINT('',(0.590993848312,0.909893455617));
#1734 = CARTESIAN_POINT('',(0.723332851163,0.924633718081));
#1735 = CARTESIAN_POINT('',(0.855562605396,0.939356706298));
#1736 = CARTESIAN_POINT('',(0.987706823164,0.954070738857));
#1737 = CARTESIAN_POINT('',(1.119829808093,0.968790407624));
#1738 = CARTESIAN_POINT('',(1.25200684222,0.983520429635));
#1739 = CARTESIAN_POINT('',(1.384286842948,0.998263639384));
#1740 = CARTESIAN_POINT('',(1.652403041248,1.028144822013));
#1741 = CARTESIAN_POINT('',(1.788588703614,1.043321714634));
#1742 = CARTESIAN_POINT('',(1.924641009162,1.058480444434));
#1743 = CARTESIAN_POINT('',(2.060613015181,1.073625226839));
#1744 = CARTESIAN_POINT('',(2.196589349571,1.088768186942));
#1745 = CARTESIAN_POINT('',(2.332652033686,1.103921817481));
#1746 = CARTESIAN_POINT('',(2.468851573906,1.119092708931));
#1747 = CARTESIAN_POINT('',(2.69305667317,1.144069319158));
#1748 = CARTESIAN_POINT('',(2.78127699346,1.153898040247));
#1749 = CARTESIAN_POINT('',(2.869502340343,1.16372789354));
#1750 = CARTESIAN_POINT('',(2.957730774298,1.1735583611));
#1751 = CARTESIAN_POINT('',(3.045959872827,1.183388910674));
#1752 = CARTESIAN_POINT('',(3.13418673046,1.193218995691));
#1753 = CARTESIAN_POINT('',(3.222407958751,1.203048055262));
#1754 = CARTESIAN_POINT('',(3.388014750693,1.221497914374));
#1755 = CARTESIAN_POINT('',(3.465422354538,1.23012131309));
#1756 = CARTESIAN_POINT('',(3.542839507436,1.23874556746));
#1757 = CARTESIAN_POINT('',(3.620262595305,1.247370455869));
#1758 = CARTESIAN_POINT('',(3.697687380367,1.255995677959));
#1759 = CARTESIAN_POINT('',(3.775109001142,1.264620854626));
#1760 = CARTESIAN_POINT('',(3.852521972454,1.273245528022));
#1761 = CARTESIAN_POINT('',(4.073869868286,1.297907895077));
#1762 = CARTESIAN_POINT('',(4.218122438667,1.313982211118));
#1763 = CARTESIAN_POINT('',(4.362202881738,1.330039103037));
#1764 = CARTESIAN_POINT('',(4.506176650681,1.346084440142));
#1765 = CARTESIAN_POINT('',(4.650143838809,1.362124739185));
#1766 = CARTESIAN_POINT('',(4.794206033709,1.37816941285));
#1767 = CARTESIAN_POINT('',(4.938445011187,1.394231699241));
#1768 = CARTESIAN_POINT('',(5.232388082239,1.426967547354));
#1769 = CARTESIAN_POINT('',(5.382713205109,1.443710296937));
#1770 = CARTESIAN_POINT('',(5.532819685041,1.460434784202));
#1771 = CARTESIAN_POINT('',(5.682807959683,1.477152982982));
#1772 = CARTESIAN_POINT('',(5.832795508371,1.49388330574));
#1773 = CARTESIAN_POINT('',(5.982898789885,1.510605868327));
#1774 = CARTESIAN_POINT('',(6.133221702142,1.527344496619));
#1775 = CARTESIAN_POINT('',(6.28318530718,1.54404735416));
#1776 = ( GEOMETRIC_REPRESENTATION_CONTEXT(2) 
PARAMETRIC_REPRESENTATION_CONTEXT() REPRESENTATION_CONTEXT('2D SPACE',''
  ) );
#1777 = PCURVE('',#486,#1778);
#1778 = DEFINITIONAL_REPRESENTATION('',(#1779),#1831);
#1779 = B_SPLINE_CURVE_WITH_KNOTS('',8,(#1780,#1781,#1782,#1783,#1784,
    #1785,#1786,#1787,#1788,#1789,#1790,#1791,#1792,#1793,#1794,#1795,
    #1796,#1797,#1798,#1799,#1800,#1801,#1802,#1803,#1804,#1805,#1806,
    #1807,#1808,#1809,#1810,#1811,#1812,#1813,#1814,#1815,#1816,#1817,
    #1818,#1819,#1820,#1821,#1822,#1823,#1824,#1825,#1826,#1827,#1828,
    #1829,#1830),.UNSPECIFIED.,.F.,.F.,(9,7,7,7,7,7,7,9),(0.,
    7.308332144151E-02,0.24138150302,0.414621267982,0.526997196963,
    0.625593409795,0.80896836154,1.),.UNSPECIFIED.);
#1780 = CARTESIAN_POINT('',(0.158376258353,6.322059593448));
#1781 = CARTESIAN_POINT('',(0.158374987616,6.379787751485));
#1782 = CARTESIAN_POINT('',(0.158375918514,6.43749589519));
#1783 = CARTESIAN_POINT('',(0.158378505059,6.495197660183));
#1784 = CARTESIAN_POINT('',(0.158382121927,6.552902267594));
#1785 = CARTESIAN_POINT('',(0.158386064461,6.610614524063));
#1786 = CARTESIAN_POINT('',(0.15838954867,6.668334821743));
#1787 = CARTESIAN_POINT('',(0.158391711232,6.726059138296));
#1788 = CARTESIAN_POINT('',(0.158391375199,6.916697927051));
#1789 = CARTESIAN_POINT('',(0.158381832269,7.049864707713));
#1790 = CARTESIAN_POINT('',(0.158361262672,7.182922244858));
#1791 = CARTESIAN_POINT('',(0.158344225702,7.315884162376));
#1792 = CARTESIAN_POINT('',(0.158345100468,7.448821441813));
#1793 = CARTESIAN_POINT('',(0.158355205994,7.5818132735));
#1794 = CARTESIAN_POINT('',(0.158368608962,7.714910265473));
#1795 = CARTESIAN_POINT('',(0.1583917616,7.984684907558));
#1796 = CARTESIAN_POINT('',(0.158401464041,8.121714258998));
#1797 = CARTESIAN_POINT('',(0.158403840214,8.258610446583));
#1798 = CARTESIAN_POINT('',(0.158395762611,8.395424756575));
#1799 = CARTESIAN_POINT('',(0.158383566532,8.532239978471));
#1800 = CARTESIAN_POINT('',(0.158374000985,8.669140471597));
#1801 = CARTESIAN_POINT('',(0.158368683274,8.80617894721));
#1802 = CARTESIAN_POINT('',(0.158365831396,9.031767487089));
#1803 = CARTESIAN_POINT('',(0.158366510526,9.120532823491));
#1804 = CARTESIAN_POINT('',(0.15836819478,9.209304155611));
#1805 = CARTESIAN_POINT('',(0.158370215531,9.298079627932));
#1806 = CARTESIAN_POINT('',(0.158372031599,9.386856716137));
#1807 = CARTESIAN_POINT('',(0.158373229254,9.475632227113));
#1808 = CARTESIAN_POINT('',(0.158373522218,9.564402298949));
#1809 = CARTESIAN_POINT('',(0.15837207559,9.731038597254));
#1810 = CARTESIAN_POINT('',(0.158370600005,9.808927185382));
#1811 = CARTESIAN_POINT('',(0.158368807689,9.886824832576));
#1812 = CARTESIAN_POINT('',(0.158367131742,9.96472770576));
#1813 = CARTESIAN_POINT('',(0.158365955586,10.042631471527));
#1814 = CARTESIAN_POINT('',(0.158365612963,10.12053129614));
#1815 = CARTESIAN_POINT('',(0.158366387932,10.198421845531));
#1816 = CARTESIAN_POINT('',(0.158372470683,10.421134542228));
#1817 = CARTESIAN_POINT('',(0.158380580548,10.566275590723));
#1818 = CARTESIAN_POINT('',(0.158392264474,10.711244161281));
#1819 = CARTESIAN_POINT('',(0.158403992491,10.856108195656));
#1820 = CARTESIAN_POINT('',(0.158405654903,11.000969274938));
#1821 = CARTESIAN_POINT('',(0.158394326758,11.145924793891));
#1822 = CARTESIAN_POINT('',(0.158379124669,11.291055806035));
#1823 = CARTESIAN_POINT('',(0.158354466788,11.586814350415));
#1824 = CARTESIAN_POINT('',(0.158345049113,11.738066594704));
#1825 = CARTESIAN_POINT('',(0.158348564061,11.889099265205));
#1826 = CARTESIAN_POINT('',(0.158365955167,12.040016421426));
#1827 = CARTESIAN_POINT('',(0.158406376341,12.190945596463));
#1828 = CARTESIAN_POINT('',(0.158400772493,12.341998696708));
#1829 = CARTESIAN_POINT('',(0.158385044476,12.493239554574));
#1830 = CARTESIAN_POINT('',(0.158378190248,12.644120993723));
#1831 = ( GEOMETRIC_REPRESENTATION_CONTEXT(2) 
PARAMETRIC_REPRESENTATION_CONTEXT() REPRESENTATION_CONTEXT('2D SPACE',''
  ) );
#1832 = ORIENTED_EDGE('',*,*,#348,.F.);
#1833 = ADVANCED_FACE('',(#1834),#336,.T.);
#1834 = FACE_BOUND('',#1835,.T.);
#1835 = EDGE_LOOP('',(#1836,#1837,#1858));
#1836 = ORIENTED_EDGE('',*,*,#318,.F.);
#1837 = ORIENTED_EDGE('',*,*,#1838,.T.);
#1838 = EDGE_CURVE('',#319,#1839,#1841,.T.);
#1839 = VERTEX_POINT('',#1840);
#1840 = CARTESIAN_POINT('',(175.40000005,-70.5,52.5740955));
#1841 = SURFACE_CURVE('',#1842,(#1845,#1851),.PCURVE_S1.);
#1842 = B_SPLINE_CURVE_WITH_KNOTS('',1,(#1843,#1844),.UNSPECIFIED.,.F.,
  .F.,(2,2),(0.,0.598889910268),.PIECEWISE_BEZIER_KNOTS.);
#1843 = CARTESIAN_POINT('',(175.68000005,-70.5,53.1035));
#1844 = CARTESIAN_POINT('',(175.40000005,-70.5,52.5740955));
#1845 = PCURVE('',#336,#1846);
#1846 = DEFINITIONAL_REPRESENTATION('',(#1847),#1850);
#1847 = B_SPLINE_CURVE_WITH_KNOTS('',1,(#1848,#1849),.UNSPECIFIED.,.F.,
  .F.,(2,2),(0.,0.598889910268),.PIECEWISE_BEZIER_KNOTS.);
#1848 = CARTESIAN_POINT('',(0.180372427648,0.28));
#1849 = CARTESIAN_POINT('',(-0.349032072352,0.));
#1850 = ( GEOMETRIC_REPRESENTATION_CONTEXT(2) 
PARAMETRIC_REPRESENTATION_CONTEXT() REPRESENTATION_CONTEXT('2D SPACE',''
  ) );
#1851 = PCURVE('',#486,#1852);
#1852 = DEFINITIONAL_REPRESENTATION('',(#1853),#1857);
#1853 = LINE('',#1854,#1855);
#1854 = CARTESIAN_POINT('',(0.,0.));
#1855 = VECTOR('',#1856,1.);
#1856 = DIRECTION('',(1.,0.));
#1857 = ( GEOMETRIC_REPRESENTATION_CONTEXT(2) 
PARAMETRIC_REPRESENTATION_CONTEXT() REPRESENTATION_CONTEXT('2D SPACE',''
  ) );
#1858 = ORIENTED_EDGE('',*,*,#1859,.T.);
#1859 = EDGE_CURVE('',#1839,#321,#1860,.T.);
#1860 = SURFACE_CURVE('',#1861,(#1864,#1870),.PCURVE_S1.);
#1861 = B_SPLINE_CURVE_WITH_KNOTS('',1,(#1862,#1863),.UNSPECIFIED.,.F.,
  .F.,(2,2),(0.,0.598889910268),.PIECEWISE_BEZIER_KNOTS.);
#1862 = CARTESIAN_POINT('',(175.40000005,-70.5,52.5740955));
#1863 = CARTESIAN_POINT('',(175.12000005,-70.5,53.1035));
#1864 = PCURVE('',#336,#1865);
#1865 = DEFINITIONAL_REPRESENTATION('',(#1866),#1869);
#1866 = B_SPLINE_CURVE_WITH_KNOTS('',1,(#1867,#1868),.UNSPECIFIED.,.F.,
  .F.,(2,2),(0.,0.598889910268),.PIECEWISE_BEZIER_KNOTS.);
#1867 = CARTESIAN_POINT('',(-0.349032072352,0.));
#1868 = CARTESIAN_POINT('',(0.180372427648,-0.28));
#1869 = ( GEOMETRIC_REPRESENTATION_CONTEXT(2) 
PARAMETRIC_REPRESENTATION_CONTEXT() REPRESENTATION_CONTEXT('2D SPACE',''
  ) );
#1870 = PCURVE('',#1285,#1871);
#1871 = DEFINITIONAL_REPRESENTATION('',(#1872),#1876);
#1872 = LINE('',#1873,#1874);
#1873 = CARTESIAN_POINT('',(0.,0.));
#1874 = VECTOR('',#1875,1.);
#1875 = DIRECTION('',(1.,0.));
#1876 = ( GEOMETRIC_REPRESENTATION_CONTEXT(2) 
PARAMETRIC_REPRESENTATION_CONTEXT() REPRESENTATION_CONTEXT('2D SPACE',''
  ) );
#1877 = ADVANCED_FACE('',(#1878),#486,.F.);
#1878 = FACE_BOUND('',#1879,.F.);
#1879 = EDGE_LOOP('',(#1880,#1881,#1882,#2048,#2074,#2117,#2310,#2482,
    #2654,#2847,#3019,#3188,#3360,#3529,#3698,#3870,#4042,#4211,#4404,
    #4569));
#1880 = ORIENTED_EDGE('',*,*,#376,.F.);
#1881 = ORIENTED_EDGE('',*,*,#1838,.T.);
#1882 = ORIENTED_EDGE('',*,*,#1883,.T.);
#1883 = EDGE_CURVE('',#1839,#1884,#1886,.T.);
#1884 = VERTEX_POINT('',#1885);
#1885 = CARTESIAN_POINT('',(164.10000194718,-69.27205892598,
    51.982750194473));
#1886 = SURFACE_CURVE('',#1887,(#2034,#2041),.PCURVE_S1.);
#1887 = B_SPLINE_CURVE_WITH_KNOTS('',10,(#1888,#1889,#1890,#1891,#1892,
    #1893,#1894,#1895,#1896,#1897,#1898,#1899,#1900,#1901,#1902,#1903,
    #1904,#1905,#1906,#1907,#1908,#1909,#1910,#1911,#1912,#1913,#1914,
    #1915,#1916,#1917,#1918,#1919,#1920,#1921,#1922,#1923,#1924,#1925,
    #1926,#1927,#1928,#1929,#1930,#1931,#1932,#1933,#1934,#1935,#1936,
    #1937,#1938,#1939,#1940,#1941,#1942,#1943,#1944,#1945,#1946,#1947,
    #1948,#1949,#1950,#1951,#1952,#1953,#1954,#1955,#1956,#1957,#1958,
    #1959,#1960,#1961,#1962,#1963,#1964,#1965,#1966,#1967,#1968,#1969,
    #1970,#1971,#1972,#1973,#1974,#1975,#1976,#1977,#1978,#1979,#1980,
    #1981,#1982,#1983,#1984,#1985,#1986,#1987,#1988,#1989,#1990,#1991,
    #1992,#1993,#1994,#1995,#1996,#1997,#1998,#1999,#2000,#2001,#2002,
    #2003,#2004,#2005,#2006,#2007,#2008,#2009,#2010,#2011,#2012,#2013,
    #2014,#2015,#2016,#2017,#2018,#2019,#2020,#2021,#2022,#2023,#2024,
    #2025,#2026,#2027,#2028,#2029,#2030,#2031,#2032,#2033),
  .UNSPECIFIED.,.F.,.F.,(11,9,9,9,9,9,9,9,9,9,9,9,9,9,9,9,11),(0.,
    6.378504966297,12.757009932594,19.13551489889,25.514019865187,
    31.892524831484,38.271029797781,44.649534764078,51.028039730375,
    57.406544696672,63.785049662968,70.163554629265,76.542059595562,
    82.920564561859,89.299069528156,95.677574494453,102.05607946074),
  .UNSPECIFIED.);
#1888 = CARTESIAN_POINT('',(175.40000005,-70.5,52.5740955));
#1889 = CARTESIAN_POINT('',(175.32938501982,-69.50435552067,
    52.574095498592));
#1890 = CARTESIAN_POINT('',(175.25872254622,-68.50782902749,
    51.872936379461));
#1891 = CARTESIAN_POINT('',(175.18817365544,-68.07408137883,
    50.469068134082));
#1892 = CARTESIAN_POINT('',(175.11745992216,-68.72365910291,
    48.874679139719));
#1893 = CARTESIAN_POINT('',(175.04687890123,-70.58257167951,
    48.060531112913));
#1894 = CARTESIAN_POINT('',(174.97628663725,-72.3929107586,
    48.977628553962));
#1895 = CARTESIAN_POINT('',(174.90558279449,-72.95206781742,
    50.60593136183));
#1896 = CARTESIAN_POINT('',(174.83502629869,-72.44028734001,
    51.983270680068));
#1897 = CARTESIAN_POINT('',(174.76436886915,-71.40601394104,
    52.627450927459));
#1898 = CARTESIAN_POINT('',(174.62313316042,-69.41785796617,
    52.515798414361));
#1899 = CARTESIAN_POINT('',(174.55247538738,-68.46221323448,
    51.759866701846));
#1900 = CARTESIAN_POINT('',(174.48192013429,-68.1078638294,
    50.333886522421));
#1901 = CARTESIAN_POINT('',(174.41121349182,-68.84581735264,
    48.778427970389));
#1902 = CARTESIAN_POINT('',(174.34062594901,-70.74745552677,
    48.069790753386));
#1903 = CARTESIAN_POINT('',(174.27003859822,-72.50352426753,
    49.086951993907));
#1904 = CARTESIAN_POINT('',(174.19933178684,-72.9705021692,
    50.744045341493));
#1905 = CARTESIAN_POINT('',(174.12877666363,-72.38229870835,
    52.09052210156));
#1906 = CARTESIAN_POINT('',(174.05811880445,-71.31353296236,
    52.675696758578));
#1907 = CARTESIAN_POINT('',(173.91688319217,-69.33476512553,
    52.452743101665));
#1908 = CARTESIAN_POINT('',(173.84622533886,-68.4230092335,
    51.644417181383));
#1909 = CARTESIAN_POINT('',(173.77567019442,-68.14917262588,
    50.200811803859));
#1910 = CARTESIAN_POINT('',(173.70496343086,-68.97318047521,
    48.689177658926));
#1911 = CARTESIAN_POINT('',(173.63437599943,-70.91156062014,
    48.088280963198));
#1912 = CARTESIAN_POINT('',(173.56378856473,-72.60783405897,
    49.202305579897));
#1913 = CARTESIAN_POINT('',(173.49308180405,-72.98116335006,
    50.882975673337));
#1914 = CARTESIAN_POINT('',(173.4225266574,-72.31838768925,
    52.194353345074));
#1915 = CARTESIAN_POINT('',(173.35186880555,-71.21849230434,
    52.718681240801));
#1916 = CARTESIAN_POINT('',(173.21063319163,-69.2553385467,
    52.38512793363));
#1917 = CARTESIAN_POINT('',(173.13997533968,-68.39034021113,
    51.526951098919));
#1918 = CARTESIAN_POINT('',(173.06942019341,-68.19787799841,
    50.070262638624));
#1919 = CARTESIAN_POINT('',(172.99871343188,-69.10534753341,
    48.607209062477));
#1920 = CARTESIAN_POINT('',(172.9281259986,-71.07437079438,
    48.115943530039));
#1921 = CARTESIAN_POINT('',(172.85753856528,-72.70551182276,
    49.3233263903));
#1922 = CARTESIAN_POINT('',(172.78683180377,-72.98401787405,
    51.022285219103));
#1923 = CARTESIAN_POINT('',(172.71627665749,-72.24875534939,
    52.294437723463));
#1924 = CARTESIAN_POINT('',(172.64561880553,-71.12119100377,
    52.756269128273));
#1925 = CARTESIAN_POINT('',(172.50438319164,-69.17982813326,
    52.313165652969));
#1926 = CARTESIAN_POINT('',(172.43372533967,-68.36430895901,
    51.407838045631));
#1927 = CARTESIAN_POINT('',(172.36317019343,-68.2538266984,
    49.942649783404));
#1928 = CARTESIAN_POINT('',(172.29246343185,-69.24190268431,
    48.532780083849));
#1929 = CARTESIAN_POINT('',(172.22187599863,-71.23537378556,
    48.152691417837));
#1930 = CARTESIAN_POINT('',(172.15128856525,-72.79625023042,
    49.449633648477));
#1931 = CARTESIAN_POINT('',(172.08058180379,-72.97905675879,
    51.161535659623));
#1932 = CARTESIAN_POINT('',(172.01002665749,-72.17362077823,
    52.390460334172));
#1933 = CARTESIAN_POINT('',(171.93936880554,-71.02193520649,
    52.788342155604));
#1934 = CARTESIAN_POINT('',(171.79813319164,-69.10847146892,
    52.237082679634));
#1935 = CARTESIAN_POINT('',(171.72747533968,-68.34499738103,
    51.287452795263));
#1936 = CARTESIAN_POINT('',(171.6569201934,-68.3168426906,
    49.818374755435));
#1937 = CARTESIAN_POINT('',(171.58621343191,-69.38241627481,
    48.466124904164));
#1938 = CARTESIAN_POINT('',(171.51562599856,-71.39406301876,
    48.198409004123));
#1939 = CARTESIAN_POINT('',(171.44503856531,-72.87976378531,
    49.580829945077));
#1940 = CARTESIAN_POINT('',(171.37433180375,-72.96629561382,
    51.300288861488));
#1941 = CARTESIAN_POINT('',(171.3037766575,-72.09322037692,
    52.482119054545));
#1942 = CARTESIAN_POINT('',(171.23311880553,-70.92103720795,
    52.814799409187));
#1943 = CARTESIAN_POINT('',(171.09188319164,-69.04149306815,
    52.157118398807));
#1944 = CARTESIAN_POINT('',(171.02122533967,-68.33246623856,
    51.166174124347));
#1945 = CARTESIAN_POINT('',(170.95067019341,-68.38672770338,
    49.697828569945));
#1946 = CARTESIAN_POINT('',(170.87996343188,-69.52644619718,
    48.407453245263));
#1947 = CARTESIAN_POINT('',(170.80937599859,-71.54993919893,
    48.252952444471));
#1948 = CARTESIAN_POINT('',(170.73878856529,-72.95578972291,
    49.716502488005));
#1949 = CARTESIAN_POINT('',(170.66808180377,-72.9457745904,
    51.438108255794));
#1950 = CARTESIAN_POINT('',(170.5975266575,-72.00780711486,
    52.569125492336));
#1951 = CARTESIAN_POINT('',(170.52686880553,-70.81881447058,
    52.835557644711));
#1952 = CARTESIAN_POINT('',(170.38563319164,-68.97910366979,
    52.0735244077));
#1953 = CARTESIAN_POINT('',(170.31497533968,-68.32675495921,
    51.044383620451));
#1954 = CARTESIAN_POINT('',(170.24442019341,-68.46326185265,
    49.581390509827));
#1955 = CARTESIAN_POINT('',(170.17371343188,-69.67353927998,
    48.356949709896));
#1956 = CARTESIAN_POINT('',(170.1031259986,-71.70251188193,
    48.316150125035));
#1957 = CARTESIAN_POINT('',(170.03253856528,-73.02408883749,
    49.856224401246));
#1958 = CARTESIAN_POINT('',(169.96183180377,-72.91755825527,
    51.574560211739));
#1959 = CARTESIAN_POINT('',(169.89127665749,-71.91764973379,
    52.651205893101));
#1960 = CARTESIAN_POINT('',(169.82061880554,-70.71558862494,
    52.850551549089));
#1961 = CARTESIAN_POINT('',(169.67938319164,-68.92149957396,
    51.986563723936));
#1962 = CARTESIAN_POINT('',(169.60872533968,-68.32788151279,
    50.922464481561));
#1963 = CARTESIAN_POINT('',(169.53817019341,-68.54620433365,
    49.469426932292));
#1964 = CARTESIAN_POINT('',(169.46746343189,-69.82323271398,
    48.314773200873));
#1965 = CARTESIAN_POINT('',(169.39687599858,-71.85130101767,
    48.387803202528));
#1966 = CARTESIAN_POINT('',(169.3262885653,-73.08444623476,
    49.999556067973));
#1967 = CARTESIAN_POINT('',(169.25558180376,-72.88173538746,
    51.709215400985));
#1968 = CARTESIAN_POINT('',(169.1850266575,-71.82303190218,
    52.728102001535));
#1969 = CARTESIAN_POINT('',(169.11436880553,-70.61168445773,
    52.859733945951));
#1970 = CARTESIAN_POINT('',(168.97313319164,-68.86886202447,
    51.896509957997));
#1971 = CARTESIAN_POINT('',(168.90247533968,-68.33584235474,
    50.800800310393));
#1972 = CARTESIAN_POINT('',(168.8319201934,-68.63529417866,
    49.362290116181));
#1973 = CARTESIAN_POINT('',(168.7612134319,-69.97505550823,
    48.281056421092));
#1974 = CARTESIAN_POINT('',(168.69062599857,-71.99583846048,
    48.467686229861));
#1975 = CARTESIAN_POINT('',(168.62003856531,-73.13667200803,
    50.146046513734));
#1976 = CARTESIAN_POINT('',(168.54933180376,-72.83841869896,
    51.841650148491));
#1977 = CARTESIAN_POINT('',(168.4787766575,-71.72425132273,
    52.79957187403));
#1978 = CARTESIAN_POINT('',(168.40811880553,-70.50742888989,
    52.863075944078));
#1979 = CARTESIAN_POINT('',(168.26688319164,-68.8213566385,
    51.803646452348));
#1980 = CARTESIAN_POINT('',(168.19622533969,-68.35061243729,
    50.679773907439));
#1981 = CARTESIAN_POINT('',(168.12567019337,-68.73025107805,
    49.260317153555));
#1982 = CARTESIAN_POINT('',(168.05496343194,-70.12852997207,
    48.255905456018));
#1983 = CARTESIAN_POINT('',(167.98437599852,-72.13566944207,
    48.555547865474));
#1984 = CARTESIAN_POINT('',(167.91378856535,-73.18060183569,
    50.295234825391));
#1985 = CARTESIAN_POINT('',(167.84308180373,-72.7877444801,
    51.971447765543));
#1986 = CARTESIAN_POINT('',(167.77252665751,-71.62161879569,
    52.865390639928));
#1987 = CARTESIAN_POINT('',(167.70186880553,-70.40314994801,
    52.860567028309));
#1988 = CARTESIAN_POINT('',(167.56063319164,-68.77913288559,
    51.708265389935));
#1989 = CARTESIAN_POINT('',(167.48997533968,-68.37214528832,
    50.559766066538));
#1990 = CARTESIAN_POINT('',(167.4194201934,-68.83077626229,
    49.163828889081));
#1991 = CARTESIAN_POINT('',(167.34871343189,-70.28317321805,
    48.239399439888));
#1992 = CARTESIAN_POINT('',(167.27812599858,-72.27035400247,
    48.651111664161));
#1993 = CARTESIAN_POINT('',(167.2075385653,-73.21609749824,
    50.446651601318));
#1994 = CARTESIAN_POINT('',(167.13683180376,-72.72987217073,
    52.098199860818));
#1995 = CARTESIAN_POINT('',(167.0662766575,-71.51545724095,
    52.925351209039));
#1996 = CARTESIAN_POINT('',(166.99561880553,-70.29917573223,
    52.852215092619));
#1997 = CARTESIAN_POINT('',(166.85438319164,-68.74232361728,
    51.610666874867));
#1998 = CARTESIAN_POINT('',(166.78372533968,-68.4003731575,
    50.44115437676));
#1999 = CARTESIAN_POINT('',(166.7131701934,-68.93655344196,
    49.073128910531));
#2000 = CARTESIAN_POINT('',(166.6424634319,-70.4384986813,
    48.231590306744));
#2001 = CARTESIAN_POINT('',(166.57187599857,-72.39946837421,
    48.754076946849));
#2002 = CARTESIAN_POINT('',(166.5012885653,-73.2430473132,
    50.599820428323));
#2003 = CARTESIAN_POINT('',(166.43058180376,-72.66498385853,
    52.221507625332));
#2004 = CARTESIAN_POINT('',(166.36002665749,-71.40610068206,
    52.97926492323));
#2005 = CARTESIAN_POINT('',(166.28936880554,-70.1958333839,
    52.838046415289));
#2006 = CARTESIAN_POINT('',(166.14813319162,-68.71104464915,
    51.511157988182));
#2007 = CARTESIAN_POINT('',(166.07747533978,-68.43520722951,
    50.324312034353));
#2008 = CARTESIAN_POINT('',(166.00692019313,-69.04724980294,
    48.988502593615));
#2009 = CARTESIAN_POINT('',(165.93621343243,-70.59401765044,
    48.23250262697));
#2010 = CARTESIAN_POINT('',(165.86562599777,-72.52260631572,
    48.864119746714));
#2011 = CARTESIAN_POINT('',(165.79503856628,-73.26136648646,
    50.754259380554));
#2012 = CARTESIAN_POINT('',(165.72433180278,-72.59328370617,
    52.340983087288));
#2013 = CARTESIAN_POINT('',(165.6537766583,-71.29389319517,
    53.026962149968));
#2014 = CARTESIAN_POINT('',(165.58311880501,-70.09344805628,
    52.818105576248));
#2015 = CARTESIAN_POINT('',(165.44188319271,-68.68539439637,
    51.410051821593));
#2016 = CARTESIAN_POINT('',(165.3712253336,-68.47653790364,
    50.209606668885));
#2017 = CARTESIAN_POINT('',(165.30067021022,-69.16251705305,
    48.910216203124));
#2018 = CARTESIAN_POINT('',(165.22996339912,-70.74924080614,
    48.242133531835));
#2019 = CARTESIAN_POINT('',(165.15937604798,-72.63938038817,
    48.980893825747));
#2020 = CARTESIAN_POINT('',(165.0887885055,-73.27099738073,
    50.909482539128));
#2021 = CARTESIAN_POINT('',(165.01808186279,-72.51499730727,
    52.456250329532));
#2022 = CARTESIAN_POINT('',(164.94752660983,-71.17918782785,
    53.068292818675));
#2023 = CARTESIAN_POINT('',(164.87686883674,-69.99234189066,
    52.792455315086));
#2024 = CARTESIAN_POINT('',(164.73563312803,-68.66545356585,
    51.307666495903));
#2025 = CARTESIAN_POINT('',(164.66497569848,-68.52423512859,
    50.097399166712));
#2026 = CARTESIAN_POINT('',(164.59441920267,-69.28199254567,
    48.838516109912));
#2027 = CARTESIAN_POINT('',(164.52371535996,-70.9036797068,
    48.260452615996));
#2028 = CARTESIAN_POINT('',(164.4531230959,-72.74942325558,
    49.104031924473));
#2029 = CARTESIAN_POINT('',(164.38254207506,-73.27190959877,
    51.065001327177));
#2030 = CARTESIAN_POINT('',(164.3118283417,-72.4303710734,
    52.566946863507));
#2031 = CARTESIAN_POINT('',(164.24127945097,-71.06234541007,
    53.103126738635));
#2032 = CARTESIAN_POINT('',(164.17061697734,-69.89283305388,
    52.761176434624));
#2033 = CARTESIAN_POINT('',(164.10000194718,-69.27205892598,
    51.982750194473));
#2034 = PCURVE('',#486,#2035);
#2035 = DEFINITIONAL_REPRESENTATION('',(#2036),#2040);
#2036 = LINE('',#2037,#2038);
#2037 = CARTESIAN_POINT('',(0.598889910268,0.));
#2038 = VECTOR('',#2039,1.);
#2039 = DIRECTION('',(0.,1.));
#2040 = ( GEOMETRIC_REPRESENTATION_CONTEXT(2) 
PARAMETRIC_REPRESENTATION_CONTEXT() REPRESENTATION_CONTEXT('2D SPACE',''
  ) );
#2041 = PCURVE('',#1285,#2042);
#2042 = DEFINITIONAL_REPRESENTATION('',(#2043),#2047);
#2043 = LINE('',#2044,#2045);
#2044 = CARTESIAN_POINT('',(0.,0.));
#2045 = VECTOR('',#2046,1.);
#2046 = DIRECTION('',(0.,1.));
#2047 = ( GEOMETRIC_REPRESENTATION_CONTEXT(2) 
PARAMETRIC_REPRESENTATION_CONTEXT() REPRESENTATION_CONTEXT('2D SPACE',''
  ) );
#2048 = ORIENTED_EDGE('',*,*,#2049,.F.);
#2049 = EDGE_CURVE('',#2050,#1884,#2052,.T.);
#2050 = VERTEX_POINT('',#2051);
#2051 = CARTESIAN_POINT('',(164.30595428495,-68.96761028822,
    52.225540003946));
#2052 = SURFACE_CURVE('',#2053,(#2056,#2063),.PCURVE_S1.);
#2053 = B_SPLINE_CURVE_WITH_KNOTS('',1,(#2054,#2055),.UNSPECIFIED.,.F.,
  .F.,(2,2),(0.,0.598889910268),.PIECEWISE_BEZIER_KNOTS.);
#2054 = CARTESIAN_POINT('',(164.37999960818,-68.85815293496,
    52.312829374457));
#2055 = CARTESIAN_POINT('',(164.10000194718,-69.27205892598,
    51.982750194473));
#2056 = PCURVE('',#486,#2057);
#2057 = DEFINITIONAL_REPRESENTATION('',(#2058),#2062);
#2058 = LINE('',#2059,#2060);
#2059 = CARTESIAN_POINT('',(0.,102.05607946074));
#2060 = VECTOR('',#2061,1.);
#2061 = DIRECTION('',(1.,0.));
#2062 = ( GEOMETRIC_REPRESENTATION_CONTEXT(2) 
PARAMETRIC_REPRESENTATION_CONTEXT() REPRESENTATION_CONTEXT('2D SPACE',''
  ) );
#2063 = PCURVE('',#2064,#2069);
#2064 = PLANE('',#2065);
#2065 = AXIS2_PLACEMENT_3D('',#2066,#2067,#2068);
#2066 = CARTESIAN_POINT('',(164.1000004051,-68.99917471698,
    52.200368199264));
#2067 = DIRECTION('',(-9.398762352591E-14,0.623489994276,-0.78183132902)
  );
#2068 = DIRECTION('',(-6.922129472688E-17,-0.78183132902,-0.623489994276
    ));
#2069 = DEFINITIONAL_REPRESENTATION('',(#2070),#2073);
#2070 = B_SPLINE_CURVE_WITH_KNOTS('',1,(#2071,#2072),.UNSPECIFIED.,.F.,
  .F.,(2,2),(0.,0.598889910268),.PIECEWISE_BEZIER_KNOTS.);
#2071 = CARTESIAN_POINT('',(-0.180373664735,-0.27999920308));
#2072 = CARTESIAN_POINT('',(0.349032072349,-1.542085271922E-06));
#2073 = ( GEOMETRIC_REPRESENTATION_CONTEXT(2) 
PARAMETRIC_REPRESENTATION_CONTEXT() REPRESENTATION_CONTEXT('2D SPACE',''
  ) );
#2074 = ORIENTED_EDGE('',*,*,#2075,.F.);
#2075 = EDGE_CURVE('',#2076,#2050,#2078,.T.);
#2076 = VERTEX_POINT('',#2077);
#2077 = CARTESIAN_POINT('',(164.40596336084,-70.5,52.9635));
#2078 = SURFACE_CURVE('',#2079,(#2088,#2100),.PCURVE_S1.);
#2079 = B_SPLINE_CURVE_WITH_KNOTS('',7,(#2080,#2081,#2082,#2083,#2084,
    #2085,#2086,#2087),.UNSPECIFIED.,.F.,.F.,(8,8),(0.,1.),
  .PIECEWISE_BEZIER_KNOTS.);
#2080 = CARTESIAN_POINT('',(164.40596336084,-70.5,52.9635));
#2081 = CARTESIAN_POINT('',(164.39168133968,-70.24880025035,52.9635));
#2082 = CARTESIAN_POINT('',(164.37737682205,-69.99726785462,
    52.925938764927));
#2083 = CARTESIAN_POINT('',(164.36308224152,-69.75266660584,
    52.850644310669));
#2084 = CARTESIAN_POINT('',(164.3487936017,-69.52170395602,
    52.739392351318));
#2085 = CARTESIAN_POINT('',(164.33452187697,-69.31042226709,
    52.595134667933));
#2086 = CARTESIAN_POINT('',(164.32023714925,-69.12427550815,
    52.421991978057));
#2087 = CARTESIAN_POINT('',(164.30595428495,-68.96761028822,
    52.225540003946));
#2088 = PCURVE('',#486,#2089);
#2089 = DEFINITIONAL_REPRESENTATION('',(#2090),#2099);
#2090 = B_SPLINE_CURVE_WITH_KNOTS('',7,(#2091,#2092,#2093,#2094,#2095,
    #2096,#2097,#2098),.UNSPECIFIED.,.F.,.F.,(8,8),(0.,1.),
  .PIECEWISE_BEZIER_KNOTS.);
#2091 = CARTESIAN_POINT('',(0.158357963106,101.1529232831));
#2092 = CARTESIAN_POINT('',(0.158365253819,101.28188073221));
#2093 = CARTESIAN_POINT('',(0.15837946298,101.41101205014));
#2094 = CARTESIAN_POINT('',(0.158394694784,101.54004916538));
#2095 = CARTESIAN_POINT('',(0.158406823278,101.66904558334));
#2096 = CARTESIAN_POINT('',(0.158383967823,101.79803692156));
#2097 = CARTESIAN_POINT('',(0.158375218273,101.92708653115));
#2098 = CARTESIAN_POINT('',(0.158376312238,102.05607946074));
#2099 = ( GEOMETRIC_REPRESENTATION_CONTEXT(2) 
PARAMETRIC_REPRESENTATION_CONTEXT() REPRESENTATION_CONTEXT('2D SPACE',''
  ) );
#2100 = PCURVE('',#2101,#2106);
#2101 = CYLINDRICAL_SURFACE('',#2102,1.96);
#2102 = AXIS2_PLACEMENT_3D('',#2103,#2104,#2105);
#2103 = CARTESIAN_POINT('',(175.75000005,-70.5,51.0035));
#2104 = DIRECTION('',(-1.,0.,1.110223024625E-16));
#2105 = DIRECTION('',(1.110223024625E-16,0.,1.));
#2106 = DEFINITIONAL_REPRESENTATION('',(#2107),#2116);
#2107 = B_SPLINE_CURVE_WITH_KNOTS('',7,(#2108,#2109,#2110,#2111,#2112,
    #2113,#2114,#2115),.UNSPECIFIED.,.F.,.F.,(8,8),(0.,1.),
  .PIECEWISE_BEZIER_KNOTS.);
#2108 = CARTESIAN_POINT('',(0.,11.344036689157));
#2109 = CARTESIAN_POINT('',(0.128163137574,11.358318710313));
#2110 = CARTESIAN_POINT('',(0.256495991845,11.372623227946));
#2111 = CARTESIAN_POINT('',(0.384731299552,11.386917808478));
#2112 = CARTESIAN_POINT('',(0.512923313415,11.401206448296));
#2113 = CARTESIAN_POINT('',(0.641117905369,11.415478173027));
#2114 = CARTESIAN_POINT('',(0.769398158555,11.429762900744));
#2115 = CARTESIAN_POINT('',(0.897597906048,11.444045765048));
#2116 = ( GEOMETRIC_REPRESENTATION_CONTEXT(2) 
PARAMETRIC_REPRESENTATION_CONTEXT() REPRESENTATION_CONTEXT('2D SPACE',''
  ) );
#2117 = ORIENTED_EDGE('',*,*,#2118,.F.);
#2118 = EDGE_CURVE('',#2119,#2076,#2121,.T.);
#2119 = VERTEX_POINT('',#2120);
#2120 = CARTESIAN_POINT('',(165.10596153324,-70.5,52.9635));
#2121 = SURFACE_CURVE('',#2122,(#2181,#2243),.PCURVE_S1.);
#2122 = B_SPLINE_CURVE_WITH_KNOTS('',8,(#2123,#2124,#2125,#2126,#2127,
    #2128,#2129,#2130,#2131,#2132,#2133,#2134,#2135,#2136,#2137,#2138,
    #2139,#2140,#2141,#2142,#2143,#2144,#2145,#2146,#2147,#2148,#2149,
    #2150,#2151,#2152,#2153,#2154,#2155,#2156,#2157,#2158,#2159,#2160,
    #2161,#2162,#2163,#2164,#2165,#2166,#2167,#2168,#2169,#2170,#2171,
    #2172,#2173,#2174,#2175,#2176,#2177,#2178,#2179,#2180),
  .UNSPECIFIED.,.F.,.F.,(9,7,7,7,7,7,7,7,9),(0.,8.332865817937E-02,
    0.166067735237,0.322544870887,0.491472029167,0.604028428107,
    0.725180121629,0.875545256257,1.),.UNSPECIFIED.);
#2123 = CARTESIAN_POINT('',(165.10596153324,-70.5,52.9635));
#2124 = CARTESIAN_POINT('',(165.0986725222,-70.37180759475,52.9635));
#2125 = CARTESIAN_POINT('',(165.09138082095,-70.24357252271,
    52.953912412325));
#2126 = CARTESIAN_POINT('',(165.08408807801,-70.11617025809,
    52.934739673356));
#2127 = CARTESIAN_POINT('',(165.07679553037,-69.99044885423,
    52.906069093914));
#2128 = CARTESIAN_POINT('',(165.0695040036,-69.86722894358,
    52.868072859266));
#2129 = CARTESIAN_POINT('',(165.06221391174,-69.74730373769,
    52.821008029117));
#2130 = CARTESIAN_POINT('',(165.05492525738,-69.63143902719,
    52.76521653762));
#2131 = CARTESIAN_POINT('',(165.04040156853,-69.41009316849,
    52.637487319112));
#2132 = CARTESIAN_POINT('',(165.03316342681,-69.30449257378,
    52.565636203738));
#2133 = CARTESIAN_POINT('',(165.02592611997,-69.20432433635,
    52.485989880271));
#2134 = CARTESIAN_POINT('',(165.01868842105,-69.11027234604,
    52.399047333056));
#2135 = CARTESIAN_POINT('',(165.01144919352,-69.02295200808,
    52.305368975149));
#2136 = CARTESIAN_POINT('',(165.00420910549,-68.94291095505,
    52.205565946587));
#2137 = CARTESIAN_POINT('',(164.99696982737,-68.87062990653,
    52.100298233523));
#2138 = CARTESIAN_POINT('',(164.97604001265,-68.68528520532,
    51.782216845974));
#2139 = CARTESIAN_POINT('',(164.96233555442,-68.5931459638,
    51.556926404198));
#2140 = CARTESIAN_POINT('',(164.94864388593,-68.5331765873,
    51.319470701754));
#2141 = CARTESIAN_POINT('',(164.93496388034,-68.50708217852,
    51.075252214652));
#2142 = CARTESIAN_POINT('',(164.92128350672,-68.51553756139,
    50.829771195486));
#2143 = CARTESIAN_POINT('',(164.90759153158,-68.55828780807,
    50.588577516829));
#2144 = CARTESIAN_POINT('',(164.89388818338,-68.63401490891,
    50.357221163846));
#2145 = CARTESIAN_POINT('',(164.86542025209,-68.85435837868,
    49.907583423857));
#2146 = CARTESIAN_POINT('',(164.85061317522,-69.00432326682,
    49.691095737869));
#2147 = CARTESIAN_POINT('',(164.8358169826,-69.1867184512,
    49.498502884843));
#2148 = CARTESIAN_POINT('',(164.82103294905,-69.39685272014,
    49.33529454408));
#2149 = CARTESIAN_POINT('',(164.80625596532,-69.62927967779,
    49.205869017563));
#2150 = CARTESIAN_POINT('',(164.79147540014,-69.87781677825,
    49.113459052578));
#2151 = CARTESIAN_POINT('',(164.77668334849,-70.13565312711,
    49.060192254701));
#2152 = CARTESIAN_POINT('',(164.75206516918,-70.56825219404,
    49.037043709593));
#2153 = CARTESIAN_POINT('',(164.74221976107,-70.74223974159,
    49.045271420604));
#2154 = CARTESIAN_POINT('',(164.73237302605,-70.91506319981,
    49.071078213864));
#2155 = CARTESIAN_POINT('',(164.72252516024,-71.08464075447,
    49.114279539752));
#2156 = CARTESIAN_POINT('',(164.71267650832,-71.24897768754,
    49.174411301065));
#2157 = CARTESIAN_POINT('',(164.70282756349,-71.40616637722,
    49.25072985302));
#2158 = CARTESIAN_POINT('',(164.69297896756,-71.55438629794,
    49.342212003253));
#2159 = CARTESIAN_POINT('',(164.67253205966,-71.83992319223,
    49.560942469204));
#2160 = CARTESIAN_POINT('',(164.66193221639,-71.97566643312,
    49.690489393472));
#2161 = CARTESIAN_POINT('',(164.65133238329,-72.09699805968,
    49.834515173445));
#2162 = CARTESIAN_POINT('',(164.64073283275,-72.20211759144,
    49.991138652091));
#2163 = CARTESIAN_POINT('',(164.63013370737,-72.28955975084,
    50.158278126527));
#2164 = CARTESIAN_POINT('',(164.61953501987,-72.35819446319,
    50.333651348018));
#2165 = CARTESIAN_POINT('',(164.6089366532,-72.40722685672,
    50.514775521975));
#2166 = CARTESIAN_POINT('',(164.58518448969,-72.47215333417,
    50.927573461872));
#2167 = CARTESIAN_POINT('',(164.57201825324,-72.47729231763,
    51.161229743153));
#2168 = CARTESIAN_POINT('',(164.55885701359,-72.45071366149,
    51.394783737924));
#2169 = CARTESIAN_POINT('',(164.54569855102,-72.39269596685,
    51.62321811053));
#2170 = CARTESIAN_POINT('',(164.53253907302,-72.30437319891,
    51.841744067824));
#2171 = CARTESIAN_POINT('',(164.51937596856,-72.18765161063,
    52.045810137678));
#2172 = CARTESIAN_POINT('',(164.50620979075,-72.04529681861,
    52.231178546783));
#2173 = CARTESIAN_POINT('',(164.48217604611,-71.74523441519,
    52.529169433739));
#2174 = CARTESIAN_POINT('',(164.47128763982,-71.59420362153,
    52.649017938226));
#2175 = CARTESIAN_POINT('',(164.46040197406,-71.43006957098,
    52.75168314303));
#2176 = CARTESIAN_POINT('',(164.4495183859,-71.2551511552,
    52.835527362801));
#2177 = CARTESIAN_POINT('',(164.43863359541,-71.0719523836,
    52.89929931941));
#2178 = CARTESIAN_POINT('',(164.42774454586,-70.88313356985,
    52.942115507762));
#2179 = CARTESIAN_POINT('',(164.41685140808,-70.6915047395,52.9635));
#2180 = CARTESIAN_POINT('',(164.40596336084,-70.5,52.9635));
#2181 = PCURVE('',#486,#2182);
#2182 = DEFINITIONAL_REPRESENTATION('',(#2183),#2242);
#2183 = B_SPLINE_CURVE_WITH_KNOTS('',8,(#2184,#2185,#2186,#2187,#2188,
    #2189,#2190,#2191,#2192,#2193,#2194,#2195,#2196,#2197,#2198,#2199,
    #2200,#2201,#2202,#2203,#2204,#2205,#2206,#2207,#2208,#2209,#2210,
    #2211,#2212,#2213,#2214,#2215,#2216,#2217,#2218,#2219,#2220,#2221,
    #2222,#2223,#2224,#2225,#2226,#2227,#2228,#2229,#2230,#2231,#2232,
    #2233,#2234,#2235,#2236,#2237,#2238,#2239,#2240,#2241),
  .UNSPECIFIED.,.F.,.F.,(9,7,7,7,7,7,7,7,9),(0.,8.332865817937E-02,
    0.166067735237,0.322544870887,0.491472029167,0.604028428107,
    0.725180121629,0.875545256257,1.),.UNSPECIFIED.);
#2184 = CARTESIAN_POINT('',(0.158361666717,94.830866130698));
#2185 = CARTESIAN_POINT('',(0.158366524688,94.896676383932));
#2186 = CARTESIAN_POINT('',(0.158373092447,94.962503689672));
#2187 = CARTESIAN_POINT('',(0.158379905272,95.028339331342));
#2188 = CARTESIAN_POINT('',(0.158385826265,95.094176933912));
#2189 = CARTESIAN_POINT('',(0.158390046349,95.160012463897));
#2190 = CARTESIAN_POINT('',(0.158392084274,95.225844229355));
#2191 = CARTESIAN_POINT('',(0.158391786611,95.291672879888));
#2192 = CARTESIAN_POINT('',(0.158386886299,95.422864172194));
#2193 = CARTESIAN_POINT('',(0.158382805517,95.488252745445));
#2194 = CARTESIAN_POINT('',(0.158377310178,95.553639525235));
#2195 = CARTESIAN_POINT('',(0.158373441263,95.619023466395));
#2196 = CARTESIAN_POINT('',(0.158373249798,95.684406345528));
#2197 = CARTESIAN_POINT('',(0.158376266382,95.749783356839));
#2198 = CARTESIAN_POINT('',(0.158380246435,95.815148038033));
#2199 = CARTESIAN_POINT('',(0.158391651424,96.004127739773));
#2200 = CARTESIAN_POINT('',(0.158398784767,96.12786915566));
#2201 = CARTESIAN_POINT('',(0.158393482567,96.251547612844));
#2202 = CARTESIAN_POINT('',(0.158374661597,96.375177989474));
#2203 = CARTESIAN_POINT('',(0.158356335072,96.498809757874));
#2204 = CARTESIAN_POINT('',(0.158349894637,96.622496219848));
#2205 = CARTESIAN_POINT('',(0.158351046815,96.746253389768));
#2206 = CARTESIAN_POINT('',(0.158365189091,97.003302331411));
#2207 = CARTESIAN_POINT('',(0.158378832712,97.136975129329));
#2208 = CARTESIAN_POINT('',(0.158394635043,97.270540476394));
#2209 = CARTESIAN_POINT('',(0.158404032552,97.40402298727));
#2210 = CARTESIAN_POINT('',(0.158402339854,97.537488598021));
#2211 = CARTESIAN_POINT('',(0.158394787102,97.671011263885));
#2212 = CARTESIAN_POINT('',(0.158385764177,97.804643868368));
#2213 = CARTESIAN_POINT('',(0.158373185536,98.02703623463));
#2214 = CARTESIAN_POINT('',(0.158368953091,98.115972980114));
#2215 = CARTESIAN_POINT('',(0.158366140801,98.204915722834));
#2216 = CARTESIAN_POINT('',(0.158365026452,98.293861522476));
#2217 = CARTESIAN_POINT('',(0.158365542818,98.382807551756));
#2218 = CARTESIAN_POINT('',(0.158367277661,98.471751096418));
#2219 = CARTESIAN_POINT('',(0.158369473732,98.560689555232));
#2220 = CARTESIAN_POINT('',(0.158372702558,98.745342472663));
#2221 = CARTESIAN_POINT('',(0.158373751405,98.841070696191));
#2222 = CARTESIAN_POINT('',(0.158373735486,98.936803327304));
#2223 = CARTESIAN_POINT('',(0.158372558272,99.032538306859));
#2224 = CARTESIAN_POINT('',(0.158370466531,99.128273299852));
#2225 = CARTESIAN_POINT('',(0.158368050325,99.224005695415));
#2226 = CARTESIAN_POINT('',(0.158366243014,99.319732606816));
#2227 = CARTESIAN_POINT('',(0.15836641836,99.534249786535));
#2228 = CARTESIAN_POINT('',(0.15836889454,99.653150311773));
#2229 = CARTESIAN_POINT('',(0.158374634638,99.77199190213));
#2230 = CARTESIAN_POINT('',(0.158383775774,99.890794033461));
#2231 = CARTESIAN_POINT('',(0.158393292499,100.00960374867));
#2232 = CARTESIAN_POINT('',(0.158399086961,100.12846195215));
#2233 = CARTESIAN_POINT('',(0.158399174891,100.24737204253));
#2234 = CARTESIAN_POINT('',(0.158390737101,100.46446873465));
#2235 = CARTESIAN_POINT('',(0.158383668938,100.5628373821));
#2236 = CARTESIAN_POINT('',(0.158373903971,100.66119269278));
#2237 = CARTESIAN_POINT('',(0.158363040774,100.75953390004));
#2238 = CARTESIAN_POINT('',(0.158354317852,100.85787694035));
#2239 = CARTESIAN_POINT('',(0.158350623313,100.95623720457));
#2240 = CARTESIAN_POINT('',(0.158352404955,101.05461123171));
#2241 = CARTESIAN_POINT('',(0.158357963106,101.1529232831));
#2242 = ( GEOMETRIC_REPRESENTATION_CONTEXT(2) 
PARAMETRIC_REPRESENTATION_CONTEXT() REPRESENTATION_CONTEXT('2D SPACE',''
  ) );
#2243 = PCURVE('',#2244,#2249);
#2244 = CYLINDRICAL_SURFACE('',#2245,1.96);
#2245 = AXIS2_PLACEMENT_3D('',#2246,#2247,#2248);
#2246 = CARTESIAN_POINT('',(175.75000005,-70.5,51.0035));
#2247 = DIRECTION('',(-1.,0.,1.110223024625E-16));
#2248 = DIRECTION('',(1.110223024625E-16,0.,1.));
#2249 = DEFINITIONAL_REPRESENTATION('',(#2250),#2309);
#2250 = B_SPLINE_CURVE_WITH_KNOTS('',8,(#2251,#2252,#2253,#2254,#2255,
    #2256,#2257,#2258,#2259,#2260,#2261,#2262,#2263,#2264,#2265,#2266,
    #2267,#2268,#2269,#2270,#2271,#2272,#2273,#2274,#2275,#2276,#2277,
    #2278,#2279,#2280,#2281,#2282,#2283,#2284,#2285,#2286,#2287,#2288,
    #2289,#2290,#2291,#2292,#2293,#2294,#2295,#2296,#2297,#2298,#2299,
    #2300,#2301,#2302,#2303,#2304,#2305,#2306,#2307,#2308),
  .UNSPECIFIED.,.F.,.F.,(9,7,7,7,7,7,7,7,9),(0.,8.332865817937E-02,
    0.166067735237,0.322544870887,0.491472029167,0.604028428107,
    0.725180121629,0.875545256257,1.),.UNSPECIFIED.);
#2251 = CARTESIAN_POINT('',(0.,10.644038516753));
#2252 = CARTESIAN_POINT('',(6.540428838865E-02,10.651327527799));
#2253 = CARTESIAN_POINT('',(0.130824567518,10.658619229043));
#2254 = CARTESIAN_POINT('',(0.196252326428,10.66591197199));
#2255 = CARTESIAN_POINT('',(0.261681532758,10.673204519623));
#2256 = CARTESIAN_POINT('',(0.327108632738,10.6804960464));
#2257 = CARTESIAN_POINT('',(0.392532551196,10.68778613826));
#2258 = CARTESIAN_POINT('',(0.457954691556,10.695074792619));
#2259 = CARTESIAN_POINT('',(0.588340279354,10.709598481467));
#2260 = CARTESIAN_POINT('',(0.653328062003,10.716836623181));
#2261 = CARTESIAN_POINT('',(0.718321207582,10.724073930022));
#2262 = CARTESIAN_POINT('',(0.783308590929,10.731311628942));
#2263 = CARTESIAN_POINT('',(0.848287704706,10.738550856477));
#2264 = CARTESIAN_POINT('',(0.913261398623,10.745790944506));
#2265 = CARTESIAN_POINT('',(0.978232691082,10.753030222624));
#2266 = CARTESIAN_POINT('',(1.166060169488,10.773960037344));
#2267 = CARTESIAN_POINT('',(1.289041699942,10.787664495571));
#2268 = CARTESIAN_POINT('',(1.411948439768,10.801356164062));
#2269 = CARTESIAN_POINT('',(1.534808855984,10.815036169652));
#2270 = CARTESIAN_POINT('',(1.657677098075,10.828716543277));
#2271 = CARTESIAN_POINT('',(1.780602989508,10.842408518413));
#2272 = CARTESIAN_POINT('',(1.903600875218,10.85611186662));
#2273 = CARTESIAN_POINT('',(2.159072720389,10.884579797901));
#2274 = CARTESIAN_POINT('',(2.291925409762,10.899386874776));
#2275 = CARTESIAN_POINT('',(2.424669522402,10.914183067397));
#2276 = CARTESIAN_POINT('',(2.557328673382,10.928967100945));
#2277 = CARTESIAN_POINT('',(2.689971601228,10.943744084675));
#2278 = CARTESIAN_POINT('',(2.822673469748,10.958524649857));
#2279 = CARTESIAN_POINT('',(2.955486430812,10.973316701501));
#2280 = CARTESIAN_POINT('',(3.176516006355,10.997934880815));
#2281 = CARTESIAN_POINT('',(3.26490822311,11.007780288929));
#2282 = CARTESIAN_POINT('',(3.353306271424,11.017627023945));
#2283 = CARTESIAN_POINT('',(3.441706790471,11.027474889752));
#2284 = CARTESIAN_POINT('',(3.530106685924,11.03732354168));
#2285 = CARTESIAN_POINT('',(3.618503129954,11.047172486504));
#2286 = CARTESIAN_POINT('',(3.706893561234,11.05702108244));
#2287 = CARTESIAN_POINT('',(3.890407050755,11.077467990338));
#2288 = CARTESIAN_POINT('',(3.985543557942,11.088067833603));
#2289 = CARTESIAN_POINT('',(4.080684197684,11.098667666706));
#2290 = CARTESIAN_POINT('',(4.175827518942,11.109267217241));
#2291 = CARTESIAN_POINT('',(4.270971628444,11.11986634263));
#2292 = CARTESIAN_POINT('',(4.366114190687,11.130465030122));
#2293 = CARTESIAN_POINT('',(4.461252427933,11.141063396796));
#2294 = CARTESIAN_POINT('',(4.674452780957,11.164815560307));
#2295 = CARTESIAN_POINT('',(4.792624833342,11.177981796754));
#2296 = CARTESIAN_POINT('',(4.910739201165,11.19114303641));
#2297 = CARTESIAN_POINT('',(5.028813990751,11.204301498978));
#2298 = CARTESIAN_POINT('',(5.146894688334,11.217460976974));
#2299 = CARTESIAN_POINT('',(5.265021745796,11.230624081437));
#2300 = CARTESIAN_POINT('',(5.383199690585,11.243790259244));
#2301 = CARTESIAN_POINT('',(5.598959932402,11.267824003885));
#2302 = CARTESIAN_POINT('',(5.696723122056,11.27871241018));
#2303 = CARTESIAN_POINT('',(5.794473623772,11.289598075936));
#2304 = CARTESIAN_POINT('',(5.892211173031,11.300481664099));
#2305 = CARTESIAN_POINT('',(5.989951507674,11.311366454584));
#2306 = CARTESIAN_POINT('',(6.087708983824,11.322255504137));
#2307 = CARTESIAN_POINT('',(6.185478807434,11.333148641915));
#2308 = CARTESIAN_POINT('',(6.28318530718,11.344036689157));
#2309 = ( GEOMETRIC_REPRESENTATION_CONTEXT(2) 
PARAMETRIC_REPRESENTATION_CONTEXT() REPRESENTATION_CONTEXT('2D SPACE',''
  ) );
#2310 = ORIENTED_EDGE('',*,*,#2311,.F.);
#2311 = EDGE_CURVE('',#2312,#2119,#2314,.T.);
#2312 = VERTEX_POINT('',#2313);
#2313 = CARTESIAN_POINT('',(165.80595925343,-70.5,52.9635));
#2314 = SURFACE_CURVE('',#2315,(#2367,#2422),.PCURVE_S1.);
#2315 = B_SPLINE_CURVE_WITH_KNOTS('',8,(#2316,#2317,#2318,#2319,#2320,
    #2321,#2322,#2323,#2324,#2325,#2326,#2327,#2328,#2329,#2330,#2331,
    #2332,#2333,#2334,#2335,#2336,#2337,#2338,#2339,#2340,#2341,#2342,
    #2343,#2344,#2345,#2346,#2347,#2348,#2349,#2350,#2351,#2352,#2353,
    #2354,#2355,#2356,#2357,#2358,#2359,#2360,#2361,#2362,#2363,#2364,
    #2365,#2366),.UNSPECIFIED.,.F.,.F.,(9,7,7,7,7,7,7,9),(0.,
    8.887206224741E-02,0.239153508706,0.40553139502,0.553646148169,
    0.71785137045,0.881645664401,1.),.UNSPECIFIED.);
#2316 = CARTESIAN_POINT('',(165.80595925343,-70.5,52.9635));
#2317 = CARTESIAN_POINT('',(165.79818186465,-70.36322682765,52.9635));
#2318 = CARTESIAN_POINT('',(165.79040209266,-70.22640957698,
    52.952587575109));
#2319 = CARTESIAN_POINT('',(165.78262166432,-70.09060813478,
    52.930763658251));
#2320 = CARTESIAN_POINT('',(165.77484190674,-69.95684888976,
    52.898140814238));
#2321 = CARTESIAN_POINT('',(165.76706374722,-69.82612473254,
    52.854943239771));
#2322 = CARTESIAN_POINT('',(165.75928771328,-69.69939505569,
    52.801506763445));
#2323 = CARTESIAN_POINT('',(165.75151393265,-69.5775857537,
    52.738278845741));
#2324 = CARTESIAN_POINT('',(165.73060012637,-69.26544066989,
    52.54328925523));
#2325 = CARTESIAN_POINT('',(165.71745072563,-69.08566210023,
    52.39421005453));
#2326 = CARTESIAN_POINT('',(165.70429758006,-68.92671914401,
    52.221285418219));
#2327 = CARTESIAN_POINT('',(165.6911462097,-68.79219221803,
    52.027975172535));
#2328 = CARTESIAN_POINT('',(165.67799734992,-68.68495659845,
    51.818278679764));
#2329 = CARTESIAN_POINT('',(165.66484716275,-68.60720540266,
    51.596613253985));
#2330 = CARTESIAN_POINT('',(165.65169431509,-68.5603154804,
    51.367786841468));
#2331 = CARTESIAN_POINT('',(165.62400608347,-68.5271089943,
    50.881630785915));
#2332 = CARTESIAN_POINT('',(165.60944053105,-68.54777583227,
    50.623279509667));
#2333 = CARTESIAN_POINT('',(165.59488307979,-68.60719577972,
    50.369154757895));
#2334 = CARTESIAN_POINT('',(165.58032662008,-68.70420459738,
    50.126005350578));
#2335 = CARTESIAN_POINT('',(165.56576654963,-68.83641554518,
    49.900051735265));
#2336 = CARTESIAN_POINT('',(165.55120005696,-69.0003903165,
    49.697003256433));
#2337 = CARTESIAN_POINT('',(165.53662464156,-69.19152202461,
    49.521936051083));
#2338 = CARTESIAN_POINT('',(165.50911537725,-69.59268598799,
    49.251264998497));
#2339 = CARTESIAN_POINT('',(165.49615444353,-69.79866760918,
    49.148825911077));
#2340 = CARTESIAN_POINT('',(165.48320142917,-70.01764686663,
    49.074224647232));
#2341 = CARTESIAN_POINT('',(165.47025254614,-70.2452056607,
    49.029268122432));
#2342 = CARTESIAN_POINT('',(165.45730105386,-70.47675893125,
    49.014955334469));
#2343 = CARTESIAN_POINT('',(165.44434170503,-70.70759494372,
    49.031529530192));
#2344 = CARTESIAN_POINT('',(165.43137518039,-70.93290762524,
    49.078371427247));
#2345 = CARTESIAN_POINT('',(165.40406136972,-71.38640352542,
    49.237228982727));
#2346 = CARTESIAN_POINT('',(165.38967888815,-71.6128751262,
    49.355993786128));
#2347 = CARTESIAN_POINT('',(165.37530575818,-71.82077817162,
    49.50788551738));
#2348 = CARTESIAN_POINT('',(165.36094100727,-72.00458148685,
    49.689301718255));
#2349 = CARTESIAN_POINT('',(165.34657873878,-72.15962322279,
    49.895826163867));
#2350 = CARTESIAN_POINT('',(165.33221050721,-72.28217632936,
    50.122243220246));
#2351 = CARTESIAN_POINT('',(165.31783045337,-72.36942583574,
    50.362633757988));
#2352 = CARTESIAN_POINT('',(165.28913779788,-72.47071722308,
    50.857154905912));
#2353 = CARTESIAN_POINT('',(165.27479000213,-72.48506413985,
    51.111855289207));
#2354 = CARTESIAN_POINT('',(165.26045074895,-72.4616501624,
    51.367620592111));
#2355 = CARTESIAN_POINT('',(165.24611639667,-72.40068978728,
    51.617917412458));
#2356 = CARTESIAN_POINT('',(165.23178199294,-72.30360364864,
    51.856541557141));
#2357 = CARTESIAN_POINT('',(165.2174433783,-72.17286707796,
    52.077621860177));
#2358 = CARTESIAN_POINT('',(165.20309854758,-72.0121432754,
    52.275722699881));
#2359 = CARTESIAN_POINT('',(165.17842637613,-71.69253584836,
    52.569586672362));
#2360 = CARTESIAN_POINT('',(165.16807427826,-71.54532757634,
    52.678664180547));
#2361 = CARTESIAN_POINT('',(165.15772430418,-71.38679476866,
    52.771847267728));
#2362 = CARTESIAN_POINT('',(165.14737551989,-71.21896591796,
    52.847792508816));
#2363 = CARTESIAN_POINT('',(165.13702518888,-71.04401659427,
    52.905473530774));
#2364 = CARTESIAN_POINT('',(165.12667115533,-70.86424683753,
    52.944170263604));
#2365 = CARTESIAN_POINT('',(165.1163141481,-70.68207224415,52.9635));
#2366 = CARTESIAN_POINT('',(165.10596153324,-70.5,52.9635));
#2367 = PCURVE('',#486,#2368);
#2368 = DEFINITIONAL_REPRESENTATION('',(#2369),#2421);
#2369 = B_SPLINE_CURVE_WITH_KNOTS('',8,(#2370,#2371,#2372,#2373,#2374,
    #2375,#2376,#2377,#2378,#2379,#2380,#2381,#2382,#2383,#2384,#2385,
    #2386,#2387,#2388,#2389,#2390,#2391,#2392,#2393,#2394,#2395,#2396,
    #2397,#2398,#2399,#2400,#2401,#2402,#2403,#2404,#2405,#2406,#2407,
    #2408,#2409,#2410,#2411,#2412,#2413,#2414,#2415,#2416,#2417,#2418,
    #2419,#2420),.UNSPECIFIED.,.F.,.F.,(9,7,7,7,7,7,7,9),(0.,
    8.887206224741E-02,0.239153508706,0.40553139502,0.553646148169,
    0.71785137045,0.881645664401,1.),.UNSPECIFIED.);
#2370 = CARTESIAN_POINT('',(0.158366204042,88.508809514759));
#2371 = CARTESIAN_POINT('',(0.158372241419,88.579025551593));
#2372 = CARTESIAN_POINT('',(0.158379726923,88.649256968893));
#2373 = CARTESIAN_POINT('',(0.158386541533,88.719497100829));
#2374 = CARTESIAN_POINT('',(0.158391256735,88.789739992647));
#2375 = CARTESIAN_POINT('',(0.15839313453,88.85998040067));
#2376 = CARTESIAN_POINT('',(0.158392127432,88.930213792298));
#2377 = CARTESIAN_POINT('',(0.158388878467,89.000436346009));
#2378 = CARTESIAN_POINT('',(0.158377691244,89.189366746474));
#2379 = CARTESIAN_POINT('',(0.158365802646,89.30817671901));
#2380 = CARTESIAN_POINT('',(0.158374265091,89.426935072927));
#2381 = CARTESIAN_POINT('',(0.158391640212,89.545638840614));
#2382 = CARTESIAN_POINT('',(0.158400811875,89.664353316595));
#2383 = CARTESIAN_POINT('',(0.158395637,89.783140238889));
#2384 = CARTESIAN_POINT('',(0.158383276893,89.901982718039));
#2385 = CARTESIAN_POINT('',(0.158359955814,90.152147495526));
#2386 = CARTESIAN_POINT('',(0.158348114997,90.28374643294));
#2387 = CARTESIAN_POINT('',(0.158344723012,90.415236656239));
#2388 = CARTESIAN_POINT('',(0.158355620043,90.546657630742));
#2389 = CARTESIAN_POINT('',(0.158373319338,90.678082470804));
#2390 = CARTESIAN_POINT('',(0.158387150683,90.80958159754));
#2391 = CARTESIAN_POINT('',(0.158394972361,90.94118663246));
#2392 = CARTESIAN_POINT('',(0.158398324661,91.189622692874));
#2393 = CARTESIAN_POINT('',(0.15839517683,91.306692763479));
#2394 = CARTESIAN_POINT('',(0.158387457382,91.423710588479));
#2395 = CARTESIAN_POINT('',(0.158377963428,91.540698585557));
#2396 = CARTESIAN_POINT('',(0.158370351125,91.657702211735));
#2397 = CARTESIAN_POINT('',(0.158366575156,91.774760616944));
#2398 = CARTESIAN_POINT('',(0.158365762836,91.891871342338));
#2399 = CARTESIAN_POINT('',(0.158367812734,92.138547688073));
#2400 = CARTESIAN_POINT('',(0.158371062991,92.268429544294));
#2401 = CARTESIAN_POINT('',(0.158374741943,92.398225158524));
#2402 = CARTESIAN_POINT('',(0.15837596351,92.527955488379));
#2403 = CARTESIAN_POINT('',(0.158372902455,92.65768147736));
#2404 = CARTESIAN_POINT('',(0.158368625328,92.787466434506));
#2405 = CARTESIAN_POINT('',(0.158366036194,92.917351005886));
#2406 = CARTESIAN_POINT('',(0.158366637425,93.176486489907));
#2407 = CARTESIAN_POINT('',(0.158369843319,93.306055193049));
#2408 = CARTESIAN_POINT('',(0.158376967123,93.435530172273));
#2409 = CARTESIAN_POINT('',(0.158388060192,93.56494411125));
#2410 = CARTESIAN_POINT('',(0.158398199155,93.694362548752));
#2411 = CARTESIAN_POINT('',(0.158401790224,93.823846697247));
#2412 = CARTESIAN_POINT('',(0.158397935009,93.95341847683));
#2413 = CARTESIAN_POINT('',(0.158383579395,94.176306164928));
#2414 = CARTESIAN_POINT('',(0.158375195773,94.269836708791));
#2415 = CARTESIAN_POINT('',(0.15836553705,94.363353477513));
#2416 = CARTESIAN_POINT('',(0.158356523457,94.4568567912));
#2417 = CARTESIAN_POINT('',(0.158350905192,94.550359738755));
#2418 = CARTESIAN_POINT('',(0.158350505158,94.643874072421));
#2419 = CARTESIAN_POINT('',(0.158354766918,94.737395534901));
#2420 = CARTESIAN_POINT('',(0.158361666717,94.830866130698));
#2421 = ( GEOMETRIC_REPRESENTATION_CONTEXT(2) 
PARAMETRIC_REPRESENTATION_CONTEXT() REPRESENTATION_CONTEXT('2D SPACE',''
  ) );
#2422 = PCURVE('',#2423,#2428);
#2423 = CYLINDRICAL_SURFACE('',#2424,1.96);
#2424 = AXIS2_PLACEMENT_3D('',#2425,#2426,#2427);
#2425 = CARTESIAN_POINT('',(175.75000005,-70.5,51.0035));
#2426 = DIRECTION('',(-1.,0.,1.110223024625E-16));
#2427 = DIRECTION('',(1.110223024625E-16,0.,1.));
#2428 = DEFINITIONAL_REPRESENTATION('',(#2429),#2481);
#2429 = B_SPLINE_CURVE_WITH_KNOTS('',8,(#2430,#2431,#2432,#2433,#2434,
    #2435,#2436,#2437,#2438,#2439,#2440,#2441,#2442,#2443,#2444,#2445,
    #2446,#2447,#2448,#2449,#2450,#2451,#2452,#2453,#2454,#2455,#2456,
    #2457,#2458,#2459,#2460,#2461,#2462,#2463,#2464,#2465,#2466,#2467,
    #2468,#2469,#2470,#2471,#2472,#2473,#2474,#2475,#2476,#2477,#2478,
    #2479,#2480),.UNSPECIFIED.,.F.,.F.,(9,7,7,7,7,7,7,9),(0.,
    8.887206224741E-02,0.239153508706,0.40553139502,0.553646148169,
    0.71785137045,0.881645664401,1.),.UNSPECIFIED.);
#2430 = CARTESIAN_POINT('',(0.,9.944040796561));
#2431 = CARTESIAN_POINT('',(6.978223078985E-02,9.951818185343));
#2432 = CARTESIAN_POINT('',(0.139578462108,9.95959795734));
#2433 = CARTESIAN_POINT('',(0.209382771332,9.967378385674));
#2434 = CARTESIAN_POINT('',(0.279189924546,9.975158143252));
#2435 = CARTESIAN_POINT('',(0.348995376534,9.982936302771));
#2436 = CARTESIAN_POINT('',(0.418795270788,9.990712336713));
#2437 = CARTESIAN_POINT('',(0.488586439501,9.998486117349));
#2438 = CARTESIAN_POINT('',(0.676363372125,10.019399923624));
#2439 = CARTESIAN_POINT('',(0.794447916377,10.03254932437));
#2440 = CARTESIAN_POINT('',(0.912484848129,10.045702469937));
#2441 = CARTESIAN_POINT('',(1.030467424744,10.058853840296));
#2442 = CARTESIAN_POINT('',(1.14845513359,10.072002700074));
#2443 = CARTESIAN_POINT('',(1.266506734804,10.085152887246));
#2444 = CARTESIAN_POINT('',(1.384608562351,10.098305734901));
#2445 = CARTESIAN_POINT('',(1.633225300429,10.12599396653));
#2446 = CARTESIAN_POINT('',(1.764012467563,10.140559518946));
#2447 = CARTESIAN_POINT('',(1.894696756923,10.155116970207));
#2448 = CARTESIAN_POINT('',(2.025313722019,10.169673429917));
#2449 = CARTESIAN_POINT('',(2.155932377356,10.184233500362));
#2450 = CARTESIAN_POINT('',(2.286622174643,10.198799993032));
#2451 = CARTESIAN_POINT('',(2.417416748348,10.213375408435));
#2452 = CARTESIAN_POINT('',(2.664323551928,10.240884672741));
#2453 = CARTESIAN_POINT('',(2.780673323846,10.253845606463));
#2454 = CARTESIAN_POINT('',(2.896972274856,10.266798620821));
#2455 = CARTESIAN_POINT('',(3.01324336723,10.279747503854));
#2456 = CARTESIAN_POINT('',(3.129531116674,10.292698996132));
#2457 = CARTESIAN_POINT('',(3.245873028958,10.305658344967));
#2458 = CARTESIAN_POINT('',(3.362265651582,10.318624869608));
#2459 = CARTESIAN_POINT('',(3.607426147773,10.345938680279));
#2460 = CARTESIAN_POINT('',(3.736507952409,10.360321161846));
#2461 = CARTESIAN_POINT('',(3.865501741987,10.374694291819));
#2462 = CARTESIAN_POINT('',(3.994428920759,10.389059042721));
#2463 = CARTESIAN_POINT('',(4.123352297232,10.403421311216));
#2464 = CARTESIAN_POINT('',(4.252336643563,10.417789542787));
#2465 = CARTESIAN_POINT('',(4.381422383564,10.432169596629));
#2466 = CARTESIAN_POINT('',(4.638967375496,10.460862252114));
#2467 = CARTESIAN_POINT('',(4.767742443244,10.475210047864));
#2468 = CARTESIAN_POINT('',(4.896425313796,10.489549301049));
#2469 = CARTESIAN_POINT('',(5.025046656321,10.503883653329));
#2470 = CARTESIAN_POINT('',(5.153670114645,10.518218057054));
#2471 = CARTESIAN_POINT('',(5.2823568004,10.532556671698));
#2472 = CARTESIAN_POINT('',(5.411130511632,10.54690150242));
#2473 = CARTESIAN_POINT('',(5.632646612633,10.571573673864));
#2474 = CARTESIAN_POINT('',(5.725601985854,10.581925771735));
#2475 = CARTESIAN_POINT('',(5.818544375707,10.592275745819));
#2476 = CARTESIAN_POINT('',(5.911474300803,10.602624530102));
#2477 = CARTESIAN_POINT('',(6.004404319121,10.612974861117));
#2478 = CARTESIAN_POINT('',(6.097345077473,10.623328894668));
#2479 = CARTESIAN_POINT('',(6.190291305061,10.633685901898));
#2480 = CARTESIAN_POINT('',(6.28318530718,10.644038516753));
#2481 = ( GEOMETRIC_REPRESENTATION_CONTEXT(2) 
PARAMETRIC_REPRESENTATION_CONTEXT() REPRESENTATION_CONTEXT('2D SPACE',''
  ) );
#2482 = ORIENTED_EDGE('',*,*,#2483,.F.);
#2483 = EDGE_CURVE('',#2484,#2312,#2486,.T.);
#2484 = VERTEX_POINT('',#2485);
#2485 = CARTESIAN_POINT('',(166.50595667364,-70.5,52.9635));
#2486 = SURFACE_CURVE('',#2487,(#2539,#2594),.PCURVE_S1.);
#2487 = B_SPLINE_CURVE_WITH_KNOTS('',8,(#2488,#2489,#2490,#2491,#2492,
    #2493,#2494,#2495,#2496,#2497,#2498,#2499,#2500,#2501,#2502,#2503,
    #2504,#2505,#2506,#2507,#2508,#2509,#2510,#2511,#2512,#2513,#2514,
    #2515,#2516,#2517,#2518,#2519,#2520,#2521,#2522,#2523,#2524,#2525,
    #2526,#2527,#2528,#2529,#2530,#2531,#2532,#2533,#2534,#2535,#2536,
    #2537,#2538),.UNSPECIFIED.,.F.,.F.,(9,7,7,7,7,7,7,9),(0.,
    6.552182836348E-02,0.187470015466,0.291752862806,0.45786632448,
    0.602837262978,0.801254721275,1.),.UNSPECIFIED.);
#2488 = CARTESIAN_POINT('',(166.50595667364,-70.5,52.9635));
#2489 = CARTESIAN_POINT('',(166.50022656689,-70.39923374616,52.9635));
#2490 = CARTESIAN_POINT('',(166.49449600348,-70.29846135979,
    52.957579391476));
#2491 = CARTESIAN_POINT('',(166.48876516764,-70.1980881016,
    52.94573693473));
#2492 = CARTESIAN_POINT('',(166.48303429574,-70.09851895076,
    52.928004498553));
#2493 = CARTESIAN_POINT('',(166.47730371327,-70.00015808358,
    52.904447087432));
#2494 = CARTESIAN_POINT('',(166.47157389719,-69.90340744981,
    52.875164156995));
#2495 = CARTESIAN_POINT('',(166.46584556368,-69.80866444676,
    52.840292217721));
#2496 = CARTESIAN_POINT('',(166.44946304619,-69.54444623576,
    52.725033733101));
#2497 = CARTESIAN_POINT('',(166.43880182913,-69.38066495708,
    52.631220225458));
#2498 = CARTESIAN_POINT('',(166.42814441905,-69.22751381595,
    52.519626890013));
#2499 = CARTESIAN_POINT('',(166.41748092174,-69.08724374211,
    52.391716686867));
#2500 = CARTESIAN_POINT('',(166.40681394536,-68.96181559978,
    52.249228544796));
#2501 = CARTESIAN_POINT('',(166.39614889281,-68.8529244959,
    52.094154113363));
#2502 = CARTESIAN_POINT('',(166.38548144936,-68.76198514973,
    51.92875160174));
#2503 = CARTESIAN_POINT('',(166.36570269006,-68.62846677178,
    51.607398823743));
#2504 = CARTESIAN_POINT('',(166.35658479074,-68.58076027282,
    51.45347592534));
#2505 = CARTESIAN_POINT('',(166.34746837006,-68.54754912901,
    51.295305439962));
#2506 = CARTESIAN_POINT('',(166.33835250993,-68.52925618426,
    51.13448248735));
#2507 = CARTESIAN_POINT('',(166.32923514268,-68.52609789722,
    50.972636787847));
#2508 = CARTESIAN_POINT('',(166.32011483817,-68.53808894853,
    50.811418519933));
#2509 = CARTESIAN_POINT('',(166.31099239484,-68.56502510164,
    50.65248515266));
#2510 = CARTESIAN_POINT('',(166.28734461743,-68.67242150759,
    50.250594331173));
#2511 = CARTESIAN_POINT('',(166.27279216905,-68.7752867807,
    50.013166976315));
#2512 = CARTESIAN_POINT('',(166.25824683822,-68.91337677363,
    49.792188142933));
#2513 = CARTESIAN_POINT('',(166.24370942872,-69.0833951642,
    49.593643551837));
#2514 = CARTESIAN_POINT('',(166.22917661597,-69.28112561185,
    49.422681330304));
#2515 = CARTESIAN_POINT('',(166.21464039768,-69.50143977827,
    49.283530273682));
#2516 = CARTESIAN_POINT('',(166.20009476947,-69.7384012356,
    49.179520886309));
#2517 = CARTESIAN_POINT('',(166.17289379433,-70.20025542652,
    49.053753013602));
#2518 = CARTESIAN_POINT('',(166.16020878791,-70.42327012203,
    49.023126388855));
#2519 = CARTESIAN_POINT('',(166.14752681505,-70.64959236307,
    49.021675695604));
#2520 = CARTESIAN_POINT('',(166.13484839101,-70.87473982496,
    49.049770801337));
#2521 = CARTESIAN_POINT('',(166.12216854532,-71.09430255219,
    49.10697498961));
#2522 = CARTESIAN_POINT('',(166.10948271606,-71.30402288113,
    49.192060968934));
#2523 = CARTESIAN_POINT('',(166.09679264407,-71.49987536286,
    49.303026881654));
#2524 = CARTESIAN_POINT('',(166.06675700838,-71.92214140079,
    49.620631097545));
#2525 = CARTESIAN_POINT('',(166.04935613948,-72.13412300476,
    49.848082053149));
#2526 = CARTESIAN_POINT('',(166.03198693265,-72.30367347407,
    50.112257759214));
#2527 = CARTESIAN_POINT('',(166.01463438155,-72.42403542076,
    50.403556420608));
#2528 = CARTESIAN_POINT('',(165.99727869848,-72.49057362074,
    50.711643886545));
#2529 = CARTESIAN_POINT('',(165.97990326988,-72.50122023048,
    51.025378480049));
#2530 = CARTESIAN_POINT('',(165.96249694741,-72.45607699735,
    51.333013212151));
#2531 = CARTESIAN_POINT('',(165.9277523598,-72.26301240351,
    51.912846861778));
#2532 = CARTESIAN_POINT('',(165.91032135462,-72.11440281868,
    52.186543274195));
#2533 = CARTESIAN_POINT('',(165.89292557274,-71.91734710417,
    52.43155207989));
#2534 = CARTESIAN_POINT('',(165.87555011928,-71.67883638418,
    52.638408835175));
#2535 = CARTESIAN_POINT('',(165.85817867505,-71.40721395584,
    52.799401661748));
#2536 = CARTESIAN_POINT('',(165.84078119428,-71.11242938759,
    52.908985560717));
#2537 = CARTESIAN_POINT('',(165.82334593016,-70.8057621265,52.9635));
#2538 = CARTESIAN_POINT('',(165.80595925343,-70.5,52.9635));
#2539 = PCURVE('',#486,#2540);
#2540 = DEFINITIONAL_REPRESENTATION('',(#2541),#2593);
#2541 = B_SPLINE_CURVE_WITH_KNOTS('',8,(#2542,#2543,#2544,#2545,#2546,
    #2547,#2548,#2549,#2550,#2551,#2552,#2553,#2554,#2555,#2556,#2557,
    #2558,#2559,#2560,#2561,#2562,#2563,#2564,#2565,#2566,#2567,#2568,
    #2569,#2570,#2571,#2572,#2573,#2574,#2575,#2576,#2577,#2578,#2579,
    #2580,#2581,#2582,#2583,#2584,#2585,#2586,#2587,#2588,#2589,#2590,
    #2591,#2592),.UNSPECIFIED.,.F.,.F.,(9,7,7,7,7,7,7,9),(0.,
    6.552182836348E-02,0.187470015466,0.291752862806,0.45786632448,
    0.602837262978,0.801254721275,1.),.UNSPECIFIED.);
#2542 = CARTESIAN_POINT('',(0.158371254877,82.186753419903));
#2543 = CARTESIAN_POINT('',(0.158376005747,82.238484831038));
#2544 = CARTESIAN_POINT('',(0.158380882979,82.290219812627));
#2545 = CARTESIAN_POINT('',(0.158385430264,82.34195862704));
#2546 = CARTESIAN_POINT('',(0.158389095461,82.393701472061));
#2547 = CARTESIAN_POINT('',(0.158391405126,82.445447411198));
#2548 = CARTESIAN_POINT('',(0.158392103717,82.49719322398));
#2549 = CARTESIAN_POINT('',(0.158391257502,82.548932176244));
#2550 = CARTESIAN_POINT('',(0.158385722978,82.696914147781));
#2551 = CARTESIAN_POINT('',(0.158378701927,82.793230548282));
#2552 = CARTESIAN_POINT('',(0.158368098481,82.88952771439));
#2553 = CARTESIAN_POINT('',(0.158370617729,82.985826714136));
#2554 = CARTESIAN_POINT('',(0.158382465813,83.082116668722));
#2555 = CARTESIAN_POINT('',(0.158390574948,83.17840219701));
#2556 = CARTESIAN_POINT('',(0.158393248235,83.274734326654));
#2557 = CARTESIAN_POINT('',(0.158389176731,83.453383170971));
#2558 = CARTESIAN_POINT('',(0.158383746417,83.535754316704));
#2559 = CARTESIAN_POINT('',(0.158375026364,83.618126050928));
#2560 = CARTESIAN_POINT('',(0.158365457884,83.700496367807));
#2561 = CARTESIAN_POINT('',(0.158357646497,83.782872932401));
#2562 = CARTESIAN_POINT('',(0.158353186445,83.865261915893));
#2563 = CARTESIAN_POINT('',(0.158352323041,83.947655057208));
#2564 = CARTESIAN_POINT('',(0.158357845487,84.161207063766));
#2565 = CARTESIAN_POINT('',(0.158368856286,84.292591306209));
#2566 = CARTESIAN_POINT('',(0.158385269252,84.423888440969));
#2567 = CARTESIAN_POINT('',(0.158399277656,84.555124129981));
#2568 = CARTESIAN_POINT('',(0.158403113169,84.686361197247));
#2569 = CARTESIAN_POINT('',(0.158399395739,84.81766086892));
#2570 = CARTESIAN_POINT('',(0.15839193238,84.949061321851));
#2571 = CARTESIAN_POINT('',(0.158377334471,85.194788747858));
#2572 = CARTESIAN_POINT('',(0.158369974233,85.309384543475));
#2573 = CARTESIAN_POINT('',(0.158365230957,85.423941904747));
#2574 = CARTESIAN_POINT('',(0.158364010194,85.53845236411));
#2575 = CARTESIAN_POINT('',(0.158365653648,85.652963595902));
#2576 = CARTESIAN_POINT('',(0.158368644095,85.767523206209));
#2577 = CARTESIAN_POINT('',(0.158371310295,85.882122522703));
#2578 = CARTESIAN_POINT('',(0.158374203906,86.153377612638));
#2579 = CARTESIAN_POINT('',(0.158373463355,86.310536970232));
#2580 = CARTESIAN_POINT('',(0.158368744831,86.467427157599));
#2581 = CARTESIAN_POINT('',(0.158361063497,86.624179385732));
#2582 = CARTESIAN_POINT('',(0.158360951861,86.780927874651));
#2583 = CARTESIAN_POINT('',(0.158370772242,86.937812705601));
#2584 = CARTESIAN_POINT('',(0.158382460843,87.094968652908));
#2585 = CARTESIAN_POINT('',(0.158398547871,87.408696712518));
#2586 = CARTESIAN_POINT('',(0.158402956086,87.56610636591));
#2587 = CARTESIAN_POINT('',(0.158397836525,87.723238186884));
#2588 = CARTESIAN_POINT('',(0.15837907898,87.880244088638));
#2589 = CARTESIAN_POINT('',(0.158351029499,88.03725310433));
#2590 = CARTESIAN_POINT('',(0.158343773173,88.194409500066));
#2591 = CARTESIAN_POINT('',(0.158352707235,88.351838638319));
#2592 = CARTESIAN_POINT('',(0.158366204042,88.508809514759));
#2593 = ( GEOMETRIC_REPRESENTATION_CONTEXT(2) 
PARAMETRIC_REPRESENTATION_CONTEXT() REPRESENTATION_CONTEXT('2D SPACE',''
  ) );
#2594 = PCURVE('',#2595,#2600);
#2595 = CYLINDRICAL_SURFACE('',#2596,1.96);
#2596 = AXIS2_PLACEMENT_3D('',#2597,#2598,#2599);
#2597 = CARTESIAN_POINT('',(175.75000005,-70.5,51.0035));
#2598 = DIRECTION('',(-1.,0.,1.110223024625E-16));
#2599 = DIRECTION('',(1.110223024625E-16,0.,1.));
#2600 = DEFINITIONAL_REPRESENTATION('',(#2601),#2653);
#2601 = B_SPLINE_CURVE_WITH_KNOTS('',8,(#2602,#2603,#2604,#2605,#2606,
    #2607,#2608,#2609,#2610,#2611,#2612,#2613,#2614,#2615,#2616,#2617,
    #2618,#2619,#2620,#2621,#2622,#2623,#2624,#2625,#2626,#2627,#2628,
    #2629,#2630,#2631,#2632,#2633,#2634,#2635,#2636,#2637,#2638,#2639,
    #2640,#2641,#2642,#2643,#2644,#2645,#2646,#2647,#2648,#2649,#2650,
    #2651,#2652),.UNSPECIFIED.,.F.,.F.,(9,7,7,7,7,7,7,9),(0.,
    6.552182836348E-02,0.187470015466,0.291752862806,0.45786632448,
    0.602837262978,0.801254721275,1.),.UNSPECIFIED.);
#2602 = CARTESIAN_POINT('',(0.,9.244043376355));
#2603 = CARTESIAN_POINT('',(5.14113539993E-02,9.249773483104));
#2604 = CARTESIAN_POINT('',(0.102825819078,9.255504046513));
#2605 = CARTESIAN_POINT('',(0.15424377816,9.261234882357));
#2606 = CARTESIAN_POINT('',(0.205665638741,9.266965754257));
#2607 = CARTESIAN_POINT('',(0.257090816945,9.272696336726));
#2608 = CARTESIAN_POINT('',(0.308516551275,9.27842615281));
#2609 = CARTESIAN_POINT('',(0.359936546062,9.284154486318));
#2610 = CARTESIAN_POINT('',(0.507009703592,9.300537003805));
#2611 = CARTESIAN_POINT('',(0.602739171927,9.311198220861));
#2612 = CARTESIAN_POINT('',(0.698459032994,9.321855630943));
#2613 = CARTESIAN_POINT('',(0.794158848731,9.332519128253));
#2614 = CARTESIAN_POINT('',(0.889856955326,9.343186104639));
#2615 = CARTESIAN_POINT('',(0.985573304156,9.353851157188));
#2616 = CARTESIAN_POINT('',(1.081305591903,9.364518600637));
#2617 = CARTESIAN_POINT('',(1.25884984258,9.384297359935));
#2618 = CARTESIAN_POINT('',(1.340709925828,9.393415259252));
#2619 = CARTESIAN_POINT('',(1.422570390537,9.402531679931));
#2620 = CARTESIAN_POINT('',(1.504430638869,9.411647540067));
#2621 = CARTESIAN_POINT('',(1.58629890796,9.420764907313));
#2622 = CARTESIAN_POINT('',(1.668181061063,9.429885211828));
#2623 = CARTESIAN_POINT('',(1.750068119958,9.439007655155));
#2624 = CARTESIAN_POINT('',(1.962309473691,9.462655432563));
#2625 = CARTESIAN_POINT('',(2.092888297537,9.477207880947));
#2626 = CARTESIAN_POINT('',(2.223379483033,9.491753211776));
#2627 = CARTESIAN_POINT('',(2.353806603758,9.506290621277));
#2628 = CARTESIAN_POINT('',(2.484234262878,9.520823434024));
#2629 = CARTESIAN_POINT('',(2.614725659463,9.535359652316));
#2630 = CARTESIAN_POINT('',(2.745319022415,9.549905280526));
#2631 = CARTESIAN_POINT('',(2.989539413465,9.57710625567));
#2632 = CARTESIAN_POINT('',(3.103433410663,9.589791262088));
#2633 = CARTESIAN_POINT('',(3.217289575073,9.602473234945));
#2634 = CARTESIAN_POINT('',(3.331098541704,9.615151658988));
#2635 = CARTESIAN_POINT('',(3.444906784108,9.627831504673));
#2636 = CARTESIAN_POINT('',(3.558761092793,9.640517333931));
#2637 = CARTESIAN_POINT('',(3.672653053636,9.653207405927));
#2638 = CARTESIAN_POINT('',(3.942232571781,9.683243041619));
#2639 = CARTESIAN_POINT('',(4.098419893569,9.700643910511));
#2640 = CARTESIAN_POINT('',(4.254340600731,9.718013117346));
#2641 = CARTESIAN_POINT('',(4.410128348797,9.735365668449));
#2642 = CARTESIAN_POINT('',(4.565918054131,9.752721351515));
#2643 = CARTESIAN_POINT('',(4.721843482241,9.770096780111));
#2644 = CARTESIAN_POINT('',(4.878036374106,9.787503102581));
#2645 = CARTESIAN_POINT('',(5.189837862757,9.822247690197));
#2646 = CARTESIAN_POINT('',(5.346278816894,9.839678695379));
#2647 = CARTESIAN_POINT('',(5.502441854059,9.857074477251));
#2648 = CARTESIAN_POINT('',(5.658479212928,9.874449930715));
#2649 = CARTESIAN_POINT('',(5.814526816577,9.891821374947));
#2650 = CARTESIAN_POINT('',(5.970723136128,9.909218855717));
#2651 = CARTESIAN_POINT('',(6.127184222229,9.926654119833));
#2652 = CARTESIAN_POINT('',(6.28318530718,9.944040796561));
#2653 = ( GEOMETRIC_REPRESENTATION_CONTEXT(2) 
PARAMETRIC_REPRESENTATION_CONTEXT() REPRESENTATION_CONTEXT('2D SPACE',''
  ) );
#2654 = ORIENTED_EDGE('',*,*,#2655,.F.);
#2655 = EDGE_CURVE('',#2656,#2484,#2658,.T.);
#2656 = VERTEX_POINT('',#2657);
#2657 = CARTESIAN_POINT('',(167.20595397947,-70.5,52.9635));
#2658 = SURFACE_CURVE('',#2659,(#2718,#2780),.PCURVE_S1.);
#2659 = B_SPLINE_CURVE_WITH_KNOTS('',8,(#2660,#2661,#2662,#2663,#2664,
    #2665,#2666,#2667,#2668,#2669,#2670,#2671,#2672,#2673,#2674,#2675,
    #2676,#2677,#2678,#2679,#2680,#2681,#2682,#2683,#2684,#2685,#2686,
    #2687,#2688,#2689,#2690,#2691,#2692,#2693,#2694,#2695,#2696,#2697,
    #2698,#2699,#2700,#2701,#2702,#2703,#2704,#2705,#2706,#2707,#2708,
    #2709,#2710,#2711,#2712,#2713,#2714,#2715,#2716,#2717),
  .UNSPECIFIED.,.F.,.F.,(9,7,7,7,7,7,7,7,9),(0.,0.114545196192,
    0.18463708219,0.342784162806,0.44078707128,0.545860124176,
    0.675754453178,0.838888988464,1.),.UNSPECIFIED.);
#2660 = CARTESIAN_POINT('',(167.20595397947,-70.5,52.9635));
#2661 = CARTESIAN_POINT('',(167.1959344234,-70.32380241731,52.9635));
#2662 = CARTESIAN_POINT('',(167.18591056531,-70.14752181808,
    52.945397226141));
#2663 = CARTESIAN_POINT('',(167.17588876811,-69.97343575307,
    52.909164804643));
#2664 = CARTESIAN_POINT('',(167.16587425539,-69.8037228736,
    52.855135817847));
#2665 = CARTESIAN_POINT('',(167.15585956374,-69.64048597718,
    52.783963026078));
#2666 = CARTESIAN_POINT('',(167.14585082237,-69.4856677554,
    52.69652100069));
#2667 = CARTESIAN_POINT('',(167.13583134151,-69.34114510512,
    52.594008199593));
#2668 = CARTESIAN_POINT('',(167.11968266573,-69.12744520471,
    52.406825978304));
#2669 = CARTESIAN_POINT('',(167.11355229833,-69.05079475227,
    52.330671709744));
#2670 = CARTESIAN_POINT('',(167.10742098941,-68.9789819297,
    52.249741746886));
#2671 = CARTESIAN_POINT('',(167.10128869583,-68.91234665555,
    52.164388378945));
#2672 = CARTESIAN_POINT('',(167.09515576849,-68.85120359145,
    52.074996409719));
#2673 = CARTESIAN_POINT('',(167.08902280279,-68.7958380545,
    51.981984505134));
#2674 = CARTESIAN_POINT('',(167.08289083337,-68.74649964133,
    51.885807159827));
#2675 = CARTESIAN_POINT('',(167.06293320799,-68.60613408516,
    51.563924056339));
#2676 = CARTESIAN_POINT('',(167.04908865471,-68.54038271008,
    51.326782413786));
#2677 = CARTESIAN_POINT('',(167.03525428369,-68.50876628333,
    51.0811387935));
#2678 = CARTESIAN_POINT('',(167.02142392772,-68.512354395,
    50.832797377331));
#2679 = CARTESIAN_POINT('',(167.00758829648,-68.55117099721,
    50.587504760688));
#2680 = CARTESIAN_POINT('',(166.99374417551,-68.62418422553,
    50.350895138245));
#2681 = CARTESIAN_POINT('',(166.97989022896,-68.729373355,
    50.128445260514));
#2682 = CARTESIAN_POINT('',(166.95747443587,-68.94625525315,
    49.799246492665));
#2683 = CARTESIAN_POINT('',(166.94889690287,-69.0403511684,
    49.680553920456));
#2684 = CARTESIAN_POINT('',(166.94031970172,-69.14476427496,
    49.570309551663));
#2685 = CARTESIAN_POINT('',(166.93174386687,-69.25859421593,
    49.469567375571));
#2686 = CARTESIAN_POINT('',(166.92316987801,-69.38084005284,
    49.379245944294));
#2687 = CARTESIAN_POINT('',(166.91459766008,-69.51040026553,
    49.300128372777));
#2688 = CARTESIAN_POINT('',(166.90602658327,-69.64607275224,
    49.232862338791));
#2689 = CARTESIAN_POINT('',(166.88826600334,-69.93717159155,
    49.119097058128));
#2690 = CARTESIAN_POINT('',(166.87907676698,-70.0933775105,
    49.074426619839));
#2691 = CARTESIAN_POINT('',(166.86988684916,-70.25354424768,
    49.044576076962));
#2692 = CARTESIAN_POINT('',(166.86069581525,-70.41602901901,
    49.029949515725));
#2693 = CARTESIAN_POINT('',(166.85150370071,-70.57917459503,
    49.030727799694));
#2694 = CARTESIAN_POINT('',(166.84231101114,-70.74130930093,
    49.046868569771));
#2695 = CARTESIAN_POINT('',(166.83311872224,-70.90074701655,
    49.078106244193));
#2696 = CARTESIAN_POINT('',(166.81256679065,-71.24745227951,
    49.180627882921));
#2697 = CARTESIAN_POINT('',(166.80119471338,-71.43268129715,
    49.259691022724));
#2698 = CARTESIAN_POINT('',(166.78982519561,-71.60820244458,
    49.360247034202));
#2699 = CARTESIAN_POINT('',(166.77846033493,-71.77110005877,
    49.48082304262));
#2700 = CARTESIAN_POINT('',(166.76709841674,-71.91879595009,
    49.619544084501));
#2701 = CARTESIAN_POINT('',(166.75573620976,-72.0490345597,
    49.77419774543));
#2702 = CARTESIAN_POINT('',(166.74437091063,-72.15990850333,
    49.942235153766));
#2703 = CARTESIAN_POINT('',(166.71873352919,-72.36305828849,
    50.344961642274));
#2704 = CARTESIAN_POINT('',(166.70444651796,-72.44343605611,
    50.58594416037));
#2705 = CARTESIAN_POINT('',(166.69016840497,-72.48796321881,
    50.837769242942));
#2706 = CARTESIAN_POINT('',(166.67589362152,-72.49517717771,
    51.094196887401));
#2707 = CARTESIAN_POINT('',(166.66161537874,-72.46474180781,
    51.348946396671));
#2708 = CARTESIAN_POINT('',(166.64732981866,-72.39752142886,
    51.595771377343));
#2709 = CARTESIAN_POINT('',(166.63303683632,-72.29554688783,
    51.828512094793));
#2710 = CARTESIAN_POINT('',(166.60467445529,-72.03127736606,
    52.25180652087));
#2711 = CARTESIAN_POINT('',(166.59056464514,-71.86937443996,
    52.443443311949));
#2712 = CARTESIAN_POINT('',(166.57646540053,-71.68019221082,
    52.610753319029));
#2713 = CARTESIAN_POINT('',(166.5623736958,-71.46816505014,
    52.749348291157));
#2714 = CARTESIAN_POINT('',(166.54828006557,-71.23832062915,
    52.855788335316));
#2715 = CARTESIAN_POINT('',(166.53417456202,-70.99623554734,
    52.927650014617));
#2716 = CARTESIAN_POINT('',(166.52005680597,-70.74795655219,52.9635));
#2717 = CARTESIAN_POINT('',(166.50595667364,-70.5,52.9635));
#2718 = PCURVE('',#486,#2719);
#2719 = DEFINITIONAL_REPRESENTATION('',(#2720),#2779);
#2720 = B_SPLINE_CURVE_WITH_KNOTS('',8,(#2721,#2722,#2723,#2724,#2725,
    #2726,#2727,#2728,#2729,#2730,#2731,#2732,#2733,#2734,#2735,#2736,
    #2737,#2738,#2739,#2740,#2741,#2742,#2743,#2744,#2745,#2746,#2747,
    #2748,#2749,#2750,#2751,#2752,#2753,#2754,#2755,#2756,#2757,#2758,
    #2759,#2760,#2761,#2762,#2763,#2764,#2765,#2766,#2767,#2768,#2769,
    #2770,#2771,#2772,#2773,#2774,#2775,#2776,#2777,#2778),
  .UNSPECIFIED.,.F.,.F.,(9,7,7,7,7,7,7,7,9),(0.,0.114545196192,
    0.18463708219,0.342784162806,0.44078707128,0.545860124176,
    0.675754453178,0.838888988464,1.),.UNSPECIFIED.);
#2721 = CARTESIAN_POINT('',(0.158376438376,75.864697776837));
#2722 = CARTESIAN_POINT('',(0.158384633098,75.955154783231));
#2723 = CARTESIAN_POINT('',(0.15839205086,76.045653765746));
#2724 = CARTESIAN_POINT('',(0.158395817689,76.136150103812));
#2725 = CARTESIAN_POINT('',(0.15839419833,76.226601565378));
#2726 = CARTESIAN_POINT('',(0.158385027828,76.317089814734));
#2727 = CARTESIAN_POINT('',(0.158375026713,76.40752405622));
#2728 = CARTESIAN_POINT('',(0.158374231295,76.498020181367));
#2729 = CARTESIAN_POINT('',(0.158377927431,76.643852453662));
#2730 = CARTESIAN_POINT('',(0.158380799947,76.699206949926));
#2731 = CARTESIAN_POINT('',(0.158384879165,76.754564718448));
#2732 = CARTESIAN_POINT('',(0.158388912765,76.80993148991));
#2733 = CARTESIAN_POINT('',(0.158391723109,76.865309105579));
#2734 = CARTESIAN_POINT('',(0.158392747065,76.920694591784));
#2735 = CARTESIAN_POINT('',(0.158392051373,76.976078339855));
#2736 = CARTESIAN_POINT('',(0.158384796836,77.156356064141));
#2737 = CARTESIAN_POINT('',(0.158372083608,77.281446736563));
#2738 = CARTESIAN_POINT('',(0.158354460969,77.406466351586));
#2739 = CARTESIAN_POINT('',(0.158344113301,77.531419119115));
#2740 = CARTESIAN_POINT('',(0.15834778107,77.65636041295));
#2741 = CARTESIAN_POINT('',(0.158358590803,77.781348235032));
#2742 = CARTESIAN_POINT('',(0.158371259022,77.906416926126));
#2743 = CARTESIAN_POINT('',(0.158388186901,78.108794052914));
#2744 = CARTESIAN_POINT('',(0.158393751954,78.186238670492));
#2745 = CARTESIAN_POINT('',(0.158397560526,78.263687691396));
#2746 = CARTESIAN_POINT('',(0.158399145306,78.341133746181));
#2747 = CARTESIAN_POINT('',(0.158398416606,78.418572882623));
#2748 = CARTESIAN_POINT('',(0.158395662362,78.49600456571));
#2749 = CARTESIAN_POINT('',(0.158391548132,78.573431677647));
#2750 = CARTESIAN_POINT('',(0.158382366393,78.733875244149));
#2751 = CARTESIAN_POINT('',(0.158377016592,78.816890479958));
#2752 = CARTESIAN_POINT('',(0.15837212893,78.899909921634));
#2753 = CARTESIAN_POINT('',(0.158368417445,78.982934484301));
#2754 = CARTESIAN_POINT('',(0.158366248974,79.065962301857));
#2755 = CARTESIAN_POINT('',(0.158365643153,79.148988726975));
#2756 = CARTESIAN_POINT('',(0.15836627242,79.232006331105));
#2757 = CARTESIAN_POINT('',(0.158368932621,79.417610127196));
#2758 = CARTESIAN_POINT('',(0.158371325484,79.520307099913));
#2759 = CARTESIAN_POINT('',(0.158373680181,79.622981132588));
#2760 = CARTESIAN_POINT('',(0.158374690651,79.72561878962));
#2761 = CARTESIAN_POINT('',(0.158373782337,79.828237973979));
#2762 = CARTESIAN_POINT('',(0.15837147807,79.93086565267));
#2763 = CARTESIAN_POINT('',(0.158369054232,80.033521748481));
#2764 = CARTESIAN_POINT('',(0.158365522567,80.26508099792));
#2765 = CARTESIAN_POINT('',(0.158364915967,80.394116855732));
#2766 = CARTESIAN_POINT('',(0.158367676565,80.523058097901));
#2767 = CARTESIAN_POINT('',(0.1583753357,80.651948555299));
#2768 = CARTESIAN_POINT('',(0.158386759719,80.780854342794));
#2769 = CARTESIAN_POINT('',(0.158395791147,80.909836328716));
#2770 = CARTESIAN_POINT('',(0.158398987848,81.038910018419));
#2771 = CARTESIAN_POINT('',(0.158393866773,81.295086801937));
#2772 = CARTESIAN_POINT('',(0.158385677008,81.422554330676));
#2773 = CARTESIAN_POINT('',(0.15837192096,81.549949989228));
#2774 = CARTESIAN_POINT('',(0.158355761463,81.677287744423));
#2775 = CARTESIAN_POINT('',(0.158345493326,81.804618030112));
#2776 = CARTESIAN_POINT('',(0.158348658387,81.931998789849));
#2777 = CARTESIAN_POINT('',(0.158359564361,82.059457407036));
#2778 = CARTESIAN_POINT('',(0.158371254877,82.186753419903));
#2779 = ( GEOMETRIC_REPRESENTATION_CONTEXT(2) 
PARAMETRIC_REPRESENTATION_CONTEXT() REPRESENTATION_CONTEXT('2D SPACE',''
  ) );
#2780 = PCURVE('',#2781,#2786);
#2781 = CYLINDRICAL_SURFACE('',#2782,1.96);
#2782 = AXIS2_PLACEMENT_3D('',#2783,#2784,#2785);
#2783 = CARTESIAN_POINT('',(175.75000005,-70.5,51.0035));
#2784 = DIRECTION('',(-1.,0.,1.110223024625E-16));
#2785 = DIRECTION('',(1.110223024625E-16,0.,1.));
#2786 = DEFINITIONAL_REPRESENTATION('',(#2787),#2846);
#2787 = B_SPLINE_CURVE_WITH_KNOTS('',8,(#2788,#2789,#2790,#2791,#2792,
    #2793,#2794,#2795,#2796,#2797,#2798,#2799,#2800,#2801,#2802,#2803,
    #2804,#2805,#2806,#2807,#2808,#2809,#2810,#2811,#2812,#2813,#2814,
    #2815,#2816,#2817,#2818,#2819,#2820,#2821,#2822,#2823,#2824,#2825,
    #2826,#2827,#2828,#2829,#2830,#2831,#2832,#2833,#2834,#2835,#2836,
    #2837,#2838,#2839,#2840,#2841,#2842,#2843,#2844,#2845),
  .UNSPECIFIED.,.F.,.F.,(9,7,7,7,7,7,7,7,9),(0.,0.114545196192,
    0.18463708219,0.342784162806,0.44078707128,0.545860124176,
    0.675754453178,0.838888988464,1.),.UNSPECIFIED.);
#2788 = CARTESIAN_POINT('',(0.,8.54404607053));
#2789 = CARTESIAN_POINT('',(8.989672586049E-02,8.554065626595));
#2790 = CARTESIAN_POINT('',(0.179835874311,8.564089484686));
#2791 = CARTESIAN_POINT('',(0.26976198675,8.574111281882));
#2792 = CARTESIAN_POINT('',(0.359676476364,8.584125794609));
#2793 = CARTESIAN_POINT('',(0.449576774109,8.594140486252));
#2794 = CARTESIAN_POINT('',(0.539498361559,8.604149227629));
#2795 = CARTESIAN_POINT('',(0.629427032644,8.614168708488));
#2796 = CARTESIAN_POINT('',(0.77436884783,8.630317384265));
#2797 = CARTESIAN_POINT('',(0.829387600236,8.636447751661));
#2798 = CARTESIAN_POINT('',(0.884409066589,8.64257906059));
#2799 = CARTESIAN_POINT('',(0.939437843083,8.648711354163));
#2800 = CARTESIAN_POINT('',(0.994475632566,8.654844281507));
#2801 = CARTESIAN_POINT('',(1.049519802489,8.660977247209));
#2802 = CARTESIAN_POINT('',(1.104561250794,8.667109216628));
#2803 = CARTESIAN_POINT('',(1.283722973154,8.687066842008));
#2804 = CARTESIAN_POINT('',(1.408036465918,8.700911395289));
#2805 = CARTESIAN_POINT('',(1.532281554252,8.714745766303));
#2806 = CARTESIAN_POINT('',(1.656467137006,8.728576122274));
#2807 = CARTESIAN_POINT('',(1.780643221473,8.742411753517));
#2808 = CARTESIAN_POINT('',(1.904865007197,8.75625587449));
#2809 = CARTESIAN_POINT('',(2.02916573314,8.770109821038));
#2810 = CARTESIAN_POINT('',(2.230298501448,8.792525614127));
#2811 = CARTESIAN_POINT('',(2.307266426955,8.80110314713));
#2812 = CARTESIAN_POINT('',(2.3842385157,8.809680348277));
#2813 = CARTESIAN_POINT('',(2.461207690322,8.818256183125));
#2814 = CARTESIAN_POINT('',(2.538170221952,8.826830171983));
#2815 = CARTESIAN_POINT('',(2.615125730212,8.835402389914));
#2816 = CARTESIAN_POINT('',(2.692077183216,8.84397346673));
#2817 = CARTESIAN_POINT('',(2.851536221383,8.861734046651));
#2818 = CARTESIAN_POINT('',(2.934042706719,8.870923283012));
#2819 = CARTESIAN_POINT('',(3.01655371781,8.880113200831));
#2820 = CARTESIAN_POINT('',(3.099069873169,8.889304234746));
#2821 = CARTESIAN_POINT('',(3.181589045588,8.898496349283));
#2822 = CARTESIAN_POINT('',(3.264106362138,8.907689038853));
#2823 = CARTESIAN_POINT('',(3.346614204168,8.916881327757));
#2824 = CARTESIAN_POINT('',(3.531076248439,8.937433259346));
#2825 = CARTESIAN_POINT('',(3.633140223912,8.94880533662));
#2826 = CARTESIAN_POINT('',(3.735180111776,8.960174854385));
#2827 = CARTESIAN_POINT('',(3.837182944025,8.971539715064));
#2828 = CARTESIAN_POINT('',(3.939167385728,8.98290163326));
#2829 = CARTESIAN_POINT('',(4.041161119236,8.99426384024));
#2830 = CARTESIAN_POINT('',(4.143184353763,9.005629139366));
#2831 = CARTESIAN_POINT('',(4.373318893616,9.031266520808));
#2832 = CARTESIAN_POINT('',(4.50156281107,9.045553532032));
#2833 = CARTESIAN_POINT('',(4.629714638643,9.059831645022));
#2834 = CARTESIAN_POINT('',(4.757816926134,9.07410642848));
#2835 = CARTESIAN_POINT('',(4.885933086902,9.088384671252));
#2836 = CARTESIAN_POINT('',(5.014122640201,9.102670231337));
#2837 = CARTESIAN_POINT('',(5.142402009745,9.116963213673));
#2838 = CARTESIAN_POINT('',(5.397001796585,9.145325594708));
#2839 = CARTESIAN_POINT('',(5.523684407391,9.159435404856));
#2840 = CARTESIAN_POINT('',(5.650296465633,9.173534649467));
#2841 = CARTESIAN_POINT('',(5.776852885035,9.187626354191));
#2842 = CARTESIAN_POINT('',(5.903404460462,9.201719984426));
#2843 = CARTESIAN_POINT('',(6.030004186905,9.215825487978));
#2844 = CARTESIAN_POINT('',(6.156676862182,9.229943244027));
#2845 = CARTESIAN_POINT('',(6.28318530718,9.244043376355));
#2846 = ( GEOMETRIC_REPRESENTATION_CONTEXT(2) 
PARAMETRIC_REPRESENTATION_CONTEXT() REPRESENTATION_CONTEXT('2D SPACE',''
  ) );
#2847 = ORIENTED_EDGE('',*,*,#2848,.F.);
#2848 = EDGE_CURVE('',#2849,#2656,#2851,.T.);
#2849 = VERTEX_POINT('',#2850);
#2850 = CARTESIAN_POINT('',(167.90595137727,-70.5,52.9635));
#2851 = SURFACE_CURVE('',#2852,(#2904,#2959),.PCURVE_S1.);
#2852 = B_SPLINE_CURVE_WITH_KNOTS('',8,(#2853,#2854,#2855,#2856,#2857,
    #2858,#2859,#2860,#2861,#2862,#2863,#2864,#2865,#2866,#2867,#2868,
    #2869,#2870,#2871,#2872,#2873,#2874,#2875,#2876,#2877,#2878,#2879,
    #2880,#2881,#2882,#2883,#2884,#2885,#2886,#2887,#2888,#2889,#2890,
    #2891,#2892,#2893,#2894,#2895,#2896,#2897,#2898,#2899,#2900,#2901,
    #2902,#2903),.UNSPECIFIED.,.F.,.F.,(9,7,7,7,7,7,7,9),(0.,
    0.102393964473,0.245437530692,0.406043029655,0.55431827408,
    0.74922521025,0.86441014191,1.),.UNSPECIFIED.);
#2853 = CARTESIAN_POINT('',(167.90595137727,-70.5,52.9635));
#2854 = CARTESIAN_POINT('',(167.89699460062,-70.34248679047,52.9635));
#2855 = CARTESIAN_POINT('',(167.88803685405,-70.18490790467,
    52.94902120492));
#2856 = CARTESIAN_POINT('',(167.87907997415,-70.02889529601,
    52.920075482033));
#2857 = CARTESIAN_POINT('',(167.87012492665,-69.87601298827,
    52.876864109138));
#2858 = CARTESIAN_POINT('',(167.86117180635,-69.7277570756,
    52.819777774552));
#2859 = CARTESIAN_POINT('',(167.85221983716,-69.5855557225,
    52.749396577116));
#2860 = CARTESIAN_POINT('',(167.84326737208,-69.45076916383,
    52.666490026194));
#2861 = CARTESIAN_POINT('',(167.82180115943,-69.14855768825,
    52.440039022391));
#2862 = CARTESIAN_POINT('',(167.80927763069,-68.9892062463,
    52.28533919056));
#2863 = CARTESIAN_POINT('',(167.7967545967,-68.85029656266,
    52.110555480633));
#2864 = CARTESIAN_POINT('',(167.78424201115,-68.73471284126,
    51.91892870635));
#2865 = CARTESIAN_POINT('',(167.77173599022,-68.64469085782,
    51.71406083042));
#2866 = CARTESIAN_POINT('',(167.75922650575,-68.58186911772,
    51.499849784816));
#2867 = CARTESIAN_POINT('',(167.74671068593,-68.54722107353,
    51.28048979683));
#2868 = CARTESIAN_POINT('',(167.72015150278,-68.53364759793,
    50.81334461518));
#2869 = CARTESIAN_POINT('',(167.7060861568,-68.56207474799,
    50.564967736216));
#2870 = CARTESIAN_POINT('',(167.69202569998,-68.62641562115,
    50.321705149427));
#2871 = CARTESIAN_POINT('',(167.67796804544,-68.72545327119,
    50.089572114449));
#2872 = CARTESIAN_POINT('',(167.66391042965,-68.8569217177,
    49.874119753321));
#2873 = CARTESIAN_POINT('',(167.64984948568,-69.01763043003,
    49.680443857287));
#2874 = CARTESIAN_POINT('',(167.63578270408,-69.20335982579,
    49.513061883096));
#2875 = CARTESIAN_POINT('',(167.60876887931,-69.59817843869,
    49.248398712915));
#2876 = CARTESIAN_POINT('',(167.59578973615,-69.80480284045,
    49.146437730204));
#2877 = CARTESIAN_POINT('',(167.58281650353,-70.02440116432,
    49.072450805253));
#2878 = CARTESIAN_POINT('',(167.56984698521,-70.25248168272,
    49.028253578299));
#2879 = CARTESIAN_POINT('',(167.5568760385,-70.48440671548,
    49.014811624983));
#2880 = CARTESIAN_POINT('',(167.54389949017,-70.71544827207,
    49.03232243428));
#2881 = CARTESIAN_POINT('',(167.53091720208,-70.94081979516,
    49.080134428631));
#2882 = CARTESIAN_POINT('',(167.50089796794,-71.43845653835,
    49.256832111705));
#2883 = CARTESIAN_POINT('',(167.48380577793,-71.7042447492,
    49.406864307327));
#2884 = CARTESIAN_POINT('',(167.46674176267,-71.94178105056,
    49.603002969908));
#2885 = CARTESIAN_POINT('',(167.44969488532,-72.14218858929,
    49.838555842314));
#2886 = CARTESIAN_POINT('',(167.43264889242,-72.29828096777,
    50.105548536771));
#2887 = CARTESIAN_POINT('',(167.41558537096,-72.40490764605,
    50.394566287149));
#2888 = CARTESIAN_POINT('',(167.39849140071,-72.45867018436,
    50.695022160877));
#2889 = CARTESIAN_POINT('',(167.37136357923,-72.46075608995,
    51.172170486952));
#2890 = CARTESIAN_POINT('',(167.36128224495,-72.44320515845,
    51.349562707713));
#2891 = CARTESIAN_POINT('',(167.35120208798,-72.4073197566,
    51.524805872979));
#2892 = CARTESIAN_POINT('',(167.34112470485,-72.35341640188,
    51.695672105892));
#2893 = CARTESIAN_POINT('',(167.331049339,-72.28212434805,
    51.860029931524));
#2894 = CARTESIAN_POINT('',(167.32097469918,-72.19437308343,
    52.015866036807));
#2895 = CARTESIAN_POINT('',(167.31090077778,-72.09137982928,
    52.161307030451));
#2896 = CARTESIAN_POINT('',(167.28897664823,-71.83721334687,
    52.451595426469));
#2897 = CARTESIAN_POINT('',(167.27711744993,-71.68061001476,
    52.591901730063));
#2898 = CARTESIAN_POINT('',(167.26526123339,-71.5073179817,
    52.712744314352));
#2899 = CARTESIAN_POINT('',(167.25340695016,-71.32018730909,
    52.811815289071));
#2900 = CARTESIAN_POINT('',(167.24154948818,-71.12237631011,
    52.887341421148));
#2901 = CARTESIAN_POINT('',(167.22968481582,-70.91730068006,
    52.938110882863));
#2902 = CARTESIAN_POINT('',(167.21781512585,-70.70858262658,52.9635));
#2903 = CARTESIAN_POINT('',(167.20595397947,-70.5,52.9635));
#2904 = PCURVE('',#486,#2905);
#2905 = DEFINITIONAL_REPRESENTATION('',(#2906),#2958);
#2906 = B_SPLINE_CURVE_WITH_KNOTS('',8,(#2907,#2908,#2909,#2910,#2911,
    #2912,#2913,#2914,#2915,#2916,#2917,#2918,#2919,#2920,#2921,#2922,
    #2923,#2924,#2925,#2926,#2927,#2928,#2929,#2930,#2931,#2932,#2933,
    #2934,#2935,#2936,#2937,#2938,#2939,#2940,#2941,#2942,#2943,#2944,
    #2945,#2946,#2947,#2948,#2949,#2950,#2951,#2952,#2953,#2954,#2955,
    #2956,#2957),.UNSPECIFIED.,.F.,.F.,(9,7,7,7,7,7,7,9),(0.,
    0.102393964473,0.245437530692,0.406043029655,0.55431827408,
    0.74922521025,0.86441014191,1.),.UNSPECIFIED.);
#2907 = CARTESIAN_POINT('',(0.1583813442,69.542642454623));
#2908 = CARTESIAN_POINT('',(0.158387976021,69.623507539996));
#2909 = CARTESIAN_POINT('',(0.15839227958,69.70439109238));
#2910 = CARTESIAN_POINT('',(0.158393171981,69.785281207991));
#2911 = CARTESIAN_POINT('',(0.158390535057,69.866169754958));
#2912 = CARTESIAN_POINT('',(0.158385215368,69.94705237332));
#2913 = CARTESIAN_POINT('',(0.158379024197,70.027928475026));
#2914 = CARTESIAN_POINT('',(0.158374737557,70.108801243937));
#2915 = CARTESIAN_POINT('',(0.15837799418,70.302661321707));
#2916 = CARTESIAN_POINT('',(0.158386241756,70.415732789509));
#2917 = CARTESIAN_POINT('',(0.15840037041,70.528774664745));
#2918 = CARTESIAN_POINT('',(0.158399636723,70.641784936131));
#2919 = CARTESIAN_POINT('',(0.158385981095,70.754790590414));
#2920 = CARTESIAN_POINT('',(0.158372521077,70.867826822823));
#2921 = CARTESIAN_POINT('',(0.158361590254,70.98090969417));
#2922 = CARTESIAN_POINT('',(0.158350431718,71.220826407726));
#2923 = CARTESIAN_POINT('',(0.158351347528,71.347853975888));
#2924 = CARTESIAN_POINT('',(0.158362232863,71.474795331575));
#2925 = CARTESIAN_POINT('',(0.15837897726,71.601686618382));
#2926 = CARTESIAN_POINT('',(0.158393091888,71.728588608254));
#2927 = CARTESIAN_POINT('',(0.158399170973,71.855554533789));
#2928 = CARTESIAN_POINT('',(0.158399056247,71.982599293144));
#2929 = CARTESIAN_POINT('',(0.158390927962,72.226609188945));
#2930 = CARTESIAN_POINT('',(0.158383588419,72.343861394255));
#2931 = CARTESIAN_POINT('',(0.158374630704,72.461067043499));
#2932 = CARTESIAN_POINT('',(0.158367587908,72.57823107083));
#2933 = CARTESIAN_POINT('',(0.158364525898,72.69539121258));
#2934 = CARTESIAN_POINT('',(0.158365054002,72.812586814567));
#2935 = CARTESIAN_POINT('',(0.15836714422,72.9298276853));
#2936 = CARTESIAN_POINT('',(0.158372309617,73.200925005779));
#2937 = CARTESIAN_POINT('',(0.158375458137,73.355280096096));
#2938 = CARTESIAN_POINT('',(0.158375544759,73.509393671972));
#2939 = CARTESIAN_POINT('',(0.158369390802,73.663378803531));
#2940 = CARTESIAN_POINT('',(0.158361984146,73.817361190661));
#2941 = CARTESIAN_POINT('',(0.158362569518,73.971468082583));
#2942 = CARTESIAN_POINT('',(0.158369358504,74.125823736914));
#2943 = CARTESIAN_POINT('',(0.158383264078,74.370770124128));
#2944 = CARTESIAN_POINT('',(0.158389166062,74.461794837504));
#2945 = CARTESIAN_POINT('',(0.158394769898,74.552810178131));
#2946 = CARTESIAN_POINT('',(0.158398766054,74.643807264099));
#2947 = CARTESIAN_POINT('',(0.158399971018,74.734797933173));
#2948 = CARTESIAN_POINT('',(0.158397727981,74.825796626474));
#2949 = CARTESIAN_POINT('',(0.158392307543,74.916802272167));
#2950 = CARTESIAN_POINT('',(0.158377069357,75.114874734055));
#2951 = CARTESIAN_POINT('',(0.15836618107,75.222027270499));
#2952 = CARTESIAN_POINT('',(0.158355664908,75.329151334706));
#2953 = CARTESIAN_POINT('',(0.158348911314,75.436242058853));
#2954 = CARTESIAN_POINT('',(0.158348540328,75.543334515713));
#2955 = CARTESIAN_POINT('',(0.15835526211,75.650462083302));
#2956 = CARTESIAN_POINT('',(0.158366737467,75.757614809527));
#2957 = CARTESIAN_POINT('',(0.158376438376,75.864697776837));
#2958 = ( GEOMETRIC_REPRESENTATION_CONTEXT(2) 
PARAMETRIC_REPRESENTATION_CONTEXT() REPRESENTATION_CONTEXT('2D SPACE',''
  ) );
#2959 = PCURVE('',#2960,#2965);
#2960 = CYLINDRICAL_SURFACE('',#2961,1.96);
#2961 = AXIS2_PLACEMENT_3D('',#2962,#2963,#2964);
#2962 = CARTESIAN_POINT('',(175.75000005,-70.5,51.0035));
#2963 = DIRECTION('',(-1.,0.,1.110223024625E-16));
#2964 = DIRECTION('',(1.110223024625E-16,0.,1.));
#2965 = DEFINITIONAL_REPRESENTATION('',(#2966),#3018);
#2966 = B_SPLINE_CURVE_WITH_KNOTS('',8,(#2967,#2968,#2969,#2970,#2971,
    #2972,#2973,#2974,#2975,#2976,#2977,#2978,#2979,#2980,#2981,#2982,
    #2983,#2984,#2985,#2986,#2987,#2988,#2989,#2990,#2991,#2992,#2993,
    #2994,#2995,#2996,#2997,#2998,#2999,#3000,#3001,#3002,#3003,#3004,
    #3005,#3006,#3007,#3008,#3009,#3010,#3011,#3012,#3013,#3014,#3015,
    #3016,#3017),.UNSPECIFIED.,.F.,.F.,(9,7,7,7,7,7,7,9),(0.,
    0.102393964473,0.245437530692,0.406043029655,0.55431827408,
    0.74922521025,0.86441014191,1.),.UNSPECIFIED.);
#2967 = CARTESIAN_POINT('',(0.,7.844048672729));
#2968 = CARTESIAN_POINT('',(8.036388241169E-02,7.853005449372));
#2969 = CARTESIAN_POINT('',(0.160745268844,7.861963195948));
#2970 = CARTESIAN_POINT('',(0.241134898019,7.870920075844));
#2971 = CARTESIAN_POINT('',(0.321526062634,7.879875123346));
#2972 = CARTESIAN_POINT('',(0.40191460936,7.888828243646));
#2973 = CARTESIAN_POINT('',(0.482298938845,7.897780212837));
#2974 = CARTESIAN_POINT('',(0.56268000571,7.906732677911));
#2975 = CARTESIAN_POINT('',(0.755353382885,7.928198890569));
#2976 = CARTESIAN_POINT('',(0.86774554669,7.940722419306));
#2977 = CARTESIAN_POINT('',(0.980093729101,7.953245453294));
#2978 = CARTESIAN_POINT('',(1.09240118112,7.965758038846));
#2979 = CARTESIAN_POINT('',(1.204703418678,7.978264059771));
#2980 = CARTESIAN_POINT('',(1.317038857455,7.990773544241));
#2981 = CARTESIAN_POINT('',(1.429423531103,8.00328936407));
#2982 = CARTESIAN_POINT('',(1.667863498974,8.02984854722));
#2983 = CARTESIAN_POINT('',(1.794111834639,8.043913893192));
#2984 = CARTESIAN_POINT('',(1.920276084824,8.057974350016));
#2985 = CARTESIAN_POINT('',(2.046388601011,8.072032004554));
#2986 = CARTESIAN_POINT('',(2.172509214915,8.086089620341));
#2987 = CARTESIAN_POINT('',(2.298692646711,8.100150564313));
#2988 = CARTESIAN_POINT('',(2.424955190338,8.114217345914));
#2989 = CARTESIAN_POINT('',(2.667464980274,8.141231170682));
#2990 = CARTESIAN_POINT('',(2.783997363945,8.154210313841));
#2991 = CARTESIAN_POINT('',(2.900484867745,8.167183546465));
#2992 = CARTESIAN_POINT('',(3.016932107094,8.18015306479));
#2993 = CARTESIAN_POINT('',(3.133375221139,8.193124011496));
#2994 = CARTESIAN_POINT('',(3.249851963581,8.206100559825));
#2995 = CARTESIAN_POINT('',(3.366371820262,8.219082847912));
#2996 = CARTESIAN_POINT('',(3.635798417348,8.249102082059));
#2997 = CARTESIAN_POINT('',(3.789199617292,8.266194272061));
#2998 = CARTESIAN_POINT('',(3.942359016354,8.283258287324));
#2999 = CARTESIAN_POINT('',(4.095391711215,8.30030516467));
#3000 = CARTESIAN_POINT('',(4.248427181494,8.317351157575));
#3001 = CARTESIAN_POINT('',(4.401590088913,8.334414679034));
#3002 = CARTESIAN_POINT('',(4.555000851722,8.351508649283));
#3003 = CARTESIAN_POINT('',(4.798446201433,8.378636470765));
#3004 = CARTESIAN_POINT('',(4.888912812461,8.38871780505));
#3005 = CARTESIAN_POINT('',(4.979369304838,8.398797962018));
#3006 = CARTESIAN_POINT('',(5.069806787076,8.40887534515));
#3007 = CARTESIAN_POINT('',(5.160237262602,8.418950710996));
#3008 = CARTESIAN_POINT('',(5.250675488012,8.429025350815));
#3009 = CARTESIAN_POINT('',(5.341120831312,8.439099272216));
#3010 = CARTESIAN_POINT('',(5.537974964575,8.461023401763));
#3011 = CARTESIAN_POINT('',(5.644468885887,8.472882600066));
#3012 = CARTESIAN_POINT('',(5.75093607186,8.484738816601));
#3013 = CARTESIAN_POINT('',(5.857370947615,8.496593099834));
#3014 = CARTESIAN_POINT('',(5.963806753477,8.508450561815));
#3015 = CARTESIAN_POINT('',(6.070275112788,8.520315234177));
#3016 = CARTESIAN_POINT('',(6.176765599737,8.532184924143));
#3017 = CARTESIAN_POINT('',(6.28318530718,8.54404607053));
#3018 = ( GEOMETRIC_REPRESENTATION_CONTEXT(2) 
PARAMETRIC_REPRESENTATION_CONTEXT() REPRESENTATION_CONTEXT('2D SPACE',''
  ) );
#3019 = ORIENTED_EDGE('',*,*,#3020,.F.);
#3020 = EDGE_CURVE('',#3021,#2849,#3023,.T.);
#3021 = VERTEX_POINT('',#3022);
#3022 = CARTESIAN_POINT('',(168.60594907817,-70.5,52.9635));
#3023 = SURFACE_CURVE('',#3024,(#3075,#3129),.PCURVE_S1.);
#3024 = B_SPLINE_CURVE_WITH_KNOTS('',7,(#3025,#3026,#3027,#3028,#3029,
    #3030,#3031,#3032,#3033,#3034,#3035,#3036,#3037,#3038,#3039,#3040,
    #3041,#3042,#3043,#3044,#3045,#3046,#3047,#3048,#3049,#3050,#3051,
    #3052,#3053,#3054,#3055,#3056,#3057,#3058,#3059,#3060,#3061,#3062,
    #3063,#3064,#3065,#3066,#3067,#3068,#3069,#3070,#3071,#3072,#3073,
    #3074),.UNSPECIFIED.,.F.,.F.,(8,6,6,6,6,6,6,6,8),(0.,
    8.977053188362E-02,0.244363220647,0.396513620144,0.539709310497,
    0.629864595269,0.749610228456,0.909235328972,1.),.UNSPECIFIED.);
#3025 = CARTESIAN_POINT('',(168.60594907817,-70.5,52.9635));
#3026 = CARTESIAN_POINT('',(168.59697360747,-70.34214779852,52.9635));
#3027 = CARTESIAN_POINT('',(168.58799719718,-70.18423351493,
    52.948658022539));
#3028 = CARTESIAN_POINT('',(168.57902228103,-70.02801100692,
    52.91898404415));
#3029 = CARTESIAN_POINT('',(168.57004977136,-69.87515748079,
    52.87471364505));
#3030 = CARTESIAN_POINT('',(168.56107905914,-69.72727349144,
    52.816308009138));
#3031 = CARTESIAN_POINT('',(168.552108014,-69.58588294239,
    52.744453923997));
#3032 = CARTESIAN_POINT('',(168.52767719976,-69.22262078855,
    52.514736591078));
#3033 = CARTESIAN_POINT('',(168.51220046223,-69.01605073177,
    52.332031037633));
#3034 = CARTESIAN_POINT('',(168.49673261198,-68.8405823275,
    52.116733198364));
#3035 = CARTESIAN_POINT('',(168.48128414294,-68.70197572356,
    51.875308176062));
#3036 = CARTESIAN_POINT('',(168.46583694383,-68.60451454672,
    51.615233249609));
#3037 = CARTESIAN_POINT('',(168.45036924269,-68.55087372669,
    51.344744162501));
#3038 = CARTESIAN_POINT('',(168.41970441949,-68.53174339068,
    50.80553809519));
#3039 = CARTESIAN_POINT('',(168.40447546676,-68.5648522844,
    50.536310476386));
#3040 = CARTESIAN_POINT('',(168.3892549295,-68.64100547193,
    50.273948633268));
#3041 = CARTESIAN_POINT('',(168.37403468692,-68.75824912996,
    50.026534239555));
#3042 = CARTESIAN_POINT('',(168.35881427022,-68.91313761136,
    49.801418761388));
#3043 = CARTESIAN_POINT('',(168.34358364411,-69.100622442,
    49.605305726625));
#3044 = CARTESIAN_POINT('',(168.31406262272,-69.51409206697,
    49.290896762579));
#3045 = CARTESIAN_POINT('',(168.29973685156,-69.73761994589,
    49.168351358087));
#3046 = CARTESIAN_POINT('',(168.28542142184,-69.97854556343,
    49.080175191707));
#3047 = CARTESIAN_POINT('',(168.27110704125,-70.23044995621,
    49.02905777446));
#3048 = CARTESIAN_POINT('',(168.2567880216,-70.48667340861,
    49.016341404964));
#3049 = CARTESIAN_POINT('',(168.24245851969,-70.74026855201,
    49.042049952339));
#3050 = CARTESIAN_POINT('',(168.21913055419,-71.13791555552,
    49.143445992823));
#3051 = CARTESIAN_POINT('',(168.21011417607,-71.28792596812,
    49.197153449101));
#3052 = CARTESIAN_POINT('',(168.20109721548,-71.43257734785,
    49.264937614058));
#3053 = CARTESIAN_POINT('',(168.19208152082,-71.57027157983,
    49.34614102574));
#3054 = CARTESIAN_POINT('',(168.18306776628,-71.69955072896,
    49.439905088709));
#3055 = CARTESIAN_POINT('',(168.17405545178,-71.8190970399,
    49.545170074037));
#3056 = CARTESIAN_POINT('',(168.15307229744,-72.07202480349,
    49.814090693531));
#3057 = CARTESIAN_POINT('',(168.14109950093,-72.19715200846,
    49.985723194156));
#3058 = CARTESIAN_POINT('',(168.12912565198,-72.30026273314,
    50.172448454865));
#3059 = CARTESIAN_POINT('',(168.11715145203,-72.37920486038,
    50.370881207659));
#3060 = CARTESIAN_POINT('',(168.10517716544,-72.43252597477,
    50.577375082862));
#3061 = CARTESIAN_POINT('',(168.09320261951,-72.45947336268,
    50.788022609118));
#3062 = CARTESIAN_POINT('',(168.06526355905,-72.46068805624,
    51.279435812526));
#3063 = CARTESIAN_POINT('',(168.04927925031,-72.41444911793,
    51.560710672728));
#3064 = CARTESIAN_POINT('',(168.03331156297,-72.32106882949,
    51.832325351872));
#3065 = CARTESIAN_POINT('',(168.01735932243,-72.18324966296,
    52.085123813208));
#3066 = CARTESIAN_POINT('',(168.00140261777,-72.00554274762,
    52.310762491941));
#3067 = CARTESIAN_POINT('',(167.98543011076,-71.79417948815,
    52.502012527746));
#3068 = CARTESIAN_POINT('',(167.9604010634,-71.42338716859,
    52.739716208493));
#3069 = CARTESIAN_POINT('',(167.95132806592,-71.28080313445,
    52.813099299455));
#3070 = CARTESIAN_POINT('',(167.94225545908,-71.13152234782,
    52.872759962382));
#3071 = CARTESIAN_POINT('',(167.93318178008,-70.97712066611,
    52.917999688564));
#3072 = CARTESIAN_POINT('',(167.9241058029,-70.81924960833,
    52.948333924224));
#3073 = CARTESIAN_POINT('',(167.91502801877,-70.65962114398,52.9635));
#3074 = CARTESIAN_POINT('',(167.90595137727,-70.5,52.9635));
#3075 = PCURVE('',#486,#3076);
#3076 = DEFINITIONAL_REPRESENTATION('',(#3077),#3128);
#3077 = B_SPLINE_CURVE_WITH_KNOTS('',7,(#3078,#3079,#3080,#3081,#3082,
    #3083,#3084,#3085,#3086,#3087,#3088,#3089,#3090,#3091,#3092,#3093,
    #3094,#3095,#3096,#3097,#3098,#3099,#3100,#3101,#3102,#3103,#3104,
    #3105,#3106,#3107,#3108,#3109,#3110,#3111,#3112,#3113,#3114,#3115,
    #3116,#3117,#3118,#3119,#3120,#3121,#3122,#3123,#3124,#3125,#3126,
    #3127),.UNSPECIFIED.,.F.,.F.,(8,6,6,6,6,6,6,6,8),(0.,
    8.977053188362E-02,0.244363220647,0.396513620144,0.539709310497,
    0.629864595269,0.749610228456,0.909235328972,1.),.UNSPECIFIED.);
#3078 = CARTESIAN_POINT('',(0.158385566849,63.220587260179));
#3079 = CARTESIAN_POINT('',(0.158390957425,63.301626396049));
#3080 = CARTESIAN_POINT('',(0.15839316167,63.382687433412));
#3081 = CARTESIAN_POINT('',(0.158391537071,63.463751115522));
#3082 = CARTESIAN_POINT('',(0.158386638777,63.544806918589));
#3083 = CARTESIAN_POINT('',(0.158380219597,63.625853051784));
#3084 = CARTESIAN_POINT('',(0.15837523,63.706896457233));
#3085 = CARTESIAN_POINT('',(0.158376830903,63.927538922023));
#3086 = CARTESIAN_POINT('',(0.158389948909,64.067261488505));
#3087 = CARTESIAN_POINT('',(0.158405729648,64.206892329252));
#3088 = CARTESIAN_POINT('',(0.158396308803,64.34645472698));
#3089 = CARTESIAN_POINT('',(0.158369068171,64.486081099942));
#3090 = CARTESIAN_POINT('',(0.158358246354,64.6258234752));
#3091 = CARTESIAN_POINT('',(0.158350797346,64.902804724544));
#3092 = CARTESIAN_POINT('',(0.158355997417,65.040323361242));
#3093 = CARTESIAN_POINT('',(0.158372295069,65.177719154316));
#3094 = CARTESIAN_POINT('',(0.158390558239,65.315103931021));
#3095 = CARTESIAN_POINT('',(0.158398921802,65.452532014809));
#3096 = CARTESIAN_POINT('',(0.15839941461,65.590085485775));
#3097 = CARTESIAN_POINT('',(0.158390739511,65.856741458086));
#3098 = CARTESIAN_POINT('',(0.158382201487,65.986160800599));
#3099 = CARTESIAN_POINT('',(0.158371941399,66.115494008327));
#3100 = CARTESIAN_POINT('',(0.158365516023,66.24480156747));
#3101 = CARTESIAN_POINT('',(0.158364563341,66.37412794991));
#3102 = CARTESIAN_POINT('',(0.158366332925,66.50353754259));
#3103 = CARTESIAN_POINT('',(0.158370201556,66.714208043196));
#3104 = CARTESIAN_POINT('',(0.158371989668,66.795632044417));
#3105 = CARTESIAN_POINT('',(0.158373350697,66.877063116914));
#3106 = CARTESIAN_POINT('',(0.158373867348,66.958486325391));
#3107 = CARTESIAN_POINT('',(0.158373425577,67.039896058927));
#3108 = CARTESIAN_POINT('',(0.158372214594,67.121296030978));
#3109 = CARTESIAN_POINT('',(0.158368750823,67.310820323496));
#3110 = CARTESIAN_POINT('',(0.158365869035,67.418964966596));
#3111 = CARTESIAN_POINT('',(0.158364297952,67.52711355906));
#3112 = CARTESIAN_POINT('',(0.158365284247,67.635254498811));
#3113 = CARTESIAN_POINT('',(0.158369104808,67.743384231312));
#3114 = CARTESIAN_POINT('',(0.158375066737,67.851507249568));
#3115 = CARTESIAN_POINT('',(0.158390092912,68.103775610702));
#3116 = CARTESIAN_POINT('',(0.158399064499,68.248100114893));
#3117 = CARTESIAN_POINT('',(0.15840497957,68.392287429919));
#3118 = CARTESIAN_POINT('',(0.158398575858,68.536387315441));
#3119 = CARTESIAN_POINT('',(0.158381474085,68.680572771223));
#3120 = CARTESIAN_POINT('',(0.158365988345,68.824894175601));
#3121 = CARTESIAN_POINT('',(0.158353526972,69.050997107752));
#3122 = CARTESIAN_POINT('',(0.158351433874,69.132948888652));
#3123 = CARTESIAN_POINT('',(0.15835277678,69.214882615412));
#3124 = CARTESIAN_POINT('',(0.158358088558,69.296809234378));
#3125 = CARTESIAN_POINT('',(0.158366209529,69.37874469862));
#3126 = CARTESIAN_POINT('',(0.158374623628,69.460695185092));
#3127 = CARTESIAN_POINT('',(0.1583813442,69.542642454623));
#3128 = ( GEOMETRIC_REPRESENTATION_CONTEXT(2) 
PARAMETRIC_REPRESENTATION_CONTEXT() REPRESENTATION_CONTEXT('2D SPACE',''
  ) );
#3129 = PCURVE('',#3130,#3135);
#3130 = CYLINDRICAL_SURFACE('',#3131,1.96);
#3131 = AXIS2_PLACEMENT_3D('',#3132,#3133,#3134);
#3132 = CARTESIAN_POINT('',(175.75000005,-70.5,51.0035));
#3133 = DIRECTION('',(-1.,0.,1.110223024625E-16));
#3134 = DIRECTION('',(1.110223024625E-16,0.,1.));
#3135 = DEFINITIONAL_REPRESENTATION('',(#3136),#3187);
#3136 = B_SPLINE_CURVE_WITH_KNOTS('',7,(#3137,#3138,#3139,#3140,#3141,
    #3142,#3143,#3144,#3145,#3146,#3147,#3148,#3149,#3150,#3151,#3152,
    #3153,#3154,#3155,#3156,#3157,#3158,#3159,#3160,#3161,#3162,#3163,
    #3164,#3165,#3166,#3167,#3168,#3169,#3170,#3171,#3172,#3173,#3174,
    #3175,#3176,#3177,#3178,#3179,#3180,#3181,#3182,#3183,#3184,#3185,
    #3186),.UNSPECIFIED.,.F.,.F.,(8,6,6,6,6,6,6,6,8),(0.,
    8.977053188362E-02,0.244363220647,0.396513620144,0.539709310497,
    0.629864595269,0.749610228456,0.909235328972,1.),.UNSPECIFIED.);
#3137 = CARTESIAN_POINT('',(0.,7.144050971821));
#3138 = CARTESIAN_POINT('',(8.05368374895E-02,7.153026442529));
#3139 = CARTESIAN_POINT('',(0.161094311419,7.162002852811));
#3140 = CARTESIAN_POINT('',(0.24165779313,7.170977768962));
#3141 = CARTESIAN_POINT('',(0.322218504468,7.179950278637));
#3142 = CARTESIAN_POINT('',(0.402773517789,7.188920990855));
#3143 = CARTESIAN_POINT('',(0.483325755955,7.197892035995));
#3144 = CARTESIAN_POINT('',(0.702612304428,7.222322850235));
#3145 = CARTESIAN_POINT('',(0.841502685021,7.237799587763));
#3146 = CARTESIAN_POINT('',(0.980267652639,7.253267438011));
#3147 = CARTESIAN_POINT('',(1.118955354069,7.26871590706));
#3148 = CARTESIAN_POINT('',(1.257717798867,7.284163106163));
#3149 = CARTESIAN_POINT('',(1.396597495783,7.299630807307));
#3150 = CARTESIAN_POINT('',(1.671875720484,7.330295630505));
#3151 = CARTESIAN_POINT('',(1.808551507347,7.345524583231));
#3152 = CARTESIAN_POINT('',(1.945105860053,7.360745120491));
#3153 = CARTESIAN_POINT('',(2.081645246213,7.375965363076));
#3154 = CARTESIAN_POINT('',(2.218226240503,7.391185779778));
#3155 = CARTESIAN_POINT('',(2.354932634426,7.406416405889));
#3156 = CARTESIAN_POINT('',(2.619949218706,7.43593742728));
#3157 = CARTESIAN_POINT('',(2.748574146919,7.450263198434));
#3158 = CARTESIAN_POINT('',(2.877115276173,7.464578628157));
#3159 = CARTESIAN_POINT('',(3.005632146623,7.47889300875));
#3160 = CARTESIAN_POINT('',(3.134166250246,7.493212028395));
#3161 = CARTESIAN_POINT('',(3.262780747045,7.507541530301));
#3162 = CARTESIAN_POINT('',(3.472153668177,7.530869495801));
#3163 = CARTESIAN_POINT('',(3.553075306024,7.539885873925));
#3164 = CARTESIAN_POINT('',(3.63400335502,7.548902834517));
#3165 = CARTESIAN_POINT('',(3.71492324278,7.557918529171));
#3166 = CARTESIAN_POINT('',(3.795829701551,7.566932283717));
#3167 = CARTESIAN_POINT('',(3.876726768212,7.575944598216));
#3168 = CARTESIAN_POINT('',(4.065081755687,7.596927752556));
#3169 = CARTESIAN_POINT('',(4.172560458508,7.60890054907));
#3170 = CARTESIAN_POINT('',(4.280044570931,7.620874398015));
#3171 = CARTESIAN_POINT('',(4.38752244165,7.632848597963));
#3172 = CARTESIAN_POINT('',(4.494990089856,7.644822884553));
#3173 = CARTESIAN_POINT('',(4.602451205234,7.656797430485));
#3174 = CARTESIAN_POINT('',(4.85317299333,7.684736490943));
#3175 = CARTESIAN_POINT('',(4.996611537715,7.700720799681));
#3176 = CARTESIAN_POINT('',(5.139910794176,7.716688487029));
#3177 = CARTESIAN_POINT('',(5.283121892696,7.732640727568));
#3178 = CARTESIAN_POINT('',(5.426419748488,7.748597432229));
#3179 = CARTESIAN_POINT('',(5.569855925327,7.764569939239));
#3180 = CARTESIAN_POINT('',(5.794571711441,7.7895989866));
#3181 = CARTESIAN_POINT('',(5.876020696422,7.798671984072));
#3182 = CARTESIAN_POINT('',(5.957451306641,7.807744590916));
#3183 = CARTESIAN_POINT('',(6.038873650543,7.816818269913));
#3184 = CARTESIAN_POINT('',(6.120303081147,7.825894247099));
#3185 = CARTESIAN_POINT('',(6.201745948002,7.83497203123));
#3186 = CARTESIAN_POINT('',(6.28318530718,7.844048672729));
#3187 = ( GEOMETRIC_REPRESENTATION_CONTEXT(2) 
PARAMETRIC_REPRESENTATION_CONTEXT() REPRESENTATION_CONTEXT('2D SPACE',''
  ) );
#3188 = ORIENTED_EDGE('',*,*,#3189,.F.);
#3189 = EDGE_CURVE('',#3190,#3021,#3192,.T.);
#3190 = VERTEX_POINT('',#3191);
#3191 = CARTESIAN_POINT('',(169.30594727885,-70.5,52.9635));
#3192 = SURFACE_CURVE('',#3193,(#3245,#3300),.PCURVE_S1.);
#3193 = B_SPLINE_CURVE_WITH_KNOTS('',8,(#3194,#3195,#3196,#3197,#3198,
    #3199,#3200,#3201,#3202,#3203,#3204,#3205,#3206,#3207,#3208,#3209,
    #3210,#3211,#3212,#3213,#3214,#3215,#3216,#3217,#3218,#3219,#3220,
    #3221,#3222,#3223,#3224,#3225,#3226,#3227,#3228,#3229,#3230,#3231,
    #3232,#3233,#3234,#3235,#3236,#3237,#3238,#3239,#3240,#3241,#3242,
    #3243,#3244),.UNSPECIFIED.,.F.,.F.,(9,7,7,7,7,7,7,9),(0.,
    9.795567149187E-02,0.25553445506,0.379999963905,0.575845585174,
    0.727026191241,0.857509137385,1.),.UNSPECIFIED.);
#3194 = CARTESIAN_POINT('',(169.30594727884,-70.5,52.9635));
#3195 = CARTESIAN_POINT('',(169.29737908814,-70.34929648667,52.9635));
#3196 = CARTESIAN_POINT('',(169.2888134429,-70.19857207381,
    52.950253803389));
#3197 = CARTESIAN_POINT('',(169.28024906921,-70.04922668965,
    52.923768288678));
#3198 = CARTESIAN_POINT('',(169.2716849614,-69.90261363133,
    52.884210516352));
#3199 = CARTESIAN_POINT('',(169.26312038201,-69.76003956499,
    52.831907728862));
#3200 = CARTESIAN_POINT('',(169.25455486184,-69.6227645257,
    52.76734735063));
#3201 = CARTESIAN_POINT('',(169.24598819989,-69.49200191749,
    52.691176988048));
#3202 = CARTESIAN_POINT('',(169.22363776486,-69.17091738888,
    52.464293898779));
#3203 = CARTESIAN_POINT('',(169.20983785157,-68.9924838632,
    52.296237830121));
#3204 = CARTESIAN_POINT('',(169.19604796979,-68.83864690687,
    52.103462164077));
#3205 = CARTESIAN_POINT('',(169.1822721614,-68.71326089298,
    51.890241255024));
#3206 = CARTESIAN_POINT('',(169.16850013968,-68.61927240114,
    51.661435167582));
#3207 = CARTESIAN_POINT('',(169.15471856276,-68.55877305962,
    51.422330836034));
#3208 = CARTESIAN_POINT('',(169.14092470489,-68.53283842568,
    51.178587086702));
#3209 = CARTESIAN_POINT('',(169.11625650413,-68.54772019541,
    50.744897121959));
#3210 = CARTESIAN_POINT('',(169.10536269171,-68.57566165241,
    50.554141237696));
#3211 = CARTESIAN_POINT('',(169.09446857984,-68.62491632832,
    50.366927206123));
#3212 = CARTESIAN_POINT('',(169.0835753027,-68.69491819632,
    50.186034123415));
#3213 = CARTESIAN_POINT('',(169.07268245818,-68.78470201036,
    50.014088133435));
#3214 = CARTESIAN_POINT('',(169.06178920949,-68.8929371234,
    49.853554641416));
#3215 = CARTESIAN_POINT('',(169.05089589551,-69.01790594644,
    49.706704407343));
#3216 = CARTESIAN_POINT('',(169.02288209231,-69.37700547728,
    49.369088012409));
#3217 = CARTESIAN_POINT('',(169.00571078411,-69.63343910372,
    49.200681846617));
#3218 = CARTESIAN_POINT('',(168.98856803593,-69.91822202935,
    49.078990543697));
#3219 = CARTESIAN_POINT('',(168.97143768417,-70.22115036055,
    49.008925324437));
#3220 = CARTESIAN_POINT('',(168.95430181006,-70.53167066466,
    48.993234402145));
#3221 = CARTESIAN_POINT('',(168.93715043965,-70.83889548129,
    49.032142451406));
#3222 = CARTESIAN_POINT('',(168.91997083552,-71.13170779247,
    49.123768099712));
#3223 = CARTESIAN_POINT('',(168.88961178114,-71.60621997971,
    49.368871045167));
#3224 = CARTESIAN_POINT('',(168.87637831694,-71.79858357267,
    49.503762101498));
#3225 = CARTESIAN_POINT('',(168.86315221098,-71.97189232173,
    49.664413154709));
#3226 = CARTESIAN_POINT('',(168.84993052572,-72.12221459495,
    49.847595751562));
#3227 = CARTESIAN_POINT('',(168.83670663461,-72.24631029931,
    50.049509860938));
#3228 = CARTESIAN_POINT('',(168.82347475887,-72.34159794464,
    50.265853024234));
#3229 = CARTESIAN_POINT('',(168.81023506041,-72.40627244834,
    50.491796644379));
#3230 = CARTESIAN_POINT('',(168.78559475726,-72.46851653611,
    50.92070808311));
#3231 = CARTESIAN_POINT('',(168.77417140834,-72.47410934964,
    51.122923707835));
#3232 = CARTESIAN_POINT('',(168.76275055672,-72.45591746763,
    51.325285285884));
#3233 = CARTESIAN_POINT('',(168.75133492038,-72.41405655848,
    51.524514920641));
#3234 = CARTESIAN_POINT('',(168.7399225209,-72.34915841092,
    51.717445033852));
#3235 = CARTESIAN_POINT('',(168.72851020312,-72.26230612218,
    51.901049449437));
#3236 = CARTESIAN_POINT('',(168.71709706496,-72.15504644842,
    52.072490282668));
#3237 = CARTESIAN_POINT('',(168.69322857197,-71.89235665577,
    52.400290684596));
#3238 = CARTESIAN_POINT('',(168.68076056925,-71.73324694785,
    52.554001279502));
#3239 = CARTESIAN_POINT('',(168.66829651004,-71.55488619169,
    52.686796840407));
#3240 = CARTESIAN_POINT('',(168.65583465054,-71.36053400676,
    52.795943695758));
#3241 = CARTESIAN_POINT('',(168.64336855147,-71.15382627522,
    52.879336570473));
#3242 = CARTESIAN_POINT('',(168.63089448775,-70.93868213935,
    52.935465047221));
#3243 = CARTESIAN_POINT('',(168.61841649865,-70.71926535483,52.9635));
#3244 = CARTESIAN_POINT('',(168.60594907817,-70.5,52.9635));
#3245 = PCURVE('',#486,#3246);
#3246 = DEFINITIONAL_REPRESENTATION('',(#3247),#3299);
#3247 = B_SPLINE_CURVE_WITH_KNOTS('',8,(#3248,#3249,#3250,#3251,#3252,
    #3253,#3254,#3255,#3256,#3257,#3258,#3259,#3260,#3261,#3262,#3263,
    #3264,#3265,#3266,#3267,#3268,#3269,#3270,#3271,#3272,#3273,#3274,
    #3275,#3276,#3277,#3278,#3279,#3280,#3281,#3282,#3283,#3284,#3285,
    #3286,#3287,#3288,#3289,#3290,#3291,#3292,#3293,#3294,#3295,#3296,
    #3297,#3298),.UNSPECIFIED.,.F.,.F.,(9,7,7,7,7,7,7,9),(0.,
    9.795567149187E-02,0.25553445506,0.379999963905,0.575845585174,
    0.727026191241,0.857509137385,1.),.UNSPECIFIED.);
#3248 = CARTESIAN_POINT('',(0.158388745438,56.898531944513));
#3249 = CARTESIAN_POINT('',(0.158392248539,56.975900684908));
#3250 = CARTESIAN_POINT('',(0.158391308554,57.05326498552));
#3251 = CARTESIAN_POINT('',(0.158387630294,57.130629470452));
#3252 = CARTESIAN_POINT('',(0.158382791784,57.207996740396));
#3253 = CARTESIAN_POINT('',(0.158378244258,57.285367372637));
#3254 = CARTESIAN_POINT('',(0.158375312166,57.362739921051));
#3255 = CARTESIAN_POINT('',(0.15837519317,57.440110916106));
#3256 = CARTESIAN_POINT('',(0.158385014758,57.641928270675));
#3257 = CARTESIAN_POINT('',(0.158397798475,57.766507980961));
#3258 = CARTESIAN_POINT('',(0.158399881936,57.891042184572));
#3259 = CARTESIAN_POINT('',(0.158387907909,58.015508790088));
#3260 = CARTESIAN_POINT('',(0.158368840538,58.139971318912));
#3261 = CARTESIAN_POINT('',(0.15835405853,58.264502177242));
#3262 = CARTESIAN_POINT('',(0.158351290275,58.389093306894));
#3263 = CARTESIAN_POINT('',(0.158356839965,58.611861169163));
#3264 = CARTESIAN_POINT('',(0.158363578954,58.710220396684));
#3265 = CARTESIAN_POINT('',(0.158373722164,58.808567953725));
#3266 = CARTESIAN_POINT('',(0.15838450914,58.906905234071));
#3267 = CARTESIAN_POINT('',(0.158392977716,59.005248367759));
#3268 = CARTESIAN_POINT('',(0.158397492847,59.103611815679));
#3269 = CARTESIAN_POINT('',(0.158398297258,59.201991496631));
#3270 = CARTESIAN_POINT('',(0.158393028432,59.455020650988));
#3271 = CARTESIAN_POINT('',(0.158382772979,59.610146729732));
#3272 = CARTESIAN_POINT('',(0.15836885859,59.765030301486));
#3273 = CARTESIAN_POINT('',(0.158360425189,59.919778800321));
#3274 = CARTESIAN_POINT('',(0.158363356285,60.074529244909));
#3275 = CARTESIAN_POINT('',(0.158368605895,60.229409909493));
#3276 = CARTESIAN_POINT('',(0.158372149825,60.384552802026));
#3277 = CARTESIAN_POINT('',(0.158373641691,60.658734777573));
#3278 = CARTESIAN_POINT('',(0.158372692877,60.778257027281));
#3279 = CARTESIAN_POINT('',(0.158369764751,60.897721171049));
#3280 = CARTESIAN_POINT('',(0.158365731493,61.017150035497));
#3281 = CARTESIAN_POINT('',(0.158363415643,61.13659154098));
#3282 = CARTESIAN_POINT('',(0.158365052977,61.256088436947));
#3283 = CARTESIAN_POINT('',(0.158370050065,61.37564177479));
#3284 = CARTESIAN_POINT('',(0.15838217106,61.598129662033));
#3285 = CARTESIAN_POINT('',(0.158388865372,61.701271442708));
#3286 = CARTESIAN_POINT('',(0.158395683125,61.804390148258));
#3287 = CARTESIAN_POINT('',(0.158400281601,61.907471134511));
#3288 = CARTESIAN_POINT('',(0.158400695812,62.010540578216));
#3289 = CARTESIAN_POINT('',(0.158396379496,62.113629289662));
#3290 = CARTESIAN_POINT('',(0.158388522372,62.216740393678));
#3291 = CARTESIAN_POINT('',(0.158369947921,62.432387522405));
#3292 = CARTESIAN_POINT('',(0.158359162636,62.545038068989));
#3293 = CARTESIAN_POINT('',(0.158349413264,62.657648639888));
#3294 = CARTESIAN_POINT('',(0.158346440582,62.770210723814));
#3295 = CARTESIAN_POINT('',(0.158352855575,62.882771412621));
#3296 = CARTESIAN_POINT('',(0.158365666631,62.995376931127));
#3297 = CARTESIAN_POINT('',(0.158378079043,63.108019461213));
#3298 = CARTESIAN_POINT('',(0.158385566849,63.220587260179));
#3299 = ( GEOMETRIC_REPRESENTATION_CONTEXT(2) 
PARAMETRIC_REPRESENTATION_CONTEXT() REPRESENTATION_CONTEXT('2D SPACE',''
  ) );
#3300 = PCURVE('',#3301,#3306);
#3301 = CYLINDRICAL_SURFACE('',#3302,1.96);
#3302 = AXIS2_PLACEMENT_3D('',#3303,#3304,#3305);
#3303 = CARTESIAN_POINT('',(175.75000005,-70.5,51.0035));
#3304 = DIRECTION('',(-1.,0.,1.110223024625E-16));
#3305 = DIRECTION('',(1.110223024625E-16,0.,1.));
#3306 = DEFINITIONAL_REPRESENTATION('',(#3307),#3359);
#3307 = B_SPLINE_CURVE_WITH_KNOTS('',8,(#3308,#3309,#3310,#3311,#3312,
    #3313,#3314,#3315,#3316,#3317,#3318,#3319,#3320,#3321,#3322,#3323,
    #3324,#3325,#3326,#3327,#3328,#3329,#3330,#3331,#3332,#3333,#3334,
    #3335,#3336,#3337,#3338,#3339,#3340,#3341,#3342,#3343,#3344,#3345,
    #3346,#3347,#3348,#3349,#3350,#3351,#3352,#3353,#3354,#3355,#3356,
    #3357,#3358),.UNSPECIFIED.,.F.,.F.,(9,7,7,7,7,7,7,9),(0.,
    9.795567149187E-02,0.25553445506,0.379999963905,0.575845585174,
    0.727026191241,0.857509137385,1.),.UNSPECIFIED.);
#3308 = CARTESIAN_POINT('',(0.,6.44405277115));
#3309 = CARTESIAN_POINT('',(7.68895476172E-02,6.452620961851));
#3310 = CARTESIAN_POINT('',(0.15377728234,6.461186607092));
#3311 = CARTESIAN_POINT('',(0.230667004985,6.469750980783));
#3312 = CARTESIAN_POINT('',(0.307560704926,6.478315088598));
#3313 = CARTESIAN_POINT('',(0.384458560088,6.486879667986));
#3314 = CARTESIAN_POINT('',(0.46135893695,6.49544518816));
#3315 = CARTESIAN_POINT('',(0.538258390543,6.504011850108));
#3316 = CARTESIAN_POINT('',(0.738847907697,6.526362285134));
#3317 = CARTESIAN_POINT('',(0.862670662505,6.540162198428));
#3318 = CARTESIAN_POINT('',(0.986432382793,6.553952080209));
#3319 = CARTESIAN_POINT('',(1.110120857296,6.567727888594));
#3320 = CARTESIAN_POINT('',(1.233810614464,6.581499910316));
#3321 = CARTESIAN_POINT('',(1.357575174079,6.595281487234));
#3322 = CARTESIAN_POINT('',(1.481400145607,6.609075345101));
#3323 = CARTESIAN_POINT('',(1.702800767249,6.633743545863));
#3324 = CARTESIAN_POINT('',(1.800556858163,6.644637358285));
#3325 = CARTESIAN_POINT('',(1.898301040016,6.655531470157));
#3326 = CARTESIAN_POINT('',(1.996033895774,6.666424747294));
#3327 = CARTESIAN_POINT('',(2.093771560951,6.677317591811));
#3328 = CARTESIAN_POINT('',(2.191529097704,6.68821084051));
#3329 = CARTESIAN_POINT('',(2.289303053721,6.699104154489));
#3330 = CARTESIAN_POINT('',(2.540775861989,6.727117957681));
#3331 = CARTESIAN_POINT('',(2.694949291715,6.744289265889));
#3332 = CARTESIAN_POINT('',(2.848884403473,6.761432014063));
#3333 = CARTESIAN_POINT('',(3.002687837332,6.778562365822));
#3334 = CARTESIAN_POINT('',(3.156490353908,6.795698239935));
#3335 = CARTESIAN_POINT('',(3.310417454654,6.812849610341));
#3336 = CARTESIAN_POINT('',(3.464602343924,6.830029214476));
#3337 = CARTESIAN_POINT('',(3.737090144848,6.860388268851));
#3338 = CARTESIAN_POINT('',(3.85587350149,6.873621733057));
#3339 = CARTESIAN_POINT('',(3.974599740714,6.886847839012));
#3340 = CARTESIAN_POINT('',(4.09329287243,6.900069524278));
#3341 = CARTESIAN_POINT('',(4.212000981842,6.913293415385));
#3342 = CARTESIAN_POINT('',(4.330765842194,6.926525291124));
#3343 = CARTESIAN_POINT('',(4.449587120403,6.939764989586));
#3344 = CARTESIAN_POINT('',(4.670711799447,6.964405292735));
#3345 = CARTESIAN_POINT('',(4.773221280498,6.975828641656));
#3346 = CARTESIAN_POINT('',(4.875706919224,6.987249493278));
#3347 = CARTESIAN_POINT('',(4.978153871019,6.998665129612));
#3348 = CARTESIAN_POINT('',(5.080588439965,7.010077529094));
#3349 = CARTESIAN_POINT('',(5.183042033706,7.021489846871));
#3350 = CARTESIAN_POINT('',(5.285518585688,7.032902985037));
#3351 = CARTESIAN_POINT('',(5.499840151363,7.056771478022));
#3352 = CARTESIAN_POINT('',(5.611799046757,7.069239480747));
#3353 = CARTESIAN_POINT('',(5.723719562991,7.081703539958));
#3354 = CARTESIAN_POINT('',(5.835592070091,7.094165399455));
#3355 = CARTESIAN_POINT('',(5.947461326645,7.10663149853));
#3356 = CARTESIAN_POINT('',(6.059371567444,7.119105562242));
#3357 = CARTESIAN_POINT('',(6.17131522818,7.131583551341));
#3358 = CARTESIAN_POINT('',(6.28318530718,7.144050971821));
#3359 = ( GEOMETRIC_REPRESENTATION_CONTEXT(2) 
PARAMETRIC_REPRESENTATION_CONTEXT() REPRESENTATION_CONTEXT('2D SPACE',''
  ) );
#3360 = ORIENTED_EDGE('',*,*,#3361,.F.);
#3361 = EDGE_CURVE('',#3362,#3190,#3364,.T.);
#3362 = VERTEX_POINT('',#3363);
#3363 = CARTESIAN_POINT('',(170.00594613996,-70.5,52.9635));
#3364 = SURFACE_CURVE('',#3365,(#3416,#3470),.PCURVE_S1.);
#3365 = B_SPLINE_CURVE_WITH_KNOTS('',7,(#3366,#3367,#3368,#3369,#3370,
    #3371,#3372,#3373,#3374,#3375,#3376,#3377,#3378,#3379,#3380,#3381,
    #3382,#3383,#3384,#3385,#3386,#3387,#3388,#3389,#3390,#3391,#3392,
    #3393,#3394,#3395,#3396,#3397,#3398,#3399,#3400,#3401,#3402,#3403,
    #3404,#3405,#3406,#3407,#3408,#3409,#3410,#3411,#3412,#3413,#3414,
    #3415),.UNSPECIFIED.,.F.,.F.,(8,6,6,6,6,6,6,6,8),(0.,
    5.502479297764E-02,0.206515558653,0.371959468753,0.52336088711,
    0.669704508588,0.733325962157,0.869172310781,1.),.UNSPECIFIED.);
#3366 = CARTESIAN_POINT('',(170.00594613996,-70.5,52.9635));
#3367 = CARTESIAN_POINT('',(170.00044507587,-70.4032321252,52.9635));
#3368 = CARTESIAN_POINT('',(169.99494580843,-70.30648202234,
    52.957925710973));
#3369 = CARTESIAN_POINT('',(169.98944804479,-70.21013214275,
    52.946782251897));
#3370 = CARTESIAN_POINT('',(169.98395127652,-70.11455876004,
    52.930104485948));
#3371 = CARTESIAN_POINT('',(169.97845477964,-70.02013197005,
    52.907957020508));
#3372 = CARTESIAN_POINT('',(169.97295761461,-69.92721569087,
    52.880434207157));
#3373 = CARTESIAN_POINT('',(169.95231916085,-69.5855000141,
    52.757428665922));
#3374 = CARTESIAN_POINT('',(169.9371583742,-69.34885723973,
    52.627340614947));
#3375 = CARTESIAN_POINT('',(169.92200113861,-69.13439423782,
    52.460173140222));
#3376 = CARTESIAN_POINT('',(169.90685851912,-68.94877350261,
    52.26066082988));
#3377 = CARTESIAN_POINT('',(169.89171933906,-68.79750780466,
    52.034746986649));
#3378 = CARTESIAN_POINT('',(169.87656800436,-68.68479405757,
    51.789380603171));
#3379 = CARTESIAN_POINT('',(169.84489474369,-68.53425516526,
    51.2527103991));
#3380 = CARTESIAN_POINT('',(169.82833364201,-68.50407828148,
    50.958538654115));
#3381 = CARTESIAN_POINT('',(169.81178806838,-68.52559660303,
    50.661157303611));
#3382 = CARTESIAN_POINT('',(169.79523954269,-68.59846533879,
    50.371309625316));
#3383 = CARTESIAN_POINT('',(169.77869175949,-68.72017101989,
    50.099089514893));
#3384 = CARTESIAN_POINT('',(169.76212613765,-68.8859125728,
    49.854169908763));
#3385 = CARTESIAN_POINT('',(169.73045957601,-69.2722199443,
    49.452682139854));
#3386 = CARTESIAN_POINT('',(169.71531110114,-69.48745558464,
    49.289840292047));
#3387 = CARTESIAN_POINT('',(169.70017698286,-69.7275120691,
    49.162323882511));
#3388 = CARTESIAN_POINT('',(169.68504434765,-69.98528406761,
    49.074324703197));
#3389 = CARTESIAN_POINT('',(169.66990612913,-70.25318524069,
    49.028419612893));
#3390 = CARTESIAN_POINT('',(169.65475358372,-70.52305154134,
    49.025635319198));
#3391 = CARTESIAN_POINT('',(169.62499050808,-71.04100303294,
    49.102148066699));
#3392 = CARTESIAN_POINT('',(169.61034777629,-71.29005433697,
    49.178785839336));
#3393 = CARTESIAN_POINT('',(169.59571819747,-71.52594128016,
    49.293452032004));
#3394 = CARTESIAN_POINT('',(169.58109488505,-71.74186525836,
    49.443192484324));
#3395 = CARTESIAN_POINT('',(169.56647010878,-71.93192053315,
    49.623886477513));
#3396 = CARTESIAN_POINT('',(169.55183196114,-72.09100217922,
    49.830231672997));
#3397 = CARTESIAN_POINT('',(169.53084136193,-72.2696113452,
    50.15344340686));
#3398 = CARTESIAN_POINT('',(169.52448063205,-72.31720944392,
    50.254986232953));
#3399 = CARTESIAN_POINT('',(169.51811951744,-72.35799741789,
    50.359613483283));
#3400 = CARTESIAN_POINT('',(169.51175775751,-72.39173995562,
    50.466779578798));
#3401 = CARTESIAN_POINT('',(169.50539510224,-72.4182562933,
    50.575918105213));
#3402 = CARTESIAN_POINT('',(169.49903157333,-72.4374221596,
    50.686444444218));
#3403 = CARTESIAN_POINT('',(169.47907945495,-72.47425971918,
    51.035439159043));
#3404 = CARTESIAN_POINT('',(169.46548144281,-72.4655234245,
    51.276852179448));
#3405 = CARTESIAN_POINT('',(169.45189203959,-72.42234853074,
    51.515934927295));
#3406 = CARTESIAN_POINT('',(169.43831063495,-72.34539041049,
    51.746820089673));
#3407 = CARTESIAN_POINT('',(169.42472895803,-72.23650766666,
    51.963974315672));
#3408 = CARTESIAN_POINT('',(169.41114237784,-72.09869568436,
    52.1623369527));
#3409 = CARTESIAN_POINT('',(169.38448176776,-71.77935450763,
    52.506110974011));
#3410 = CARTESIAN_POINT('',(169.37139508566,-71.59948425618,
    52.65336797802));
#3411 = CARTESIAN_POINT('',(169.35831019969,-71.40010240953,
    52.775293299884));
#3412 = CARTESIAN_POINT('',(169.34522418441,-71.18550472599,
    52.868847478142));
#3413 = CARTESIAN_POINT('',(169.33213151269,-70.96047469849,
    52.931943130579));
#3414 = CARTESIAN_POINT('',(169.31903342169,-70.73016851184,52.9635));
#3415 = CARTESIAN_POINT('',(169.30594727884,-70.5,52.9635));
#3416 = PCURVE('',#486,#3417);
#3417 = DEFINITIONAL_REPRESENTATION('',(#3418),#3469);
#3418 = B_SPLINE_CURVE_WITH_KNOTS('',7,(#3419,#3420,#3421,#3422,#3423,
    #3424,#3425,#3426,#3427,#3428,#3429,#3430,#3431,#3432,#3433,#3434,
    #3435,#3436,#3437,#3438,#3439,#3440,#3441,#3442,#3443,#3444,#3445,
    #3446,#3447,#3448,#3449,#3450,#3451,#3452,#3453,#3454,#3455,#3456,
    #3457,#3458,#3459,#3460,#3461,#3462,#3463,#3464,#3465,#3466,#3467,
    #3468),.UNSPECIFIED.,.F.,.F.,(8,6,6,6,6,6,6,6,8),(0.,
    5.502479297764E-02,0.206515558653,0.371959468753,0.52336088711,
    0.669704508588,0.733325962157,0.869172310781,1.),.UNSPECIFIED.);
#3419 = CARTESIAN_POINT('',(0.15839060626,50.576476217589));
#3420 = CARTESIAN_POINT('',(0.158391610378,50.626154779086));
#3421 = CARTESIAN_POINT('',(0.158391224438,50.675822982478));
#3422 = CARTESIAN_POINT('',(0.1583894703,50.725483387906));
#3423 = CARTESIAN_POINT('',(0.158386615179,50.775139475547));
#3424 = CARTESIAN_POINT('',(0.15838317164,50.824795645608));
#3425 = CARTESIAN_POINT('',(0.158379897603,50.874457218335));
#3426 = CARTESIAN_POINT('',(0.158372011277,51.060887576891));
#3427 = CARTESIAN_POINT('',(0.15837383521,51.197807206422));
#3428 = CARTESIAN_POINT('',(0.158399793409,51.334588855782));
#3429 = CARTESIAN_POINT('',(0.158406463637,51.471320224282));
#3430 = CARTESIAN_POINT('',(0.158385339078,51.608139753364));
#3431 = CARTESIAN_POINT('',(0.158370760386,51.745040257608));
#3432 = CARTESIAN_POINT('',(0.158350166666,52.031184552514));
#3433 = CARTESIAN_POINT('',(0.158346640555,52.180771328533));
#3434 = CARTESIAN_POINT('',(0.158359438135,52.330149019862));
#3435 = CARTESIAN_POINT('',(0.158383277094,52.479506700339));
#3436 = CARTESIAN_POINT('',(0.158396097252,52.628904124064));
#3437 = CARTESIAN_POINT('',(0.158399459889,52.778502522364));
#3438 = CARTESIAN_POINT('',(0.158393062372,53.064526359483));
#3439 = CARTESIAN_POINT('',(0.158384505443,53.201376037708));
#3440 = CARTESIAN_POINT('',(0.158372920657,53.338108825516));
#3441 = CARTESIAN_POINT('',(0.158365359025,53.474811250178));
#3442 = CARTESIAN_POINT('',(0.158364344429,53.611536494422));
#3443 = CARTESIAN_POINT('',(0.158366333266,53.748378488965));
#3444 = CARTESIAN_POINT('',(0.158371337641,54.017162981378));
#3445 = CARTESIAN_POINT('',(0.15837428544,54.149396592297));
#3446 = CARTESIAN_POINT('',(0.158375490275,54.281518788022));
#3447 = CARTESIAN_POINT('',(0.158372363399,54.413602676329));
#3448 = CARTESIAN_POINT('',(0.158367756777,54.545706008616));
#3449 = CARTESIAN_POINT('',(0.158365498346,54.677920154905));
#3450 = CARTESIAN_POINT('',(0.158366942787,54.867490865533));
#3451 = CARTESIAN_POINT('',(0.158367997159,54.924933403959));
#3452 = CARTESIAN_POINT('',(0.158369765515,54.982376396788));
#3453 = CARTESIAN_POINT('',(0.158372228565,55.039822279568));
#3454 = CARTESIAN_POINT('',(0.158375261573,55.09727383825));
#3455 = CARTESIAN_POINT('',(0.158378645483,55.154731803424));
#3456 = CARTESIAN_POINT('',(0.158389407381,55.334884050117));
#3457 = CARTESIAN_POINT('',(0.158397350929,55.457661042813));
#3458 = CARTESIAN_POINT('',(0.158401849474,55.580374845866));
#3459 = CARTESIAN_POINT('',(0.158400105056,55.703042806862));
#3460 = CARTESIAN_POINT('',(0.158391528322,55.825742127026));
#3461 = CARTESIAN_POINT('',(0.158378685846,55.948503790481));
#3462 = CARTESIAN_POINT('',(0.158358194729,56.189376111346));
#3463 = CARTESIAN_POINT('',(0.158349025593,56.307607452557));
#3464 = CARTESIAN_POINT('',(0.158348103249,56.425787752075));
#3465 = CARTESIAN_POINT('',(0.158356374442,56.54393937231));
#3466 = CARTESIAN_POINT('',(0.15837023497,56.662127386534));
#3467 = CARTESIAN_POINT('',(0.158383395175,56.780367162239));
#3468 = CARTESIAN_POINT('',(0.158388745438,56.898531944513));
#3469 = ( GEOMETRIC_REPRESENTATION_CONTEXT(2) 
PARAMETRIC_REPRESENTATION_CONTEXT() REPRESENTATION_CONTEXT('2D SPACE',''
  ) );
#3470 = PCURVE('',#3471,#3476);
#3471 = CYLINDRICAL_SURFACE('',#3472,1.96);
#3472 = AXIS2_PLACEMENT_3D('',#3473,#3474,#3475);
#3473 = CARTESIAN_POINT('',(175.75000005,-70.5,51.0035));
#3474 = DIRECTION('',(-1.,0.,1.110223024625E-16));
#3475 = DIRECTION('',(1.110223024625E-16,0.,1.));
#3476 = DEFINITIONAL_REPRESENTATION('',(#3477),#3528);
#3477 = B_SPLINE_CURVE_WITH_KNOTS('',7,(#3478,#3479,#3480,#3481,#3482,
    #3483,#3484,#3485,#3486,#3487,#3488,#3489,#3490,#3491,#3492,#3493,
    #3494,#3495,#3496,#3497,#3498,#3499,#3500,#3501,#3502,#3503,#3504,
    #3505,#3506,#3507,#3508,#3509,#3510,#3511,#3512,#3513,#3514,#3515,
    #3516,#3517,#3518,#3519,#3520,#3521,#3522,#3523,#3524,#3525,#3526,
    #3527),.UNSPECIFIED.,.F.,.F.,(8,6,6,6,6,6,6,6,8),(0.,
    5.502479297764E-02,0.206515558653,0.371959468753,0.52336088711,
    0.669704508588,0.733325962157,0.869172310781,1.),.UNSPECIFIED.);
#3478 = CARTESIAN_POINT('',(0.,5.744053910031));
#3479 = CARTESIAN_POINT('',(4.937136469047E-02,5.749554974121));
#3480 = CARTESIAN_POINT('',(9.873293444644E-02,5.755054241564));
#3481 = CARTESIAN_POINT('',(0.148087927716,5.76055200521));
#3482 = CARTESIAN_POINT('',(0.197440069292,5.766048773477));
#3483 = CARTESIAN_POINT('',(0.246793590318,5.771545270352));
#3484 = CARTESIAN_POINT('',(0.296153228282,5.777042435389));
#3485 = CARTESIAN_POINT('',(0.481449325431,5.797680889141));
#3486 = CARTESIAN_POINT('',(0.617521747824,5.8128416758));
#3487 = CARTESIAN_POINT('',(0.753489014204,5.827998911386));
#3488 = CARTESIAN_POINT('',(0.889380118317,5.84314153088));
#3489 = CARTESIAN_POINT('',(1.025329980951,5.858280710939));
#3490 = CARTESIAN_POINT('',(1.161389189591,5.873432045638));
#3491 = CARTESIAN_POINT('',(1.445768755148,5.905105306304));
#3492 = CARTESIAN_POINT('',(1.594437232798,5.921666407984));
#3493 = CARTESIAN_POINT('',(1.742902029621,5.938211981616));
#3494 = CARTESIAN_POINT('',(1.891342316767,5.954760507309));
#3495 = CARTESIAN_POINT('',(2.039818958371,5.971308290503));
#3496 = CARTESIAN_POINT('',(2.188495818029,5.987873912344));
#3497 = CARTESIAN_POINT('',(2.472760459454,6.019540473982));
#3498 = CARTESIAN_POINT('',(2.608769665409,6.034688948859));
#3499 = CARTESIAN_POINT('',(2.744664814767,6.049823067133));
#3500 = CARTESIAN_POINT('',(2.880531597859,6.064955702341));
#3501 = CARTESIAN_POINT('',(3.016419406389,6.080093920865));
#3502 = CARTESIAN_POINT('',(3.152420611292,6.095246466272));
#3503 = CARTESIAN_POINT('',(3.419549333275,6.125009541912));
#3504 = CARTESIAN_POINT('',(3.550966318704,6.13965227371));
#3505 = CARTESIAN_POINT('',(3.682270924693,6.154281852521));
#3506 = CARTESIAN_POINT('',(3.813537626899,6.168905164946));
#3507 = CARTESIAN_POINT('',(3.944826402295,6.183529941214));
#3508 = CARTESIAN_POINT('',(4.076227856535,6.198168088858));
#3509 = CARTESIAN_POINT('',(4.264635564334,6.219158688069));
#3510 = CARTESIAN_POINT('',(4.321725992193,6.225519417941));
#3511 = CARTESIAN_POINT('',(4.378817084816,6.231880532557));
#3512 = CARTESIAN_POINT('',(4.435911144551,6.238242292487));
#3513 = CARTESIAN_POINT('',(4.493010812432,6.244604947752));
#3514 = CARTESIAN_POINT('',(4.550116703683,6.250968476663));
#3515 = CARTESIAN_POINT('',(4.729164404385,6.270920595046));
#3516 = CARTESIAN_POINT('',(4.85118777686,6.284518607187));
#3517 = CARTESIAN_POINT('',(4.973146355672,6.298108010409));
#3518 = CARTESIAN_POINT('',(5.095058239434,6.311689415041));
#3519 = CARTESIAN_POINT('',(5.217001763354,6.325271091964));
#3520 = CARTESIAN_POINT('',(5.339008832219,6.338857672153));
#3521 = CARTESIAN_POINT('',(5.578402418323,6.365518282232));
#3522 = CARTESIAN_POINT('',(5.695908793526,6.378604964336));
#3523 = CARTESIAN_POINT('',(5.813364790258,6.391689850308));
#3524 = CARTESIAN_POINT('',(5.930790111669,6.404775865586));
#3525 = CARTESIAN_POINT('',(6.0482473182,6.417868537305));
#3526 = CARTESIAN_POINT('',(6.165752392971,6.430966628305));
#3527 = CARTESIAN_POINT('',(6.28318530718,6.44405277115));
#3528 = ( GEOMETRIC_REPRESENTATION_CONTEXT(2) 
PARAMETRIC_REPRESENTATION_CONTEXT() REPRESENTATION_CONTEXT('2D SPACE',''
  ) );
#3529 = ORIENTED_EDGE('',*,*,#3530,.F.);
#3530 = EDGE_CURVE('',#3531,#3362,#3533,.T.);
#3531 = VERTEX_POINT('',#3532);
#3532 = CARTESIAN_POINT('',(170.70594576403,-70.5,52.9635));
#3533 = SURFACE_CURVE('',#3534,(#3585,#3639),.PCURVE_S1.);
#3534 = B_SPLINE_CURVE_WITH_KNOTS('',7,(#3535,#3536,#3537,#3538,#3539,
    #3540,#3541,#3542,#3543,#3544,#3545,#3546,#3547,#3548,#3549,#3550,
    #3551,#3552,#3553,#3554,#3555,#3556,#3557,#3558,#3559,#3560,#3561,
    #3562,#3563,#3564,#3565,#3566,#3567,#3568,#3569,#3570,#3571,#3572,
    #3573,#3574,#3575,#3576,#3577,#3578,#3579,#3580,#3581,#3582,#3583,
    #3584),.UNSPECIFIED.,.F.,.F.,(8,6,6,6,6,6,6,6,8),(0.,
    3.602282204816E-02,0.154912340785,0.321354857709,0.433102701975,
    0.578592360774,0.692587354338,0.867055469642,1.),.UNSPECIFIED.);
#3535 = CARTESIAN_POINT('',(170.70594576403,-70.5,52.9635));
#3536 = CARTESIAN_POINT('',(170.70234396802,-70.4366336834,52.9635));
#3537 = CARTESIAN_POINT('',(170.69874276925,-70.3732722439,
    52.961110186426));
#3538 = CARTESIAN_POINT('',(170.69514191619,-70.31002005549,
    52.956330635011));
#3539 = CARTESIAN_POINT('',(170.69154121212,-70.24698236675,
    52.949167374704));
#3540 = CARTESIAN_POINT('',(170.68794051509,-70.1842653009,
    52.939632387667));
#3541 = CARTESIAN_POINT('',(170.68433973796,-70.12197585576,
    52.927743609279));
#3542 = CARTESIAN_POINT('',(170.66885449273,-69.85640950892,
    52.866597673062));
#3543 = CARTESIAN_POINT('',(170.65696727842,-69.65839901939,
    52.794287782761));
#3544 = CARTESIAN_POINT('',(170.64507607759,-69.47009388538,
    52.697479951662));
#3545 = CARTESIAN_POINT('',(170.63318599874,-69.29503381668,
    52.577781331226));
#3546 = CARTESIAN_POINT('',(170.6212939849,-69.13647771081,
    52.437395673992));
#3547 = CARTESIAN_POINT('',(170.60940343453,-68.99725752012,
    52.279067742407));
#3548 = CARTESIAN_POINT('',(170.58089097385,-68.71496404999,
    51.864262160474));
#3549 = CARTESIAN_POINT('',(170.56423390506,-68.59217098602,
    51.593191721488));
#3550 = CARTESIAN_POINT('',(170.54759939215,-68.51800052765,
    51.302413497687));
#3551 = CARTESIAN_POINT('',(170.53095675519,-68.49559420137,
    51.002469828565));
#3552 = CARTESIAN_POINT('',(170.51430753914,-68.52572096391,
    50.703925272058));
#3553 = CARTESIAN_POINT('',(170.49763634657,-68.60684397868,
    50.41762197243));
#3554 = CARTESIAN_POINT('',(170.4698191561,-68.81894683238,
    49.97671496047));
#3555 = CARTESIAN_POINT('',(170.45864574641,-68.92491983908,
    49.809504996973));
#3556 = CARTESIAN_POINT('',(170.44747343904,-69.05016546759,
    49.655237232122));
#3557 = CARTESIAN_POINT('',(170.43630241376,-69.19278831771,
    49.516546624913));
#3558 = CARTESIAN_POINT('',(170.42513256114,-69.35049719064,
    49.395661338249));
#3559 = CARTESIAN_POINT('',(170.41396348256,-69.52060508899,
    49.294402738936));
#3560 = CARTESIAN_POINT('',(170.38825306528,-69.93362974225,
    49.109746751153));
#3561 = CARTESIAN_POINT('',(170.37369841072,-70.18334287922,
    49.040799944561));
#3562 = CARTESIAN_POINT('',(170.35915102797,-70.44230226746,
    49.010525386239));
#3563 = CARTESIAN_POINT('',(170.34460772437,-70.70339728428,
    49.020090921544));
#3564 = CARTESIAN_POINT('',(170.33005803429,-70.95945453573,
    49.069237501443));
#3565 = CARTESIAN_POINT('',(170.31550019452,-71.20345195205,
    49.156280054236));
#3566 = CARTESIAN_POINT('',(170.28956144098,-71.6053045978,
    49.372521052504));
#3567 = CARTESIAN_POINT('',(170.27816048589,-71.77060675996,
    49.488638882259));
#3568 = CARTESIAN_POINT('',(170.26676159679,-71.92150226771,
    49.624223475927));
#3569 = CARTESIAN_POINT('',(170.25536397506,-72.05530005988,
    49.777075428428));
#3570 = CARTESIAN_POINT('',(170.24396395682,-72.16972159642,
    49.94459381608));
#3571 = CARTESIAN_POINT('',(170.23256086448,-72.26294194675,
    50.123822497973));
#3572 = CARTESIAN_POINT('',(170.20371866096,-72.4420908287,
    50.598481321922));
#3573 = CARTESIAN_POINT('',(170.18623832616,-72.49821523926,
    50.905914772287));
#3574 = CARTESIAN_POINT('',(170.16878680701,-72.49703838536,
    51.22128374793));
#3575 = CARTESIAN_POINT('',(170.15134173124,-72.43813774801,
    51.531890532647));
#3576 = CARTESIAN_POINT('',(170.13390272971,-72.32379245141,
    51.825784667705));
#3577 = CARTESIAN_POINT('',(170.11643594764,-72.15903415624,
    52.091329381981));
#3578 = CARTESIAN_POINT('',(170.08571269693,-71.79617758526,
    52.492191063973));
#3579 = CARTESIAN_POINT('',(170.07241931688,-71.61506266816,
    52.643777643809));
#3580 = CARTESIAN_POINT('',(170.05913060894,-71.41352746945,
    52.769358886944));
#3581 = CARTESIAN_POINT('',(170.04583877405,-71.19610914929,
    52.865818177086));
#3582 = CARTESIAN_POINT('',(170.03254069149,-70.96774729547,
    52.930959781827));
#3583 = CARTESIAN_POINT('',(170.01923774821,-70.73380943423,52.9635));
#3584 = CARTESIAN_POINT('',(170.00594613996,-70.5,52.9635));
#3585 = PCURVE('',#486,#3586);
#3586 = DEFINITIONAL_REPRESENTATION('',(#3587),#3638);
#3587 = B_SPLINE_CURVE_WITH_KNOTS('',7,(#3588,#3589,#3590,#3591,#3592,
    #3593,#3594,#3595,#3596,#3597,#3598,#3599,#3600,#3601,#3602,#3603,
    #3604,#3605,#3606,#3607,#3608,#3609,#3610,#3611,#3612,#3613,#3614,
    #3615,#3616,#3617,#3618,#3619,#3620,#3621,#3622,#3623,#3624,#3625,
    #3626,#3627,#3628,#3629,#3630,#3631,#3632,#3633,#3634,#3635,#3636,
    #3637),.UNSPECIFIED.,.F.,.F.,(8,6,6,6,6,6,6,6,8),(0.,
    3.602282204816E-02,0.154912340785,0.321354857709,0.433102701975,
    0.578592360774,0.692587354338,0.867055469642,1.),.UNSPECIFIED.);
#3588 = CARTESIAN_POINT('',(0.158391004413,44.25441977371));
#3589 = CARTESIAN_POINT('',(0.158390807444,44.286950188935));
#3590 = CARTESIAN_POINT('',(0.158390039163,44.319477626011));
#3591 = CARTESIAN_POINT('',(0.158388746543,44.352004161959));
#3592 = CARTESIAN_POINT('',(0.158387027836,44.384531164047));
#3593 = CARTESIAN_POINT('',(0.158385032578,44.417059289791));
#3594 = CARTESIAN_POINT('',(0.158382961586,44.449588486956));
#3595 = CARTESIAN_POINT('',(0.158374813942,44.589478193689));
#3596 = CARTESIAN_POINT('',(0.158370263116,44.696857431705));
#3597 = CARTESIAN_POINT('',(0.158376942778,44.804228000978));
#3598 = CARTESIAN_POINT('',(0.158394067288,44.911537543448));
#3599 = CARTESIAN_POINT('',(0.158396310559,45.018932242208));
#3600 = CARTESIAN_POINT('',(0.158392296065,45.126338218421));
#3601 = CARTESIAN_POINT('',(0.158373002379,45.383929791343));
#3602 = CARTESIAN_POINT('',(0.158354313608,45.534447060552));
#3603 = CARTESIAN_POINT('',(0.15833862995,45.684748183149));
#3604 = CARTESIAN_POINT('',(0.158350246955,45.835007473729));
#3605 = CARTESIAN_POINT('',(0.158368870796,45.985296578669));
#3606 = CARTESIAN_POINT('',(0.158384013718,46.135798800024));
#3607 = CARTESIAN_POINT('',(0.158397506217,46.386973159615));
#3608 = CARTESIAN_POINT('',(0.158399238442,46.487878616056));
#3609 = CARTESIAN_POINT('',(0.158397348255,46.588789387767));
#3610 = CARTESIAN_POINT('',(0.158392443754,46.689701290172));
#3611 = CARTESIAN_POINT('',(0.158385675897,46.790610460022));
#3612 = CARTESIAN_POINT('',(0.158378738498,46.89151335539));
#3613 = CARTESIAN_POINT('',(0.158367527403,47.12376451455));
#3614 = CARTESIAN_POINT('',(0.158363635694,47.255231432586));
#3615 = CARTESIAN_POINT('',(0.158364793738,47.386611386151));
#3616 = CARTESIAN_POINT('',(0.158369136997,47.517941088166));
#3617 = CARTESIAN_POINT('',(0.158373027958,47.649330408802));
#3618 = CARTESIAN_POINT('',(0.158373842351,47.780806333808));
#3619 = CARTESIAN_POINT('',(0.158372071383,48.01508006928));
#3620 = CARTESIAN_POINT('',(0.158370142301,48.118056114633));
#3621 = CARTESIAN_POINT('',(0.158367321748,48.221017253306));
#3622 = CARTESIAN_POINT('',(0.158365053966,48.323964592516));
#3623 = CARTESIAN_POINT('',(0.158364807812,48.426925017365));
#3624 = CARTESIAN_POINT('',(0.158367208536,48.52990200978));
#3625 = CARTESIAN_POINT('',(0.158377970324,48.790345151646));
#3626 = CARTESIAN_POINT('',(0.158388850188,48.948172959197));
#3627 = CARTESIAN_POINT('',(0.158401790224,49.105731812283));
#3628 = CARTESIAN_POINT('',(0.15840794389,49.263261163982));
#3629 = CARTESIAN_POINT('',(0.158394559338,49.420818252917));
#3630 = CARTESIAN_POINT('',(0.158377102434,49.578643523027));
#3631 = CARTESIAN_POINT('',(0.158355201223,49.856213621615));
#3632 = CARTESIAN_POINT('',(0.158348712464,49.976300442763));
#3633 = CARTESIAN_POINT('',(0.158349185271,50.096315650477));
#3634 = CARTESIAN_POINT('',(0.158360752615,50.216312181739));
#3635 = CARTESIAN_POINT('',(0.158378026026,50.336340915683));
#3636 = CARTESIAN_POINT('',(0.158388180121,50.456443444502));
#3637 = CARTESIAN_POINT('',(0.15839060626,50.576476217589));
#3638 = ( GEOMETRIC_REPRESENTATION_CONTEXT(2) 
PARAMETRIC_REPRESENTATION_CONTEXT() REPRESENTATION_CONTEXT('2D SPACE',''
  ) );
#3639 = PCURVE('',#3640,#3645);
#3640 = CYLINDRICAL_SURFACE('',#3641,1.96);
#3641 = AXIS2_PLACEMENT_3D('',#3642,#3643,#3644);
#3642 = CARTESIAN_POINT('',(175.75000005,-70.5,51.0035));
#3643 = DIRECTION('',(-1.,0.,1.110223024625E-16));
#3644 = DIRECTION('',(1.110223024625E-16,0.,1.));
#3645 = DEFINITIONAL_REPRESENTATION('',(#3646),#3697);
#3646 = B_SPLINE_CURVE_WITH_KNOTS('',7,(#3647,#3648,#3649,#3650,#3651,
    #3652,#3653,#3654,#3655,#3656,#3657,#3658,#3659,#3660,#3661,#3662,
    #3663,#3664,#3665,#3666,#3667,#3668,#3669,#3670,#3671,#3672,#3673,
    #3674,#3675,#3676,#3677,#3678,#3679,#3680,#3681,#3682,#3683,#3684,
    #3685,#3686,#3687,#3688,#3689,#3690,#3691,#3692,#3693,#3694,#3695,
    #3696),.UNSPECIFIED.,.F.,.F.,(8,6,6,6,6,6,6,6,8),(0.,
    3.602282204816E-02,0.154912340785,0.321354857709,0.433102701975,
    0.578592360774,0.692587354338,0.867055469642,1.),.UNSPECIFIED.);
#3647 = CARTESIAN_POINT('',(0.,5.044054285967));
#3648 = CARTESIAN_POINT('',(3.232975336658E-02,5.047656081976));
#3649 = CARTESIAN_POINT('',(6.465691803765E-02,5.051257280747));
#3650 = CARTESIAN_POINT('',(9.698367980565E-02,5.054858133805));
#3651 = CARTESIAN_POINT('',(0.129311448562,5.058458837879));
#3652 = CARTESIAN_POINT('',(0.161640858297,5.062059534907));
#3653 = CARTESIAN_POINT('',(0.193971767101,5.065660312034));
#3654 = CARTESIAN_POINT('',(0.333009924625,5.081145557267));
#3655 = CARTESIAN_POINT('',(0.439737737367,5.093032771573));
#3656 = CARTESIAN_POINT('',(0.546428653065,5.104923972406));
#3657 = CARTESIAN_POINT('',(0.653127814793,5.11681405126));
#3658 = CARTESIAN_POINT('',(0.759837019206,5.128706065091));
#3659 = CARTESIAN_POINT('',(0.866582102464,5.14059661547));
#3660 = CARTESIAN_POINT('',(1.122577107996,5.169109076149));
#3661 = CARTESIAN_POINT('',(1.272161145666,5.185766144932));
#3662 = CARTESIAN_POINT('',(1.421538819828,5.202400657848));
#3663 = CARTESIAN_POINT('',(1.570880802947,5.219043294804));
#3664 = CARTESIAN_POINT('',(1.720247356534,5.235692510853));
#3665 = CARTESIAN_POINT('',(1.869823963235,5.252363703421));
#3666 = CARTESIAN_POINT('',(2.119452286357,5.280180893892));
#3667 = CARTESIAN_POINT('',(2.219736235643,5.291354303581));
#3668 = CARTESIAN_POINT('',(2.320025927431,5.302526610953));
#3669 = CARTESIAN_POINT('',(2.420317691786,5.313697636235));
#3670 = CARTESIAN_POINT('',(2.520607796401,5.324867488854));
#3671 = CARTESIAN_POINT('',(2.620892446596,5.336036567433));
#3672 = CARTESIAN_POINT('',(2.851720861414,5.36174698472));
#3673 = CARTESIAN_POINT('',(2.982382624975,5.376301639274));
#3674 = CARTESIAN_POINT('',(3.11295687701,5.390849022028));
#3675 = CARTESIAN_POINT('',(3.243478215325,5.405392325629));
#3676 = CARTESIAN_POINT('',(3.374055941152,5.419942015703));
#3677 = CARTESIAN_POINT('',(3.504718948566,5.434499855476));
#3678 = CARTESIAN_POINT('',(3.73754521232,5.460438609012));
#3679 = CARTESIAN_POINT('',(3.839885381692,5.471839564101));
#3680 = CARTESIAN_POINT('',(3.942211796307,5.483238453202));
#3681 = CARTESIAN_POINT('',(4.044526122838,5.494636074934));
#3682 = CARTESIAN_POINT('',(4.14685495318,5.506036093175));
#3683 = CARTESIAN_POINT('',(4.249201001712,5.517439185513));
#3684 = CARTESIAN_POINT('',(4.508048667296,5.546281389033));
#3685 = CARTESIAN_POINT('',(4.664909814935,5.563761723837));
#3686 = CARTESIAN_POINT('',(4.821501854963,5.581213242987));
#3687 = CARTESIAN_POINT('',(4.978059250491,5.598658318757));
#3688 = CARTESIAN_POINT('',(5.134644747257,5.616097320282));
#3689 = CARTESIAN_POINT('',(5.291500319197,5.633564102353));
#3690 = CARTESIAN_POINT('',(5.567366953334,5.664287353068));
#3691 = CARTESIAN_POINT('',(5.686717492095,5.677580733118));
#3692 = CARTESIAN_POINT('',(5.805996465292,5.690869441055));
#3693 = CARTESIAN_POINT('',(5.9252548581,5.704161275947));
#3694 = CARTESIAN_POINT('',(6.044538717083,5.717459358506));
#3695 = CARTESIAN_POINT('',(6.163894779507,5.730762301783));
#3696 = CARTESIAN_POINT('',(6.28318530718,5.744053910031));
#3697 = ( GEOMETRIC_REPRESENTATION_CONTEXT(2) 
PARAMETRIC_REPRESENTATION_CONTEXT() REPRESENTATION_CONTEXT('2D SPACE',''
  ) );
#3698 = ORIENTED_EDGE('',*,*,#3699,.F.);
#3699 = EDGE_CURVE('',#3700,#3531,#3702,.T.);
#3700 = VERTEX_POINT('',#3701);
#3701 = CARTESIAN_POINT('',(171.4059461745,-70.5,52.9635));
#3702 = SURFACE_CURVE('',#3703,(#3755,#3810),.PCURVE_S1.);
#3703 = B_SPLINE_CURVE_WITH_KNOTS('',8,(#3704,#3705,#3706,#3707,#3708,
    #3709,#3710,#3711,#3712,#3713,#3714,#3715,#3716,#3717,#3718,#3719,
    #3720,#3721,#3722,#3723,#3724,#3725,#3726,#3727,#3728,#3729,#3730,
    #3731,#3732,#3733,#3734,#3735,#3736,#3737,#3738,#3739,#3740,#3741,
    #3742,#3743,#3744,#3745,#3746,#3747,#3748,#3749,#3750,#3751,#3752,
    #3753,#3754),.UNSPECIFIED.,.F.,.F.,(9,7,7,7,7,7,7,9),(0.,
    5.180130559829E-02,0.192012054207,0.358459719842,0.542778446314,
    0.720589698925,0.849189834658,1.),.UNSPECIFIED.);
#3704 = CARTESIAN_POINT('',(171.4059461745,-70.5,52.9635));
#3705 = CARTESIAN_POINT('',(171.40141822694,-70.42033013886,52.9635));
#3706 = CARTESIAN_POINT('',(171.39689076893,-70.3406595428,
    52.959799443257));
#3707 = CARTESIAN_POINT('',(171.39236344191,-70.26118704966,
    52.952397353485));
#3708 = CARTESIAN_POINT('',(171.38783595339,-70.18211104822,
    52.941305904179));
#3709 = CARTESIAN_POINT('',(171.38330807695,-70.10362947821,
    52.92655041862));
#3710 = CARTESIAN_POINT('',(171.37877965221,-70.02593983029,
    52.908169369873));
#3711 = CARTESIAN_POINT('',(171.37425058486,-69.94923914607,
    52.886214380784));
#3712 = CARTESIAN_POINT('',(171.35746019074,-69.66932699564,
    52.791826314715));
#3713 = CARTESIAN_POINT('',(171.34518779262,-69.4734324353,
    52.697135879638));
#3714 = CARTESIAN_POINT('',(171.33291598781,-69.29008969644,
    52.577974706833));
#3715 = CARTESIAN_POINT('',(171.32065195705,-69.12282198246,
    52.436359613793));
#3716 = CARTESIAN_POINT('',(171.30839456706,-68.97471140734,
    52.274840464329));
#3717 = CARTESIAN_POINT('',(171.29613669969,-68.84840291164,
    52.09640206075));
#3718 = CARTESIAN_POINT('',(171.28387306957,-68.74602702799,
    51.90445591134));
#3719 = CARTESIAN_POINT('',(171.25705992618,-68.5776500569,
    51.463675805736));
#3720 = CARTESIAN_POINT('',(171.24248556172,-68.52187353152,
    51.210480975369));
#3721 = CARTESIAN_POINT('',(171.22791757135,-68.50441967984,
    50.949992938437));
#3722 = CARTESIAN_POINT('',(171.21335231244,-68.52614678542,
    50.689005102369));
#3723 = CARTESIAN_POINT('',(171.19878653866,-68.5865984587,
    50.434170760324));
#3724 = CARTESIAN_POINT('',(171.18421661723,-68.68415865971,
    50.191974368893));
#3725 = CARTESIAN_POINT('',(171.16963901696,-68.81588585735,
    49.968640932912));
#3726 = CARTESIAN_POINT('',(171.13896897453,-69.15559219407,
    49.549341042669));
#3727 = CARTESIAN_POINT('',(171.12281902333,-69.37093521186,
    49.35802567073));
#3728 = CARTESIAN_POINT('',(171.1066895937,-69.61708066059,
    49.203757121932));
#3729 = CARTESIAN_POINT('',(171.09057065501,-69.88630433489,
    49.091913581323));
#3730 = CARTESIAN_POINT('',(171.07444876662,-70.17029038999,
    49.026173746515));
#3731 = CARTESIAN_POINT('',(171.05831522423,-70.46015204988,
    49.008328501663));
#3732 = CARTESIAN_POINT('',(171.04216198861,-70.74656116894,
    49.038495983332));
#3733 = CARTESIAN_POINT('',(171.01048789478,-71.28379502062,
    49.186326551089));
#3734 = CARTESIAN_POINT('',(170.99490508741,-71.5365356199,
    49.301142508574));
#3735 = CARTESIAN_POINT('',(170.97934050598,-71.76949050484,
    49.456098052627));
#3736 = CARTESIAN_POINT('',(170.96378847477,-71.97542688095,
    49.646869167516));
#3737 = CARTESIAN_POINT('',(170.94823685914,-72.14824336095,
    49.86804342655));
#3738 = CARTESIAN_POINT('',(170.93267351544,-72.28310574636,
    50.113073324745));
#3739 = CARTESIAN_POINT('',(170.91709223162,-72.37636927872,
    50.374444360609));
#3740 = CARTESIAN_POINT('',(170.89028374823,-72.46299670716,
    50.837946428555));
#3741 = CARTESIAN_POINT('',(170.87902573243,-72.47692732933,
    51.036790129437));
#3742 = CARTESIAN_POINT('',(170.86777128096,-72.46779151408,
    51.23675223637));
#3743 = CARTESIAN_POINT('',(170.85652266354,-72.43556532886,
    51.434699690105));
#3744 = CARTESIAN_POINT('',(170.84527748969,-72.38071358297,
    51.627581353919));
#3745 = CARTESIAN_POINT('',(170.83403196099,-72.30413179783,
    51.812459555871));
#3746 = CARTESIAN_POINT('',(170.82278418267,-72.20715720564,
    51.986552763574));
#3747 = CARTESIAN_POINT('',(170.79834852134,-71.95619133564,
    52.335786217656));
#3748 = CARTESIAN_POINT('',(170.78514810879,-71.79510241669,
    52.5061092109));
#3749 = CARTESIAN_POINT('',(170.77195106713,-71.61140986843,
    52.653914706525));
#3750 = CARTESIAN_POINT('',(170.75875534546,-71.40884450677,
    52.775814048692));
#3751 = CARTESIAN_POINT('',(170.74555450994,-71.19163895651,
    52.869175274715));
#3752 = CARTESIAN_POINT('',(170.73234637214,-70.96440469913,
    52.932089213771));
#3753 = CARTESIAN_POINT('',(170.71913780754,-70.73208732641,52.9635));
#3754 = CARTESIAN_POINT('',(170.70594576403,-70.5,52.9635));
#3755 = PCURVE('',#486,#3756);
#3756 = DEFINITIONAL_REPRESENTATION('',(#3757),#3809);
#3757 = B_SPLINE_CURVE_WITH_KNOTS('',8,(#3758,#3759,#3760,#3761,#3762,
    #3763,#3764,#3765,#3766,#3767,#3768,#3769,#3770,#3771,#3772,#3773,
    #3774,#3775,#3776,#3777,#3778,#3779,#3780,#3781,#3782,#3783,#3784,
    #3785,#3786,#3787,#3788,#3789,#3790,#3791,#3792,#3793,#3794,#3795,
    #3796,#3797,#3798,#3799,#3800,#3801,#3802,#3803,#3804,#3805,#3806,
    #3807,#3808),.UNSPECIFIED.,.F.,.F.,(9,7,7,7,7,7,7,9),(0.,
    5.180130559829E-02,0.192012054207,0.358459719842,0.542778446314,
    0.720589698925,0.849189834658,1.),.UNSPECIFIED.);
#3758 = CARTESIAN_POINT('',(0.158389959566,37.932362329259));
#3759 = CARTESIAN_POINT('',(0.158388718136,37.973261694269));
#3760 = CARTESIAN_POINT('',(0.158386618299,38.014160277548));
#3761 = CARTESIAN_POINT('',(0.15838403343,38.055059749069));
#3762 = CARTESIAN_POINT('',(0.158381320604,38.095961255646));
#3763 = CARTESIAN_POINT('',(0.158378820595,38.136865420933));
#3764 = CARTESIAN_POINT('',(0.158376857878,38.177772345425));
#3765 = CARTESIAN_POINT('',(0.15837574063,38.218681606456));
#3766 = CARTESIAN_POINT('',(0.158375815116,38.370325241495));
#3767 = CARTESIAN_POINT('',(0.158382697565,38.481134876167));
#3768 = CARTESIAN_POINT('',(0.158395545831,38.59191315175));
#3769 = CARTESIAN_POINT('',(0.158401135369,38.70265170363));
#3770 = CARTESIAN_POINT('',(0.158392972323,38.813388662807));
#3771 = CARTESIAN_POINT('',(0.158377405567,38.924161421495));
#3772 = CARTESIAN_POINT('',(0.158366757778,39.034965314524));
#3773 = CARTESIAN_POINT('',(0.158350830643,39.277195740178));
#3774 = CARTESIAN_POINT('',(0.158348258502,39.408835227456));
#3775 = CARTESIAN_POINT('',(0.15835700806,39.540369404305));
#3776 = CARTESIAN_POINT('',(0.158374438917,39.67184224379));
#3777 = CARTESIAN_POINT('',(0.158390662345,39.803324779447));
#3778 = CARTESIAN_POINT('',(0.158398328344,39.93488085086));
#3779 = CARTESIAN_POINT('',(0.158399233067,40.066534775784));
#3780 = CARTESIAN_POINT('',(0.158391199439,40.343565438151));
#3781 = CARTESIAN_POINT('',(0.158381295276,40.4894656407));
#3782 = CARTESIAN_POINT('',(0.158369071074,40.635190288461));
#3783 = CARTESIAN_POINT('',(0.158361722375,40.780799626133));
#3784 = CARTESIAN_POINT('',(0.158363393257,40.926397566901));
#3785 = CARTESIAN_POINT('',(0.158367821483,41.072089165921));
#3786 = CARTESIAN_POINT('',(0.158371352098,41.217962445813));
#3787 = CARTESIAN_POINT('',(0.158373991862,41.50401636985));
#3788 = CARTESIAN_POINT('',(0.15837325791,41.644755845467));
#3789 = CARTESIAN_POINT('',(0.158369471667,41.785343593091));
#3790 = CARTESIAN_POINT('',(0.15836363865,41.925826604788));
#3791 = CARTESIAN_POINT('',(0.158361728378,42.066289253752));
#3792 = CARTESIAN_POINT('',(0.158366880415,42.206827961105));
#3793 = CARTESIAN_POINT('',(0.158375655534,42.347513373951));
#3794 = CARTESIAN_POINT('',(0.158390102756,42.589573365037));
#3795 = CARTESIAN_POINT('',(0.158395928527,42.691225610638));
#3796 = CARTESIAN_POINT('',(0.158400147148,42.792852461179));
#3797 = CARTESIAN_POINT('',(0.15840061587,42.894442476174));
#3798 = CARTESIAN_POINT('',(0.158396288964,42.996021669634));
#3799 = CARTESIAN_POINT('',(0.158388001682,43.097620823281));
#3800 = CARTESIAN_POINT('',(0.158378167861,43.199246852282));
#3801 = CARTESIAN_POINT('',(0.158359098711,43.420018499734));
#3802 = CARTESIAN_POINT('',(0.158350329166,43.539275318067));
#3803 = CARTESIAN_POINT('',(0.158346505046,43.658480801072));
#3804 = CARTESIAN_POINT('',(0.158353057563,43.77763050575));
#3805 = CARTESIAN_POINT('',(0.158368862039,43.896787232723));
#3806 = CARTESIAN_POINT('',(0.158385125412,44.016007820167));
#3807 = CARTESIAN_POINT('',(0.15839172584,44.135272922481));
#3808 = CARTESIAN_POINT('',(0.158391004413,44.25441977371));
#3809 = ( GEOMETRIC_REPRESENTATION_CONTEXT(2) 
PARAMETRIC_REPRESENTATION_CONTEXT() REPRESENTATION_CONTEXT('2D SPACE',''
  ) );
#3810 = PCURVE('',#3811,#3816);
#3811 = CYLINDRICAL_SURFACE('',#3812,1.96);
#3812 = AXIS2_PLACEMENT_3D('',#3813,#3814,#3815);
#3813 = CARTESIAN_POINT('',(175.75000005,-70.5,51.0035));
#3814 = DIRECTION('',(-1.,0.,1.110223024625E-16));
#3815 = DIRECTION('',(1.110223024625E-16,0.,1.));
#3816 = DEFINITIONAL_REPRESENTATION('',(#3817),#3869);
#3817 = B_SPLINE_CURVE_WITH_KNOTS('',8,(#3818,#3819,#3820,#3821,#3822,
    #3823,#3824,#3825,#3826,#3827,#3828,#3829,#3830,#3831,#3832,#3833,
    #3834,#3835,#3836,#3837,#3838,#3839,#3840,#3841,#3842,#3843,#3844,
    #3845,#3846,#3847,#3848,#3849,#3850,#3851,#3852,#3853,#3854,#3855,
    #3856,#3857,#3858,#3859,#3860,#3861,#3862,#3863,#3864,#3865,#3866,
    #3867,#3868),.UNSPECIFIED.,.F.,.F.,(9,7,7,7,7,7,7,9),(0.,
    5.180130559829E-02,0.192012054207,0.358459719842,0.542778446314,
    0.720589698925,0.849189834658,1.),.UNSPECIFIED.);
#3818 = CARTESIAN_POINT('',(0.,4.344053875495));
#3819 = CARTESIAN_POINT('',(4.064788833491E-02,4.348581823055));
#3820 = CARTESIAN_POINT('',(8.12956219189E-02,4.353109281068));
#3821 = CARTESIAN_POINT('',(0.121945163604,4.357636608086));
#3822 = CARTESIAN_POINT('',(0.162597665282,4.362164096602));
#3823 = CARTESIAN_POINT('',(0.203253467881,4.366691973047));
#3824 = CARTESIAN_POINT('',(0.24391210137,4.37122039779));
#3825 = CARTESIAN_POINT('',(0.284572284757,4.375749465139));
#3826 = CARTESIAN_POINT('',(0.435285498737,4.392539859257));
#3827 = CARTESIAN_POINT('',(0.545425930531,4.404812257376));
#3828 = CARTESIAN_POINT('',(0.655530142284,4.417084062188));
#3829 = CARTESIAN_POINT('',(0.765584961324,4.429348092946));
#3830 = CARTESIAN_POINT('',(0.875631676026,4.441605482938));
#3831 = CARTESIAN_POINT('',(0.985714741662,4.453863350309));
#3832 = CARTESIAN_POINT('',(1.095834637547,4.466126980429));
#3833 = CARTESIAN_POINT('',(1.336571991582,4.492940123814));
#3834 = CARTESIAN_POINT('',(1.467403234456,4.507514488271));
#3835 = CARTESIAN_POINT('',(1.598132565166,4.522082478645));
#3836 = CARTESIAN_POINT('',(1.728799240238,4.536647737552));
#3837 = CARTESIAN_POINT('',(1.859472586578,4.551213511334));
#3838 = CARTESIAN_POINT('',(1.990217844442,4.565783432765));
#3839 = CARTESIAN_POINT('',(2.121061044617,4.58036103304));
#3840 = CARTESIAN_POINT('',(2.396388267095,4.611031075463));
#3841 = CARTESIAN_POINT('',(2.541392836035,4.627181026667));
#3842 = CARTESIAN_POINT('',(2.686225226825,4.643310456296));
#3843 = CARTESIAN_POINT('',(2.830944843029,4.659429394988));
#3844 = CARTESIAN_POINT('',(2.975650891702,4.675551283374));
#3845 = CARTESIAN_POINT('',(3.120446057248,4.69168482577));
#3846 = CARTESIAN_POINT('',(3.265419094615,4.707838061388));
#3847 = CARTESIAN_POINT('',(3.54970583817,4.73951215522));
#3848 = CARTESIAN_POINT('',(3.689574992123,4.755094962584));
#3849 = CARTESIAN_POINT('',(3.829294086478,4.77065954402));
#3850 = CARTESIAN_POINT('',(3.968912005459,4.78621157523));
#3851 = CARTESIAN_POINT('',(4.108513787938,4.801763190859));
#3852 = CARTESIAN_POINT('',(4.248192581618,4.817326534551));
#3853 = CARTESIAN_POINT('',(4.388016544328,4.832907818379));
#3854 = CARTESIAN_POINT('',(4.628591959078,4.859716301767));
#3855 = CARTESIAN_POINT('',(4.729620055714,4.870974317562));
#3856 = CARTESIAN_POINT('',(4.830621844225,4.882228769039));
#3857 = CARTESIAN_POINT('',(4.93158614473,4.893477386457));
#3858 = CARTESIAN_POINT('',(5.032539444442,4.904722560304));
#3859 = CARTESIAN_POINT('',(5.133513129036,4.915968089003));
#3860 = CARTESIAN_POINT('',(5.234514570039,4.927215867329));
#3861 = CARTESIAN_POINT('',(5.453930724673,4.951651528655));
#3862 = CARTESIAN_POINT('',(5.572455953037,4.964851941204));
#3863 = CARTESIAN_POINT('',(5.690931452686,4.978048982861));
#3864 = CARTESIAN_POINT('',(5.80934944659,4.991244704531));
#3865 = CARTESIAN_POINT('',(5.927769736909,5.004445540059));
#3866 = CARTESIAN_POINT('',(6.046249440735,5.017653677857));
#3867 = CARTESIAN_POINT('',(6.164773405946,5.030862242452));
#3868 = CARTESIAN_POINT('',(6.28318530718,5.044054285967));
#3869 = ( GEOMETRIC_REPRESENTATION_CONTEXT(2) 
PARAMETRIC_REPRESENTATION_CONTEXT() REPRESENTATION_CONTEXT('2D SPACE',''
  ) );
#3870 = ORIENTED_EDGE('',*,*,#3871,.F.);
#3871 = EDGE_CURVE('',#3872,#3700,#3874,.T.);
#3872 = VERTEX_POINT('',#3873);
#3873 = CARTESIAN_POINT('',(172.10594729911,-70.5,52.9635));
#3874 = SURFACE_CURVE('',#3875,(#3927,#3982),.PCURVE_S1.);
#3875 = B_SPLINE_CURVE_WITH_KNOTS('',8,(#3876,#3877,#3878,#3879,#3880,
    #3881,#3882,#3883,#3884,#3885,#3886,#3887,#3888,#3889,#3890,#3891,
    #3892,#3893,#3894,#3895,#3896,#3897,#3898,#3899,#3900,#3901,#3902,
    #3903,#3904,#3905,#3906,#3907,#3908,#3909,#3910,#3911,#3912,#3913,
    #3914,#3915,#3916,#3917,#3918,#3919,#3920,#3921,#3922,#3923,#3924,
    #3925,#3926),.UNSPECIFIED.,.F.,.F.,(9,7,7,7,7,7,7,9),(0.,
    9.513711977518E-02,0.24206743334,0.416718282335,0.568208085356,
    0.668622317054,0.839704785148,1.),.UNSPECIFIED.);
#3876 = CARTESIAN_POINT('',(172.10594729911,-70.5,52.9635));
#3877 = CARTESIAN_POINT('',(172.09762896141,-70.35362263364,52.9635));
#3878 = CARTESIAN_POINT('',(172.08930966847,-70.20718585931,
    52.950996904731));
#3879 = CARTESIAN_POINT('',(172.0809889145,-70.06199893733,
    52.925997912406));
#3880 = CARTESIAN_POINT('',(172.07266653992,-69.91932144625,
    52.888652704944));
#3881 = CARTESIAN_POINT('',(172.06434273133,-69.7803632829,
    52.839253447959));
#3882 = CARTESIAN_POINT('',(172.0560180215,-69.64628466236,
    52.77823479077));
#3883 = CARTESIAN_POINT('',(172.04769328941,-69.51819611799,
    52.706173866398));
#3884 = CARTESIAN_POINT('',(172.02651485399,-69.21022731191,
    52.496556625964));
#3885 = CARTESIAN_POINT('',(172.01365202943,-69.0399253732,52.3445729528
    ));
#3886 = CARTESIAN_POINT('',(172.00079894352,-68.89032359919,
    52.170528805033));
#3887 = CARTESIAN_POINT('',(171.98795343524,-68.76466154681,
    51.977767663518));
#3888 = CARTESIAN_POINT('',(171.9751056827,-68.66551419074,
    51.770110247827));
#3889 = CARTESIAN_POINT('',(171.96224814329,-68.59481598113,
    51.551749387901));
#3890 = CARTESIAN_POINT('',(171.94938327694,-68.55374218406,
    51.327216476508));
#3891 = CARTESIAN_POINT('',(171.92124969178,-68.52902192066,
    50.833022653383));
#3892 = CARTESIAN_POINT('',(171.90594228176,-68.5576334688,
    50.56207264518));
#3893 = CARTESIAN_POINT('',(171.89064911543,-68.62892910825,
    50.296949044597));
#3894 = CARTESIAN_POINT('',(171.87536975146,-68.74129142452,
    50.045452612805));
#3895 = CARTESIAN_POINT('',(171.86009568714,-68.89165484973,
    49.814661660962));
#3896 = CARTESIAN_POINT('',(171.84481486421,-69.07573207932,
    49.610982855075));
#3897 = CARTESIAN_POINT('',(171.82951894683,-69.28785733032,
    49.439998623035));
#3898 = CARTESIAN_POINT('',(171.80099903134,-69.72257700109,
    49.189236043639));
#3899 = CARTESIAN_POINT('',(171.78773954042,-69.94051539811,
    49.10010399768));
#3900 = CARTESIAN_POINT('',(171.77448373751,-70.16985694638,
    49.041068920736));
#3901 = CARTESIAN_POINT('',(171.76123284794,-70.40574223329,
    49.013698081352));
#3902 = CARTESIAN_POINT('',(171.74798107025,-70.64316482033,
    49.018646582199));
#3903 = CARTESIAN_POINT('',(171.73472306771,-70.87707040215,
    49.055741696734));
#3904 = CARTESIAN_POINT('',(171.72146130425,-71.10245406861,
    49.123879234968));
#3905 = CARTESIAN_POINT('',(171.69943180369,-71.45497983393,
    49.284930251389));
#3906 = CARTESIAN_POINT('',(171.69064892557,-71.58977355437,
    49.361821208256));
#3907 = CARTESIAN_POINT('',(171.68186505717,-71.71744341698,
    49.450761820261));
#3908 = CARTESIAN_POINT('',(171.67308060244,-71.83672415993,
    49.55097184091));
#3909 = CARTESIAN_POINT('',(171.66429590244,-71.94647867392,
    49.661533765895));
#3910 = CARTESIAN_POINT('',(171.65551123531,-72.04569800217,
    49.781392833097));
#3911 = CARTESIAN_POINT('',(171.64672681628,-72.13350134038,
    49.909357022581));
#3912 = CARTESIAN_POINT('',(171.62297687541,-72.33799994693,
    50.27366269866));
#3913 = CARTESIAN_POINT('',(171.60798609612,-72.43182259421,
    50.523367976716));
#3914 = CARTESIAN_POINT('',(171.5930072509,-72.48657002401,
    50.786442909575));
#3915 = CARTESIAN_POINT('',(171.57803768501,-72.50029689537,
    51.055662350339));
#3916 = CARTESIAN_POINT('',(171.56307225964,-72.47255190648,
    51.323788014444));
#3917 = CARTESIAN_POINT('',(171.54810372696,-72.40417735709,
    51.583625057032));
#3918 = CARTESIAN_POINT('',(171.5331241778,-72.29749100177,51.8280832243
    ));
#3919 = CARTESIAN_POINT('',(171.50414947095,-72.02505425771,
    52.259149589159));
#3920 = CARTESIAN_POINT('',(171.49011802553,-71.86313626953,
    52.448937240689));
#3921 = CARTESIAN_POINT('',(171.47609310456,-71.67438727567,
    52.614521439035));
#3922 = CARTESIAN_POINT('',(171.46206929398,-71.46316732173,
    52.75164159397));
#3923 = CARTESIAN_POINT('',(171.44803865371,-71.23440927959,
    52.856937182141));
#3924 = CARTESIAN_POINT('',(171.43400269334,-70.99358611925,
    52.92802780244));
#3925 = CARTESIAN_POINT('',(171.41996406899,-70.74664678476,52.9635));
#3926 = CARTESIAN_POINT('',(171.4059461745,-70.5,52.9635));
#3927 = PCURVE('',#486,#3928);
#3928 = DEFINITIONAL_REPRESENTATION('',(#3929),#3981);
#3929 = B_SPLINE_CURVE_WITH_KNOTS('',8,(#3930,#3931,#3932,#3933,#3934,
    #3935,#3936,#3937,#3938,#3939,#3940,#3941,#3942,#3943,#3944,#3945,
    #3946,#3947,#3948,#3949,#3950,#3951,#3952,#3953,#3954,#3955,#3956,
    #3957,#3958,#3959,#3960,#3961,#3962,#3963,#3964,#3965,#3966,#3967,
    #3968,#3969,#3970,#3971,#3972,#3973,#3974,#3975,#3976,#3977,#3978,
    #3979,#3980),.UNSPECIFIED.,.F.,.F.,(9,7,7,7,7,7,7,9),(0.,
    9.513711977518E-02,0.24206743334,0.416718282335,0.568208085356,
    0.668622317054,0.839704785148,1.),.UNSPECIFIED.);
#3930 = CARTESIAN_POINT('',(0.158387679543,31.610303674538));
#3931 = CARTESIAN_POINT('',(0.158383979109,31.685446345592));
#3932 = CARTESIAN_POINT('',(0.158378201409,31.760606738087));
#3933 = CARTESIAN_POINT('',(0.158373806974,31.835774654152));
#3934 = CARTESIAN_POINT('',(0.15837277649,31.910943044722));
#3935 = CARTESIAN_POINT('',(0.158375610793,31.986108009538));
#3936 = CARTESIAN_POINT('',(0.158381330877,32.061268797147));
#3937 = CARTESIAN_POINT('',(0.158387477886,32.136427804903));
#3938 = CARTESIAN_POINT('',(0.158394182988,32.327672398422));
#3939 = CARTESIAN_POINT('',(0.15839293436,32.443848045915));
#3940 = CARTESIAN_POINT('',(0.158379964124,32.559985335634));
#3941 = CARTESIAN_POINT('',(0.158362955308,32.676071393281));
#3942 = CARTESIAN_POINT('',(0.158351154218,32.79215584767));
#3943 = CARTESIAN_POINT('',(0.15834861285,32.908289660134));
#3944 = CARTESIAN_POINT('',(0.158353196562,33.024459591765));
#3945 = CARTESIAN_POINT('',(0.15837105705,33.278473185943));
#3946 = CARTESIAN_POINT('',(0.158385869934,33.416659803455));
#3947 = CARTESIAN_POINT('',(0.158400621592,33.55471798797));
#3948 = CARTESIAN_POINT('',(0.158405393063,33.692693586183));
#3949 = CARTESIAN_POINT('',(0.158399517067,33.830666223382));
#3950 = CARTESIAN_POINT('',(0.15838924412,33.968718443485));
#3951 = CARTESIAN_POINT('',(0.158379907575,34.106903037545));
#3952 = CARTESIAN_POINT('',(0.158367787034,34.364532042368));
#3953 = CARTESIAN_POINT('',(0.158364214255,34.484300332443));
#3954 = CARTESIAN_POINT('',(0.15836452042,34.604018961203));
#3955 = CARTESIAN_POINT('',(0.15836773576,34.723680961542));
#3956 = CARTESIAN_POINT('',(0.158371610539,34.843348225493));
#3957 = CARTESIAN_POINT('',(0.158373953492,34.963078193531));
#3958 = CARTESIAN_POINT('',(0.158373797075,35.082852683988));
#3959 = CARTESIAN_POINT('',(0.15837145652,35.28182234112));
#3960 = CARTESIAN_POINT('',(0.158369754282,35.361152224515));
#3961 = CARTESIAN_POINT('',(0.158367880863,35.440491767007));
#3962 = CARTESIAN_POINT('',(0.158366335794,35.519835208279));
#3963 = CARTESIAN_POINT('',(0.158365520072,35.59917777345));
#3964 = CARTESIAN_POINT('',(0.158365736163,35.678515673079));
#3965 = CARTESIAN_POINT('',(0.158367187997,35.757846103159));
#3966 = CARTESIAN_POINT('',(0.158374739558,35.972312000102));
#3967 = CARTESIAN_POINT('',(0.158382923102,36.10766676483));
#3968 = CARTESIAN_POINT('',(0.158393580189,36.242903289674));
#3969 = CARTESIAN_POINT('',(0.158402997636,36.378061251775));
#3970 = CARTESIAN_POINT('',(0.158404223921,36.513216446499));
#3971 = CARTESIAN_POINT('',(0.158394813981,36.648444679253));
#3972 = CARTESIAN_POINT('',(0.1583813992,36.783789375302));
#3973 = CARTESIAN_POINT('',(0.158358712161,37.045570772071));
#3974 = CARTESIAN_POINT('',(0.15834919442,37.172336239847));
#3975 = CARTESIAN_POINT('',(0.158346276279,37.299014908238));
#3976 = CARTESIAN_POINT('',(0.158353757177,37.425639581579));
#3977 = CARTESIAN_POINT('',(0.15837439504,37.552270263752));
#3978 = CARTESIAN_POINT('',(0.158390498113,37.678967959806));
#3979 = CARTESIAN_POINT('',(0.15839380286,37.80574359622));
#3980 = CARTESIAN_POINT('',(0.158389959566,37.932362329259));
#3981 = ( GEOMETRIC_REPRESENTATION_CONTEXT(2) 
PARAMETRIC_REPRESENTATION_CONTEXT() REPRESENTATION_CONTEXT('2D SPACE',''
  ) );
#3982 = PCURVE('',#3983,#3988);
#3983 = CYLINDRICAL_SURFACE('',#3984,1.96);
#3984 = AXIS2_PLACEMENT_3D('',#3985,#3986,#3987);
#3985 = CARTESIAN_POINT('',(175.75000005,-70.5,51.0035));
#3986 = DIRECTION('',(-1.,0.,1.110223024625E-16));
#3987 = DIRECTION('',(1.110223024625E-16,0.,1.));
#3988 = DEFINITIONAL_REPRESENTATION('',(#3989),#4041);
#3989 = B_SPLINE_CURVE_WITH_KNOTS('',8,(#3990,#3991,#3992,#3993,#3994,
    #3995,#3996,#3997,#3998,#3999,#4000,#4001,#4002,#4003,#4004,#4005,
    #4006,#4007,#4008,#4009,#4010,#4011,#4012,#4013,#4014,#4015,#4016,
    #4017,#4018,#4019,#4020,#4021,#4022,#4023,#4024,#4025,#4026,#4027,
    #4028,#4029,#4030,#4031,#4032,#4033,#4034,#4035,#4036,#4037,#4038,
    #4039,#4040),.UNSPECIFIED.,.F.,.F.,(9,7,7,7,7,7,7,9),(0.,
    9.513711977518E-02,0.24206743334,0.416718282335,0.568208085356,
    0.668622317054,0.839704785148,1.),.UNSPECIFIED.);
#3990 = CARTESIAN_POINT('',(0.,3.644052750883));
#3991 = CARTESIAN_POINT('',(7.468232977505E-02,3.652371088587));
#3992 = CARTESIAN_POINT('',(0.149383800402,3.66069038153));
#3993 = CARTESIAN_POINT('',(0.224093899756,3.669011135494));
#3994 = CARTESIAN_POINT('',(0.298805133745,3.677333510071));
#3995 = CARTESIAN_POINT('',(0.373513026312,3.685657318666));
#3996 = CARTESIAN_POINT('',(0.448216119429,3.693982028495));
#3997 = CARTESIAN_POINT('',(0.522915973105,3.702306760585));
#3998 = CARTESIAN_POINT('',(0.712986115276,3.72348519601));
#3999 = CARTESIAN_POINT('',(0.828441929229,3.736348020567));
#4000 = CARTESIAN_POINT('',(0.943856262363,3.749201106474));
#4001 = CARTESIAN_POINT('',(1.059221964527,3.762046614752));
#4002 = CARTESIAN_POINT('',(1.174591149424,3.774894367297));
#4003 = CARTESIAN_POINT('',(1.290012815331,3.787751906706));
#4004 = CARTESIAN_POINT('',(1.405470017394,3.800616773057));
#4005 = CARTESIAN_POINT('',(1.657924970385,3.828750358217));
#4006 = CARTESIAN_POINT('',(1.795263171969,3.844057768237));
#4007 = CARTESIAN_POINT('',(1.932471392733,3.859350934569));
#4008 = CARTESIAN_POINT('',(2.06959577479,3.874630298539));
#4009 = CARTESIAN_POINT('',(2.206718508704,3.889904362859));
#4010 = CARTESIAN_POINT('',(2.343923469011,3.905185185782));
#4011 = CARTESIAN_POINT('',(2.481261390063,3.920481103163));
#4012 = CARTESIAN_POINT('',(2.73731220907,3.949001018652));
#4013 = CARTESIAN_POINT('',(2.856346929788,3.962260509577));
#4014 = CARTESIAN_POINT('',(2.97533147545,3.975516312488));
#4015 = CARTESIAN_POINT('',(3.094257700854,3.988767202051));
#4016 = CARTESIAN_POINT('',(3.213186749244,4.002018979745));
#4017 = CARTESIAN_POINT('',(3.332176517921,4.015276982289));
#4018 = CARTESIAN_POINT('',(3.451210432341,4.028538745748));
#4019 = CARTESIAN_POINT('',(3.648951110391,4.050568246303));
#4020 = CARTESIAN_POINT('',(3.727791336568,4.059351124423));
#4021 = CARTESIAN_POINT('',(3.806641800474,4.068134992826));
#4022 = CARTESIAN_POINT('',(3.885496941679,4.076919447552));
#4023 = CARTESIAN_POINT('',(3.964352046063,4.085704147552));
#4024 = CARTESIAN_POINT('',(4.043203245823,4.094488814685));
#4025 = CARTESIAN_POINT('',(4.122047519465,4.103273233719));
#4026 = CARTESIAN_POINT('',(4.335199467725,4.127023174583));
#4027 = CARTESIAN_POINT('',(4.469725410077,4.142013953879));
#4028 = CARTESIAN_POINT('',(4.604133085128,4.1569927991));
#4029 = CARTESIAN_POINT('',(4.738459888746,4.171962364988));
#4030 = CARTESIAN_POINT('',(4.872781770266,4.186927790357));
#4031 = CARTESIAN_POINT('',(5.00717654345,4.201896323034));
#4032 = CARTESIAN_POINT('',(5.141689097214,4.216875872191));
#4033 = CARTESIAN_POINT('',(5.401863160321,4.245850579042));
#4034 = CARTESIAN_POINT('',(5.527851310496,4.259882024465));
#4035 = CARTESIAN_POINT('',(5.653753629705,4.273906945435));
#4036 = CARTESIAN_POINT('',(5.779600685827,4.287930756012));
#4037 = CARTESIAN_POINT('',(5.90544862637,4.30196139629));
#4038 = CARTESIAN_POINT('',(6.031355951443,4.315997356653));
#4039 = CARTESIAN_POINT('',(6.157345110872,4.330035981008));
#4040 = CARTESIAN_POINT('',(6.28318530718,4.344053875495));
#4041 = ( GEOMETRIC_REPRESENTATION_CONTEXT(2) 
PARAMETRIC_REPRESENTATION_CONTEXT() REPRESENTATION_CONTEXT('2D SPACE',''
  ) );
#4042 = ORIENTED_EDGE('',*,*,#4043,.F.);
#4043 = EDGE_CURVE('',#4044,#3872,#4046,.T.);
#4044 = VERTEX_POINT('',#4045);
#4045 = CARTESIAN_POINT('',(172.80594896077,-70.5,52.9635));
#4046 = SURFACE_CURVE('',#4047,(#4098,#4152),.PCURVE_S1.);
#4047 = B_SPLINE_CURVE_WITH_KNOTS('',7,(#4048,#4049,#4050,#4051,#4052,
    #4053,#4054,#4055,#4056,#4057,#4058,#4059,#4060,#4061,#4062,#4063,
    #4064,#4065,#4066,#4067,#4068,#4069,#4070,#4071,#4072,#4073,#4074,
    #4075,#4076,#4077,#4078,#4079,#4080,#4081,#4082,#4083,#4084,#4085,
    #4086,#4087,#4088,#4089,#4090,#4091,#4092,#4093,#4094,#4095,#4096,
    #4097),.UNSPECIFIED.,.F.,.F.,(8,6,6,6,6,6,6,6,8),(0.,
    8.529507036642E-02,0.227137319522,0.3595104377,0.497483339387,
    0.634008159689,0.741426667943,0.865872550702,1.),.UNSPECIFIED.);
#4048 = CARTESIAN_POINT('',(172.80594896077,-70.5,52.9635));
#4049 = CARTESIAN_POINT('',(172.79742449849,-70.34998554319,52.9635));
#4050 = CARTESIAN_POINT('',(172.78889772789,-70.19990963367,
    52.950096058725));
#4051 = CARTESIAN_POINT('',(172.78036886664,-70.05127887813,
    52.923293612303));
#4052 = CARTESIAN_POINT('',(172.77183834906,-69.9055380705,
    52.883284041534));
#4053 = CARTESIAN_POINT('',(172.76330682609,-69.76407019198,
    52.830444671889));
#4054 = CARTESIAN_POINT('',(172.75477516533,-69.62819641101,
    52.765338773514));
#4055 = CARTESIAN_POINT('',(172.73205821841,-69.28462050127,
    52.561294261004));
#4056 = CARTESIAN_POINT('',(172.71786369636,-69.0888281195,
    52.401903278122));
#4057 = CARTESIAN_POINT('',(172.70368459955,-68.91784976209,
    52.214039629915));
#4058 = CARTESIAN_POINT('',(172.6895112158,-68.77640071091,
    52.002415689016));
#4059 = CARTESIAN_POINT('',(172.67532740246,-68.66819282967,
    51.772558635016));
#4060 = CARTESIAN_POINT('',(172.66113083926,-68.59581178493,
    51.530670835831));
#4061 = CARTESIAN_POINT('',(172.63370915432,-68.52684836865,
    51.053315390941));
#4062 = CARTESIAN_POINT('',(172.62045893458,-68.52546689789,
    50.818081527033));
#4063 = CARTESIAN_POINT('',(172.60721403098,-68.5568926804,
    50.583638879128));
#4064 = CARTESIAN_POINT('',(172.59397357101,-68.62064759816,
    50.355446753939));
#4065 = CARTESIAN_POINT('',(172.58073520293,-68.71527939785,
    50.138679480191));
#4066 = CARTESIAN_POINT('',(172.56749357056,-68.83836662776,
    49.938242055955));
#4067 = CARTESIAN_POINT('',(172.54047361866,-69.14039938573,
    49.571030538549));
#4068 = CARTESIAN_POINT('',(172.52667396351,-69.32175964453,
    49.405757213327));
#4069 = CARTESIAN_POINT('',(172.51288048897,-69.5262642285,
    49.267539589372));
#4070 = CARTESIAN_POINT('',(172.4990901146,-69.74903835845,
    49.160196763493));
#4071 = CARTESIAN_POINT('',(172.4852936985,-69.98455992814,
    49.086382286257));
#4072 = CARTESIAN_POINT('',(172.47148907849,-70.22681546339,
    49.047519688367));
#4073 = CARTESIAN_POINT('',(172.44404393199,-70.70955008768,49.039996016
    ));
#4074 = CARTESIAN_POINT('',(172.43038713617,-70.95030084043,
    49.07057055468));
#4075 = CARTESIAN_POINT('',(172.41673898274,-71.18553386478,
    49.135608901841));
#4076 = CARTESIAN_POINT('',(172.40309657944,-71.40946756127,
    49.233794737831));
#4077 = CARTESIAN_POINT('',(172.38944975736,-71.6166886181,
    49.362763775044));
#4078 = CARTESIAN_POINT('',(172.37579401557,-71.80229266674,
    49.519152461836));
#4079 = CARTESIAN_POINT('',(172.3514068376,-72.08799845797,
    49.839218140947));
#4080 = CARTESIAN_POINT('',(172.34066438471,-72.1979938566,
    49.994344607661));
#4081 = CARTESIAN_POINT('',(172.32992183831,-72.29020105911,
    50.161478287126));
#4082 = CARTESIAN_POINT('',(172.31917836592,-72.3631079463,
    50.33816111471));
#4083 = CARTESIAN_POINT('',(172.3084321433,-72.41560066926,
    50.52173245032));
#4084 = CARTESIAN_POINT('',(172.29768417791,-72.44699458554,
    50.709362680389));
#4085 = CARTESIAN_POINT('',(172.27449801725,-72.46893906545,
    51.116637912812));
#4086 = CARTESIAN_POINT('',(172.26205463725,-72.45221193264,
    51.336889021598));
#4087 = CARTESIAN_POINT('',(172.24961241443,-72.40678156964,
    51.554083577643));
#4088 = CARTESIAN_POINT('',(172.23717125751,-72.33327800545,51.763785197
    ));
#4089 = CARTESIAN_POINT('',(172.22473088561,-72.23315938947,
    51.961836666071));
#4090 = CARTESIAN_POINT('',(172.21229082824,-72.10871199154,
    52.144359941603));
#4091 = CARTESIAN_POINT('',(172.18644219126,-71.80605630332,
    52.483864160566));
#4092 = CARTESIAN_POINT('',(172.17302428078,-71.62423263001,
    52.637997039953));
#4093 = CARTESIAN_POINT('',(172.15960674601,-71.42146918636,
    52.765847425926));
#4094 = CARTESIAN_POINT('',(172.14618979201,-71.20233466119,
    52.864069201147));
#4095 = CARTESIAN_POINT('',(172.13277094532,-70.97195396342,
    52.930352714214));
#4096 = CARTESIAN_POINT('',(172.11935222257,-70.73588575768,52.9635));
#4097 = CARTESIAN_POINT('',(172.10594729911,-70.5,52.9635));
#4098 = PCURVE('',#486,#4099);
#4099 = DEFINITIONAL_REPRESENTATION('',(#4100),#4151);
#4100 = B_SPLINE_CURVE_WITH_KNOTS('',7,(#4101,#4102,#4103,#4104,#4105,
    #4106,#4107,#4108,#4109,#4110,#4111,#4112,#4113,#4114,#4115,#4116,
    #4117,#4118,#4119,#4120,#4121,#4122,#4123,#4124,#4125,#4126,#4127,
    #4128,#4129,#4130,#4131,#4132,#4133,#4134,#4135,#4136,#4137,#4138,
    #4139,#4140,#4141,#4142,#4143,#4144,#4145,#4146,#4147,#4148,#4149,
    #4150),.UNSPECIFIED.,.F.,.F.,(8,6,6,6,6,6,6,6,8),(0.,
    8.529507036642E-02,0.227137319522,0.3595104377,0.497483339387,
    0.634008159689,0.741426667943,0.865872550702,1.),.UNSPECIFIED.);
#4101 = CARTESIAN_POINT('',(0.158384563976,25.288243741173));
#4102 = CARTESIAN_POINT('',(0.158379985245,25.365251809549));
#4103 = CARTESIAN_POINT('',(0.158375042683,25.442282733));
#4104 = CARTESIAN_POINT('',(0.158372959479,25.519320591646));
#4105 = CARTESIAN_POINT('',(0.158375022409,25.596355797052));
#4106 = CARTESIAN_POINT('',(0.158380581837,25.673385092229));
#4107 = CARTESIAN_POINT('',(0.158387051709,25.750411551629));
#4108 = CARTESIAN_POINT('',(0.158394662057,25.955547390846));
#4109 = CARTESIAN_POINT('',(0.158393014028,26.083751902768));
#4110 = CARTESIAN_POINT('',(0.158375375228,26.21188479661));
#4111 = CARTESIAN_POINT('',(0.158356653817,26.339970854282));
#4112 = CARTESIAN_POINT('',(0.158348785782,26.468105390627));
#4113 = CARTESIAN_POINT('',(0.158351153219,26.596311915895));
#4114 = CARTESIAN_POINT('',(0.158366113069,26.843908215561));
#4115 = CARTESIAN_POINT('',(0.15837811585,26.963527152412));
#4116 = CARTESIAN_POINT('',(0.158391524319,27.083092111877));
#4117 = CARTESIAN_POINT('',(0.15839970275,27.202638972104));
#4118 = CARTESIAN_POINT('',(0.158400543163,27.322197879653));
#4119 = CARTESIAN_POINT('',(0.158396584276,27.441806504371));
#4120 = CARTESIAN_POINT('',(0.158384095851,27.685890122083));
#4121 = CARTESIAN_POINT('',(0.158375019743,27.810560113812));
#4122 = CARTESIAN_POINT('',(0.158367710328,27.935166832706));
#4123 = CARTESIAN_POINT('',(0.158364274539,28.059729219579));
#4124 = CARTESIAN_POINT('',(0.158364800893,28.184329475105));
#4125 = CARTESIAN_POINT('',(0.158367703395,28.308993823179));
#4126 = CARTESIAN_POINT('',(0.1583724027,28.556845213655));
#4127 = CARTESIAN_POINT('',(0.158374532977,28.680177784941));
#4128 = CARTESIAN_POINT('',(0.158374534094,28.803441302656));
#4129 = CARTESIAN_POINT('',(0.158371533919,28.926665554053));
#4130 = CARTESIAN_POINT('',(0.158367421045,29.049934389735));
#4131 = CARTESIAN_POINT('',(0.158365559718,29.173274246642));
#4132 = CARTESIAN_POINT('',(0.15836725589,29.393520129632));
#4133 = CARTESIAN_POINT('',(0.158369767156,29.49053008133));
#4134 = CARTESIAN_POINT('',(0.158374470374,29.587531606545));
#4135 = CARTESIAN_POINT('',(0.158381019945,29.684533688179));
#4136 = CARTESIAN_POINT('',(0.158387926075,29.781559101411));
#4137 = CARTESIAN_POINT('',(0.158393159846,29.878607324677));
#4138 = CARTESIAN_POINT('',(0.158398716986,30.087989863421));
#4139 = CARTESIAN_POINT('',(0.158397542352,30.200377333726));
#4140 = CARTESIAN_POINT('',(0.158391518873,30.312774864992));
#4141 = CARTESIAN_POINT('',(0.158381385801,30.425180164638));
#4142 = CARTESIAN_POINT('',(0.158369313235,30.537586597651));
#4143 = CARTESIAN_POINT('',(0.158358902118,30.649983186586));
#4144 = CARTESIAN_POINT('',(0.158351177113,30.883468241627));
#4145 = CARTESIAN_POINT('',(0.158352592003,31.004646335804));
#4146 = CARTESIAN_POINT('',(0.158365583453,31.125772104346));
#4147 = CARTESIAN_POINT('',(0.15838327782,31.246872635564));
#4148 = CARTESIAN_POINT('',(0.158394690435,31.368016601316));
#4149 = CARTESIAN_POINT('',(0.158393642758,31.4892119625));
#4150 = CARTESIAN_POINT('',(0.158387679543,31.610303674538));
#4151 = ( GEOMETRIC_REPRESENTATION_CONTEXT(2) 
PARAMETRIC_REPRESENTATION_CONTEXT() REPRESENTATION_CONTEXT('2D SPACE',''
  ) );
#4152 = PCURVE('',#4153,#4158);
#4153 = CYLINDRICAL_SURFACE('',#4154,1.96);
#4154 = AXIS2_PLACEMENT_3D('',#4155,#4156,#4157);
#4155 = CARTESIAN_POINT('',(175.75000005,-70.5,51.0035));
#4156 = DIRECTION('',(-1.,0.,1.110223024625E-16));
#4157 = DIRECTION('',(1.110223024625E-16,0.,1.));
#4158 = DEFINITIONAL_REPRESENTATION('',(#4159),#4210);
#4159 = B_SPLINE_CURVE_WITH_KNOTS('',7,(#4160,#4161,#4162,#4163,#4164,
    #4165,#4166,#4167,#4168,#4169,#4170,#4171,#4172,#4173,#4174,#4175,
    #4176,#4177,#4178,#4179,#4180,#4181,#4182,#4183,#4184,#4185,#4186,
    #4187,#4188,#4189,#4190,#4191,#4192,#4193,#4194,#4195,#4196,#4197,
    #4198,#4199,#4200,#4201,#4202,#4203,#4204,#4205,#4206,#4207,#4208,
    #4209),.UNSPECIFIED.,.F.,.F.,(8,6,6,6,6,6,6,6,8),(0.,
    8.529507036642E-02,0.227137319522,0.3595104377,0.497483339387,
    0.634008159689,0.741426667943,0.865872550702,1.),.UNSPECIFIED.);
#4160 = CARTESIAN_POINT('',(0.,2.944051089227));
#4161 = CARTESIAN_POINT('',(7.653798816563E-02,2.952575551505));
#4162 = CARTESIAN_POINT('',(0.153098672901,2.961102322108));
#4163 = CARTESIAN_POINT('',(0.229666958904,2.969631183358));
#4164 = CARTESIAN_POINT('',(0.306233370627,2.978161700939));
#4165 = CARTESIAN_POINT('',(0.382794052273,2.986693223903));
#4166 = CARTESIAN_POINT('',(0.459350767801,2.995224884661));
#4167 = CARTESIAN_POINT('',(0.663227303032,3.017941831588));
#4168 = CARTESIAN_POINT('',(0.790636846553,3.032136353634));
#4169 = CARTESIAN_POINT('',(0.917971054745,3.046315450448));
#4170 = CARTESIAN_POINT('',(1.045264150919,3.060488834196));
#4171 = CARTESIAN_POINT('',(1.172612206978,3.074672647534));
#4172 = CARTESIAN_POINT('',(1.300031958525,3.088869210739));
#4173 = CARTESIAN_POINT('',(1.546109143645,3.116290895679));
#4174 = CARTESIAN_POINT('',(1.664994042317,3.129541115416));
#4175 = CARTESIAN_POINT('',(1.783823819306,3.142786019011));
#4176 = CARTESIAN_POINT('',(1.902633799867,3.156026478987));
#4177 = CARTESIAN_POINT('',(2.021456131318,3.16926484707));
#4178 = CARTESIAN_POINT('',(2.14032907511,3.182506479438));
#4179 = CARTESIAN_POINT('',(2.382913859257,3.20952643134));
#4180 = CARTESIAN_POINT('',(2.506819617404,3.223326086481));
#4181 = CARTESIAN_POINT('',(2.63066379909,3.237119561027));
#4182 = CARTESIAN_POINT('',(2.754463877838,3.250909935391));
#4183 = CARTESIAN_POINT('',(2.878299917317,3.264706351492));
#4184 = CARTESIAN_POINT('',(3.002197122487,3.278510971507));
#4185 = CARTESIAN_POINT('',(3.248520209694,3.305956118005));
#4186 = CARTESIAN_POINT('',(3.371090707666,3.31961291383));
#4187 = CARTESIAN_POINT('',(3.493591474488,3.333261067257));
#4188 = CARTESIAN_POINT('',(3.616053990098,3.346903470558));
#4189 = CARTESIAN_POINT('',(3.738562982076,3.360550292638));
#4190 = CARTESIAN_POINT('',(3.861144824858,3.37420603443));
#4191 = CARTESIAN_POINT('',(4.080039523587,3.398593212394));
#4192 = CARTESIAN_POINT('',(4.176455165661,3.40933566529));
#4193 = CARTESIAN_POINT('',(4.272862899354,3.420078211688));
#4194 = CARTESIAN_POINT('',(4.369270902807,3.430821684072));
#4195 = CARTESIAN_POINT('',(4.465701243158,3.441567906696));
#4196 = CARTESIAN_POINT('',(4.562153288439,3.452315872087));
#4197 = CARTESIAN_POINT('',(4.770248187141,3.475502032744));
#4198 = CARTESIAN_POINT('',(4.881943248838,3.487945412744));
#4199 = CARTESIAN_POINT('',(4.993648491184,3.500387635569));
#4200 = CARTESIAN_POINT('',(5.105362449368,3.512828792488));
#4201 = CARTESIAN_POINT('',(5.217078715717,3.525269164385));
#4202 = CARTESIAN_POINT('',(5.328785939693,3.537709221759));
#4203 = CARTESIAN_POINT('',(5.560838277005,3.56355785874));
#4204 = CARTESIAN_POINT('',(5.681272956399,3.576975769218));
#4205 = CARTESIAN_POINT('',(5.801651376881,3.590393303983));
#4206 = CARTESIAN_POINT('',(5.9220002899,3.603810257981));
#4207 = CARTESIAN_POINT('',(6.042390792256,3.617229104675));
#4208 = CARTESIAN_POINT('',(6.162835430809,3.630647827425));
#4209 = CARTESIAN_POINT('',(6.28318530718,3.644052750883));
#4210 = ( GEOMETRIC_REPRESENTATION_CONTEXT(2) 
PARAMETRIC_REPRESENTATION_CONTEXT() REPRESENTATION_CONTEXT('2D SPACE',''
  ) );
#4211 = ORIENTED_EDGE('',*,*,#4212,.F.);
#4212 = EDGE_CURVE('',#4213,#4044,#4215,.T.);
#4213 = VERTEX_POINT('',#4214);
#4214 = CARTESIAN_POINT('',(173.50595088026,-70.5,52.9635));
#4215 = SURFACE_CURVE('',#4216,(#4275,#4337),.PCURVE_S1.);
#4216 = B_SPLINE_CURVE_WITH_KNOTS('',8,(#4217,#4218,#4219,#4220,#4221,
    #4222,#4223,#4224,#4225,#4226,#4227,#4228,#4229,#4230,#4231,#4232,
    #4233,#4234,#4235,#4236,#4237,#4238,#4239,#4240,#4241,#4242,#4243,
    #4244,#4245,#4246,#4247,#4248,#4249,#4250,#4251,#4252,#4253,#4254,
    #4255,#4256,#4257,#4258,#4259,#4260,#4261,#4262,#4263,#4264,#4265,
    #4266,#4267,#4268,#4269,#4270,#4271,#4272,#4273,#4274),
  .UNSPECIFIED.,.F.,.F.,(9,7,7,7,7,7,7,7,9),(0.,0.105655632738,
    0.259569028735,0.39330586692,0.573333860673,0.667026819888,
    0.77582463136,0.915303149503,1.),.UNSPECIFIED.);
#4217 = CARTESIAN_POINT('',(173.50595088026,-70.5,52.9635));
#4218 = CARTESIAN_POINT('',(173.49671399989,-70.33744603804,52.9635));
#4219 = CARTESIAN_POINT('',(173.48747377066,-70.17482492335,
    52.948079379814));
#4220 = CARTESIAN_POINT('',(173.47823117163,-70.0139303858,
    52.917252778884));
#4221 = CARTESIAN_POINT('',(173.46898717765,-69.85647845074,
    52.871248908697));
#4222 = CARTESIAN_POINT('',(173.45974275934,-69.70410743906,
    52.810510552787));
#4223 = CARTESIAN_POINT('',(173.4504988831,-69.55837796713,
    52.735694566737));
#4224 = CARTESIAN_POINT('',(173.44125651111,-69.42077294681,
    52.647671878173));
#4225 = CARTESIAN_POINT('',(173.41855640186,-69.10612434471,
    52.401642568272));
#4226 = CARTESIAN_POINT('',(173.40508495123,-68.93949111141,
    52.229826680055));
#4227 = CARTESIAN_POINT('',(173.39162081334,-68.79733053753,
    52.035486352208));
#4228 = CARTESIAN_POINT('',(173.37816142986,-68.68307635169,
    51.82276487169));
#4229 = CARTESIAN_POINT('',(173.36469709718,-68.59930247537,
    51.596305960092));
#4230 = CARTESIAN_POINT('',(173.35122162495,-68.54777633589,
    51.361108089627));
#4231 = CARTESIAN_POINT('',(173.33773967615,-68.52932637641,
    51.122469437324));
#4232 = CARTESIAN_POINT('',(173.31256754229,-68.55586000916,
    50.680573296392));
#4233 = CARTESIAN_POINT('',(173.30085731595,-68.59286088235,
    50.476472247261));
#4234 = CARTESIAN_POINT('',(173.28915279463,-68.65436024951,
    50.277378798546));
#4235 = CARTESIAN_POINT('',(173.27745495451,-68.73949365132,
    50.086724724608));
#4236 = CARTESIAN_POINT('',(173.26576034743,-68.84688486732,
    49.907687968496));
#4237 = CARTESIAN_POINT('',(173.25406429923,-68.97470690583,
    49.743192793563));
#4238 = CARTESIAN_POINT('',(173.24236401338,-69.12066437725,
    49.595873932175));
#4239 = CARTESIAN_POINT('',(173.21491787494,-69.49904882417,
    49.295726885729));
#4240 = CARTESIAN_POINT('',(173.19914116038,-69.74436590637,
    49.158287429845));
#4241 = CARTESIAN_POINT('',(173.18337965946,-70.01081335163,
    49.061590077686));
#4242 = CARTESIAN_POINT('',(173.16762561759,-70.29036147391,
    49.009008572367));
#4243 = CARTESIAN_POINT('',(173.15187142002,-70.57473510456,
    49.00231500858));
#4244 = CARTESIAN_POINT('',(173.13610873283,-70.85547356277,
    49.041502036603));
#4245 = CARTESIAN_POINT('',(173.12033009482,-71.1239993726,
    49.124939428775));
#4246 = CARTESIAN_POINT('',(173.09638678475,-71.50125817808,
    49.312383768078));
#4247 = CARTESIAN_POINT('',(173.08819032988,-71.62502662094,
    49.387425662989));
#4248 = CARTESIAN_POINT('',(173.07999348152,-71.74232257034,
    49.472787054977));
#4249 = CARTESIAN_POINT('',(173.07179649325,-71.85213746241,
    49.567807374091));
#4250 = CARTESIAN_POINT('',(173.06359945524,-71.95356179134,
    49.671726860831));
#4251 = CARTESIAN_POINT('',(173.05540229419,-72.04578510939,
    49.78368656614));
#4252 = CARTESIAN_POINT('',(173.04720477335,-72.12809602688,
    49.902728351409));
#4253 = CARTESIAN_POINT('',(173.02948651349,-72.28324151605,
    50.173024216647));
#4254 = CARTESIAN_POINT('',(173.01996544061,-72.35243861063,
    50.326441732762));
#4255 = CARTESIAN_POINT('',(173.01044369499,-72.40651530205,
    50.486352064959));
#4256 = CARTESIAN_POINT('',(173.0009218169,-72.44476535548,
    50.651010627039));
#4257 = CARTESIAN_POINT('',(172.99140046581,-72.46673449513,
    50.818623618466));
#4258 = CARTESIAN_POINT('',(172.98188042037,-72.47222040426,
    50.987348024364));
#4259 = CARTESIAN_POINT('',(172.97236257845,-72.46127272519,
    51.155291615522));
#4260 = CARTESIAN_POINT('',(172.95065023667,-72.3994769963,
    51.532326277739));
#4261 = CARTESIAN_POINT('',(172.93844584525,-72.33820371114,
    51.739933629221));
#4262 = CARTESIAN_POINT('',(172.92624597599,-72.25105464268,
    51.939270372155));
#4263 = CARTESIAN_POINT('',(172.91405009408,-72.13936040612,
    52.126556895149));
#4264 = CARTESIAN_POINT('',(172.90185205812,-72.00506101866,
    52.298352629261));
#4265 = CARTESIAN_POINT('',(172.8896462414,-71.85066612523,
    52.451610071169));
#4266 = CARTESIAN_POINT('',(172.87743365324,-71.67921522423,
    52.583728806331));
#4267 = CARTESIAN_POINT('',(172.85781634353,-71.38191237133,
    52.758726197857));
#4268 = CARTESIAN_POINT('',(172.85040329866,-71.26454658129,
    52.816315166853));
#4269 = CARTESIAN_POINT('',(172.8429904256,-71.14291231841,
    52.864916907498));
#4270 = CARTESIAN_POINT('',(172.83557864412,-71.01781847552,
    52.904167396318));
#4271 = CARTESIAN_POINT('',(172.8281683927,-70.89010471832,
    52.933791124841));
#4272 = CARTESIAN_POINT('',(172.82075983102,-70.7606362538,
    52.953600265983));
#4273 = CARTESIAN_POINT('',(172.81335314588,-70.63029969187,52.9635));
#4274 = CARTESIAN_POINT('',(172.80594896077,-70.5,52.9635));
#4275 = PCURVE('',#486,#4276);
#4276 = DEFINITIONAL_REPRESENTATION('',(#4277),#4336);
#4277 = B_SPLINE_CURVE_WITH_KNOTS('',8,(#4278,#4279,#4280,#4281,#4282,
    #4283,#4284,#4285,#4286,#4287,#4288,#4289,#4290,#4291,#4292,#4293,
    #4294,#4295,#4296,#4297,#4298,#4299,#4300,#4301,#4302,#4303,#4304,
    #4305,#4306,#4307,#4308,#4309,#4310,#4311,#4312,#4313,#4314,#4315,
    #4316,#4317,#4318,#4319,#4320,#4321,#4322,#4323,#4324,#4325,#4326,
    #4327,#4328,#4329,#4330,#4331,#4332,#4333,#4334,#4335),
  .UNSPECIFIED.,.F.,.F.,(9,7,7,7,7,7,7,7,9),(0.,0.105655632738,
    0.259569028735,0.39330586692,0.573333860673,0.667026819888,
    0.77582463136,0.915303149503,1.),.UNSPECIFIED.);
#4278 = CARTESIAN_POINT('',(0.158381178761,18.966182686234));
#4279 = CARTESIAN_POINT('',(0.158376298186,19.049626360007));
#4280 = CARTESIAN_POINT('',(0.158374865328,19.133086266941));
#4281 = CARTESIAN_POINT('',(0.158376640181,19.216554100396));
#4282 = CARTESIAN_POINT('',(0.158380871518,19.30002392013));
#4283 = CARTESIAN_POINT('',(0.158386296889,19.383492152298));
#4284 = CARTESIAN_POINT('',(0.158391142624,19.466957589451));
#4285 = CARTESIAN_POINT('',(0.158393123831,19.550421390539));
#4286 = CARTESIAN_POINT('',(0.158384084393,19.755475372242));
#4287 = CARTESIAN_POINT('',(0.158371417681,19.877196183252));
#4288 = CARTESIAN_POINT('',(0.158355126784,19.998866409513));
#4289 = CARTESIAN_POINT('',(0.158345237447,20.120466795006));
#4290 = CARTESIAN_POINT('',(0.158347177821,20.242061989862));
#4291 = CARTESIAN_POINT('',(0.158358004316,20.363720278281));
#4292 = CARTESIAN_POINT('',(0.158369794132,20.485432976628));
#4293 = CARTESIAN_POINT('',(0.158389250066,20.712693373873));
#4294 = CARTESIAN_POINT('',(0.15839704101,20.818421557778));
#4295 = CARTESIAN_POINT('',(0.158401138098,20.924113780272));
#4296 = CARTESIAN_POINT('',(0.15839996943,21.029767863501));
#4297 = CARTESIAN_POINT('',(0.158394576123,21.135410562982));
#4298 = CARTESIAN_POINT('',(0.158387440622,21.241073624155));
#4299 = CARTESIAN_POINT('',(0.158380589309,21.346773758882));
#4300 = CARTESIAN_POINT('',(0.158367854137,21.5947075265));
#4301 = CARTESIAN_POINT('',(0.158363121944,21.737215034316));
#4302 = CARTESIAN_POINT('',(0.158363687822,21.87956280619));
#4303 = CARTESIAN_POINT('',(0.158369722672,22.021820165755));
#4304 = CARTESIAN_POINT('',(0.15837474299,22.164083252292));
#4305 = CARTESIAN_POINT('',(0.1583751549,22.306442484844));
#4306 = CARTESIAN_POINT('',(0.158372744054,22.448957685402));
#4307 = CARTESIAN_POINT('',(0.158368589324,22.665219576985));
#4308 = CARTESIAN_POINT('',(0.158366971146,22.739252802661));
#4309 = CARTESIAN_POINT('',(0.158365747568,22.813287907044));
#4310 = CARTESIAN_POINT('',(0.158365340757,22.887320815916));
#4311 = CARTESIAN_POINT('',(0.158366004407,22.96134964362));
#4312 = CARTESIAN_POINT('',(0.158367823744,23.035374693061));
#4313 = CARTESIAN_POINT('',(0.158370715517,23.109398455706));
#4314 = CARTESIAN_POINT('',(0.158378739009,23.269387167461));
#4315 = CARTESIAN_POINT('',(0.15838443125,23.355352761877));
#4316 = CARTESIAN_POINT('',(0.158390201152,23.441324102999));
#4317 = CARTESIAN_POINT('',(0.158394999715,23.527300746765));
#4318 = CARTESIAN_POINT('',(0.158398032516,23.613280096877));
#4319 = CARTESIAN_POINT('',(0.158398759711,23.699257404805));
#4320 = CARTESIAN_POINT('',(0.158396896031,23.785225769787));
#4321 = CARTESIAN_POINT('',(0.158386660711,23.981364293763));
#4322 = CARTESIAN_POINT('',(0.158377051576,24.091629022456));
#4323 = CARTESIAN_POINT('',(0.15836491188,24.201863632761));
#4324 = CARTESIAN_POINT('',(0.158353883974,24.312057560781));
#4325 = CARTESIAN_POINT('',(0.158348032121,24.422249082986));
#4326 = CARTESIAN_POINT('',(0.158349950535,24.532478028336));
#4327 = CARTESIAN_POINT('',(0.158358871438,24.642738490403));
#4328 = CARTESIAN_POINT('',(0.158374785786,24.819845099569));
#4329 = CARTESIAN_POINT('',(0.158381294697,24.886768525368));
#4330 = CARTESIAN_POINT('',(0.158387444222,24.953691881));
#4331 = CARTESIAN_POINT('',(0.158391857729,25.020612674599));
#4332 = CARTESIAN_POINT('',(0.158393479747,25.087531412136));
#4333 = CARTESIAN_POINT('',(0.158392097383,25.154447572504));
#4334 = CARTESIAN_POINT('',(0.158388540975,25.221356003852));
#4335 = CARTESIAN_POINT('',(0.158384563976,25.288243741173));
#4336 = ( GEOMETRIC_REPRESENTATION_CONTEXT(2) 
PARAMETRIC_REPRESENTATION_CONTEXT() REPRESENTATION_CONTEXT('2D SPACE',''
  ) );
#4337 = PCURVE('',#4338,#4343);
#4338 = CYLINDRICAL_SURFACE('',#4339,1.96);
#4339 = AXIS2_PLACEMENT_3D('',#4340,#4341,#4342);
#4340 = CARTESIAN_POINT('',(175.75000005,-70.5,51.0035));
#4341 = DIRECTION('',(-1.,0.,1.110223024625E-16));
#4342 = DIRECTION('',(1.110223024625E-16,0.,1.));
#4343 = DEFINITIONAL_REPRESENTATION('',(#4344),#4403);
#4344 = B_SPLINE_CURVE_WITH_KNOTS('',8,(#4345,#4346,#4347,#4348,#4349,
    #4350,#4351,#4352,#4353,#4354,#4355,#4356,#4357,#4358,#4359,#4360,
    #4361,#4362,#4363,#4364,#4365,#4366,#4367,#4368,#4369,#4370,#4371,
    #4372,#4373,#4374,#4375,#4376,#4377,#4378,#4379,#4380,#4381,#4382,
    #4383,#4384,#4385,#4386,#4387,#4388,#4389,#4390,#4391,#4392,#4393,
    #4394,#4395,#4396,#4397,#4398,#4399,#4400,#4401,#4402),
  .UNSPECIFIED.,.F.,.F.,(9,7,7,7,7,7,7,7,9),(0.,0.105655632738,
    0.259569028735,0.39330586692,0.573333860673,0.667026819888,
    0.77582463136,0.915303149503,1.),.UNSPECIFIED.);
#4345 = CARTESIAN_POINT('',(0.,2.24404916974));
#4346 = CARTESIAN_POINT('',(8.293569487422E-02,2.253286050106));
#4347 = CARTESIAN_POINT('',(0.165886990665,2.262526279337));
#4348 = CARTESIAN_POINT('',(0.248845825219,2.271768878366));
#4349 = CARTESIAN_POINT('',(0.331806230408,2.281012872348));
#4350 = CARTESIAN_POINT('',(0.414764332124,2.29025729066));
#4351 = CARTESIAN_POINT('',(0.497718350281,2.299501166899));
#4352 = CARTESIAN_POINT('',(0.580668598817,2.308743538887));
#4353 = CARTESIAN_POINT('',(0.784452925712,2.331443648139));
#4354 = CARTESIAN_POINT('',(0.905417365232,2.344915098762));
#4355 = CARTESIAN_POINT('',(1.02633488979,2.358379236653));
#4356 = CARTESIAN_POINT('',(1.147187581618,2.371838620139));
#4357 = CARTESIAN_POINT('',(1.268037939785,2.385302952818));
#4358 = CARTESIAN_POINT('',(1.388951021573,2.398778425046));
#4359 = CARTESIAN_POINT('',(1.509916305064,2.412260373841));
#4360 = CARTESIAN_POINT('',(1.735779585452,2.437432507707));
#4361 = CARTESIAN_POINT('',(1.840857021077,2.449142734042));
#4362 = CARTESIAN_POINT('',(1.945898066614,2.460847255365));
#4363 = CARTESIAN_POINT('',(2.050901394957,2.472545095486));
#4364 = CARTESIAN_POINT('',(2.155894474109,2.484239702565));
#4365 = CARTESIAN_POINT('',(2.260909131001,2.495935750762));
#4366 = CARTESIAN_POINT('',(2.365961470026,2.507636036619));
#4367 = CARTESIAN_POINT('',(2.612376329556,2.535082175054));
#4368 = CARTESIAN_POINT('',(2.754011238478,2.550858889616));
#4369 = CARTESIAN_POINT('',(2.895486344075,2.566620390537));
#4370 = CARTESIAN_POINT('',(3.036868354084,2.582374432401));
#4371 = CARTESIAN_POINT('',(3.178251958305,2.598128629973));
#4372 = CARTESIAN_POINT('',(3.319730082793,2.613891317164));
#4373 = CARTESIAN_POINT('',(3.46136439338,2.629669955179));
#4374 = CARTESIAN_POINT('',(3.676292722002,2.653613265246));
#4375 = CARTESIAN_POINT('',(3.749870021993,2.661809720113));
#4376 = CARTESIAN_POINT('',(3.823449860021,2.670006568478));
#4377 = CARTESIAN_POINT('',(3.897028183548,2.678203556744));
#4378 = CARTESIAN_POINT('',(3.970603035476,2.686400594756));
#4379 = CARTESIAN_POINT('',(4.044174554143,2.694597755809));
#4380 = CARTESIAN_POINT('',(4.117744973325,2.702795276645));
#4381 = CARTESIAN_POINT('',(4.276753558331,2.720513536507));
#4382 = CARTESIAN_POINT('',(4.362192373806,2.730034609382));
#4383 = CARTESIAN_POINT('',(4.447636405346,2.739556355001));
#4384 = CARTESIAN_POINT('',(4.533085022848,2.749078233091));
#4385 = CARTESIAN_POINT('',(4.618535629414,2.758599584187));
#4386 = CARTESIAN_POINT('',(4.703983661355,2.768119629627));
#4387 = CARTESIAN_POINT('',(4.789422588187,2.77763747155));
#4388 = CARTESIAN_POINT('',(4.984353833757,2.799349813329));
#4389 = CARTESIAN_POINT('',(5.09393990105,2.811554204746));
#4390 = CARTESIAN_POINT('',(5.203497641414,2.823754074008));
#4391 = CARTESIAN_POINT('',(5.313016349882,2.835949955912));
#4392 = CARTESIAN_POINT('',(5.422532828203,2.848147991874));
#4393 = CARTESIAN_POINT('',(5.532085123416,2.8603538086));
#4394 = CARTESIAN_POINT('',(5.641666266433,2.87256639676));
#4395 = CARTESIAN_POINT('',(5.817677855523,2.892183706466));
#4396 = CARTESIAN_POINT('',(5.884186701795,2.899596751337));
#4397 = CARTESIAN_POINT('',(5.950694891335,2.907009624395));
#4398 = CARTESIAN_POINT('',(6.017200342726,2.914421405879));
#4399 = CARTESIAN_POINT('',(6.083704411557,2.921831657292));
#4400 = CARTESIAN_POINT('',(6.150207708131,2.929240218971));
#4401 = CARTESIAN_POINT('',(6.21670587255,2.936646904111));
#4402 = CARTESIAN_POINT('',(6.28318530718,2.944051089227));
#4403 = ( GEOMETRIC_REPRESENTATION_CONTEXT(2) 
PARAMETRIC_REPRESENTATION_CONTEXT() REPRESENTATION_CONTEXT('2D SPACE',''
  ) );
#4404 = ORIENTED_EDGE('',*,*,#4405,.F.);
#4405 = EDGE_CURVE('',#1641,#4213,#4406,.T.);
#4406 = SURFACE_CURVE('',#4407,(#4459,#4514),.PCURVE_S1.);
#4407 = B_SPLINE_CURVE_WITH_KNOTS('',8,(#4408,#4409,#4410,#4411,#4412,
    #4413,#4414,#4415,#4416,#4417,#4418,#4419,#4420,#4421,#4422,#4423,
    #4424,#4425,#4426,#4427,#4428,#4429,#4430,#4431,#4432,#4433,#4434,
    #4435,#4436,#4437,#4438,#4439,#4440,#4441,#4442,#4443,#4444,#4445,
    #4446,#4447,#4448,#4449,#4450,#4451,#4452,#4453,#4454,#4455,#4456,
    #4457,#4458),.UNSPECIFIED.,.F.,.F.,(9,7,7,7,7,7,7,9),(0.,
    8.04398442058E-02,0.233824077094,0.347088364179,0.535088782769,
    0.678634559373,0.870652661039,1.),.UNSPECIFIED.);
#4408 = CARTESIAN_POINT('',(174.20595269584,-70.5,52.9635));
#4409 = CARTESIAN_POINT('',(174.19892036778,-70.3762485521,52.9635));
#4410 = CARTESIAN_POINT('',(174.1918863557,-70.25247999279,
    52.954567199379));
#4411 = CARTESIAN_POINT('',(174.18485116261,-70.1294702624,
    52.936705564304));
#4412 = CARTESIAN_POINT('',(174.17781525155,-70.00797450094,
    52.90999206515));
#4413 = CARTESIAN_POINT('',(174.17077904564,-69.8887270481,
    52.874576676497));
#4414 = CARTESIAN_POINT('',(174.16374292801,-69.77244144325,
    52.830682377134));
#4415 = CARTESIAN_POINT('',(174.15670724186,-69.65981042545,
    52.778605150059));
#4416 = CARTESIAN_POINT('',(174.13625791058,-69.34498885732,
    52.604512359046));
#4417 = CARTESIAN_POINT('',(174.12283410193,-69.15398809026,
    52.461779809879));
#4418 = CARTESIAN_POINT('',(174.10942037036,-68.98342937019,
    52.293136561264));
#4419 = CARTESIAN_POINT('',(174.0960133333,-68.83730486222,
    52.102076701178));
#4420 = CARTESIAN_POINT('',(174.08260176558,-68.71886173818,
    51.892718943937));
#4421 = CARTESIAN_POINT('',(174.06917813571,-68.63062370935,
    51.669665330559));
#4422 = CARTESIAN_POINT('',(174.05574663241,-68.57424551252,
    51.437967864856));
#4423 = CARTESIAN_POINT('',(174.03241865824,-68.53244455908,
    51.029844553594));
#4424 = CARTESIAN_POINT('',(174.02250502081,-68.53229655222,
    50.854606562919));
#4425 = CARTESIAN_POINT('',(174.01259302736,-68.55000624178,
    50.679670859081));
#4426 = CARTESIAN_POINT('',(174.00268407787,-68.58546587429,
    50.507176189051));
#4427 = CARTESIAN_POINT('',(173.99277750567,-68.63827630049,
    50.33919441304));
#4428 = CARTESIAN_POINT('',(173.98287194157,-68.70777049528,
    50.177721887967));
#4429 = CARTESIAN_POINT('',(173.97296679975,-68.79300374409,
    50.024662940098));
#4430 = CARTESIAN_POINT('',(173.94663076828,-69.05823264471,
    49.644623372763));
#4431 = CARTESIAN_POINT('',(173.93016069978,-69.26410967324,
    49.434844098713));
#4432 = CARTESIAN_POINT('',(173.91371245587,-69.504558356,
    49.261399438465));
#4433 = CARTESIAN_POINT('',(173.89727242473,-69.77179370726,
    49.130466001313));
#4434 = CARTESIAN_POINT('',(173.88082959969,-70.05728562827,
    49.046508737242));
#4435 = CARTESIAN_POINT('',(173.86437487092,-70.35173424293,
    49.011995239214));
#4436 = CARTESIAN_POINT('',(173.84790001944,-70.64521768784,
    49.027607011406));
#4437 = CARTESIAN_POINT('',(173.81890954125,-71.14296997069,
    49.138841349733));
#4438 = CARTESIAN_POINT('',(173.80634486511,-71.35250998281,
    49.214802661814));
#4439 = CARTESIAN_POINT('',(173.79378492285,-71.55158590802,
    49.317667623493));
#4440 = CARTESIAN_POINT('',(173.78122969984,-71.7361735565,
    49.445638255341));
#4441 = CARTESIAN_POINT('',(173.76867467252,-71.90271520435,
    49.596305153792));
#4442 = CARTESIAN_POINT('',(173.75611500407,-72.04809581644,
    49.766743394481));
#4443 = CARTESIAN_POINT('',(173.74354903494,-72.16969558398,
    49.953491737276));
#4444 = CARTESIAN_POINT('',(173.71418866161,-72.39391629441,
    50.418688711118));
#4445 = CARTESIAN_POINT('',(173.69734801224,-72.47665544062,
    50.7076219896));
#4446 = CARTESIAN_POINT('',(173.68053415125,-72.50851218138,
    51.009210482465));
#4447 = CARTESIAN_POINT('',(173.66373835359,-72.48789159341,
    51.312952564032));
#4448 = CARTESIAN_POINT('',(173.64695057264,-72.41520816177,
    51.608592295253));
#4449 = CARTESIAN_POINT('',(173.63014875238,-72.2931823572,
    51.886230838998));
#4450 = CARTESIAN_POINT('',(173.6133158139,-72.12652572755,
    52.136344119213));
#4451 = CARTESIAN_POINT('',(173.58520167372,-71.78653104884,
    52.495499121631));
#4452 = CARTESIAN_POINT('',(173.57387638803,-71.63282135098,
    52.624263293384));
#4453 = CARTESIAN_POINT('',(173.56255081826,-71.464470124,
    52.734815375731));
#4454 = CARTESIAN_POINT('',(173.5512257691,-71.2840411126,
    52.825253117922));
#4455 = CARTESIAN_POINT('',(173.5399026917,-71.09432115402,
    52.894122223459));
#4456 = CARTESIAN_POINT('',(173.52858222496,-70.89828194735,
    52.940391653915));
#4457 = CARTESIAN_POINT('',(173.51726291902,-70.69907335015,52.9635));
#4458 = CARTESIAN_POINT('',(173.50595088026,-70.5,52.9635));
#4459 = PCURVE('',#486,#4460);
#4460 = DEFINITIONAL_REPRESENTATION('',(#4461),#4513);
#4461 = B_SPLINE_CURVE_WITH_KNOTS('',8,(#4462,#4463,#4464,#4465,#4466,
    #4467,#4468,#4469,#4470,#4471,#4472,#4473,#4474,#4475,#4476,#4477,
    #4478,#4479,#4480,#4481,#4482,#4483,#4484,#4485,#4486,#4487,#4488,
    #4489,#4490,#4491,#4492,#4493,#4494,#4495,#4496,#4497,#4498,#4499,
    #4500,#4501,#4502,#4503,#4504,#4505,#4506,#4507,#4508,#4509,#4510,
    #4511,#4512),.UNSPECIFIED.,.F.,.F.,(9,7,7,7,7,7,7,9),(0.,
    8.04398442058E-02,0.233824077094,0.347088364179,0.535088782769,
    0.678634559373,0.870652661039,1.),.UNSPECIFIED.);
#4462 = CARTESIAN_POINT('',(0.158378190248,12.644120993723));
#4463 = CARTESIAN_POINT('',(0.158375304444,12.707645919067));
#4464 = CARTESIAN_POINT('',(0.158374733419,12.771176614991));
#4465 = CARTESIAN_POINT('',(0.158376331576,12.834708841394));
#4466 = CARTESIAN_POINT('',(0.158379665306,12.898240045464));
#4467 = CARTESIAN_POINT('',(0.158384012989,12.961769361675));
#4468 = CARTESIAN_POINT('',(0.158388364992,13.025297611789));
#4469 = CARTESIAN_POINT('',(0.158391423674,13.088827304855));
#4470 = CARTESIAN_POINT('',(0.158391946047,13.273513023699));
#4471 = CARTESIAN_POINT('',(0.158384671954,13.394780684311));
#4472 = CARTESIAN_POINT('',(0.158367651935,13.515998635228));
#4473 = CARTESIAN_POINT('',(0.158351669069,13.637151903233));
#4474 = CARTESIAN_POINT('',(0.158345765582,13.758303627296));
#4475 = CARTESIAN_POINT('',(0.158350649836,13.879518778396));
#4476 = CARTESIAN_POINT('',(0.158360163392,14.000785497563));
#4477 = CARTESIAN_POINT('',(0.158378668654,14.211394385923));
#4478 = CARTESIAN_POINT('',(0.158387076847,14.300894069544));
#4479 = CARTESIAN_POINT('',(0.158394344454,14.390383701125));
#4480 = CARTESIAN_POINT('',(0.158398775559,14.479857793757));
#4481 = CARTESIAN_POINT('',(0.158399721771,14.569325107649));
#4482 = CARTESIAN_POINT('',(0.1583976418,14.658796076804));
#4483 = CARTESIAN_POINT('',(0.158393606997,14.748271474843));
#4484 = CARTESIAN_POINT('',(0.158380540132,14.986180697535));
#4485 = CARTESIAN_POINT('',(0.158369965857,15.134974869421));
#4486 = CARTESIAN_POINT('',(0.158361816265,15.283561709653));
#4487 = CARTESIAN_POINT('',(0.158362007384,15.432039203395));
#4488 = CARTESIAN_POINT('',(0.158368376737,15.58051589679));
#4489 = CARTESIAN_POINT('',(0.158372868889,15.729108064295));
#4490 = CARTESIAN_POINT('',(0.158374012524,15.877896122357));
#4491 = CARTESIAN_POINT('',(0.158371867778,16.13973313436));
#4492 = CARTESIAN_POINT('',(0.158369574023,16.25322088298));
#4493 = CARTESIAN_POINT('',(0.158366381068,16.366669659229));
#4494 = CARTESIAN_POINT('',(0.158363876604,16.480072882576));
#4495 = CARTESIAN_POINT('',(0.158364256459,16.593462131821));
#4496 = CARTESIAN_POINT('',(0.158368420683,16.706877293639));
#4497 = CARTESIAN_POINT('',(0.158374875237,16.820339674568));
#4498 = CARTESIAN_POINT('',(0.158390678073,17.085441352792));
#4499 = CARTESIAN_POINT('',(0.158400311794,17.237497106607));
#4500 = CARTESIAN_POINT('',(0.158405427502,17.389330023767));
#4501 = CARTESIAN_POINT('',(0.158399897191,17.541044819201));
#4502 = CARTESIAN_POINT('',(0.158377567597,17.692758236511));
#4503 = CARTESIAN_POINT('',(0.158357712232,17.844588081656));
#4504 = CARTESIAN_POINT('',(0.158350784318,17.996644367307));
#4505 = CARTESIAN_POINT('',(0.158357035157,18.250531245014));
#4506 = CARTESIAN_POINT('',(0.158364467638,18.352784300691));
#4507 = CARTESIAN_POINT('',(0.158375813475,18.455023326872));
#4508 = CARTESIAN_POINT('',(0.158389125089,18.557249256869));
#4509 = CARTESIAN_POINT('',(0.158397010203,18.659480191293));
#4510 = CARTESIAN_POINT('',(0.158394718058,18.761730454557));
#4511 = CARTESIAN_POINT('',(0.158387155807,18.863992548958));
#4512 = CARTESIAN_POINT('',(0.158381178761,18.966182686234));
#4513 = ( GEOMETRIC_REPRESENTATION_CONTEXT(2) 
PARAMETRIC_REPRESENTATION_CONTEXT() REPRESENTATION_CONTEXT('2D SPACE',''
  ) );
#4514 = PCURVE('',#1656,#4515);
#4515 = DEFINITIONAL_REPRESENTATION('',(#4516),#4568);
#4516 = B_SPLINE_CURVE_WITH_KNOTS('',8,(#4517,#4518,#4519,#4520,#4521,
    #4522,#4523,#4524,#4525,#4526,#4527,#4528,#4529,#4530,#4531,#4532,
    #4533,#4534,#4535,#4536,#4537,#4538,#4539,#4540,#4541,#4542,#4543,
    #4544,#4545,#4546,#4547,#4548,#4549,#4550,#4551,#4552,#4553,#4554,
    #4555,#4556,#4557,#4558,#4559,#4560,#4561,#4562,#4563,#4564,#4565,
    #4566,#4567),.UNSPECIFIED.,.F.,.F.,(9,7,7,7,7,7,7,9),(0.,
    8.04398442058E-02,0.233824077094,0.347088364179,0.535088782769,
    0.678634559373,0.870652661039,1.),.UNSPECIFIED.);
#4517 = CARTESIAN_POINT('',(0.,1.54404735416));
#4518 = CARTESIAN_POINT('',(6.313849382669E-02,1.55107968222));
#4519 = CARTESIAN_POINT('',(0.126280981502,1.558113694296));
#4520 = CARTESIAN_POINT('',(0.189424692987,1.565148887387));
#4521 = CARTESIAN_POINT('',(0.252567862496,1.572184798441));
#4522 = CARTESIAN_POINT('',(0.315709728499,1.579221004357));
#4523 = CARTESIAN_POINT('',(0.378850533717,1.586257121988));
#4524 = CARTESIAN_POINT('',(0.441991525124,1.593292808135));
#4525 = CARTESIAN_POINT('',(0.625538051294,1.613742139418));
#4526 = CARTESIAN_POINT('',(0.746052116286,1.627165948069));
#4527 = CARTESIAN_POINT('',(0.866516904427,1.640579679633));
#4528 = CARTESIAN_POINT('',(0.986921671842,1.6539867167));
#4529 = CARTESIAN_POINT('',(1.107329670403,1.66739828442));
#4530 = CARTESIAN_POINT('',(1.227802641796,1.680821914284));
#4531 = CARTESIAN_POINT('',(1.348325310541,1.69425341759));
#4532 = CARTESIAN_POINT('',(1.557640822072,1.717581391759));
#4533 = CARTESIAN_POINT('',(1.646590351939,1.727495029189));
#4534 = CARTESIAN_POINT('',(1.735529196376,1.737407022633));
#4535 = CARTESIAN_POINT('',(1.824452117289,1.747315972124));
#4536 = CARTESIAN_POINT('',(1.913368351994,1.757222544326));
#4537 = CARTESIAN_POINT('',(2.002288764729,1.767128108424));
#4538 = CARTESIAN_POINT('',(2.091214288686,1.77703325025));
#4539 = CARTESIAN_POINT('',(2.327663163069,1.803369281711));
#4540 = CARTESIAN_POINT('',(2.475545791446,1.819839350214));
#4541 = CARTESIAN_POINT('',(2.623223848901,1.836287594124));
#4542 = CARTESIAN_POINT('',(2.770792638926,1.852727625265));
#4543 = CARTESIAN_POINT('',(2.918355970595,1.86917045031));
#4544 = CARTESIAN_POINT('',(3.066030378045,1.885625179075));
#4545 = CARTESIAN_POINT('',(3.213898360841,1.902100030553));
#4546 = CARTESIAN_POINT('',(3.47411765467,1.931090508743));
#4547 = CARTESIAN_POINT('',(3.586904715827,1.943655184888));
#4548 = CARTESIAN_POINT('',(3.699654355807,1.956215127149));
#4549 = CARTESIAN_POINT('',(3.812360782243,1.96877035016));
#4550 = CARTESIAN_POINT('',(3.925055142333,1.981325377476));
#4551 = CARTESIAN_POINT('',(4.03777605293,1.993885045929));
#4552 = CARTESIAN_POINT('',(4.150543598644,2.006451015052));
#4553 = CARTESIAN_POINT('',(4.414019996896,2.035811388386));
#4554 = CARTESIAN_POINT('',(4.565142113637,2.052652037755));
#4555 = CARTESIAN_POINT('',(4.716040235724,2.069465898744));
#4556 = CARTESIAN_POINT('',(4.866818340868,2.086261696407));
#4557 = CARTESIAN_POINT('',(5.017597358997,2.103049477357));
#4558 = CARTESIAN_POINT('',(5.168497566062,2.11985129762));
#4559 = CARTESIAN_POINT('',(5.319622227177,2.136684236095));
#4560 = CARTESIAN_POINT('',(5.57194829547,2.164798376277));
#4561 = CARTESIAN_POINT('',(5.673571288192,2.176123661969));
#4562 = CARTESIAN_POINT('',(5.775178021124,2.187449231739));
#4563 = CARTESIAN_POINT('',(5.876769097393,2.198774280894));
#4564 = CARTESIAN_POINT('',(5.978363562081,2.2100973583));
#4565 = CARTESIAN_POINT('',(6.079980220714,2.221417825033));
#4566 = CARTESIAN_POINT('',(6.181617271389,2.232737130972));
#4567 = CARTESIAN_POINT('',(6.28318530718,2.24404916974));
#4568 = ( GEOMETRIC_REPRESENTATION_CONTEXT(2) 
PARAMETRIC_REPRESENTATION_CONTEXT() REPRESENTATION_CONTEXT('2D SPACE',''
  ) );
#4569 = ORIENTED_EDGE('',*,*,#1668,.F.);
#4570 = ADVANCED_FACE('',(#4571),#900,.F.);
#4571 = FACE_BOUND('',#4572,.F.);
#4572 = EDGE_LOOP('',(#4573,#4574,#4575,#4576,#4577,#4578));
#4573 = ORIENTED_EDGE('',*,*,#1134,.T.);
#4574 = ORIENTED_EDGE('',*,*,#884,.T.);
#4575 = ORIENTED_EDGE('',*,*,#938,.T.);
#4576 = ORIENTED_EDGE('',*,*,#987,.T.);
#4577 = ORIENTED_EDGE('',*,*,#1036,.T.);
#4578 = ORIENTED_EDGE('',*,*,#1085,.T.);
#4579 = ADVANCED_FACE('',(#4580),#1656,.T.);
#4580 = FACE_BOUND('',#4581,.T.);
#4581 = EDGE_LOOP('',(#4582,#4749,#4770,#4771));
#4582 = ORIENTED_EDGE('',*,*,#4583,.T.);
#4583 = EDGE_CURVE('',#1160,#4584,#4586,.T.);
#4584 = VERTEX_POINT('',#4585);
#4585 = CARTESIAN_POINT('',(173.79404626296,-70.5,52.9635));
#4586 = SURFACE_CURVE('',#4587,(#4639,#4694),.PCURVE_S1.);
#4587 = B_SPLINE_CURVE_WITH_KNOTS('',8,(#4588,#4589,#4590,#4591,#4592,
    #4593,#4594,#4595,#4596,#4597,#4598,#4599,#4600,#4601,#4602,#4603,
    #4604,#4605,#4606,#4607,#4608,#4609,#4610,#4611,#4612,#4613,#4614,
    #4615,#4616,#4617,#4618,#4619,#4620,#4621,#4622,#4623,#4624,#4625,
    #4626,#4627,#4628,#4629,#4630,#4631,#4632,#4633,#4634,#4635,#4636,
    #4637,#4638),.UNSPECIFIED.,.F.,.F.,(9,7,7,7,7,7,7,9),(0.,
    9.537913284362E-02,0.216312177594,0.386206389021,0.523857860993,
    0.663530844215,0.84660103619,1.),.UNSPECIFIED.);
#4588 = CARTESIAN_POINT('',(174.49404560335,-70.5,52.9635));
#4589 = CARTESIAN_POINT('',(174.48570122065,-70.35320818084,52.9635));
#4590 = CARTESIAN_POINT('',(174.47735860705,-70.20638552591,
    52.950933080061));
#4591 = CARTESIAN_POINT('',(174.46901645569,-70.06083094448,
    52.925801220329));
#4592 = CARTESIAN_POINT('',(174.46067389723,-69.91780170233,
    52.888253922011));
#4593 = CARTESIAN_POINT('',(174.45233049982,-69.7785134217,
    52.838588207377));
#4594 = CARTESIAN_POINT('',(174.44398626916,-69.64414008134,
    52.777248619756));
#4595 = CARTESIAN_POINT('',(174.43564164844,-69.51581401649,
    52.704827223542));
#4596 = CARTESIAN_POINT('',(174.41671783466,-69.24096918922,
    52.517126012658));
#4597 = CARTESIAN_POINT('',(174.40612981134,-69.09860326347,
    52.395452517812));
#4598 = CARTESIAN_POINT('',(174.39554234095,-68.96977370691,
    52.258525382788));
#4599 = CARTESIAN_POINT('',(174.38495848188,-68.85637380703,
    52.10815040118));
#4600 = CARTESIAN_POINT('',(174.37437815722,-68.75998024079,
    51.946362032308));
#4601 = CARTESIAN_POINT('',(174.36379959501,-68.68186671449,
    51.775388295245));
#4602 = CARTESIAN_POINT('',(174.35322160826,-68.62297737396,
    51.597645761537));
#4603 = CARTESIAN_POINT('',(174.32779549784,-68.52886168531,
    51.160175493093));
#4604 = CARTESIAN_POINT('',(174.31292071073,-68.5127532451,
    50.895844021839));
#4605 = CARTESIAN_POINT('',(174.29805736659,-68.5373314521,
    50.630237270062));
#4606 = CARTESIAN_POINT('',(174.28319800363,-68.60234194381,
    50.370671726082));
#4607 = CARTESIAN_POINT('',(174.26833508109,-68.70613846496,
    50.12405240867));
#4608 = CARTESIAN_POINT('',(174.25346317778,-68.84588388209,
    49.89687708967));
#4609 = CARTESIAN_POINT('',(174.23857922617,-69.01739828802,
    49.695127804975));
#4610 = CARTESIAN_POINT('',(174.21167519628,-69.37469825433,
    49.384808622817));
#4611 = CARTESIAN_POINT('',(174.19962954038,-69.55183786627,
    49.265611506367));
#4612 = CARTESIAN_POINT('',(174.18759014507,-69.74324184846,
    49.168721609588));
#4613 = CARTESIAN_POINT('',(174.17555512731,-69.94559987718,
    49.09605054566));
#4614 = CARTESIAN_POINT('',(174.16351972806,-70.15539384517,
    49.048925419921));
#4615 = CARTESIAN_POINT('',(174.15147955805,-70.36893661897,
    49.028124979544));
#4616 = CARTESIAN_POINT('',(174.13943387872,-70.58238542921,
    49.033812952419));
#4617 = CARTESIAN_POINT('',(174.11517914016,-71.00431735547,
    49.097340105787));
#4618 = CARTESIAN_POINT('',(174.10295279647,-71.21298554802,
    49.155989647476));
#4619 = CARTESIAN_POINT('',(174.09072927391,-71.41368614382,
    49.240746677802));
#4620 = CARTESIAN_POINT('',(174.07850910443,-71.60261701578,
    49.350262447602));
#4621 = CARTESIAN_POINT('',(174.06629005252,-71.7763277045,
    49.482606208955));
#4622 = CARTESIAN_POINT('',(174.05406908675,-71.93171213209,
    49.635338046462));
#4623 = CARTESIAN_POINT('',(174.04184493332,-72.06606276744,
    49.805479614576));
#4624 = CARTESIAN_POINT('',(174.01361962508,-72.32304556668,
    50.230529445627));
#4625 = CARTESIAN_POINT('',(173.99757971846,-72.42948059938,
    50.49603362043));
#4626 = CARTESIAN_POINT('',(173.98155764222,-72.49127753784,
    50.777748592819));
#4627 = CARTESIAN_POINT('',(173.96554271687,-72.50603357351,
    51.06682388905));
#4628 = CARTESIAN_POINT('',(173.94952098814,-72.47307425438,
    51.354391776338));
#4629 = CARTESIAN_POINT('',(173.93348689044,-72.39363353639,
    51.631646106473));
#4630 = CARTESIAN_POINT('',(173.91743715636,-72.2706665924,
    51.889907676045));
#4631 = CARTESIAN_POINT('',(173.88800206954,-71.97534045483,
    52.315255969449));
#4632 = CARTESIAN_POINT('',(173.87457484545,-71.81389708912,
    52.490795210378));
#4633 = CARTESIAN_POINT('',(173.8611573805,-71.62873475306,
    52.64336523631));
#4634 = CARTESIAN_POINT('',(173.84774731833,-71.42375563812,
    52.769338949849));
#4635 = CARTESIAN_POINT('',(173.83433189672,-71.20335858474,
    52.865904774734));
#4636 = CARTESIAN_POINT('',(173.82090211482,-70.97236694711,
    52.931012131931));
#4637 = CARTESIAN_POINT('',(173.80746488907,-70.7360398896,52.9635));
#4638 = CARTESIAN_POINT('',(173.79404626296,-70.5,52.9635));
#4639 = PCURVE('',#1656,#4640);
#4640 = DEFINITIONAL_REPRESENTATION('',(#4641),#4693);
#4641 = B_SPLINE_CURVE_WITH_KNOTS('',8,(#4642,#4643,#4644,#4645,#4646,
    #4647,#4648,#4649,#4650,#4651,#4652,#4653,#4654,#4655,#4656,#4657,
    #4658,#4659,#4660,#4661,#4662,#4663,#4664,#4665,#4666,#4667,#4668,
    #4669,#4670,#4671,#4672,#4673,#4674,#4675,#4676,#4677,#4678,#4679,
    #4680,#4681,#4682,#4683,#4684,#4685,#4686,#4687,#4688,#4689,#4690,
    #4691,#4692),.UNSPECIFIED.,.F.,.F.,(9,7,7,7,7,7,7,9),(0.,
    9.537913284362E-02,0.216312177594,0.386206389021,0.523857860993,
    0.663530844215,0.84660103619,1.),.UNSPECIFIED.);
#4642 = CARTESIAN_POINT('',(0.,1.255954446646));
#4643 = CARTESIAN_POINT('',(7.489378528508E-02,1.264298829346));
#4644 = CARTESIAN_POINT('',(0.149791206319,1.272641442946));
#4645 = CARTESIAN_POINT('',(0.224693671485,1.280983594306));
#4646 = CARTESIAN_POINT('',(0.299600447566,1.28932615277));
#4647 = CARTESIAN_POINT('',(0.374508659749,1.297669550172));
#4648 = CARTESIAN_POINT('',(0.44941329162,1.306013780832));
#4649 = CARTESIAN_POINT('',(0.52430718517,1.314358401557));
#4650 = CARTESIAN_POINT('',(0.694115048491,1.333282215337));
#4651 = CARTESIAN_POINT('',(0.789107513748,1.343870238658));
#4652 = CARTESIAN_POINT('',(0.884089582501,1.354457709051));
#4653 = CARTESIAN_POINT('',(0.979054228044,1.36504156812));
#4654 = CARTESIAN_POINT('',(1.07401275114,1.375621892774));
#4655 = CARTESIAN_POINT('',(1.168979014587,1.386200454984));
#4656 = CARTESIAN_POINT('',(1.263954839871,1.396778441732));
#4657 = CARTESIAN_POINT('',(1.492260761777,1.422204552155));
#4658 = CARTESIAN_POINT('',(1.625835866383,1.437079339269));
#4659 = CARTESIAN_POINT('',(1.759295895431,1.451942683402));
#4660 = CARTESIAN_POINT('',(1.892677087782,1.466802046367));
#4661 = CARTESIAN_POINT('',(2.026053884724,1.481664968901));
#4662 = CARTESIAN_POINT('',(2.159502407159,1.49653687222));
#4663 = CARTESIAN_POINT('',(2.29306666572,1.511420823824));
#4664 = CARTESIAN_POINT('',(2.534518428509,1.538324853718));
#4665 = CARTESIAN_POINT('',(2.642631158514,1.550370509618));
#4666 = CARTESIAN_POINT('',(2.750698790399,1.56240990493));
#4667 = CARTESIAN_POINT('',(2.858736074647,1.574444922682));
#4668 = CARTESIAN_POINT('',(2.966777936265,1.586480321933));
#4669 = CARTESIAN_POINT('',(3.074856533893,1.598520491944));
#4670 = CARTESIAN_POINT('',(3.182977318103,1.610566171276));
#4671 = CARTESIAN_POINT('',(3.400675038303,1.634820909834));
#4672 = CARTESIAN_POINT('',(3.510406982761,1.647047253526));
#4673 = CARTESIAN_POINT('',(3.620110587338,1.659270776083));
#4674 = CARTESIAN_POINT('',(3.729787432845,1.671490945561));
#4675 = CARTESIAN_POINT('',(3.839466046621,1.683709997477));
#4676 = CARTESIAN_POINT('',(3.949177284783,1.695930963243));
#4677 = CARTESIAN_POINT('',(4.058927340842,1.708155116679));
#4678 = CARTESIAN_POINT('',(4.312343976335,1.736380424911));
#4679 = CARTESIAN_POINT('',(4.456360427698,1.752420331538));
#4680 = CARTESIAN_POINT('',(4.600203396802,1.768442407776));
#4681 = CARTESIAN_POINT('',(4.743945178506,1.784457333128));
#4682 = CARTESIAN_POINT('',(4.887686468158,1.800479061859));
#4683 = CARTESIAN_POINT('',(5.031528352132,1.816513159559));
#4684 = CARTESIAN_POINT('',(5.17554390824,1.832562893639));
#4685 = CARTESIAN_POINT('',(5.439738350283,1.861997980451));
#4686 = CARTESIAN_POINT('',(5.560282556654,1.875425204544));
#4687 = CARTESIAN_POINT('',(5.680764877716,1.888842669498));
#4688 = CARTESIAN_POINT('',(5.801209801141,1.902252731669));
#4689 = CARTESIAN_POINT('',(5.921667262863,1.915668153274));
#4690 = CARTESIAN_POINT('',(6.042181715524,1.929097935175));
#4691 = CARTESIAN_POINT('',(6.162756792074,1.942535160928));
#4692 = CARTESIAN_POINT('',(6.28318530718,1.955953787032));
#4693 = ( GEOMETRIC_REPRESENTATION_CONTEXT(2) 
PARAMETRIC_REPRESENTATION_CONTEXT() REPRESENTATION_CONTEXT('2D SPACE',''
  ) );
#4694 = PCURVE('',#1285,#4695);
#4695 = DEFINITIONAL_REPRESENTATION('',(#4696),#4748);
#4696 = B_SPLINE_CURVE_WITH_KNOTS('',8,(#4697,#4698,#4699,#4700,#4701,
    #4702,#4703,#4704,#4705,#4706,#4707,#4708,#4709,#4710,#4711,#4712,
    #4713,#4714,#4715,#4716,#4717,#4718,#4719,#4720,#4721,#4722,#4723,
    #4724,#4725,#4726,#4727,#4728,#4729,#4730,#4731,#4732,#4733,#4734,
    #4735,#4736,#4737,#4738,#4739,#4740,#4741,#4742,#4743,#4744,#4745,
    #4746,#4747),.UNSPECIFIED.,.F.,.F.,(9,7,7,7,7,7,7,9),(0.,
    9.537913284362E-02,0.216312177594,0.386206389021,0.523857860993,
    0.663530844215,0.84660103619,1.),.UNSPECIFIED.);
#4697 = CARTESIAN_POINT('',(0.440514151059,6.322059580146));
#4698 = CARTESIAN_POINT('',(0.440516370511,6.39741303053));
#4699 = CARTESIAN_POINT('',(0.440514106902,6.472769493689));
#4700 = CARTESIAN_POINT('',(0.44050953459,6.548131406302));
#4701 = CARTESIAN_POINT('',(0.440504486275,6.623498778064));
#4702 = CARTESIAN_POINT('',(0.440500453003,6.698869191683));
#4703 = CARTESIAN_POINT('',(0.440498584159,6.77423780288));
#4704 = CARTESIAN_POINT('',(0.440499687471,6.849597340394));
#4705 = CARTESIAN_POINT('',(0.440509987315,7.020464117837));
#4706 = CARTESIAN_POINT('',(0.44051950135,7.116049639214));
#4707 = CARTESIAN_POINT('',(0.440530681997,7.211623215211));
#4708 = CARTESIAN_POINT('',(0.440538960367,7.307176506225));
#4709 = CARTESIAN_POINT('',(0.440541639722,7.402721569117));
#4710 = CARTESIAN_POINT('',(0.4405388651,7.498273770275));
#4711 = CARTESIAN_POINT('',(0.440532567432,7.593835656437));
#4712 = CARTESIAN_POINT('',(0.440513741098,7.823551546515));
#4713 = CARTESIAN_POINT('',(0.440499756272,7.957952503287));
#4714 = CARTESIAN_POINT('',(0.440488195273,8.09223982486));
#4715 = CARTESIAN_POINT('',(0.440486671703,8.226448742545));
#4716 = CARTESIAN_POINT('',(0.440494202677,8.360651529121));
#4717 = CARTESIAN_POINT('',(0.440504522162,8.494923635005));
#4718 = CARTESIAN_POINT('',(0.440513298642,8.629311077169));
#4719 = CARTESIAN_POINT('',(0.440523707649,8.872251075664));
#4720 = CARTESIAN_POINT('',(0.440526378,8.981030246809));
#4721 = CARTESIAN_POINT('',(0.440526226266,9.089764813046));
#4722 = CARTESIAN_POINT('',(0.440523562977,9.19847047298));
#4723 = CARTESIAN_POINT('',(0.440520182659,9.307182627963));
#4724 = CARTESIAN_POINT('',(0.440517929432,9.415933125296));
#4725 = CARTESIAN_POINT('',(0.440517313283,9.524726472223));
#4726 = CARTESIAN_POINT('',(0.440518700807,9.743777663867));
#4727 = CARTESIAN_POINT('',(0.440520740045,9.854191463208));
#4728 = CARTESIAN_POINT('',(0.440523770339,9.964575585415));
#4729 = CARTESIAN_POINT('',(0.440526449501,10.074930885397));
#4730 = CARTESIAN_POINT('',(0.440526739701,10.185286153804));
#4731 = CARTESIAN_POINT('',(0.44052357494,10.295673271998));
#4732 = CARTESIAN_POINT('',(0.440517962432,10.406099499527));
#4733 = CARTESIAN_POINT('',(0.44050321795,10.661078818789));
#4734 = CARTESIAN_POINT('',(0.440493496277,10.805984384413));
#4735 = CARTESIAN_POINT('',(0.440486439457,10.950717677995));
#4736 = CARTESIAN_POINT('',(0.440487580912,11.095351820108));
#4737 = CARTESIAN_POINT('',(0.440503516183,11.239985016001));
#4738 = CARTESIAN_POINT('',(0.440523000839,11.384715012927));
#4739 = CARTESIAN_POINT('',(0.440534823571,11.529618598881));
#4740 = CARTESIAN_POINT('',(0.440538891946,11.795444918704));
#4741 = CARTESIAN_POINT('',(0.440533756076,11.916734774364));
#4742 = CARTESIAN_POINT('',(0.44052181185,12.037965157523));
#4743 = CARTESIAN_POINT('',(0.440501930448,12.159162069444));
#4744 = CARTESIAN_POINT('',(0.440489431501,12.280376052675));
#4745 = CARTESIAN_POINT('',(0.440494961369,12.401643478321));
#4746 = CARTESIAN_POINT('',(0.440505922398,12.522955293871));
#4747 = CARTESIAN_POINT('',(0.440511885446,12.644120949807));
#4748 = ( GEOMETRIC_REPRESENTATION_CONTEXT(2) 
PARAMETRIC_REPRESENTATION_CONTEXT() REPRESENTATION_CONTEXT('2D SPACE',''
  ) );
#4749 = ORIENTED_EDGE('',*,*,#4750,.T.);
#4750 = EDGE_CURVE('',#4584,#4213,#4751,.T.);
#4751 = SURFACE_CURVE('',#4752,(#4756,#4763),.PCURVE_S1.);
#4752 = LINE('',#4753,#4754);
#4753 = CARTESIAN_POINT('',(175.75000005,-70.5,52.9635));
#4754 = VECTOR('',#4755,1.);
#4755 = DIRECTION('',(-1.,0.,1.110223024625E-16));
#4756 = PCURVE('',#1656,#4757);
#4757 = DEFINITIONAL_REPRESENTATION('',(#4758),#4762);
#4758 = LINE('',#4759,#4760);
#4759 = CARTESIAN_POINT('',(6.28318530718,-0.));
#4760 = VECTOR('',#4761,1.);
#4761 = DIRECTION('',(0.,1.));
#4762 = ( GEOMETRIC_REPRESENTATION_CONTEXT(2) 
PARAMETRIC_REPRESENTATION_CONTEXT() REPRESENTATION_CONTEXT('2D SPACE',''
  ) );
#4763 = PCURVE('',#4338,#4764);
#4764 = DEFINITIONAL_REPRESENTATION('',(#4765),#4769);
#4765 = LINE('',#4766,#4767);
#4766 = CARTESIAN_POINT('',(0.,-0.));
#4767 = VECTOR('',#4768,1.);
#4768 = DIRECTION('',(0.,1.));
#4769 = ( GEOMETRIC_REPRESENTATION_CONTEXT(2) 
PARAMETRIC_REPRESENTATION_CONTEXT() REPRESENTATION_CONTEXT('2D SPACE',''
  ) );
#4770 = ORIENTED_EDGE('',*,*,#4405,.F.);
#4771 = ORIENTED_EDGE('',*,*,#1640,.F.);
#4772 = ADVANCED_FACE('',(#4773),#1285,.F.);
#4773 = FACE_BOUND('',#4774,.F.);
#4774 = EDGE_LOOP('',(#4775,#4776,#4777,#4778,#4779,#4943,#5131,#5295,
    #5462,#5629,#5793,#5957,#6145,#6312,#6476,#6664,#6852,#7040,#7204,
    #7242));
#4775 = ORIENTED_EDGE('',*,*,#1883,.F.);
#4776 = ORIENTED_EDGE('',*,*,#1859,.T.);
#4777 = ORIENTED_EDGE('',*,*,#1159,.T.);
#4778 = ORIENTED_EDGE('',*,*,#4583,.T.);
#4779 = ORIENTED_EDGE('',*,*,#4780,.T.);
#4780 = EDGE_CURVE('',#4584,#4781,#4783,.T.);
#4781 = VERTEX_POINT('',#4782);
#4782 = CARTESIAN_POINT('',(173.09404730729,-70.5,52.9635));
#4783 = SURFACE_CURVE('',#4784,(#4835,#4889),.PCURVE_S1.);
#4784 = B_SPLINE_CURVE_WITH_KNOTS('',7,(#4785,#4786,#4787,#4788,#4789,
    #4790,#4791,#4792,#4793,#4794,#4795,#4796,#4797,#4798,#4799,#4800,
    #4801,#4802,#4803,#4804,#4805,#4806,#4807,#4808,#4809,#4810,#4811,
    #4812,#4813,#4814,#4815,#4816,#4817,#4818,#4819,#4820,#4821,#4822,
    #4823,#4824,#4825,#4826,#4827,#4828,#4829,#4830,#4831,#4832,#4833,
    #4834),.UNSPECIFIED.,.F.,.F.,(8,6,6,6,6,6,6,6,8),(0.,
    8.414971160602E-02,0.220319813567,0.357554306352,0.468854561092,
    0.618053445459,0.749017833976,0.871235063283,1.),.UNSPECIFIED.);
#4785 = CARTESIAN_POINT('',(173.79404626296,-70.5,52.9635));
#4786 = CARTESIAN_POINT('',(173.78563369235,-70.35201896063,52.9635));
#4787 = CARTESIAN_POINT('',(173.77722023699,-70.20398614855,
    52.950456581477));
#4788 = CARTESIAN_POINT('',(173.76880777033,-70.05734581652,
    52.924378437315));
#4789 = CARTESIAN_POINT('',(173.76039696051,-69.91348287426,
    52.8854483038));
#4790 = CARTESIAN_POINT('',(173.75198727041,-69.77372288844,
    52.834022960625));
#4791 = CARTESIAN_POINT('',(173.74357695757,-69.63933208271,
    52.770633230886));
#4792 = CARTESIAN_POINT('',(173.72154782439,-69.30468897738,
    52.575187417873));
#4793 = CARTESIAN_POINT('',(173.7079187507,-69.11493433058,
    52.42481404075));
#4794 = CARTESIAN_POINT('',(173.69429193077,-68.9476119337,
    52.247906307681));
#4795 = CARTESIAN_POINT('',(173.68067191029,-68.80698109735,
    52.048558959544));
#4796 = CARTESIAN_POINT('',(173.66705360111,-68.69644151322,
    51.831583135508));
#4797 = CARTESIAN_POINT('',(173.65343280258,-68.61843575773,
    51.602386087174));
#4798 = CARTESIAN_POINT('',(173.62611152535,-68.52924640357,
    51.129907490391));
#4799 = CARTESIAN_POINT('',(173.61238622045,-68.51850623262,
    50.886091880261));
#4800 = CARTESIAN_POINT('',(173.5986686244,-68.54308520672,
    50.641842179655));
#4801 = CARTESIAN_POINT('',(173.58495106588,-68.60263268537,
    50.40327419942));
#4802 = CARTESIAN_POINT('',(173.571229243,-68.69568234744,
    50.176173093881));
#4803 = CARTESIAN_POINT('',(173.55749880977,-68.81966348108,
    49.966042495131));
#4804 = CARTESIAN_POINT('',(173.53264846831,-69.09301723489,
    49.624981542058));
#4805 = CARTESIAN_POINT('',(173.52151875852,-69.23329167033,
    49.486454145068));
#4806 = CARTESIAN_POINT('',(173.51038891066,-69.38931090533,
    49.36472974842));
#4807 = CARTESIAN_POINT('',(173.49925970167,-69.5586663752,
    49.261925220526));
#4808 = CARTESIAN_POINT('',(173.48813173598,-69.73865574206,
    49.179679771161));
#4809 = CARTESIAN_POINT('',(173.47700544553,-69.92628289487,
    49.119154951463));
#4810 = CARTESIAN_POINT('',(173.45096880156,-70.37560205015,
    49.029934089279));
#4811 = CARTESIAN_POINT('',(173.43604287803,-70.64116297312,
    49.018977445793));
#4812 = CARTESIAN_POINT('',(173.42112953716,-70.90696300259,
    49.049879645233));
#4813 = CARTESIAN_POINT('',(173.40621808428,-71.16517118713,
    49.122068195979));
#4814 = CARTESIAN_POINT('',(173.39130308873,-71.40844364736,
    49.233482153238));
#4815 = CARTESIAN_POINT('',(173.37637630039,-71.62981118158,
    49.380548562964));
#4816 = CARTESIAN_POINT('',(173.3483723422,-71.99325016353,
    49.713209686677));
#4817 = CARTESIAN_POINT('',(173.33527333599,-72.1419497774,
    49.892121248017));
#4818 = CARTESIAN_POINT('',(173.3221810354,-72.26537756964,
    50.09081655383));
#4819 = CARTESIAN_POINT('',(173.30909114438,-72.36052735589,
    50.304933502299));
#4820 = CARTESIAN_POINT('',(173.2959977711,-72.42528712438,
    50.529722630095));
#4821 = CARTESIAN_POINT('',(173.28289533773,-72.45841678284,
    50.760037776559));
#4822 = CARTESIAN_POINT('',(173.25757884625,-72.46139286915,
    51.205380550335));
#4823 = CARTESIAN_POINT('',(173.24534865338,-72.43532018731,
    51.420669891377));
#4824 = CARTESIAN_POINT('',(173.2331197296,-72.38165184595,
    51.63186258755));
#4825 = CARTESIAN_POINT('',(173.22089049364,-72.30124641679,
    51.834750998731));
#4826 = CARTESIAN_POINT('',(173.20866099319,-72.19565832306,
    52.025395547952));
#4827 = CARTESIAN_POINT('',(173.19643019374,-72.06713690233,
    52.200127356123));
#4828 = CARTESIAN_POINT('',(173.17133380667,-71.76248373537,
    52.519764044411));
#4829 = CARTESIAN_POINT('',(173.15845231049,-71.58396328526,
    52.662786471207));
#4830 = CARTESIAN_POINT('',(173.14557730557,-71.38674272105,
    52.781046198181));
#4831 = CARTESIAN_POINT('',(173.13270333151,-71.17500674607,
    52.871752222657));
#4832 = CARTESIAN_POINT('',(173.11981964161,-70.95330536172,
    52.932946570461));
#4833 = CARTESIAN_POINT('',(173.1069275999,-70.7265589784,52.9635));
#4834 = CARTESIAN_POINT('',(173.09404730729,-70.5,52.9635));
#4835 = PCURVE('',#1285,#4836);
#4836 = DEFINITIONAL_REPRESENTATION('',(#4837),#4888);
#4837 = B_SPLINE_CURVE_WITH_KNOTS('',7,(#4838,#4839,#4840,#4841,#4842,
    #4843,#4844,#4845,#4846,#4847,#4848,#4849,#4850,#4851,#4852,#4853,
    #4854,#4855,#4856,#4857,#4858,#4859,#4860,#4861,#4862,#4863,#4864,
    #4865,#4866,#4867,#4868,#4869,#4870,#4871,#4872,#4873,#4874,#4875,
    #4876,#4877,#4878,#4879,#4880,#4881,#4882,#4883,#4884,#4885,#4886,
    #4887),.UNSPECIFIED.,.F.,.F.,(8,6,6,6,6,6,6,6,8),(0.,
    8.414971160602E-02,0.220319813567,0.357554306352,0.468854561092,
    0.618053445459,0.749017833976,0.871235063283,1.),.UNSPECIFIED.);
#4838 = CARTESIAN_POINT('',(0.440511885446,12.644120949807));
#4839 = CARTESIAN_POINT('',(0.440515623874,12.720083617517));
#4840 = CARTESIAN_POINT('',(0.440516427063,12.796067135174));
#4841 = CARTESIAN_POINT('',(0.440514131061,12.872054744139));
#4842 = CARTESIAN_POINT('',(0.440509407515,12.94803728107));
#4843 = CARTESIAN_POINT('',(0.440503763676,13.02401317792));
#4844 = CARTESIAN_POINT('',(0.440499542396,13.099988461935));
#4845 = CARTESIAN_POINT('',(0.440500536607,13.298940144441));
#4846 = CARTESIAN_POINT('',(0.440509304076,13.421993939044));
#4847 = CARTESIAN_POINT('',(0.44052743846,13.544988001051));
#4848 = CARTESIAN_POINT('',(0.44054098585,13.667940171804));
#4849 = CARTESIAN_POINT('',(0.440542614525,13.790927290104));
#4850 = CARTESIAN_POINT('',(0.440536627623,13.913969077868));
#4851 = CARTESIAN_POINT('',(0.440517695627,14.160801653017));
#4852 = CARTESIAN_POINT('',(0.440504745471,14.284816680466));
#4853 = CARTESIAN_POINT('',(0.440492815347,14.408757736425));
#4854 = CARTESIAN_POINT('',(0.440488650844,14.532665606927));
#4855 = CARTESIAN_POINT('',(0.44049191719,14.656580572713));
#4856 = CARTESIAN_POINT('',(0.440498707827,14.780558400423));
#4857 = CARTESIAN_POINT('',(0.440512023609,15.004938197156));
#4858 = CARTESIAN_POINT('',(0.440518362974,15.105429474062));
#4859 = CARTESIAN_POINT('',(0.440523280789,15.205928009212));
#4860 = CARTESIAN_POINT('',(0.440525822932,15.306430822005));
#4861 = CARTESIAN_POINT('',(0.440525878913,15.406932923628));
#4862 = CARTESIAN_POINT('',(0.440524181884,15.507427317063));
#4863 = CARTESIAN_POINT('',(0.440519797526,15.742596133207));
#4864 = CARTESIAN_POINT('',(0.440516665364,15.877413067223));
#4865 = CARTESIAN_POINT('',(0.440515278973,16.012109006639));
#4866 = CARTESIAN_POINT('',(0.440518528343,16.14676831678));
#4867 = CARTESIAN_POINT('',(0.440523290513,16.281453207993));
#4868 = CARTESIAN_POINT('',(0.440525463198,16.416255503711));
#4869 = CARTESIAN_POINT('',(0.440523103261,16.669183496572));
#4870 = CARTESIAN_POINT('',(0.440519336558,16.787503182303));
#4871 = CARTESIAN_POINT('',(0.440512300725,16.905776088237));
#4872 = CARTESIAN_POINT('',(0.440502731998,17.024037916402));
#4873 = CARTESIAN_POINT('',(0.440495007163,17.142323417267));
#4874 = CARTESIAN_POINT('',(0.440492261377,17.260669747956));
#4875 = CARTESIAN_POINT('',(0.440496524086,17.489297921023));
#4876 = CARTESIAN_POINT('',(0.440502911436,17.599728102933));
#4877 = CARTESIAN_POINT('',(0.44051360006,17.710128697692));
#4878 = CARTESIAN_POINT('',(0.440526693244,17.820521992983));
#4879 = CARTESIAN_POINT('',(0.440536383408,17.930932063987));
#4880 = CARTESIAN_POINT('',(0.440539352748,18.041382225017));
#4881 = CARTESIAN_POINT('',(0.440533568549,18.268065036193));
#4882 = CARTESIAN_POINT('',(0.44052408163,18.384444455359));
#4883 = CARTESIAN_POINT('',(0.440509667468,18.500785952845));
#4884 = CARTESIAN_POINT('',(0.44049380622,18.617124115062));
#4885 = CARTESIAN_POINT('',(0.440493467464,18.733484350937));
#4886 = CARTESIAN_POINT('',(0.440501840121,18.849883234411));
#4887 = CARTESIAN_POINT('',(0.440508764858,18.966182608856));
#4888 = ( GEOMETRIC_REPRESENTATION_CONTEXT(2) 
PARAMETRIC_REPRESENTATION_CONTEXT() REPRESENTATION_CONTEXT('2D SPACE',''
  ) );
#4889 = PCURVE('',#4338,#4890);
#4890 = DEFINITIONAL_REPRESENTATION('',(#4891),#4942);
#4891 = B_SPLINE_CURVE_WITH_KNOTS('',7,(#4892,#4893,#4894,#4895,#4896,
    #4897,#4898,#4899,#4900,#4901,#4902,#4903,#4904,#4905,#4906,#4907,
    #4908,#4909,#4910,#4911,#4912,#4913,#4914,#4915,#4916,#4917,#4918,
    #4919,#4920,#4921,#4922,#4923,#4924,#4925,#4926,#4927,#4928,#4929,
    #4930,#4931,#4932,#4933,#4934,#4935,#4936,#4937,#4938,#4939,#4940,
    #4941),.UNSPECIFIED.,.F.,.F.,(8,6,6,6,6,6,6,6,8),(0.,
    8.414971160602E-02,0.220319813567,0.357554306352,0.468854561092,
    0.618053445459,0.749017833976,0.871235063283,1.),.UNSPECIFIED.);
#4892 = CARTESIAN_POINT('',(0.,1.955953787032));
#4893 = CARTESIAN_POINT('',(7.550053028718E-02,1.964366357641));
#4894 = CARTESIAN_POINT('',(0.151019614659,1.972779813005));
#4895 = CARTESIAN_POINT('',(0.226542686457,1.98119227967));
#4896 = CARTESIAN_POINT('',(0.302061462674,1.989603089481));
#4897 = CARTESIAN_POINT('',(0.377573943954,1.998012779584));
#4898 = CARTESIAN_POINT('',(0.453084414594,2.006423092423));
#4899 = CARTESIAN_POINT('',(0.650807470805,2.028452225606));
#4900 = CARTESIAN_POINT('',(0.773096193276,2.042081299292));
#4901 = CARTESIAN_POINT('',(0.895326635981,2.055708119224));
#4902 = CARTESIAN_POINT('',(1.017520867204,2.069328139706));
#4903 = CARTESIAN_POINT('',(1.139754070265,2.082946448883));
#4904 = CARTESIAN_POINT('',(1.262041264093,2.096567247412));
#4905 = CARTESIAN_POINT('',(1.507359125471,2.123888524647));
#4906 = CARTESIAN_POINT('',(1.630612481342,2.137613829543));
#4907 = CARTESIAN_POINT('',(1.753790545799,2.151331425598));
#4908 = CARTESIAN_POINT('',(1.876934344743,2.165048984115));
#4909 = CARTESIAN_POINT('',(2.000086478903,2.178770806991));
#4910 = CARTESIAN_POINT('',(2.123302680807,2.192501240225));
#4911 = CARTESIAN_POINT('',(2.346306137178,2.217351581681));
#4912 = CARTESIAN_POINT('',(2.446181951212,2.228481291477));
#4913 = CARTESIAN_POINT('',(2.546065195889,2.239611139335));
#4914 = CARTESIAN_POINT('',(2.645952313243,2.250740348324));
#4915 = CARTESIAN_POINT('',(2.745837885097,2.261868314013));
#4916 = CARTESIAN_POINT('',(2.845714633059,2.272994604469));
#4917 = CARTESIAN_POINT('',(3.07943492154,2.299031248432));
#4918 = CARTESIAN_POINT('',(3.213419317397,2.313957171969));
#4919 = CARTESIAN_POINT('',(3.347281696384,2.328870512831));
#4920 = CARTESIAN_POINT('',(3.481107825984,2.343781965715));
#4921 = CARTESIAN_POINT('',(3.61496233462,2.358696961266));
#4922 = CARTESIAN_POINT('',(3.748936177844,2.373623749604));
#4923 = CARTESIAN_POINT('',(4.00031270723,2.401627707791));
#4924 = CARTESIAN_POINT('',(4.117907824834,2.414726714006));
#4925 = CARTESIAN_POINT('',(4.235456920911,2.427819014594));
#4926 = CARTESIAN_POINT('',(4.352994088685,2.440908905611));
#4927 = CARTESIAN_POINT('',(4.470552824799,2.454002278893));
#4928 = CARTESIAN_POINT('',(4.588170886144,2.467104712261));
#4929 = CARTESIAN_POINT('',(4.815391660528,2.492421203743));
#4930 = CARTESIAN_POINT('',(4.925141837935,2.504651396616));
#4931 = CARTESIAN_POINT('',(5.034863113646,2.516880320391));
#4932 = CARTESIAN_POINT('',(5.144578578139,2.529109556355));
#4933 = CARTESIAN_POINT('',(5.254312169911,2.541339056806));
#4934 = CARTESIAN_POINT('',(5.364084985145,2.553569856251));
#4935 = CARTESIAN_POINT('',(5.589374125936,2.578666243324));
#4936 = CARTESIAN_POINT('',(5.705036125306,2.591547739504));
#4937 = CARTESIAN_POINT('',(5.820657181667,2.604422744423));
#4938 = CARTESIAN_POINT('',(5.936271401448,2.61729671849));
#4939 = CARTESIAN_POINT('',(6.051907053982,2.630180408387));
#4940 = CARTESIAN_POINT('',(6.167593991665,2.643072450096));
#4941 = CARTESIAN_POINT('',(6.28318530718,2.655952742708));
#4942 = ( GEOMETRIC_REPRESENTATION_CONTEXT(2) 
PARAMETRIC_REPRESENTATION_CONTEXT() REPRESENTATION_CONTEXT('2D SPACE',''
  ) );
#4943 = ORIENTED_EDGE('',*,*,#4944,.T.);
#4944 = EDGE_CURVE('',#4781,#4945,#4947,.T.);
#4945 = VERTEX_POINT('',#4946);
#4946 = CARTESIAN_POINT('',(172.39404855702,-70.5,52.9635));
#4947 = SURFACE_CURVE('',#4948,(#5007,#5069),.PCURVE_S1.);
#4948 = B_SPLINE_CURVE_WITH_KNOTS('',8,(#4949,#4950,#4951,#4952,#4953,
    #4954,#4955,#4956,#4957,#4958,#4959,#4960,#4961,#4962,#4963,#4964,
    #4965,#4966,#4967,#4968,#4969,#4970,#4971,#4972,#4973,#4974,#4975,
    #4976,#4977,#4978,#4979,#4980,#4981,#4982,#4983,#4984,#4985,#4986,
    #4987,#4988,#4989,#4990,#4991,#4992,#4993,#4994,#4995,#4996,#4997,
    #4998,#4999,#5000,#5001,#5002,#5003,#5004,#5005,#5006),
  .UNSPECIFIED.,.F.,.F.,(9,7,7,7,7,7,7,7,9),(0.,9.900180198586E-02,
    0.172557756794,0.334354567888,0.430033599717,0.548589634929,
    0.67705538066,0.825300301441,1.),.UNSPECIFIED.);
#4949 = CARTESIAN_POINT('',(173.09404730729,-70.5,52.9635));
#4950 = CARTESIAN_POINT('',(173.08538901662,-70.347704276,52.9635));
#4951 = CARTESIAN_POINT('',(173.07672997072,-70.19535379322,
    52.949963866278));
#4952 = CARTESIAN_POINT('',(173.06807171128,-70.04442188597,
    52.922905464071));
#4953 = CARTESIAN_POINT('',(173.0594149618,-69.89632222944,
    52.882502626172));
#4954 = CARTESIAN_POINT('',(173.05075962767,-69.75240883974,
    52.829097152925));
#4955 = CARTESIAN_POINT('',(173.0421047961,-69.61397607391,
    52.763194812225));
#4956 = CARTESIAN_POINT('',(173.03344873615,-69.48225862984,
    52.685465339525));
#4957 = CARTESIAN_POINT('',(173.01835484808,-69.26643100524,
    52.530823458403));
#4958 = CARTESIAN_POINT('',(173.0119199369,-69.17878152023,
    52.458833668558));
#4959 = CARTESIAN_POINT('',(173.00548403236,-69.09594712894,
    52.381105781904));
#4960 = CARTESIAN_POINT('',(172.99904715384,-69.01835979107,
    52.298013170007));
#4961 = CARTESIAN_POINT('',(172.99260945319,-68.94641910017,
    52.209967929344));
#4962 = CARTESIAN_POINT('',(172.98617130482,-68.88048962808,
    52.117420569129));
#4963 = CARTESIAN_POINT('',(172.97973350588,-68.82089590204,
    52.020861319998));
#4964 = CARTESIAN_POINT('',(172.95914086303,-68.65137599763,
    51.700774653867));
#4965 = CARTESIAN_POINT('',(172.94497278153,-68.56666592083,
    51.463575225892));
#4966 = CARTESIAN_POINT('',(172.93081928871,-68.51695872323,
    51.214957390359));
#4967 = CARTESIAN_POINT('',(172.9166745278,-68.50385003788,
    50.960993413048));
#4968 = CARTESIAN_POINT('',(172.90252744306,-68.52774976639,
    50.70779747167));
#4969 = CARTESIAN_POINT('',(172.88836896339,-68.58800961007,
    50.46147582712));
#4970 = CARTESIAN_POINT('',(172.87419786148,-68.68277852426,
    50.228065173832));
#4971 = CARTESIAN_POINT('',(172.85167309333,-68.8829715894,
    49.886137931147));
#4972 = CARTESIAN_POINT('',(172.84330125249,-68.96829714428,
    49.765434151644));
#4973 = CARTESIAN_POINT('',(172.83492864244,-69.06388325574,
    49.652221908769));
#4974 = CARTESIAN_POINT('',(172.82655589027,-69.16895503562,
    49.54752125109));
#4975 = CARTESIAN_POINT('',(172.81818347059,-69.28263517874,
    49.452238462417));
#4976 = CARTESIAN_POINT('',(172.80981170552,-69.4039439629,
    49.367166061793));
#4977 = CARTESIAN_POINT('',(172.80144076473,-69.53179924884,
    49.292982803501));
#4978 = CARTESIAN_POINT('',(172.78269926246,-69.83008615627,
    49.152525920199));
#4979 = CARTESIAN_POINT('',(172.77232636139,-70.00346251956,
    49.092342487225));
#4980 = CARTESIAN_POINT('',(172.76195583036,-70.18289978328,
    49.050774394214));
#4981 = CARTESIAN_POINT('',(172.75158695863,-70.36606981133,
    49.02849460425));
#4982 = CARTESIAN_POINT('',(172.74121711938,-70.55058423052,
    49.0258363713));
#4983 = CARTESIAN_POINT('',(172.73084438629,-70.73401919918,
    49.042805470504));
#4984 = CARTESIAN_POINT('',(172.72047010402,-70.91394283228,
    49.079046314883));
#4985 = CARTESIAN_POINT('',(172.69886603588,-71.27649202876,
    49.193051103387));
#4986 = CARTESIAN_POINT('',(172.68762132694,-71.45835537249,
    49.274116988278));
#4987 = CARTESIAN_POINT('',(172.676378264,-71.63041546957,
    49.376043245517));
#4988 = CARTESIAN_POINT('',(172.66513843547,-71.78987929867,
    49.497377172955));
#4989 = CARTESIAN_POINT('',(172.65390062142,-71.93427082803,
    49.63628111811));
#4990 = CARTESIAN_POINT('',(172.64266257335,-72.06141965513,
    49.790588052248));
#4991 = CARTESIAN_POINT('',(172.63142279501,-72.16949070219,
    49.957797549711));
#4992 = CARTESIAN_POINT('',(172.6072215648,-72.35819274784,
    50.339589577366));
#4993 = CARTESIAN_POINT('',(172.59424325208,-72.43217880481,
    50.557789723663));
#4994 = CARTESIAN_POINT('',(172.58127101359,-72.47672059492,
    50.785158906841));
#4995 = CARTESIAN_POINT('',(172.56830306376,-72.49062681657,
    51.016995822621));
#4996 = CARTESIAN_POINT('',(172.5553334561,-72.47356522662,
    51.248589040718));
#4997 = CARTESIAN_POINT('',(172.54235728613,-72.42596599191,
    51.475255985917));
#4998 = CARTESIAN_POINT('',(172.52937400037,-72.34908810455,
    51.692375868111));
#4999 = CARTESIAN_POINT('',(172.50110674721,-72.1228245983,
    52.135030843815));
#5000 = CARTESIAN_POINT('',(172.48579183268,-71.96267734779,
    52.355683860365));
#5001 = CARTESIAN_POINT('',(172.47049664229,-71.76840884525,
    52.549918982732));
#5002 = CARTESIAN_POINT('',(172.45521577935,-71.54534477604,
    52.711849225969));
#5003 = CARTESIAN_POINT('',(172.43994163085,-71.29962771937,
    52.83677264616));
#5004 = CARTESIAN_POINT('',(172.42464863583,-71.03824016808,
    52.921343623477));
#5005 = CARTESIAN_POINT('',(172.40933522303,-70.76888232245,52.9635));
#5006 = CARTESIAN_POINT('',(172.39404855702,-70.5,52.9635));
#5007 = PCURVE('',#1285,#5008);
#5008 = DEFINITIONAL_REPRESENTATION('',(#5009),#5068);
#5009 = B_SPLINE_CURVE_WITH_KNOTS('',8,(#5010,#5011,#5012,#5013,#5014,
    #5015,#5016,#5017,#5018,#5019,#5020,#5021,#5022,#5023,#5024,#5025,
    #5026,#5027,#5028,#5029,#5030,#5031,#5032,#5033,#5034,#5035,#5036,
    #5037,#5038,#5039,#5040,#5041,#5042,#5043,#5044,#5045,#5046,#5047,
    #5048,#5049,#5050,#5051,#5052,#5053,#5054,#5055,#5056,#5057,#5058,
    #5059,#5060,#5061,#5062,#5063,#5064,#5065,#5066,#5067),
  .UNSPECIFIED.,.F.,.F.,(9,7,7,7,7,7,7,7,9),(0.,9.900180198586E-02,
    0.172557756794,0.334354567888,0.430033599717,0.548589634929,
    0.67705538066,0.825300301441,1.),.UNSPECIFIED.);
#5010 = CARTESIAN_POINT('',(0.440508764858,18.966182608856));
#5011 = CARTESIAN_POINT('',(0.440513419751,19.04436047475));
#5012 = CARTESIAN_POINT('',(0.440516095022,19.122554032829));
#5013 = CARTESIAN_POINT('',(0.440515930331,19.200752556667));
#5014 = CARTESIAN_POINT('',(0.440512894435,19.278949359514));
#5015 = CARTESIAN_POINT('',(0.440507785185,19.357141794293));
#5016 = CARTESIAN_POINT('',(0.440502229533,19.435331253601));
#5017 = CARTESIAN_POINT('',(0.440498683525,19.513523169709));
#5018 = CARTESIAN_POINT('',(0.440501731609,19.649830588057));
#5019 = CARTESIAN_POINT('',(0.440504807641,19.707934435396));
#5020 = CARTESIAN_POINT('',(0.440509538453,19.766040286757));
#5021 = CARTESIAN_POINT('',(0.440515299196,19.824150612464));
#5022 = CARTESIAN_POINT('',(0.440521276063,19.882267478961));
#5023 = CARTESIAN_POINT('',(0.440526701974,19.94039074174));
#5024 = CARTESIAN_POINT('',(0.440531013968,19.998515575226));
#5025 = CARTESIAN_POINT('',(0.440540351695,20.184458850984));
#5026 = CARTESIAN_POINT('',(0.44054009363,20.312419231302));
#5027 = CARTESIAN_POINT('',(0.440529571652,20.440291237143));
#5028 = CARTESIAN_POINT('',(0.440512671817,20.568111292361));
#5029 = CARTESIAN_POINT('',(0.440498171585,20.69594215122));
#5030 = CARTESIAN_POINT('',(0.440491833337,20.823841405351));
#5031 = CARTESIAN_POINT('',(0.440491811866,20.951827941485));
#5032 = CARTESIAN_POINT('',(0.440498500819,21.155232321124));
#5033 = CARTESIAN_POINT('',(0.44050260021,21.230825349591));
#5034 = CARTESIAN_POINT('',(0.440507457171,21.306422121618));
#5035 = CARTESIAN_POINT('',(0.440512369033,21.382019944852));
#5036 = CARTESIAN_POINT('',(0.440516786633,21.457616855235));
#5037 = CARTESIAN_POINT('',(0.440520314321,21.533211617004));
#5038 = CARTESIAN_POINT('',(0.440522709955,21.608803722688));
#5039 = CARTESIAN_POINT('',(0.440525340775,21.77805666977));
#5040 = CARTESIAN_POINT('',(0.440525102564,21.871740644929));
#5041 = CARTESIAN_POINT('',(0.440523253646,21.965410033046));
#5042 = CARTESIAN_POINT('',(0.440520684908,22.059067490468));
#5043 = CARTESIAN_POINT('',(0.440518444655,22.152732311401));
#5044 = CARTESIAN_POINT('',(0.440517284114,22.24641871569));
#5045 = CARTESIAN_POINT('',(0.440517398521,22.34011372839));
#5046 = CARTESIAN_POINT('',(0.440519409756,22.535222711805));
#5047 = CARTESIAN_POINT('',(0.440521471505,22.63677076316));
#5048 = CARTESIAN_POINT('',(0.440524099796,22.738301543746));
#5049 = CARTESIAN_POINT('',(0.440526179538,22.839805410649));
#5050 = CARTESIAN_POINT('',(0.440526264515,22.941299485403));
#5051 = CARTESIAN_POINT('',(0.440523610477,23.042807219497));
#5052 = CARTESIAN_POINT('',(0.440518837762,23.1443395129));
#5053 = CARTESIAN_POINT('',(0.440506596439,23.362964777438));
#5054 = CARTESIAN_POINT('',(0.440498829873,23.480211283709));
#5055 = CARTESIAN_POINT('',(0.440491679324,23.597400334065));
#5056 = CARTESIAN_POINT('',(0.440488310751,23.714534702638));
#5057 = CARTESIAN_POINT('',(0.440491663969,23.831655698835));
#5058 = CARTESIAN_POINT('',(0.440501422404,23.948808962693));
#5059 = CARTESIAN_POINT('',(0.440513131902,24.066018292469));
#5060 = CARTESIAN_POINT('',(0.440534803831,24.321223007044));
#5061 = CARTESIAN_POINT('',(0.440544170678,24.459500411693));
#5062 = CARTESIAN_POINT('',(0.44054419603,24.597639104373));
#5063 = CARTESIAN_POINT('',(0.440531716268,24.735701113682));
#5064 = CARTESIAN_POINT('',(0.440502473069,24.873773096118));
#5065 = CARTESIAN_POINT('',(0.440491610023,25.011937432073));
#5066 = CARTESIAN_POINT('',(0.440497291562,25.150216161144));
#5067 = CARTESIAN_POINT('',(0.44050537801,25.288243636112));
#5068 = ( GEOMETRIC_REPRESENTATION_CONTEXT(2) 
PARAMETRIC_REPRESENTATION_CONTEXT() REPRESENTATION_CONTEXT('2D SPACE',''
  ) );
#5069 = PCURVE('',#4153,#5070);
#5070 = DEFINITIONAL_REPRESENTATION('',(#5071),#5130);
#5071 = B_SPLINE_CURVE_WITH_KNOTS('',8,(#5072,#5073,#5074,#5075,#5076,
    #5077,#5078,#5079,#5080,#5081,#5082,#5083,#5084,#5085,#5086,#5087,
    #5088,#5089,#5090,#5091,#5092,#5093,#5094,#5095,#5096,#5097,#5098,
    #5099,#5100,#5101,#5102,#5103,#5104,#5105,#5106,#5107,#5108,#5109,
    #5110,#5111,#5112,#5113,#5114,#5115,#5116,#5117,#5118,#5119,#5120,
    #5121,#5122,#5123,#5124,#5125,#5126,#5127,#5128,#5129),
  .UNSPECIFIED.,.F.,.F.,(9,7,7,7,7,7,7,7,9),(0.,9.900180198586E-02,
    0.172557756794,0.334354567888,0.430033599717,0.548589634929,
    0.67705538066,0.825300301441,1.),.UNSPECIFIED.);
#5072 = CARTESIAN_POINT('',(0.,2.655952742708));
#5073 = CARTESIAN_POINT('',(7.77018999969E-02,2.664611033377));
#5074 = CARTESIAN_POINT('',(0.155418565594,2.673270079273));
#5075 = CARTESIAN_POINT('',(0.233139992904,2.68192833872));
#5076 = CARTESIAN_POINT('',(0.310859749437,2.690585088195));
#5077 = CARTESIAN_POINT('',(0.388574974103,2.699240422327));
#5078 = CARTESIAN_POINT('',(0.466286377208,2.707895253899));
#5079 = CARTESIAN_POINT('',(0.543998240458,2.716551313846));
#5080 = CARTESIAN_POINT('',(0.679462636509,2.731645201915));
#5081 = CARTESIAN_POINT('',(0.737206291277,2.738080113094));
#5082 = CARTESIAN_POINT('',(0.794951620846,2.744516017634));
#5083 = CARTESIAN_POINT('',(0.852701607724,2.750952896151));
#5084 = CARTESIAN_POINT('',(0.91045867423,2.757390596809));
#5085 = CARTESIAN_POINT('',(0.968222821475,2.763828745171));
#5086 = CARTESIAN_POINT('',(1.025989210421,2.770266544118));
#5087 = CARTESIAN_POINT('',(1.210787686713,2.790859186961));
#5088 = CARTESIAN_POINT('',(1.33796304921,2.805027268469));
#5089 = CARTESIAN_POINT('',(1.465052400716,2.819180761283));
#5090 = CARTESIAN_POINT('',(1.592088168005,2.833325522192));
#5091 = CARTESIAN_POINT('',(1.719132023899,2.847472606933));
#5092 = CARTESIAN_POINT('',(1.846243034238,2.861631086604));
#5093 = CARTESIAN_POINT('',(1.973441527547,2.875802188513));
#5094 = CARTESIAN_POINT('',(2.175595370532,2.898326956667));
#5095 = CARTESIAN_POINT('',(2.250724112056,2.906698797509));
#5096 = CARTESIAN_POINT('',(2.325857063633,2.915071407556));
#5097 = CARTESIAN_POINT('',(2.400991503911,2.923444159725));
#5098 = CARTESIAN_POINT('',(2.476125361713,2.93181657941));
#5099 = CARTESIAN_POINT('',(2.551257216039,2.940188344477));
#5100 = CARTESIAN_POINT('',(2.626386296064,2.94855928527));
#5101 = CARTESIAN_POINT('',(2.794601452395,2.967300787537));
#5102 = CARTESIAN_POINT('',(2.887710368019,2.977673688609));
#5103 = CARTESIAN_POINT('',(2.980803753592,2.98804421964));
#5104 = CARTESIAN_POINT('',(3.073884027359,2.998413091365));
#5105 = CARTESIAN_POINT('',(3.166970494452,3.008782930617));
#5106 = CARTESIAN_POINT('',(3.260077760901,3.019155663704));
#5107 = CARTESIAN_POINT('',(3.353193567427,3.029529945973));
#5108 = CARTESIAN_POINT('',(3.547097306038,3.051134014119));
#5109 = CARTESIAN_POINT('',(3.648018572095,3.062378723058));
#5110 = CARTESIAN_POINT('',(3.748923760249,3.073621785992));
#5111 = CARTESIAN_POINT('',(3.849803746149,3.084861614528));
#5112 = CARTESIAN_POINT('',(3.950675433093,3.096099428579));
#5113 = CARTESIAN_POINT('',(4.051561514454,3.107337476642));
#5114 = CARTESIAN_POINT('',(4.152472069025,3.11857725499));
#5115 = CARTESIAN_POINT('',(4.36975768748,3.142778485194));
#5116 = CARTESIAN_POINT('',(4.486285197053,3.155756797911));
#5117 = CARTESIAN_POINT('',(4.602754358641,3.168729036402));
#5118 = CARTESIAN_POINT('',(4.719167420644,3.181696986231));
#5119 = CARTESIAN_POINT('',(4.835566413547,3.194666593894));
#5120 = CARTESIAN_POINT('',(4.951998241391,3.207642763867));
#5121 = CARTESIAN_POINT('',(5.068487200428,3.220626049623));
#5122 = CARTESIAN_POINT('',(5.322125142768,3.248893302789));
#5123 = CARTESIAN_POINT('',(5.459554749002,3.264208217317));
#5124 = CARTESIAN_POINT('',(5.596846604345,3.279503407702));
#5125 = CARTESIAN_POINT('',(5.734059692277,3.29478427065));
#5126 = CARTESIAN_POINT('',(5.871274806367,3.310058419142));
#5127 = CARTESIAN_POINT('',(6.008573570033,3.325351414166));
#5128 = CARTESIAN_POINT('',(6.146000448782,3.340664826961));
#5129 = CARTESIAN_POINT('',(6.28318530718,3.355951492976));
#5130 = ( GEOMETRIC_REPRESENTATION_CONTEXT(2) 
PARAMETRIC_REPRESENTATION_CONTEXT() REPRESENTATION_CONTEXT('2D SPACE',''
  ) );
#5131 = ORIENTED_EDGE('',*,*,#5132,.T.);
#5132 = EDGE_CURVE('',#4945,#5133,#5135,.T.);
#5133 = VERTEX_POINT('',#5134);
#5134 = CARTESIAN_POINT('',(171.69404976964,-70.5,52.9635));
#5135 = SURFACE_CURVE('',#5136,(#5187,#5241),.PCURVE_S1.);
#5136 = B_SPLINE_CURVE_WITH_KNOTS('',7,(#5137,#5138,#5139,#5140,#5141,
    #5142,#5143,#5144,#5145,#5146,#5147,#5148,#5149,#5150,#5151,#5152,
    #5153,#5154,#5155,#5156,#5157,#5158,#5159,#5160,#5161,#5162,#5163,
    #5164,#5165,#5166,#5167,#5168,#5169,#5170,#5171,#5172,#5173,#5174,
    #5175,#5176,#5177,#5178,#5179,#5180,#5181,#5182,#5183,#5184,#5185,
    #5186),.UNSPECIFIED.,.F.,.F.,(8,6,6,6,6,6,6,6,8),(0.,
    9.931421023808E-02,0.269144656431,0.413208862613,0.493310873238,
    0.634170629143,0.725904002924,0.867211544149,1.),.UNSPECIFIED.);
#5137 = CARTESIAN_POINT('',(172.39404855702,-70.5,52.9635));
#5138 = CARTESIAN_POINT('',(172.38412122752,-70.32538485432,52.9635));
#5139 = CARTESIAN_POINT('',(172.37419097229,-70.15068411946,
    52.945333558953));
#5140 = CARTESIAN_POINT('',(172.3642619433,-69.97828680736,
    52.909021779209));
#5141 = CARTESIAN_POINT('',(172.35433603214,-69.81045824443,
    52.854919092156));
#5142 = CARTESIAN_POINT('',(172.34441287008,-69.64934007152,
    52.783713258222));
#5143 = CARTESIAN_POINT('',(172.33448982806,-69.4969502439,
    52.696425366868));
#5144 = CARTESIAN_POINT('',(172.30758514471,-69.11275660597,
    52.419960047559));
#5145 = CARTESIAN_POINT('',(172.29057302965,-68.90093864644,
    52.202116463071));
#5146 = CARTESIAN_POINT('',(172.27357808366,-68.72986536574,
    51.947807462011));
#5147 = CARTESIAN_POINT('',(172.25659735479,-68.60642863626,
    51.666448588423));
#5148 = CARTESIAN_POINT('',(172.23962243467,-68.53515958253,
    51.368334512216));
#5149 = CARTESIAN_POINT('',(172.22262356337,-68.51832504957,
    51.064932615278));
#5150 = CARTESIAN_POINT('',(172.19125610886,-68.58453964174,
    50.516873513704));
#5151 = CARTESIAN_POINT('',(172.17684670096,-68.65289005815,
    50.269711338867));
#5152 = CARTESIAN_POINT('',(172.16244560137,-68.7584303761,
    50.034214309215));
#5153 = CARTESIAN_POINT('',(172.14804430567,-68.89854854706,
    49.816944972764));
#5154 = CARTESIAN_POINT('',(172.13363948031,-69.06951003226,
    49.623674226684));
#5155 = CARTESIAN_POINT('',(172.11922439714,-69.26642035395,
    49.459451331872));
#5156 = CARTESIAN_POINT('',(172.09680989308,-69.60346899117,
    49.254877289694));
#5157 = CARTESIAN_POINT('',(172.08879818847,-69.73009675903,
    49.191856572917));
#5158 = CARTESIAN_POINT('',(172.08078701299,-69.86182145146,
    49.139560865201));
#5159 = CARTESIAN_POINT('',(172.07277782043,-69.99752961044,
    49.098484323061));
#5160 = CARTESIAN_POINT('',(172.06477072899,-70.13608652671,
    49.068970611697));
#5161 = CARTESIAN_POINT('',(172.05676452134,-70.27633623971,
    49.051212904991));
#5162 = CARTESIAN_POINT('',(172.03467475623,-70.66463796457,
    49.034774922198));
#5163 = CARTESIAN_POINT('',(172.02058240926,-70.91389816985,
    49.06082829215));
#5164 = CARTESIAN_POINT('',(172.00649670297,-71.15810501446,
    49.123664387548));
#5165 = CARTESIAN_POINT('',(171.99241488235,-71.39078578997,
    49.222101048283));
#5166 = CARTESIAN_POINT('',(171.97832784067,-71.6059426844,
    49.353599034441));
#5167 = CARTESIAN_POINT('',(171.96423362209,-71.79822324824,
    49.514337498806));
#5168 = CARTESIAN_POINT('',(171.94097972146,-72.07045908764,
    49.819737398654));
#5169 = CARTESIAN_POINT('',(171.93180827338,-72.16626983463,
    49.950509760224));
#5170 = CARTESIAN_POINT('',(171.92263757814,-72.24931817784,
    50.090263459187));
#5171 = CARTESIAN_POINT('',(171.91346678955,-72.31862243757,
    50.237503902064));
#5172 = CARTESIAN_POINT('',(171.90429445941,-72.37340683574,
    50.39061265122));
#5173 = CARTESIAN_POINT('',(171.8951205316,-72.41312201526,
    50.547858374175));
#5174 = CARTESIAN_POINT('',(171.87182125021,-72.47506092425,
    50.953137779993));
#5175 = CARTESIAN_POINT('',(171.85768258349,-72.47624324103,
    51.204605900896));
#5176 = CARTESIAN_POINT('',(171.84354836245,-72.44006509269,
    51.455035701357));
#5177 = CARTESIAN_POINT('',(171.82941552954,-72.3670002935,
    51.697805283366));
#5178 = CARTESIAN_POINT('',(171.81527593265,-72.25893751416,
    51.926613703065));
#5179 = CARTESIAN_POINT('',(171.80112956305,-72.11913604548,
    52.135664083778));
#5180 = CARTESIAN_POINT('',(171.77371799337,-71.79529235514,
    52.49292545398));
#5181 = CARTESIAN_POINT('',(171.76043376643,-71.6142400681,
    52.644259236221));
#5182 = CARTESIAN_POINT('',(171.74716022038,-71.41283317296,
    52.769696416306));
#5183 = CARTESIAN_POINT('',(171.7338915139,-71.19552762434,
    52.866017037878));
#5184 = CARTESIAN_POINT('',(171.7206155226,-70.96730824789,
    52.931001631754));
#5185 = CARTESIAN_POINT('',(171.70732850518,-70.73357012874,52.9635));
#5186 = CARTESIAN_POINT('',(171.69404976964,-70.5,52.9635));
#5187 = PCURVE('',#1285,#5188);
#5188 = DEFINITIONAL_REPRESENTATION('',(#5189),#5240);
#5189 = B_SPLINE_CURVE_WITH_KNOTS('',7,(#5190,#5191,#5192,#5193,#5194,
    #5195,#5196,#5197,#5198,#5199,#5200,#5201,#5202,#5203,#5204,#5205,
    #5206,#5207,#5208,#5209,#5210,#5211,#5212,#5213,#5214,#5215,#5216,
    #5217,#5218,#5219,#5220,#5221,#5222,#5223,#5224,#5225,#5226,#5227,
    #5228,#5229,#5230,#5231,#5232,#5233,#5234,#5235,#5236,#5237,#5238,
    #5239),.UNSPECIFIED.,.F.,.F.,(8,6,6,6,6,6,6,6,8),(0.,
    9.931421023808E-02,0.269144656431,0.413208862613,0.493310873238,
    0.634170629143,0.725904002924,0.867211544149,1.),.UNSPECIFIED.);
#5190 = CARTESIAN_POINT('',(0.44050537801,25.288243636112));
#5191 = CARTESIAN_POINT('',(0.440510629438,25.377880200642));
#5192 = CARTESIAN_POINT('',(0.440516298832,25.4675420914));
#5193 = CARTESIAN_POINT('',(0.44051816161,25.557209064815));
#5194 = CARTESIAN_POINT('',(0.440514760332,25.646869836422));
#5195 = CARTESIAN_POINT('',(0.440507404702,25.736522080862));
#5196 = CARTESIAN_POINT('',(0.44050017157,25.826172431881));
#5197 = CARTESIAN_POINT('',(0.440499448957,26.069164849528));
#5198 = CARTESIAN_POINT('',(0.440511323009,26.222759390214));
#5199 = CARTESIAN_POINT('',(0.440541137667,26.376123469053));
#5200 = CARTESIAN_POINT('',(0.440550806654,26.5294444004));
#5201 = CARTESIAN_POINT('',(0.440539136894,26.682803031249));
#5202 = CARTESIAN_POINT('',(0.440523452569,26.836394903146));
#5203 = CARTESIAN_POINT('',(0.440499325268,27.119792471735));
#5204 = CARTESIAN_POINT('',(0.440490267632,27.249969487783));
#5205 = CARTESIAN_POINT('',(0.440488077675,27.380042411818));
#5206 = CARTESIAN_POINT('',(0.440495213793,27.5100776812));
#5207 = CARTESIAN_POINT('',(0.440505085229,27.640133261981));
#5208 = CARTESIAN_POINT('',(0.440513558095,27.770287398331));
#5209 = CARTESIAN_POINT('',(0.440522190327,27.972687712875));
#5210 = CARTESIAN_POINT('',(0.440524312075,28.045036531233));
#5211 = CARTESIAN_POINT('',(0.440525330583,28.117385237913));
#5212 = CARTESIAN_POINT('',(0.440525275364,28.189720579661));
#5213 = CARTESIAN_POINT('',(0.440524345846,28.262040646856));
#5214 = CARTESIAN_POINT('',(0.440522911375,28.334354873507));
#5215 = CARTESIAN_POINT('',(0.440519049026,28.533875205993));
#5216 = CARTESIAN_POINT('',(0.44051619032,28.661162528927));
#5217 = CARTESIAN_POINT('',(0.440516220639,28.788377689561));
#5218 = CARTESIAN_POINT('',(0.440519129202,28.915545597802));
#5219 = CARTESIAN_POINT('',(0.440522976786,29.042756672244));
#5220 = CARTESIAN_POINT('',(0.440525263611,29.170039122466));
#5221 = CARTESIAN_POINT('',(0.440523667865,29.380063699603));
#5222 = CARTESIAN_POINT('',(0.440521757774,29.462903779109));
#5223 = CARTESIAN_POINT('',(0.440518310074,29.545743540517));
#5224 = CARTESIAN_POINT('',(0.440513449022,29.628590104409));
#5225 = CARTESIAN_POINT('',(0.440507896857,29.711453505143));
#5226 = CARTESIAN_POINT('',(0.440502763114,29.794329570682));
#5227 = CARTESIAN_POINT('',(0.440492965487,30.004798570724));
#5228 = CARTESIAN_POINT('',(0.440489379317,30.1325072015));
#5229 = CARTESIAN_POINT('',(0.440493863731,30.26014164345));
#5230 = CARTESIAN_POINT('',(0.440505754793,30.387732328271));
#5231 = CARTESIAN_POINT('',(0.44052051382,30.515372043413));
#5232 = CARTESIAN_POINT('',(0.440532232398,30.643085788881));
#5233 = CARTESIAN_POINT('',(0.440539806983,30.890621892916));
#5234 = CARTESIAN_POINT('',(0.440538002029,31.010606214785));
#5235 = CARTESIAN_POINT('',(0.44052503598,31.130541148118));
#5236 = CARTESIAN_POINT('',(0.440507557117,31.250451296083));
#5237 = CARTESIAN_POINT('',(0.440496110507,31.370401586663));
#5238 = CARTESIAN_POINT('',(0.440496699939,31.490400542772));
#5239 = CARTESIAN_POINT('',(0.440502349867,31.610303552377));
#5240 = ( GEOMETRIC_REPRESENTATION_CONTEXT(2) 
PARAMETRIC_REPRESENTATION_CONTEXT() REPRESENTATION_CONTEXT('2D SPACE',''
  ) );
#5241 = PCURVE('',#3983,#5242);
#5242 = DEFINITIONAL_REPRESENTATION('',(#5243),#5294);
#5243 = B_SPLINE_CURVE_WITH_KNOTS('',7,(#5244,#5245,#5246,#5247,#5248,
    #5249,#5250,#5251,#5252,#5253,#5254,#5255,#5256,#5257,#5258,#5259,
    #5260,#5261,#5262,#5263,#5264,#5265,#5266,#5267,#5268,#5269,#5270,
    #5271,#5272,#5273,#5274,#5275,#5276,#5277,#5278,#5279,#5280,#5281,
    #5282,#5283,#5284,#5285,#5286,#5287,#5288,#5289,#5290,#5291,#5292,
    #5293),.UNSPECIFIED.,.F.,.F.,(8,6,6,6,6,6,6,6,8),(0.,
    9.931421023808E-02,0.269144656431,0.413208862613,0.493310873238,
    0.634170629143,0.725904002924,0.867211544149,1.),.UNSPECIFIED.);
#5244 = CARTESIAN_POINT('',(0.,3.355951492976));
#5245 = CARTESIAN_POINT('',(8.908936003697E-02,3.36587882248));
#5246 = CARTESIAN_POINT('',(0.178204221842,3.375809077701));
#5247 = CARTESIAN_POINT('',(0.267324936693,3.385738106696));
#5248 = CARTESIAN_POINT('',(0.356440012756,3.395664017859));
#5249 = CARTESIAN_POINT('',(0.445546115085,3.405587179917));
#5250 = CARTESIAN_POINT('',(0.534648065624,3.415510221932));
#5251 = CARTESIAN_POINT('',(0.776141096273,3.442414905284));
#5252 = CARTESIAN_POINT('',(0.928779393799,3.459427020346));
#5253 = CARTESIAN_POINT('',(1.081189964904,3.47642196634));
#5254 = CARTESIAN_POINT('',(1.233574094309,3.493402695204));
#5255 = CARTESIAN_POINT('',(1.385992995654,3.51037761533));
#5256 = CARTESIAN_POINT('',(1.538642489258,3.52737648663));
#5257 = CARTESIAN_POINT('',(1.82029785613,3.558743941139));
#5258 = CARTESIAN_POINT('',(1.949673406089,3.573153349037));
#5259 = CARTESIAN_POINT('',(2.078944533097,3.58755444863));
#5260 = CARTESIAN_POINT('',(2.208179527594,3.601955744329));
#5261 = CARTESIAN_POINT('',(2.337437329051,3.616360569683));
#5262 = CARTESIAN_POINT('',(2.466794238939,3.630775652853));
#5263 = CARTESIAN_POINT('',(2.6679546601,3.653190156919));
#5264 = CARTESIAN_POINT('',(2.739860273869,3.661201861522));
#5265 = CARTESIAN_POINT('',(2.811765470598,3.669213037001));
#5266 = CARTESIAN_POINT('',(2.883656865235,3.677222229567));
#5267 = CARTESIAN_POINT('',(2.955532440284,3.685229321002));
#5268 = CARTESIAN_POINT('',(3.027401545806,3.693235528652));
#5269 = CARTESIAN_POINT('',(3.225692108974,3.715325293769));
#5270 = CARTESIAN_POINT('',(3.35219302015,3.72941764074));
#5271 = CARTESIAN_POINT('',(3.478621061868,3.743503347029));
#5272 = CARTESIAN_POINT('',(3.605002642759,3.757585167646));
#5273 = CARTESIAN_POINT('',(3.731429241866,3.771672209324));
#5274 = CARTESIAN_POINT('',(3.857929499326,3.78576642791));
#5275 = CARTESIAN_POINT('',(4.066665612798,3.809020328532));
#5276 = CARTESIAN_POINT('',(4.148998097937,3.818191776617));
#5277 = CARTESIAN_POINT('',(4.231330643585,3.827362471855));
#5278 = CARTESIAN_POINT('',(4.313669906723,3.83653326045));
#5279 = CARTESIAN_POINT('',(4.396025477394,3.845705590581));
#5280 = CARTESIAN_POINT('',(4.478393009307,3.854879518392));
#5281 = CARTESIAN_POINT('',(4.687569107495,3.878178799782));
#5282 = CARTESIAN_POINT('',(4.814491806208,3.892317466502));
#5283 = CARTESIAN_POINT('',(4.941339635443,3.906451687542));
#5284 = CARTESIAN_POINT('',(5.068144427149,3.920584520452));
#5285 = CARTESIAN_POINT('',(5.194999886883,3.934724117341));
#5286 = CARTESIAN_POINT('',(5.321930850923,3.948870486943));
#5287 = CARTESIAN_POINT('',(5.567947863917,3.97628205663));
#5288 = CARTESIAN_POINT('',(5.687195945398,3.98956628357));
#5289 = CARTESIAN_POINT('',(5.806390762761,4.002839829613));
#5290 = CARTESIAN_POINT('',(5.925556680303,4.016108536093));
#5291 = CARTESIAN_POINT('',(6.04476106072,4.029384527398));
#5292 = CARTESIAN_POINT('',(6.164016874145,4.042671544811));
#5293 = CARTESIAN_POINT('',(6.28318530718,4.055950280359));
#5294 = ( GEOMETRIC_REPRESENTATION_CONTEXT(2) 
PARAMETRIC_REPRESENTATION_CONTEXT() REPRESENTATION_CONTEXT('2D SPACE',''
  ) );
#5295 = ORIENTED_EDGE('',*,*,#5296,.T.);
#5296 = EDGE_CURVE('',#5133,#5297,#5299,.T.);
#5297 = VERTEX_POINT('',#5298);
#5298 = CARTESIAN_POINT('',(170.99405071102,-70.5,52.9635));
#5299 = SURFACE_CURVE('',#5300,(#5352,#5407),.PCURVE_S1.);
#5300 = B_SPLINE_CURVE_WITH_KNOTS('',8,(#5301,#5302,#5303,#5304,#5305,
    #5306,#5307,#5308,#5309,#5310,#5311,#5312,#5313,#5314,#5315,#5316,
    #5317,#5318,#5319,#5320,#5321,#5322,#5323,#5324,#5325,#5326,#5327,
    #5328,#5329,#5330,#5331,#5332,#5333,#5334,#5335,#5336,#5337,#5338,
    #5339,#5340,#5341,#5342,#5343,#5344,#5345,#5346,#5347,#5348,#5349,
    #5350,#5351),.UNSPECIFIED.,.F.,.F.,(9,7,7,7,7,7,7,9),(0.,
    0.174872922251,0.341418756128,0.490994763168,0.586375118351,
    0.692116916481,0.849242111966,1.),.UNSPECIFIED.);
#5301 = CARTESIAN_POINT('',(171.69404976964,-70.5,52.9635));
#5302 = CARTESIAN_POINT('',(171.67875265739,-70.23092705528,52.9635));
#5303 = CARTESIAN_POINT('',(171.66343032229,-69.96138939332,
    52.921281991673));
#5304 = CARTESIAN_POINT('',(171.64810832485,-69.69986539977,
    52.836607459304));
#5305 = CARTESIAN_POINT('',(171.63285221856,-69.45398596386,
    52.711511829425));
#5306 = CARTESIAN_POINT('',(171.61754270796,-69.23085724819,
    52.549381410074));
#5307 = CARTESIAN_POINT('',(171.60223316357,-69.03654954835,
    52.354911298443));
#5308 = CARTESIAN_POINT('',(171.58690350138,-68.87643470959,
    52.134008026693));
#5309 = CARTESIAN_POINT('',(171.55702969759,-68.63765273309,
    51.666027900485));
#5310 = CARTESIAN_POINT('',(171.54244199378,-68.55514664565,
    51.420062481033));
#5311 = CARTESIAN_POINT('',(171.52787127067,-68.51002677556,
    51.162752231858));
#5312 = CARTESIAN_POINT('',(171.513313242,-68.50383391153,
    50.900767088188));
#5313 = CARTESIAN_POINT('',(171.49875418124,-68.53688234997,
    50.640786629629));
#5314 = CARTESIAN_POINT('',(171.48418361031,-68.6081921658,
    50.389429465941));
#5315 = CARTESIAN_POINT('',(171.4695979628,-68.71554635316,
    50.153210811345));
#5316 = CARTESIAN_POINT('',(171.44194854327,-68.97993440673,
    49.744942501142));
#5317 = CARTESIAN_POINT('',(171.42885110719,-69.13107961467,
    49.568363414224));
#5318 = CARTESIAN_POINT('',(171.41575745988,-69.30555825972,
    49.412760017882));
#5319 = CARTESIAN_POINT('',(171.40266817372,-69.4998713255,
    49.28165106588));
#5320 = CARTESIAN_POINT('',(171.38958004981,-69.71003818424,
    49.177813865096));
#5321 = CARTESIAN_POINT('',(171.37648867039,-69.93167673395,
    49.103340748725));
#5322 = CARTESIAN_POINT('',(171.36339224264,-70.15999159382,
    49.059541565302));
#5323 = CARTESIAN_POINT('',(171.34196745413,-70.53634488049,
    49.038348076115));
#5324 = CARTESIAN_POINT('',(171.3336237661,-70.68364363626,
    49.042644208592));
#5325 = CARTESIAN_POINT('',(171.32527943597,-70.83038219392,
    49.059552897814));
#5326 = CARTESIAN_POINT('',(171.31693500856,-70.97528660805,
    49.088992165427));
#5327 = CARTESIAN_POINT('',(171.30859084591,-71.11712465605,
    49.130733886113));
#5328 = CARTESIAN_POINT('',(171.30024712719,-71.25470583816,
    49.184403787593));
#5329 = CARTESIAN_POINT('',(171.29190384882,-71.38688137745,
    49.249481450622));
#5330 = CARTESIAN_POINT('',(171.27431147307,-71.65185817903,
    49.409355588524));
#5331 = CARTESIAN_POINT('',(171.2650602557,-71.78324672228,
    49.506676772132));
#5332 = CARTESIAN_POINT('',(171.25580882814,-71.90517567831,
    49.616314236408));
#5333 = CARTESIAN_POINT('',(171.24655829053,-72.01629006959,
    49.737178476696));
#5334 = CARTESIAN_POINT('',(171.23730918719,-72.11541411231,
    49.868040107089));
#5335 = CARTESIAN_POINT('',(171.22806150669,-72.20155121639,
    50.007529860436));
#5336 = CARTESIAN_POINT('',(171.21881468178,-72.27388398549,
    50.154138588337));
#5337 = CARTESIAN_POINT('',(171.19582703252,-72.41779520495,
    50.532195933879));
#5338 = CARTESIAN_POINT('',(171.18207065663,-72.47205886709,
    50.770574554451));
#5339 = CARTESIAN_POINT('',(171.16832290169,-72.49227610981,
    51.015739599788));
#5340 = CARTESIAN_POINT('',(171.15458040361,-72.47767630045,
    51.261970495492));
#5341 = CARTESIAN_POINT('',(171.14083551286,-72.42849519148,
    51.503649541308));
#5342 = CARTESIAN_POINT('',(171.12708251334,-72.34598087231,
    51.735310363369));
#5343 = CARTESIAN_POINT('',(171.11332036081,-72.23234617559,
    51.951690029305));
#5344 = CARTESIAN_POINT('',(171.08637561063,-71.95562770855,
    52.336388347477));
#5345 = CARTESIAN_POINT('',(171.07317502957,-71.7945574359,
    52.506543929332));
#5346 = CARTESIAN_POINT('',(171.05998480823,-71.61091907464,
    52.654198886446));
#5347 = CARTESIAN_POINT('',(171.0468040646,-71.40845529354,
    52.775972803514));
#5348 = CARTESIAN_POINT('',(171.03362506548,-71.19136027014,
    52.869247839228));
#5349 = CARTESIAN_POINT('',(171.02043798313,-70.96421393253,
    52.932117142967));
#5350 = CARTESIAN_POINT('',(171.00723889255,-70.73199117909,52.9635));
#5351 = CARTESIAN_POINT('',(170.99405071102,-70.5,52.9635));
#5352 = PCURVE('',#1285,#5353);
#5353 = DEFINITIONAL_REPRESENTATION('',(#5354),#5406);
#5354 = B_SPLINE_CURVE_WITH_KNOTS('',8,(#5355,#5356,#5357,#5358,#5359,
    #5360,#5361,#5362,#5363,#5364,#5365,#5366,#5367,#5368,#5369,#5370,
    #5371,#5372,#5373,#5374,#5375,#5376,#5377,#5378,#5379,#5380,#5381,
    #5382,#5383,#5384,#5385,#5386,#5387,#5388,#5389,#5390,#5391,#5392,
    #5393,#5394,#5395,#5396,#5397,#5398,#5399,#5400,#5401,#5402,#5403,
    #5404,#5405),.UNSPECIFIED.,.F.,.F.,(9,7,7,7,7,7,7,9),(0.,
    0.174872922251,0.341418756128,0.490994763168,0.586375118351,
    0.692116916481,0.849242111966,1.),.UNSPECIFIED.);
#5355 = CARTESIAN_POINT('',(0.440502349867,31.610303552377));
#5356 = CARTESIAN_POINT('',(0.440508858589,31.74843189973));
#5357 = CARTESIAN_POINT('',(0.440519150656,31.886770836362));
#5358 = CARTESIAN_POINT('',(0.440542573757,32.025060636859));
#5359 = CARTESIAN_POINT('',(0.440476701578,32.163117681918));
#5360 = CARTESIAN_POINT('',(0.440490588285,32.301329264956));
#5361 = CARTESIAN_POINT('',(0.440500055973,32.439556667231));
#5362 = CARTESIAN_POINT('',(0.440516513887,32.577937029511));
#5363 = CARTESIAN_POINT('',(0.440537956414,32.847651966835));
#5364 = CARTESIAN_POINT('',(0.440543958095,32.979375698442));
#5365 = CARTESIAN_POINT('',(0.440539365816,33.110990886808));
#5366 = CARTESIAN_POINT('',(0.440522713893,33.242542350251));
#5367 = CARTESIAN_POINT('',(0.440505841441,33.374104023837));
#5368 = CARTESIAN_POINT('',(0.440495393334,33.505742466555));
#5369 = CARTESIAN_POINT('',(0.440492209513,33.637486349797));
#5370 = CARTESIAN_POINT('',(0.440496250864,33.887185264715));
#5371 = CARTESIAN_POINT('',(0.440502434295,34.005448738915));
#5372 = CARTESIAN_POINT('',(0.440511601558,34.123665380336));
#5373 = CARTESIAN_POINT('',(0.440520177351,34.241845134458));
#5374 = CARTESIAN_POINT('',(0.44052521346,34.360029356903));
#5375 = CARTESIAN_POINT('',(0.440526182074,34.478260183936));
#5376 = CARTESIAN_POINT('',(0.440524899077,34.596546139885));
#5377 = CARTESIAN_POINT('',(0.44052150896,34.790058715313));
#5378 = CARTESIAN_POINT('',(0.440519812497,34.86542201669));
#5379 = CARTESIAN_POINT('',(0.440518301337,34.94079034185));
#5380 = CARTESIAN_POINT('',(0.440517352312,35.016157176523));
#5381 = CARTESIAN_POINT('',(0.44051715735,35.091518438115));
#5382 = CARTESIAN_POINT('',(0.440517723481,35.166872475712));
#5383 = CARTESIAN_POINT('',(0.440518872831,35.242220070072));
#5384 = CARTESIAN_POINT('',(0.440521761225,35.401093672609));
#5385 = CARTESIAN_POINT('',(0.440523735843,35.484637832027));
#5386 = CARTESIAN_POINT('',(0.440525271669,35.568185731274));
#5387 = CARTESIAN_POINT('',(0.44052574594,35.651730062247));
#5388 = CARTESIAN_POINT('',(0.440524807945,35.735267389344));
#5389 = CARTESIAN_POINT('',(0.440522379022,35.818798149473));
#5390 = CARTESIAN_POINT('',(0.44051865256,35.902326652043));
#5391 = CARTESIAN_POINT('',(0.44050732028,36.109987615432));
#5392 = CARTESIAN_POINT('',(0.440498948884,36.234263757214));
#5393 = CARTESIAN_POINT('',(0.44049113709,36.358459679717));
#5394 = CARTESIAN_POINT('',(0.440487379433,36.482591030166));
#5395 = CARTESIAN_POINT('',(0.440491963582,36.60670881036));
#5396 = CARTESIAN_POINT('',(0.440503549367,36.730870314804));
#5397 = CARTESIAN_POINT('',(0.440516449845,36.855108974109));
#5398 = CARTESIAN_POINT('',(0.440535745608,37.09837951856));
#5399 = CARTESIAN_POINT('',(0.440542279381,37.217573235712));
#5400 = CARTESIAN_POINT('',(0.440542631237,37.336699472481));
#5401 = CARTESIAN_POINT('',(0.440532177707,37.455785674846));
#5402 = CARTESIAN_POINT('',(0.440514527718,37.574886394187));
#5403 = CARTESIAN_POINT('',(0.440499984697,37.694046840292));
#5404 = CARTESIAN_POINT('',(0.440496934582,37.813267083049));
#5405 = CARTESIAN_POINT('',(0.440500212047,37.932362202484));
#5406 = ( GEOMETRIC_REPRESENTATION_CONTEXT(2) 
PARAMETRIC_REPRESENTATION_CONTEXT() REPRESENTATION_CONTEXT('2D SPACE',''
  ) );
#5407 = PCURVE('',#3811,#5408);
#5408 = DEFINITIONAL_REPRESENTATION('',(#5409),#5461);
#5409 = B_SPLINE_CURVE_WITH_KNOTS('',8,(#5410,#5411,#5412,#5413,#5414,
    #5415,#5416,#5417,#5418,#5419,#5420,#5421,#5422,#5423,#5424,#5425,
    #5426,#5427,#5428,#5429,#5430,#5431,#5432,#5433,#5434,#5435,#5436,
    #5437,#5438,#5439,#5440,#5441,#5442,#5443,#5444,#5445,#5446,#5447,
    #5448,#5449,#5450,#5451,#5452,#5453,#5454,#5455,#5456,#5457,#5458,
    #5459,#5460),.UNSPECIFIED.,.F.,.F.,(9,7,7,7,7,7,7,9),(0.,
    0.174872922251,0.341418756128,0.490994763168,0.586375118351,
    0.692116916481,0.849242111966,1.),.UNSPECIFIED.);
#5410 = CARTESIAN_POINT('',(0.,4.055950280359));
#5411 = CARTESIAN_POINT('',(0.137282114651,4.071247392601));
#5412 = CARTESIAN_POINT('',(0.274800861667,4.086569727703));
#5413 = CARTESIAN_POINT('',(0.412177153042,4.101891725141));
#5414 = CARTESIAN_POINT('',(0.549498720746,4.117147831438));
#5415 = CARTESIAN_POINT('',(0.686791474006,4.132457342033));
#5416 = CARTESIAN_POINT('',(0.824176791163,4.147766886422));
#5417 = CARTESIAN_POINT('',(0.96169678939,4.163096548616));
#5418 = CARTESIAN_POINT('',(1.229746880647,4.192970352401));
#5419 = CARTESIAN_POINT('',(1.360660851287,4.207558056216));
#5420 = CARTESIAN_POINT('',(1.491470507279,4.222128779328));
#5421 = CARTESIAN_POINT('',(1.622216500252,4.236686807994));
#5422 = CARTESIAN_POINT('',(1.752969102044,4.25124586876));
#5423 = CARTESIAN_POINT('',(1.883796645919,4.265816439686));
#5424 = CARTESIAN_POINT('',(2.014729057863,4.280402087199));
#5425 = CARTESIAN_POINT('',(2.262891849041,4.308051506728));
#5426 = CARTESIAN_POINT('',(2.380428574871,4.321148942801));
#5427 = CARTESIAN_POINT('',(2.497920162373,4.334242590116));
#5428 = CARTESIAN_POINT('',(2.615376618825,4.347331876278));
#5429 = CARTESIAN_POINT('',(2.73283784094,4.360420000188));
#5430 = CARTESIAN_POINT('',(2.850344191895,4.373511379609));
#5431 = CARTESIAN_POINT('',(2.967903553183,4.386607807357));
#5432 = CARTESIAN_POINT('',(3.160224750215,4.408032595866));
#5433 = CARTESIAN_POINT('',(3.235123337552,4.416376283895));
#5434 = CARTESIAN_POINT('',(3.310026337429,4.424720614028));
#5435 = CARTESIAN_POINT('',(3.38492745619,4.433065041432));
#5436 = CARTESIAN_POINT('',(3.459822844936,4.44140920409));
#5437 = CARTESIAN_POINT('',(3.534711099515,4.449752922801));
#5438 = CARTESIAN_POINT('',(3.609593260528,4.458096201177));
#5439 = CARTESIAN_POINT('',(3.767486747816,4.475688576921));
#5440 = CARTESIAN_POINT('',(3.850516229587,4.484939794295));
#5441 = CARTESIAN_POINT('',(3.933550278956,4.494191221853));
#5442 = CARTESIAN_POINT('',(4.016581642407,4.503441759468));
#5443 = CARTESIAN_POINT('',(4.099606792592,4.512690862802));
#5444 = CARTESIAN_POINT('',(4.182625928338,4.521938543306));
#5445 = CARTESIAN_POINT('',(4.265642974639,4.53118536822));
#5446 = CARTESIAN_POINT('',(4.472031590677,4.554173017474));
#5447 = CARTESIAN_POINT('',(4.595545764925,4.567929393369));
#5448 = CARTESIAN_POINT('',(4.718978759047,4.581677148302));
#5449 = CARTESIAN_POINT('',(4.842345642133,4.595419646382));
#5450 = CARTESIAN_POINT('',(4.965697986694,4.60916453714));
#5451 = CARTESIAN_POINT('',(5.089095112017,4.622917536659));
#5452 = CARTESIAN_POINT('',(5.212570548157,4.636679689182));
#5453 = CARTESIAN_POINT('',(5.454348024107,4.663624439365));
#5454 = CARTESIAN_POINT('',(5.57281088773,4.676825020429));
#5455 = CARTESIAN_POINT('',(5.691206296899,4.690015241764));
#5456 = CARTESIAN_POINT('',(5.809560349089,4.703195985395));
#5457 = CARTESIAN_POINT('',(5.927923519249,4.716374984517));
#5458 = CARTESIAN_POINT('',(6.046341414488,4.729562066864));
#5459 = CARTESIAN_POINT('',(6.1648224607,4.74276115745));
#5460 = CARTESIAN_POINT('',(6.28318530718,4.755949338978));
#5461 = ( GEOMETRIC_REPRESENTATION_CONTEXT(2) 
PARAMETRIC_REPRESENTATION_CONTEXT() REPRESENTATION_CONTEXT('2D SPACE',''
  ) );
#5462 = ORIENTED_EDGE('',*,*,#5463,.T.);
#5463 = EDGE_CURVE('',#5297,#5464,#5466,.T.);
#5464 = VERTEX_POINT('',#5465);
#5465 = CARTESIAN_POINT('',(170.29405119736,-70.5,52.9635));
#5466 = SURFACE_CURVE('',#5467,(#5519,#5574),.PCURVE_S1.);
#5467 = B_SPLINE_CURVE_WITH_KNOTS('',8,(#5468,#5469,#5470,#5471,#5472,
    #5473,#5474,#5475,#5476,#5477,#5478,#5479,#5480,#5481,#5482,#5483,
    #5484,#5485,#5486,#5487,#5488,#5489,#5490,#5491,#5492,#5493,#5494,
    #5495,#5496,#5497,#5498,#5499,#5500,#5501,#5502,#5503,#5504,#5505,
    #5506,#5507,#5508,#5509,#5510,#5511,#5512,#5513,#5514,#5515,#5516,
    #5517,#5518),.UNSPECIFIED.,.F.,.F.,(9,7,7,7,7,7,7,9),(0.,
    9.154685716843E-02,0.237059130817,0.374275779883,0.523000257159,
    0.639463299607,0.805164803364,1.),.UNSPECIFIED.);
#5468 = CARTESIAN_POINT('',(170.99405071102,-70.5,52.9635));
#5469 = CARTESIAN_POINT('',(170.9860428312,-70.35913467469,52.9635));
#5470 = CARTESIAN_POINT('',(170.97803185739,-70.21822110676,
    52.951922340565));
#5471 = CARTESIAN_POINT('',(170.97002021464,-70.07842105773,
    52.928772483617));
#5472 = CARTESIAN_POINT('',(170.96200953494,-69.94085556772,
    52.89417858969));
#5473 = CARTESIAN_POINT('',(170.95400065719,-69.80660495546,
    52.848391517932));
#5474 = CARTESIAN_POINT('',(170.9459936272,-69.67670881829,
    52.791784826105));
#5475 = CARTESIAN_POINT('',(170.93798769773,-69.55216603215,
    52.724854770585));
#5476 = CARTESIAN_POINT('',(170.91725533178,-69.24600801132,
    52.526411044152));
#5477 = CARTESIAN_POINT('',(170.90452095527,-69.07387876583,
    52.379988515159));
#5478 = CARTESIAN_POINT('',(170.89178485514,-68.92151722416,
    52.211469658011));
#5479 = CARTESIAN_POINT('',(170.87904963514,-68.79213509846,
    52.024010382302));
#5480 = CARTESIAN_POINT('',(170.86631401235,-68.6883301233,
    51.821240749954));
#5481 = CARTESIAN_POINT('',(170.85357562138,-68.61209909161,
    51.607170170444));
#5482 = CARTESIAN_POINT('',(170.84083645687,-68.56471940738,
    51.386162609922));
#5483 = CARTESIAN_POINT('',(170.81611093004,-68.52931763566,
    50.952524509404));
#5484 = CARTESIAN_POINT('',(170.80410480756,-68.53803765524,
    50.739800273457));
#5485 = CARTESIAN_POINT('',(170.79210273635,-68.57303759259,
    50.528748441621));
#5486 = CARTESIAN_POINT('',(170.78010388055,-68.63391418959,
    50.32314723381));
#5487 = CARTESIAN_POINT('',(170.76810295988,-68.7196527825,
    50.126614658565));
#5488 = CARTESIAN_POINT('',(170.75609593148,-68.82869771139,
    49.942571752935));
#5489 = CARTESIAN_POINT('',(170.74408481251,-68.95892290788,
    49.774168158281));
#5490 = CARTESIAN_POINT('',(170.71907181565,-69.26854322165,
    49.461592144537));
#5491 = CARTESIAN_POINT('',(170.70604873407,-69.45143723316,
    49.320344098303));
#5492 = CARTESIAN_POINT('',(170.6930303171,-69.65266510441,
    49.204106573973));
#5493 = CARTESIAN_POINT('',(170.68001971772,-69.86817724654,
    49.115552469808));
#5494 = CARTESIAN_POINT('',(170.66701162596,-70.09356877181,
    49.05655862471));
#5495 = CARTESIAN_POINT('',(170.65399930368,-70.32419715155,
    49.028261782876));
#5496 = CARTESIAN_POINT('',(170.64098235193,-70.55524283323,
    49.030958800042));
#5497 = CARTESIAN_POINT('',(170.61778958958,-70.95905674645,
    49.089608359936));
#5498 = CARTESIAN_POINT('',(170.60760313415,-71.13377282226,
    49.133925050597));
#5499 = CARTESIAN_POINT('',(170.59741599593,-71.30348515691,
    49.196424050356));
#5500 = CARTESIAN_POINT('',(170.58722837543,-71.46598129078,
    49.2764390618));
#5501 = CARTESIAN_POINT('',(170.57704052243,-71.61921219173,
    49.373014603034));
#5502 = CARTESIAN_POINT('',(170.56685273593,-71.76129225507,
    49.484906007678));
#5503 = CARTESIAN_POINT('',(170.55666536421,-71.89049930354,
    49.610579424872));
#5504 = CARTESIAN_POINT('',(170.53198555284,-72.16857477874,
    49.944032692904));
#5505 = CARTESIAN_POINT('',(170.51747623784,-72.30295846412,
    50.164368602253));
#5506 = CARTESIAN_POINT('',(170.5029797279,-72.40377184734,
    50.403886031544));
#5507 = CARTESIAN_POINT('',(170.48849140472,-72.46806751221,
    50.656527263193));
#5508 = CARTESIAN_POINT('',(170.47400198887,-72.4940612198,
    50.915948053821));
#5509 = CARTESIAN_POINT('',(170.45950134351,-72.48122463759,
    51.175561570784));
#5510 = CARTESIAN_POINT('',(170.44498667481,-72.4302537771,
    51.428611843065));
#5511 = CARTESIAN_POINT('',(170.41344778158,-72.24205941876,
    51.950439582393));
#5512 = CARTESIAN_POINT('',(170.3963575495,-72.09080654225,
    52.215377553568));
#5513 = CARTESIAN_POINT('',(170.3792935814,-71.89362432227,
    52.451863353234));
#5514 = CARTESIAN_POINT('',(170.36224591678,-71.65724021264,
    52.651068198842));
#5515 = CARTESIAN_POINT('',(170.34521268249,-71.38965470117,
    52.805848256842));
#5516 = CARTESIAN_POINT('',(170.32816902051,-71.10029861362,
    52.91110205773));
#5517 = CARTESIAN_POINT('',(170.31109091501,-70.79976805957,52.9635));
#5518 = CARTESIAN_POINT('',(170.29405119736,-70.5,52.9635));
#5519 = PCURVE('',#1285,#5520);
#5520 = DEFINITIONAL_REPRESENTATION('',(#5521),#5573);
#5521 = B_SPLINE_CURVE_WITH_KNOTS('',8,(#5522,#5523,#5524,#5525,#5526,
    #5527,#5528,#5529,#5530,#5531,#5532,#5533,#5534,#5535,#5536,#5537,
    #5538,#5539,#5540,#5541,#5542,#5543,#5544,#5545,#5546,#5547,#5548,
    #5549,#5550,#5551,#5552,#5553,#5554,#5555,#5556,#5557,#5558,#5559,
    #5560,#5561,#5562,#5563,#5564,#5565,#5566,#5567,#5568,#5569,#5570,
    #5571,#5572),.UNSPECIFIED.,.F.,.F.,(9,7,7,7,7,7,7,9),(0.,
    9.154685716843E-02,0.237059130817,0.374275779883,0.523000257159,
    0.639463299607,0.805164803364,1.),.UNSPECIFIED.);
#5522 = CARTESIAN_POINT('',(0.440500212047,37.932362202484));
#5523 = CARTESIAN_POINT('',(0.440502202128,38.004676903443));
#5524 = CARTESIAN_POINT('',(0.440507814298,38.077004348652));
#5525 = CARTESIAN_POINT('',(0.440513552264,38.149337478156));
#5526 = CARTESIAN_POINT('',(0.440517116654,38.221671276993));
#5527 = CARTESIAN_POINT('',(0.44051740501,38.294002775193));
#5528 = CARTESIAN_POINT('',(0.440514511794,38.366331047783));
#5529 = CARTESIAN_POINT('',(0.440509728386,38.438657214777));
#5530 = CARTESIAN_POINT('',(0.440498890604,38.625947417388));
#5531 = CARTESIAN_POINT('',(0.440493703453,38.740979599402));
#5532 = CARTESIAN_POINT('',(0.440500839577,38.855975357015));
#5533 = CARTESIAN_POINT('',(0.440516313801,38.970928101371));
#5534 = CARTESIAN_POINT('',(0.44053148615,39.085885890096));
#5535 = CARTESIAN_POINT('',(0.440539739002,39.200897987043));
#5536 = CARTESIAN_POINT('',(0.440539643052,39.315952376671));
#5537 = CARTESIAN_POINT('',(0.440529867949,39.5393027079));
#5538 = CARTESIAN_POINT('',(0.440520497733,39.64777580827));
#5539 = CARTESIAN_POINT('',(0.440508281533,39.756224323769));
#5540 = CARTESIAN_POINT('',(0.440497519653,39.864637626225));
#5541 = CARTESIAN_POINT('',(0.440491513814,39.97304945599));
#5542 = CARTESIAN_POINT('',(0.440490950672,40.081493431528));
#5543 = CARTESIAN_POINT('',(0.440494187653,40.189958282256));
#5544 = CARTESIAN_POINT('',(0.440505135145,40.41581711662));
#5545 = CARTESIAN_POINT('',(0.440513217827,40.533401028032));
#5546 = CARTESIAN_POINT('',(0.440521252006,40.650943016647));
#5547 = CARTESIAN_POINT('',(0.440526270165,40.768427152529));
#5548 = CARTESIAN_POINT('',(0.440527082655,40.885906426552));
#5549 = CARTESIAN_POINT('',(0.440524891724,41.003436619943));
#5550 = CARTESIAN_POINT('',(0.440522211341,41.121010714882));
#5551 = CARTESIAN_POINT('',(0.440518433826,41.330492440842));
#5552 = CARTESIAN_POINT('',(0.44051727498,41.42249646674));
#5553 = CARTESIAN_POINT('',(0.440517082751,41.514502581354));
#5554 = CARTESIAN_POINT('',(0.440518001821,41.606508357088));
#5555 = CARTESIAN_POINT('',(0.440519855074,41.698512281245));
#5556 = CARTESIAN_POINT('',(0.440522143589,41.790513756026));
#5557 = CARTESIAN_POINT('',(0.440524046647,41.88251309853));
#5558 = CARTESIAN_POINT('',(0.440524955385,42.105405255196));
#5559 = CARTESIAN_POINT('',(0.44052293705,42.23645478891));
#5560 = CARTESIAN_POINT('',(0.440516785112,42.367406096463));
#5561 = CARTESIAN_POINT('',(0.440506273853,42.498301850919));
#5562 = CARTESIAN_POINT('',(0.440494962877,42.629210849546));
#5563 = CARTESIAN_POINT('',(0.440489774525,42.760195442335));
#5564 = CARTESIAN_POINT('',(0.440492008694,42.891275392108));
#5565 = CARTESIAN_POINT('',(0.44050799681,43.176051828332));
#5566 = CARTESIAN_POINT('',(0.440523877693,43.330335498991));
#5567 = CARTESIAN_POINT('',(0.440542199466,43.484371722912));
#5568 = CARTESIAN_POINT('',(0.440555867882,43.638280370551));
#5569 = CARTESIAN_POINT('',(0.440539245534,43.792186524956));
#5570 = CARTESIAN_POINT('',(0.440510686793,43.946237033804));
#5571 = CARTESIAN_POINT('',(0.440498884825,44.100527529159));
#5572 = CARTESIAN_POINT('',(0.440499336896,44.2544196546));
#5573 = ( GEOMETRIC_REPRESENTATION_CONTEXT(2) 
PARAMETRIC_REPRESENTATION_CONTEXT() REPRESENTATION_CONTEXT('2D SPACE',''
  ) );
#5574 = PCURVE('',#3640,#5575);
#5575 = DEFINITIONAL_REPRESENTATION('',(#5576),#5628);
#5576 = B_SPLINE_CURVE_WITH_KNOTS('',8,(#5577,#5578,#5579,#5580,#5581,
    #5582,#5583,#5584,#5585,#5586,#5587,#5588,#5589,#5590,#5591,#5592,
    #5593,#5594,#5595,#5596,#5597,#5598,#5599,#5600,#5601,#5602,#5603,
    #5604,#5605,#5606,#5607,#5608,#5609,#5610,#5611,#5612,#5613,#5614,
    #5615,#5616,#5617,#5618,#5619,#5620,#5621,#5622,#5623,#5624,#5625,
    #5626,#5627),.UNSPECIFIED.,.F.,.F.,(9,7,7,7,7,7,7,9),(0.,
    9.154685716843E-02,0.237059130817,0.374275779883,0.523000257159,
    0.639463299607,0.805164803364,1.),.UNSPECIFIED.);
#5577 = CARTESIAN_POINT('',(0.,4.755949338978));
#5578 = CARTESIAN_POINT('',(7.18700639323E-02,4.763957218796));
#5579 = CARTESIAN_POINT('',(0.143755498158,4.771968192606));
#5580 = CARTESIAN_POINT('',(0.215648043794,4.779979835351));
#5581 = CARTESIAN_POINT('',(0.287541759722,4.787990515052));
#5582 = CARTESIAN_POINT('',(0.359433022594,4.795999392809));
#5583 = CARTESIAN_POINT('',(0.431320526831,4.804006422797));
#5584 = CARTESIAN_POINT('',(0.503205284619,4.812012352269));
#5585 = CARTESIAN_POINT('',(0.689351232751,4.83274471822));
#5586 = CARTESIAN_POINT('',(0.803674549764,4.845479094725));
#5587 = CARTESIAN_POINT('',(0.917954472461,4.858215194851));
#5588 = CARTESIAN_POINT('',(1.032191370516,4.870950414856));
#5589 = CARTESIAN_POINT('',(1.146438211572,4.883686037646));
#5590 = CARTESIAN_POINT('',(1.260743555041,4.896424428613));
#5591 = CARTESIAN_POINT('',(1.375091415912,4.909163593121));
#5592 = CARTESIAN_POINT('',(1.597071407196,4.933889119951));
#5593 = CARTESIAN_POINT('',(1.704879300064,4.945895242431));
#5594 = CARTESIAN_POINT('',(1.81266176839,4.957897313641));
#5595 = CARTESIAN_POINT('',(1.92040788981,4.969896169447));
#5596 = CARTESIAN_POINT('',(2.028151697564,4.981897090115));
#5597 = CARTESIAN_POINT('',(2.135927608183,4.993904118517));
#5598 = CARTESIAN_POINT('',(2.243725307659,5.005915237486));
#5599 = CARTESIAN_POINT('',(2.468196841625,5.030928234348));
#5600 = CARTESIAN_POINT('',(2.585059600165,5.043951315924));
#5601 = CARTESIAN_POINT('',(2.701882054541,5.056969732896));
#5602 = CARTESIAN_POINT('',(2.818647365311,5.069980332276));
#5603 = CARTESIAN_POINT('',(2.935406884921,5.082988424034));
#5604 = CARTESIAN_POINT('',(3.052215126285,5.096000746317));
#5605 = CARTESIAN_POINT('',(3.169064985819,5.109017698068));
#5606 = CARTESIAN_POINT('',(3.377254164491,5.132210460418));
#5607 = CARTESIAN_POINT('',(3.468689570509,5.142396915844));
#5608 = CARTESIAN_POINT('',(3.560126769666,5.152584054065));
#5609 = CARTESIAN_POINT('',(3.651563872337,5.162771674562));
#5610 = CARTESIAN_POINT('',(3.742999768566,5.172959527568));
#5611 = CARTESIAN_POINT('',(3.834434128074,5.183147314064));
#5612 = CARTESIAN_POINT('',(3.925867400252,5.193334685785));
#5613 = CARTESIAN_POINT('',(4.14739061657,5.218014497151));
#5614 = CARTESIAN_POINT('',(4.277637135506,5.232523812153));
#5615 = CARTESIAN_POINT('',(4.407787296563,5.247020322095));
#5616 = CARTESIAN_POINT('',(4.537882012543,5.261508645279));
#5617 = CARTESIAN_POINT('',(4.667987404214,5.275998061122));
#5618 = CARTESIAN_POINT('',(4.798165727165,5.290498706481));
#5619 = CARTESIAN_POINT('',(4.928438340217,5.305013375181));
#5620 = CARTESIAN_POINT('',(5.211461980201,5.33655226842));
#5621 = CARTESIAN_POINT('',(5.364796765003,5.353642500491));
#5622 = CARTESIAN_POINT('',(5.517888257815,5.370706468591));
#5623 = CARTESIAN_POINT('',(5.670855417921,5.387754133218));
#5624 = CARTESIAN_POINT('',(5.823820666474,5.404787367502));
#5625 = CARTESIAN_POINT('',(5.976912032091,5.421831029487));
#5626 = CARTESIAN_POINT('',(6.130242419644,5.438909134981));
#5627 = CARTESIAN_POINT('',(6.28318530718,5.455948852637));
#5628 = ( GEOMETRIC_REPRESENTATION_CONTEXT(2) 
PARAMETRIC_REPRESENTATION_CONTEXT() REPRESENTATION_CONTEXT('2D SPACE',''
  ) );
#5629 = ORIENTED_EDGE('',*,*,#5630,.T.);
#5630 = EDGE_CURVE('',#5464,#5631,#5633,.T.);
#5631 = VERTEX_POINT('',#5632);
#5632 = CARTESIAN_POINT('',(169.59405111656,-70.5,52.9635));
#5633 = SURFACE_CURVE('',#5634,(#5685,#5739),.PCURVE_S1.);
#5634 = B_SPLINE_CURVE_WITH_KNOTS('',7,(#5635,#5636,#5637,#5638,#5639,
    #5640,#5641,#5642,#5643,#5644,#5645,#5646,#5647,#5648,#5649,#5650,
    #5651,#5652,#5653,#5654,#5655,#5656,#5657,#5658,#5659,#5660,#5661,
    #5662,#5663,#5664,#5665,#5666,#5667,#5668,#5669,#5670,#5671,#5672,
    #5673,#5674,#5675,#5676,#5677,#5678,#5679,#5680,#5681,#5682,#5683,
    #5684),.UNSPECIFIED.,.F.,.F.,(8,6,6,6,6,6,6,6,8),(0.,
    8.092218235995E-02,0.229049561424,0.403014127399,0.514912068294,
    0.664071982814,0.795531656572,0.896418927781,1.),.UNSPECIFIED.);
#5635 = CARTESIAN_POINT('',(170.29405119736,-70.5,52.9635));
#5636 = CARTESIAN_POINT('',(170.28596009201,-70.35765873602,52.9635));
#5637 = CARTESIAN_POINT('',(170.27786857149,-70.21532000398,
    52.951444270358));
#5638 = CARTESIAN_POINT('',(170.2697759266,-70.07421478354,
    52.927326394351));
#5639 = CARTESIAN_POINT('',(170.26168229754,-69.9355512159,
    52.891297793566));
#5640 = CARTESIAN_POINT('',(170.25358867385,-69.80051460384,
    52.8436677279));
#5641 = CARTESIAN_POINT('',(170.24549689443,-69.67026741168,
    52.78490329556));
#5642 = CARTESIAN_POINT('',(170.22260600969,-69.3183859364,
    52.588824206245));
#5643 = CARTESIAN_POINT('',(170.20779210413,-69.11025940526,
    52.426601919158));
#5644 = CARTESIAN_POINT('',(170.1929797651,-68.92863749613,
    52.232761679685));
#5645 = CARTESIAN_POINT('',(170.17816608111,-68.77897201223,
    52.012620432612));
#5646 = CARTESIAN_POINT('',(170.16334530186,-68.66551760405,
    51.772440652733));
#5647 = CARTESIAN_POINT('',(170.1485200103,-68.59120720502,
    51.519237640653));
#5648 = CARTESIAN_POINT('',(170.11632013842,-68.51679147171,
    50.957646124473));
#5649 = CARTESIAN_POINT('',(170.09890178392,-68.53176968629,
    50.646435839444));
#5650 = CARTESIAN_POINT('',(170.08151802157,-68.60400658879,
    50.340442167031));
#5651 = CARTESIAN_POINT('',(170.06413279232,-68.7310717571,
    50.052009169754));
#5652 = CARTESIAN_POINT('',(170.0467360981,-68.90810502531,
    49.792178094797));
#5653 = CARTESIAN_POINT('',(170.02930744534,-69.127635494,
    49.571076509805));
#5654 = CARTESIAN_POINT('',(170.00072174889,-69.53999475924,
    49.283405696125));
#5655 = CARTESIAN_POINT('',(169.9895310088,-69.71468064514,
    49.189674557656));
#5656 = CARTESIAN_POINT('',(169.9783401668,-69.89982849274,
    49.116742352096));
#5657 = CARTESIAN_POINT('',(169.96715003798,-70.09248016282,
    49.065980077822));
#5658 = CARTESIAN_POINT('',(169.9559611915,-70.28952950403,
    49.038205444215));
#5659 = CARTESIAN_POINT('',(169.94477395053,-70.48772235288,
    49.033682871667));
#5660 = CARTESIAN_POINT('',(169.91867804732,-70.94483672558,
    49.076704831219));
#5661 = CARTESIAN_POINT('',(169.90375434146,-71.20241233471,
    49.142092941308));
#5662 = CARTESIAN_POINT('',(169.88884302637,-71.4482599966,
    49.247647732466));
#5663 = CARTESIAN_POINT('',(169.87393275776,-71.67505566259,
    49.390593728101));
#5664 = CARTESIAN_POINT('',(169.85901880978,-71.87633538718,
    49.566865921782));
#5665 = CARTESIAN_POINT('',(169.84409349195,-72.04642961423,
    49.771036550952));
#5666 = CARTESIAN_POINT('',(169.81604371573,-72.30009518232,
    50.194360952098));
#5667 = CARTESIAN_POINT('',(169.802895107,-72.39172546409,
    50.409172607517));
#5668 = CARTESIAN_POINT('',(169.78975340767,-72.45324637851,
    50.635792375961));
#5669 = CARTESIAN_POINT('',(169.77661376851,-72.48301321173,
    50.86912879261));
#5670 = CARTESIAN_POINT('',(169.76347046148,-72.48035128109,
    51.10396307888));
#5671 = CARTESIAN_POINT('',(169.75031832263,-72.44556173827,
    51.334937824949));
#5672 = CARTESIAN_POINT('',(169.72708713476,-72.33020778258,
    51.726982064194));
#5673 = CARTESIAN_POINT('',(169.71699629905,-72.26210991708,
    51.891990879242));
#5674 = CARTESIAN_POINT('',(169.70690288637,-72.17670862589,
    52.049400378878));
#5675 = CARTESIAN_POINT('',(169.69680813167,-72.07502702982,
    52.197046293163));
#5676 = CARTESIAN_POINT('',(169.68671345066,-71.95840472418,
    52.332978845147));
#5677 = CARTESIAN_POINT('',(169.67662043976,-71.82849777887,
    52.455462750862));
#5678 = CARTESIAN_POINT('',(169.65617191006,-71.54228899413,
    52.673362442256));
#5679 = CARTESIAN_POINT('',(169.64581722535,-71.38536214512,
    52.767987866073));
#5680 = CARTESIAN_POINT('',(169.63546666556,-71.21854463363,
    52.845339830119));
#5681 = CARTESIAN_POINT('',(169.62511624783,-71.04408828184,
    52.904208995208));
#5682 = CARTESIAN_POINT('',(169.61476209117,-70.86442719155,
    52.943743147104));
#5683 = CARTESIAN_POINT('',(169.60440434483,-70.68215464405,52.9635));
#5684 = CARTESIAN_POINT('',(169.59405111656,-70.5,52.9635));
#5685 = PCURVE('',#1285,#5686);
#5686 = DEFINITIONAL_REPRESENTATION('',(#5687),#5738);
#5687 = B_SPLINE_CURVE_WITH_KNOTS('',7,(#5688,#5689,#5690,#5691,#5692,
    #5693,#5694,#5695,#5696,#5697,#5698,#5699,#5700,#5701,#5702,#5703,
    #5704,#5705,#5706,#5707,#5708,#5709,#5710,#5711,#5712,#5713,#5714,
    #5715,#5716,#5717,#5718,#5719,#5720,#5721,#5722,#5723,#5724,#5725,
    #5726,#5727,#5728,#5729,#5730,#5731,#5732,#5733,#5734,#5735,#5736,
    #5737),.UNSPECIFIED.,.F.,.F.,(8,6,6,6,6,6,6,6,8),(0.,
    8.092218235995E-02,0.229049561424,0.403014127399,0.514912068294,
    0.664071982814,0.795531656572,0.896418927781,1.),.UNSPECIFIED.);
#5688 = CARTESIAN_POINT('',(0.440499336896,44.2544196546));
#5689 = CARTESIAN_POINT('',(0.440499551557,44.327493482685));
#5690 = CARTESIAN_POINT('',(0.44050363496,44.400554572127));
#5691 = CARTESIAN_POINT('',(0.44050901074,44.473620587202));
#5692 = CARTESIAN_POINT('',(0.440513693327,44.546698805956));
#5693 = CARTESIAN_POINT('',(0.44051628795,44.619786120201));
#5694 = CARTESIAN_POINT('',(0.440515990632,44.692869035518));
#5695 = CARTESIAN_POINT('',(0.440506360065,44.899649571924));
#5696 = CARTESIAN_POINT('',(0.440491788143,45.03350256104));
#5697 = CARTESIAN_POINT('',(0.440491893237,45.167279436461));
#5698 = CARTESIAN_POINT('',(0.4405094386,45.300995027735));
#5699 = CARTESIAN_POINT('',(0.440530233858,45.434761152806));
#5700 = CARTESIAN_POINT('',(0.440537479204,45.56862537061));
#5701 = CARTESIAN_POINT('',(0.440536763033,45.859442075597));
#5702 = CARTESIAN_POINT('',(0.440524670731,46.016807375771));
#5703 = CARTESIAN_POINT('',(0.440500917386,46.173909475277));
#5704 = CARTESIAN_POINT('',(0.440486169528,46.330986688227));
#5705 = CARTESIAN_POINT('',(0.44048854494,46.488095061749));
#5706 = CARTESIAN_POINT('',(0.440497044684,46.64546616735));
#5707 = CARTESIAN_POINT('',(0.440512402532,46.903573224475));
#5708 = CARTESIAN_POINT('',(0.440518716443,47.004615804691));
#5709 = CARTESIAN_POINT('',(0.440523543753,47.10566559179));
#5710 = CARTESIAN_POINT('',(0.440525950525,47.206719175247));
#5711 = CARTESIAN_POINT('',(0.440525857726,47.307771752038));
#5712 = CARTESIAN_POINT('',(0.440524041227,47.40881712665));
#5713 = CARTESIAN_POINT('',(0.44051958654,47.644521443372));
#5714 = CARTESIAN_POINT('',(0.440516544688,47.77931796817));
#5715 = CARTESIAN_POINT('',(0.440515367604,47.91399472814));
#5716 = CARTESIAN_POINT('',(0.440518809809,48.048642527348));
#5717 = CARTESIAN_POINT('',(0.440523563457,48.18331799154));
#5718 = CARTESIAN_POINT('',(0.440525574266,48.318107687769));
#5719 = CARTESIAN_POINT('',(0.440522824477,48.571451129277));
#5720 = CARTESIAN_POINT('',(0.440518817329,48.690219814233));
#5721 = CARTESIAN_POINT('',(0.440511552596,48.808939830651));
#5722 = CARTESIAN_POINT('',(0.440501894656,48.927651335951));
#5723 = CARTESIAN_POINT('',(0.440494382076,49.046386918715));
#5724 = CARTESIAN_POINT('',(0.440492060191,49.165180377531));
#5725 = CARTESIAN_POINT('',(0.440496763722,49.374973252274));
#5726 = CARTESIAN_POINT('',(0.440502143799,49.466086052317));
#5727 = CARTESIAN_POINT('',(0.440509964074,49.557211847616));
#5728 = CARTESIAN_POINT('',(0.440519008986,49.648344615429));
#5729 = CARTESIAN_POINT('',(0.44052774497,49.73947803739));
#5730 = CARTESIAN_POINT('',(0.44053432046,49.830605499506));
#5731 = CARTESIAN_POINT('',(0.440538871268,50.015267544571));
#5732 = CARTESIAN_POINT('',(0.440537429802,50.108792129837));
#5733 = CARTESIAN_POINT('',(0.440530458068,50.202302776089));
#5734 = CARTESIAN_POINT('',(0.44051983882,50.29582747538));
#5735 = CARTESIAN_POINT('',(0.440509215991,50.389385871586));
#5736 = CARTESIAN_POINT('',(0.440502089709,50.482961848311));
#5737 = CARTESIAN_POINT('',(0.440499911305,50.57647611679));
#5738 = ( GEOMETRIC_REPRESENTATION_CONTEXT(2) 
PARAMETRIC_REPRESENTATION_CONTEXT() REPRESENTATION_CONTEXT('2D SPACE',''
  ) );
#5739 = PCURVE('',#3471,#5740);
#5740 = DEFINITIONAL_REPRESENTATION('',(#5741),#5792);
#5741 = B_SPLINE_CURVE_WITH_KNOTS('',7,(#5742,#5743,#5744,#5745,#5746,
    #5747,#5748,#5749,#5750,#5751,#5752,#5753,#5754,#5755,#5756,#5757,
    #5758,#5759,#5760,#5761,#5762,#5763,#5764,#5765,#5766,#5767,#5768,
    #5769,#5770,#5771,#5772,#5773,#5774,#5775,#5776,#5777,#5778,#5779,
    #5780,#5781,#5782,#5783,#5784,#5785,#5786,#5787,#5788,#5789,#5790,
    #5791),.UNSPECIFIED.,.F.,.F.,(8,6,6,6,6,6,6,6,8),(0.,
    8.092218235995E-02,0.229049561424,0.403014127399,0.514912068294,
    0.664071982814,0.795531656572,0.896418927781,1.),.UNSPECIFIED.);
#5742 = CARTESIAN_POINT('',(0.,5.455948852637));
#5743 = CARTESIAN_POINT('',(7.262309386256E-02,5.464039957982));
#5744 = CARTESIAN_POINT('',(0.145237716395,5.472131478509));
#5745 = CARTESIAN_POINT('',(0.217858412819,5.480224123396));
#5746 = CARTESIAN_POINT('',(0.290490718653,5.488317752457));
#5747 = CARTESIAN_POINT('',(0.363131159714,5.496411376148));
#5748 = CARTESIAN_POINT('',(0.43576725211,5.504503155563));
#5749 = CARTESIAN_POINT('',(0.641289958795,5.527394040307));
#5750 = CARTESIAN_POINT('',(0.774329338931,5.542207945867));
#5751 = CARTESIAN_POINT('',(0.907271570182,5.557020284896));
#5752 = CARTESIAN_POINT('',(1.040151743301,5.57183396889));
#5753 = CARTESIAN_POINT('',(1.173092427804,5.58665474814));
#5754 = CARTESIAN_POINT('',(1.306132311054,5.601480039697));
#5755 = CARTESIAN_POINT('',(1.595163140534,5.633679911573));
#5756 = CARTESIAN_POINT('',(1.751564488779,5.651098266079));
#5757 = CARTESIAN_POINT('',(1.907702903538,5.668482028428));
#5758 = CARTESIAN_POINT('',(2.063810100115,5.685867257679));
#5759 = CARTESIAN_POINT('',(2.219950290937,5.703263951897));
#5760 = CARTESIAN_POINT('',(2.376354308397,5.720692604656));
#5761 = CARTESIAN_POINT('',(2.632878233855,5.749278301104));
#5762 = CARTESIAN_POINT('',(2.733302006884,5.760469041197));
#5763 = CARTESIAN_POINT('',(2.833733131601,5.771659883198));
#5764 = CARTESIAN_POINT('',(2.934167607536,5.782850012013));
#5765 = CARTESIAN_POINT('',(3.034600200423,5.794038858498));
#5766 = CARTESIAN_POINT('',(3.135024442196,5.805226099462));
#5767 = CARTESIAN_POINT('',(3.369276710134,5.831322002678));
#5768 = CARTESIAN_POINT('',(3.503240716803,5.846245708537));
#5769 = CARTESIAN_POINT('',(3.637084007104,5.861157023623));
#5770 = CARTESIAN_POINT('',(3.770898796042,5.876067292238));
#5771 = CARTESIAN_POINT('',(3.90474410405,5.890981240212));
#5772 = CARTESIAN_POINT('',(4.038705572467,5.905906558044));
#5773 = CARTESIAN_POINT('',(4.290495173496,5.933956334266));
#5774 = CARTESIAN_POINT('',(4.408536582193,5.947104942997));
#5775 = CARTESIAN_POINT('',(4.526530024856,5.960246642329));
#5776 = CARTESIAN_POINT('',(4.644514001005,5.973386281484));
#5777 = CARTESIAN_POINT('',(4.762519912794,5.986529588514));
#5778 = CARTESIAN_POINT('',(4.880582263933,5.99968172737));
#5779 = CARTESIAN_POINT('',(5.089083652874,6.02291291524));
#5780 = CARTESIAN_POINT('',(5.17963536214,6.033003750949));
#5781 = CARTESIAN_POINT('',(5.270200471778,6.04309716363));
#5782 = CARTESIAN_POINT('',(5.360773311494,6.053191918322));
#5783 = CARTESIAN_POINT('',(5.451347547427,6.063286599332));
#5784 = CARTESIAN_POINT('',(5.54191618216,6.073379610233));
#5785 = CARTESIAN_POINT('',(5.725444855223,6.093828139933));
#5786 = CARTESIAN_POINT('',(5.818395010398,6.104182824643));
#5787 = CARTESIAN_POINT('',(5.911329781181,6.114533384432));
#5788 = CARTESIAN_POINT('',(6.004276326742,6.124883802166));
#5789 = CARTESIAN_POINT('',(6.097254353527,6.135237958821));
#5790 = CARTESIAN_POINT('',(6.190249264297,6.145595705165));
#5791 = CARTESIAN_POINT('',(6.28318530718,6.155948933432));
#5792 = ( GEOMETRIC_REPRESENTATION_CONTEXT(2) 
PARAMETRIC_REPRESENTATION_CONTEXT() REPRESENTATION_CONTEXT('2D SPACE',''
  ) );
#5793 = ORIENTED_EDGE('',*,*,#5794,.T.);
#5794 = EDGE_CURVE('',#5631,#5795,#5797,.T.);
#5795 = VERTEX_POINT('',#5796);
#5796 = CARTESIAN_POINT('',(168.8940504342,-70.5,52.9635));
#5797 = SURFACE_CURVE('',#5798,(#5849,#5903),.PCURVE_S1.);
#5798 = B_SPLINE_CURVE_WITH_KNOTS('',7,(#5799,#5800,#5801,#5802,#5803,
    #5804,#5805,#5806,#5807,#5808,#5809,#5810,#5811,#5812,#5813,#5814,
    #5815,#5816,#5817,#5818,#5819,#5820,#5821,#5822,#5823,#5824,#5825,
    #5826,#5827,#5828,#5829,#5830,#5831,#5832,#5833,#5834,#5835,#5836,
    #5837,#5838,#5839,#5840,#5841,#5842,#5843,#5844,#5845,#5846,#5847,
    #5848),.UNSPECIFIED.,.F.,.F.,(8,6,6,6,6,6,6,6,8),(0.,
    8.168725936136E-02,0.158072077462,0.308977537331,0.397752531541,
    0.559150618328,0.711910949613,0.851278342478,1.),.UNSPECIFIED.);
#5799 = CARTESIAN_POINT('',(169.59405111656,-70.5,52.9635));
#5800 = CARTESIAN_POINT('',(169.5858867756,-70.35635662779,52.9635));
#5801 = CARTESIAN_POINT('',(169.57772026087,-70.21268695901,
    52.951214857178));
#5802 = CARTESIAN_POINT('',(169.56955246925,-70.07028970865,
    52.926648282715));
#5803 = CARTESIAN_POINT('',(169.56138425434,-69.93042120967,
    52.889960739125));
#5804 = CARTESIAN_POINT('',(169.5532164264,-69.794295413,52.84146944025)
  );
#5805 = CARTESIAN_POINT('',(169.54504975241,-69.66308388752,
    52.781648351266));
#5806 = CARTESIAN_POINT('',(169.52925014866,-69.42087259771,
    52.645185594524));
#5807 = CARTESIAN_POINT('',(169.521616957,-69.30910454379,
    52.569884839845));
#5808 = CARTESIAN_POINT('',(169.51398348502,-69.20349829356,
    52.485726098627));
#5809 = CARTESIAN_POINT('',(169.5063475313,-69.10488231039,
    52.393311988676));
#5810 = CARTESIAN_POINT('',(169.49870836657,-69.01402416866,
    52.29334551914));
#5811 = CARTESIAN_POINT('',(169.4910677071,-68.93161470219,
    52.186636591706));
#5812 = CARTESIAN_POINT('',(169.46834063894,-68.71327838921,
    51.851824029481));
#5813 = CARTESIAN_POINT('',(169.45322738154,-68.60323887683,
    51.6063331682));
#5814 = CARTESIAN_POINT('',(169.43812814963,-68.53295302518,
    51.3447009345));
#5815 = CARTESIAN_POINT('',(169.42304298759,-68.50486463001,
    51.074735277786));
#5816 = CARTESIAN_POINT('',(169.4079613977,-68.51976051717,
    50.804307238815));
#5817 = CARTESIAN_POINT('',(169.39286725259,-68.57682703717,
    50.541471645583));
#5818 = CARTESIAN_POINT('',(169.36891070433,-68.72944155941,
    50.148450962156));
#5819 = CARTESIAN_POINT('',(169.36003598488,-68.79951853303,
    50.008101955097));
#5820 = CARTESIAN_POINT('',(169.35115994873,-68.88253015852,
    49.874538478514));
#5821 = CARTESIAN_POINT('',(169.34228287764,-68.97768078355,
    49.749184513384));
#5822 = CARTESIAN_POINT('',(169.33340517334,-69.08399469095,
    49.63332400647));
#5823 = CARTESIAN_POINT('',(169.32452735757,-69.20031609876,
    49.528100870317));
#5824 = CARTESIAN_POINT('',(169.29951065225,-69.55255379318,
    49.26438168656));
#5825 = CARTESIAN_POINT('',(169.2833484179,-69.80887332077,
    49.132407773021));
#5826 = CARTESIAN_POINT('',(169.26720375925,-70.08597119132,
    49.045054977399));
#5827 = CARTESIAN_POINT('',(169.25107278593,-70.37457352632,
    49.005702658603));
#5828 = CARTESIAN_POINT('',(169.23493378804,-70.6649414163,
    49.015678364696));
#5829 = CARTESIAN_POINT('',(169.21877762558,-70.94723572412,
    49.074208402692));
#5830 = CARTESIAN_POINT('',(169.18737001563,-71.46207754063,
    49.274859539887));
#5831 = CARTESIAN_POINT('',(169.17208195223,-71.69707663878,
    49.412570254938));
#5832 = CARTESIAN_POINT('',(169.15680416483,-71.90847863173,
    49.587349485895));
#5833 = CARTESIAN_POINT('',(169.14153351084,-72.0896123771,49.7941827699
    ));
#5834 = CARTESIAN_POINT('',(169.126256511,-72.23498651727,
    50.026819001398));
#5835 = CARTESIAN_POINT('',(169.1109697945,-72.34048487659,
    50.277966434135));
#5836 = CARTESIAN_POINT('',(169.08177253698,-72.4622513688,
    50.777113459364));
#5837 = CARTESIAN_POINT('',(169.06783328843,-72.48561207512,
    51.023911812833));
#5838 = CARTESIAN_POINT('',(169.05390142145,-72.47270712135,
    51.272975219345));
#5839 = CARTESIAN_POINT('',(169.03997283561,-72.42341969444,
    51.517924795265));
#5840 = CARTESIAN_POINT('',(169.02603666437,-72.33900359548,
    51.752576396975));
#5841 = CARTESIAN_POINT('',(169.01208990211,-72.22203628263,
    51.971112466072));
#5842 = CARTESIAN_POINT('',(168.98327865758,-71.92093063136,
    52.378627308658));
#5843 = CARTESIAN_POINT('',(168.96839047045,-71.73257320289,
    52.565010496935));
#5844 = CARTESIAN_POINT('',(168.95351498708,-71.51603264071,
    52.7207956356));
#5845 = CARTESIAN_POINT('',(168.9386532136,-71.27734734575,
    52.84120349018));
#5846 = CARTESIAN_POINT('',(168.92379006498,-71.02336810208,
    52.922778955233));
#5847 = CARTESIAN_POINT('',(168.90891465186,-70.76154581596,52.9635));
#5848 = CARTESIAN_POINT('',(168.8940504342,-70.5,52.9635));
#5849 = PCURVE('',#1285,#5850);
#5850 = DEFINITIONAL_REPRESENTATION('',(#5851),#5902);
#5851 = B_SPLINE_CURVE_WITH_KNOTS('',7,(#5852,#5853,#5854,#5855,#5856,
    #5857,#5858,#5859,#5860,#5861,#5862,#5863,#5864,#5865,#5866,#5867,
    #5868,#5869,#5870,#5871,#5872,#5873,#5874,#5875,#5876,#5877,#5878,
    #5879,#5880,#5881,#5882,#5883,#5884,#5885,#5886,#5887,#5888,#5889,
    #5890,#5891,#5892,#5893,#5894,#5895,#5896,#5897,#5898,#5899,#5900,
    #5901),.UNSPECIFIED.,.F.,.F.,(8,6,6,6,6,6,6,6,8),(0.,
    8.168725936136E-02,0.158072077462,0.308977537331,0.397752531541,
    0.559150618328,0.711910949613,0.851278342478,1.),.UNSPECIFIED.);
#5852 = CARTESIAN_POINT('',(0.440499911305,50.57647611679));
#5853 = CARTESIAN_POINT('',(0.44049819346,50.650219528296));
#5854 = CARTESIAN_POINT('',(0.440500268012,50.723966384953));
#5855 = CARTESIAN_POINT('',(0.44050466337,50.797715132608));
#5856 = CARTESIAN_POINT('',(0.440509864326,50.871464624011));
#5857 = CARTESIAN_POINT('',(0.440514312058,50.945214118812));
#5858 = CARTESIAN_POINT('',(0.440516404127,51.01896328356));
#5859 = CARTESIAN_POINT('',(0.440512708791,51.161673948757));
#5860 = CARTESIAN_POINT('',(0.440508311287,51.230631837152));
#5861 = CARTESIAN_POINT('',(0.440502523883,51.299597966587));
#5862 = CARTESIAN_POINT('',(0.440498539428,51.368578825987));
#5863 = CARTESIAN_POINT('',(0.440497956518,51.437574304021));
#5864 = CARTESIAN_POINT('',(0.440500109417,51.506571741284));
#5865 = CARTESIAN_POINT('',(0.440512558332,51.711778506891));
#5866 = CARTESIAN_POINT('',(0.440528548783,51.848206349722));
#5867 = CARTESIAN_POINT('',(0.44054599832,51.984501576332));
#5868 = CARTESIAN_POINT('',(0.440545513418,52.120745562473));
#5869 = CARTESIAN_POINT('',(0.440533523818,52.257005887073));
#5870 = CARTESIAN_POINT('',(0.440519409941,52.393388545296));
#5871 = CARTESIAN_POINT('',(0.440501653906,52.609827475828));
#5872 = CARTESIAN_POINT('',(0.440496146149,52.690002889355));
#5873 = CARTESIAN_POINT('',(0.440492720275,52.770181385713));
#5874 = CARTESIAN_POINT('',(0.440491850807,52.850358416837));
#5875 = CARTESIAN_POINT('',(0.44049347379,52.930530626835));
#5876 = CARTESIAN_POINT('',(0.440496986794,53.010695851985));
#5877 = CARTESIAN_POINT('',(0.440508997676,53.236583682956));
#5878 = CARTESIAN_POINT('',(0.44051971338,53.382507750357));
#5879 = CARTESIAN_POINT('',(0.44052788555,53.528283836854));
#5880 = CARTESIAN_POINT('',(0.440528423827,53.673968603158));
#5881 = CARTESIAN_POINT('',(0.440523434079,53.819749237));
#5882 = CARTESIAN_POINT('',(0.440519916352,53.965678710593));
#5883 = CARTESIAN_POINT('',(0.440516934891,54.249349615861));
#5884 = CARTESIAN_POINT('',(0.440517273754,54.387422576883));
#5885 = CARTESIAN_POINT('',(0.440521340109,54.525386983032));
#5886 = CARTESIAN_POINT('',(0.4405262568,54.663283341316));
#5887 = CARTESIAN_POINT('',(0.440527681695,54.801251712737));
#5888 = CARTESIAN_POINT('',(0.440523292362,54.939332353742));
#5889 = CARTESIAN_POINT('',(0.440510120285,55.203083213591));
#5890 = CARTESIAN_POINT('',(0.44050143791,55.329012283792));
#5891 = CARTESIAN_POINT('',(0.440492858781,55.454874250453));
#5892 = CARTESIAN_POINT('',(0.440488500783,55.580688783001));
#5893 = CARTESIAN_POINT('',(0.440491554015,55.70654057443));
#5894 = CARTESIAN_POINT('',(0.440501736642,55.832457967733));
#5895 = CARTESIAN_POINT('',(0.440524504113,56.092571081669));
#5896 = CARTESIAN_POINT('',(0.440537350695,56.226979793861));
#5897 = CARTESIAN_POINT('',(0.440547371181,56.361285716007));
#5898 = CARTESIAN_POINT('',(0.44054207884,56.495532446293));
#5899 = CARTESIAN_POINT('',(0.44052367634,56.62984682308));
#5900 = CARTESIAN_POINT('',(0.440508398312,56.764258559013));
#5901 = CARTESIAN_POINT('',(0.440501939661,56.898531870167));
#5902 = ( GEOMETRIC_REPRESENTATION_CONTEXT(2) 
PARAMETRIC_REPRESENTATION_CONTEXT() REPRESENTATION_CONTEXT('2D SPACE',''
  ) );
#5903 = PCURVE('',#3301,#5904);
#5904 = DEFINITIONAL_REPRESENTATION('',(#5905),#5956);
#5905 = B_SPLINE_CURVE_WITH_KNOTS('',7,(#5906,#5907,#5908,#5909,#5910,
    #5911,#5912,#5913,#5914,#5915,#5916,#5917,#5918,#5919,#5920,#5921,
    #5922,#5923,#5924,#5925,#5926,#5927,#5928,#5929,#5930,#5931,#5932,
    #5933,#5934,#5935,#5936,#5937,#5938,#5939,#5940,#5941,#5942,#5943,
    #5944,#5945,#5946,#5947,#5948,#5949,#5950,#5951,#5952,#5953,#5954,
    #5955),.UNSPECIFIED.,.F.,.F.,(8,6,6,6,6,6,6,6,8),(0.,
    8.168725936136E-02,0.158072077462,0.308977537331,0.397752531541,
    0.559150618328,0.711910949613,0.851278342478,1.),.UNSPECIFIED.);
#5906 = CARTESIAN_POINT('',(0.,6.155948933432));
#5907 = CARTESIAN_POINT('',(7.32874348004E-02,6.164113274391));
#5908 = CARTESIAN_POINT('',(0.146581499363,6.172279789126));
#5909 = CARTESIAN_POINT('',(0.219879131756,6.180447580742));
#5910 = CARTESIAN_POINT('',(0.293178174241,6.188615795656));
#5911 = CARTESIAN_POINT('',(0.36647737327,6.196783623593));
#5912 = CARTESIAN_POINT('',(0.43977637949,6.204950297589));
#5913 = CARTESIAN_POINT('',(0.581617145187,6.220749901331));
#5914 = CARTESIAN_POINT('',(0.65015726284,6.228383092998));
#5915 = CARTESIAN_POINT('',(0.718703008689,6.236016564974));
#5916 = CARTESIAN_POINT('',(0.787260176396,6.243652518692));
#5917 = CARTESIAN_POINT('',(0.85582962163,6.251291683423));
#5918 = CARTESIAN_POINT('',(0.924399802505,6.258932342893));
#5919 = CARTESIAN_POINT('',(1.12833482471,6.281659411058));
#5920 = CARTESIAN_POINT('',(1.263915744355,6.296772668451));
#5921 = CARTESIAN_POINT('',(1.399370449359,6.31187190037));
#5922 = CARTESIAN_POINT('',(1.534781157865,6.326957062406));
#5923 = CARTESIAN_POINT('',(1.670206402933,6.342038652296));
#5924 = CARTESIAN_POINT('',(1.805751748951,6.357132797408));
#5925 = CARTESIAN_POINT('',(2.020859773931,6.381089345662));
#5926 = CARTESIAN_POINT('',(2.100541657182,6.389964065115));
#5927 = CARTESIAN_POINT('',(2.180226407034,6.398840101263));
#5928 = CARTESIAN_POINT('',(2.259909779234,6.407717172357));
#5929 = CARTESIAN_POINT('',(2.339588664187,6.416594876656));
#5930 = CARTESIAN_POINT('',(2.419261086952,6.425472692428));
#5931 = CARTESIAN_POINT('',(2.643762015045,6.45048939775));
#5932 = CARTESIAN_POINT('',(2.788791832708,6.466651632093));
#5933 = CARTESIAN_POINT('',(2.933676618038,6.482796290744));
#5934 = CARTESIAN_POINT('',(3.078469274783,6.498927264069));
#5935 = CARTESIAN_POINT('',(3.223353507588,6.515066261951));
#5936 = CARTESIAN_POINT('',(3.368382504546,6.531222424417));
#5937 = CARTESIAN_POINT('',(3.65030106639,6.562630034366));
#5938 = CARTESIAN_POINT('',(3.787520180972,6.577918097766));
#5939 = CARTESIAN_POINT('',(3.924631975806,6.593195885166));
#5940 = CARTESIAN_POINT('',(4.061679348398,6.608466539152));
#5941 = CARTESIAN_POINT('',(4.19880171841,6.623743538998));
#5942 = CARTESIAN_POINT('',(4.336036793731,6.639030255494));
#5943 = CARTESIAN_POINT('',(4.598171901089,6.668227513019));
#5944 = CARTESIAN_POINT('',(4.723329439328,6.682166761565));
#5945 = CARTESIAN_POINT('',(4.848418329369,6.696098628541));
#5946 = CARTESIAN_POINT('',(4.973458238758,6.710027214385));
#5947 = CARTESIAN_POINT('',(5.098534533155,6.723963385622));
#5948 = CARTESIAN_POINT('',(5.223676728312,6.737910147885));
#5949 = CARTESIAN_POINT('',(5.482191130233,6.766721392413));
#5950 = CARTESIAN_POINT('',(5.615774832203,6.781609579544));
#5951 = CARTESIAN_POINT('',(5.749258682243,6.796485062918));
#5952 = CARTESIAN_POINT('',(5.882682156704,6.811346836395));
#5953 = CARTESIAN_POINT('',(6.016167226476,6.826209985014));
#5954 = CARTESIAN_POINT('',(6.149743564341,6.841085398135));
#5955 = CARTESIAN_POINT('',(6.28318530718,6.855949615794));
#5956 = ( GEOMETRIC_REPRESENTATION_CONTEXT(2) 
PARAMETRIC_REPRESENTATION_CONTEXT() REPRESENTATION_CONTEXT('2D SPACE',''
  ) );
#5957 = ORIENTED_EDGE('',*,*,#5958,.T.);
#5958 = EDGE_CURVE('',#5795,#5959,#5961,.T.);
#5959 = VERTEX_POINT('',#5960);
#5960 = CARTESIAN_POINT('',(168.19404918845,-70.5,52.9635));
#5961 = SURFACE_CURVE('',#5962,(#6021,#6083),.PCURVE_S1.);
#5962 = B_SPLINE_CURVE_WITH_KNOTS('',8,(#5963,#5964,#5965,#5966,#5967,
    #5968,#5969,#5970,#5971,#5972,#5973,#5974,#5975,#5976,#5977,#5978,
    #5979,#5980,#5981,#5982,#5983,#5984,#5985,#5986,#5987,#5988,#5989,
    #5990,#5991,#5992,#5993,#5994,#5995,#5996,#5997,#5998,#5999,#6000,
    #6001,#6002,#6003,#6004,#6005,#6006,#6007,#6008,#6009,#6010,#6011,
    #6012,#6013,#6014,#6015,#6016,#6017,#6018,#6019,#6020),
  .UNSPECIFIED.,.F.,.F.,(9,7,7,7,7,7,7,7,9),(0.,3.307497416639E-02,
    0.138527379688,0.264971058357,0.366527018644,0.520105808017,
    0.689881763931,0.866601298733,1.),.UNSPECIFIED.);
#5963 = CARTESIAN_POINT('',(168.8940504342,-70.5,52.9635));
#5964 = CARTESIAN_POINT('',(168.89116012942,-70.44914316106,52.9635));
#5965 = CARTESIAN_POINT('',(168.88826764218,-70.39825027054,
    52.961989574741));
#5966 = CARTESIAN_POINT('',(168.88537428337,-70.34739708919,
    52.958969225321));
#5967 = CARTESIAN_POINT('',(168.88248095299,-70.29665176534,
    52.954441491049));
#5968 = CARTESIAN_POINT('',(168.87958814015,-70.24607483492,
    52.948410949441));
#5969 = CARTESIAN_POINT('',(168.87669592309,-70.19571922142,
    52.940884216225));
#5970 = CARTESIAN_POINT('',(168.87380396915,-70.14563023592,
    52.931869945339));
#5971 = CARTESIAN_POINT('',(168.86168963316,-69.93711795409,
    52.887930172054));
#5972 = CARTESIAN_POINT('',(168.85246203201,-69.78146134964,
    52.839448108907));
#5973 = CARTESIAN_POINT('',(168.84323341838,-69.6306375441,
    52.776274508705));
#5974 = CARTESIAN_POINT('',(168.83400869992,-69.48627913393,
    52.699000084015));
#5975 = CARTESIAN_POINT('',(168.82478881251,-69.34989904926,
    52.608416651155));
#5976 = CARTESIAN_POINT('',(168.81557025943,-69.22288952382,
    52.505489355117));
#5977 = CARTESIAN_POINT('',(168.80634838202,-69.10651051724,
    52.391348858977));
#5978 = CARTESIAN_POINT('',(168.78606421572,-68.876394523,52.11856576437
    ));
#5979 = CARTESIAN_POINT('',(168.77499977821,-68.76778068565,
    51.955570326181));
#5980 = CARTESIAN_POINT('',(168.76393453489,-68.67796538523,
    51.780601411446));
#5981 = CARTESIAN_POINT('',(168.75286885878,-68.60843491206,
    51.596190902907));
#5982 = CARTESIAN_POINT('',(168.7418029033,-68.56027677939,
    51.40504472116));
#5983 = CARTESIAN_POINT('',(168.73073645263,-68.53418432703,
    51.210021524152));
#5984 = CARTESIAN_POINT('',(168.7196704535,-68.53039783037,
    51.014120033087));
#5985 = CARTESIAN_POINT('',(168.69973548856,-68.56316222522,
    50.664866018693));
#5986 = CARTESIAN_POINT('',(168.69085520232,-68.59194673825,
    50.510563099636));
#5987 = CARTESIAN_POINT('',(168.68197432566,-68.63476421986,
    50.359107644889));
#5988 = CARTESIAN_POINT('',(168.67309300178,-68.69127925525,
    50.212002869821));
#5989 = CARTESIAN_POINT('',(168.66421128493,-68.76097859061,
    50.070670098041));
#5990 = CARTESIAN_POINT('',(168.65532914039,-68.84317113311,
    49.936448761391));
#5991 = CARTESIAN_POINT('',(168.6464464445,-68.93698795096,
    49.810596399952));
#5992 = CARTESIAN_POINT('',(168.62412890352,-69.19925339779,
    49.51840138243));
#5993 = CARTESIAN_POINT('',(168.61068018799,-69.38151900058,
    49.364102636666));
#5994 = CARTESIAN_POINT('',(168.59723505688,-69.58450355886,
    49.235623381106));
#5995 = CARTESIAN_POINT('',(168.58379653989,-69.80388632761,
    49.136081655317));
#5996 = CARTESIAN_POINT('',(168.57035908892,-70.03490293106,
    49.067724991285));
#5997 = CARTESIAN_POINT('',(168.55691616562,-70.27247867575,
    49.031983445496));
#5998 = CARTESIAN_POINT('',(168.54346880498,-70.51129358561,
    49.029333253897));
#5999 = CARTESIAN_POINT('',(168.51518472713,-71.00499472152,
    49.091734718052));
#6000 = CARTESIAN_POINT('',(168.50031368508,-71.25958606837,
    49.16403840034));
#6001 = CARTESIAN_POINT('',(168.48545505738,-71.50191900229,
    49.275100746913));
#6002 = CARTESIAN_POINT('',(168.47060279061,-71.72519899499,
    49.422271959957));
#6003 = CARTESIAN_POINT('',(168.4557490123,-71.92346261612,
    49.601729316453));
#6004 = CARTESIAN_POINT('',(168.44088741883,-72.09151607038,
    49.808652959808));
#6005 = CARTESIAN_POINT('',(168.42601518365,-72.22509896673,
    50.037117164346));
#6006 = CARTESIAN_POINT('',(168.39570906194,-72.42194868119,
    50.532678036401));
#6007 = CARTESIAN_POINT('',(168.38022582279,-72.48245171639,
    50.801810887428));
#6008 = CARTESIAN_POINT('',(168.36475959871,-72.49957239198,
    51.079295062432));
#6009 = CARTESIAN_POINT('',(168.34930404222,-72.47238019817,
    51.356920990712));
#6010 = CARTESIAN_POINT('',(168.33384595423,-72.40147683014,
    51.626693384206));
#6011 = CARTESIAN_POINT('',(168.318373697,-72.28909770949,
    51.880929045924));
#6012 = CARTESIAN_POINT('',(168.30288313741,-72.13894743428,
    52.112293889655));
#6013 = CARTESIAN_POINT('',(168.27574369532,-71.81970723075,
    52.467099512141));
#6014 = CARTESIAN_POINT('',(168.2640619653,-71.66402385071,
    52.603381214242));
#6015 = CARTESIAN_POINT('',(168.25238556159,-71.49237345889,
    52.72058213996));
#6016 = CARTESIAN_POINT('',(168.24071616515,-71.30754869347,
    52.816571551906));
#6017 = CARTESIAN_POINT('',(168.22905151525,-71.11258481966,
    52.889730370574));
#6018 = CARTESIAN_POINT('',(168.21738693749,-70.91071006395,
    52.938915561308));
#6019 = CARTESIAN_POINT('',(168.2057177507,-70.70533331176,52.9635));
#6020 = CARTESIAN_POINT('',(168.19404918845,-70.5,52.9635));
#6021 = PCURVE('',#1285,#6022);
#6022 = DEFINITIONAL_REPRESENTATION('',(#6023),#6082);
#6023 = B_SPLINE_CURVE_WITH_KNOTS('',8,(#6024,#6025,#6026,#6027,#6028,
    #6029,#6030,#6031,#6032,#6033,#6034,#6035,#6036,#6037,#6038,#6039,
    #6040,#6041,#6042,#6043,#6044,#6045,#6046,#6047,#6048,#6049,#6050,
    #6051,#6052,#6053,#6054,#6055,#6056,#6057,#6058,#6059,#6060,#6061,
    #6062,#6063,#6064,#6065,#6066,#6067,#6068,#6069,#6070,#6071,#6072,
    #6073,#6074,#6075,#6076,#6077,#6078,#6079,#6080,#6081),
  .UNSPECIFIED.,.F.,.F.,(9,7,7,7,7,7,7,7,9),(0.,3.307497416639E-02,
    0.138527379688,0.264971058357,0.366527018644,0.520105808017,
    0.689881763931,0.866601298733,1.),.UNSPECIFIED.);
#6024 = CARTESIAN_POINT('',(0.440501939661,56.898531870167));
#6025 = CARTESIAN_POINT('',(0.440500683795,56.924640933063));
#6026 = CARTESIAN_POINT('',(0.440499745131,56.950768364751));
#6027 = CARTESIAN_POINT('',(0.440499163708,56.976902157848));
#6028 = CARTESIAN_POINT('',(0.440498959326,57.003034101728));
#6029 = CARTESIAN_POINT('',(0.440499131543,57.029159782524));
#6030 = CARTESIAN_POINT('',(0.440499659679,57.055278583132));
#6031 = CARTESIAN_POINT('',(0.440500502813,57.081393683206));
#6032 = CARTESIAN_POINT('',(0.440505097237,57.190784855039));
#6033 = CARTESIAN_POINT('',(0.440510971743,57.274098844797));
#6034 = CARTESIAN_POINT('',(0.440518250785,57.357417111287));
#6035 = CARTESIAN_POINT('',(0.440520452708,57.440722030267));
#6036 = CARTESIAN_POINT('',(0.440515102633,57.524014726835));
#6037 = CARTESIAN_POINT('',(0.440506510839,57.607308390015));
#6038 = CARTESIAN_POINT('',(0.440501813606,57.69061544549));
#6039 = CARTESIAN_POINT('',(0.440498433454,57.873825976018));
#6040 = CARTESIAN_POINT('',(0.440501495472,57.973741355105));
#6041 = CARTESIAN_POINT('',(0.44051146509,58.073634916252));
#6042 = CARTESIAN_POINT('',(0.440524558084,58.173519297999));
#6043 = CARTESIAN_POINT('',(0.440535069054,58.273417192405));
#6044 = CARTESIAN_POINT('',(0.440539612122,58.373344819212));
#6045 = CARTESIAN_POINT('',(0.440538910589,58.473290547069));
#6046 = CARTESIAN_POINT('',(0.44053061379,58.653368588708));
#6047 = CARTESIAN_POINT('',(0.440524061177,58.733598736054));
#6048 = CARTESIAN_POINT('',(0.440516241218,58.813839563625));
#6049 = CARTESIAN_POINT('',(0.440508459527,58.894084256825));
#6050 = CARTESIAN_POINT('',(0.440501737636,58.974328007069));
#6051 = CARTESIAN_POINT('',(0.440496813002,59.054568011785));
#6052 = CARTESIAN_POINT('',(0.440494139,59.134803474412));
#6053 = CARTESIAN_POINT('',(0.4404935007,59.336367265859));
#6054 = CARTESIAN_POINT('',(0.440498044257,59.457810256928));
#6055 = CARTESIAN_POINT('',(0.440507168216,59.579201510908));
#6056 = CARTESIAN_POINT('',(0.440516864846,59.700530607724));
#6057 = CARTESIAN_POINT('',(0.440523511814,59.821862969228));
#6058 = CARTESIAN_POINT('',(0.440525912631,59.943262710415));
#6059 = CARTESIAN_POINT('',(0.440525331805,60.064715146553));
#6060 = CARTESIAN_POINT('',(0.440521527013,60.320179219964));
#6061 = CARTESIAN_POINT('',(0.440518030042,60.45450202054));
#6062 = CARTESIAN_POINT('',(0.440515023814,60.588710652436));
#6063 = CARTESIAN_POINT('',(0.440516050631,60.72284481328));
#6064 = CARTESIAN_POINT('',(0.440520628641,60.85697761573));
#6065 = CARTESIAN_POINT('',(0.440525038367,60.991181679518));
#6066 = CARTESIAN_POINT('',(0.440525949234,61.125496591415));
#6067 = CARTESIAN_POINT('',(0.440520671193,61.399228895022));
#6068 = CARTESIAN_POINT('',(0.440514131439,61.539093494413));
#6069 = CARTESIAN_POINT('',(0.440503575363,61.67882135686));
#6070 = CARTESIAN_POINT('',(0.440491401666,61.818459703295));
#6071 = CARTESIAN_POINT('',(0.440485654135,61.958093807945));
#6072 = CARTESIAN_POINT('',(0.440491613121,62.097806513802));
#6073 = CARTESIAN_POINT('',(0.440503905118,62.237657840694));
#6074 = CARTESIAN_POINT('',(0.440525713135,62.482676110258));
#6075 = CARTESIAN_POINT('',(0.440535165695,62.588139968914));
#6076 = CARTESIAN_POINT('',(0.440542053294,62.693566560957));
#6077 = CARTESIAN_POINT('',(0.4405429956,62.798954955052));
#6078 = CARTESIAN_POINT('',(0.440536127793,62.904333411527));
#6079 = CARTESIAN_POINT('',(0.440523863724,63.009733917491));
#6080 = CARTESIAN_POINT('',(0.440512533598,63.115171998823));
#6081 = CARTESIAN_POINT('',(0.440505266682,63.220587217512));
#6082 = ( GEOMETRIC_REPRESENTATION_CONTEXT(2) 
PARAMETRIC_REPRESENTATION_CONTEXT() REPRESENTATION_CONTEXT('2D SPACE',''
  ) );
#6083 = PCURVE('',#3130,#6084);
#6084 = DEFINITIONAL_REPRESENTATION('',(#6085),#6144);
#6085 = B_SPLINE_CURVE_WITH_KNOTS('',8,(#6086,#6087,#6088,#6089,#6090,
    #6091,#6092,#6093,#6094,#6095,#6096,#6097,#6098,#6099,#6100,#6101,
    #6102,#6103,#6104,#6105,#6106,#6107,#6108,#6109,#6110,#6111,#6112,
    #6113,#6114,#6115,#6116,#6117,#6118,#6119,#6120,#6121,#6122,#6123,
    #6124,#6125,#6126,#6127,#6128,#6129,#6130,#6131,#6132,#6133,#6134,
    #6135,#6136,#6137,#6138,#6139,#6140,#6141,#6142,#6143),
  .UNSPECIFIED.,.F.,.F.,(9,7,7,7,7,7,7,7,9),(0.,3.307497416639E-02,
    0.138527379688,0.264971058357,0.366527018644,0.520105808017,
    0.689881763931,0.866601298733,1.),.UNSPECIFIED.);
#6086 = CARTESIAN_POINT('',(0.,6.855949615794));
#6087 = CARTESIAN_POINT('',(2.594736680484E-02,6.858839920579));
#6088 = CARTESIAN_POINT('',(5.191308048097E-02,6.861732407815));
#6089 = CARTESIAN_POINT('',(7.788526491127E-02,6.864625766622));
#6090 = CARTESIAN_POINT('',(0.103855809446,6.867519097003));
#6091 = CARTESIAN_POINT('',(0.129820368903,6.870411909842));
#6092 = CARTESIAN_POINT('',(0.155778363566,6.873304126906));
#6093 = CARTESIAN_POINT('',(0.181732979188,6.876196080844));
#6094 = CARTESIAN_POINT('',(0.290453237574,6.88831041684));
#6095 = CARTESIAN_POINT('',(0.373263326556,6.89753801799));
#6096 = CARTESIAN_POINT('',(0.456071676287,6.90676663162));
#6097 = CARTESIAN_POINT('',(0.538865497046,6.915991350079));
#6098 = CARTESIAN_POINT('',(0.621651151448,6.925211237483));
#6099 = CARTESIAN_POINT('',(0.704439975888,6.934429790565));
#6100 = CARTESIAN_POINT('',(0.787237739046,6.943651667972));
#6101 = CARTESIAN_POINT('',(0.96931983855,6.963935834272));
#6102 = CARTESIAN_POINT('',(1.068615808965,6.975000271785));
#6103 = CARTESIAN_POINT('',(1.167887963372,6.986065515109));
#6104 = CARTESIAN_POINT('',(1.267153040607,6.997131191215));
#6105 = CARTESIAN_POINT('',(1.366434737486,7.008197146693));
#6106 = CARTESIAN_POINT('',(1.465748027101,7.019263597365));
#6107 = CARTESIAN_POINT('',(1.565080387978,7.030329596491));
#6108 = CARTESIAN_POINT('',(1.744053603706,7.05026456144));
#6109 = CARTESIAN_POINT('',(1.823791586618,7.059144847676));
#6110 = CARTESIAN_POINT('',(1.903539874728,7.068025724334));
#6111 = CARTESIAN_POINT('',(1.983291485838,7.076907048214));
#6112 = CARTESIAN_POINT('',(2.063041600067,7.08578876507));
#6113 = CARTESIAN_POINT('',(2.14278755985,7.09467090961));
#6114 = CARTESIAN_POINT('',(2.222528869934,7.103553605498));
#6115 = CARTESIAN_POINT('',(2.422852102114,7.125871146479));
#6116 = CARTESIAN_POINT('',(2.543548125116,7.139319862008));
#6117 = CARTESIAN_POINT('',(2.664194248543,7.152764993114));
#6118 = CARTESIAN_POINT('',(2.784780284126,7.16620351011));
#6119 = CARTESIAN_POINT('',(2.905370417718,7.17964096108));
#6120 = CARTESIAN_POINT('',(3.026026891519,7.193083884379));
#6121 = CARTESIAN_POINT('',(3.146733823987,7.206531245015));
#6122 = CARTESIAN_POINT('',(3.400626238948,7.23481532287));
#6123 = CARTESIAN_POINT('',(3.534120533472,7.249686364917));
#6124 = CARTESIAN_POINT('',(3.667499141006,7.264544992613));
#6125 = CARTESIAN_POINT('',(3.80080278006,7.279397259389));
#6126 = CARTESIAN_POINT('',(3.93410666717,7.294251037692));
#6127 = CARTESIAN_POINT('',(4.067484565943,7.30911263117));
#6128 = CARTESIAN_POINT('',(4.200974945468,7.323984866343));
#6129 = CARTESIAN_POINT('',(4.473029228472,7.354290988052));
#6130 = CARTESIAN_POINT('',(4.612037686223,7.369774227209));
#6131 = CARTESIAN_POINT('',(4.750910106801,7.385240451283));
#6132 = CARTESIAN_POINT('',(4.889691457781,7.40069600778));
#6133 = CARTESIAN_POINT('',(5.028465010839,7.416154095761));
#6134 = CARTESIAN_POINT('',(5.167316382812,7.431626352992));
#6135 = CARTESIAN_POINT('',(5.306307130479,7.447116912588));
#6136 = CARTESIAN_POINT('',(5.549820081239,7.47425635468));
#6137 = CARTESIAN_POINT('',(5.654636802946,7.485938084692));
#6138 = CARTESIAN_POINT('',(5.75941709414,7.497614488409));
#6139 = CARTESIAN_POINT('',(5.864159528817,7.509283884847));
#6140 = CARTESIAN_POINT('',(5.968890164372,7.520948534747));
#6141 = CARTESIAN_POINT('',(6.073639274834,7.532613112508));
#6142 = CARTESIAN_POINT('',(6.17842341342,7.544282299299));
#6143 = CARTESIAN_POINT('',(6.28318530718,7.55595086155));
#6144 = ( GEOMETRIC_REPRESENTATION_CONTEXT(2) 
PARAMETRIC_REPRESENTATION_CONTEXT() REPRESENTATION_CONTEXT('2D SPACE',''
  ) );
#6145 = ORIENTED_EDGE('',*,*,#6146,.T.);
#6146 = EDGE_CURVE('',#5959,#6147,#6149,.T.);
#6147 = VERTEX_POINT('',#6148);
#6148 = CARTESIAN_POINT('',(167.4940474778,-70.5,52.9635));
#6149 = SURFACE_CURVE('',#6150,(#6202,#6257),.PCURVE_S1.);
#6150 = B_SPLINE_CURVE_WITH_KNOTS('',8,(#6151,#6152,#6153,#6154,#6155,
    #6156,#6157,#6158,#6159,#6160,#6161,#6162,#6163,#6164,#6165,#6166,
    #6167,#6168,#6169,#6170,#6171,#6172,#6173,#6174,#6175,#6176,#6177,
    #6178,#6179,#6180,#6181,#6182,#6183,#6184,#6185,#6186,#6187,#6188,
    #6189,#6190,#6191,#6192,#6193,#6194,#6195,#6196,#6197,#6198,#6199,
    #6200,#6201),.UNSPECIFIED.,.F.,.F.,(9,7,7,7,7,7,7,9),(0.,
    0.109507049073,0.267453831544,0.428895395445,0.616955469186,
    0.760124811285,0.895413660276,1.),.UNSPECIFIED.);
#6151 = CARTESIAN_POINT('',(168.19404918845,-70.5,52.9635));
#6152 = CARTESIAN_POINT('',(168.18447637453,-70.33154586303,52.9635));
#6153 = CARTESIAN_POINT('',(168.17489990557,-70.16301884359,
    52.94693914688));
#6154 = CARTESIAN_POINT('',(168.16532105697,-69.99641701126,
    52.913834691333));
#6155 = CARTESIAN_POINT('',(168.1557410434,-69.83364762435,
    52.864450179817));
#6156 = CARTESIAN_POINT('',(168.14616101875,-69.67652712984,
    52.799295454563));
#6157 = CARTESIAN_POINT('',(168.13658207614,-69.52678116345,
    52.719126653567));
#6158 = CARTESIAN_POINT('',(168.12700524794,-69.38604454957,
    52.624946210597));
#6159 = CARTESIAN_POINT('',(168.10362288073,-69.06809233689,
    52.363753799652));
#6160 = CARTESIAN_POINT('',(168.08980269237,-68.90197418252,
    52.182724996054));
#6161 = CARTESIAN_POINT('',(168.07598200058,-68.76231361786,
    51.978725754647));
#6162 = CARTESIAN_POINT('',(168.06216252231,-68.65266793446,
    51.756334244159));
#6163 = CARTESIAN_POINT('',(168.04834091054,-68.5756360629,
    51.520650292387));
#6164 = CARTESIAN_POINT('',(168.03451416674,-68.53292512809,
    51.277138324055));
#6165 = CARTESIAN_POINT('',(168.02068618694,-68.52519243244,
    51.031560435934));
#6166 = CARTESIAN_POINT('',(167.9927591148,-68.57871899527,
    50.543093929764));
#6167 = CARTESIAN_POINT('',(167.97862730672,-68.64157209785,
    50.299778424105));
#6168 = CARTESIAN_POINT('',(167.96450635359,-68.7396639621,50.0665920406
    ));
#6169 = CARTESIAN_POINT('',(167.9503901321,-68.87091072156,
    49.849449062257));
#6170 = CARTESIAN_POINT('',(167.93627011329,-69.0322234411,
    49.653610452361));
#6171 = CARTESIAN_POINT('',(167.92214012824,-69.21966276683,
    49.483723428902));
#6172 = CARTESIAN_POINT('',(167.90799908672,-69.42836240467,
    49.343708168103));
#6173 = CARTESIAN_POINT('',(167.87742189282,-69.91328210783,
    49.111118573604));
#6174 = CARTESIAN_POINT('',(167.86093184685,-70.19591300845,
    49.029714536328));
#6175 = CARTESIAN_POINT('',(167.84446706502,-70.49077383635,
    48.997020317358));
#6176 = CARTESIAN_POINT('',(167.82801805097,-70.78803880717,
    49.014571888087));
#6177 = CARTESIAN_POINT('',(167.81157046033,-71.07807661166,
    49.082069801431));
#6178 = CARTESIAN_POINT('',(167.79510836993,-71.35154898212,
    49.197084686164));
#6179 = CARTESIAN_POINT('',(167.77862330257,-71.59945082461,
    49.355308416926));
#6180 = CARTESIAN_POINT('',(167.74965222308,-71.97757116872,
    49.697012510821));
#6181 = CARTESIAN_POINT('',(167.7371170282,-72.12219921882,
    49.865849529946));
#6182 = CARTESIAN_POINT('',(167.72458675257,-72.24458210349,
    50.052849454725));
#6183 = CARTESIAN_POINT('',(167.71206276214,-72.34212970451,
    50.254494436618));
#6184 = CARTESIAN_POINT('',(167.69954213187,-72.41294836984,
    50.466970388864));
#6185 = CARTESIAN_POINT('',(167.68702027369,-72.45577675509,
    50.686236989813));
#6186 = CARTESIAN_POINT('',(167.67449343262,-72.47003856318,
    50.90803815424));
#6187 = CARTESIAN_POINT('',(167.65013667351,-72.44281955985,
    51.335791844746));
#6188 = CARTESIAN_POINT('',(167.63829628647,-72.40433266846,
    51.542119700037));
#6189 = CARTESIAN_POINT('',(167.62645770087,-72.34083911264,
    51.743207935922));
#6190 = CARTESIAN_POINT('',(167.61462109907,-72.2531915534,
    51.935508009772));
#6191 = CARTESIAN_POINT('',(167.60278270358,-72.14280843811,
    52.115713517589));
#6192 = CARTESIAN_POINT('',(167.5909390973,-72.01164300634,
    52.280807434098));
#6193 = CARTESIAN_POINT('',(167.57909154391,-71.86215229553,
    52.428109352838));
#6194 = CARTESIAN_POINT('',(167.55809632747,-71.56979933123,
    52.653666242267));
#6195 = CARTESIAN_POINT('',(167.54894051202,-71.43306283698,
    52.740067059739));
#6196 = CARTESIAN_POINT('',(167.53978737008,-71.28842131111,
    52.813473017769));
#6197 = CARTESIAN_POINT('',(167.53063795356,-71.1373327716,
    52.87304513481));
#6198 = CARTESIAN_POINT('',(167.52149110573,-70.98133187848,
    52.918154450817));
#6199 = CARTESIAN_POINT('',(167.51234470882,-70.82201320484,
    52.948378869404));
#6200 = CARTESIAN_POINT('',(167.50319693176,-70.66101450789,52.9635));
#6201 = CARTESIAN_POINT('',(167.4940474778,-70.5,52.9635));
#6202 = PCURVE('',#1285,#6203);
#6203 = DEFINITIONAL_REPRESENTATION('',(#6204),#6256);
#6204 = B_SPLINE_CURVE_WITH_KNOTS('',8,(#6205,#6206,#6207,#6208,#6209,
    #6210,#6211,#6212,#6213,#6214,#6215,#6216,#6217,#6218,#6219,#6220,
    #6221,#6222,#6223,#6224,#6225,#6226,#6227,#6228,#6229,#6230,#6231,
    #6232,#6233,#6234,#6235,#6236,#6237,#6238,#6239,#6240,#6241,#6242,
    #6243,#6244,#6245,#6246,#6247,#6248,#6249,#6250,#6251,#6252,#6253,
    #6254,#6255),.UNSPECIFIED.,.F.,.F.,(9,7,7,7,7,7,7,9),(0.,
    0.109507049073,0.267453831544,0.428895395445,0.616955469186,
    0.760124811285,0.895413660276,1.),.UNSPECIFIED.);
#6205 = CARTESIAN_POINT('',(0.440505266682,63.220587217512));
#6206 = CARTESIAN_POINT('',(0.44049930495,63.307069189354));
#6207 = CARTESIAN_POINT('',(0.440498078597,63.393563884857));
#6208 = CARTESIAN_POINT('',(0.440500508802,63.480064736848));
#6209 = CARTESIAN_POINT('',(0.440505263931,63.566566625936));
#6210 = CARTESIAN_POINT('',(0.440510759535,63.653065880511));
#6211 = CARTESIAN_POINT('',(0.440515158351,63.739560276747));
#6212 = CARTESIAN_POINT('',(0.440516370302,63.826049038595));
#6213 = CARTESIAN_POINT('',(0.44050582474,64.037272185022));
#6214 = CARTESIAN_POINT('',(0.440492950081,64.16214333123));
#6215 = CARTESIAN_POINT('',(0.44049214213,64.286968013387));
#6216 = CARTESIAN_POINT('',(0.440505321248,64.411722833298));
#6217 = CARTESIAN_POINT('',(0.44052431448,64.536472542756));
#6218 = CARTESIAN_POINT('',(0.440537989279,64.661291181763));
#6219 = CARTESIAN_POINT('',(0.440539821015,64.786171069792));
#6220 = CARTESIAN_POINT('',(0.440531880654,65.03842845773));
#6221 = CARTESIAN_POINT('',(0.440520939173,65.166106370833));
#6222 = CARTESIAN_POINT('',(0.440505089253,65.293706956701));
#6223 = CARTESIAN_POINT('',(0.440492380885,65.421251490581));
#6224 = CARTESIAN_POINT('',(0.440488027807,65.548794981631));
#6225 = CARTESIAN_POINT('',(0.440491510212,65.676395355337));
#6226 = CARTESIAN_POINT('',(0.440498443305,65.804080993113));
#6227 = CARTESIAN_POINT('',(0.440514820108,66.080169970336));
#6228 = CARTESIAN_POINT('',(0.440524437424,66.229059315844));
#6229 = CARTESIAN_POINT('',(0.440530077278,66.377737307904));
#6230 = CARTESIAN_POINT('',(0.440527190835,66.526308945906));
#6231 = CARTESIAN_POINT('',(0.440520260431,66.674884856196));
#6232 = CARTESIAN_POINT('',(0.440516720599,66.823577436514));
#6233 = CARTESIAN_POINT('',(0.440516829705,66.972462129978));
#6234 = CARTESIAN_POINT('',(0.440520319883,67.23410013992));
#6235 = CARTESIAN_POINT('',(0.440522902321,67.347301030215));
#6236 = CARTESIAN_POINT('',(0.440525768285,67.460456276522));
#6237 = CARTESIAN_POINT('',(0.440527100373,67.573561209227));
#6238 = CARTESIAN_POINT('',(0.44052503407,67.686650117309));
#6239 = CARTESIAN_POINT('',(0.440519357032,67.799765340332));
#6240 = CARTESIAN_POINT('',(0.44051213711,67.912932071559));
#6241 = CARTESIAN_POINT('',(0.440499205933,68.132964905212));
#6242 = CARTESIAN_POINT('',(0.440493116663,68.239927153933));
#6243 = CARTESIAN_POINT('',(0.440490002562,68.34686058449));
#6244 = CARTESIAN_POINT('',(0.440491427169,68.453756959535));
#6245 = CARTESIAN_POINT('',(0.440497662719,68.560649254701));
#6246 = CARTESIAN_POINT('',(0.440507617132,68.667572944383));
#6247 = CARTESIAN_POINT('',(0.440518760991,68.774527287514));
#6248 = CARTESIAN_POINT('',(0.44053346594,68.964083891035));
#6249 = CARTESIAN_POINT('',(0.440538586024,69.046753194561));
#6250 = CARTESIAN_POINT('',(0.440540614071,69.129411403955));
#6251 = CARTESIAN_POINT('',(0.440538796345,69.212052186633));
#6252 = CARTESIAN_POINT('',(0.440533336363,69.29468511327));
#6253 = CARTESIAN_POINT('',(0.440525305159,69.377324773668));
#6254 = CARTESIAN_POINT('',(0.440516551551,69.459979892639));
#6255 = CARTESIAN_POINT('',(0.440509612407,69.542642445871));
#6256 = ( GEOMETRIC_REPRESENTATION_CONTEXT(2) 
PARAMETRIC_REPRESENTATION_CONTEXT() REPRESENTATION_CONTEXT('2D SPACE',''
  ) );
#6257 = PCURVE('',#2960,#6258);
#6258 = DEFINITIONAL_REPRESENTATION('',(#6259),#6311);
#6259 = B_SPLINE_CURVE_WITH_KNOTS('',8,(#6260,#6261,#6262,#6263,#6264,
    #6265,#6266,#6267,#6268,#6269,#6270,#6271,#6272,#6273,#6274,#6275,
    #6276,#6277,#6278,#6279,#6280,#6281,#6282,#6283,#6284,#6285,#6286,
    #6287,#6288,#6289,#6290,#6291,#6292,#6293,#6294,#6295,#6296,#6297,
    #6298,#6299,#6300,#6301,#6302,#6303,#6304,#6305,#6306,#6307,#6308,
    #6309,#6310),.UNSPECIFIED.,.F.,.F.,(9,7,7,7,7,7,7,9),(0.,
    0.109507049073,0.267453831544,0.428895395445,0.616955469186,
    0.760124811285,0.895413660276,1.),.UNSPECIFIED.);
#6260 = CARTESIAN_POINT('',(0.,7.55595086155));
#6261 = CARTESIAN_POINT('',(8.594598824518E-02,7.565523675462));
#6262 = CARTESIAN_POINT('',(0.171906747982,7.575100144428));
#6263 = CARTESIAN_POINT('',(0.257875541702,7.584678993025));
#6264 = CARTESIAN_POINT('',(0.343847055973,7.594259006595));
#6265 = CARTESIAN_POINT('',(0.429817401443,7.603839031247));
#6266 = CARTESIAN_POINT('',(0.515784112835,7.613417973853));
#6267 = CARTESIAN_POINT('',(0.601746148949,7.622994802054));
#6268 = CARTESIAN_POINT('',(0.811684487187,7.646377169265));
#6269 = CARTESIAN_POINT('',(0.935795229806,7.660197357627));
#6270 = CARTESIAN_POINT('',(1.059844662033,7.67401804942));
#6271 = CARTESIAN_POINT('',(1.183819597636,7.687837527682));
#6272 = CARTESIAN_POINT('',(1.307795276623,7.701659139454));
#6273 = CARTESIAN_POINT('',(1.431846336015,7.715485883259));
#6274 = CARTESIAN_POINT('',(1.555958597403,7.729313863052));
#6275 = CARTESIAN_POINT('',(1.806668034667,7.757240935192));
#6276 = CARTESIAN_POINT('',(1.933563206979,7.771372743274));
#6277 = CARTESIAN_POINT('',(2.060380376929,7.78549369641));
#6278 = CARTESIAN_POINT('',(2.187139244754,7.799609917895));
#6279 = CARTESIAN_POINT('',(2.313896148227,7.81372993671));
#6280 = CARTESIAN_POINT('',(2.440710999653,7.827859921755));
#6281 = CARTESIAN_POINT('',(2.567612208868,7.842000963271));
#6282 = CARTESIAN_POINT('',(2.84200764727,7.872578157173));
#6283 = CARTESIAN_POINT('',(2.989985314415,7.889068203148));
#6284 = CARTESIAN_POINT('',(3.137753761578,7.905532984979));
#6285 = CARTESIAN_POINT('',(3.285414869432,7.921981999027));
#6286 = CARTESIAN_POINT('',(3.433075157108,7.938429589664));
#6287 = CARTESIAN_POINT('',(3.58084836022,7.954891680069));
#6288 = CARTESIAN_POINT('',(3.728812207003,7.971376747429));
#6289 = CARTESIAN_POINT('',(3.988834493644,8.000347826917));
#6290 = CARTESIAN_POINT('',(4.101337149574,8.012883021791));
#6291 = CARTESIAN_POINT('',(4.213796001623,8.025413297423));
#6292 = CARTESIAN_POINT('',(4.326206898699,8.037937287855));
#6293 = CARTESIAN_POINT('',(4.438603364548,8.050457918122));
#6294 = CARTESIAN_POINT('',(4.551026299329,8.062979776302));
#6295 = CARTESIAN_POINT('',(4.663499774945,8.075506617371));
#6296 = CARTESIAN_POINT('',(4.882182846984,8.099863376488));
#6297 = CARTESIAN_POINT('',(4.988488153444,8.111703763523));
#6298 = CARTESIAN_POINT('',(5.094763538215,8.123542349126));
#6299 = CARTESIAN_POINT('',(5.201001260907,8.135378950921));
#6300 = CARTESIAN_POINT('',(5.30723498237,8.147217346418));
#6301 = CARTESIAN_POINT('',(5.413500799123,8.159060952695));
#6302 = CARTESIAN_POINT('',(5.519798277791,8.170908506085));
#6303 = CARTESIAN_POINT('',(5.708191551942,8.191903722526));
#6304 = CARTESIAN_POINT('',(5.790353784114,8.201059537972));
#6305 = CARTESIAN_POINT('',(5.872505029677,8.210212679918));
#6306 = CARTESIAN_POINT('',(5.954638364712,8.219362096434));
#6307 = CARTESIAN_POINT('',(6.036762616505,8.228508944269));
#6308 = CARTESIAN_POINT('',(6.1188918823,8.237655341176));
#6309 = CARTESIAN_POINT('',(6.201035048051,8.24680311824));
#6310 = CARTESIAN_POINT('',(6.28318530718,8.2559525722));
#6311 = ( GEOMETRIC_REPRESENTATION_CONTEXT(2) 
PARAMETRIC_REPRESENTATION_CONTEXT() REPRESENTATION_CONTEXT('2D SPACE',''
  ) );
#6312 = ORIENTED_EDGE('',*,*,#6313,.T.);
#6313 = EDGE_CURVE('',#6147,#6314,#6316,.T.);
#6314 = VERTEX_POINT('',#6315);
#6315 = CARTESIAN_POINT('',(166.7940454447,-70.5,52.9635));
#6316 = SURFACE_CURVE('',#6317,(#6368,#6422),.PCURVE_S1.);
#6317 = B_SPLINE_CURVE_WITH_KNOTS('',7,(#6318,#6319,#6320,#6321,#6322,
    #6323,#6324,#6325,#6326,#6327,#6328,#6329,#6330,#6331,#6332,#6333,
    #6334,#6335,#6336,#6337,#6338,#6339,#6340,#6341,#6342,#6343,#6344,
    #6345,#6346,#6347,#6348,#6349,#6350,#6351,#6352,#6353,#6354,#6355,
    #6356,#6357,#6358,#6359,#6360,#6361,#6362,#6363,#6364,#6365,#6366,
    #6367),.UNSPECIFIED.,.F.,.F.,(8,6,6,6,6,6,6,6,8),(0.,
    9.719255779523E-02,0.255808710887,0.306271486902,0.412406021245,
    0.558585586528,0.724799741793,0.864654148807,1.),.UNSPECIFIED.);
#6318 = CARTESIAN_POINT('',(167.4940474778,-70.5,52.9635));
#6319 = CARTESIAN_POINT('',(167.48433137108,-70.32901338718,52.9635));
#6320 = CARTESIAN_POINT('',(167.4746119057,-70.15796069347,
    52.946079989327));
#6321 = CARTESIAN_POINT('',(167.464890778,-69.98907879659,
    52.911266915595));
#6322 = CARTESIAN_POINT('',(167.45516915104,-69.82449060063,
    52.859389649739));
#6323 = CARTESIAN_POINT('',(167.44544765458,-69.666205036,
    52.791078986017));
#6324 = CARTESIAN_POINT('',(167.4357263851,-69.51611705948,
    52.707267642006));
#6325 = CARTESIAN_POINT('',(167.41013966179,-69.14735213382,
    52.449130089246));
#6326 = CARTESIAN_POINT('',(167.39426205227,-68.94500083902,
    52.250878231188));
#6327 = CARTESIAN_POINT('',(167.37840942548,-68.7771942748,
    52.01996175352));
#6328 = CARTESIAN_POINT('',(167.36253138354,-68.64981417118,
    51.763814345268));
#6329 = CARTESIAN_POINT('',(167.34665578144,-68.56695511235,
    51.490647368668));
#6330 = CARTESIAN_POINT('',(167.33076397611,-68.53098691849,
    51.209653206518));
#6331 = CARTESIAN_POINT('',(167.30984873706,-68.5446492673,
    50.841977904131));
#6332 = CARTESIAN_POINT('',(167.30480379678,-68.55263581724,
    50.753457159974));
#6333 = CARTESIAN_POINT('',(167.29976036909,-68.56529260636,
    50.665425008013));
#6334 = CARTESIAN_POINT('',(167.29471732209,-68.58258609895,
    50.578158558181));
#6335 = CARTESIAN_POINT('',(167.28967404785,-68.60446293073,
    50.491941795363));
#6336 = CARTESIAN_POINT('',(167.28463052052,-68.6308448161,
    50.407063474224));
#6337 = CARTESIAN_POINT('',(167.26898044517,-68.72635783589,
    50.148724833667));
#6338 = CARTESIAN_POINT('',(167.25837290423,-68.81058479413,
    49.980760754911));
#6339 = CARTESIAN_POINT('',(167.24776366938,-68.91328496569,
    49.822633449014));
#6340 = CARTESIAN_POINT('',(167.23715242046,-69.03307622091,
    49.676759973952));
#6341 = CARTESIAN_POINT('',(167.22653957929,-69.16821366481,
    49.545263774446));
#6342 = CARTESIAN_POINT('',(167.21592630977,-69.31658963715,
    49.429974681965));
#6343 = CARTESIAN_POINT('',(167.19069884959,-69.69492355363,
    49.198078696496));
#6344 = CARTESIAN_POINT('',(167.17606592974,-69.93490772942,
    49.097127883692));
#6345 = CARTESIAN_POINT('',(167.16144409582,-70.18920025966,
    49.033721411798));
#6346 = CARTESIAN_POINT('',(167.14682826189,-70.45070008114,
    49.009967670876));
#6347 = CARTESIAN_POINT('',(167.13221285002,-70.7122227508,
    49.026506829866));
#6348 = CARTESIAN_POINT('',(167.11758787703,-70.9664292853,
    49.08252961784));
#6349 = CARTESIAN_POINT('',(167.08636334963,-71.47889390729,
    49.280477766946));
#6350 = CARTESIAN_POINT('',(167.06972377268,-71.73365455555,
    49.433405119145));
#6351 = CARTESIAN_POINT('',(167.0531058085,-71.9597094581,
    49.630045971431));
#6352 = CARTESIAN_POINT('',(167.0364883519,-72.14854379938,
    49.863568742625));
#6353 = CARTESIAN_POINT('',(167.01986876684,-72.29352266543,
    50.125784146177));
#6354 = CARTESIAN_POINT('',(167.00322951835,-72.38973422684,
    50.406909516222));
#6355 = CARTESIAN_POINT('',(166.97264491692,-72.47429310022,
    50.938394887986));
#6356 = CARTESIAN_POINT('',(166.95865998841,-72.47737972388,
    51.187098478729));
#6357 = CARTESIAN_POINT('',(166.94468338058,-72.44389894743,
    51.435087968122));
#6358 = CARTESIAN_POINT('',(166.93071062775,-72.37425668406,
    51.675934655108));
#6359 = CARTESIAN_POINT('',(166.91673017113,-72.27022695946,
    51.903515016758));
#6360 = CARTESIAN_POINT('',(166.9027387089,-72.13489826373,
    52.112182845522));
#6361 = CARTESIAN_POINT('',(166.87522513362,-71.81557299087,
    52.475743774812));
#6362 = CARTESIAN_POINT('',(166.86168362028,-71.63308233987,
    52.632389831905));
#6363 = CARTESIAN_POINT('',(166.84814939082,-71.42911762576,
    52.762406351408));
#6364 = CARTESIAN_POINT('',(166.83462229375,-71.20836009477,
    52.862328684308));
#6365 = CARTESIAN_POINT('',(166.82109541313,-70.97606843897,
    52.929771575445));
#6366 = CARTESIAN_POINT('',(166.80756584014,-70.73794467118,52.9635));
#6367 = CARTESIAN_POINT('',(166.7940454447,-70.5,52.9635));
#6368 = PCURVE('',#1285,#6369);
#6369 = DEFINITIONAL_REPRESENTATION('',(#6370),#6421);
#6370 = B_SPLINE_CURVE_WITH_KNOTS('',7,(#6371,#6372,#6373,#6374,#6375,
    #6376,#6377,#6378,#6379,#6380,#6381,#6382,#6383,#6384,#6385,#6386,
    #6387,#6388,#6389,#6390,#6391,#6392,#6393,#6394,#6395,#6396,#6397,
    #6398,#6399,#6400,#6401,#6402,#6403,#6404,#6405,#6406,#6407,#6408,
    #6409,#6410,#6411,#6412,#6413,#6414,#6415,#6416,#6417,#6418,#6419,
    #6420),.UNSPECIFIED.,.F.,.F.,(8,6,6,6,6,6,6,6,8),(0.,
    9.719255779523E-02,0.255808710887,0.306271486902,0.412406021245,
    0.558585586528,0.724799741793,0.864654148807,1.),.UNSPECIFIED.);
#6371 = CARTESIAN_POINT('',(0.440509612407,69.542642445871));
#6372 = CARTESIAN_POINT('',(0.440502243502,69.630424535625));
#6373 = CARTESIAN_POINT('',(0.440497215316,69.718227041929));
#6374 = CARTESIAN_POINT('',(0.440496614872,69.806025797088));
#6375 = CARTESIAN_POINT('',(0.440500668129,69.893809391548));
#6376 = CARTESIAN_POINT('',(0.440507739975,69.981579173903));
#6377 = CARTESIAN_POINT('',(0.440514334233,70.069349250887));
#6378 = CARTESIAN_POINT('',(0.44051633302,70.300429679235));
#6379 = CARTESIAN_POINT('',(0.440506063426,70.44387193495));
#6380 = CARTESIAN_POINT('',(0.440476335473,70.587169232016));
#6381 = CARTESIAN_POINT('',(0.440502348971,70.730462423265));
#6382 = CARTESIAN_POINT('',(0.440520262087,70.873766887148));
#6383 = CARTESIAN_POINT('',(0.440533687843,71.017237277226));
#6384 = CARTESIAN_POINT('',(0.440537582149,71.206117130418));
#6385 = CARTESIAN_POINT('',(0.440537529362,71.25168081643));
#6386 = CARTESIAN_POINT('',(0.440536435844,71.29723524239));
#6387 = CARTESIAN_POINT('',(0.440534377844,71.342790306685));
#6388 = CARTESIAN_POINT('',(0.440531521496,71.388350796017));
#6389 = CARTESIAN_POINT('',(0.440528088436,71.433916006014));
#6390 = CARTESIAN_POINT('',(0.440516398517,71.575309316831));
#6391 = CARTESIAN_POINT('',(0.440506758697,71.671152217463));
#6392 = CARTESIAN_POINT('',(0.440498365299,71.767005131955));
#6393 = CARTESIAN_POINT('',(0.440493069933,71.862863127275));
#6394 = CARTESIAN_POINT('',(0.440491612466,71.958719269146));
#6395 = CARTESIAN_POINT('',(0.440493621027,72.054564622045));
#6396 = CARTESIAN_POINT('',(0.440503108797,72.282366556249));
#6397 = CARTESIAN_POINT('',(0.440512390232,72.41448466838));
#6398 = CARTESIAN_POINT('',(0.440522284971,72.546500066981));
#6399 = CARTESIAN_POINT('',(0.44052706915,72.678482881528));
#6400 = CARTESIAN_POINT('',(0.440526384473,72.810485015024));
#6401 = CARTESIAN_POINT('',(0.440523707707,72.942581946405));
#6402 = CARTESIAN_POINT('',(0.440518255055,73.22460973371));
#6403 = CARTESIAN_POINT('',(0.440515563019,73.374901706448));
#6404 = CARTESIAN_POINT('',(0.440516108716,73.524984824252));
#6405 = CARTESIAN_POINT('',(0.440522893569,73.675036993388));
#6406 = CARTESIAN_POINT('',(0.440527409574,73.825117917201));
#6407 = CARTESIAN_POINT('',(0.44052589993,73.975401826176));
#6408 = CARTESIAN_POINT('',(0.440515503098,74.251670797283));
#6409 = CARTESIAN_POINT('',(0.440507777097,74.378008392483));
#6410 = CARTESIAN_POINT('',(0.440498002202,74.504279479687));
#6411 = CARTESIAN_POINT('',(0.440490385281,74.630506650353));
#6412 = CARTESIAN_POINT('',(0.440489269534,74.756775983287));
#6413 = CARTESIAN_POINT('',(0.440495990352,74.88311167387));
#6414 = CARTESIAN_POINT('',(0.440515157983,75.131520023825));
#6415 = CARTESIAN_POINT('',(0.440528090038,75.253765841768));
#6416 = CARTESIAN_POINT('',(0.440539747685,75.375951295446));
#6417 = CARTESIAN_POINT('',(0.440544576666,75.498101163235));
#6418 = CARTESIAN_POINT('',(0.44053928065,75.620291764779));
#6419 = CARTESIAN_POINT('',(0.440525853757,75.742540902222));
#6420 = CARTESIAN_POINT('',(0.440514613086,75.864697801443));
#6421 = ( GEOMETRIC_REPRESENTATION_CONTEXT(2) 
PARAMETRIC_REPRESENTATION_CONTEXT() REPRESENTATION_CONTEXT('2D SPACE',''
  ) );
#6422 = PCURVE('',#2781,#6423);
#6423 = DEFINITIONAL_REPRESENTATION('',(#6424),#6475);
#6424 = B_SPLINE_CURVE_WITH_KNOTS('',7,(#6425,#6426,#6427,#6428,#6429,
    #6430,#6431,#6432,#6433,#6434,#6435,#6436,#6437,#6438,#6439,#6440,
    #6441,#6442,#6443,#6444,#6445,#6446,#6447,#6448,#6449,#6450,#6451,
    #6452,#6453,#6454,#6455,#6456,#6457,#6458,#6459,#6460,#6461,#6462,
    #6463,#6464,#6465,#6466,#6467,#6468,#6469,#6470,#6471,#6472,#6473,
    #6474),.UNSPECIFIED.,.F.,.F.,(8,6,6,6,6,6,6,6,8),(0.,
    9.719255779523E-02,0.255808710887,0.306271486902,0.412406021245,
    0.558585586528,0.724799741793,0.864654148807,1.),.UNSPECIFIED.);
#6425 = CARTESIAN_POINT('',(0.,8.2559525722));
#6426 = CARTESIAN_POINT('',(8.723806776106E-02,8.265668678916));
#6427 = CARTESIAN_POINT('',(0.174493857581,8.275388144295));
#6428 = CARTESIAN_POINT('',(0.261749342645,8.285109271995));
#6429 = CARTESIAN_POINT('',(0.348995698879,8.294830898959));
#6430 = CARTESIAN_POINT('',(0.436233304957,8.30455239542));
#6431 = CARTESIAN_POINT('',(0.523471742292,8.314273664893));
#6432 = CARTESIAN_POINT('',(0.753133050683,8.339860388203));
#6433 = CARTESIAN_POINT('',(0.895716174611,8.355737997725));
#6434 = CARTESIAN_POINT('',(1.038134508482,8.371590624513));
#6435 = CARTESIAN_POINT('',(1.180520110807,8.38746866646));
#6436 = CARTESIAN_POINT('',(1.322942199412,8.403344268559));
#6437 = CARTESIAN_POINT('',(1.4655264411,8.419236073882));
#6438 = CARTESIAN_POINT('',(1.653245345497,8.440151312936));
#6439 = CARTESIAN_POINT('',(1.698529256858,8.445196253214));
#6440 = CARTESIAN_POINT('',(1.743804159434,8.450239680903));
#6441 = CARTESIAN_POINT('',(1.789079791143,8.455282727905));
#6442 = CARTESIAN_POINT('',(1.834360813998,8.460326002147));
#6443 = CARTESIAN_POINT('',(1.87964645314,8.46536952948));
#6444 = CARTESIAN_POINT('',(2.02017187559,8.481019604827));
#6445 = CARTESIAN_POINT('',(2.115425775884,8.491627145768));
#6446 = CARTESIAN_POINT('',(2.210688972909,8.502236380611));
#6447 = CARTESIAN_POINT('',(2.30595675419,8.512847629539));
#6448 = CARTESIAN_POINT('',(2.401222558618,8.523460470703));
#6449 = CARTESIAN_POINT('',(2.49647797645,8.534073740227));
#6450 = CARTESIAN_POINT('',(2.722880024698,8.559301200403));
#6451 = CARTESIAN_POINT('',(2.854187647286,8.573934120253));
#6452 = CARTESIAN_POINT('',(2.985394959756,8.588555954175));
#6453 = CARTESIAN_POINT('',(3.116570640898,8.603171788101));
#6454 = CARTESIAN_POINT('',(3.247763368216,8.617787199973));
#6455 = CARTESIAN_POINT('',(3.379047752757,8.632412172967));
#6456 = CARTESIAN_POINT('',(3.659336740278,8.663636700366));
#6457 = CARTESIAN_POINT('',(3.808699704007,8.680276277314));
#6458 = CARTESIAN_POINT('',(3.957853606504,8.69689424149));
#6459 = CARTESIAN_POINT('',(4.106978736787,8.713511698094));
#6460 = CARTESIAN_POINT('',(4.256137393864,8.730131283154));
#6461 = CARTESIAN_POINT('',(4.405500177692,8.746770531649));
#6462 = CARTESIAN_POINT('',(4.680076686769,8.777355133078));
#6463 = CARTESIAN_POINT('',(4.805640836212,8.791340061583));
#6464 = CARTESIAN_POINT('',(4.931137437658,8.805316669414));
#6465 = CARTESIAN_POINT('',(5.056588485126,8.819289422241));
#6466 = CARTESIAN_POINT('',(5.182080116277,8.833269878861));
#6467 = CARTESIAN_POINT('',(5.30763755063,8.847261341093));
#6468 = CARTESIAN_POINT('',(5.55451790887,8.874774916377));
#6469 = CARTESIAN_POINT('',(5.67601239271,8.888316429718));
#6470 = CARTESIAN_POINT('',(5.797449224024,8.901850659174));
#6471 = CARTESIAN_POINT('',(5.91885115398,8.915377756242));
#6472 = CARTESIAN_POINT('',(6.04029104319,8.928904636868));
#6473 = CARTESIAN_POINT('',(6.161784964737,8.94243420986));
#6474 = CARTESIAN_POINT('',(6.28318530718,8.955954605298));
#6475 = ( GEOMETRIC_REPRESENTATION_CONTEXT(2) 
PARAMETRIC_REPRESENTATION_CONTEXT() REPRESENTATION_CONTEXT('2D SPACE',''
  ) );
#6476 = ORIENTED_EDGE('',*,*,#6477,.T.);
#6477 = EDGE_CURVE('',#6314,#6478,#6480,.T.);
#6478 = VERTEX_POINT('',#6479);
#6479 = CARTESIAN_POINT('',(166.09404325755,-70.5,52.9635));
#6480 = SURFACE_CURVE('',#6481,(#6540,#6602),.PCURVE_S1.);
#6481 = B_SPLINE_CURVE_WITH_KNOTS('',8,(#6482,#6483,#6484,#6485,#6486,
    #6487,#6488,#6489,#6490,#6491,#6492,#6493,#6494,#6495,#6496,#6497,
    #6498,#6499,#6500,#6501,#6502,#6503,#6504,#6505,#6506,#6507,#6508,
    #6509,#6510,#6511,#6512,#6513,#6514,#6515,#6516,#6517,#6518,#6519,
    #6520,#6521,#6522,#6523,#6524,#6525,#6526,#6527,#6528,#6529,#6530,
    #6531,#6532,#6533,#6534,#6535,#6536,#6537,#6538,#6539),
  .UNSPECIFIED.,.F.,.F.,(9,7,7,7,7,7,7,7,9),(0.,9.533549735472E-02,
    0.2537485304,0.404628151819,0.520815613729,0.705308392622,
    0.796129205,0.903309035475,1.),.UNSPECIFIED.);
#6482 = CARTESIAN_POINT('',(166.7940454447,-70.5,52.9635));
#6483 = CARTESIAN_POINT('',(166.78571307263,-70.35335905741,52.9635));
#6484 = CARTESIAN_POINT('',(166.77737726847,-70.2066423176,
    52.950945030445));
#6485 = CARTESIAN_POINT('',(166.76903951357,-70.06118370876,
    52.925850284313));
#6486 = CARTESIAN_POINT('',(166.76070089086,-69.91825934742,
    52.888370705615));
#6487 = CARTESIAN_POINT('',(166.75236208483,-69.77908753849,
    52.838800989395));
#6488 = CARTESIAN_POINT('',(166.74402338157,-69.64482877518,
    52.777575581733));
#6489 = CARTESIAN_POINT('',(166.73568466874,-69.51658573909,
    52.70526867974));
#6490 = CARTESIAN_POINT('',(166.7134886534,-69.19404202089,
    52.485219272028));
#6491 = CARTESIAN_POINT('',(166.69961967335,-69.01198322343,
    52.319067199973));
#6492 = CARTESIAN_POINT('',(166.68576636252,-68.85440087307,
    52.127530866396));
#6493 = CARTESIAN_POINT('',(166.67191722743,-68.72528488635,
    51.914905036227));
#6494 = CARTESIAN_POINT('',(166.65805624216,-68.6277014319,
    51.686094046838));
#6495 = CARTESIAN_POINT('',(166.64418135104,-68.5638428959,
    51.446440264457));
#6496 = CARTESIAN_POINT('',(166.6303066457,-68.53486751182,
    51.201673338468));
#6497 = CARTESIAN_POINT('',(166.60324883183,-68.54592057925,
    50.725876116213));
#6498 = CARTESIAN_POINT('',(166.59004249305,-68.58273826243,
    50.494326318909));
#6499 = CARTESIAN_POINT('',(166.57684684197,-68.65093820306,
    50.268584668505));
#6500 = CARTESIAN_POINT('',(166.56365825051,-68.74934155391,
    50.053583743265));
#6501 = CARTESIAN_POINT('',(166.55046823131,-68.87595614693,
    49.853870605446));
#6502 = CARTESIAN_POINT('',(166.53726957711,-69.02806564605,
    49.67361391115));
#6503 = CARTESIAN_POINT('',(166.52406181572,-69.2021621056,
    49.516520803628));
#6504 = CARTESIAN_POINT('',(166.50070356882,-69.54137091074,
    49.284608662146));
#6505 = CARTESIAN_POINT('',(166.49053610451,-69.6995231368,
    49.199055023751));
#6506 = CARTESIAN_POINT('',(166.48036844797,-69.86632802763,
    49.130191236341));
#6507 = CARTESIAN_POINT('',(166.47020135638,-70.03970807854,
    49.079011637341));
#6508 = CARTESIAN_POINT('',(166.46003420077,-70.21749192127,
    49.046197307045));
#6509 = CARTESIAN_POINT('',(166.4498660715,-70.39743478037,
    49.032131588658));
#6510 = CARTESIAN_POINT('',(166.43969724933,-70.57722810357,
    49.036876299705));
#6511 = CARTESIAN_POINT('',(166.41339441992,-71.03604982648,
    49.096967305132));
#6512 = CARTESIAN_POINT('',(166.39722490004,-71.3120323099,
    49.180520787586));
#6513 = CARTESIAN_POINT('',(166.38107599318,-71.57250739279,
    49.309777294753));
#6514 = CARTESIAN_POINT('',(166.36493667665,-71.80887233848,
    49.48097761493));
#6515 = CARTESIAN_POINT('',(166.34879368883,-72.01361706214,
    49.688979698273));
#6516 = CARTESIAN_POINT('',(166.33263828325,-72.18051128117,
    49.927134415529));
#6517 = CARTESIAN_POINT('',(166.31646443775,-72.30453316565,
    50.187485158703));
#6518 = CARTESIAN_POINT('',(166.29238131553,-72.42196177127,
    50.594599214399));
#6519 = CARTESIAN_POINT('',(166.28443654079,-72.44975718819,
    50.732067630668));
#6520 = CARTESIAN_POINT('',(166.27649217725,-72.46630380261,
    50.871654684402));
#6521 = CARTESIAN_POINT('',(166.26854795338,-72.47142303469,
    51.012290552354));
#6522 = CARTESIAN_POINT('',(166.26060315983,-72.46505469827,
    51.152892307015));
#6523 = CARTESIAN_POINT('',(166.25265727041,-72.44725695471,
    51.292370477685));
#6524 = CARTESIAN_POINT('',(166.24471073629,-72.41821596255,
    51.429635908186));
#6525 = CARTESIAN_POINT('',(166.22739012413,-72.33111839205,
    51.721709322032));
#6526 = CARTESIAN_POINT('',(166.2180129922,-72.26873520428,
    51.875321186304));
#6527 = CARTESIAN_POINT('',(166.20863452579,-72.19166874887,
    52.022658435868));
#6528 = CARTESIAN_POINT('',(166.19925481022,-72.10066418602,
    52.162079379971));
#6529 = CARTESIAN_POINT('',(166.18987404819,-71.99665874694,
    52.292084705245));
#6530 = CARTESIAN_POINT('',(166.18049255979,-71.88078173385,
    52.411317475711));
#6531 = CARTESIAN_POINT('',(166.17111078249,-71.75435451999,
    52.518563132775));
#6532 = CARTESIAN_POINT('',(166.15326585621,-71.49668339655,
    52.697718562552));
#6533 = CARTESIAN_POINT('',(166.14480202221,-71.36706865373,
    52.772096675176));
#6534 = CARTESIAN_POINT('',(166.13633875285,-71.23116919456,
    52.835113080717));
#6535 = CARTESIAN_POINT('',(166.12787671686,-71.09015501071,
    52.886149981523));
#6536 = CARTESIAN_POINT('',(166.11941626801,-70.94524321207,
    52.924742534674));
#6537 = CARTESIAN_POINT('',(166.1109574451,-70.79769802677,
    52.950578851984));
#6538 = CARTESIAN_POINT('',(166.10249997198,-70.6488308012,52.9635));
#6539 = CARTESIAN_POINT('',(166.09404325755,-70.5,52.9635));
#6540 = PCURVE('',#1285,#6541);
#6541 = DEFINITIONAL_REPRESENTATION('',(#6542),#6601);
#6542 = B_SPLINE_CURVE_WITH_KNOTS('',8,(#6543,#6544,#6545,#6546,#6547,
    #6548,#6549,#6550,#6551,#6552,#6553,#6554,#6555,#6556,#6557,#6558,
    #6559,#6560,#6561,#6562,#6563,#6564,#6565,#6566,#6567,#6568,#6569,
    #6570,#6571,#6572,#6573,#6574,#6575,#6576,#6577,#6578,#6579,#6580,
    #6581,#6582,#6583,#6584,#6585,#6586,#6587,#6588,#6589,#6590,#6591,
    #6592,#6593,#6594,#6595,#6596,#6597,#6598,#6599,#6600),
  .UNSPECIFIED.,.F.,.F.,(9,7,7,7,7,7,7,7,9),(0.,9.533549735472E-02,
    0.2537485304,0.404628151819,0.520815613729,0.705308392622,
    0.796129205,0.903309035475,1.),.UNSPECIFIED.);
#6543 = CARTESIAN_POINT('',(0.440514613086,75.864697801443));
#6544 = CARTESIAN_POINT('',(0.440507685666,75.939980860968));
#6545 = CARTESIAN_POINT('',(0.440501055522,76.015293632603));
#6546 = CARTESIAN_POINT('',(0.440496921688,76.090613430114));
#6547 = CARTESIAN_POINT('',(0.440496381254,76.165925850963));
#6548 = CARTESIAN_POINT('',(0.440499429368,76.241224776313));
#6549 = CARTESIAN_POINT('',(0.440504959237,76.31651237102));
#6550 = CARTESIAN_POINT('',(0.440510762124,76.391799083642));
#6551 = CARTESIAN_POINT('',(0.440518122152,76.592232528378));
#6552 = CARTESIAN_POINT('',(0.440515974605,76.717501249637));
#6553 = CARTESIAN_POINT('',(0.440497209769,76.842696191676));
#6554 = CARTESIAN_POINT('',(0.440485798312,76.967821677717));
#6555 = CARTESIAN_POINT('',(0.440496122321,77.092963490664));
#6556 = CARTESIAN_POINT('',(0.440517713163,77.218184020823));
#6557 = CARTESIAN_POINT('',(0.440528161406,77.343449043416));
#6558 = CARTESIAN_POINT('',(0.440539949073,77.587772251339));
#6559 = CARTESIAN_POINT('',(0.440539786587,77.707046226966));
#6560 = CARTESIAN_POINT('',(0.44053104605,77.826259936767));
#6561 = CARTESIAN_POINT('',(0.440516413818,77.94543475486));
#6562 = CARTESIAN_POINT('',(0.440502595193,78.0646189927));
#6563 = CARTESIAN_POINT('',(0.440494669029,78.183856291023));
#6564 = CARTESIAN_POINT('',(0.44049235281,78.303152112815));
#6565 = CARTESIAN_POINT('',(0.440495978752,78.514097016556));
#6566 = CARTESIAN_POINT('',(0.440500120007,78.605907058005));
#6567 = CARTESIAN_POINT('',(0.440506165598,78.697710783968));
#6568 = CARTESIAN_POINT('',(0.440512738727,78.789507177372));
#6569 = CARTESIAN_POINT('',(0.440518373845,78.881308114674));
#6570 = CARTESIAN_POINT('',(0.440522175543,78.973125598165));
#6571 = CARTESIAN_POINT('',(0.440524111951,79.064957230007));
#6572 = CARTESIAN_POINT('',(0.440525237355,79.302506755259));
#6573 = CARTESIAN_POINT('',(0.440522149642,79.448555017574));
#6574 = CARTESIAN_POINT('',(0.44051678454,79.594426770163));
#6575 = CARTESIAN_POINT('',(0.440513553613,79.740202922975));
#6576 = CARTESIAN_POINT('',(0.440517188484,79.88598324072));
#6577 = CARTESIAN_POINT('',(0.440522574579,80.031868285879));
#6578 = CARTESIAN_POINT('',(0.440525379674,80.177930728126));
#6579 = CARTESIAN_POINT('',(0.440523781973,80.395444437282));
#6580 = CARTESIAN_POINT('',(0.440522315983,80.467203932261));
#6581 = CARTESIAN_POINT('',(0.440519753052,80.538964336765));
#6582 = CARTESIAN_POINT('',(0.440516116775,80.610728005161));
#6583 = CARTESIAN_POINT('',(0.440511691337,80.68250014608));
#6584 = CARTESIAN_POINT('',(0.440506999236,80.754283308858));
#6585 = CARTESIAN_POINT('',(0.440502677761,80.826070731333));
#6586 = CARTESIAN_POINT('',(0.440495213965,80.982533481011));
#6587 = CARTESIAN_POINT('',(0.440492347862,81.067235224049));
#6588 = CARTESIAN_POINT('',(0.440491782673,81.15193931781));
#6589 = CARTESIAN_POINT('',(0.440494058745,81.236642715124));
#6590 = CARTESIAN_POINT('',(0.440499129987,81.321343781947));
#6591 = CARTESIAN_POINT('',(0.44050636387,81.406042297361));
#6592 = CARTESIAN_POINT('',(0.440514541426,81.490739453573));
#6593 = CARTESIAN_POINT('',(0.440528457127,81.651847476832));
#6594 = CARTESIAN_POINT('',(0.440534672007,81.728262517298));
#6595 = CARTESIAN_POINT('',(0.440538928534,81.804680726526));
#6596 = CARTESIAN_POINT('',(0.440540283276,81.881100038706));
#6597 = CARTESIAN_POINT('',(0.440538422723,81.957518573003));
#6598 = CARTESIAN_POINT('',(0.440533663286,82.033934633558));
#6599 = CARTESIAN_POINT('',(0.440526951296,82.110346709491));
#6600 = CARTESIAN_POINT('',(0.44051986301,82.186753474897));
#6601 = ( GEOMETRIC_REPRESENTATION_CONTEXT(2) 
PARAMETRIC_REPRESENTATION_CONTEXT() REPRESENTATION_CONTEXT('2D SPACE',''
  ) );
#6602 = PCURVE('',#2595,#6603);
#6603 = DEFINITIONAL_REPRESENTATION('',(#6604),#6663);
#6604 = B_SPLINE_CURVE_WITH_KNOTS('',8,(#6605,#6606,#6607,#6608,#6609,
    #6610,#6611,#6612,#6613,#6614,#6615,#6616,#6617,#6618,#6619,#6620,
    #6621,#6622,#6623,#6624,#6625,#6626,#6627,#6628,#6629,#6630,#6631,
    #6632,#6633,#6634,#6635,#6636,#6637,#6638,#6639,#6640,#6641,#6642,
    #6643,#6644,#6645,#6646,#6647,#6648,#6649,#6650,#6651,#6652,#6653,
    #6654,#6655,#6656,#6657,#6658,#6659,#6660,#6661,#6662),
  .UNSPECIFIED.,.F.,.F.,(9,7,7,7,7,7,7,7,9),(0.,9.533549735472E-02,
    0.2537485304,0.404628151819,0.520815613729,0.705308392622,
    0.796129205,0.903309035475,1.),.UNSPECIFIED.);
#6605 = CARTESIAN_POINT('',(0.,8.955954605298));
#6606 = CARTESIAN_POINT('',(7.481680744042E-02,8.964286977363));
#6607 = CARTESIAN_POINT('',(0.149661325646,8.972622781521));
#6608 = CARTESIAN_POINT('',(0.224513582401,8.980960536422));
#6609 = CARTESIAN_POINT('',(0.299360875656,8.989299159138));
#6610 = CARTESIAN_POINT('',(0.374197773535,8.997637965167));
#6611 = CARTESIAN_POINT('',(0.449026114329,9.005976668426));
#6612 = CARTESIAN_POINT('',(0.5238550065,9.014315381257));
#6613 = CARTESIAN_POINT('',(0.723067450048,9.036511396591));
#6614 = CARTESIAN_POINT('',(0.847565835689,9.050380376649));
#6615 = CARTESIAN_POINT('',(0.972005153363,9.064233687471));
#6616 = CARTESIAN_POINT('',(1.096367522751,9.078082822565));
#6617 = CARTESIAN_POINT('',(1.220726261293,9.091943807836));
#6618 = CARTESIAN_POINT('',(1.345159050746,9.105818698953));
#6619 = CARTESIAN_POINT('',(1.469656024474,9.1196934043));
#6620 = CARTESIAN_POINT('',(1.712475202932,9.146751218164));
#6621 = CARTESIAN_POINT('',(1.831017344303,9.159957556948));
#6622 = CARTESIAN_POINT('',(1.949501131459,9.173153208029));
#6623 = CARTESIAN_POINT('',(2.067944969089,9.186341799488));
#6624 = CARTESIAN_POINT('',(2.186396023246,9.19953181868));
#6625 = CARTESIAN_POINT('',(2.304898747664,9.212730472885));
#6626 = CARTESIAN_POINT('',(2.423459879986,9.225938234275));
#6627 = CARTESIAN_POINT('',(2.63310711079,9.249296481178));
#6628 = CARTESIAN_POINT('',(2.724352852454,9.259463945483));
#6629 = CARTESIAN_POINT('',(2.815593088462,9.269631602021));
#6630 = CARTESIAN_POINT('',(2.906826904302,9.279798693615));
#6631 = CARTESIAN_POINT('',(2.998065792564,9.289965849222));
#6632 = CARTESIAN_POINT('',(3.089321129717,9.300133978491));
#6633 = CARTESIAN_POINT('',(3.180590032563,9.310302800666));
#6634 = CARTESIAN_POINT('',(3.4166818664,9.336605630072));
#6635 = CARTESIAN_POINT('',(3.561831940346,9.352775149953));
#6636 = CARTESIAN_POINT('',(3.70680346755,9.368924056818));
#6637 = CARTESIAN_POINT('',(3.851676801639,9.385063373346));
#6638 = CARTESIAN_POINT('',(3.996554422751,9.401206361163));
#6639 = CARTESIAN_POINT('',(4.141539477518,9.41736176675));
#6640 = CARTESIAN_POINT('',(4.286703948196,9.433535612245));
#6641 = CARTESIAN_POINT('',(4.502883222637,9.457618734462));
#6642 = CARTESIAN_POINT('',(4.57420293154,9.465563509207));
#6643 = CARTESIAN_POINT('',(4.645523855227,9.473507872741));
#6644 = CARTESIAN_POINT('',(4.716848102589,9.48145209662));
#6645 = CARTESIAN_POINT('',(4.788180609116,9.489396890164));
#6646 = CARTESIAN_POINT('',(4.859523717893,9.497342779582));
#6647 = CARTESIAN_POINT('',(4.930870612461,9.505289313706));
#6648 = CARTESIAN_POINT('',(5.086372301075,9.522609925865));
#6649 = CARTESIAN_POINT('',(5.170553022771,9.531987057798));
#6650 = CARTESIAN_POINT('',(5.254735659603,9.541365524204));
#6651 = CARTESIAN_POINT('',(5.338917468693,9.550745239773));
#6652 = CARTESIAN_POINT('',(5.423097071296,9.560126001803));
#6653 = CARTESIAN_POINT('',(5.50727445279,9.569507490206));
#6654 = CARTESIAN_POINT('',(5.591450962683,9.578889267505));
#6655 = CARTESIAN_POINT('',(5.751569778445,9.596734193783));
#6656 = CARTESIAN_POINT('',(5.827516186402,9.605198027781));
#6657 = CARTESIAN_POINT('',(5.903465811865,9.613661297141));
#6658 = CARTESIAN_POINT('',(5.97941619303,9.622123333134));
#6659 = CARTESIAN_POINT('',(6.055365132909,9.63058378199));
#6660 = CARTESIAN_POINT('',(6.13131069933,9.6390426049));
#6661 = CARTESIAN_POINT('',(6.207251224934,9.647500078015));
#6662 = CARTESIAN_POINT('',(6.28318530718,9.655956792444));
#6663 = ( GEOMETRIC_REPRESENTATION_CONTEXT(2) 
PARAMETRIC_REPRESENTATION_CONTEXT() REPRESENTATION_CONTEXT('2D SPACE',''
  ) );
#6664 = ORIENTED_EDGE('',*,*,#6665,.T.);
#6665 = EDGE_CURVE('',#6478,#6666,#6668,.T.);
#6666 = VERTEX_POINT('',#6667);
#6667 = CARTESIAN_POINT('',(165.39404109307,-70.5,52.9635));
#6668 = SURFACE_CURVE('',#6669,(#6728,#6790),.PCURVE_S1.);
#6669 = B_SPLINE_CURVE_WITH_KNOTS('',8,(#6670,#6671,#6672,#6673,#6674,
    #6675,#6676,#6677,#6678,#6679,#6680,#6681,#6682,#6683,#6684,#6685,
    #6686,#6687,#6688,#6689,#6690,#6691,#6692,#6693,#6694,#6695,#6696,
    #6697,#6698,#6699,#6700,#6701,#6702,#6703,#6704,#6705,#6706,#6707,
    #6708,#6709,#6710,#6711,#6712,#6713,#6714,#6715,#6716,#6717,#6718,
    #6719,#6720,#6721,#6722,#6723,#6724,#6725,#6726,#6727),
  .UNSPECIFIED.,.F.,.F.,(9,7,7,7,7,7,7,7,9),(0.,6.596619412489E-02,
    0.186289970739,0.332131144522,0.491666500332,0.600603459445,
    0.69543806028,0.849458512533,1.),.UNSPECIFIED.);
#6670 = CARTESIAN_POINT('',(166.09404325755,-70.5,52.9635));
#6671 = CARTESIAN_POINT('',(166.08827680345,-70.39851543518,52.9635));
#6672 = CARTESIAN_POINT('',(166.08251037942,-70.29702594899,
    52.957496228831));
#6673 = CARTESIAN_POINT('',(166.0767433307,-70.19594823422,
    52.945485357259));
#6674 = CARTESIAN_POINT('',(166.07097533227,-70.09569560824,
    52.927499888251));
#6675 = CARTESIAN_POINT('',(166.06520638886,-69.99667801298,
    52.903608156976));
#6676 = CARTESIAN_POINT('',(166.05943683495,-69.89930201494,
    52.873914330804));
#6677 = CARTESIAN_POINT('',(166.05366733478,-69.80397080516,
    52.838558409308));
#6678 = CARTESIAN_POINT('',(166.03737709919,-69.5416570046,
    52.723219188089));
#6679 = CARTESIAN_POINT('',(166.02684873076,-69.38017362881,
    52.630394507354));
#6680 = CARTESIAN_POINT('',(166.01631941884,-69.22906684921,
    52.520273555813));
#6681 = CARTESIAN_POINT('',(166.00579554367,-69.09048315735,
    52.394244614557));
#6682 = CARTESIAN_POINT('',(165.99527704464,-68.9663202387,
    52.253981149742));
#6683 = CARTESIAN_POINT('',(165.98475740925,-68.85822679122,
    52.1014028874));
#6684 = CARTESIAN_POINT('',(165.97423083067,-68.76756468278,
    51.938669685313));
#6685 = CARTESIAN_POINT('',(165.9509503197,-68.60778393364,
    51.561596478859));
#6686 = CARTESIAN_POINT('',(165.93817888819,-68.54718809386,
    51.343335378595));
#6687 = CARTESIAN_POINT('',(165.92540807602,-68.51548977556,
    51.117797399402));
#6688 = CARTESIAN_POINT('',(165.91264400049,-68.51359531394,
    50.88946308965));
#6689 = CARTESIAN_POINT('',(165.89988461327,-68.54160729647,
    50.662846011328));
#6690 = CARTESIAN_POINT('',(165.88712428014,-68.59890737612,
    50.442413485571));
#6691 = CARTESIAN_POINT('',(165.87436138623,-68.68408813315,
    50.232503120203));
#6692 = CARTESIAN_POINT('',(165.84765912237,-68.9157692525,
    49.823631860438));
#6693 = CARTESIAN_POINT('',(165.8336923048,-69.06753405995,
    49.627089128823));
#6694 = CARTESIAN_POINT('',(165.81973336392,-69.24702972509,
    49.453207387534));
#6695 = CARTESIAN_POINT('',(165.80577810593,-69.45013818984,
    49.306410960684));
#6696 = CARTESIAN_POINT('',(165.79182114826,-69.67215171022,
    49.190232043085));
#6697 = CARTESIAN_POINT('',(165.77785800314,-69.90780469446,
    49.107268702976));
#6698 = CARTESIAN_POINT('',(165.7638861235,-70.15135154806,
    49.059189564426));
#6699 = CARTESIAN_POINT('',(165.74039354306,-70.56401060175,
    49.037382477019));
#6700 = CARTESIAN_POINT('',(165.73086086279,-70.73237712675,
    49.044916008454));
#6701 = CARTESIAN_POINT('',(165.72132848701,-70.89970412881,
    49.068914257548));
#6702 = CARTESIAN_POINT('',(165.71179669238,-71.06410417255,
    49.109215586339));
#6703 = CARTESIAN_POINT('',(165.7022655398,-71.22376538808,
    49.165414109071));
#6704 = CARTESIAN_POINT('',(165.69273487438,-71.37695147102,
    49.236859692202));
#6705 = CARTESIAN_POINT('',(165.68320432548,-71.52200168249,
    49.322657954395));
#6706 = CARTESIAN_POINT('',(165.6653761192,-71.77514107257,
    49.507865008651));
#6707 = CARTESIAN_POINT('',(165.65707972384,-71.88561364536,
    49.604090234265));
#6708 = CARTESIAN_POINT('',(165.64878350754,-71.98773475266,
    49.70959059888));
#6709 = CARTESIAN_POINT('',(165.6404870642,-72.08060457578,
    49.823522181788));
#6710 = CARTESIAN_POINT('',(165.63219019468,-72.16343729214,
    49.944952486061));
#6711 = CARTESIAN_POINT('',(165.62389290675,-72.23556107525,
    50.072860438549));
#6712 = CARTESIAN_POINT('',(165.61559541514,-72.29641809477,
    50.206136389881));
#6713 = CARTESIAN_POINT('',(165.5938225764,-72.42538300068,
    50.566807102753));
#6714 = CARTESIAN_POINT('',(165.58033594999,-72.4744170542,
    50.801277541561));
#6715 = CARTESIAN_POINT('',(165.56685684675,-72.49068043148,
    51.041701915439));
#6716 = CARTESIAN_POINT('',(165.55338634892,-72.47348545308,
    51.282750816659));
#6717 = CARTESIAN_POINT('',(165.53991605401,-72.42313036043,
    51.519118488406));
#6718 = CARTESIAN_POINT('',(165.52643696797,-72.34078928117,
    51.745615792891));
#6719 = CARTESIAN_POINT('',(165.51294927372,-72.22860480473,
    51.957294604387));
#6720 = CARTESIAN_POINT('',(165.48630107528,-71.95449267328,
    52.337568835199));
#6721 = CARTESIAN_POINT('',(165.47311298469,-71.79346355945,
    52.507425650213));
#6722 = CARTESIAN_POINT('',(165.45992835012,-71.60989154918,
    52.65483030221));
#6723 = CARTESIAN_POINT('',(165.44674732227,-71.40753654067,
    52.776380028686));
#6724 = CARTESIAN_POINT('',(165.43356850015,-71.19060743538,
    52.869462429207));
#6725 = CARTESIAN_POINT('',(165.42038950142,-70.96368358293,
    52.93218999285));
#6726 = CARTESIAN_POINT('',(165.40720800258,-70.73172205999,52.9635));
#6727 = CARTESIAN_POINT('',(165.39404109307,-70.5,52.9635));
#6728 = PCURVE('',#1285,#6729);
#6729 = DEFINITIONAL_REPRESENTATION('',(#6730),#6789);
#6730 = B_SPLINE_CURVE_WITH_KNOTS('',8,(#6731,#6732,#6733,#6734,#6735,
    #6736,#6737,#6738,#6739,#6740,#6741,#6742,#6743,#6744,#6745,#6746,
    #6747,#6748,#6749,#6750,#6751,#6752,#6753,#6754,#6755,#6756,#6757,
    #6758,#6759,#6760,#6761,#6762,#6763,#6764,#6765,#6766,#6767,#6768,
    #6769,#6770,#6771,#6772,#6773,#6774,#6775,#6776,#6777,#6778,#6779,
    #6780,#6781,#6782,#6783,#6784,#6785,#6786,#6787,#6788),
  .UNSPECIFIED.,.F.,.F.,(9,7,7,7,7,7,7,7,9),(0.,6.596619412489E-02,
    0.186289970739,0.332131144522,0.491666500332,0.600603459445,
    0.69543806028,0.849458512533,1.),.UNSPECIFIED.);
#6731 = CARTESIAN_POINT('',(0.44051986301,82.186753474897));
#6732 = CARTESIAN_POINT('',(0.440515029658,82.238853626703));
#6733 = CARTESIAN_POINT('',(0.440509910749,82.290954693624));
#6734 = CARTESIAN_POINT('',(0.440505242241,82.343059478058));
#6735 = CARTESIAN_POINT('',(0.440501567041,82.395168624002));
#6736 = CARTESIAN_POINT('',(0.440499234996,82.447280617059));
#6737 = CARTESIAN_POINT('',(0.440498402901,82.499391784429));
#6738 = CARTESIAN_POINT('',(0.440499034497,82.551496294915));
#6739 = CARTESIAN_POINT('',(0.440504304039,82.698599206802));
#6740 = CARTESIAN_POINT('',(0.440511390649,82.793655792447));
#6741 = CARTESIAN_POINT('',(0.4405204504,82.888714197733));
#6742 = CARTESIAN_POINT('',(0.440521583187,82.983757255229));
#6743 = CARTESIAN_POINT('',(0.44051220696,83.078795112538));
#6744 = CARTESIAN_POINT('',(0.440500763702,83.17385112649));
#6745 = CARTESIAN_POINT('',(0.440498623108,83.268930887182));
#6746 = CARTESIAN_POINT('',(0.440502075863,83.479173992076));
#6747 = CARTESIAN_POINT('',(0.440511030211,83.594481235488));
#6748 = CARTESIAN_POINT('',(0.440526670786,83.70975478739));
#6749 = CARTESIAN_POINT('',(0.44054002497,83.824977283621));
#6750 = CARTESIAN_POINT('',(0.440544242233,83.940196099181));
#6751 = CARTESIAN_POINT('',(0.440539227055,84.055462474468));
#6752 = CARTESIAN_POINT('',(0.440530186321,84.170768979184));
#6753 = CARTESIAN_POINT('',(0.440509048099,84.412020222096));
#6754 = CARTESIAN_POINT('',(0.440496887602,84.5382131172));
#6755 = CARTESIAN_POINT('',(0.440488328323,84.664319619263));
#6756 = CARTESIAN_POINT('',(0.440488185854,84.790357265121));
#6757 = CARTESIAN_POINT('',(0.440495423041,84.916379064223));
#6758 = CARTESIAN_POINT('',(0.440504772189,85.042447813691));
#6759 = CARTESIAN_POINT('',(0.440512971739,85.168600308973));
#6760 = CARTESIAN_POINT('',(0.440522396566,85.380733929167));
#6761 = CARTESIAN_POINT('',(0.440524794017,85.466818287808));
#6762 = CARTESIAN_POINT('',(0.440525706239,85.552906180034));
#6763 = CARTESIAN_POINT('',(0.440525255891,85.63899459106));
#6764 = CARTESIAN_POINT('',(0.440523746692,85.725081688628));
#6765 = CARTESIAN_POINT('',(0.440521663426,85.811166823016));
#6766 = CARTESIAN_POINT('',(0.440519671937,85.897250527029));
#6767 = CARTESIAN_POINT('',(0.44051770262,86.05827456206));
#6768 = CARTESIAN_POINT('',(0.440517365043,86.133205013896));
#6769 = CARTESIAN_POINT('',(0.440517718492,86.20813093121));
#6770 = CARTESIAN_POINT('',(0.440518737545,86.283056085879));
#6771 = CARTESIAN_POINT('',(0.44052025926,86.35798296197));
#6772 = CARTESIAN_POINT('',(0.440521983185,86.432912755732));
#6773 = CARTESIAN_POINT('',(0.440523471348,86.507845375599));
#6774 = CARTESIAN_POINT('',(0.440525247642,86.704479525539));
#6775 = CARTESIAN_POINT('',(0.440524550458,86.826287069405));
#6776 = CARTESIAN_POINT('',(0.440520350349,86.948041430575));
#6777 = CARTESIAN_POINT('',(0.440512210242,87.069734685723));
#6778 = CARTESIAN_POINT('',(0.44050216823,87.191434130169));
#6779 = CARTESIAN_POINT('',(0.440494204166,87.313204209231));
#6780 = CARTESIAN_POINT('',(0.440491966973,87.435027882165));
#6781 = CARTESIAN_POINT('',(0.440497495229,87.675678044976));
#6782 = CARTESIAN_POINT('',(0.440505171687,87.794754055882));
#6783 = CARTESIAN_POINT('',(0.440517456029,87.913779439212));
#6784 = CARTESIAN_POINT('',(0.440532197707,88.032761909859));
#6785 = CARTESIAN_POINT('',(0.440542457184,88.151743403612));
#6786 = CARTESIAN_POINT('',(0.44054280925,88.270768301676));
#6787 = CARTESIAN_POINT('',(0.440535240042,88.389849144727));
#6788 = CARTESIAN_POINT('',(0.440524953632,88.508809595247));
#6789 = ( GEOMETRIC_REPRESENTATION_CONTEXT(2) 
PARAMETRIC_REPRESENTATION_CONTEXT() REPRESENTATION_CONTEXT('2D SPACE',''
  ) );
#6790 = PCURVE('',#2423,#6791);
#6791 = DEFINITIONAL_REPRESENTATION('',(#6792),#6851);
#6792 = B_SPLINE_CURVE_WITH_KNOTS('',8,(#6793,#6794,#6795,#6796,#6797,
    #6798,#6799,#6800,#6801,#6802,#6803,#6804,#6805,#6806,#6807,#6808,
    #6809,#6810,#6811,#6812,#6813,#6814,#6815,#6816,#6817,#6818,#6819,
    #6820,#6821,#6822,#6823,#6824,#6825,#6826,#6827,#6828,#6829,#6830,
    #6831,#6832,#6833,#6834,#6835,#6836,#6837,#6838,#6839,#6840,#6841,
    #6842,#6843,#6844,#6845,#6846,#6847,#6848,#6849,#6850),
  .UNSPECIFIED.,.F.,.F.,(9,7,7,7,7,7,7,7,9),(0.,6.596619412489E-02,
    0.186289970739,0.332131144522,0.491666500332,0.600603459445,
    0.69543806028,0.849458512533,1.),.UNSPECIFIED.);
#6793 = CARTESIAN_POINT('',(0.,9.655956792444));
#6794 = CARTESIAN_POINT('',(5.177783919082E-02,9.661723246542));
#6795 = CARTESIAN_POINT('',(0.103556078083,9.667489670571));
#6796 = CARTESIAN_POINT('',(0.155337740858,9.673256719294));
#6797 = CARTESIAN_POINT('',(0.207123733781,9.679024717726));
#6798 = CARTESIAN_POINT('',(0.258912845199,9.684793661135));
#6799 = CARTESIAN_POINT('',(0.310701745539,9.690563215042));
#6800 = CARTESIAN_POINT('',(0.362484987314,9.69633271522));
#6801 = CARTESIAN_POINT('',(0.508684646538,9.712622950803));
#6802 = CARTESIAN_POINT('',(0.603166939368,9.723151319233));
#6803 = CARTESIAN_POINT('',(0.697641746422,9.73368063116));
#6804 = CARTESIAN_POINT('',(0.792101704317,9.744204506322));
#6805 = CARTESIAN_POINT('',(0.886563978353,9.754723005358));
#6806 = CARTESIAN_POINT('',(0.981044975492,9.765242640749));
#6807 = CARTESIAN_POINT('',(1.075538015422,9.775769219325));
#6808 = CARTESIAN_POINT('',(1.284481438196,9.7990497303));
#6809 = CARTESIAN_POINT('',(1.399072016271,9.811821161807));
#6810 = CARTESIAN_POINT('',(1.513630361459,9.824591973973));
#6811 = CARTESIAN_POINT('',(1.628141949037,9.837356049507));
#6812 = CARTESIAN_POINT('',(1.742653673782,9.850115436721));
#6813 = CARTESIAN_POINT('',(1.857214078135,9.86287576986));
#6814 = CARTESIAN_POINT('',(1.971813196815,9.875638663768));
#6815 = CARTESIAN_POINT('',(2.211582978349,9.902340927621));
#6816 = CARTESIAN_POINT('',(2.336999904842,9.916307745195));
#6817 = CARTESIAN_POINT('',(2.462329443442,9.930266686074));
#6818 = CARTESIAN_POINT('',(2.587589970932,9.944221944066));
#6819 = CARTESIAN_POINT('',(2.712836620266,9.958178901734));
#6820 = CARTESIAN_POINT('',(2.838131986517,9.97214204686));
#6821 = CARTESIAN_POINT('',(2.963511694972,9.986113926495));
#6822 = CARTESIAN_POINT('',(3.174345803596,10.009606506937));
#6823 = CARTESIAN_POINT('',(3.259902879927,10.019139187205));
#6824 = CARTESIAN_POINT('',(3.345463012278,10.02867156299));
#6825 = CARTESIAN_POINT('',(3.431022860034,10.038203357619));
#6826 = CARTESIAN_POINT('',(3.516580432251,10.047734510198));
#6827 = CARTESIAN_POINT('',(3.602135087657,10.057265175611));
#6828 = CARTESIAN_POINT('',(3.687687534651,10.06679572452));
#6829 = CARTESIAN_POINT('',(3.847717014898,10.084623930795));
#6830 = CARTESIAN_POINT('',(3.922184288501,10.092920326151));
#6831 = CARTESIAN_POINT('',(3.996647029971,10.101216542456));
#6832 = CARTESIAN_POINT('',(4.071109268372,10.109512985794));
#6833 = CARTESIAN_POINT('',(4.145573683978,10.117809855318));
#6834 = CARTESIAN_POINT('',(4.220041608271,10.126107143243));
#6835 = CARTESIAN_POINT('',(4.294513023941,10.134404634851));
#6836 = CARTESIAN_POINT('',(4.489938710586,10.156177473592));
#6837 = CARTESIAN_POINT('',(4.610999304198,10.169664100004));
#6838 = CARTESIAN_POINT('',(4.732008631165,10.183143203243));
#6839 = CARTESIAN_POINT('',(4.852957300311,10.19661370108));
#6840 = CARTESIAN_POINT('',(4.97391077012,10.210083995982));
#6841 = CARTESIAN_POINT('',(5.094932605382,10.223563082024));
#6842 = CARTESIAN_POINT('',(5.216006464228,10.237050776276));
#6843 = CARTESIAN_POINT('',(5.455175178951,10.263698974715));
#6844 = CARTESIAN_POINT('',(5.573518006489,10.276887065305));
#6845 = CARTESIAN_POINT('',(5.691811117708,10.290071699876));
#6846 = CARTESIAN_POINT('',(5.810063465482,10.303252727727));
#6847 = CARTESIAN_POINT('',(5.928316469909,10.316431549842));
#6848 = CARTESIAN_POINT('',(6.046611985034,10.32961054858));
#6849 = CARTESIAN_POINT('',(6.164959766365,10.342792047412));
#6850 = CARTESIAN_POINT('',(6.28318530718,10.355958956925));
#6851 = ( GEOMETRIC_REPRESENTATION_CONTEXT(2) 
PARAMETRIC_REPRESENTATION_CONTEXT() REPRESENTATION_CONTEXT('2D SPACE',''
  ) );
#6852 = ORIENTED_EDGE('',*,*,#6853,.T.);
#6853 = EDGE_CURVE('',#6666,#6854,#6856,.T.);
#6854 = VERTEX_POINT('',#6855);
#6855 = CARTESIAN_POINT('',(164.69403912035,-70.5,52.9635));
#6856 = SURFACE_CURVE('',#6857,(#6916,#6978),.PCURVE_S1.);
#6857 = B_SPLINE_CURVE_WITH_KNOTS('',8,(#6858,#6859,#6860,#6861,#6862,
    #6863,#6864,#6865,#6866,#6867,#6868,#6869,#6870,#6871,#6872,#6873,
    #6874,#6875,#6876,#6877,#6878,#6879,#6880,#6881,#6882,#6883,#6884,
    #6885,#6886,#6887,#6888,#6889,#6890,#6891,#6892,#6893,#6894,#6895,
    #6896,#6897,#6898,#6899,#6900,#6901,#6902,#6903,#6904,#6905,#6906,
    #6907,#6908,#6909,#6910,#6911,#6912,#6913,#6914,#6915),
  .UNSPECIFIED.,.F.,.F.,(9,7,7,7,7,7,7,7,9),(0.,7.21833981713E-02,
    0.151574185051,0.303538274259,0.487449888318,0.608987480531,
    0.733044532938,0.841270711225,1.),.UNSPECIFIED.);
#6858 = CARTESIAN_POINT('',(165.39404109307,-70.5,52.9635));
#6859 = CARTESIAN_POINT('',(165.3877306783,-70.38894415141,52.9635));
#6860 = CARTESIAN_POINT('',(165.38141976769,-70.27786823426,
    52.95630722688));
#6861 = CARTESIAN_POINT('',(165.3751082533,-70.1673328978,
    52.941920947074));
#6862 = CARTESIAN_POINT('',(165.3687961028,-70.05788685865,
    52.920389647601));
#6863 = CARTESIAN_POINT('',(165.36248335952,-69.95006690082,
    52.891811036069));
#6864 = CARTESIAN_POINT('',(165.35617014242,-69.84439787572,
    52.856332040671));
#6865 = CARTESIAN_POINT('',(165.34985664605,-69.74139270214,
    52.814148810187));
#6866 = CARTESIAN_POINT('',(165.33659924253,-69.5317431438,
    52.71200778777));
#6867 = CARTESIAN_POINT('',(165.32965332444,-69.42572619129,
    52.650679397323));
#6868 = CARTESIAN_POINT('',(165.32270709168,-69.32416068286,
    52.581835592536));
#6869 = CARTESIAN_POINT('',(165.31576050213,-69.22767040261,
    52.505860484685));
#6870 = CARTESIAN_POINT('',(165.30881380099,-69.13683791635,
    52.423197175447));
#6871 = CARTESIAN_POINT('',(165.30186821213,-69.05219962718,
    52.33434390481));
#6872 = CARTESIAN_POINT('',(165.29492528587,-68.97424171499,
    52.239857417859));
#6873 = CARTESIAN_POINT('',(165.27470012613,-68.76779106527,
    51.949919601812));
#6874 = CARTESIAN_POINT('',(165.26140295167,-68.65801383274,
    51.740801466937));
#6875 = CARTESIAN_POINT('',(165.24810642399,-68.57729009999,
    51.517359609818));
#6876 = CARTESIAN_POINT('',(165.23480754798,-68.52766763034,
    51.284371717637));
#6877 = CARTESIAN_POINT('',(165.22150746075,-68.51027644171,
    51.046789887334));
#6878 = CARTESIAN_POINT('',(165.20820683549,-68.52541810716,
    50.809685919674));
#6879 = CARTESIAN_POINT('',(165.1949030152,-68.57246172601,
    50.57822332392));
#6880 = CARTESIAN_POINT('',(165.16553426182,-68.74278550752,
    50.090339888121));
#6881 = CARTESIAN_POINT('',(165.1494226925,-68.88032623566,
    49.838003397159));
#6882 = CARTESIAN_POINT('',(165.13333191219,-69.0592016426,
    49.609970398377));
#6883 = CARTESIAN_POINT('',(165.11724923467,-69.27402161041,
    49.41386401555));
#6884 = CARTESIAN_POINT('',(165.10115974794,-69.51826944389,
    49.255930033378));
#6885 = CARTESIAN_POINT('',(165.08505656803,-69.78424767234,
    49.140857652536));
#6886 = CARTESIAN_POINT('',(165.06893274384,-70.06326782272,
    49.071930882329));
#6887 = CARTESIAN_POINT('',(165.04220987787,-70.53183859548,
    49.034854512834));
#6888 = CARTESIAN_POINT('',(165.0315704389,-70.72001292942,
    49.040424601954));
#6889 = CARTESIAN_POINT('',(165.02093429933,-70.90717020927,
    49.066580852402));
#6890 = CARTESIAN_POINT('',(165.01030288315,-71.0906532538,
    49.113084397834));
#6891 = CARTESIAN_POINT('',(164.99967420321,-71.26792990061,
    49.179313759959));
#6892 = CARTESIAN_POINT('',(164.98904513459,-71.4366020327,
    49.264311656283));
#6893 = CARTESIAN_POINT('',(164.97841314467,-71.59442267348,
    49.366784411187));
#6894 = CARTESIAN_POINT('',(164.95692561204,-71.88729038679,
    49.605826799218));
#6895 = CARTESIAN_POINT('',(164.94606979979,-72.02179022477,
    49.743068080441));
#6896 = CARTESIAN_POINT('',(164.93521594264,-72.14068419575,
    49.894995556964));
#6897 = CARTESIAN_POINT('',(164.92436336284,-72.24211933489,
    50.059536370063));
#6898 = CARTESIAN_POINT('',(164.91350954725,-72.32458665599,
    50.234377591098));
#6899 = CARTESIAN_POINT('',(164.9026527747,-72.38694845473,
    50.416991239995));
#6900 = CARTESIAN_POINT('',(164.89179474332,-72.42846561199,
    50.604659303715));
#6901 = CARTESIAN_POINT('',(164.8714764141,-72.4665861414,
    50.960112864314));
#6902 = CARTESIAN_POINT('',(164.86200873871,-72.46825693544,
    51.127525368584));
#6903 = CARTESIAN_POINT('',(164.85254071156,-72.4536460804,
    51.294815086429));
#6904 = CARTESIAN_POINT('',(164.84307267437,-72.42280662229,
    51.460121012249));
#6905 = CARTESIAN_POINT('',(164.83360477074,-72.37603585197,
    51.621642315961));
#6906 = CARTESIAN_POINT('',(164.82413694612,-72.31387530513,
    51.777638342996));
#6907 = CARTESIAN_POINT('',(164.81466894786,-72.23711076231,
    51.926428614302));
#6908 = CARTESIAN_POINT('',(164.79131322527,-72.01427779872,
    52.271670515926));
#6909 = CARTESIAN_POINT('',(164.77740961143,-71.85240442363,
    52.458280960342));
#6910 = CARTESIAN_POINT('',(164.76351078273,-71.66439713692,
    52.620971130954));
#6911 = CARTESIAN_POINT('',(164.74961456081,-71.45450463063,
    52.755616719902));
#6912 = CARTESIAN_POINT('',(164.7357181861,-71.22754521747,
    52.858963662121));
#6913 = CARTESIAN_POINT('',(164.72182056289,-70.98886573988,
    52.928706863921));
#6914 = CARTESIAN_POINT('',(164.70791989072,-70.74427459841,52.9635));
#6915 = CARTESIAN_POINT('',(164.69403912035,-70.5,52.9635));
#6916 = PCURVE('',#1285,#6917);
#6917 = DEFINITIONAL_REPRESENTATION('',(#6918),#6977);
#6918 = B_SPLINE_CURVE_WITH_KNOTS('',8,(#6919,#6920,#6921,#6922,#6923,
    #6924,#6925,#6926,#6927,#6928,#6929,#6930,#6931,#6932,#6933,#6934,
    #6935,#6936,#6937,#6938,#6939,#6940,#6941,#6942,#6943,#6944,#6945,
    #6946,#6947,#6948,#6949,#6950,#6951,#6952,#6953,#6954,#6955,#6956,
    #6957,#6958,#6959,#6960,#6961,#6962,#6963,#6964,#6965,#6966,#6967,
    #6968,#6969,#6970,#6971,#6972,#6973,#6974,#6975,#6976),
  .UNSPECIFIED.,.F.,.F.,(9,7,7,7,7,7,7,7,9),(0.,7.21833981713E-02,
    0.151574185051,0.303538274259,0.487449888318,0.608987480531,
    0.733044532938,0.841270711225,1.),.UNSPECIFIED.);
#6919 = CARTESIAN_POINT('',(0.440524953632,88.508809595247));
#6920 = CARTESIAN_POINT('',(0.440520023735,88.565822957639));
#6921 = CARTESIAN_POINT('',(0.440514261816,88.622844290125));
#6922 = CARTESIAN_POINT('',(0.44050861578,88.679870558669));
#6923 = CARTESIAN_POINT('',(0.440503819842,88.736898954229));
#6924 = CARTESIAN_POINT('',(0.440500394534,88.793926892753));
#6925 = CARTESIAN_POINT('',(0.4404986467,88.850952015181));
#6926 = CARTESIAN_POINT('',(0.440498669497,88.907972187443));
#6927 = CARTESIAN_POINT('',(0.440502182333,89.027691495161));
#6928 = CARTESIAN_POINT('',(0.440505818156,89.090408343654));
#6929 = CARTESIAN_POINT('',(0.440510620034,89.153122690159));
#6930 = CARTESIAN_POINT('',(0.440514989646,89.21584247878));
#6931 = CARTESIAN_POINT('',(0.440517306494,89.278572698924));
#6932 = CARTESIAN_POINT('',(0.440516680774,89.341305394829));
#6933 = CARTESIAN_POINT('',(0.440513512822,89.404023939212));
#6934 = CARTESIAN_POINT('',(0.440502865504,89.586732832907));
#6935 = CARTESIAN_POINT('',(0.440493436977,89.706865826707));
#6936 = CARTESIAN_POINT('',(0.440493460712,89.826953053178));
#6937 = CARTESIAN_POINT('',(0.440508796268,89.94699697905));
#6938 = CARTESIAN_POINT('',(0.440527592273,90.067037385813));
#6939 = CARTESIAN_POINT('',(0.440537209377,90.187121523583));
#6940 = CARTESIAN_POINT('',(0.440539702991,90.307264662726));
#6941 = CARTESIAN_POINT('',(0.440531119126,90.572545339237));
#6942 = CARTESIAN_POINT('',(0.440517413689,90.718115181636));
#6943 = CARTESIAN_POINT('',(0.440498139798,90.863520750388));
#6944 = CARTESIAN_POINT('',(0.440485209124,91.008826271355));
#6945 = CARTESIAN_POINT('',(0.440487381945,91.154129441719));
#6946 = CARTESIAN_POINT('',(0.440496357351,91.299527516275));
#6947 = CARTESIAN_POINT('',(0.440506559267,91.445106853212));
#6948 = CARTESIAN_POINT('',(0.440519674773,91.686399221381));
#6949 = CARTESIAN_POINT('',(0.440523906933,91.782471524072));
#6950 = CARTESIAN_POINT('',(0.440526196654,91.878522243221));
#6951 = CARTESIAN_POINT('',(0.440526119292,91.974540315724));
#6952 = CARTESIAN_POINT('',(0.440524294804,92.070541071887));
#6953 = CARTESIAN_POINT('',(0.440521890179,92.166547804414));
#6954 = CARTESIAN_POINT('',(0.440519858102,92.262579359433));
#6955 = CARTESIAN_POINT('',(0.440517434841,92.456654573161));
#6956 = CARTESIAN_POINT('',(0.440517000577,92.554700848675));
#6957 = CARTESIAN_POINT('',(0.440518123069,92.652722893107));
#6958 = CARTESIAN_POINT('',(0.44052050037,92.750728095769));
#6959 = CARTESIAN_POINT('',(0.440523197833,92.848743094374));
#6960 = CARTESIAN_POINT('',(0.440525084324,92.946788205574));
#6961 = CARTESIAN_POINT('',(0.440525268423,93.04485185548));
#6962 = CARTESIAN_POINT('',(0.440522022096,93.228370742858));
#6963 = CARTESIAN_POINT('',(0.4405188359,93.313891582247));
#6964 = CARTESIAN_POINT('',(0.440514302844,93.39942127604));
#6965 = CARTESIAN_POINT('',(0.440508909228,93.484954688456));
#6966 = CARTESIAN_POINT('',(0.44050330085,93.570487800269));
#6967 = CARTESIAN_POINT('',(0.440498283011,93.656017708801));
#6968 = CARTESIAN_POINT('',(0.440494820513,93.741542627927));
#6969 = CARTESIAN_POINT('',(0.440492889488,93.95248820871));
#6970 = CARTESIAN_POINT('',(0.440496793871,94.078042373391));
#6971 = CARTESIAN_POINT('',(0.440507136806,94.203526179912));
#6972 = CARTESIAN_POINT('',(0.440522794287,94.328964053478));
#6973 = CARTESIAN_POINT('',(0.44053797812,94.454405343552));
#6974 = CARTESIAN_POINT('',(0.44054318633,94.579900029394));
#6975 = CARTESIAN_POINT('',(0.440538777602,94.705462789819));
#6976 = CARTESIAN_POINT('',(0.440529507437,94.830866230492));
#6977 = ( GEOMETRIC_REPRESENTATION_CONTEXT(2) 
PARAMETRIC_REPRESENTATION_CONTEXT() REPRESENTATION_CONTEXT('2D SPACE',''
  ) );
#6978 = PCURVE('',#2244,#6979);
#6979 = DEFINITIONAL_REPRESENTATION('',(#6980),#7039);
#6980 = B_SPLINE_CURVE_WITH_KNOTS('',8,(#6981,#6982,#6983,#6984,#6985,
    #6986,#6987,#6988,#6989,#6990,#6991,#6992,#6993,#6994,#6995,#6996,
    #6997,#6998,#6999,#7000,#7001,#7002,#7003,#7004,#7005,#7006,#7007,
    #7008,#7009,#7010,#7011,#7012,#7013,#7014,#7015,#7016,#7017,#7018,
    #7019,#7020,#7021,#7022,#7023,#7024,#7025,#7026,#7027,#7028,#7029,
    #7030,#7031,#7032,#7033,#7034,#7035,#7036,#7037,#7038),
  .UNSPECIFIED.,.F.,.F.,(9,7,7,7,7,7,7,7,9),(0.,7.21833981713E-02,
    0.151574185051,0.303538274259,0.487449888318,0.608987480531,
    0.733044532938,0.841270711225,1.),.UNSPECIFIED.);
#6981 = CARTESIAN_POINT('',(0.,10.355958956925));
#6982 = CARTESIAN_POINT('',(5.666114723812E-02,10.362269371692));
#6983 = CARTESIAN_POINT('',(0.113329534412,10.368580282303));
#6984 = CARTESIAN_POINT('',(0.170002331612,10.3748917967));
#6985 = CARTESIAN_POINT('',(0.226677007758,10.381203947195));
#6986 = CARTESIAN_POINT('',(0.283351330605,10.387516690471));
#6987 = CARTESIAN_POINT('',(0.340023366739,10.39382990758));
#6988 = CARTESIAN_POINT('',(0.396691481581,10.400143403943));
#6989 = CARTESIAN_POINT('',(0.515674886512,10.413400807468));
#6990 = CARTESIAN_POINT('',(0.578005533183,10.42034672556));
#6991 = CARTESIAN_POINT('',(0.640343025108,10.427292958313));
#6992 = CARTESIAN_POINT('',(0.702684127269,10.434239547866));
#6993 = CARTESIAN_POINT('',(0.765027484455,10.441186249005));
#6994 = CARTESIAN_POINT('',(0.827372018607,10.448131837865));
#6995 = CARTESIAN_POINT('',(0.889711862985,10.455074764121));
#6996 = CARTESIAN_POINT('',(1.071308545922,10.47529992387));
#6997 = CARTESIAN_POINT('',(1.190706893802,10.488597098327));
#6998 = CARTESIAN_POINT('',(1.310046306711,10.501893626006));
#6999 = CARTESIAN_POINT('',(1.429341646885,10.515192502017));
#7000 = CARTESIAN_POINT('',(1.548638746144,10.528492589244));
#7001 = CARTESIAN_POINT('',(1.667983085444,10.54179321451));
#7002 = CARTESIAN_POINT('',(1.78738838235,10.555097034799));
#7003 = CARTESIAN_POINT('',(2.051041216431,10.584465788179));
#7004 = CARTESIAN_POINT('',(2.195718711354,10.600577357495));
#7005 = CARTESIAN_POINT('',(2.340231180073,10.616668137803));
#7006 = CARTESIAN_POINT('',(2.48464005714,10.632750815326));
#7007 = CARTESIAN_POINT('',(2.629047126536,10.648840302054));
#7008 = CARTESIAN_POINT('',(2.773551499623,10.664943481962));
#7009 = CARTESIAN_POINT('',(2.918238175689,10.681067306151));
#7010 = CARTESIAN_POINT('',(3.158052127606,10.707790172121));
#7011 = CARTESIAN_POINT('',(3.253536083395,10.718429611092));
#7012 = CARTESIAN_POINT('',(3.348998457338,10.729065750661));
#7013 = CARTESIAN_POINT('',(3.444427631471,10.739697166844));
#7014 = CARTESIAN_POINT('',(3.539838349905,10.75032584679));
#7015 = CARTESIAN_POINT('',(3.635253661391,10.760954915405));
#7016 = CARTESIAN_POINT('',(3.730692635369,10.771586905329));
#7017 = CARTESIAN_POINT('',(3.923569187123,10.793074437951));
#7018 = CARTESIAN_POINT('',(4.02100930203,10.803930250209));
#7019 = CARTESIAN_POINT('',(4.118425371308,10.814784107352));
#7020 = CARTESIAN_POINT('',(4.21582536419,10.825636687151));
#7021 = CARTESIAN_POINT('',(4.313236245701,10.836490502743));
#7022 = CARTESIAN_POINT('',(4.410678441418,10.847347275297));
#7023 = CARTESIAN_POINT('',(4.508140302238,10.858205306678));
#7024 = CARTESIAN_POINT('',(4.690534093046,10.878523635899));
#7025 = CARTESIAN_POINT('',(4.77553122507,10.887991311289));
#7026 = CARTESIAN_POINT('',(4.860537223193,10.897459338437));
#7027 = CARTESIAN_POINT('',(4.94554659858,10.906927375624));
#7028 = CARTESIAN_POINT('',(5.030555115575,10.916395279257));
#7029 = CARTESIAN_POINT('',(5.115559791703,10.925863103873));
#7030 = CARTESIAN_POINT('',(5.200558897668,10.935331102136));
#7031 = CARTESIAN_POINT('',(5.410206529183,10.958686824724));
#7032 = CARTESIAN_POINT('',(5.534987358433,10.972590438567));
#7033 = CARTESIAN_POINT('',(5.659698322563,10.986489267262));
#7034 = CARTESIAN_POINT('',(5.784364937228,11.000385489186));
#7035 = CARTESIAN_POINT('',(5.90903783919,11.014281863891));
#7036 = CARTESIAN_POINT('',(6.033764203467,11.028179487105));
#7037 = CARTESIAN_POINT('',(6.158555410029,11.042080159277));
#7038 = CARTESIAN_POINT('',(6.28318530718,11.055960929646));
#7039 = ( GEOMETRIC_REPRESENTATION_CONTEXT(2) 
PARAMETRIC_REPRESENTATION_CONTEXT() REPRESENTATION_CONTEXT('2D SPACE',''
  ) );
#7040 = ORIENTED_EDGE('',*,*,#7041,.T.);
#7041 = EDGE_CURVE('',#6854,#7042,#7044,.T.);
#7042 = VERTEX_POINT('',#7043);
#7043 = CARTESIAN_POINT('',(163.99403748866,-70.5,52.9635));
#7044 = SURFACE_CURVE('',#7045,(#7096,#7150),.PCURVE_S1.);
#7045 = B_SPLINE_CURVE_WITH_KNOTS('',7,(#7046,#7047,#7048,#7049,#7050,
    #7051,#7052,#7053,#7054,#7055,#7056,#7057,#7058,#7059,#7060,#7061,
    #7062,#7063,#7064,#7065,#7066,#7067,#7068,#7069,#7070,#7071,#7072,
    #7073,#7074,#7075,#7076,#7077,#7078,#7079,#7080,#7081,#7082,#7083,
    #7084,#7085,#7086,#7087,#7088,#7089,#7090,#7091,#7092,#7093,#7094,
    #7095),.UNSPECIFIED.,.F.,.F.,(8,6,6,6,6,6,6,6,8),(0.,
    8.985982058742E-02,0.216014988418,0.359780812516,0.470991245846,
    0.627903554429,0.760703124465,0.880361020771,1.),.UNSPECIFIED.);
#7046 = CARTESIAN_POINT('',(164.69403912035,-70.5,52.9635));
#7047 = CARTESIAN_POINT('',(164.68506135981,-70.34200885171,52.9635));
#7048 = CARTESIAN_POINT('',(164.67608278425,-70.1839598666,
    52.948637222605));
#7049 = CARTESIAN_POINT('',(164.66710269479,-70.02759858808,
    52.918910813588));
#7050 = CARTESIAN_POINT('',(164.65812091886,-69.87460341698,
    52.874553617473));
#7051 = CARTESIAN_POINT('',(164.64913781022,-69.72658561154,
    52.816032177533));
#7052 = CARTESIAN_POINT('',(164.64015424898,-69.58508928745,
    52.744046735793));
#7053 = CARTESIAN_POINT('',(164.6185608624,-69.26417232389,
    52.540879010416));
#7054 = CARTESIAN_POINT('',(164.6059402658,-69.09228742063,
    52.397394891777));
#7055 = CARTESIAN_POINT('',(164.59332566264,-68.94012332622,
    52.231654460805));
#7056 = CARTESIAN_POINT('',(164.58072465616,-68.81100831999,
    52.046979474307));
#7057 = CARTESIAN_POINT('',(164.56812490097,-68.70759438092,
    51.847201873773));
#7058 = CARTESIAN_POINT('',(164.55550855379,-68.63182751301,
    51.636560916162));
#7059 = CARTESIAN_POINT('',(164.52851619506,-68.5310073148,
    51.172637853831));
#7060 = CARTESIAN_POINT('',(164.51411898487,-68.514438463,
    50.917174795617));
#7061 = CARTESIAN_POINT('',(164.49973138007,-68.53671049289,
    50.660500731322));
#7062 = CARTESIAN_POINT('',(164.48535548246,-68.59750858288,
    50.409675268331));
#7063 = CARTESIAN_POINT('',(164.47098422598,-68.69518739105,
    50.17135224749));
#7064 = CARTESIAN_POINT('',(164.45660515108,-68.82679323916,
    49.951863053402));
#7065 = CARTESIAN_POINT('',(164.43111925498,-69.11211522448,
    49.605770001669));
#7066 = CARTESIAN_POINT('',(164.42000143241,-69.25421281008,
    49.469252284298));
#7067 = CARTESIAN_POINT('',(164.40888147609,-69.41180446704,
    49.349734428731));
#7068 = CARTESIAN_POINT('',(164.39775955144,-69.58245231307,
    49.249299220132));
#7069 = CARTESIAN_POINT('',(164.38663622781,-69.7634380731,
    49.169546580023));
#7070 = CARTESIAN_POINT('',(164.37551247847,-69.95176307933,
    49.111593566278));
#7071 = CARTESIAN_POINT('',(164.34869597422,-70.41559406717,
    49.025958584266));
#7072 = CARTESIAN_POINT('',(164.33298209829,-70.69563474979,
    49.020382137177));
#7073 = CARTESIAN_POINT('',(164.31728469414,-70.97481790712,
    49.061270387628));
#7074 = CARTESIAN_POINT('',(164.30159981018,-71.24411136413,
    49.147701779624));
#7075 = CARTESIAN_POINT('',(164.28590790411,-71.49492504558,
    49.276907294767));
#7076 = CARTESIAN_POINT('',(164.27020073347,-71.71940522173,
    49.444381407445));
#7077 = CARTESIAN_POINT('',(164.24123071199,-72.07315447836,
    49.811289869071));
#7078 = CARTESIAN_POINT('',(164.22794257011,-72.21201596891,
    50.002125030028));
#7079 = CARTESIAN_POINT('',(164.21465986392,-72.32360093149,
    50.211572698709));
#7080 = CARTESIAN_POINT('',(164.20137830329,-72.40509217458,
    50.434898429731));
#7081 = CARTESIAN_POINT('',(164.18809573424,-72.45462069223,
    50.667010251966));
#7082 = CARTESIAN_POINT('',(164.17480901479,-72.47127881846,
    50.902438504388));
#7083 = CARTESIAN_POINT('',(164.14957499555,-72.44138091843,
    51.345451547584));
#7084 = CARTESIAN_POINT('',(164.13761350086,-72.40086956368,
    51.553790246235));
#7085 = CARTESIAN_POINT('',(164.12565051964,-72.33433988418,
    51.756298343779));
#7086 = CARTESIAN_POINT('',(164.11368616117,-72.24279571822,
    51.949104840053));
#7087 = CARTESIAN_POINT('',(164.10172086704,-72.12792249477,
    52.128661035155));
#7088 = CARTESIAN_POINT('',(164.08975541112,-71.99208723347,
    52.291740529442));
#7089 = CARTESIAN_POINT('',(164.06582827955,-71.68461416243,
    52.57911519986));
#7090 = CARTESIAN_POINT('',(164.0538584338,-71.5128171172,
    52.703591510785));
#7091 = CARTESIAN_POINT('',(164.04189036768,-71.3259532688,
    52.806073057132));
#7092 = CARTESIAN_POINT('',(164.02992467911,-71.12741488927,
    52.88441080852));
#7093 = CARTESIAN_POINT('',(164.01795907013,-70.920910593,
    52.937136945219));
#7094 = CARTESIAN_POINT('',(164.00599385839,-70.71039526678,52.9635));
#7095 = CARTESIAN_POINT('',(163.99403748866,-70.5,52.9635));
#7096 = PCURVE('',#1285,#7097);
#7097 = DEFINITIONAL_REPRESENTATION('',(#7098),#7149);
#7098 = B_SPLINE_CURVE_WITH_KNOTS('',7,(#7099,#7100,#7101,#7102,#7103,
    #7104,#7105,#7106,#7107,#7108,#7109,#7110,#7111,#7112,#7113,#7114,
    #7115,#7116,#7117,#7118,#7119,#7120,#7121,#7122,#7123,#7124,#7125,
    #7126,#7127,#7128,#7129,#7130,#7131,#7132,#7133,#7134,#7135,#7136,
    #7137,#7138,#7139,#7140,#7141,#7142,#7143,#7144,#7145,#7146,#7147,
    #7148),.UNSPECIFIED.,.F.,.F.,(8,6,6,6,6,6,6,6,8),(0.,
    8.985982058742E-02,0.216014988418,0.359780812516,0.470991245846,
    0.627903554429,0.760703124465,0.880361020771,1.),.UNSPECIFIED.);
#7099 = CARTESIAN_POINT('',(0.440529507437,94.830866230492));
#7100 = CARTESIAN_POINT('',(0.440523511709,94.911974269229));
#7101 = CARTESIAN_POINT('',(0.440514684263,94.993101589931));
#7102 = CARTESIAN_POINT('',(0.44050615557,95.074241256731));
#7103 = CARTESIAN_POINT('',(0.440500052464,95.155385846036));
#7104 = CARTESIAN_POINT('',(0.440497498145,95.236527446527));
#7105 = CARTESIAN_POINT('',(0.440498612175,95.317657659159));
#7106 = CARTESIAN_POINT('',(0.440507983354,95.512638710797));
#7107 = CARTESIAN_POINT('',(0.440518684231,95.626576018845));
#7108 = CARTESIAN_POINT('',(0.440523923925,95.740485541758));
#7109 = CARTESIAN_POINT('',(0.440511970488,95.854342927044));
#7110 = CARTESIAN_POINT('',(0.440495105616,95.968207180625));
#7111 = CARTESIAN_POINT('',(0.440497040248,96.082143909854));
#7112 = CARTESIAN_POINT('',(0.440509127115,96.325874117946));
#7113 = CARTESIAN_POINT('',(0.440523431214,96.455842065556));
#7114 = CARTESIAN_POINT('',(0.440541378396,96.585708075239));
#7115 = CARTESIAN_POINT('',(0.440545878962,96.715525244861));
#7116 = CARTESIAN_POINT('',(0.440538196632,96.845351981424));
#7117 = CARTESIAN_POINT('',(0.440526076108,96.975268060441));
#7118 = CARTESIAN_POINT('',(0.440505711013,97.205530369747));
#7119 = CARTESIAN_POINT('',(0.440497310692,97.305976628118));
#7120 = CARTESIAN_POINT('',(0.440491875977,97.406429607048));
#7121 = CARTESIAN_POINT('',(0.440490621911,97.506882680773));
#7122 = CARTESIAN_POINT('',(0.440493495104,97.607330936784));
#7123 = CARTESIAN_POINT('',(0.440499173722,97.707771175827));
#7124 = CARTESIAN_POINT('',(0.440513383311,97.949904611708));
#7125 = CARTESIAN_POINT('',(0.440522940701,98.091784223759));
#7126 = CARTESIAN_POINT('',(0.440528523924,98.233531873338));
#7127 = CARTESIAN_POINT('',(0.440527255894,98.375195421335));
#7128 = CARTESIAN_POINT('',(0.440522086892,98.516938908088));
#7129 = CARTESIAN_POINT('',(0.440519015137,98.658811428906));
#7130 = CARTESIAN_POINT('',(0.440517213262,98.920462239596));
#7131 = CARTESIAN_POINT('',(0.440517999365,99.040470986477));
#7132 = CARTESIAN_POINT('',(0.440520896071,99.160421721298));
#7133 = CARTESIAN_POINT('',(0.440524952777,99.280357190017));
#7134 = CARTESIAN_POINT('',(0.440526625972,99.400311800006));
#7135 = CARTESIAN_POINT('',(0.440524751744,99.520318844652));
#7136 = CARTESIAN_POINT('',(0.440516146182,99.74825642612));
#7137 = CARTESIAN_POINT('',(0.44050915527,99.856316261276));
#7138 = CARTESIAN_POINT('',(0.440501594106,99.964391924938));
#7139 = CARTESIAN_POINT('',(0.440495382007,100.07247433745));
#7140 = CARTESIAN_POINT('',(0.440492015752,100.18055320097));
#7141 = CARTESIAN_POINT('',(0.440492569579,100.28861699946));
#7142 = CARTESIAN_POINT('',(0.440502819985,100.50467191819));
#7143 = CARTESIAN_POINT('',(0.440511695591,100.61274028919));
#7144 = CARTESIAN_POINT('',(0.440523643861,100.72077964887));
#7145 = CARTESIAN_POINT('',(0.440534781397,100.82880098085));
#7146 = CARTESIAN_POINT('',(0.440540723552,100.93684352698));
#7147 = CARTESIAN_POINT('',(0.440539288441,101.04491359915));
#7148 = CARTESIAN_POINT('',(0.440533200939,101.15292339104));
#7149 = ( GEOMETRIC_REPRESENTATION_CONTEXT(2) 
PARAMETRIC_REPRESENTATION_CONTEXT() REPRESENTATION_CONTEXT('2D SPACE',''
  ) );
#7150 = PCURVE('',#2101,#7151);
#7151 = DEFINITIONAL_REPRESENTATION('',(#7152),#7203);
#7152 = B_SPLINE_CURVE_WITH_KNOTS('',7,(#7153,#7154,#7155,#7156,#7157,
    #7158,#7159,#7160,#7161,#7162,#7163,#7164,#7165,#7166,#7167,#7168,
    #7169,#7170,#7171,#7172,#7173,#7174,#7175,#7176,#7177,#7178,#7179,
    #7180,#7181,#7182,#7183,#7184,#7185,#7186,#7187,#7188,#7189,#7190,
    #7191,#7192,#7193,#7194,#7195,#7196,#7197,#7198,#7199,#7200,#7201,
    #7202),.UNSPECIFIED.,.F.,.F.,(8,6,6,6,6,6,6,6,8),(0.,
    8.985982058742E-02,0.216014988418,0.359780812516,0.470991245846,
    0.627903554429,0.760703124465,0.880361020771,1.),.UNSPECIFIED.);
#7153 = CARTESIAN_POINT('',(0.,11.055960929646));
#7154 = CARTESIAN_POINT('',(8.060772871686E-02,11.064938690182));
#7155 = CARTESIAN_POINT('',(0.161233045242,11.073917265741));
#7156 = CARTESIAN_POINT('',(0.241869540467,11.082897355207));
#7157 = CARTESIAN_POINT('',(0.322510606097,11.09187913114));
#7158 = CARTESIAN_POINT('',(0.403149434646,11.100862239774));
#7159 = CARTESIAN_POINT('',(0.483779019444,11.10984580102));
#7160 = CARTESIAN_POINT('',(0.677565801453,11.131439187595));
#7161 = CARTESIAN_POINT('',(0.790817951561,11.144059784199));
#7162 = CARTESIAN_POINT('',(0.904019227897,11.156674387355));
#7163 = CARTESIAN_POINT('',(1.01718428813,11.169275393836));
#7164 = CARTESIAN_POINT('',(1.130368724298,11.181875149023));
#7165 = CARTESIAN_POINT('',(1.243594343364,11.194491496206));
#7166 = CARTESIAN_POINT('',(1.485814675562,11.221483854934));
#7167 = CARTESIAN_POINT('',(1.614975275453,11.235881065124));
#7168 = CARTESIAN_POINT('',(1.744038644999,11.250268669929));
#7169 = CARTESIAN_POINT('',(1.873060522801,11.264644567538));
#7170 = CARTESIAN_POINT('',(2.002091757749,11.27901582402));
#7171 = CARTESIAN_POINT('',(2.131210841523,11.293394898916));
#7172 = CARTESIAN_POINT('',(2.360058294532,11.318880795012));
#7173 = CARTESIAN_POINT('',(2.459886359006,11.329998617584));
#7174 = CARTESIAN_POINT('',(2.559720702676,11.341118573905));
#7175 = CARTESIAN_POINT('',(2.659555236771,11.352240498553));
#7176 = CARTESIAN_POINT('',(2.759385473889,11.363363822184));
#7177 = CARTESIAN_POINT('',(2.859208528005,11.374487571526));
#7178 = CARTESIAN_POINT('',(3.099856458267,11.40130407578));
#7179 = CARTESIAN_POINT('',(3.240867123284,11.417017951704));
#7180 = CARTESIAN_POINT('',(3.381747856141,11.432715355855));
#7181 = CARTESIAN_POINT('',(3.522542990112,11.44840023982));
#7182 = CARTESIAN_POINT('',(3.663413861496,11.464092145881));
#7183 = CARTESIAN_POINT('',(3.804410383991,11.479799316523));
#7184 = CARTESIAN_POINT('',(4.06444452006,11.50876933801));
#7185 = CARTESIAN_POINT('',(4.183711315377,11.522057479884));
#7186 = CARTESIAN_POINT('',(4.302921090631,11.535340186077));
#7187 = CARTESIAN_POINT('',(4.422117781455,11.548621746701));
#7188 = CARTESIAN_POINT('',(4.541335942365,11.561904315755));
#7189 = CARTESIAN_POINT('',(4.66060752444,11.575191035204));
#7190 = CARTESIAN_POINT('',(4.887148731715,11.600425054449));
#7191 = CARTESIAN_POINT('',(4.994546865586,11.612386549139));
#7192 = CARTESIAN_POINT('',(5.101960012586,11.62434953036));
#7193 = CARTESIAN_POINT('',(5.209378651468,11.636313888826));
#7194 = CARTESIAN_POINT('',(5.316792558262,11.648279182957));
#7195 = CARTESIAN_POINT('',(5.424190806273,11.660244638877));
#7196 = CARTESIAN_POINT('',(5.638915751292,11.684171770443));
#7197 = CARTESIAN_POINT('',(5.746318971992,11.696141616191));
#7198 = CARTESIAN_POINT('',(5.853694678424,11.708109682314));
#7199 = CARTESIAN_POINT('',(5.961053695106,11.720075370882));
#7200 = CARTESIAN_POINT('',(6.068434079939,11.732040979863));
#7201 = CARTESIAN_POINT('',(6.175840783307,11.744006191608));
#7202 = CARTESIAN_POINT('',(6.28318530718,11.755962561336));
#7203 = ( GEOMETRIC_REPRESENTATION_CONTEXT(2) 
PARAMETRIC_REPRESENTATION_CONTEXT() REPRESENTATION_CONTEXT('2D SPACE',''
  ) );
#7204 = ORIENTED_EDGE('',*,*,#7205,.T.);
#7205 = EDGE_CURVE('',#7042,#7206,#7208,.T.);
#7206 = VERTEX_POINT('',#7207);
#7207 = CARTESIAN_POINT('',(163.89404520597,-68.96761028822,
    52.225540003946));
#7208 = SURFACE_CURVE('',#7209,(#7218,#7230),.PCURVE_S1.);
#7209 = B_SPLINE_CURVE_WITH_KNOTS('',7,(#7210,#7211,#7212,#7213,#7214,
    #7215,#7216,#7217),.UNSPECIFIED.,.F.,.F.,(8,8),(0.,1.),
  .PIECEWISE_BEZIER_KNOTS.);
#7210 = CARTESIAN_POINT('',(163.99403748866,-70.5,52.9635));
#7211 = CARTESIAN_POINT('',(163.97976177531,-70.24879143189,52.9635));
#7212 = CARTESIAN_POINT('',(163.96547027983,-69.99725364604,
    52.925936049019));
#7213 = CARTESIAN_POINT('',(163.95118995344,-69.75265130575,
    52.850638474107));
#7214 = CARTESIAN_POINT('',(163.93691295652,-69.52169105619,
    52.739383837445));
#7215 = CARTESIAN_POINT('',(163.92262045489,-69.31041553291,
    52.595127654531));
#7216 = CARTESIAN_POINT('',(163.90832789045,-69.12427360924,
    52.421989596897));
#7217 = CARTESIAN_POINT('',(163.89404520597,-68.96761028822,
    52.225540003946));
#7218 = PCURVE('',#1285,#7219);
#7219 = DEFINITIONAL_REPRESENTATION('',(#7220),#7229);
#7220 = B_SPLINE_CURVE_WITH_KNOTS('',7,(#7221,#7222,#7223,#7224,#7225,
    #7226,#7227,#7228),.UNSPECIFIED.,.F.,.F.,(8,8),(0.,1.),
  .PIECEWISE_BEZIER_KNOTS.);
#7221 = CARTESIAN_POINT('',(0.440533200939,101.15292339104));
#7222 = CARTESIAN_POINT('',(0.440525932559,101.28188534715));
#7223 = CARTESIAN_POINT('',(0.440511646148,101.41101937839));
#7224 = CARTESIAN_POINT('',(0.440496203011,101.54005728261));
#7225 = CARTESIAN_POINT('',(0.440483577832,101.66905307056));
#7226 = CARTESIAN_POINT('',(0.440505800042,101.7980417142));
#7227 = CARTESIAN_POINT('',(0.440514562881,101.92708815504));
#7228 = CARTESIAN_POINT('',(0.44051565678,102.05607946074));
#7229 = ( GEOMETRIC_REPRESENTATION_CONTEXT(2) 
PARAMETRIC_REPRESENTATION_CONTEXT() REPRESENTATION_CONTEXT('2D SPACE',''
  ) );
#7230 = PCURVE('',#2101,#7231);
#7231 = DEFINITIONAL_REPRESENTATION('',(#7232),#7241);
#7232 = B_SPLINE_CURVE_WITH_KNOTS('',7,(#7233,#7234,#7235,#7236,#7237,
    #7238,#7239,#7240),.UNSPECIFIED.,.F.,.F.,(8,8),(0.,1.),
  .PIECEWISE_BEZIER_KNOTS.);
#7233 = CARTESIAN_POINT('',(0.,11.755962561336));
#7234 = CARTESIAN_POINT('',(0.12816763679,11.770238274686));
#7235 = CARTESIAN_POINT('',(0.256503248856,11.784529770164));
#7236 = CARTESIAN_POINT('',(0.38473944788,11.798810096553));
#7237 = CARTESIAN_POINT('',(0.512930934044,11.813087093477));
#7238 = CARTESIAN_POINT('',(0.641122847521,11.827379595106));
#7239 = CARTESIAN_POINT('',(0.769399712442,11.841672159548));
#7240 = CARTESIAN_POINT('',(0.897597906048,11.855954844029));
#7241 = ( GEOMETRIC_REPRESENTATION_CONTEXT(2) 
PARAMETRIC_REPRESENTATION_CONTEXT() REPRESENTATION_CONTEXT('2D SPACE',''
  ) );
#7242 = ORIENTED_EDGE('',*,*,#7243,.F.);
#7243 = EDGE_CURVE('',#1884,#7206,#7244,.T.);
#7244 = SURFACE_CURVE('',#7245,(#7248,#7255),.PCURVE_S1.);
#7245 = B_SPLINE_CURVE_WITH_KNOTS('',1,(#7246,#7247),.UNSPECIFIED.,.F.,
  .F.,(2,2),(0.,0.598889910268),.PIECEWISE_BEZIER_KNOTS.);
#7246 = CARTESIAN_POINT('',(164.10000194718,-69.27205892598,
    51.982750194473));
#7247 = CARTESIAN_POINT('',(163.81999960818,-68.85815486935,
    52.312827831832));
#7248 = PCURVE('',#1285,#7249);
#7249 = DEFINITIONAL_REPRESENTATION('',(#7250),#7254);
#7250 = LINE('',#7251,#7252);
#7251 = CARTESIAN_POINT('',(0.,102.05607946074));
#7252 = VECTOR('',#7253,1.);
#7253 = DIRECTION('',(1.,0.));
#7254 = ( GEOMETRIC_REPRESENTATION_CONTEXT(2) 
PARAMETRIC_REPRESENTATION_CONTEXT() REPRESENTATION_CONTEXT('2D SPACE',''
  ) );
#7255 = PCURVE('',#2064,#7256);
#7256 = DEFINITIONAL_REPRESENTATION('',(#7257),#7260);
#7257 = B_SPLINE_CURVE_WITH_KNOTS('',1,(#7258,#7259),.UNSPECIFIED.,.F.,
  .F.,(2,2),(0.,0.598889910268),.PIECEWISE_BEZIER_KNOTS.);
#7258 = CARTESIAN_POINT('',(0.349032072349,-1.542085271922E-06));
#7259 = CARTESIAN_POINT('',(-0.180371190557,0.280000796914));
#7260 = ( GEOMETRIC_REPRESENTATION_CONTEXT(2) 
PARAMETRIC_REPRESENTATION_CONTEXT() REPRESENTATION_CONTEXT('2D SPACE',''
  ) );
#7261 = ADVANCED_FACE('',(#7262),#4338,.T.);
#7262 = FACE_BOUND('',#7263,.T.);
#7263 = EDGE_LOOP('',(#7264,#7265,#7286,#7287));
#7264 = ORIENTED_EDGE('',*,*,#4780,.T.);
#7265 = ORIENTED_EDGE('',*,*,#7266,.T.);
#7266 = EDGE_CURVE('',#4781,#4044,#7267,.T.);
#7267 = SURFACE_CURVE('',#7268,(#7272,#7279),.PCURVE_S1.);
#7268 = LINE('',#7269,#7270);
#7269 = CARTESIAN_POINT('',(175.75000005,-70.5,52.9635));
#7270 = VECTOR('',#7271,1.);
#7271 = DIRECTION('',(-1.,0.,1.110223024625E-16));
#7272 = PCURVE('',#4338,#7273);
#7273 = DEFINITIONAL_REPRESENTATION('',(#7274),#7278);
#7274 = LINE('',#7275,#7276);
#7275 = CARTESIAN_POINT('',(6.28318530718,-0.));
#7276 = VECTOR('',#7277,1.);
#7277 = DIRECTION('',(0.,1.));
#7278 = ( GEOMETRIC_REPRESENTATION_CONTEXT(2) 
PARAMETRIC_REPRESENTATION_CONTEXT() REPRESENTATION_CONTEXT('2D SPACE',''
  ) );
#7279 = PCURVE('',#4153,#7280);
#7280 = DEFINITIONAL_REPRESENTATION('',(#7281),#7285);
#7281 = LINE('',#7282,#7283);
#7282 = CARTESIAN_POINT('',(0.,-0.));
#7283 = VECTOR('',#7284,1.);
#7284 = DIRECTION('',(0.,1.));
#7285 = ( GEOMETRIC_REPRESENTATION_CONTEXT(2) 
PARAMETRIC_REPRESENTATION_CONTEXT() REPRESENTATION_CONTEXT('2D SPACE',''
  ) );
#7286 = ORIENTED_EDGE('',*,*,#4212,.F.);
#7287 = ORIENTED_EDGE('',*,*,#4750,.F.);
#7288 = ADVANCED_FACE('',(#7289),#4153,.T.);
#7289 = FACE_BOUND('',#7290,.T.);
#7290 = EDGE_LOOP('',(#7291,#7292,#7313,#7314));
#7291 = ORIENTED_EDGE('',*,*,#4944,.T.);
#7292 = ORIENTED_EDGE('',*,*,#7293,.T.);
#7293 = EDGE_CURVE('',#4945,#3872,#7294,.T.);
#7294 = SURFACE_CURVE('',#7295,(#7299,#7306),.PCURVE_S1.);
#7295 = LINE('',#7296,#7297);
#7296 = CARTESIAN_POINT('',(175.75000005,-70.5,52.9635));
#7297 = VECTOR('',#7298,1.);
#7298 = DIRECTION('',(-1.,0.,1.110223024625E-16));
#7299 = PCURVE('',#4153,#7300);
#7300 = DEFINITIONAL_REPRESENTATION('',(#7301),#7305);
#7301 = LINE('',#7302,#7303);
#7302 = CARTESIAN_POINT('',(6.28318530718,-0.));
#7303 = VECTOR('',#7304,1.);
#7304 = DIRECTION('',(0.,1.));
#7305 = ( GEOMETRIC_REPRESENTATION_CONTEXT(2) 
PARAMETRIC_REPRESENTATION_CONTEXT() REPRESENTATION_CONTEXT('2D SPACE',''
  ) );
#7306 = PCURVE('',#3983,#7307);
#7307 = DEFINITIONAL_REPRESENTATION('',(#7308),#7312);
#7308 = LINE('',#7309,#7310);
#7309 = CARTESIAN_POINT('',(0.,-0.));
#7310 = VECTOR('',#7311,1.);
#7311 = DIRECTION('',(0.,1.));
#7312 = ( GEOMETRIC_REPRESENTATION_CONTEXT(2) 
PARAMETRIC_REPRESENTATION_CONTEXT() REPRESENTATION_CONTEXT('2D SPACE',''
  ) );
#7313 = ORIENTED_EDGE('',*,*,#4043,.F.);
#7314 = ORIENTED_EDGE('',*,*,#7266,.F.);
#7315 = ADVANCED_FACE('',(#7316),#3983,.T.);
#7316 = FACE_BOUND('',#7317,.T.);
#7317 = EDGE_LOOP('',(#7318,#7319,#7340,#7341));
#7318 = ORIENTED_EDGE('',*,*,#5132,.T.);
#7319 = ORIENTED_EDGE('',*,*,#7320,.T.);
#7320 = EDGE_CURVE('',#5133,#3700,#7321,.T.);
#7321 = SURFACE_CURVE('',#7322,(#7326,#7333),.PCURVE_S1.);
#7322 = LINE('',#7323,#7324);
#7323 = CARTESIAN_POINT('',(175.75000005,-70.5,52.9635));
#7324 = VECTOR('',#7325,1.);
#7325 = DIRECTION('',(-1.,0.,1.110223024625E-16));
#7326 = PCURVE('',#3983,#7327);
#7327 = DEFINITIONAL_REPRESENTATION('',(#7328),#7332);
#7328 = LINE('',#7329,#7330);
#7329 = CARTESIAN_POINT('',(6.28318530718,-0.));
#7330 = VECTOR('',#7331,1.);
#7331 = DIRECTION('',(0.,1.));
#7332 = ( GEOMETRIC_REPRESENTATION_CONTEXT(2) 
PARAMETRIC_REPRESENTATION_CONTEXT() REPRESENTATION_CONTEXT('2D SPACE',''
  ) );
#7333 = PCURVE('',#3811,#7334);
#7334 = DEFINITIONAL_REPRESENTATION('',(#7335),#7339);
#7335 = LINE('',#7336,#7337);
#7336 = CARTESIAN_POINT('',(0.,-0.));
#7337 = VECTOR('',#7338,1.);
#7338 = DIRECTION('',(0.,1.));
#7339 = ( GEOMETRIC_REPRESENTATION_CONTEXT(2) 
PARAMETRIC_REPRESENTATION_CONTEXT() REPRESENTATION_CONTEXT('2D SPACE',''
  ) );
#7340 = ORIENTED_EDGE('',*,*,#3871,.F.);
#7341 = ORIENTED_EDGE('',*,*,#7293,.F.);
#7342 = ADVANCED_FACE('',(#7343),#3811,.T.);
#7343 = FACE_BOUND('',#7344,.T.);
#7344 = EDGE_LOOP('',(#7345,#7346,#7367,#7368));
#7345 = ORIENTED_EDGE('',*,*,#5296,.T.);
#7346 = ORIENTED_EDGE('',*,*,#7347,.T.);
#7347 = EDGE_CURVE('',#5297,#3531,#7348,.T.);
#7348 = SURFACE_CURVE('',#7349,(#7353,#7360),.PCURVE_S1.);
#7349 = LINE('',#7350,#7351);
#7350 = CARTESIAN_POINT('',(175.75000005,-70.5,52.9635));
#7351 = VECTOR('',#7352,1.);
#7352 = DIRECTION('',(-1.,0.,1.110223024625E-16));
#7353 = PCURVE('',#3811,#7354);
#7354 = DEFINITIONAL_REPRESENTATION('',(#7355),#7359);
#7355 = LINE('',#7356,#7357);
#7356 = CARTESIAN_POINT('',(6.28318530718,-0.));
#7357 = VECTOR('',#7358,1.);
#7358 = DIRECTION('',(0.,1.));
#7359 = ( GEOMETRIC_REPRESENTATION_CONTEXT(2) 
PARAMETRIC_REPRESENTATION_CONTEXT() REPRESENTATION_CONTEXT('2D SPACE',''
  ) );
#7360 = PCURVE('',#3640,#7361);
#7361 = DEFINITIONAL_REPRESENTATION('',(#7362),#7366);
#7362 = LINE('',#7363,#7364);
#7363 = CARTESIAN_POINT('',(0.,-0.));
#7364 = VECTOR('',#7365,1.);
#7365 = DIRECTION('',(0.,1.));
#7366 = ( GEOMETRIC_REPRESENTATION_CONTEXT(2) 
PARAMETRIC_REPRESENTATION_CONTEXT() REPRESENTATION_CONTEXT('2D SPACE',''
  ) );
#7367 = ORIENTED_EDGE('',*,*,#3699,.F.);
#7368 = ORIENTED_EDGE('',*,*,#7320,.F.);
#7369 = ADVANCED_FACE('',(#7370),#3640,.T.);
#7370 = FACE_BOUND('',#7371,.T.);
#7371 = EDGE_LOOP('',(#7372,#7373,#7394,#7395));
#7372 = ORIENTED_EDGE('',*,*,#5463,.T.);
#7373 = ORIENTED_EDGE('',*,*,#7374,.T.);
#7374 = EDGE_CURVE('',#5464,#3362,#7375,.T.);
#7375 = SURFACE_CURVE('',#7376,(#7380,#7387),.PCURVE_S1.);
#7376 = LINE('',#7377,#7378);
#7377 = CARTESIAN_POINT('',(175.75000005,-70.5,52.9635));
#7378 = VECTOR('',#7379,1.);
#7379 = DIRECTION('',(-1.,0.,1.110223024625E-16));
#7380 = PCURVE('',#3640,#7381);
#7381 = DEFINITIONAL_REPRESENTATION('',(#7382),#7386);
#7382 = LINE('',#7383,#7384);
#7383 = CARTESIAN_POINT('',(6.28318530718,-0.));
#7384 = VECTOR('',#7385,1.);
#7385 = DIRECTION('',(0.,1.));
#7386 = ( GEOMETRIC_REPRESENTATION_CONTEXT(2) 
PARAMETRIC_REPRESENTATION_CONTEXT() REPRESENTATION_CONTEXT('2D SPACE',''
  ) );
#7387 = PCURVE('',#3471,#7388);
#7388 = DEFINITIONAL_REPRESENTATION('',(#7389),#7393);
#7389 = LINE('',#7390,#7391);
#7390 = CARTESIAN_POINT('',(0.,-0.));
#7391 = VECTOR('',#7392,1.);
#7392 = DIRECTION('',(0.,1.));
#7393 = ( GEOMETRIC_REPRESENTATION_CONTEXT(2) 
PARAMETRIC_REPRESENTATION_CONTEXT() REPRESENTATION_CONTEXT('2D SPACE',''
  ) );
#7394 = ORIENTED_EDGE('',*,*,#3530,.F.);
#7395 = ORIENTED_EDGE('',*,*,#7347,.F.);
#7396 = ADVANCED_FACE('',(#7397),#3471,.T.);
#7397 = FACE_BOUND('',#7398,.T.);
#7398 = EDGE_LOOP('',(#7399,#7400,#7421,#7422));
#7399 = ORIENTED_EDGE('',*,*,#5630,.T.);
#7400 = ORIENTED_EDGE('',*,*,#7401,.T.);
#7401 = EDGE_CURVE('',#5631,#3190,#7402,.T.);
#7402 = SURFACE_CURVE('',#7403,(#7407,#7414),.PCURVE_S1.);
#7403 = LINE('',#7404,#7405);
#7404 = CARTESIAN_POINT('',(175.75000005,-70.5,52.9635));
#7405 = VECTOR('',#7406,1.);
#7406 = DIRECTION('',(-1.,0.,1.110223024625E-16));
#7407 = PCURVE('',#3471,#7408);
#7408 = DEFINITIONAL_REPRESENTATION('',(#7409),#7413);
#7409 = LINE('',#7410,#7411);
#7410 = CARTESIAN_POINT('',(6.28318530718,-0.));
#7411 = VECTOR('',#7412,1.);
#7412 = DIRECTION('',(0.,1.));
#7413 = ( GEOMETRIC_REPRESENTATION_CONTEXT(2) 
PARAMETRIC_REPRESENTATION_CONTEXT() REPRESENTATION_CONTEXT('2D SPACE',''
  ) );
#7414 = PCURVE('',#3301,#7415);
#7415 = DEFINITIONAL_REPRESENTATION('',(#7416),#7420);
#7416 = LINE('',#7417,#7418);
#7417 = CARTESIAN_POINT('',(0.,-0.));
#7418 = VECTOR('',#7419,1.);
#7419 = DIRECTION('',(0.,1.));
#7420 = ( GEOMETRIC_REPRESENTATION_CONTEXT(2) 
PARAMETRIC_REPRESENTATION_CONTEXT() REPRESENTATION_CONTEXT('2D SPACE',''
  ) );
#7421 = ORIENTED_EDGE('',*,*,#3361,.F.);
#7422 = ORIENTED_EDGE('',*,*,#7374,.F.);
#7423 = ADVANCED_FACE('',(#7424),#3301,.T.);
#7424 = FACE_BOUND('',#7425,.T.);
#7425 = EDGE_LOOP('',(#7426,#7427,#7448,#7449));
#7426 = ORIENTED_EDGE('',*,*,#5794,.T.);
#7427 = ORIENTED_EDGE('',*,*,#7428,.T.);
#7428 = EDGE_CURVE('',#5795,#3021,#7429,.T.);
#7429 = SURFACE_CURVE('',#7430,(#7434,#7441),.PCURVE_S1.);
#7430 = LINE('',#7431,#7432);
#7431 = CARTESIAN_POINT('',(175.75000005,-70.5,52.9635));
#7432 = VECTOR('',#7433,1.);
#7433 = DIRECTION('',(-1.,0.,1.110223024625E-16));
#7434 = PCURVE('',#3301,#7435);
#7435 = DEFINITIONAL_REPRESENTATION('',(#7436),#7440);
#7436 = LINE('',#7437,#7438);
#7437 = CARTESIAN_POINT('',(6.28318530718,-0.));
#7438 = VECTOR('',#7439,1.);
#7439 = DIRECTION('',(0.,1.));
#7440 = ( GEOMETRIC_REPRESENTATION_CONTEXT(2) 
PARAMETRIC_REPRESENTATION_CONTEXT() REPRESENTATION_CONTEXT('2D SPACE',''
  ) );
#7441 = PCURVE('',#3130,#7442);
#7442 = DEFINITIONAL_REPRESENTATION('',(#7443),#7447);
#7443 = LINE('',#7444,#7445);
#7444 = CARTESIAN_POINT('',(0.,-0.));
#7445 = VECTOR('',#7446,1.);
#7446 = DIRECTION('',(0.,1.));
#7447 = ( GEOMETRIC_REPRESENTATION_CONTEXT(2) 
PARAMETRIC_REPRESENTATION_CONTEXT() REPRESENTATION_CONTEXT('2D SPACE',''
  ) );
#7448 = ORIENTED_EDGE('',*,*,#3189,.F.);
#7449 = ORIENTED_EDGE('',*,*,#7401,.F.);
#7450 = ADVANCED_FACE('',(#7451),#3130,.T.);
#7451 = FACE_BOUND('',#7452,.T.);
#7452 = EDGE_LOOP('',(#7453,#7454,#7475,#7476));
#7453 = ORIENTED_EDGE('',*,*,#5958,.T.);
#7454 = ORIENTED_EDGE('',*,*,#7455,.T.);
#7455 = EDGE_CURVE('',#5959,#2849,#7456,.T.);
#7456 = SURFACE_CURVE('',#7457,(#7461,#7468),.PCURVE_S1.);
#7457 = LINE('',#7458,#7459);
#7458 = CARTESIAN_POINT('',(175.75000005,-70.5,52.9635));
#7459 = VECTOR('',#7460,1.);
#7460 = DIRECTION('',(-1.,0.,1.110223024625E-16));
#7461 = PCURVE('',#3130,#7462);
#7462 = DEFINITIONAL_REPRESENTATION('',(#7463),#7467);
#7463 = LINE('',#7464,#7465);
#7464 = CARTESIAN_POINT('',(6.28318530718,-0.));
#7465 = VECTOR('',#7466,1.);
#7466 = DIRECTION('',(0.,1.));
#7467 = ( GEOMETRIC_REPRESENTATION_CONTEXT(2) 
PARAMETRIC_REPRESENTATION_CONTEXT() REPRESENTATION_CONTEXT('2D SPACE',''
  ) );
#7468 = PCURVE('',#2960,#7469);
#7469 = DEFINITIONAL_REPRESENTATION('',(#7470),#7474);
#7470 = LINE('',#7471,#7472);
#7471 = CARTESIAN_POINT('',(0.,-0.));
#7472 = VECTOR('',#7473,1.);
#7473 = DIRECTION('',(0.,1.));
#7474 = ( GEOMETRIC_REPRESENTATION_CONTEXT(2) 
PARAMETRIC_REPRESENTATION_CONTEXT() REPRESENTATION_CONTEXT('2D SPACE',''
  ) );
#7475 = ORIENTED_EDGE('',*,*,#3020,.F.);
#7476 = ORIENTED_EDGE('',*,*,#7428,.F.);
#7477 = ADVANCED_FACE('',(#7478),#2960,.T.);
#7478 = FACE_BOUND('',#7479,.T.);
#7479 = EDGE_LOOP('',(#7480,#7481,#7502,#7503));
#7480 = ORIENTED_EDGE('',*,*,#6146,.T.);
#7481 = ORIENTED_EDGE('',*,*,#7482,.T.);
#7482 = EDGE_CURVE('',#6147,#2656,#7483,.T.);
#7483 = SURFACE_CURVE('',#7484,(#7488,#7495),.PCURVE_S1.);
#7484 = LINE('',#7485,#7486);
#7485 = CARTESIAN_POINT('',(175.75000005,-70.5,52.9635));
#7486 = VECTOR('',#7487,1.);
#7487 = DIRECTION('',(-1.,0.,1.110223024625E-16));
#7488 = PCURVE('',#2960,#7489);
#7489 = DEFINITIONAL_REPRESENTATION('',(#7490),#7494);
#7490 = LINE('',#7491,#7492);
#7491 = CARTESIAN_POINT('',(6.28318530718,-0.));
#7492 = VECTOR('',#7493,1.);
#7493 = DIRECTION('',(0.,1.));
#7494 = ( GEOMETRIC_REPRESENTATION_CONTEXT(2) 
PARAMETRIC_REPRESENTATION_CONTEXT() REPRESENTATION_CONTEXT('2D SPACE',''
  ) );
#7495 = PCURVE('',#2781,#7496);
#7496 = DEFINITIONAL_REPRESENTATION('',(#7497),#7501);
#7497 = LINE('',#7498,#7499);
#7498 = CARTESIAN_POINT('',(0.,-0.));
#7499 = VECTOR('',#7500,1.);
#7500 = DIRECTION('',(0.,1.));
#7501 = ( GEOMETRIC_REPRESENTATION_CONTEXT(2) 
PARAMETRIC_REPRESENTATION_CONTEXT() REPRESENTATION_CONTEXT('2D SPACE',''
  ) );
#7502 = ORIENTED_EDGE('',*,*,#2848,.F.);
#7503 = ORIENTED_EDGE('',*,*,#7455,.F.);
#7504 = ADVANCED_FACE('',(#7505),#2781,.T.);
#7505 = FACE_BOUND('',#7506,.T.);
#7506 = EDGE_LOOP('',(#7507,#7508,#7529,#7530));
#7507 = ORIENTED_EDGE('',*,*,#6313,.T.);
#7508 = ORIENTED_EDGE('',*,*,#7509,.T.);
#7509 = EDGE_CURVE('',#6314,#2484,#7510,.T.);
#7510 = SURFACE_CURVE('',#7511,(#7515,#7522),.PCURVE_S1.);
#7511 = LINE('',#7512,#7513);
#7512 = CARTESIAN_POINT('',(175.75000005,-70.5,52.9635));
#7513 = VECTOR('',#7514,1.);
#7514 = DIRECTION('',(-1.,0.,1.110223024625E-16));
#7515 = PCURVE('',#2781,#7516);
#7516 = DEFINITIONAL_REPRESENTATION('',(#7517),#7521);
#7517 = LINE('',#7518,#7519);
#7518 = CARTESIAN_POINT('',(6.28318530718,-0.));
#7519 = VECTOR('',#7520,1.);
#7520 = DIRECTION('',(0.,1.));
#7521 = ( GEOMETRIC_REPRESENTATION_CONTEXT(2) 
PARAMETRIC_REPRESENTATION_CONTEXT() REPRESENTATION_CONTEXT('2D SPACE',''
  ) );
#7522 = PCURVE('',#2595,#7523);
#7523 = DEFINITIONAL_REPRESENTATION('',(#7524),#7528);
#7524 = LINE('',#7525,#7526);
#7525 = CARTESIAN_POINT('',(0.,-0.));
#7526 = VECTOR('',#7527,1.);
#7527 = DIRECTION('',(0.,1.));
#7528 = ( GEOMETRIC_REPRESENTATION_CONTEXT(2) 
PARAMETRIC_REPRESENTATION_CONTEXT() REPRESENTATION_CONTEXT('2D SPACE',''
  ) );
#7529 = ORIENTED_EDGE('',*,*,#2655,.F.);
#7530 = ORIENTED_EDGE('',*,*,#7482,.F.);
#7531 = ADVANCED_FACE('',(#7532),#2595,.T.);
#7532 = FACE_BOUND('',#7533,.T.);
#7533 = EDGE_LOOP('',(#7534,#7535,#7556,#7557));
#7534 = ORIENTED_EDGE('',*,*,#6477,.T.);
#7535 = ORIENTED_EDGE('',*,*,#7536,.T.);
#7536 = EDGE_CURVE('',#6478,#2312,#7537,.T.);
#7537 = SURFACE_CURVE('',#7538,(#7542,#7549),.PCURVE_S1.);
#7538 = LINE('',#7539,#7540);
#7539 = CARTESIAN_POINT('',(175.75000005,-70.5,52.9635));
#7540 = VECTOR('',#7541,1.);
#7541 = DIRECTION('',(-1.,0.,1.110223024625E-16));
#7542 = PCURVE('',#2595,#7543);
#7543 = DEFINITIONAL_REPRESENTATION('',(#7544),#7548);
#7544 = LINE('',#7545,#7546);
#7545 = CARTESIAN_POINT('',(6.28318530718,-0.));
#7546 = VECTOR('',#7547,1.);
#7547 = DIRECTION('',(0.,1.));
#7548 = ( GEOMETRIC_REPRESENTATION_CONTEXT(2) 
PARAMETRIC_REPRESENTATION_CONTEXT() REPRESENTATION_CONTEXT('2D SPACE',''
  ) );
#7549 = PCURVE('',#2423,#7550);
#7550 = DEFINITIONAL_REPRESENTATION('',(#7551),#7555);
#7551 = LINE('',#7552,#7553);
#7552 = CARTESIAN_POINT('',(0.,-0.));
#7553 = VECTOR('',#7554,1.);
#7554 = DIRECTION('',(0.,1.));
#7555 = ( GEOMETRIC_REPRESENTATION_CONTEXT(2) 
PARAMETRIC_REPRESENTATION_CONTEXT() REPRESENTATION_CONTEXT('2D SPACE',''
  ) );
#7556 = ORIENTED_EDGE('',*,*,#2483,.F.);
#7557 = ORIENTED_EDGE('',*,*,#7509,.F.);
#7558 = ADVANCED_FACE('',(#7559),#2423,.T.);
#7559 = FACE_BOUND('',#7560,.T.);
#7560 = EDGE_LOOP('',(#7561,#7562,#7583,#7584));
#7561 = ORIENTED_EDGE('',*,*,#6665,.T.);
#7562 = ORIENTED_EDGE('',*,*,#7563,.T.);
#7563 = EDGE_CURVE('',#6666,#2119,#7564,.T.);
#7564 = SURFACE_CURVE('',#7565,(#7569,#7576),.PCURVE_S1.);
#7565 = LINE('',#7566,#7567);
#7566 = CARTESIAN_POINT('',(175.75000005,-70.5,52.9635));
#7567 = VECTOR('',#7568,1.);
#7568 = DIRECTION('',(-1.,0.,1.110223024625E-16));
#7569 = PCURVE('',#2423,#7570);
#7570 = DEFINITIONAL_REPRESENTATION('',(#7571),#7575);
#7571 = LINE('',#7572,#7573);
#7572 = CARTESIAN_POINT('',(6.28318530718,-0.));
#7573 = VECTOR('',#7574,1.);
#7574 = DIRECTION('',(0.,1.));
#7575 = ( GEOMETRIC_REPRESENTATION_CONTEXT(2) 
PARAMETRIC_REPRESENTATION_CONTEXT() REPRESENTATION_CONTEXT('2D SPACE',''
  ) );
#7576 = PCURVE('',#2244,#7577);
#7577 = DEFINITIONAL_REPRESENTATION('',(#7578),#7582);
#7578 = LINE('',#7579,#7580);
#7579 = CARTESIAN_POINT('',(0.,-0.));
#7580 = VECTOR('',#7581,1.);
#7581 = DIRECTION('',(0.,1.));
#7582 = ( GEOMETRIC_REPRESENTATION_CONTEXT(2) 
PARAMETRIC_REPRESENTATION_CONTEXT() REPRESENTATION_CONTEXT('2D SPACE',''
  ) );
#7583 = ORIENTED_EDGE('',*,*,#2311,.F.);
#7584 = ORIENTED_EDGE('',*,*,#7536,.F.);
#7585 = ADVANCED_FACE('',(#7586),#2244,.T.);
#7586 = FACE_BOUND('',#7587,.T.);
#7587 = EDGE_LOOP('',(#7588,#7589,#7610,#7611));
#7588 = ORIENTED_EDGE('',*,*,#6853,.T.);
#7589 = ORIENTED_EDGE('',*,*,#7590,.T.);
#7590 = EDGE_CURVE('',#6854,#2076,#7591,.T.);
#7591 = SURFACE_CURVE('',#7592,(#7596,#7603),.PCURVE_S1.);
#7592 = LINE('',#7593,#7594);
#7593 = CARTESIAN_POINT('',(175.75000005,-70.5,52.9635));
#7594 = VECTOR('',#7595,1.);
#7595 = DIRECTION('',(-1.,0.,1.110223024625E-16));
#7596 = PCURVE('',#2244,#7597);
#7597 = DEFINITIONAL_REPRESENTATION('',(#7598),#7602);
#7598 = LINE('',#7599,#7600);
#7599 = CARTESIAN_POINT('',(6.28318530718,-0.));
#7600 = VECTOR('',#7601,1.);
#7601 = DIRECTION('',(0.,1.));
#7602 = ( GEOMETRIC_REPRESENTATION_CONTEXT(2) 
PARAMETRIC_REPRESENTATION_CONTEXT() REPRESENTATION_CONTEXT('2D SPACE',''
  ) );
#7603 = PCURVE('',#2101,#7604);
#7604 = DEFINITIONAL_REPRESENTATION('',(#7605),#7609);
#7605 = LINE('',#7606,#7607);
#7606 = CARTESIAN_POINT('',(0.,-0.));
#7607 = VECTOR('',#7608,1.);
#7608 = DIRECTION('',(0.,1.));
#7609 = ( GEOMETRIC_REPRESENTATION_CONTEXT(2) 
PARAMETRIC_REPRESENTATION_CONTEXT() REPRESENTATION_CONTEXT('2D SPACE',''
  ) );
#7610 = ORIENTED_EDGE('',*,*,#2118,.F.);
#7611 = ORIENTED_EDGE('',*,*,#7563,.F.);
#7612 = ADVANCED_FACE('',(#7613),#2101,.T.);
#7613 = FACE_BOUND('',#7614,.T.);
#7614 = EDGE_LOOP('',(#7615,#7616,#7637,#7638,#7639,#7640,#7663,#7690));
#7615 = ORIENTED_EDGE('',*,*,#7205,.T.);
#7616 = ORIENTED_EDGE('',*,*,#7617,.F.);
#7617 = EDGE_CURVE('',#2050,#7206,#7618,.T.);
#7618 = SURFACE_CURVE('',#7619,(#7623,#7630),.PCURVE_S1.);
#7619 = LINE('',#7620,#7621);
#7620 = CARTESIAN_POINT('',(175.75000005,-68.96761028822,52.225540003946
    ));
#7621 = VECTOR('',#7622,1.);
#7622 = DIRECTION('',(-1.,0.,1.110223024625E-16));
#7623 = PCURVE('',#2101,#7624);
#7624 = DEFINITIONAL_REPRESENTATION('',(#7625),#7629);
#7625 = LINE('',#7626,#7627);
#7626 = CARTESIAN_POINT('',(0.897597906049,1.356736949393E-16));
#7627 = VECTOR('',#7628,1.);
#7628 = DIRECTION('',(0.,1.));
#7629 = ( GEOMETRIC_REPRESENTATION_CONTEXT(2) 
PARAMETRIC_REPRESENTATION_CONTEXT() REPRESENTATION_CONTEXT('2D SPACE',''
  ) );
#7630 = PCURVE('',#2064,#7631);
#7631 = DEFINITIONAL_REPRESENTATION('',(#7632),#7636);
#7632 = LINE('',#7633,#7634);
#7633 = CARTESIAN_POINT('',(-4.037242764706E-02,-11.6499996449));
#7634 = VECTOR('',#7635,1.);
#7635 = DIRECTION('',(6.310887241768E-30,1.));
#7636 = ( GEOMETRIC_REPRESENTATION_CONTEXT(2) 
PARAMETRIC_REPRESENTATION_CONTEXT() REPRESENTATION_CONTEXT('2D SPACE',''
  ) );
#7637 = ORIENTED_EDGE('',*,*,#2075,.F.);
#7638 = ORIENTED_EDGE('',*,*,#7590,.F.);
#7639 = ORIENTED_EDGE('',*,*,#7041,.T.);
#7640 = ORIENTED_EDGE('',*,*,#7641,.T.);
#7641 = EDGE_CURVE('',#7042,#7642,#7644,.T.);
#7642 = VERTEX_POINT('',#7643);
#7643 = CARTESIAN_POINT('',(163.75000005,-70.5,52.9635));
#7644 = SEAM_CURVE('',#7645,(#7649,#7656),.PCURVE_S1.);
#7645 = LINE('',#7646,#7647);
#7646 = CARTESIAN_POINT('',(175.75000005,-70.5,52.9635));
#7647 = VECTOR('',#7648,1.);
#7648 = DIRECTION('',(-1.,0.,1.110223024625E-16));
#7649 = PCURVE('',#2101,#7650);
#7650 = DEFINITIONAL_REPRESENTATION('',(#7651),#7655);
#7651 = LINE('',#7652,#7653);
#7652 = CARTESIAN_POINT('',(6.28318530718,-0.));
#7653 = VECTOR('',#7654,1.);
#7654 = DIRECTION('',(0.,1.));
#7655 = ( GEOMETRIC_REPRESENTATION_CONTEXT(2) 
PARAMETRIC_REPRESENTATION_CONTEXT() REPRESENTATION_CONTEXT('2D SPACE',''
  ) );
#7656 = PCURVE('',#2101,#7657);
#7657 = DEFINITIONAL_REPRESENTATION('',(#7658),#7662);
#7658 = LINE('',#7659,#7660);
#7659 = CARTESIAN_POINT('',(0.,-0.));
#7660 = VECTOR('',#7661,1.);
#7661 = DIRECTION('',(0.,1.));
#7662 = ( GEOMETRIC_REPRESENTATION_CONTEXT(2) 
PARAMETRIC_REPRESENTATION_CONTEXT() REPRESENTATION_CONTEXT('2D SPACE',''
  ) );
#7663 = ORIENTED_EDGE('',*,*,#7664,.F.);
#7664 = EDGE_CURVE('',#7642,#7642,#7665,.T.);
#7665 = SURFACE_CURVE('',#7666,(#7671,#7678),.PCURVE_S1.);
#7666 = CIRCLE('',#7667,1.96);
#7667 = AXIS2_PLACEMENT_3D('',#7668,#7669,#7670);
#7668 = CARTESIAN_POINT('',(163.75000005,-70.5,51.0035));
#7669 = DIRECTION('',(-1.,0.,1.110223024625E-16));
#7670 = DIRECTION('',(1.110223024625E-16,0.,1.));
#7671 = PCURVE('',#2101,#7672);
#7672 = DEFINITIONAL_REPRESENTATION('',(#7673),#7677);
#7673 = LINE('',#7674,#7675);
#7674 = CARTESIAN_POINT('',(0.,12.));
#7675 = VECTOR('',#7676,1.);
#7676 = DIRECTION('',(1.,0.));
#7677 = ( GEOMETRIC_REPRESENTATION_CONTEXT(2) 
PARAMETRIC_REPRESENTATION_CONTEXT() REPRESENTATION_CONTEXT('2D SPACE',''
  ) );
#7678 = PCURVE('',#7679,#7684);
#7679 = PLANE('',#7680);
#7680 = AXIS2_PLACEMENT_3D('',#7681,#7682,#7683);
#7681 = CARTESIAN_POINT('',(163.75000005,-70.5,51.0035));
#7682 = DIRECTION('',(-1.,0.,1.110223024625E-16));
#7683 = DIRECTION('',(1.110223024625E-16,0.,1.));
#7684 = DEFINITIONAL_REPRESENTATION('',(#7685),#7689);
#7685 = CIRCLE('',#7686,1.96);
#7686 = AXIS2_PLACEMENT_2D('',#7687,#7688);
#7687 = CARTESIAN_POINT('',(0.,0.));
#7688 = DIRECTION('',(1.,0.));
#7689 = ( GEOMETRIC_REPRESENTATION_CONTEXT(2) 
PARAMETRIC_REPRESENTATION_CONTEXT() REPRESENTATION_CONTEXT('2D SPACE',''
  ) );
#7690 = ORIENTED_EDGE('',*,*,#7641,.F.);
#7691 = ADVANCED_FACE('',(#7692),#2064,.F.);
#7692 = FACE_BOUND('',#7693,.F.);
#7693 = EDGE_LOOP('',(#7694,#7695,#7696));
#7694 = ORIENTED_EDGE('',*,*,#7617,.F.);
#7695 = ORIENTED_EDGE('',*,*,#2049,.T.);
#7696 = ORIENTED_EDGE('',*,*,#7243,.T.);
#7697 = ADVANCED_FACE('',(#7698),#7679,.T.);
#7698 = FACE_BOUND('',#7699,.T.);
#7699 = EDGE_LOOP('',(#7700));
#7700 = ORIENTED_EDGE('',*,*,#7664,.T.);
#7701 = ( GEOMETRIC_REPRESENTATION_CONTEXT(3) 
GLOBAL_UNCERTAINTY_ASSIGNED_CONTEXT((#7705)) 
GLOBAL_UNIT_ASSIGNED_CONTEXT((#7702,#7703,#7704)) REPRESENTATION_CONTEXT
('Context #1','3D Context with UNIT and UNCERTAINTY') );
#7702 = ( LENGTH_UNIT() NAMED_UNIT(*) SI_UNIT(.MILLI.,.METRE.) );
#7703 = ( NAMED_UNIT(*) PLANE_ANGLE_UNIT() SI_UNIT($,.RADIAN.) );
#7704 = ( NAMED_UNIT(*) SI_UNIT($,.STERADIAN.) SOLID_ANGLE_UNIT() );
#7705 = UNCERTAINTY_MEASURE_WITH_UNIT(LENGTH_MEASURE(2.E-05),#7702,
  'distance_accuracy_value','confusion accuracy');
#7706 = PRODUCT_RELATED_PRODUCT_CATEGORY('part',$,(#7));
ENDSEC;
END-ISO-10303-21;
