ISO-10303-21;
HEADER;
FILE_DESCRIPTION(('Open CASCADE Model'),'2;1');
FILE_NAME('Open CASCADE Shape Model','2026-10-01T14:56:02',('Author'),(
    'Open CASCADE'),'Open CASCADE STEP processor 7.8','Open CASCADE 7.8'
  ,'Unknown');
FILE_SCHEMA(('AUTOMOTIVE_DESIGN { 1 0 10303 214 1 1 1 1 }'));
ENDSEC;
DATA;
#1 = APPLICATION_PROTOCOL_DEFINITION('international standard',
  'automotive_design',2000,#2);
#2 = APPLICATION_CONTEXT(
  'core data for automotive mechanical design processes');
#3 = SHAPE_DEFINITION_REPRESENTATION(#4,#10);
#4 = PRODUCT_DEFINITION_SHAPE('','',#5);
#5 = PRODUCT_DEFINITION('design','',#6,#9);
#6 = PRODUCT_DEFINITION_FORMATION('','',#7);
#7 = PRODUCT('Open CASCADE STEP translator 7.8 216',
  'Open CASCADE STEP translator 7.8 216','',(#8));
#8 = PRODUCT_CONTEXT('',#2,'mechanical');
#9 = PRODUCT_DEFINITION_CONTEXT('part definition',#2,'design');
#10 = ADVANCED_BREP_SHAPE_REPRESENTATION('',(#11,#15),#2657);
#11 = AXIS2_PLACEMENT_3D('',#12,#13,#14);
#12 = CARTESIAN_POINT('',(0.,0.,0.));
#13 = DIRECTION('',(0.,0.,1.));
#14 = DIRECTION('',(1.,0.,-0.));
#15 = MANIFOLD_SOLID_BREP('',#16);
#16 = CLOSED_SHELL('',(#17,#137,#224,#307,#763,#813,#873,#922,#982,#1277
    ,#1447,#1475,#1690,#1725,#1851,#1878,#2106,#2155,#2181,#2231,#2448,
    #2475,#2502,#2529,#2557,#2585,#2614,#2621,#2650));
#17 = ADVANCED_FACE('',(#18),#32,.F.);
#18 = FACE_BOUND('',#19,.F.);
#19 = EDGE_LOOP('',(#20,#55,#83,#111));
#20 = ORIENTED_EDGE('',*,*,#21,.T.);
#21 = EDGE_CURVE('',#22,#24,#26,.T.);
#22 = VERTEX_POINT('',#23);
#23 = CARTESIAN_POINT('',(117.2,-173.7,18.5));
#24 = VERTEX_POINT('',#25);
#25 = CARTESIAN_POINT('',(117.2,-171.7,18.5));
#26 = SURFACE_CURVE('',#27,(#31,#43),.PCURVE_S1.);
#27 = LINE('',#28,#29);
#28 = CARTESIAN_POINT('',(117.2,-174.5,18.5));
#29 = VECTOR('',#30,1.);
#30 = DIRECTION('',(0.,1.,0.));
#31 = PCURVE('',#32,#37);
#32 = PLANE('',#33);
#33 = AXIS2_PLACEMENT_3D('',#34,#35,#36);
#34 = CARTESIAN_POINT('',(117.2,-174.5,16.));
#35 = DIRECTION('',(1.,0.,0.));
#36 = DIRECTION('',(0.,0.,1.));
#37 = DEFINITIONAL_REPRESENTATION('',(#38),#42);
#38 = LINE('',#39,#40);
#39 = CARTESIAN_POINT('',(2.5,0.));
#40 = VECTOR('',#41,1.);
#41 = DIRECTION('',(0.,-1.));
#42 = ( GEOMETRIC_REPRESENTATION_CONTEXT(2) 
PARAMETRIC_REPRESENTATION_CONTEXT() REPRESENTATION_CONTEXT('2D SPACE',''
  ) );
#43 = PCURVE('',#44,#49);
#44 = CYLINDRICAL_SURFACE('',#45,2.5);
#45 = AXIS2_PLACEMENT_3D('',#46,#47,#48);
#46 = CARTESIAN_POINT('',(119.7,-174.5,18.5));
#47 = DIRECTION('',(0.,1.,0.));
#48 = DIRECTION('',(-1.,0.,0.));
#49 = DEFINITIONAL_REPRESENTATION('',(#50),#54);
#50 = LINE('',#51,#52);
#51 = CARTESIAN_POINT('',(6.28318530718,0.));
#52 = VECTOR('',#53,1.);
#53 = DIRECTION('',(-0.,1.));
#54 = ( GEOMETRIC_REPRESENTATION_CONTEXT(2) 
PARAMETRIC_REPRESENTATION_CONTEXT() REPRESENTATION_CONTEXT('2D SPACE',''
  ) );
#55 = ORIENTED_EDGE('',*,*,#56,.T.);
#56 = EDGE_CURVE('',#24,#57,#59,.T.);
#57 = VERTEX_POINT('',#58);
#58 = CARTESIAN_POINT('',(117.2,-171.7,61.5));
#59 = SURFACE_CURVE('',#60,(#64,#71),.PCURVE_S1.);
#60 = LINE('',#61,#62);
#61 = CARTESIAN_POINT('',(117.2,-171.7,16.));
#62 = VECTOR('',#63,1.);
#63 = DIRECTION('',(0.,0.,1.));
#64 = PCURVE('',#32,#65);
#65 = DEFINITIONAL_REPRESENTATION('',(#66),#70);
#66 = LINE('',#67,#68);
#67 = CARTESIAN_POINT('',(0.,-2.8));
#68 = VECTOR('',#69,1.);
#69 = DIRECTION('',(1.,0.));
#70 = ( GEOMETRIC_REPRESENTATION_CONTEXT(2) 
PARAMETRIC_REPRESENTATION_CONTEXT() REPRESENTATION_CONTEXT('2D SPACE',''
  ) );
#71 = PCURVE('',#72,#77);
#72 = PLANE('',#73);
#73 = AXIS2_PLACEMENT_3D('',#74,#75,#76);
#74 = CARTESIAN_POINT('',(117.2,-171.7,16.));
#75 = DIRECTION('',(0.,1.,0.));
#76 = DIRECTION('',(0.,0.,1.));
#77 = DEFINITIONAL_REPRESENTATION('',(#78),#82);
#78 = LINE('',#79,#80);
#79 = CARTESIAN_POINT('',(0.,0.));
#80 = VECTOR('',#81,1.);
#81 = DIRECTION('',(1.,0.));
#82 = ( GEOMETRIC_REPRESENTATION_CONTEXT(2) 
PARAMETRIC_REPRESENTATION_CONTEXT() REPRESENTATION_CONTEXT('2D SPACE',''
  ) );
#83 = ORIENTED_EDGE('',*,*,#84,.F.);
#84 = EDGE_CURVE('',#85,#57,#87,.T.);
#85 = VERTEX_POINT('',#86);
#86 = CARTESIAN_POINT('',(117.2,-173.7,61.5));
#87 = SURFACE_CURVE('',#88,(#92,#99),.PCURVE_S1.);
#88 = LINE('',#89,#90);
#89 = CARTESIAN_POINT('',(117.2,-174.5,61.5));
#90 = VECTOR('',#91,1.);
#91 = DIRECTION('',(0.,1.,0.));
#92 = PCURVE('',#32,#93);
#93 = DEFINITIONAL_REPRESENTATION('',(#94),#98);
#94 = LINE('',#95,#96);
#95 = CARTESIAN_POINT('',(45.5,0.));
#96 = VECTOR('',#97,1.);
#97 = DIRECTION('',(0.,-1.));
#98 = ( GEOMETRIC_REPRESENTATION_CONTEXT(2) 
PARAMETRIC_REPRESENTATION_CONTEXT() REPRESENTATION_CONTEXT('2D SPACE',''
  ) );
#99 = PCURVE('',#100,#105);
#100 = CYLINDRICAL_SURFACE('',#101,2.5);
#101 = AXIS2_PLACEMENT_3D('',#102,#103,#104);
#102 = CARTESIAN_POINT('',(119.7,-174.5,61.5));
#103 = DIRECTION('',(0.,1.,0.));
#104 = DIRECTION('',(-1.,0.,0.));
#105 = DEFINITIONAL_REPRESENTATION('',(#106),#110);
#106 = LINE('',#107,#108);
#107 = CARTESIAN_POINT('',(0.,0.));
#108 = VECTOR('',#109,1.);
#109 = DIRECTION('',(0.,1.));
#110 = ( GEOMETRIC_REPRESENTATION_CONTEXT(2) 
PARAMETRIC_REPRESENTATION_CONTEXT() REPRESENTATION_CONTEXT('2D SPACE',''
  ) );
#111 = ORIENTED_EDGE('',*,*,#112,.T.);
#112 = EDGE_CURVE('',#85,#22,#113,.T.);
#113 = SURFACE_CURVE('',#114,(#118,#125),.PCURVE_S1.);
#114 = LINE('',#115,#116);
#115 = CARTESIAN_POINT('',(117.2,-173.7,61.5));
#116 = VECTOR('',#117,1.);
#117 = DIRECTION('',(-0.,-0.,-1.));
#118 = PCURVE('',#32,#119);
#119 = DEFINITIONAL_REPRESENTATION('',(#120),#124);
#120 = LINE('',#121,#122);
#121 = CARTESIAN_POINT('',(45.5,-0.8));
#122 = VECTOR('',#123,1.);
#123 = DIRECTION('',(-1.,0.));
#124 = ( GEOMETRIC_REPRESENTATION_CONTEXT(2) 
PARAMETRIC_REPRESENTATION_CONTEXT() REPRESENTATION_CONTEXT('2D SPACE',''
  ) );
#125 = PCURVE('',#126,#131);
#126 = CYLINDRICAL_SURFACE('',#127,0.8);
#127 = AXIS2_PLACEMENT_3D('',#128,#129,#130);
#128 = CARTESIAN_POINT('',(118.,-173.7,61.5));
#129 = DIRECTION('',(-0.,-0.,-1.));
#130 = DIRECTION('',(0.,-1.,0.));
#131 = DEFINITIONAL_REPRESENTATION('',(#132),#136);
#132 = LINE('',#133,#134);
#133 = CARTESIAN_POINT('',(1.570796326795,0.));
#134 = VECTOR('',#135,1.);
#135 = DIRECTION('',(0.,1.));
#136 = ( GEOMETRIC_REPRESENTATION_CONTEXT(2) 
PARAMETRIC_REPRESENTATION_CONTEXT() REPRESENTATION_CONTEXT('2D SPACE',''
  ) );
#137 = ADVANCED_FACE('',(#138),#44,.T.);
#138 = FACE_BOUND('',#139,.T.);
#139 = EDGE_LOOP('',(#140,#168,#196,#223));
#140 = ORIENTED_EDGE('',*,*,#141,.T.);
#141 = EDGE_CURVE('',#24,#142,#144,.T.);
#142 = VERTEX_POINT('',#143);
#143 = CARTESIAN_POINT('',(119.7,-171.7,16.));
#144 = SURFACE_CURVE('',#145,(#150,#157),.PCURVE_S1.);
#145 = CIRCLE('',#146,2.5);
#146 = AXIS2_PLACEMENT_3D('',#147,#148,#149);
#147 = CARTESIAN_POINT('',(119.7,-171.7,18.5));
#148 = DIRECTION('',(0.,-1.,0.));
#149 = DIRECTION('',(0.,0.,1.));
#150 = PCURVE('',#44,#151);
#151 = DEFINITIONAL_REPRESENTATION('',(#152),#156);
#152 = LINE('',#153,#154);
#153 = CARTESIAN_POINT('',(7.853981633975,2.8));
#154 = VECTOR('',#155,1.);
#155 = DIRECTION('',(-1.,0.));
#156 = ( GEOMETRIC_REPRESENTATION_CONTEXT(2) 
PARAMETRIC_REPRESENTATION_CONTEXT() REPRESENTATION_CONTEXT('2D SPACE',''
  ) );
#157 = PCURVE('',#72,#158);
#158 = DEFINITIONAL_REPRESENTATION('',(#159),#167);
#159 = ( BOUNDED_CURVE() B_SPLINE_CURVE(2,(#160,#161,#162,#163,#164,#165
,#166),.UNSPECIFIED.,.T.,.F.) B_SPLINE_CURVE_WITH_KNOTS((1,2,2,2,2,1),(
    -2.094395102393,0.,2.094395102393,4.188790204786,6.28318530718,
8.377580409573),.UNSPECIFIED.) CURVE() GEOMETRIC_REPRESENTATION_ITEM() 
RATIONAL_B_SPLINE_CURVE((1.,0.5,1.,0.5,1.,0.5,1.)) REPRESENTATION_ITEM(
  '') );
#160 = CARTESIAN_POINT('',(5.,2.5));
#161 = CARTESIAN_POINT('',(5.,-1.830127018922));
#162 = CARTESIAN_POINT('',(1.25,0.334936490539));
#163 = CARTESIAN_POINT('',(-2.5,2.5));
#164 = CARTESIAN_POINT('',(1.25,4.665063509461));
#165 = CARTESIAN_POINT('',(5.,6.830127018922));
#166 = CARTESIAN_POINT('',(5.,2.5));
#167 = ( GEOMETRIC_REPRESENTATION_CONTEXT(2) 
PARAMETRIC_REPRESENTATION_CONTEXT() REPRESENTATION_CONTEXT('2D SPACE',''
  ) );
#168 = ORIENTED_EDGE('',*,*,#169,.F.);
#169 = EDGE_CURVE('',#170,#142,#172,.T.);
#170 = VERTEX_POINT('',#171);
#171 = CARTESIAN_POINT('',(119.7,-173.7,16.));
#172 = SURFACE_CURVE('',#173,(#177,#184),.PCURVE_S1.);
#173 = LINE('',#174,#175);
#174 = CARTESIAN_POINT('',(119.7,-174.5,16.));
#175 = VECTOR('',#176,1.);
#176 = DIRECTION('',(0.,1.,0.));
#177 = PCURVE('',#44,#178);
#178 = DEFINITIONAL_REPRESENTATION('',(#179),#183);
#179 = LINE('',#180,#181);
#180 = CARTESIAN_POINT('',(4.712388980385,0.));
#181 = VECTOR('',#182,1.);
#182 = DIRECTION('',(-0.,1.));
#183 = ( GEOMETRIC_REPRESENTATION_CONTEXT(2) 
PARAMETRIC_REPRESENTATION_CONTEXT() REPRESENTATION_CONTEXT('2D SPACE',''
  ) );
#184 = PCURVE('',#185,#190);
#185 = PLANE('',#186);
#186 = AXIS2_PLACEMENT_3D('',#187,#188,#189);
#187 = CARTESIAN_POINT('',(117.2,-174.5,16.));
#188 = DIRECTION('',(0.,0.,1.));
#189 = DIRECTION('',(1.,0.,0.));
#190 = DEFINITIONAL_REPRESENTATION('',(#191),#195);
#191 = LINE('',#192,#193);
#192 = CARTESIAN_POINT('',(2.5,0.));
#193 = VECTOR('',#194,1.);
#194 = DIRECTION('',(0.,1.));
#195 = ( GEOMETRIC_REPRESENTATION_CONTEXT(2) 
PARAMETRIC_REPRESENTATION_CONTEXT() REPRESENTATION_CONTEXT('2D SPACE',''
  ) );
#196 = ORIENTED_EDGE('',*,*,#197,.F.);
#197 = EDGE_CURVE('',#22,#170,#198,.T.);
#198 = SURFACE_CURVE('',#199,(#204,#211),.PCURVE_S1.);
#199 = CIRCLE('',#200,2.5);
#200 = AXIS2_PLACEMENT_3D('',#201,#202,#203);
#201 = CARTESIAN_POINT('',(119.7,-173.7,18.5));
#202 = DIRECTION('',(-0.,-1.,-0.));
#203 = DIRECTION('',(-1.,0.,0.));
#204 = PCURVE('',#44,#205);
#205 = DEFINITIONAL_REPRESENTATION('',(#206),#210);
#206 = LINE('',#207,#208);
#207 = CARTESIAN_POINT('',(6.28318530718,0.8));
#208 = VECTOR('',#209,1.);
#209 = DIRECTION('',(-1.,0.));
#210 = ( GEOMETRIC_REPRESENTATION_CONTEXT(2) 
PARAMETRIC_REPRESENTATION_CONTEXT() REPRESENTATION_CONTEXT('2D SPACE',''
  ) );
#211 = PCURVE('',#212,#217);
#212 = TOROIDAL_SURFACE('',#213,1.7,0.8);
#213 = AXIS2_PLACEMENT_3D('',#214,#215,#216);
#214 = CARTESIAN_POINT('',(119.7,-173.7,18.5));
#215 = DIRECTION('',(0.,1.,0.));
#216 = DIRECTION('',(-1.,0.,0.));
#217 = DEFINITIONAL_REPRESENTATION('',(#218),#222);
#218 = LINE('',#219,#220);
#219 = CARTESIAN_POINT('',(6.28318530718,6.28318530718));
#220 = VECTOR('',#221,1.);
#221 = DIRECTION('',(-1.,0.));
#222 = ( GEOMETRIC_REPRESENTATION_CONTEXT(2) 
PARAMETRIC_REPRESENTATION_CONTEXT() REPRESENTATION_CONTEXT('2D SPACE',''
  ) );
#223 = ORIENTED_EDGE('',*,*,#21,.T.);
#224 = ADVANCED_FACE('',(#225),#126,.T.);
#225 = FACE_BOUND('',#226,.T.);
#226 = EDGE_LOOP('',(#227,#256,#257,#281));
#227 = ORIENTED_EDGE('',*,*,#228,.T.);
#228 = EDGE_CURVE('',#229,#85,#231,.T.);
#229 = VERTEX_POINT('',#230);
#230 = CARTESIAN_POINT('',(118.,-174.5,61.5));
#231 = SURFACE_CURVE('',#232,(#237,#244),.PCURVE_S1.);
#232 = CIRCLE('',#233,0.8);
#233 = AXIS2_PLACEMENT_3D('',#234,#235,#236);
#234 = CARTESIAN_POINT('',(118.,-173.7,61.5));
#235 = DIRECTION('',(-6.123233995737E-17,0.,-1.));
#236 = DIRECTION('',(-1.,0.,6.123233995737E-17));
#237 = PCURVE('',#126,#238);
#238 = DEFINITIONAL_REPRESENTATION('',(#239),#243);
#239 = LINE('',#240,#241);
#240 = CARTESIAN_POINT('',(-4.712388980385,0.));
#241 = VECTOR('',#242,1.);
#242 = DIRECTION('',(1.,0.));
#243 = ( GEOMETRIC_REPRESENTATION_CONTEXT(2) 
PARAMETRIC_REPRESENTATION_CONTEXT() REPRESENTATION_CONTEXT('2D SPACE',''
  ) );
#244 = PCURVE('',#245,#250);
#245 = TOROIDAL_SURFACE('',#246,1.7,0.8);
#246 = AXIS2_PLACEMENT_3D('',#247,#248,#249);
#247 = CARTESIAN_POINT('',(119.7,-173.7,61.5));
#248 = DIRECTION('',(0.,1.,0.));
#249 = DIRECTION('',(0.,0.,1.));
#250 = DEFINITIONAL_REPRESENTATION('',(#251),#255);
#251 = LINE('',#252,#253);
#252 = CARTESIAN_POINT('',(4.712388980385,0.));
#253 = VECTOR('',#254,1.);
#254 = DIRECTION('',(-0.,1.));
#255 = ( GEOMETRIC_REPRESENTATION_CONTEXT(2) 
PARAMETRIC_REPRESENTATION_CONTEXT() REPRESENTATION_CONTEXT('2D SPACE',''
  ) );
#256 = ORIENTED_EDGE('',*,*,#112,.T.);
#257 = ORIENTED_EDGE('',*,*,#258,.F.);
#258 = EDGE_CURVE('',#259,#22,#261,.T.);
#259 = VERTEX_POINT('',#260);
#260 = CARTESIAN_POINT('',(118.,-174.5,18.5));
#261 = SURFACE_CURVE('',#262,(#267,#274),.PCURVE_S1.);
#262 = CIRCLE('',#263,0.8);
#263 = AXIS2_PLACEMENT_3D('',#264,#265,#266);
#264 = CARTESIAN_POINT('',(118.,-173.7,18.5));
#265 = DIRECTION('',(-0.,-0.,-1.));
#266 = DIRECTION('',(0.,-1.,0.));
#267 = PCURVE('',#126,#268);
#268 = DEFINITIONAL_REPRESENTATION('',(#269),#273);
#269 = LINE('',#270,#271);
#270 = CARTESIAN_POINT('',(0.,43.));
#271 = VECTOR('',#272,1.);
#272 = DIRECTION('',(1.,0.));
#273 = ( GEOMETRIC_REPRESENTATION_CONTEXT(2) 
PARAMETRIC_REPRESENTATION_CONTEXT() REPRESENTATION_CONTEXT('2D SPACE',''
  ) );
#274 = PCURVE('',#212,#275);
#275 = DEFINITIONAL_REPRESENTATION('',(#276),#280);
#276 = LINE('',#277,#278);
#277 = CARTESIAN_POINT('',(6.28318530718,4.712388980385));
#278 = VECTOR('',#279,1.);
#279 = DIRECTION('',(-0.,1.));
#280 = ( GEOMETRIC_REPRESENTATION_CONTEXT(2) 
PARAMETRIC_REPRESENTATION_CONTEXT() REPRESENTATION_CONTEXT('2D SPACE',''
  ) );
#281 = ORIENTED_EDGE('',*,*,#282,.F.);
#282 = EDGE_CURVE('',#229,#259,#283,.T.);
#283 = SURFACE_CURVE('',#284,(#288,#295),.PCURVE_S1.);
#284 = LINE('',#285,#286);
#285 = CARTESIAN_POINT('',(118.,-174.5,61.5));
#286 = VECTOR('',#287,1.);
#287 = DIRECTION('',(-0.,-0.,-1.));
#288 = PCURVE('',#126,#289);
#289 = DEFINITIONAL_REPRESENTATION('',(#290),#294);
#290 = LINE('',#291,#292);
#291 = CARTESIAN_POINT('',(0.,0.));
#292 = VECTOR('',#293,1.);
#293 = DIRECTION('',(0.,1.));
#294 = ( GEOMETRIC_REPRESENTATION_CONTEXT(2) 
PARAMETRIC_REPRESENTATION_CONTEXT() REPRESENTATION_CONTEXT('2D SPACE',''
  ) );
#295 = PCURVE('',#296,#301);
#296 = PLANE('',#297);
#297 = AXIS2_PLACEMENT_3D('',#298,#299,#300);
#298 = CARTESIAN_POINT('',(117.2,-174.5,16.));
#299 = DIRECTION('',(0.,1.,0.));
#300 = DIRECTION('',(0.,0.,1.));
#301 = DEFINITIONAL_REPRESENTATION('',(#302),#306);
#302 = LINE('',#303,#304);
#303 = CARTESIAN_POINT('',(45.5,0.8));
#304 = VECTOR('',#305,1.);
#305 = DIRECTION('',(-1.,0.));
#306 = ( GEOMETRIC_REPRESENTATION_CONTEXT(2) 
PARAMETRIC_REPRESENTATION_CONTEXT() REPRESENTATION_CONTEXT('2D SPACE',''
  ) );
#307 = ADVANCED_FACE('',(#308,#701,#732),#72,.T.);
#308 = FACE_BOUND('',#309,.T.);
#309 = EDGE_LOOP('',(#310,#340,#373,#394,#395,#396,#420,#448,#477,#505,
    #534,#561,#590,#618,#647,#674));
#310 = ORIENTED_EDGE('',*,*,#311,.F.);
#311 = EDGE_CURVE('',#312,#314,#316,.T.);
#312 = VERTEX_POINT('',#313);
#313 = CARTESIAN_POINT('',(128.,-171.7,18.5));
#314 = VERTEX_POINT('',#315);
#315 = CARTESIAN_POINT('',(128.,-171.7,18.52717226537));
#316 = SURFACE_CURVE('',#317,(#321,#328),.PCURVE_S1.);
#317 = LINE('',#318,#319);
#318 = CARTESIAN_POINT('',(128.,-171.7,16.));
#319 = VECTOR('',#320,1.);
#320 = DIRECTION('',(0.,0.,1.));
#321 = PCURVE('',#72,#322);
#322 = DEFINITIONAL_REPRESENTATION('',(#323),#327);
#323 = LINE('',#324,#325);
#324 = CARTESIAN_POINT('',(0.,10.8));
#325 = VECTOR('',#326,1.);
#326 = DIRECTION('',(1.,0.));
#327 = ( GEOMETRIC_REPRESENTATION_CONTEXT(2) 
PARAMETRIC_REPRESENTATION_CONTEXT() REPRESENTATION_CONTEXT('2D SPACE',''
  ) );
#328 = PCURVE('',#329,#334);
#329 = PLANE('',#330);
#330 = AXIS2_PLACEMENT_3D('',#331,#332,#333);
#331 = CARTESIAN_POINT('',(128.,-174.5,16.));
#332 = DIRECTION('',(1.,0.,0.));
#333 = DIRECTION('',(0.,0.,1.));
#334 = DEFINITIONAL_REPRESENTATION('',(#335),#339);
#335 = LINE('',#336,#337);
#336 = CARTESIAN_POINT('',(0.,-2.8));
#337 = VECTOR('',#338,1.);
#338 = DIRECTION('',(1.,0.));
#339 = ( GEOMETRIC_REPRESENTATION_CONTEXT(2) 
PARAMETRIC_REPRESENTATION_CONTEXT() REPRESENTATION_CONTEXT('2D SPACE',''
  ) );
#340 = ORIENTED_EDGE('',*,*,#341,.F.);
#341 = EDGE_CURVE('',#342,#312,#344,.T.);
#342 = VERTEX_POINT('',#343);
#343 = CARTESIAN_POINT('',(125.5,-171.7,16.));
#344 = SURFACE_CURVE('',#345,(#350,#361),.PCURVE_S1.);
#345 = CIRCLE('',#346,2.5);
#346 = AXIS2_PLACEMENT_3D('',#347,#348,#349);
#347 = CARTESIAN_POINT('',(125.5,-171.7,18.5));
#348 = DIRECTION('',(0.,-1.,0.));
#349 = DIRECTION('',(0.,0.,1.));
#350 = PCURVE('',#72,#351);
#351 = DEFINITIONAL_REPRESENTATION('',(#352),#360);
#352 = ( BOUNDED_CURVE() B_SPLINE_CURVE(2,(#353,#354,#355,#356,#357,#358
,#359),.UNSPECIFIED.,.T.,.F.) B_SPLINE_CURVE_WITH_KNOTS((1,2,2,2,2,1),(
    -2.094395102393,0.,2.094395102393,4.188790204786,6.28318530718,
8.377580409573),.UNSPECIFIED.) CURVE() GEOMETRIC_REPRESENTATION_ITEM() 
RATIONAL_B_SPLINE_CURVE((1.,0.5,1.,0.5,1.,0.5,1.)) REPRESENTATION_ITEM(
  '') );
#353 = CARTESIAN_POINT('',(5.,8.3));
#354 = CARTESIAN_POINT('',(5.,3.969872981078));
#355 = CARTESIAN_POINT('',(1.25,6.134936490539));
#356 = CARTESIAN_POINT('',(-2.5,8.3));
#357 = CARTESIAN_POINT('',(1.25,10.465063509461));
#358 = CARTESIAN_POINT('',(5.,12.630127018922));
#359 = CARTESIAN_POINT('',(5.,8.3));
#360 = ( GEOMETRIC_REPRESENTATION_CONTEXT(2) 
PARAMETRIC_REPRESENTATION_CONTEXT() REPRESENTATION_CONTEXT('2D SPACE',''
  ) );
#361 = PCURVE('',#362,#367);
#362 = CYLINDRICAL_SURFACE('',#363,2.5);
#363 = AXIS2_PLACEMENT_3D('',#364,#365,#366);
#364 = CARTESIAN_POINT('',(125.5,-174.5,18.5));
#365 = DIRECTION('',(0.,1.,0.));
#366 = DIRECTION('',(0.,0.,-1.));
#367 = DEFINITIONAL_REPRESENTATION('',(#368),#372);
#368 = LINE('',#369,#370);
#369 = CARTESIAN_POINT('',(9.42477796077,2.8));
#370 = VECTOR('',#371,1.);
#371 = DIRECTION('',(-1.,0.));
#372 = ( GEOMETRIC_REPRESENTATION_CONTEXT(2) 
PARAMETRIC_REPRESENTATION_CONTEXT() REPRESENTATION_CONTEXT('2D SPACE',''
  ) );
#373 = ORIENTED_EDGE('',*,*,#374,.F.);
#374 = EDGE_CURVE('',#142,#342,#375,.T.);
#375 = SURFACE_CURVE('',#376,(#380,#387),.PCURVE_S1.);
#376 = LINE('',#377,#378);
#377 = CARTESIAN_POINT('',(117.2,-171.7,16.));
#378 = VECTOR('',#379,1.);
#379 = DIRECTION('',(1.,0.,0.));
#380 = PCURVE('',#72,#381);
#381 = DEFINITIONAL_REPRESENTATION('',(#382),#386);
#382 = LINE('',#383,#384);
#383 = CARTESIAN_POINT('',(0.,0.));
#384 = VECTOR('',#385,1.);
#385 = DIRECTION('',(0.,1.));
#386 = ( GEOMETRIC_REPRESENTATION_CONTEXT(2) 
PARAMETRIC_REPRESENTATION_CONTEXT() REPRESENTATION_CONTEXT('2D SPACE',''
  ) );
#387 = PCURVE('',#185,#388);
#388 = DEFINITIONAL_REPRESENTATION('',(#389),#393);
#389 = LINE('',#390,#391);
#390 = CARTESIAN_POINT('',(0.,2.8));
#391 = VECTOR('',#392,1.);
#392 = DIRECTION('',(1.,0.));
#393 = ( GEOMETRIC_REPRESENTATION_CONTEXT(2) 
PARAMETRIC_REPRESENTATION_CONTEXT() REPRESENTATION_CONTEXT('2D SPACE',''
  ) );
#394 = ORIENTED_EDGE('',*,*,#141,.F.);
#395 = ORIENTED_EDGE('',*,*,#56,.T.);
#396 = ORIENTED_EDGE('',*,*,#397,.T.);
#397 = EDGE_CURVE('',#57,#398,#400,.T.);
#398 = VERTEX_POINT('',#399);
#399 = CARTESIAN_POINT('',(119.7,-171.7,64.));
#400 = SURFACE_CURVE('',#401,(#406,#413),.PCURVE_S1.);
#401 = CIRCLE('',#402,2.5);
#402 = AXIS2_PLACEMENT_3D('',#403,#404,#405);
#403 = CARTESIAN_POINT('',(119.7,-171.7,61.5));
#404 = DIRECTION('',(0.,1.,0.));
#405 = DIRECTION('',(0.,0.,1.));
#406 = PCURVE('',#72,#407);
#407 = DEFINITIONAL_REPRESENTATION('',(#408),#412);
#408 = CIRCLE('',#409,2.5);
#409 = AXIS2_PLACEMENT_2D('',#410,#411);
#410 = CARTESIAN_POINT('',(45.5,2.5));
#411 = DIRECTION('',(1.,0.));
#412 = ( GEOMETRIC_REPRESENTATION_CONTEXT(2) 
PARAMETRIC_REPRESENTATION_CONTEXT() REPRESENTATION_CONTEXT('2D SPACE',''
  ) );
#413 = PCURVE('',#100,#414);
#414 = DEFINITIONAL_REPRESENTATION('',(#415),#419);
#415 = LINE('',#416,#417);
#416 = CARTESIAN_POINT('',(-4.712388980385,2.8));
#417 = VECTOR('',#418,1.);
#418 = DIRECTION('',(1.,0.));
#419 = ( GEOMETRIC_REPRESENTATION_CONTEXT(2) 
PARAMETRIC_REPRESENTATION_CONTEXT() REPRESENTATION_CONTEXT('2D SPACE',''
  ) );
#420 = ORIENTED_EDGE('',*,*,#421,.T.);
#421 = EDGE_CURVE('',#398,#422,#424,.T.);
#422 = VERTEX_POINT('',#423);
#423 = CARTESIAN_POINT('',(125.5,-171.7,64.));
#424 = SURFACE_CURVE('',#425,(#429,#436),.PCURVE_S1.);
#425 = LINE('',#426,#427);
#426 = CARTESIAN_POINT('',(117.2,-171.7,64.));
#427 = VECTOR('',#428,1.);
#428 = DIRECTION('',(1.,0.,0.));
#429 = PCURVE('',#72,#430);
#430 = DEFINITIONAL_REPRESENTATION('',(#431),#435);
#431 = LINE('',#432,#433);
#432 = CARTESIAN_POINT('',(48.,0.));
#433 = VECTOR('',#434,1.);
#434 = DIRECTION('',(0.,1.));
#435 = ( GEOMETRIC_REPRESENTATION_CONTEXT(2) 
PARAMETRIC_REPRESENTATION_CONTEXT() REPRESENTATION_CONTEXT('2D SPACE',''
  ) );
#436 = PCURVE('',#437,#442);
#437 = PLANE('',#438);
#438 = AXIS2_PLACEMENT_3D('',#439,#440,#441);
#439 = CARTESIAN_POINT('',(117.2,-174.5,64.));
#440 = DIRECTION('',(0.,0.,1.));
#441 = DIRECTION('',(1.,0.,0.));
#442 = DEFINITIONAL_REPRESENTATION('',(#443),#447);
#443 = LINE('',#444,#445);
#444 = CARTESIAN_POINT('',(0.,2.8));
#445 = VECTOR('',#446,1.);
#446 = DIRECTION('',(1.,0.));
#447 = ( GEOMETRIC_REPRESENTATION_CONTEXT(2) 
PARAMETRIC_REPRESENTATION_CONTEXT() REPRESENTATION_CONTEXT('2D SPACE',''
  ) );
#448 = ORIENTED_EDGE('',*,*,#449,.T.);
#449 = EDGE_CURVE('',#422,#450,#452,.T.);
#450 = VERTEX_POINT('',#451);
#451 = CARTESIAN_POINT('',(128.,-171.7,61.5));
#452 = SURFACE_CURVE('',#453,(#458,#465),.PCURVE_S1.);
#453 = CIRCLE('',#454,2.5);
#454 = AXIS2_PLACEMENT_3D('',#455,#456,#457);
#455 = CARTESIAN_POINT('',(125.5,-171.7,61.5));
#456 = DIRECTION('',(0.,1.,0.));
#457 = DIRECTION('',(0.,0.,1.));
#458 = PCURVE('',#72,#459);
#459 = DEFINITIONAL_REPRESENTATION('',(#460),#464);
#460 = CIRCLE('',#461,2.5);
#461 = AXIS2_PLACEMENT_2D('',#462,#463);
#462 = CARTESIAN_POINT('',(45.5,8.3));
#463 = DIRECTION('',(1.,0.));
#464 = ( GEOMETRIC_REPRESENTATION_CONTEXT(2) 
PARAMETRIC_REPRESENTATION_CONTEXT() REPRESENTATION_CONTEXT('2D SPACE',''
  ) );
#465 = PCURVE('',#466,#471);
#466 = CYLINDRICAL_SURFACE('',#467,2.5);
#467 = AXIS2_PLACEMENT_3D('',#468,#469,#470);
#468 = CARTESIAN_POINT('',(125.5,-174.5,61.5));
#469 = DIRECTION('',(0.,1.,0.));
#470 = DIRECTION('',(0.,0.,1.));
#471 = DEFINITIONAL_REPRESENTATION('',(#472),#476);
#472 = LINE('',#473,#474);
#473 = CARTESIAN_POINT('',(0.,2.8));
#474 = VECTOR('',#475,1.);
#475 = DIRECTION('',(1.,0.));
#476 = ( GEOMETRIC_REPRESENTATION_CONTEXT(2) 
PARAMETRIC_REPRESENTATION_CONTEXT() REPRESENTATION_CONTEXT('2D SPACE',''
  ) );
#477 = ORIENTED_EDGE('',*,*,#478,.F.);
#478 = EDGE_CURVE('',#479,#450,#481,.T.);
#479 = VERTEX_POINT('',#480);
#480 = CARTESIAN_POINT('',(128.,-171.7,61.47282773463));
#481 = SURFACE_CURVE('',#482,(#486,#493),.PCURVE_S1.);
#482 = LINE('',#483,#484);
#483 = CARTESIAN_POINT('',(128.,-171.7,16.));
#484 = VECTOR('',#485,1.);
#485 = DIRECTION('',(0.,0.,1.));
#486 = PCURVE('',#72,#487);
#487 = DEFINITIONAL_REPRESENTATION('',(#488),#492);
#488 = LINE('',#489,#490);
#489 = CARTESIAN_POINT('',(0.,10.8));
#490 = VECTOR('',#491,1.);
#491 = DIRECTION('',(1.,0.));
#492 = ( GEOMETRIC_REPRESENTATION_CONTEXT(2) 
PARAMETRIC_REPRESENTATION_CONTEXT() REPRESENTATION_CONTEXT('2D SPACE',''
  ) );
#493 = PCURVE('',#494,#499);
#494 = PLANE('',#495);
#495 = AXIS2_PLACEMENT_3D('',#496,#497,#498);
#496 = CARTESIAN_POINT('',(128.,-174.5,16.));
#497 = DIRECTION('',(1.,0.,0.));
#498 = DIRECTION('',(0.,0.,1.));
#499 = DEFINITIONAL_REPRESENTATION('',(#500),#504);
#500 = LINE('',#501,#502);
#501 = CARTESIAN_POINT('',(0.,-2.8));
#502 = VECTOR('',#503,1.);
#503 = DIRECTION('',(1.,0.));
#504 = ( GEOMETRIC_REPRESENTATION_CONTEXT(2) 
PARAMETRIC_REPRESENTATION_CONTEXT() REPRESENTATION_CONTEXT('2D SPACE',''
  ) );
#505 = ORIENTED_EDGE('',*,*,#506,.F.);
#506 = EDGE_CURVE('',#507,#479,#509,.T.);
#507 = VERTEX_POINT('',#508);
#508 = CARTESIAN_POINT('',(124.45728236962,-171.7,53.5));
#509 = SURFACE_CURVE('',#510,(#515,#522),.PCURVE_S1.);
#510 = CIRCLE('',#511,10.74271763038);
#511 = AXIS2_PLACEMENT_3D('',#512,#513,#514);
#512 = CARTESIAN_POINT('',(135.2,-171.7,53.5));
#513 = DIRECTION('',(0.,1.,0.));
#514 = DIRECTION('',(0.,0.,1.));
#515 = PCURVE('',#72,#516);
#516 = DEFINITIONAL_REPRESENTATION('',(#517),#521);
#517 = CIRCLE('',#518,10.74271763038);
#518 = AXIS2_PLACEMENT_2D('',#519,#520);
#519 = CARTESIAN_POINT('',(37.5,18.));
#520 = DIRECTION('',(1.,0.));
#521 = ( GEOMETRIC_REPRESENTATION_CONTEXT(2) 
PARAMETRIC_REPRESENTATION_CONTEXT() REPRESENTATION_CONTEXT('2D SPACE',''
  ) );
#522 = PCURVE('',#523,#528);
#523 = TOROIDAL_SURFACE('',#524,8.,2.75);
#524 = AXIS2_PLACEMENT_3D('',#525,#526,#527);
#525 = CARTESIAN_POINT('',(135.2,-171.5,53.5));
#526 = DIRECTION('',(0.,1.,0.));
#527 = DIRECTION('',(0.,0.,1.));
#528 = DEFINITIONAL_REPRESENTATION('',(#529),#533);
#529 = LINE('',#530,#531);
#530 = CARTESIAN_POINT('',(0.,6.210393769176));
#531 = VECTOR('',#532,1.);
#532 = DIRECTION('',(1.,0.));
#533 = ( GEOMETRIC_REPRESENTATION_CONTEXT(2) 
PARAMETRIC_REPRESENTATION_CONTEXT() REPRESENTATION_CONTEXT('2D SPACE',''
  ) );
#534 = ORIENTED_EDGE('',*,*,#535,.F.);
#535 = EDGE_CURVE('',#536,#507,#538,.T.);
#536 = VERTEX_POINT('',#537);
#537 = CARTESIAN_POINT('',(124.45728236962,-171.7,53.347337460261));
#538 = SURFACE_CURVE('',#539,(#543,#550),.PCURVE_S1.);
#539 = LINE('',#540,#541);
#540 = CARTESIAN_POINT('',(124.45728236962,-171.7,26.5));
#541 = VECTOR('',#542,1.);
#542 = DIRECTION('',(0.,0.,1.));
#543 = PCURVE('',#72,#544);
#544 = DEFINITIONAL_REPRESENTATION('',(#545),#549);
#545 = LINE('',#546,#547);
#546 = CARTESIAN_POINT('',(10.5,7.25728236962));
#547 = VECTOR('',#548,1.);
#548 = DIRECTION('',(1.,0.));
#549 = ( GEOMETRIC_REPRESENTATION_CONTEXT(2) 
PARAMETRIC_REPRESENTATION_CONTEXT() REPRESENTATION_CONTEXT('2D SPACE',''
  ) );
#550 = PCURVE('',#551,#556);
#551 = CYLINDRICAL_SURFACE('',#552,2.75);
#552 = AXIS2_PLACEMENT_3D('',#553,#554,#555);
#553 = CARTESIAN_POINT('',(127.2,-171.5,26.5));
#554 = DIRECTION('',(0.,0.,1.));
#555 = DIRECTION('',(1.,0.,0.));
#556 = DEFINITIONAL_REPRESENTATION('',(#557),#560);
#557 = B_SPLINE_CURVE_WITH_KNOTS('',1,(#558,#559),.UNSPECIFIED.,.F.,.F.,
  (2,2),(-5.999999999062E-07,27.0000006),.PIECEWISE_BEZIER_KNOTS.);
#558 = CARTESIAN_POINT('',(3.214384191593,-5.999999999062E-07));
#559 = CARTESIAN_POINT('',(3.214384191593,27.0000006));
#560 = ( GEOMETRIC_REPRESENTATION_CONTEXT(2) 
PARAMETRIC_REPRESENTATION_CONTEXT() REPRESENTATION_CONTEXT('2D SPACE',''
  ) );
#561 = ORIENTED_EDGE('',*,*,#562,.F.);
#562 = EDGE_CURVE('',#563,#536,#565,.T.);
#563 = VERTEX_POINT('',#564);
#564 = CARTESIAN_POINT('',(123.2,-171.7,48.));
#565 = SURFACE_CURVE('',#566,(#571,#578),.PCURVE_S1.);
#566 = CIRCLE('',#567,12.);
#567 = AXIS2_PLACEMENT_3D('',#568,#569,#570);
#568 = CARTESIAN_POINT('',(135.2,-171.7,48.));
#569 = DIRECTION('',(0.,1.,0.));
#570 = DIRECTION('',(0.,0.,1.));
#571 = PCURVE('',#72,#572);
#572 = DEFINITIONAL_REPRESENTATION('',(#573),#577);
#573 = CIRCLE('',#574,12.);
#574 = AXIS2_PLACEMENT_2D('',#575,#576);
#575 = CARTESIAN_POINT('',(32.,18.));
#576 = DIRECTION('',(1.,0.));
#577 = ( GEOMETRIC_REPRESENTATION_CONTEXT(2) 
PARAMETRIC_REPRESENTATION_CONTEXT() REPRESENTATION_CONTEXT('2D SPACE',''
  ) );
#578 = PCURVE('',#579,#584);
#579 = CYLINDRICAL_SURFACE('',#580,12.);
#580 = AXIS2_PLACEMENT_3D('',#581,#582,#583);
#581 = CARTESIAN_POINT('',(135.2,-181.5,48.));
#582 = DIRECTION('',(0.,1.,0.));
#583 = DIRECTION('',(0.,0.,1.));
#584 = DEFINITIONAL_REPRESENTATION('',(#585),#589);
#585 = LINE('',#586,#587);
#586 = CARTESIAN_POINT('',(0.,9.8));
#587 = VECTOR('',#588,1.);
#588 = DIRECTION('',(1.,0.));
#589 = ( GEOMETRIC_REPRESENTATION_CONTEXT(2) 
PARAMETRIC_REPRESENTATION_CONTEXT() REPRESENTATION_CONTEXT('2D SPACE',''
  ) );
#590 = ORIENTED_EDGE('',*,*,#591,.T.);
#591 = EDGE_CURVE('',#563,#592,#594,.T.);
#592 = VERTEX_POINT('',#593);
#593 = CARTESIAN_POINT('',(123.2,-171.7,32.));
#594 = SURFACE_CURVE('',#595,(#599,#606),.PCURVE_S1.);
#595 = LINE('',#596,#597);
#596 = CARTESIAN_POINT('',(123.2,-171.7,24.));
#597 = VECTOR('',#598,1.);
#598 = DIRECTION('',(0.,0.,-1.));
#599 = PCURVE('',#72,#600);
#600 = DEFINITIONAL_REPRESENTATION('',(#601),#605);
#601 = LINE('',#602,#603);
#602 = CARTESIAN_POINT('',(8.,6.));
#603 = VECTOR('',#604,1.);
#604 = DIRECTION('',(-1.,0.));
#605 = ( GEOMETRIC_REPRESENTATION_CONTEXT(2) 
PARAMETRIC_REPRESENTATION_CONTEXT() REPRESENTATION_CONTEXT('2D SPACE',''
  ) );
#606 = PCURVE('',#607,#612);
#607 = PLANE('',#608);
#608 = AXIS2_PLACEMENT_3D('',#609,#610,#611);
#609 = CARTESIAN_POINT('',(123.2,-181.5,32.));
#610 = DIRECTION('',(1.,0.,0.));
#611 = DIRECTION('',(0.,0.,1.));
#612 = DEFINITIONAL_REPRESENTATION('',(#613),#617);
#613 = LINE('',#614,#615);
#614 = CARTESIAN_POINT('',(-8.,-9.8));
#615 = VECTOR('',#616,1.);
#616 = DIRECTION('',(-1.,0.));
#617 = ( GEOMETRIC_REPRESENTATION_CONTEXT(2) 
PARAMETRIC_REPRESENTATION_CONTEXT() REPRESENTATION_CONTEXT('2D SPACE',''
  ) );
#618 = ORIENTED_EDGE('',*,*,#619,.F.);
#619 = EDGE_CURVE('',#620,#592,#622,.T.);
#620 = VERTEX_POINT('',#621);
#621 = CARTESIAN_POINT('',(124.45728236962,-171.7,26.652662539739));
#622 = SURFACE_CURVE('',#623,(#628,#635),.PCURVE_S1.);
#623 = CIRCLE('',#624,12.);
#624 = AXIS2_PLACEMENT_3D('',#625,#626,#627);
#625 = CARTESIAN_POINT('',(135.2,-171.7,32.));
#626 = DIRECTION('',(0.,1.,0.));
#627 = DIRECTION('',(0.,0.,1.));
#628 = PCURVE('',#72,#629);
#629 = DEFINITIONAL_REPRESENTATION('',(#630),#634);
#630 = CIRCLE('',#631,12.);
#631 = AXIS2_PLACEMENT_2D('',#632,#633);
#632 = CARTESIAN_POINT('',(16.,18.));
#633 = DIRECTION('',(1.,0.));
#634 = ( GEOMETRIC_REPRESENTATION_CONTEXT(2) 
PARAMETRIC_REPRESENTATION_CONTEXT() REPRESENTATION_CONTEXT('2D SPACE',''
  ) );
#635 = PCURVE('',#636,#641);
#636 = CYLINDRICAL_SURFACE('',#637,12.);
#637 = AXIS2_PLACEMENT_3D('',#638,#639,#640);
#638 = CARTESIAN_POINT('',(135.2,-181.5,32.));
#639 = DIRECTION('',(0.,1.,0.));
#640 = DIRECTION('',(0.,0.,1.));
#641 = DEFINITIONAL_REPRESENTATION('',(#642),#646);
#642 = LINE('',#643,#644);
#643 = CARTESIAN_POINT('',(0.,9.8));
#644 = VECTOR('',#645,1.);
#645 = DIRECTION('',(1.,0.));
#646 = ( GEOMETRIC_REPRESENTATION_CONTEXT(2) 
PARAMETRIC_REPRESENTATION_CONTEXT() REPRESENTATION_CONTEXT('2D SPACE',''
  ) );
#647 = ORIENTED_EDGE('',*,*,#648,.F.);
#648 = EDGE_CURVE('',#649,#620,#651,.T.);
#649 = VERTEX_POINT('',#650);
#650 = CARTESIAN_POINT('',(124.45728236962,-171.7,26.5));
#651 = SURFACE_CURVE('',#652,(#656,#663),.PCURVE_S1.);
#652 = LINE('',#653,#654);
#653 = CARTESIAN_POINT('',(124.45728236962,-171.7,26.5));
#654 = VECTOR('',#655,1.);
#655 = DIRECTION('',(0.,0.,1.));
#656 = PCURVE('',#72,#657);
#657 = DEFINITIONAL_REPRESENTATION('',(#658),#662);
#658 = LINE('',#659,#660);
#659 = CARTESIAN_POINT('',(10.5,7.25728236962));
#660 = VECTOR('',#661,1.);
#661 = DIRECTION('',(1.,0.));
#662 = ( GEOMETRIC_REPRESENTATION_CONTEXT(2) 
PARAMETRIC_REPRESENTATION_CONTEXT() REPRESENTATION_CONTEXT('2D SPACE',''
  ) );
#663 = PCURVE('',#664,#669);
#664 = CYLINDRICAL_SURFACE('',#665,2.75);
#665 = AXIS2_PLACEMENT_3D('',#666,#667,#668);
#666 = CARTESIAN_POINT('',(127.2,-171.5,26.5));
#667 = DIRECTION('',(0.,0.,1.));
#668 = DIRECTION('',(1.,0.,0.));
#669 = DEFINITIONAL_REPRESENTATION('',(#670),#673);
#670 = B_SPLINE_CURVE_WITH_KNOTS('',1,(#671,#672),.UNSPECIFIED.,.F.,.F.,
  (2,2),(-5.999999999062E-07,27.0000006),.PIECEWISE_BEZIER_KNOTS.);
#671 = CARTESIAN_POINT('',(3.214384191593,-5.999999999062E-07));
#672 = CARTESIAN_POINT('',(3.214384191593,27.0000006));
#673 = ( GEOMETRIC_REPRESENTATION_CONTEXT(2) 
PARAMETRIC_REPRESENTATION_CONTEXT() REPRESENTATION_CONTEXT('2D SPACE',''
  ) );
#674 = ORIENTED_EDGE('',*,*,#675,.F.);
#675 = EDGE_CURVE('',#314,#649,#676,.T.);
#676 = SURFACE_CURVE('',#677,(#682,#689),.PCURVE_S1.);
#677 = CIRCLE('',#678,10.74271763038);
#678 = AXIS2_PLACEMENT_3D('',#679,#680,#681);
#679 = CARTESIAN_POINT('',(135.2,-171.7,26.5));
#680 = DIRECTION('',(0.,1.,0.));
#681 = DIRECTION('',(0.,0.,1.));
#682 = PCURVE('',#72,#683);
#683 = DEFINITIONAL_REPRESENTATION('',(#684),#688);
#684 = CIRCLE('',#685,10.74271763038);
#685 = AXIS2_PLACEMENT_2D('',#686,#687);
#686 = CARTESIAN_POINT('',(10.5,18.));
#687 = DIRECTION('',(1.,0.));
#688 = ( GEOMETRIC_REPRESENTATION_CONTEXT(2) 
PARAMETRIC_REPRESENTATION_CONTEXT() REPRESENTATION_CONTEXT('2D SPACE',''
  ) );
#689 = PCURVE('',#690,#695);
#690 = TOROIDAL_SURFACE('',#691,8.,2.75);
#691 = AXIS2_PLACEMENT_3D('',#692,#693,#694);
#692 = CARTESIAN_POINT('',(135.2,-171.5,26.5));
#693 = DIRECTION('',(0.,1.,0.));
#694 = DIRECTION('',(0.,0.,1.));
#695 = DEFINITIONAL_REPRESENTATION('',(#696),#700);
#696 = LINE('',#697,#698);
#697 = CARTESIAN_POINT('',(0.,6.210393769176));
#698 = VECTOR('',#699,1.);
#699 = DIRECTION('',(1.,0.));
#700 = ( GEOMETRIC_REPRESENTATION_CONTEXT(2) 
PARAMETRIC_REPRESENTATION_CONTEXT() REPRESENTATION_CONTEXT('2D SPACE',''
  ) );
#701 = FACE_BOUND('',#702,.T.);
#702 = EDGE_LOOP('',(#703));
#703 = ORIENTED_EDGE('',*,*,#704,.F.);
#704 = EDGE_CURVE('',#705,#705,#707,.T.);
#705 = VERTEX_POINT('',#706);
#706 = CARTESIAN_POINT('',(121.2,-171.7,21.7));
#707 = SURFACE_CURVE('',#708,(#713,#720),.PCURVE_S1.);
#708 = CIRCLE('',#709,1.7);
#709 = AXIS2_PLACEMENT_3D('',#710,#711,#712);
#710 = CARTESIAN_POINT('',(121.2,-171.7,20.));
#711 = DIRECTION('',(0.,1.,0.));
#712 = DIRECTION('',(0.,0.,1.));
#713 = PCURVE('',#72,#714);
#714 = DEFINITIONAL_REPRESENTATION('',(#715),#719);
#715 = CIRCLE('',#716,1.7);
#716 = AXIS2_PLACEMENT_2D('',#717,#718);
#717 = CARTESIAN_POINT('',(4.,4.));
#718 = DIRECTION('',(1.,0.));
#719 = ( GEOMETRIC_REPRESENTATION_CONTEXT(2) 
PARAMETRIC_REPRESENTATION_CONTEXT() REPRESENTATION_CONTEXT('2D SPACE',''
  ) );
#720 = PCURVE('',#721,#726);
#721 = CYLINDRICAL_SURFACE('',#722,1.7);
#722 = AXIS2_PLACEMENT_3D('',#723,#724,#725);
#723 = CARTESIAN_POINT('',(121.2,-175.5,20.));
#724 = DIRECTION('',(0.,1.,0.));
#725 = DIRECTION('',(0.,0.,1.));
#726 = DEFINITIONAL_REPRESENTATION('',(#727),#731);
#727 = LINE('',#728,#729);
#728 = CARTESIAN_POINT('',(0.,3.8));
#729 = VECTOR('',#730,1.);
#730 = DIRECTION('',(1.,0.));
#731 = ( GEOMETRIC_REPRESENTATION_CONTEXT(2) 
PARAMETRIC_REPRESENTATION_CONTEXT() REPRESENTATION_CONTEXT('2D SPACE',''
  ) );
#732 = FACE_BOUND('',#733,.T.);
#733 = EDGE_LOOP('',(#734));
#734 = ORIENTED_EDGE('',*,*,#735,.F.);
#735 = EDGE_CURVE('',#736,#736,#738,.T.);
#736 = VERTEX_POINT('',#737);
#737 = CARTESIAN_POINT('',(121.2,-171.7,61.7));
#738 = SURFACE_CURVE('',#739,(#744,#751),.PCURVE_S1.);
#739 = CIRCLE('',#740,1.7);
#740 = AXIS2_PLACEMENT_3D('',#741,#742,#743);
#741 = CARTESIAN_POINT('',(121.2,-171.7,60.));
#742 = DIRECTION('',(0.,1.,0.));
#743 = DIRECTION('',(0.,0.,1.));
#744 = PCURVE('',#72,#745);
#745 = DEFINITIONAL_REPRESENTATION('',(#746),#750);
#746 = CIRCLE('',#747,1.7);
#747 = AXIS2_PLACEMENT_2D('',#748,#749);
#748 = CARTESIAN_POINT('',(44.,4.));
#749 = DIRECTION('',(1.,0.));
#750 = ( GEOMETRIC_REPRESENTATION_CONTEXT(2) 
PARAMETRIC_REPRESENTATION_CONTEXT() REPRESENTATION_CONTEXT('2D SPACE',''
  ) );
#751 = PCURVE('',#752,#757);
#752 = CYLINDRICAL_SURFACE('',#753,1.7);
#753 = AXIS2_PLACEMENT_3D('',#754,#755,#756);
#754 = CARTESIAN_POINT('',(121.2,-175.5,60.));
#755 = DIRECTION('',(0.,1.,0.));
#756 = DIRECTION('',(0.,0.,1.));
#757 = DEFINITIONAL_REPRESENTATION('',(#758),#762);
#758 = LINE('',#759,#760);
#759 = CARTESIAN_POINT('',(0.,3.8));
#760 = VECTOR('',#761,1.);
#761 = DIRECTION('',(1.,0.));
#762 = ( GEOMETRIC_REPRESENTATION_CONTEXT(2) 
PARAMETRIC_REPRESENTATION_CONTEXT() REPRESENTATION_CONTEXT('2D SPACE',''
  ) );
#763 = ADVANCED_FACE('',(#764),#100,.T.);
#764 = FACE_BOUND('',#765,.T.);
#765 = EDGE_LOOP('',(#766,#767,#791,#812));
#766 = ORIENTED_EDGE('',*,*,#84,.F.);
#767 = ORIENTED_EDGE('',*,*,#768,.F.);
#768 = EDGE_CURVE('',#769,#85,#771,.T.);
#769 = VERTEX_POINT('',#770);
#770 = CARTESIAN_POINT('',(119.7,-173.7,64.));
#771 = SURFACE_CURVE('',#772,(#777,#784),.PCURVE_S1.);
#772 = CIRCLE('',#773,2.5);
#773 = AXIS2_PLACEMENT_3D('',#774,#775,#776);
#774 = CARTESIAN_POINT('',(119.7,-173.7,61.5));
#775 = DIRECTION('',(0.,-1.,0.));
#776 = DIRECTION('',(0.,0.,1.));
#777 = PCURVE('',#100,#778);
#778 = DEFINITIONAL_REPRESENTATION('',(#779),#783);
#779 = LINE('',#780,#781);
#780 = CARTESIAN_POINT('',(1.570796326795,0.8));
#781 = VECTOR('',#782,1.);
#782 = DIRECTION('',(-1.,-0.));
#783 = ( GEOMETRIC_REPRESENTATION_CONTEXT(2) 
PARAMETRIC_REPRESENTATION_CONTEXT() REPRESENTATION_CONTEXT('2D SPACE',''
  ) );
#784 = PCURVE('',#245,#785);
#785 = DEFINITIONAL_REPRESENTATION('',(#786),#790);
#786 = LINE('',#787,#788);
#787 = CARTESIAN_POINT('',(6.28318530718,6.28318530718));
#788 = VECTOR('',#789,1.);
#789 = DIRECTION('',(-1.,0.));
#790 = ( GEOMETRIC_REPRESENTATION_CONTEXT(2) 
PARAMETRIC_REPRESENTATION_CONTEXT() REPRESENTATION_CONTEXT('2D SPACE',''
  ) );
#791 = ORIENTED_EDGE('',*,*,#792,.T.);
#792 = EDGE_CURVE('',#769,#398,#793,.T.);
#793 = SURFACE_CURVE('',#794,(#798,#805),.PCURVE_S1.);
#794 = LINE('',#795,#796);
#795 = CARTESIAN_POINT('',(119.7,-174.5,64.));
#796 = VECTOR('',#797,1.);
#797 = DIRECTION('',(0.,1.,0.));
#798 = PCURVE('',#100,#799);
#799 = DEFINITIONAL_REPRESENTATION('',(#800),#804);
#800 = LINE('',#801,#802);
#801 = CARTESIAN_POINT('',(1.570796326795,0.));
#802 = VECTOR('',#803,1.);
#803 = DIRECTION('',(0.,1.));
#804 = ( GEOMETRIC_REPRESENTATION_CONTEXT(2) 
PARAMETRIC_REPRESENTATION_CONTEXT() REPRESENTATION_CONTEXT('2D SPACE',''
  ) );
#805 = PCURVE('',#437,#806);
#806 = DEFINITIONAL_REPRESENTATION('',(#807),#811);
#807 = LINE('',#808,#809);
#808 = CARTESIAN_POINT('',(2.5,0.));
#809 = VECTOR('',#810,1.);
#810 = DIRECTION('',(0.,1.));
#811 = ( GEOMETRIC_REPRESENTATION_CONTEXT(2) 
PARAMETRIC_REPRESENTATION_CONTEXT() REPRESENTATION_CONTEXT('2D SPACE',''
  ) );
#812 = ORIENTED_EDGE('',*,*,#397,.F.);
#813 = ADVANCED_FACE('',(#814),#212,.T.);
#814 = FACE_BOUND('',#815,.T.);
#815 = EDGE_LOOP('',(#816,#817,#846,#872));
#816 = ORIENTED_EDGE('',*,*,#197,.T.);
#817 = ORIENTED_EDGE('',*,*,#818,.F.);
#818 = EDGE_CURVE('',#819,#170,#821,.T.);
#819 = VERTEX_POINT('',#820);
#820 = CARTESIAN_POINT('',(119.7,-174.5,16.8));
#821 = SURFACE_CURVE('',#822,(#827,#834),.PCURVE_S1.);
#822 = CIRCLE('',#823,0.8);
#823 = AXIS2_PLACEMENT_3D('',#824,#825,#826);
#824 = CARTESIAN_POINT('',(119.7,-173.7,16.8));
#825 = DIRECTION('',(1.,0.,-6.123233995737E-17));
#826 = DIRECTION('',(-6.123233995737E-17,0.,-1.));
#827 = PCURVE('',#212,#828);
#828 = DEFINITIONAL_REPRESENTATION('',(#829),#833);
#829 = LINE('',#830,#831);
#830 = CARTESIAN_POINT('',(4.712388980385,0.));
#831 = VECTOR('',#832,1.);
#832 = DIRECTION('',(-0.,1.));
#833 = ( GEOMETRIC_REPRESENTATION_CONTEXT(2) 
PARAMETRIC_REPRESENTATION_CONTEXT() REPRESENTATION_CONTEXT('2D SPACE',''
  ) );
#834 = PCURVE('',#835,#840);
#835 = CYLINDRICAL_SURFACE('',#836,0.8);
#836 = AXIS2_PLACEMENT_3D('',#837,#838,#839);
#837 = CARTESIAN_POINT('',(119.7,-173.7,16.8));
#838 = DIRECTION('',(1.,0.,0.));
#839 = DIRECTION('',(0.,-1.,0.));
#840 = DEFINITIONAL_REPRESENTATION('',(#841),#845);
#841 = LINE('',#842,#843);
#842 = CARTESIAN_POINT('',(-4.712388980385,0.));
#843 = VECTOR('',#844,1.);
#844 = DIRECTION('',(1.,0.));
#845 = ( GEOMETRIC_REPRESENTATION_CONTEXT(2) 
PARAMETRIC_REPRESENTATION_CONTEXT() REPRESENTATION_CONTEXT('2D SPACE',''
  ) );
#846 = ORIENTED_EDGE('',*,*,#847,.F.);
#847 = EDGE_CURVE('',#259,#819,#848,.T.);
#848 = SURFACE_CURVE('',#849,(#854,#861),.PCURVE_S1.);
#849 = CIRCLE('',#850,1.7);
#850 = AXIS2_PLACEMENT_3D('',#851,#852,#853);
#851 = CARTESIAN_POINT('',(119.7,-174.5,18.5));
#852 = DIRECTION('',(-0.,-1.,-0.));
#853 = DIRECTION('',(-1.,0.,0.));
#854 = PCURVE('',#212,#855);
#855 = DEFINITIONAL_REPRESENTATION('',(#856),#860);
#856 = LINE('',#857,#858);
#857 = CARTESIAN_POINT('',(6.28318530718,4.712388980385));
#858 = VECTOR('',#859,1.);
#859 = DIRECTION('',(-1.,0.));
#860 = ( GEOMETRIC_REPRESENTATION_CONTEXT(2) 
PARAMETRIC_REPRESENTATION_CONTEXT() REPRESENTATION_CONTEXT('2D SPACE',''
  ) );
#861 = PCURVE('',#296,#862);
#862 = DEFINITIONAL_REPRESENTATION('',(#863),#871);
#863 = ( BOUNDED_CURVE() B_SPLINE_CURVE(2,(#864,#865,#866,#867,#868,#869
,#870),.UNSPECIFIED.,.T.,.F.) B_SPLINE_CURVE_WITH_KNOTS((1,2,2,2,2,1),(
    -2.094395102393,0.,2.094395102393,4.188790204786,6.28318530718,
8.377580409573),.UNSPECIFIED.) CURVE() GEOMETRIC_REPRESENTATION_ITEM() 
RATIONAL_B_SPLINE_CURVE((1.,0.5,1.,0.5,1.,0.5,1.)) REPRESENTATION_ITEM(
  '') );
#864 = CARTESIAN_POINT('',(2.5,0.8));
#865 = CARTESIAN_POINT('',(-0.444486372867,0.8));
#866 = CARTESIAN_POINT('',(1.027756813566,3.35));
#867 = CARTESIAN_POINT('',(2.5,5.9));
#868 = CARTESIAN_POINT('',(3.972243186434,3.35));
#869 = CARTESIAN_POINT('',(5.444486372867,0.8));
#870 = CARTESIAN_POINT('',(2.5,0.8));
#871 = ( GEOMETRIC_REPRESENTATION_CONTEXT(2) 
PARAMETRIC_REPRESENTATION_CONTEXT() REPRESENTATION_CONTEXT('2D SPACE',''
  ) );
#872 = ORIENTED_EDGE('',*,*,#258,.T.);
#873 = ADVANCED_FACE('',(#874),#185,.F.);
#874 = FACE_BOUND('',#875,.F.);
#875 = EDGE_LOOP('',(#876,#877,#900,#921));
#876 = ORIENTED_EDGE('',*,*,#169,.F.);
#877 = ORIENTED_EDGE('',*,*,#878,.T.);
#878 = EDGE_CURVE('',#170,#879,#881,.T.);
#879 = VERTEX_POINT('',#880);
#880 = CARTESIAN_POINT('',(125.5,-173.7,16.));
#881 = SURFACE_CURVE('',#882,(#886,#893),.PCURVE_S1.);
#882 = LINE('',#883,#884);
#883 = CARTESIAN_POINT('',(119.7,-173.7,16.));
#884 = VECTOR('',#885,1.);
#885 = DIRECTION('',(1.,0.,0.));
#886 = PCURVE('',#185,#887);
#887 = DEFINITIONAL_REPRESENTATION('',(#888),#892);
#888 = LINE('',#889,#890);
#889 = CARTESIAN_POINT('',(2.5,0.8));
#890 = VECTOR('',#891,1.);
#891 = DIRECTION('',(1.,0.));
#892 = ( GEOMETRIC_REPRESENTATION_CONTEXT(2) 
PARAMETRIC_REPRESENTATION_CONTEXT() REPRESENTATION_CONTEXT('2D SPACE',''
  ) );
#893 = PCURVE('',#835,#894);
#894 = DEFINITIONAL_REPRESENTATION('',(#895),#899);
#895 = LINE('',#896,#897);
#896 = CARTESIAN_POINT('',(1.570796326795,0.));
#897 = VECTOR('',#898,1.);
#898 = DIRECTION('',(0.,1.));
#899 = ( GEOMETRIC_REPRESENTATION_CONTEXT(2) 
PARAMETRIC_REPRESENTATION_CONTEXT() REPRESENTATION_CONTEXT('2D SPACE',''
  ) );
#900 = ORIENTED_EDGE('',*,*,#901,.T.);
#901 = EDGE_CURVE('',#879,#342,#902,.T.);
#902 = SURFACE_CURVE('',#903,(#907,#914),.PCURVE_S1.);
#903 = LINE('',#904,#905);
#904 = CARTESIAN_POINT('',(125.5,-174.5,16.));
#905 = VECTOR('',#906,1.);
#906 = DIRECTION('',(0.,1.,0.));
#907 = PCURVE('',#185,#908);
#908 = DEFINITIONAL_REPRESENTATION('',(#909),#913);
#909 = LINE('',#910,#911);
#910 = CARTESIAN_POINT('',(8.3,0.));
#911 = VECTOR('',#912,1.);
#912 = DIRECTION('',(0.,1.));
#913 = ( GEOMETRIC_REPRESENTATION_CONTEXT(2) 
PARAMETRIC_REPRESENTATION_CONTEXT() REPRESENTATION_CONTEXT('2D SPACE',''
  ) );
#914 = PCURVE('',#362,#915);
#915 = DEFINITIONAL_REPRESENTATION('',(#916),#920);
#916 = LINE('',#917,#918);
#917 = CARTESIAN_POINT('',(6.28318530718,0.));
#918 = VECTOR('',#919,1.);
#919 = DIRECTION('',(-0.,1.));
#920 = ( GEOMETRIC_REPRESENTATION_CONTEXT(2) 
PARAMETRIC_REPRESENTATION_CONTEXT() REPRESENTATION_CONTEXT('2D SPACE',''
  ) );
#921 = ORIENTED_EDGE('',*,*,#374,.F.);
#922 = ADVANCED_FACE('',(#923),#245,.T.);
#923 = FACE_BOUND('',#924,.T.);
#924 = EDGE_LOOP('',(#925,#926,#927,#955));
#925 = ORIENTED_EDGE('',*,*,#768,.T.);
#926 = ORIENTED_EDGE('',*,*,#228,.F.);
#927 = ORIENTED_EDGE('',*,*,#928,.F.);
#928 = EDGE_CURVE('',#929,#229,#931,.T.);
#929 = VERTEX_POINT('',#930);
#930 = CARTESIAN_POINT('',(119.7,-174.5,63.2));
#931 = SURFACE_CURVE('',#932,(#937,#944),.PCURVE_S1.);
#932 = CIRCLE('',#933,1.7);
#933 = AXIS2_PLACEMENT_3D('',#934,#935,#936);
#934 = CARTESIAN_POINT('',(119.7,-174.5,61.5));
#935 = DIRECTION('',(0.,-1.,0.));
#936 = DIRECTION('',(0.,0.,1.));
#937 = PCURVE('',#245,#938);
#938 = DEFINITIONAL_REPRESENTATION('',(#939),#943);
#939 = LINE('',#940,#941);
#940 = CARTESIAN_POINT('',(6.28318530718,4.712388980385));
#941 = VECTOR('',#942,1.);
#942 = DIRECTION('',(-1.,0.));
#943 = ( GEOMETRIC_REPRESENTATION_CONTEXT(2) 
PARAMETRIC_REPRESENTATION_CONTEXT() REPRESENTATION_CONTEXT('2D SPACE',''
  ) );
#944 = PCURVE('',#296,#945);
#945 = DEFINITIONAL_REPRESENTATION('',(#946),#954);
#946 = ( BOUNDED_CURVE() B_SPLINE_CURVE(2,(#947,#948,#949,#950,#951,#952
,#953),.UNSPECIFIED.,.T.,.F.) B_SPLINE_CURVE_WITH_KNOTS((1,2,2,2,2,1),(
    -2.094395102393,0.,2.094395102393,4.188790204786,6.28318530718,
8.377580409573),.UNSPECIFIED.) CURVE() GEOMETRIC_REPRESENTATION_ITEM() 
RATIONAL_B_SPLINE_CURVE((1.,0.5,1.,0.5,1.,0.5,1.)) REPRESENTATION_ITEM(
  '') );
#947 = CARTESIAN_POINT('',(47.2,2.5));
#948 = CARTESIAN_POINT('',(47.2,-0.444486372867));
#949 = CARTESIAN_POINT('',(44.65,1.027756813566));
#950 = CARTESIAN_POINT('',(42.1,2.5));
#951 = CARTESIAN_POINT('',(44.65,3.972243186434));
#952 = CARTESIAN_POINT('',(47.2,5.444486372867));
#953 = CARTESIAN_POINT('',(47.2,2.5));
#954 = ( GEOMETRIC_REPRESENTATION_CONTEXT(2) 
PARAMETRIC_REPRESENTATION_CONTEXT() REPRESENTATION_CONTEXT('2D SPACE',''
  ) );
#955 = ORIENTED_EDGE('',*,*,#956,.T.);
#956 = EDGE_CURVE('',#929,#769,#957,.T.);
#957 = SURFACE_CURVE('',#958,(#963,#970),.PCURVE_S1.);
#958 = CIRCLE('',#959,0.8);
#959 = AXIS2_PLACEMENT_3D('',#960,#961,#962);
#960 = CARTESIAN_POINT('',(119.7,-173.7,63.2));
#961 = DIRECTION('',(-1.,0.,0.));
#962 = DIRECTION('',(0.,-1.,0.));
#963 = PCURVE('',#245,#964);
#964 = DEFINITIONAL_REPRESENTATION('',(#965),#969);
#965 = LINE('',#966,#967);
#966 = CARTESIAN_POINT('',(6.28318530718,4.712388980385));
#967 = VECTOR('',#968,1.);
#968 = DIRECTION('',(-0.,1.));
#969 = ( GEOMETRIC_REPRESENTATION_CONTEXT(2) 
PARAMETRIC_REPRESENTATION_CONTEXT() REPRESENTATION_CONTEXT('2D SPACE',''
  ) );
#970 = PCURVE('',#971,#976);
#971 = CYLINDRICAL_SURFACE('',#972,0.8);
#972 = AXIS2_PLACEMENT_3D('',#973,#974,#975);
#973 = CARTESIAN_POINT('',(125.5,-173.7,63.2));
#974 = DIRECTION('',(-1.,-0.,-0.));
#975 = DIRECTION('',(0.,-1.,0.));
#976 = DEFINITIONAL_REPRESENTATION('',(#977),#981);
#977 = LINE('',#978,#979);
#978 = CARTESIAN_POINT('',(0.,5.8));
#979 = VECTOR('',#980,1.);
#980 = DIRECTION('',(1.,0.));
#981 = ( GEOMETRIC_REPRESENTATION_CONTEXT(2) 
PARAMETRIC_REPRESENTATION_CONTEXT() REPRESENTATION_CONTEXT('2D SPACE',''
  ) );
#982 = ADVANCED_FACE('',(#983,#1225,#1251),#296,.F.);
#983 = FACE_BOUND('',#984,.F.);
#984 = EDGE_LOOP('',(#985,#1011,#1039,#1072,#1093,#1094,#1095,#1096,
    #1119,#1152,#1180,#1204));
#985 = ORIENTED_EDGE('',*,*,#986,.F.);
#986 = EDGE_CURVE('',#987,#989,#991,.T.);
#987 = VERTEX_POINT('',#988);
#988 = CARTESIAN_POINT('',(127.2,-174.5,23.055728090001));
#989 = VERTEX_POINT('',#990);
#990 = CARTESIAN_POINT('',(123.2,-174.5,32.));
#991 = SURFACE_CURVE('',#992,(#997,#1004),.PCURVE_S1.);
#992 = CIRCLE('',#993,12.);
#993 = AXIS2_PLACEMENT_3D('',#994,#995,#996);
#994 = CARTESIAN_POINT('',(135.2,-174.5,32.));
#995 = DIRECTION('',(0.,1.,0.));
#996 = DIRECTION('',(0.,0.,1.));
#997 = PCURVE('',#296,#998);
#998 = DEFINITIONAL_REPRESENTATION('',(#999),#1003);
#999 = CIRCLE('',#1000,12.);
#1000 = AXIS2_PLACEMENT_2D('',#1001,#1002);
#1001 = CARTESIAN_POINT('',(16.,18.));
#1002 = DIRECTION('',(1.,0.));
#1003 = ( GEOMETRIC_REPRESENTATION_CONTEXT(2) 
PARAMETRIC_REPRESENTATION_CONTEXT() REPRESENTATION_CONTEXT('2D SPACE',''
  ) );
#1004 = PCURVE('',#636,#1005);
#1005 = DEFINITIONAL_REPRESENTATION('',(#1006),#1010);
#1006 = LINE('',#1007,#1008);
#1007 = CARTESIAN_POINT('',(0.,7.));
#1008 = VECTOR('',#1009,1.);
#1009 = DIRECTION('',(1.,0.));
#1010 = ( GEOMETRIC_REPRESENTATION_CONTEXT(2) 
PARAMETRIC_REPRESENTATION_CONTEXT() REPRESENTATION_CONTEXT('2D SPACE',''
  ) );
#1011 = ORIENTED_EDGE('',*,*,#1012,.F.);
#1012 = EDGE_CURVE('',#1013,#987,#1015,.T.);
#1013 = VERTEX_POINT('',#1014);
#1014 = CARTESIAN_POINT('',(127.2,-174.5,18.5));
#1015 = SURFACE_CURVE('',#1016,(#1020,#1027),.PCURVE_S1.);
#1016 = LINE('',#1017,#1018);
#1017 = CARTESIAN_POINT('',(127.2,-174.5,18.5));
#1018 = VECTOR('',#1019,1.);
#1019 = DIRECTION('',(0.,0.,1.));
#1020 = PCURVE('',#296,#1021);
#1021 = DEFINITIONAL_REPRESENTATION('',(#1022),#1026);
#1022 = LINE('',#1023,#1024);
#1023 = CARTESIAN_POINT('',(2.5,10.));
#1024 = VECTOR('',#1025,1.);
#1025 = DIRECTION('',(1.,0.));
#1026 = ( GEOMETRIC_REPRESENTATION_CONTEXT(2) 
PARAMETRIC_REPRESENTATION_CONTEXT() REPRESENTATION_CONTEXT('2D SPACE',''
  ) );
#1027 = PCURVE('',#1028,#1033);
#1028 = CYLINDRICAL_SURFACE('',#1029,0.8);
#1029 = AXIS2_PLACEMENT_3D('',#1030,#1031,#1032);
#1030 = CARTESIAN_POINT('',(127.2,-173.7,18.5));
#1031 = DIRECTION('',(0.,0.,1.));
#1032 = DIRECTION('',(0.,-1.,0.));
#1033 = DEFINITIONAL_REPRESENTATION('',(#1034),#1038);
#1034 = LINE('',#1035,#1036);
#1035 = CARTESIAN_POINT('',(0.,0.));
#1036 = VECTOR('',#1037,1.);
#1037 = DIRECTION('',(0.,1.));
#1038 = ( GEOMETRIC_REPRESENTATION_CONTEXT(2) 
PARAMETRIC_REPRESENTATION_CONTEXT() REPRESENTATION_CONTEXT('2D SPACE',''
  ) );
#1039 = ORIENTED_EDGE('',*,*,#1040,.F.);
#1040 = EDGE_CURVE('',#1041,#1013,#1043,.T.);
#1041 = VERTEX_POINT('',#1042);
#1042 = CARTESIAN_POINT('',(125.5,-174.5,16.8));
#1043 = SURFACE_CURVE('',#1044,(#1049,#1060),.PCURVE_S1.);
#1044 = CIRCLE('',#1045,1.7);
#1045 = AXIS2_PLACEMENT_3D('',#1046,#1047,#1048);
#1046 = CARTESIAN_POINT('',(125.5,-174.5,18.5));
#1047 = DIRECTION('',(0.,-1.,0.));
#1048 = DIRECTION('',(0.,0.,-1.));
#1049 = PCURVE('',#296,#1050);
#1050 = DEFINITIONAL_REPRESENTATION('',(#1051),#1059);
#1051 = ( BOUNDED_CURVE() B_SPLINE_CURVE(2,(#1052,#1053,#1054,#1055,
#1056,#1057,#1058),.UNSPECIFIED.,.T.,.F.) B_SPLINE_CURVE_WITH_KNOTS((1,2
    ,2,2,2,1),(-2.094395102393,0.,2.094395102393,4.188790204786,
6.28318530718,8.377580409573),.UNSPECIFIED.) CURVE() 
GEOMETRIC_REPRESENTATION_ITEM() RATIONAL_B_SPLINE_CURVE((1.,0.5,1.,0.5,
1.,0.5,1.)) REPRESENTATION_ITEM('') );
#1052 = CARTESIAN_POINT('',(0.8,8.3));
#1053 = CARTESIAN_POINT('',(0.8,11.244486372867));
#1054 = CARTESIAN_POINT('',(3.35,9.772243186434));
#1055 = CARTESIAN_POINT('',(5.9,8.3));
#1056 = CARTESIAN_POINT('',(3.35,6.827756813566));
#1057 = CARTESIAN_POINT('',(0.8,5.355513627133));
#1058 = CARTESIAN_POINT('',(0.8,8.3));
#1059 = ( GEOMETRIC_REPRESENTATION_CONTEXT(2) 
PARAMETRIC_REPRESENTATION_CONTEXT() REPRESENTATION_CONTEXT('2D SPACE',''
  ) );
#1060 = PCURVE('',#1061,#1066);
#1061 = TOROIDAL_SURFACE('',#1062,1.7,0.8);
#1062 = AXIS2_PLACEMENT_3D('',#1063,#1064,#1065);
#1063 = CARTESIAN_POINT('',(125.5,-173.7,18.5));
#1064 = DIRECTION('',(0.,1.,0.));
#1065 = DIRECTION('',(0.,0.,-1.));
#1066 = DEFINITIONAL_REPRESENTATION('',(#1067),#1071);
#1067 = LINE('',#1068,#1069);
#1068 = CARTESIAN_POINT('',(6.28318530718,4.712388980385));
#1069 = VECTOR('',#1070,1.);
#1070 = DIRECTION('',(-1.,0.));
#1071 = ( GEOMETRIC_REPRESENTATION_CONTEXT(2) 
PARAMETRIC_REPRESENTATION_CONTEXT() REPRESENTATION_CONTEXT('2D SPACE',''
  ) );
#1072 = ORIENTED_EDGE('',*,*,#1073,.F.);
#1073 = EDGE_CURVE('',#819,#1041,#1074,.T.);
#1074 = SURFACE_CURVE('',#1075,(#1079,#1086),.PCURVE_S1.);
#1075 = LINE('',#1076,#1077);
#1076 = CARTESIAN_POINT('',(119.7,-174.5,16.8));
#1077 = VECTOR('',#1078,1.);
#1078 = DIRECTION('',(1.,0.,0.));
#1079 = PCURVE('',#296,#1080);
#1080 = DEFINITIONAL_REPRESENTATION('',(#1081),#1085);
#1081 = LINE('',#1082,#1083);
#1082 = CARTESIAN_POINT('',(0.8,2.5));
#1083 = VECTOR('',#1084,1.);
#1084 = DIRECTION('',(0.,1.));
#1085 = ( GEOMETRIC_REPRESENTATION_CONTEXT(2) 
PARAMETRIC_REPRESENTATION_CONTEXT() REPRESENTATION_CONTEXT('2D SPACE',''
  ) );
#1086 = PCURVE('',#835,#1087);
#1087 = DEFINITIONAL_REPRESENTATION('',(#1088),#1092);
#1088 = LINE('',#1089,#1090);
#1089 = CARTESIAN_POINT('',(0.,0.));
#1090 = VECTOR('',#1091,1.);
#1091 = DIRECTION('',(0.,1.));
#1092 = ( GEOMETRIC_REPRESENTATION_CONTEXT(2) 
PARAMETRIC_REPRESENTATION_CONTEXT() REPRESENTATION_CONTEXT('2D SPACE',''
  ) );
#1093 = ORIENTED_EDGE('',*,*,#847,.F.);
#1094 = ORIENTED_EDGE('',*,*,#282,.F.);
#1095 = ORIENTED_EDGE('',*,*,#928,.F.);
#1096 = ORIENTED_EDGE('',*,*,#1097,.F.);
#1097 = EDGE_CURVE('',#1098,#929,#1100,.T.);
#1098 = VERTEX_POINT('',#1099);
#1099 = CARTESIAN_POINT('',(125.5,-174.5,63.2));
#1100 = SURFACE_CURVE('',#1101,(#1105,#1112),.PCURVE_S1.);
#1101 = LINE('',#1102,#1103);
#1102 = CARTESIAN_POINT('',(125.5,-174.5,63.2));
#1103 = VECTOR('',#1104,1.);
#1104 = DIRECTION('',(-1.,-0.,-0.));
#1105 = PCURVE('',#296,#1106);
#1106 = DEFINITIONAL_REPRESENTATION('',(#1107),#1111);
#1107 = LINE('',#1108,#1109);
#1108 = CARTESIAN_POINT('',(47.2,8.3));
#1109 = VECTOR('',#1110,1.);
#1110 = DIRECTION('',(0.,-1.));
#1111 = ( GEOMETRIC_REPRESENTATION_CONTEXT(2) 
PARAMETRIC_REPRESENTATION_CONTEXT() REPRESENTATION_CONTEXT('2D SPACE',''
  ) );
#1112 = PCURVE('',#971,#1113);
#1113 = DEFINITIONAL_REPRESENTATION('',(#1114),#1118);
#1114 = LINE('',#1115,#1116);
#1115 = CARTESIAN_POINT('',(0.,0.));
#1116 = VECTOR('',#1117,1.);
#1117 = DIRECTION('',(0.,1.));
#1118 = ( GEOMETRIC_REPRESENTATION_CONTEXT(2) 
PARAMETRIC_REPRESENTATION_CONTEXT() REPRESENTATION_CONTEXT('2D SPACE',''
  ) );
#1119 = ORIENTED_EDGE('',*,*,#1120,.F.);
#1120 = EDGE_CURVE('',#1121,#1098,#1123,.T.);
#1121 = VERTEX_POINT('',#1122);
#1122 = CARTESIAN_POINT('',(127.2,-174.5,61.5));
#1123 = SURFACE_CURVE('',#1124,(#1129,#1140),.PCURVE_S1.);
#1124 = CIRCLE('',#1125,1.7);
#1125 = AXIS2_PLACEMENT_3D('',#1126,#1127,#1128);
#1126 = CARTESIAN_POINT('',(125.5,-174.5,61.5));
#1127 = DIRECTION('',(0.,-1.,0.));
#1128 = DIRECTION('',(1.,0.,0.));
#1129 = PCURVE('',#296,#1130);
#1130 = DEFINITIONAL_REPRESENTATION('',(#1131),#1139);
#1131 = ( BOUNDED_CURVE() B_SPLINE_CURVE(2,(#1132,#1133,#1134,#1135,
#1136,#1137,#1138),.UNSPECIFIED.,.T.,.F.) B_SPLINE_CURVE_WITH_KNOTS((1,2
    ,2,2,2,1),(-2.094395102393,0.,2.094395102393,4.188790204786,
6.28318530718,8.377580409573),.UNSPECIFIED.) CURVE() 
GEOMETRIC_REPRESENTATION_ITEM() RATIONAL_B_SPLINE_CURVE((1.,0.5,1.,0.5,
1.,0.5,1.)) REPRESENTATION_ITEM('') );
#1132 = CARTESIAN_POINT('',(45.5,10.));
#1133 = CARTESIAN_POINT('',(48.444486372867,10.));
#1134 = CARTESIAN_POINT('',(46.972243186434,7.45));
#1135 = CARTESIAN_POINT('',(45.5,4.9));
#1136 = CARTESIAN_POINT('',(44.027756813566,7.45));
#1137 = CARTESIAN_POINT('',(42.555513627133,10.));
#1138 = CARTESIAN_POINT('',(45.5,10.));
#1139 = ( GEOMETRIC_REPRESENTATION_CONTEXT(2) 
PARAMETRIC_REPRESENTATION_CONTEXT() REPRESENTATION_CONTEXT('2D SPACE',''
  ) );
#1140 = PCURVE('',#1141,#1146);
#1141 = TOROIDAL_SURFACE('',#1142,1.7,0.8);
#1142 = AXIS2_PLACEMENT_3D('',#1143,#1144,#1145);
#1143 = CARTESIAN_POINT('',(125.5,-173.7,61.5));
#1144 = DIRECTION('',(0.,1.,0.));
#1145 = DIRECTION('',(1.,0.,0.));
#1146 = DEFINITIONAL_REPRESENTATION('',(#1147),#1151);
#1147 = LINE('',#1148,#1149);
#1148 = CARTESIAN_POINT('',(6.28318530718,4.712388980385));
#1149 = VECTOR('',#1150,1.);
#1150 = DIRECTION('',(-1.,0.));
#1151 = ( GEOMETRIC_REPRESENTATION_CONTEXT(2) 
PARAMETRIC_REPRESENTATION_CONTEXT() REPRESENTATION_CONTEXT('2D SPACE',''
  ) );
#1152 = ORIENTED_EDGE('',*,*,#1153,.F.);
#1153 = EDGE_CURVE('',#1154,#1121,#1156,.T.);
#1154 = VERTEX_POINT('',#1155);
#1155 = CARTESIAN_POINT('',(127.2,-174.5,56.944271909999));
#1156 = SURFACE_CURVE('',#1157,(#1161,#1168),.PCURVE_S1.);
#1157 = LINE('',#1158,#1159);
#1158 = CARTESIAN_POINT('',(127.2,-174.5,57.6));
#1159 = VECTOR('',#1160,1.);
#1160 = DIRECTION('',(0.,0.,1.));
#1161 = PCURVE('',#296,#1162);
#1162 = DEFINITIONAL_REPRESENTATION('',(#1163),#1167);
#1163 = LINE('',#1164,#1165);
#1164 = CARTESIAN_POINT('',(41.6,10.));
#1165 = VECTOR('',#1166,1.);
#1166 = DIRECTION('',(1.,0.));
#1167 = ( GEOMETRIC_REPRESENTATION_CONTEXT(2) 
PARAMETRIC_REPRESENTATION_CONTEXT() REPRESENTATION_CONTEXT('2D SPACE',''
  ) );
#1168 = PCURVE('',#1169,#1174);
#1169 = CYLINDRICAL_SURFACE('',#1170,0.8);
#1170 = AXIS2_PLACEMENT_3D('',#1171,#1172,#1173);
#1171 = CARTESIAN_POINT('',(127.2,-173.7,57.6));
#1172 = DIRECTION('',(0.,0.,1.));
#1173 = DIRECTION('',(0.,-1.,0.));
#1174 = DEFINITIONAL_REPRESENTATION('',(#1175),#1179);
#1175 = LINE('',#1176,#1177);
#1176 = CARTESIAN_POINT('',(0.,0.));
#1177 = VECTOR('',#1178,1.);
#1178 = DIRECTION('',(0.,1.));
#1179 = ( GEOMETRIC_REPRESENTATION_CONTEXT(2) 
PARAMETRIC_REPRESENTATION_CONTEXT() REPRESENTATION_CONTEXT('2D SPACE',''
  ) );
#1180 = ORIENTED_EDGE('',*,*,#1181,.F.);
#1181 = EDGE_CURVE('',#1182,#1154,#1184,.T.);
#1182 = VERTEX_POINT('',#1183);
#1183 = CARTESIAN_POINT('',(123.2,-174.5,48.));
#1184 = SURFACE_CURVE('',#1185,(#1190,#1197),.PCURVE_S1.);
#1185 = CIRCLE('',#1186,12.);
#1186 = AXIS2_PLACEMENT_3D('',#1187,#1188,#1189);
#1187 = CARTESIAN_POINT('',(135.2,-174.5,48.));
#1188 = DIRECTION('',(0.,1.,0.));
#1189 = DIRECTION('',(0.,0.,1.));
#1190 = PCURVE('',#296,#1191);
#1191 = DEFINITIONAL_REPRESENTATION('',(#1192),#1196);
#1192 = CIRCLE('',#1193,12.);
#1193 = AXIS2_PLACEMENT_2D('',#1194,#1195);
#1194 = CARTESIAN_POINT('',(32.,18.));
#1195 = DIRECTION('',(1.,0.));
#1196 = ( GEOMETRIC_REPRESENTATION_CONTEXT(2) 
PARAMETRIC_REPRESENTATION_CONTEXT() REPRESENTATION_CONTEXT('2D SPACE',''
  ) );
#1197 = PCURVE('',#579,#1198);
#1198 = DEFINITIONAL_REPRESENTATION('',(#1199),#1203);
#1199 = LINE('',#1200,#1201);
#1200 = CARTESIAN_POINT('',(0.,7.));
#1201 = VECTOR('',#1202,1.);
#1202 = DIRECTION('',(1.,0.));
#1203 = ( GEOMETRIC_REPRESENTATION_CONTEXT(2) 
PARAMETRIC_REPRESENTATION_CONTEXT() REPRESENTATION_CONTEXT('2D SPACE',''
  ) );
#1204 = ORIENTED_EDGE('',*,*,#1205,.T.);
#1205 = EDGE_CURVE('',#1182,#989,#1206,.T.);
#1206 = SURFACE_CURVE('',#1207,(#1211,#1218),.PCURVE_S1.);
#1207 = LINE('',#1208,#1209);
#1208 = CARTESIAN_POINT('',(123.2,-174.5,24.));
#1209 = VECTOR('',#1210,1.);
#1210 = DIRECTION('',(0.,0.,-1.));
#1211 = PCURVE('',#296,#1212);
#1212 = DEFINITIONAL_REPRESENTATION('',(#1213),#1217);
#1213 = LINE('',#1214,#1215);
#1214 = CARTESIAN_POINT('',(8.,6.));
#1215 = VECTOR('',#1216,1.);
#1216 = DIRECTION('',(-1.,0.));
#1217 = ( GEOMETRIC_REPRESENTATION_CONTEXT(2) 
PARAMETRIC_REPRESENTATION_CONTEXT() REPRESENTATION_CONTEXT('2D SPACE',''
  ) );
#1218 = PCURVE('',#607,#1219);
#1219 = DEFINITIONAL_REPRESENTATION('',(#1220),#1224);
#1220 = LINE('',#1221,#1222);
#1221 = CARTESIAN_POINT('',(-8.,-7.));
#1222 = VECTOR('',#1223,1.);
#1223 = DIRECTION('',(-1.,0.));
#1224 = ( GEOMETRIC_REPRESENTATION_CONTEXT(2) 
PARAMETRIC_REPRESENTATION_CONTEXT() REPRESENTATION_CONTEXT('2D SPACE',''
  ) );
#1225 = FACE_BOUND('',#1226,.F.);
#1226 = EDGE_LOOP('',(#1227));
#1227 = ORIENTED_EDGE('',*,*,#1228,.F.);
#1228 = EDGE_CURVE('',#1229,#1229,#1231,.T.);
#1229 = VERTEX_POINT('',#1230);
#1230 = CARTESIAN_POINT('',(121.2,-174.5,21.7));
#1231 = SURFACE_CURVE('',#1232,(#1237,#1244),.PCURVE_S1.);
#1232 = CIRCLE('',#1233,1.7);
#1233 = AXIS2_PLACEMENT_3D('',#1234,#1235,#1236);
#1234 = CARTESIAN_POINT('',(121.2,-174.5,20.));
#1235 = DIRECTION('',(0.,1.,0.));
#1236 = DIRECTION('',(0.,0.,1.));
#1237 = PCURVE('',#296,#1238);
#1238 = DEFINITIONAL_REPRESENTATION('',(#1239),#1243);
#1239 = CIRCLE('',#1240,1.7);
#1240 = AXIS2_PLACEMENT_2D('',#1241,#1242);
#1241 = CARTESIAN_POINT('',(4.,4.));
#1242 = DIRECTION('',(1.,0.));
#1243 = ( GEOMETRIC_REPRESENTATION_CONTEXT(2) 
PARAMETRIC_REPRESENTATION_CONTEXT() REPRESENTATION_CONTEXT('2D SPACE',''
  ) );
#1244 = PCURVE('',#721,#1245);
#1245 = DEFINITIONAL_REPRESENTATION('',(#1246),#1250);
#1246 = LINE('',#1247,#1248);
#1247 = CARTESIAN_POINT('',(0.,1.));
#1248 = VECTOR('',#1249,1.);
#1249 = DIRECTION('',(1.,0.));
#1250 = ( GEOMETRIC_REPRESENTATION_CONTEXT(2) 
PARAMETRIC_REPRESENTATION_CONTEXT() REPRESENTATION_CONTEXT('2D SPACE',''
  ) );
#1251 = FACE_BOUND('',#1252,.F.);
#1252 = EDGE_LOOP('',(#1253));
#1253 = ORIENTED_EDGE('',*,*,#1254,.F.);
#1254 = EDGE_CURVE('',#1255,#1255,#1257,.T.);
#1255 = VERTEX_POINT('',#1256);
#1256 = CARTESIAN_POINT('',(121.2,-174.5,61.7));
#1257 = SURFACE_CURVE('',#1258,(#1263,#1270),.PCURVE_S1.);
#1258 = CIRCLE('',#1259,1.7);
#1259 = AXIS2_PLACEMENT_3D('',#1260,#1261,#1262);
#1260 = CARTESIAN_POINT('',(121.2,-174.5,60.));
#1261 = DIRECTION('',(0.,1.,0.));
#1262 = DIRECTION('',(0.,0.,1.));
#1263 = PCURVE('',#296,#1264);
#1264 = DEFINITIONAL_REPRESENTATION('',(#1265),#1269);
#1265 = CIRCLE('',#1266,1.7);
#1266 = AXIS2_PLACEMENT_2D('',#1267,#1268);
#1267 = CARTESIAN_POINT('',(44.,4.));
#1268 = DIRECTION('',(1.,0.));
#1269 = ( GEOMETRIC_REPRESENTATION_CONTEXT(2) 
PARAMETRIC_REPRESENTATION_CONTEXT() REPRESENTATION_CONTEXT('2D SPACE',''
  ) );
#1270 = PCURVE('',#752,#1271);
#1271 = DEFINITIONAL_REPRESENTATION('',(#1272),#1276);
#1272 = LINE('',#1273,#1274);
#1273 = CARTESIAN_POINT('',(0.,1.));
#1274 = VECTOR('',#1275,1.);
#1275 = DIRECTION('',(1.,0.));
#1276 = ( GEOMETRIC_REPRESENTATION_CONTEXT(2) 
PARAMETRIC_REPRESENTATION_CONTEXT() REPRESENTATION_CONTEXT('2D SPACE',''
  ) );
#1277 = ADVANCED_FACE('',(#1278),#329,.T.);
#1278 = FACE_BOUND('',#1279,.T.);
#1279 = EDGE_LOOP('',(#1280,#1303,#1304,#1426));
#1280 = ORIENTED_EDGE('',*,*,#1281,.T.);
#1281 = EDGE_CURVE('',#1282,#312,#1284,.T.);
#1282 = VERTEX_POINT('',#1283);
#1283 = CARTESIAN_POINT('',(128.,-173.7,18.5));
#1284 = SURFACE_CURVE('',#1285,(#1289,#1296),.PCURVE_S1.);
#1285 = LINE('',#1286,#1287);
#1286 = CARTESIAN_POINT('',(128.,-174.5,18.5));
#1287 = VECTOR('',#1288,1.);
#1288 = DIRECTION('',(0.,1.,0.));
#1289 = PCURVE('',#329,#1290);
#1290 = DEFINITIONAL_REPRESENTATION('',(#1291),#1295);
#1291 = LINE('',#1292,#1293);
#1292 = CARTESIAN_POINT('',(2.5,0.));
#1293 = VECTOR('',#1294,1.);
#1294 = DIRECTION('',(0.,-1.));
#1295 = ( GEOMETRIC_REPRESENTATION_CONTEXT(2) 
PARAMETRIC_REPRESENTATION_CONTEXT() REPRESENTATION_CONTEXT('2D SPACE',''
  ) );
#1296 = PCURVE('',#362,#1297);
#1297 = DEFINITIONAL_REPRESENTATION('',(#1298),#1302);
#1298 = LINE('',#1299,#1300);
#1299 = CARTESIAN_POINT('',(4.712388980385,0.));
#1300 = VECTOR('',#1301,1.);
#1301 = DIRECTION('',(-0.,1.));
#1302 = ( GEOMETRIC_REPRESENTATION_CONTEXT(2) 
PARAMETRIC_REPRESENTATION_CONTEXT() REPRESENTATION_CONTEXT('2D SPACE',''
  ) );
#1303 = ORIENTED_EDGE('',*,*,#311,.T.);
#1304 = ORIENTED_EDGE('',*,*,#1305,.F.);
#1305 = EDGE_CURVE('',#1306,#314,#1308,.T.);
#1306 = VERTEX_POINT('',#1307);
#1307 = CARTESIAN_POINT('',(128.,-173.7,20.074854116485));
#1308 = SURFACE_CURVE('',#1309,(#1348,#1390),.PCURVE_S1.);
#1309 = B_SPLINE_CURVE_WITH_KNOTS('',7,(#1310,#1311,#1312,#1313,#1314,
    #1315,#1316,#1317,#1318,#1319,#1320,#1321,#1322,#1323,#1324,#1325,
    #1326,#1327,#1328,#1329,#1330,#1331,#1332,#1333,#1334,#1335,#1336,
    #1337,#1338,#1339,#1340,#1341,#1342,#1343,#1344,#1345,#1346,#1347),
  .UNSPECIFIED.,.F.,.F.,(8,6,6,6,6,6,8),(0.,0.21858016321,0.499750960985
    ,0.74604953654,0.842636496739,0.895486512389,1.),.UNSPECIFIED.);
#1310 = CARTESIAN_POINT('',(128.,-174.1310644233,26.5));
#1311 = CARTESIAN_POINT('',(128.,-174.1310644233,26.202287288408));
#1312 = CARTESIAN_POINT('',(128.,-174.1354312724,25.904561407424));
#1313 = CARTESIAN_POINT('',(128.,-174.1441655398,25.607028096668));
#1314 = CARTESIAN_POINT('',(128.,-174.1566563924,25.309810375194));
#1315 = CARTESIAN_POINT('',(128.,-174.1716856488,25.012955483155));
#1316 = CARTESIAN_POINT('',(128.,-174.18773739,24.716454906227));
#1317 = CARTESIAN_POINT('',(128.,-174.2228926987,24.039230285102));
#1318 = CARTESIAN_POINT('',(128.,-174.2415401921,23.658976286435));
#1319 = CARTESIAN_POINT('',(128.,-174.2554669226,23.27889912033));
#1320 = CARTESIAN_POINT('',(128.,-174.2605862843,22.898940479296));
#1321 = CARTESIAN_POINT('',(128.,-174.2526340695,22.519606477681));
#1322 = CARTESIAN_POINT('',(128.,-174.2273738099,22.141969723431));
#1323 = CARTESIAN_POINT('',(128.,-174.1387507665,21.439879290818));
#1324 = CARTESIAN_POINT('',(128.,-174.080574364,21.115211319016));
#1325 = CARTESIAN_POINT('',(128.,-174.0025382301,20.794636842339));
#1326 = CARTESIAN_POINT('',(128.,-173.9014503399,20.480593484249));
#1327 = CARTESIAN_POINT('',(128.,-173.774215017,20.176971401092));
#1328 = CARTESIAN_POINT('',(128.,-173.6184231909,19.888911776413));
#1329 = CARTESIAN_POINT('',(128.,-173.3594160901,19.518572354772));
#1330 = CARTESIAN_POINT('',(128.,-173.2818526666,19.417711379979));
#1331 = CARTESIAN_POINT('',(128.,-173.1996248543,19.32073759423));
#1332 = CARTESIAN_POINT('',(128.,-173.1127211484,19.228126910706));
#1333 = CARTESIAN_POINT('',(128.,-173.0211902725,19.140393154154));
#1334 = CARTESIAN_POINT('',(128.,-172.9251558246,19.058073346323));
#1335 = CARTESIAN_POINT('',(128.,-172.769940603,18.939923563993));
#1336 = CARTESIAN_POINT('',(128.,-172.7137643648,18.899922240499));
#1337 = CARTESIAN_POINT('',(128.,-172.6563423867,18.861793974809));
#1338 = CARTESIAN_POINT('',(128.,-172.5977196342,18.82562803211));
#1339 = CARTESIAN_POINT('',(128.,-172.5379498416,18.791512112818));
#1340 = CARTESIAN_POINT('',(128.,-172.4770962578,18.759530945341));
#1341 = CARTESIAN_POINT('',(128.,-172.2928935767,18.670901028299));
#1342 = CARTESIAN_POINT('',(128.,-172.1665604044,18.620678571635));
#1343 = CARTESIAN_POINT('',(128.,-172.0368571285,18.579759107725));
#1344 = CARTESIAN_POINT('',(128.,-171.9044993893,18.548667914026));
#1345 = CARTESIAN_POINT('',(128.,-171.7702916374,18.527794831094));
#1346 = CARTESIAN_POINT('',(128.,-171.635128487,18.517362591223));
#1347 = CARTESIAN_POINT('',(128.,-171.5,18.517362591223));
#1348 = PCURVE('',#329,#1349);
#1349 = DEFINITIONAL_REPRESENTATION('',(#1350),#1389);
#1350 = B_SPLINE_CURVE_WITH_KNOTS('',7,(#1351,#1352,#1353,#1354,#1355,
    #1356,#1357,#1358,#1359,#1360,#1361,#1362,#1363,#1364,#1365,#1366,
    #1367,#1368,#1369,#1370,#1371,#1372,#1373,#1374,#1375,#1376,#1377,
    #1378,#1379,#1380,#1381,#1382,#1383,#1384,#1385,#1386,#1387,#1388),
  .UNSPECIFIED.,.F.,.F.,(8,6,6,6,6,6,8),(0.,0.21858016321,0.499750960985
    ,0.74604953654,0.842636496739,0.895486512389,1.),.UNSPECIFIED.);
#1351 = CARTESIAN_POINT('',(10.5,-0.3689355767));
#1352 = CARTESIAN_POINT('',(10.202287288408,-0.3689355767));
#1353 = CARTESIAN_POINT('',(9.904561407424,-0.3645687276));
#1354 = CARTESIAN_POINT('',(9.607028096668,-0.3558344602));
#1355 = CARTESIAN_POINT('',(9.309810375194,-0.3433436076));
#1356 = CARTESIAN_POINT('',(9.012955483155,-0.3283143512));
#1357 = CARTESIAN_POINT('',(8.716454906227,-0.31226261));
#1358 = CARTESIAN_POINT('',(8.039230285102,-0.2771073013));
#1359 = CARTESIAN_POINT('',(7.658976286435,-0.2584598079));
#1360 = CARTESIAN_POINT('',(7.27889912033,-0.2445330774));
#1361 = CARTESIAN_POINT('',(6.898940479296,-0.2394137157));
#1362 = CARTESIAN_POINT('',(6.519606477681,-0.2473659305));
#1363 = CARTESIAN_POINT('',(6.141969723431,-0.2726261901));
#1364 = CARTESIAN_POINT('',(5.439879290818,-0.3612492335));
#1365 = CARTESIAN_POINT('',(5.115211319016,-0.419425636));
#1366 = CARTESIAN_POINT('',(4.794636842339,-0.4974617699));
#1367 = CARTESIAN_POINT('',(4.480593484249,-0.5985496601));
#1368 = CARTESIAN_POINT('',(4.176971401092,-0.725784983));
#1369 = CARTESIAN_POINT('',(3.888911776413,-0.8815768091));
#1370 = CARTESIAN_POINT('',(3.518572354772,-1.1405839099));
#1371 = CARTESIAN_POINT('',(3.417711379979,-1.2181473334));
#1372 = CARTESIAN_POINT('',(3.32073759423,-1.3003751457));
#1373 = CARTESIAN_POINT('',(3.228126910706,-1.3872788516));
#1374 = CARTESIAN_POINT('',(3.140393154154,-1.4788097275));
#1375 = CARTESIAN_POINT('',(3.058073346323,-1.5748441754));
#1376 = CARTESIAN_POINT('',(2.939923563993,-1.730059397));
#1377 = CARTESIAN_POINT('',(2.899922240499,-1.7862356352));
#1378 = CARTESIAN_POINT('',(2.861793974809,-1.8436576133));
#1379 = CARTESIAN_POINT('',(2.82562803211,-1.9022803658));
#1380 = CARTESIAN_POINT('',(2.791512112818,-1.9620501584));
#1381 = CARTESIAN_POINT('',(2.759530945341,-2.0229037422));
#1382 = CARTESIAN_POINT('',(2.670901028299,-2.2071064233));
#1383 = CARTESIAN_POINT('',(2.620678571635,-2.3334395956));
#1384 = CARTESIAN_POINT('',(2.579759107725,-2.4631428715));
#1385 = CARTESIAN_POINT('',(2.548667914026,-2.5955006107));
#1386 = CARTESIAN_POINT('',(2.527794831094,-2.7297083626));
#1387 = CARTESIAN_POINT('',(2.517362591223,-2.864871513));
#1388 = CARTESIAN_POINT('',(2.517362591223,-3.));
#1389 = ( GEOMETRIC_REPRESENTATION_CONTEXT(2) 
PARAMETRIC_REPRESENTATION_CONTEXT() REPRESENTATION_CONTEXT('2D SPACE',''
  ) );
#1390 = PCURVE('',#690,#1391);
#1391 = DEFINITIONAL_REPRESENTATION('',(#1392),#1425);
#1392 = B_SPLINE_CURVE_WITH_KNOTS('',7,(#1393,#1394,#1395,#1396,#1397,
    #1398,#1399,#1400,#1401,#1402,#1403,#1404,#1405,#1406,#1407,#1408,
    #1409,#1410,#1411,#1412,#1413,#1414,#1415,#1416,#1417,#1418,#1419,
    #1420,#1421,#1422,#1423,#1424),.UNSPECIFIED.,.F.,.F.,(8,6,6,6,6,8),(
    0.432249687165,0.499750961966,0.746049537298,0.842636497409,
    0.895486513011,0.977869769273),.UNSPECIFIED.);
#1393 = CARTESIAN_POINT('',(4.194739871597,4.816405377524));
#1394 = CARTESIAN_POINT('',(4.185226420966,4.832816208716));
#1395 = CARTESIAN_POINT('',(4.175843544973,4.849561900334));
#1396 = CARTESIAN_POINT('',(4.166592462528,4.86664077404));
#1397 = CARTESIAN_POINT('',(4.157474258133,4.884051970193));
#1398 = CARTESIAN_POINT('',(4.148489885021,4.901795543115));
#1399 = CARTESIAN_POINT('',(4.139640171797,4.919872580337));
#1400 = CARTESIAN_POINT('',(4.09912896472,5.005469886829));
#1401 = CARTESIAN_POINT('',(4.069190021849,5.077006891847));
#1402 = CARTESIAN_POINT('',(4.041113363862,5.153021848566));
#1403 = CARTESIAN_POINT('',(4.015002539658,5.233624178558));
#1404 = CARTESIAN_POINT('',(3.99099810771,5.318900171578));
#1405 = CARTESIAN_POINT('',(3.969244801182,5.408939832004));
#1406 = CARTESIAN_POINT('',(3.942347595469,5.54131349652));
#1407 = CARTESIAN_POINT('',(3.935150150419,5.579352677079));
#1408 = CARTESIAN_POINT('',(3.928345225071,5.618142233349));
#1409 = CARTESIAN_POINT('',(3.921947969379,5.657674041472));
#1410 = CARTESIAN_POINT('',(3.915974711577,5.6979330502));
#1411 = CARTESIAN_POINT('',(3.910442469133,5.738895625108));
#1412 = CARTESIAN_POINT('',(3.902592326238,5.803304637161));
#1413 = CARTESIAN_POINT('',(3.899953325711,5.826283057855));
#1414 = CARTESIAN_POINT('',(3.89745451243,5.849454413658));
#1415 = CARTESIAN_POINT('',(3.895098774551,5.87281126019));
#1416 = CARTESIAN_POINT('',(3.892888952741,5.896345000054));
#1417 = CARTESIAN_POINT('',(3.890827803674,5.9200456379));
#1418 = CARTESIAN_POINT('',(3.885940881167,5.981088402944));
#1419 = CARTESIAN_POINT('',(3.883330617984,6.018662908571));
#1420 = CARTESIAN_POINT('',(3.881098459171,6.056569871411));
#1421 = CARTESIAN_POINT('',(3.879253201212,6.094754814464));
#1422 = CARTESIAN_POINT('',(3.877801891408,6.133162070978));
#1423 = CARTESIAN_POINT('',(3.876749826946,6.171731494018));
#1424 = CARTESIAN_POINT('',(3.876099813513,6.210393769341));
#1425 = ( GEOMETRIC_REPRESENTATION_CONTEXT(2) 
PARAMETRIC_REPRESENTATION_CONTEXT() REPRESENTATION_CONTEXT('2D SPACE',''
  ) );
#1426 = ORIENTED_EDGE('',*,*,#1427,.F.);
#1427 = EDGE_CURVE('',#1282,#1306,#1428,.T.);
#1428 = SURFACE_CURVE('',#1429,(#1433,#1440),.PCURVE_S1.);
#1429 = LINE('',#1430,#1431);
#1430 = CARTESIAN_POINT('',(128.,-173.7,18.5));
#1431 = VECTOR('',#1432,1.);
#1432 = DIRECTION('',(0.,0.,1.));
#1433 = PCURVE('',#329,#1434);
#1434 = DEFINITIONAL_REPRESENTATION('',(#1435),#1439);
#1435 = LINE('',#1436,#1437);
#1436 = CARTESIAN_POINT('',(2.5,-0.8));
#1437 = VECTOR('',#1438,1.);
#1438 = DIRECTION('',(1.,0.));
#1439 = ( GEOMETRIC_REPRESENTATION_CONTEXT(2) 
PARAMETRIC_REPRESENTATION_CONTEXT() REPRESENTATION_CONTEXT('2D SPACE',''
  ) );
#1440 = PCURVE('',#1028,#1441);
#1441 = DEFINITIONAL_REPRESENTATION('',(#1442),#1446);
#1442 = LINE('',#1443,#1444);
#1443 = CARTESIAN_POINT('',(1.570796326795,0.));
#1444 = VECTOR('',#1445,1.);
#1445 = DIRECTION('',(0.,1.));
#1446 = ( GEOMETRIC_REPRESENTATION_CONTEXT(2) 
PARAMETRIC_REPRESENTATION_CONTEXT() REPRESENTATION_CONTEXT('2D SPACE',''
  ) );
#1447 = ADVANCED_FACE('',(#1448),#362,.T.);
#1448 = FACE_BOUND('',#1449,.T.);
#1449 = EDGE_LOOP('',(#1450,#1451,#1452,#1474));
#1450 = ORIENTED_EDGE('',*,*,#341,.T.);
#1451 = ORIENTED_EDGE('',*,*,#1281,.F.);
#1452 = ORIENTED_EDGE('',*,*,#1453,.F.);
#1453 = EDGE_CURVE('',#879,#1282,#1454,.T.);
#1454 = SURFACE_CURVE('',#1455,(#1460,#1467),.PCURVE_S1.);
#1455 = CIRCLE('',#1456,2.5);
#1456 = AXIS2_PLACEMENT_3D('',#1457,#1458,#1459);
#1457 = CARTESIAN_POINT('',(125.5,-173.7,18.5));
#1458 = DIRECTION('',(0.,-1.,0.));
#1459 = DIRECTION('',(0.,0.,-1.));
#1460 = PCURVE('',#362,#1461);
#1461 = DEFINITIONAL_REPRESENTATION('',(#1462),#1466);
#1462 = LINE('',#1463,#1464);
#1463 = CARTESIAN_POINT('',(6.28318530718,0.8));
#1464 = VECTOR('',#1465,1.);
#1465 = DIRECTION('',(-1.,0.));
#1466 = ( GEOMETRIC_REPRESENTATION_CONTEXT(2) 
PARAMETRIC_REPRESENTATION_CONTEXT() REPRESENTATION_CONTEXT('2D SPACE',''
  ) );
#1467 = PCURVE('',#1061,#1468);
#1468 = DEFINITIONAL_REPRESENTATION('',(#1469),#1473);
#1469 = LINE('',#1470,#1471);
#1470 = CARTESIAN_POINT('',(6.28318530718,6.28318530718));
#1471 = VECTOR('',#1472,1.);
#1472 = DIRECTION('',(-1.,0.));
#1473 = ( GEOMETRIC_REPRESENTATION_CONTEXT(2) 
PARAMETRIC_REPRESENTATION_CONTEXT() REPRESENTATION_CONTEXT('2D SPACE',''
  ) );
#1474 = ORIENTED_EDGE('',*,*,#901,.T.);
#1475 = ADVANCED_FACE('',(#1476),#690,.F.);
#1476 = FACE_BOUND('',#1477,.F.);
#1477 = EDGE_LOOP('',(#1478,#1572,#1593,#1594,#1595));
#1478 = ORIENTED_EDGE('',*,*,#1479,.F.);
#1479 = EDGE_CURVE('',#1480,#1482,#1484,.T.);
#1480 = VERTEX_POINT('',#1481);
#1481 = CARTESIAN_POINT('',(124.53463549614,-172.1770022611,26.5));
#1482 = VERTEX_POINT('',#1483);
#1483 = CARTESIAN_POINT('',(127.80531251513,-174.2230647738,
    22.549148345508));
#1484 = SURFACE_CURVE('',#1485,(#1512,#1542),.PCURVE_S1.);
#1485 = B_SPLINE_CURVE_WITH_KNOTS('',7,(#1486,#1487,#1488,#1489,#1490,
    #1491,#1492,#1493,#1494,#1495,#1496,#1497,#1498,#1499,#1500,#1501,
    #1502,#1503,#1504,#1505,#1506,#1507,#1508,#1509,#1510,#1511),
  .UNSPECIFIED.,.F.,.F.,(8,6,6,6,8),(0.,0.198720524627,0.423295183646,
    0.736946968186,1.),.UNSPECIFIED.);
#1486 = CARTESIAN_POINT('',(124.53463549614,-172.1770022611,26.5));
#1487 = CARTESIAN_POINT('',(124.57762734942,-172.3462616067,
    26.416632038929));
#1488 = CARTESIAN_POINT('',(124.63294227035,-172.5084873355,
    26.311234309818));
#1489 = CARTESIAN_POINT('',(124.69985041245,-172.6622209227,
    26.187027166831));
#1490 = CARTESIAN_POINT('',(124.77759399223,-172.8067784537,
    26.047643705326));
#1491 = CARTESIAN_POINT('',(124.86545982436,-172.941920991,
    25.896358326464));
#1492 = CARTESIAN_POINT('',(124.96278148453,-173.0677623199,
    25.735915980129));
#1493 = CARTESIAN_POINT('',(125.18937251999,-173.3167201853,
    25.378999646227));
#1494 = CARTESIAN_POINT('',(125.32106584574,-173.4372592525,
    25.180687689871));
#1495 = CARTESIAN_POINT('',(125.4636211275,-173.5467646814,
    24.976400461713));
#1496 = CARTESIAN_POINT('',(125.61645498015,-173.645697107,
    24.768577687285));
#1497 = CARTESIAN_POINT('',(125.77897181817,-173.7345587993,
    24.559202621273));
#1498 = CARTESIAN_POINT('',(125.95063677754,-173.8138618676,
    24.349824792144));
#1499 = CARTESIAN_POINT('',(126.38303037277,-173.9822363383,
    23.850822094238));
#1500 = CARTESIAN_POINT('',(126.65190289361,-174.0626374713,
    23.562510745065));
#1501 = CARTESIAN_POINT('',(126.93635713669,-174.1266743505,
    23.280087167035));
#1502 = CARTESIAN_POINT('',(127.23497669109,-174.1755434996,
    23.006131808305));
#1503 = CARTESIAN_POINT('',(127.54631066982,-174.2104780955,
    22.742580933827));
#1504 = CARTESIAN_POINT('',(127.86898766039,-174.2327401894,
    22.49084047085));
#1505 = CARTESIAN_POINT('',(128.480934551,-174.2528172599,
    22.051521374877));
#1506 = CARTESIAN_POINT('',(128.76716799186,-174.253995673,
    21.86016380342));
#1507 = CARTESIAN_POINT('',(129.05978370581,-174.2479809666,
    21.678429565817));
#1508 = CARTESIAN_POINT('',(129.3581111627,-174.2355906627,
    21.506730560299));
#1509 = CARTESIAN_POINT('',(129.66155808993,-174.2176895537,
    21.345338002002));
#1510 = CARTESIAN_POINT('',(129.96963431397,-174.195200265,
    21.194421597135));
#1511 = CARTESIAN_POINT('',(130.28197378395,-174.1691083865,
    21.054086692366));
#1512 = PCURVE('',#690,#1513);
#1513 = DEFINITIONAL_REPRESENTATION('',(#1514),#1541);
#1514 = B_SPLINE_CURVE_WITH_KNOTS('',7,(#1515,#1516,#1517,#1518,#1519,
    #1520,#1521,#1522,#1523,#1524,#1525,#1526,#1527,#1528,#1529,#1530,
    #1531,#1532,#1533,#1534,#1535,#1536,#1537,#1538,#1539,#1540),
  .UNSPECIFIED.,.F.,.F.,(8,6,6,6,8),(0.,0.198720524627,0.423295183646,
    0.736946968186,1.),.UNSPECIFIED.);
#1515 = CARTESIAN_POINT('',(4.712388980385,6.034445609603));
#1516 = CARTESIAN_POINT('',(4.704572279789,5.970942345666));
#1517 = CARTESIAN_POINT('',(4.694616512055,5.908883001439));
#1518 = CARTESIAN_POINT('',(4.682751064446,5.848494036646));
#1519 = CARTESIAN_POINT('',(4.669226725153,5.789832465898));
#1520 = CARTESIAN_POINT('',(4.654263746771,5.732896948624));
#1521 = CARTESIAN_POINT('',(4.638044152003,5.677615712814));
#1522 = CARTESIAN_POINT('',(4.601069335147,5.563078078362));
#1523 = CARTESIAN_POINT('',(4.580012448326,5.504282948128));
#1524 = CARTESIAN_POINT('',(4.55769022187,5.447248567094));
#1525 = CARTESIAN_POINT('',(4.534237133786,5.39183538613));
#1526 = CARTESIAN_POINT('',(4.50975728101,5.337920498548));
#1527 = CARTESIAN_POINT('',(4.484323530277,5.285391708041));
#1528 = CARTESIAN_POINT('',(4.421172186603,5.162542685977));
#1529 = CARTESIAN_POINT('',(4.38260928209,5.093479584457));
#1530 = CARTESIAN_POINT('',(4.342419957279,5.026677061228));
#1531 = CARTESIAN_POINT('',(4.300694574129,4.962005309851));
#1532 = CARTESIAN_POINT('',(4.257495359213,4.899390292779));
#1533 = CARTESIAN_POINT('',(4.212863011705,4.838814602243));
#1534 = CARTESIAN_POINT('',(4.128202278922,4.731240648657));
#1535 = CARTESIAN_POINT('',(4.088596616026,4.683633506289));
#1536 = CARTESIAN_POINT('',(4.048016190252,4.637506860149));
#1537 = CARTESIAN_POINT('',(4.006470291081,4.5929099031));
#1538 = CARTESIAN_POINT('',(3.963965703329,4.549920910893));
#1539 = CARTESIAN_POINT('',(3.920507770463,4.508649429065));
#1540 = CARTESIAN_POINT('',(3.876099812871,4.469240949428));
#1541 = ( GEOMETRIC_REPRESENTATION_CONTEXT(2) 
PARAMETRIC_REPRESENTATION_CONTEXT() REPRESENTATION_CONTEXT('2D SPACE',''
  ) );
#1542 = PCURVE('',#636,#1543);
#1543 = DEFINITIONAL_REPRESENTATION('',(#1544),#1571);
#1544 = B_SPLINE_CURVE_WITH_KNOTS('',7,(#1545,#1546,#1547,#1548,#1549,
    #1550,#1551,#1552,#1553,#1554,#1555,#1556,#1557,#1558,#1559,#1560,
    #1561,#1562,#1563,#1564,#1565,#1566,#1567,#1568,#1569,#1570),
  .UNSPECIFIED.,.F.,.F.,(8,6,6,6,8),(0.,0.198720524627,0.423295183646,
    0.736946968186,1.),.UNSPECIFIED.);
#1545 = CARTESIAN_POINT('',(4.236269919473,9.322997738843));
#1546 = CARTESIAN_POINT('',(4.228453218877,9.153738393266));
#1547 = CARTESIAN_POINT('',(4.218534213526,8.991512664428));
#1548 = CARTESIAN_POINT('',(4.20677848848,8.837779077241));
#1549 = CARTESIAN_POINT('',(4.193481508791,8.693221546253));
#1550 = CARTESIAN_POINT('',(4.178906287813,8.558079008928));
#1551 = CARTESIAN_POINT('',(4.163271879724,8.432237680094));
#1552 = CARTESIAN_POINT('',(4.128041214542,8.18327981467));
#1553 = CARTESIAN_POINT('',(4.108207382965,8.062740747434));
#1554 = CARTESIAN_POINT('',(4.087457371633,7.953235318596));
#1555 = CARTESIAN_POINT('',(4.065972323754,7.854302892987));
#1556 = CARTESIAN_POINT('',(4.043897476958,7.76544120065));
#1557 = CARTESIAN_POINT('',(4.021342994299,7.686138132305));
#1558 = CARTESIAN_POINT('',(3.966319772326,7.517763661603));
#1559 = CARTESIAN_POINT('',(3.93348932752,7.437362528642));
#1560 = CARTESIAN_POINT('',(3.90012552123,7.373325649473));
#1561 = CARTESIAN_POINT('',(3.866402708151,7.32445650033));
#1562 = CARTESIAN_POINT('',(3.832453726199,7.289521904434));
#1563 = CARTESIAN_POINT('',(3.798375857013,7.267259810598));
#1564 = CARTESIAN_POINT('',(3.735599785348,7.247182740018));
#1565 = CARTESIAN_POINT('',(3.706923486884,7.246004326978));
#1566 = CARTESIAN_POINT('',(3.678244470076,7.252019033337));
#1567 = CARTESIAN_POINT('',(3.649589300649,7.264409337243));
#1568 = CARTESIAN_POINT('',(3.620973316219,7.28231044626));
#1569 = CARTESIAN_POINT('',(3.592401189024,7.304799734924));
#1570 = CARTESIAN_POINT('',(3.56386638693,7.330891613446));
#1571 = ( GEOMETRIC_REPRESENTATION_CONTEXT(2) 
PARAMETRIC_REPRESENTATION_CONTEXT() REPRESENTATION_CONTEXT('2D SPACE',''
  ) );
#1572 = ORIENTED_EDGE('',*,*,#1573,.F.);
#1573 = EDGE_CURVE('',#649,#1480,#1574,.T.);
#1574 = SURFACE_CURVE('',#1575,(#1580,#1586),.PCURVE_S1.);
#1575 = CIRCLE('',#1576,2.75);
#1576 = AXIS2_PLACEMENT_3D('',#1577,#1578,#1579);
#1577 = CARTESIAN_POINT('',(127.2,-171.5,26.5));
#1578 = DIRECTION('',(0.,0.,1.));
#1579 = DIRECTION('',(1.,0.,0.));
#1580 = PCURVE('',#690,#1581);
#1581 = DEFINITIONAL_REPRESENTATION('',(#1582),#1585);
#1582 = B_SPLINE_CURVE_WITH_KNOTS('',1,(#1583,#1584),.UNSPECIFIED.,.F.,
  .F.,(2,2),(3.14159265359,6.28318530718),.PIECEWISE_BEZIER_KNOTS.);
#1583 = CARTESIAN_POINT('',(4.712388980385,6.28318530718));
#1584 = CARTESIAN_POINT('',(4.712388980385,3.14159265359));
#1585 = ( GEOMETRIC_REPRESENTATION_CONTEXT(2) 
PARAMETRIC_REPRESENTATION_CONTEXT() REPRESENTATION_CONTEXT('2D SPACE',''
  ) );
#1586 = PCURVE('',#664,#1587);
#1587 = DEFINITIONAL_REPRESENTATION('',(#1588),#1592);
#1588 = LINE('',#1589,#1590);
#1589 = CARTESIAN_POINT('',(0.,0.));
#1590 = VECTOR('',#1591,1.);
#1591 = DIRECTION('',(1.,0.));
#1592 = ( GEOMETRIC_REPRESENTATION_CONTEXT(2) 
PARAMETRIC_REPRESENTATION_CONTEXT() REPRESENTATION_CONTEXT('2D SPACE',''
  ) );
#1593 = ORIENTED_EDGE('',*,*,#675,.F.);
#1594 = ORIENTED_EDGE('',*,*,#1305,.F.);
#1595 = ORIENTED_EDGE('',*,*,#1596,.F.);
#1596 = EDGE_CURVE('',#1482,#1306,#1597,.T.);
#1597 = SURFACE_CURVE('',#1598,(#1636,#1663),.PCURVE_S1.);
#1598 = B_SPLINE_CURVE_WITH_KNOTS('',8,(#1599,#1600,#1601,#1602,#1603,
    #1604,#1605,#1606,#1607,#1608,#1609,#1610,#1611,#1612,#1613,#1614,
    #1615,#1616,#1617,#1618,#1619,#1620,#1621,#1622,#1623,#1624,#1625,
    #1626,#1627,#1628,#1629,#1630,#1631,#1632,#1633,#1634,#1635),
  .UNSPECIFIED.,.F.,.F.,(9,7,7,7,7,9),(0.,0.232475855736,0.51839318847,
    0.759987085529,0.951304230131,1.),.UNSPECIFIED.);
#1599 = CARTESIAN_POINT('',(127.84410389783,-174.1744788391,
    26.255728090001));
#1600 = CARTESIAN_POINT('',(127.84280146431,-174.1762468895,
    26.072350689142));
#1601 = CARTESIAN_POINT('',(127.84039529125,-174.1795016838,
    25.889012635265));
#1602 = CARTESIAN_POINT('',(127.83692711766,-174.1841520365,
    25.705760590611));
#1603 = CARTESIAN_POINT('',(127.83249003123,-174.190000552,
    25.522621137477));
#1604 = CARTESIAN_POINT('',(127.82723261712,-174.1967504707,
    25.339601353779));
#1605 = CARTESIAN_POINT('',(127.82137619042,-174.2040359875,
    25.156690151784));
#1606 = CARTESIAN_POINT('',(127.81521963733,-174.2114623306,
    24.973860478634));
#1607 = CARTESIAN_POINT('',(127.80158783182,-174.2274718741,
    24.566265227422));
#1608 = CARTESIAN_POINT('',(127.79413568229,-174.2359274838,
    24.341533362717));
#1609 = CARTESIAN_POINT('',(127.78738638328,-174.243291036,
    24.116784299965));
#1610 = CARTESIAN_POINT('',(127.7820904965,-174.2488431819,
    23.891968201898));
#1611 = CARTESIAN_POINT('',(127.7790182918,-174.2519905639,
    23.667084929454));
#1612 = CARTESIAN_POINT('',(127.77877440226,-174.25227552,
    23.442193744085));
#1613 = CARTESIAN_POINT('',(127.78166481528,-174.2493148042,
    23.217418893628));
#1614 = CARTESIAN_POINT('',(127.79290931846,-174.2371370096,
    22.803268018179));
#1615 = CARTESIAN_POINT('',(127.80034595215,-174.2289619232,
    22.613825027136));
#1616 = CARTESIAN_POINT('',(127.81010849693,-174.2179522573,
    22.424710110714));
#1617 = CARTESIAN_POINT('',(127.82210820845,-174.2038710965,
    22.236033122055));
#1618 = CARTESIAN_POINT('',(127.83613505997,-174.186442035,
    22.047925299039));
#1619 = CARTESIAN_POINT('',(127.85188262622,-174.1653326657,
    21.860543127335));
#1620 = CARTESIAN_POINT('',(127.86895070824,-174.1401298515,
    21.67407393999));
#1621 = CARTESIAN_POINT('',(127.9009081554,-174.0866343632,
    21.341988356067));
#1622 = CARTESIAN_POINT('',(127.91550062561,-174.0600940781,
    21.196058736428));
#1623 = CARTESIAN_POINT('',(127.93029828109,-174.0303686965,
    21.050959723038));
#1624 = CARTESIAN_POINT('',(127.94496213935,-173.9971122419,
    20.906809366586));
#1625 = CARTESIAN_POINT('',(127.95908098116,-173.9599302307,
    20.76383411819));
#1626 = CARTESIAN_POINT('',(127.97206380166,-173.9183111557,
    20.622407680812));
#1627 = CARTESIAN_POINT('',(127.98317727849,-173.8716668028,
    20.483029085934));
#1628 = CARTESIAN_POINT('',(127.99311566251,-173.8055996465,
    20.311729834227));
#1629 = CARTESIAN_POINT('',(127.99492492864,-173.7918081091,
    20.277165563352));
#1630 = CARTESIAN_POINT('',(127.99650508338,-173.777613735,
    20.242806406201));
#1631 = CARTESIAN_POINT('',(127.99783185373,-173.7630004293,
    20.208670447594));
#1632 = CARTESIAN_POINT('',(127.99887797707,-173.7479512467,
    20.17477939299));
#1633 = CARTESIAN_POINT('',(127.99961248714,-173.7324480946,
    20.141158905149));
#1634 = CARTESIAN_POINT('',(128.,-173.7164714375,20.107838940792));
#1635 = CARTESIAN_POINT('',(128.,-173.7,20.07485408726));
#1636 = PCURVE('',#690,#1637);
#1637 = DEFINITIONAL_REPRESENTATION('',(#1638),#1662);
#1638 = B_SPLINE_CURVE_WITH_KNOTS('',8,(#1639,#1640,#1641,#1642,#1643,
    #1644,#1645,#1646,#1647,#1648,#1649,#1650,#1651,#1652,#1653,#1654,
    #1655,#1656,#1657,#1658,#1659,#1660,#1661),.UNSPECIFIED.,.F.,.F.,(9,
    7,7,9),(0.589163829332,0.759987085529,0.951304230131,1.),
  .UNSPECIFIED.);
#1639 = CARTESIAN_POINT('',(4.221693023325,4.852465100116));
#1640 = CARTESIAN_POINT('',(4.207243957107,4.873348701756));
#1641 = CARTESIAN_POINT('',(4.192979409789,4.894645101581));
#1642 = CARTESIAN_POINT('',(4.178903508589,4.916368645344));
#1643 = CARTESIAN_POINT('',(4.165022314952,4.938543261067));
#1644 = CARTESIAN_POINT('',(4.151344010556,4.961201344542));
#1645 = CARTESIAN_POINT('',(4.137878953227,4.984383187425));
#1646 = CARTESIAN_POINT('',(4.124639938407,5.008138253935));
#1647 = CARTESIAN_POINT('',(4.097086805873,5.059847233262));
#1648 = CARTESIAN_POINT('',(4.082845472631,5.087942067448));
#1649 = CARTESIAN_POINT('',(4.068929607347,5.116920679287));
#1650 = CARTESIAN_POINT('',(4.055366272502,5.146899111561));
#1651 = CARTESIAN_POINT('',(4.042196513409,5.177998779964));
#1652 = CARTESIAN_POINT('',(4.029483844521,5.21037648382));
#1653 = CARTESIAN_POINT('',(4.017308740277,5.244210004192));
#1654 = CARTESIAN_POINT('',(4.002881738831,5.28890795633));
#1655 = CARTESIAN_POINT('',(3.999998975982,5.298091210971));
#1656 = CARTESIAN_POINT('',(3.997162936146,5.307394141644));
#1657 = CARTESIAN_POINT('',(3.994376428512,5.316821838565));
#1658 = CARTESIAN_POINT('',(3.991642714803,5.32637952918));
#1659 = CARTESIAN_POINT('',(3.988965571242,5.336072730217));
#1660 = CARTESIAN_POINT('',(3.986349350509,5.345907399736));
#1661 = CARTESIAN_POINT('',(3.983799043704,5.355890089178));
#1662 = ( GEOMETRIC_REPRESENTATION_CONTEXT(2) 
PARAMETRIC_REPRESENTATION_CONTEXT() REPRESENTATION_CONTEXT('2D SPACE',''
  ) );
#1663 = PCURVE('',#1028,#1664);
#1664 = DEFINITIONAL_REPRESENTATION('',(#1665),#1689);
#1665 = B_SPLINE_CURVE_WITH_KNOTS('',8,(#1666,#1667,#1668,#1669,#1670,
    #1671,#1672,#1673,#1674,#1675,#1676,#1677,#1678,#1679,#1680,#1681,
    #1682,#1683,#1684,#1685,#1686,#1687,#1688),.UNSPECIFIED.,.F.,.F.,(9,
    7,7,9),(0.589163829332,0.759987085529,0.951304230131,1.),
  .UNSPECIFIED.);
#1666 = CARTESIAN_POINT('',(0.85815978742,4.049148345585));
#1667 = CARTESIAN_POINT('',(0.871406295594,3.915503832364));
#1668 = CARTESIAN_POINT('',(0.886983558445,3.78207040898));
#1669 = CARTESIAN_POINT('',(0.904943828931,3.648891140809));
#1670 = CARTESIAN_POINT('',(0.925330098913,3.516014493848));
#1671 = CARTESIAN_POINT('',(0.948186680273,3.383495266208));
#1672 = CARTESIAN_POINT('',(0.973570522734,3.251395515427));
#1673 = CARTESIAN_POINT('',(1.00156541564,3.119785859221));
#1674 = CARTESIAN_POINT('',(1.066724440912,2.841988356067));
#1675 = CARTESIAN_POINT('',(1.104559758786,2.696058736428));
#1676 = CARTESIAN_POINT('',(1.146004709312,2.550959723038));
#1677 = CARTESIAN_POINT('',(1.19133548757,2.406809366586));
#1678 = CARTESIAN_POINT('',(1.240887600831,2.26383411819));
#1679 = CARTESIAN_POINT('',(1.295194566419,2.122407680813));
#1680 = CARTESIAN_POINT('',(1.354918036149,1.983029085934));
#1681 = CARTESIAN_POINT('',(1.438431139806,1.811729834227));
#1682 = CARTESIAN_POINT('',(1.45581512481,1.777165563352));
#1683 = CARTESIAN_POINT('',(1.473661976385,1.742806406201));
#1684 = CARTESIAN_POINT('',(1.491995995196,1.708670447594));
#1685 = CARTESIAN_POINT('',(1.510843985779,1.67477939299));
#1686 = CARTESIAN_POINT('',(1.530236158218,1.641158905149));
#1687 = CARTESIAN_POINT('',(1.550207029821,1.607838940792));
#1688 = CARTESIAN_POINT('',(1.570796326795,1.57485408726));
#1689 = ( GEOMETRIC_REPRESENTATION_CONTEXT(2) 
PARAMETRIC_REPRESENTATION_CONTEXT() REPRESENTATION_CONTEXT('2D SPACE',''
  ) );
#1690 = ADVANCED_FACE('',(#1691),#664,.F.);
#1691 = FACE_BOUND('',#1692,.F.);
#1692 = EDGE_LOOP('',(#1693,#1694,#1724));
#1693 = ORIENTED_EDGE('',*,*,#1573,.T.);
#1694 = ORIENTED_EDGE('',*,*,#1695,.F.);
#1695 = EDGE_CURVE('',#620,#1480,#1696,.T.);
#1696 = SURFACE_CURVE('',#1697,(#1704,#1714),.PCURVE_S1.);
#1697 = B_SPLINE_CURVE_WITH_KNOTS('',5,(#1698,#1699,#1700,#1701,#1702,
    #1703),.UNSPECIFIED.,.F.,.F.,(6,6),(0.,1.),
  .PIECEWISE_BEZIER_KNOTS.);
#1698 = CARTESIAN_POINT('',(124.45728236962,-171.7,26.652662539739));
#1699 = CARTESIAN_POINT('',(124.46457158025,-171.7999612326,
    26.638018629152));
#1700 = CARTESIAN_POINT('',(124.47630986368,-171.8981512485,
    26.614499593266));
#1701 = CARTESIAN_POINT('',(124.49219952905,-171.9941054518,
    26.58285239323));
#1702 = CARTESIAN_POINT('',(124.51184352155,-172.0872702068,
    26.544197215131));
#1703 = CARTESIAN_POINT('',(124.53463580556,-172.1770034793,26.4999994)
  );
#1704 = PCURVE('',#664,#1705);
#1705 = DEFINITIONAL_REPRESENTATION('',(#1706),#1713);
#1706 = B_SPLINE_CURVE_WITH_KNOTS('',5,(#1707,#1708,#1709,#1710,#1711,
    #1712),.UNSPECIFIED.,.F.,.F.,(6,6),(0.,1.),
  .PIECEWISE_BEZIER_KNOTS.);
#1707 = CARTESIAN_POINT('',(3.214384191593,0.152662539739));
#1708 = CARTESIAN_POINT('',(3.250830244789,0.138018629152));
#1709 = CARTESIAN_POINT('',(3.286751655849,0.114499593266));
#1710 = CARTESIAN_POINT('',(3.322072462974,8.285239322983E-02));
#1711 = CARTESIAN_POINT('',(3.356666387418,4.419721513051E-02));
#1712 = CARTESIAN_POINT('',(3.390332808199,-6.E-07));
#1713 = ( GEOMETRIC_REPRESENTATION_CONTEXT(2) 
PARAMETRIC_REPRESENTATION_CONTEXT() REPRESENTATION_CONTEXT('2D SPACE',''
  ) );
#1714 = PCURVE('',#636,#1715);
#1715 = DEFINITIONAL_REPRESENTATION('',(#1716),#1723);
#1716 = B_SPLINE_CURVE_WITH_KNOTS('',5,(#1717,#1718,#1719,#1720,#1721,
    #1722),.UNSPECIFIED.,.F.,.F.,(6,6),(0.,1.),
  .PIECEWISE_BEZIER_KNOTS.);
#1717 = CARTESIAN_POINT('',(4.250531818425,9.8));
#1718 = CARTESIAN_POINT('',(4.249168670748,9.700038767341));
#1719 = CARTESIAN_POINT('',(4.246978204903,9.601848751456));
#1720 = CARTESIAN_POINT('',(4.24402720122,9.505894548158));
#1721 = CARTESIAN_POINT('',(4.240413914401,9.412729793188));
#1722 = CARTESIAN_POINT('',(4.236269863216,9.322996520683));
#1723 = ( GEOMETRIC_REPRESENTATION_CONTEXT(2) 
PARAMETRIC_REPRESENTATION_CONTEXT() REPRESENTATION_CONTEXT('2D SPACE',''
  ) );
#1724 = ORIENTED_EDGE('',*,*,#648,.F.);
#1725 = ADVANCED_FACE('',(#1726),#636,.F.);
#1726 = FACE_BOUND('',#1727,.F.);
#1727 = EDGE_LOOP('',(#1728,#1729,#1827,#1828,#1849,#1850));
#1728 = ORIENTED_EDGE('',*,*,#1479,.T.);
#1729 = ORIENTED_EDGE('',*,*,#1730,.F.);
#1730 = EDGE_CURVE('',#987,#1482,#1731,.T.);
#1731 = SURFACE_CURVE('',#1732,(#1765,#1796),.PCURVE_S1.);
#1732 = B_SPLINE_CURVE_WITH_KNOTS('',6,(#1733,#1734,#1735,#1736,#1737,
    #1738,#1739,#1740,#1741,#1742,#1743,#1744,#1745,#1746,#1747,#1748,
    #1749,#1750,#1751,#1752,#1753,#1754,#1755,#1756,#1757,#1758,#1759,
    #1760,#1761,#1762,#1763,#1764),.UNSPECIFIED.,.F.,.F.,(7,5,5,5,5,5,7)
  ,(0.,0.236433738533,0.363291192449,0.448441759902,0.510570084997,
    0.677862303986,1.),.UNSPECIFIED.);
#1733 = CARTESIAN_POINT('',(127.2,-174.5,23.055728090001));
#1734 = CARTESIAN_POINT('',(127.24697388709,-174.5,23.013713368116));
#1735 = CARTESIAN_POINT('',(127.29417750381,-174.4966901234,
    22.972025973186));
#1736 = CARTESIAN_POINT('',(127.34135938196,-174.490009898,
    22.930889653552));
#1737 = CARTESIAN_POINT('',(127.38823875742,-174.4799133507,
    22.890534599517));
#1738 = CARTESIAN_POINT('',(127.43450864583,-174.4663856795,
    22.851194070132));
#1739 = CARTESIAN_POINT('',(127.50416067078,-174.4403784886,
    22.79266236607));
#1740 = CARTESIAN_POINT('',(127.52821206674,-174.4303189488,
    22.772582774629));
#1741 = CARTESIAN_POINT('',(127.55194167846,-174.4192861932,
    22.752898541794));
#1742 = CARTESIAN_POINT('',(127.57529732756,-174.4072896352,
    22.733645191318));
#1743 = CARTESIAN_POINT('',(127.59822608477,-174.3943432149,
    22.714857474567));
#1744 = CARTESIAN_POINT('',(127.63574217209,-174.3711501875,
    22.684293840865));
#1745 = CARTESIAN_POINT('',(127.65059366367,-174.3614153713,
    22.672243347014));
#1746 = CARTESIAN_POINT('',(127.66521256907,-174.3512666116,
    22.660428127103));
#1747 = CARTESIAN_POINT('',(127.67958288704,-174.3407105753,
    22.648858081675));
#1748 = CARTESIAN_POINT('',(127.69368879066,-174.3297549336,
    22.637542773682));
#1749 = CARTESIAN_POINT('',(127.71760235898,-174.3101295752,
    22.618428046311));
#1750 = CARTESIAN_POINT('',(127.72754101873,-174.3016426683,
    22.610505174658));
#1751 = CARTESIAN_POINT('',(127.73732454182,-174.2929510159,
    22.602726388692));
#1752 = CARTESIAN_POINT('',(127.74694698227,-174.2840582653,
    22.595095136533));
#1753 = CARTESIAN_POINT('',(127.75640251282,-174.274968337,
    22.587614739251));
#1754 = CARTESIAN_POINT('',(127.79068141454,-174.2406894353,
    22.560560817721));
#1755 = CARTESIAN_POINT('',(127.81442630943,-174.2142937248,
    22.541949822359));
#1756 = CARTESIAN_POINT('',(127.8368079401,-174.1865809854,
    22.524518451643));
#1757 = CARTESIAN_POINT('',(127.85772364191,-174.1576463384,
    22.508321102329));
#1758 = CARTESIAN_POINT('',(127.87708160768,-174.1275962435,
    22.493404124622));
#1759 = CARTESIAN_POINT('',(127.92892506915,-174.0367598078,
    22.45362271308));
#1760 = CARTESIAN_POINT('',(127.95698084072,-173.9732618866,
    22.432327667051));
#1761 = CARTESIAN_POINT('',(127.97839533228,-173.9068920445,
    22.41620350638));
#1762 = CARTESIAN_POINT('',(127.99279946498,-173.8385773485,
    22.405400398791));
#1763 = CARTESIAN_POINT('',(128.,-173.7692844927,22.4));
#1764 = CARTESIAN_POINT('',(128.,-173.7,22.4));
#1765 = PCURVE('',#636,#1766);
#1766 = DEFINITIONAL_REPRESENTATION('',(#1767),#1795);
#1767 = B_SPLINE_CURVE_WITH_KNOTS('',6,(#1768,#1769,#1770,#1771,#1772,
    #1773,#1774,#1775,#1776,#1777,#1778,#1779,#1780,#1781,#1782,#1783,
    #1784,#1785,#1786,#1787,#1788,#1789,#1790,#1791,#1792,#1793,#1794),
  .UNSPECIFIED.,.F.,.F.,(7,5,5,5,5,7),(0.,0.236433738533,0.363291192449,
    0.448441759902,0.510570084997,0.55639363916),.UNSPECIFIED.);
#1768 = CARTESIAN_POINT('',(3.871320309817,7.));
#1769 = CARTESIAN_POINT('',(3.866068469581,7.));
#1770 = CARTESIAN_POINT('',(3.86082054507,7.003309876537));
#1771 = CARTESIAN_POINT('',(3.85560432512,7.00999010193));
#1772 = CARTESIAN_POINT('',(3.850449778544,7.020086649264));
#1773 = CARTESIAN_POINT('',(3.845388722835,7.033614320488));
#1774 = CARTESIAN_POINT('',(3.837807054079,7.059621511323));
#1775 = CARTESIAN_POINT('',(3.8351961139,7.069681051149));
#1776 = CARTESIAN_POINT('',(3.832626864961,7.080713806789));
#1777 = CARTESIAN_POINT('',(3.830104512508,7.092710364704));
#1778 = CARTESIAN_POINT('',(3.827634274404,7.105656785005));
#1779 = CARTESIAN_POINT('',(3.823601774049,7.128849812423));
#1780 = CARTESIAN_POINT('',(3.822007993232,7.138584628685));
#1781 = CARTESIAN_POINT('',(3.820441614924,7.148733388326));
#1782 = CARTESIAN_POINT('',(3.818904187644,7.159289424692));
#1783 = CARTESIAN_POINT('',(3.817397232187,7.170245066394));
#1784 = CARTESIAN_POINT('',(3.814846045708,7.189870424729));
#1785 = CARTESIAN_POINT('',(3.813786864372,7.198357331653));
#1786 = CARTESIAN_POINT('',(3.812745276173,7.207048984059));
#1787 = CARTESIAN_POINT('',(3.811721845679,7.215941734663));
#1788 = CARTESIAN_POINT('',(3.810717123475,7.225031662926));
#1789 = CARTESIAN_POINT('',(3.809004794546,7.241161307614));
#1790 = CARTESIAN_POINT('',(3.808288408339,7.248113059089));
#1791 = CARTESIAN_POINT('',(3.807582704526,7.255168130047));
#1792 = CARTESIAN_POINT('',(3.806887894188,7.262324751093));
#1793 = CARTESIAN_POINT('',(3.806204182406,7.269581084544));
#1794 = CARTESIAN_POINT('',(3.80553176816,7.276935226116));
#1795 = ( GEOMETRIC_REPRESENTATION_CONTEXT(2) 
PARAMETRIC_REPRESENTATION_CONTEXT() REPRESENTATION_CONTEXT('2D SPACE',''
  ) );
#1796 = PCURVE('',#1028,#1797);
#1797 = DEFINITIONAL_REPRESENTATION('',(#1798),#1826);
#1798 = B_SPLINE_CURVE_WITH_KNOTS('',6,(#1799,#1800,#1801,#1802,#1803,
    #1804,#1805,#1806,#1807,#1808,#1809,#1810,#1811,#1812,#1813,#1814,
    #1815,#1816,#1817,#1818,#1819,#1820,#1821,#1822,#1823,#1824,#1825),
  .UNSPECIFIED.,.F.,.F.,(7,5,5,5,5,7),(0.,0.236433738533,0.363291192449,
    0.448441759902,0.510570084997,0.55639363916),.UNSPECIFIED.);
#1799 = CARTESIAN_POINT('',(0.,4.555728090001));
#1800 = CARTESIAN_POINT('',(5.871735886939E-02,4.513713368116));
#1801 = CARTESIAN_POINT('',(0.117722170175,4.472025973186));
#1802 = CARTESIAN_POINT('',(0.177063118012,4.430889653552));
#1803 = CARTESIAN_POINT('',(0.236774085203,4.390534599517));
#1804 = CARTESIAN_POINT('',(0.296872246928,4.351194070132));
#1805 = CARTESIAN_POINT('',(0.389808536897,4.29266236607));
#1806 = CARTESIAN_POINT('',(0.422371872208,4.272582774629));
#1807 = CARTESIAN_POINT('',(0.455045661406,4.252898541794));
#1808 = CARTESIAN_POINT('',(0.487828131723,4.233645191318));
#1809 = CARTESIAN_POINT('',(0.520716246502,4.214857474567));
#1810 = CARTESIAN_POINT('',(0.575849229608,4.184293840865));
#1811 = CARTESIAN_POINT('',(0.598038447395,4.172243347014));
#1812 = CARTESIAN_POINT('',(0.620272044834,4.160428127103));
#1813 = CARTESIAN_POINT('',(0.642548535877,4.148858081675));
#1814 = CARTESIAN_POINT('',(0.664866262154,4.137542773682));
#1815 = CARTESIAN_POINT('',(0.703535804425,4.118428046311));
#1816 = CARTESIAN_POINT('',(0.719869205334,4.110505174658));
#1817 = CARTESIAN_POINT('',(0.736222887709,4.102726388692));
#1818 = CARTESIAN_POINT('',(0.752596118203,4.095095136533));
#1819 = CARTESIAN_POINT('',(0.768988138117,4.087614739251));
#1820 = CARTESIAN_POINT('',(0.797501590958,4.07488474734));
#1821 = CARTESIAN_POINT('',(0.809614875087,4.069564878928));
#1822 = CARTESIAN_POINT('',(0.82173766744,4.064330081326));
#1823 = CARTESIAN_POINT('',(0.833869631203,4.059181601536));
#1824 = CARTESIAN_POINT('',(0.846010438737,4.054120638795));
#1825 = CARTESIAN_POINT('',(0.858159769233,4.049148345508));
#1826 = ( GEOMETRIC_REPRESENTATION_CONTEXT(2) 
PARAMETRIC_REPRESENTATION_CONTEXT() REPRESENTATION_CONTEXT('2D SPACE',''
  ) );
#1827 = ORIENTED_EDGE('',*,*,#986,.T.);
#1828 = ORIENTED_EDGE('',*,*,#1829,.T.);
#1829 = EDGE_CURVE('',#989,#592,#1830,.T.);
#1830 = SURFACE_CURVE('',#1831,(#1835,#1842),.PCURVE_S1.);
#1831 = LINE('',#1832,#1833);
#1832 = CARTESIAN_POINT('',(123.2,-181.5,32.));
#1833 = VECTOR('',#1834,1.);
#1834 = DIRECTION('',(0.,1.,0.));
#1835 = PCURVE('',#636,#1836);
#1836 = DEFINITIONAL_REPRESENTATION('',(#1837),#1841);
#1837 = LINE('',#1838,#1839);
#1838 = CARTESIAN_POINT('',(4.712388980385,0.));
#1839 = VECTOR('',#1840,1.);
#1840 = DIRECTION('',(0.,1.));
#1841 = ( GEOMETRIC_REPRESENTATION_CONTEXT(2) 
PARAMETRIC_REPRESENTATION_CONTEXT() REPRESENTATION_CONTEXT('2D SPACE',''
  ) );
#1842 = PCURVE('',#607,#1843);
#1843 = DEFINITIONAL_REPRESENTATION('',(#1844),#1848);
#1844 = LINE('',#1845,#1846);
#1845 = CARTESIAN_POINT('',(0.,0.));
#1846 = VECTOR('',#1847,1.);
#1847 = DIRECTION('',(0.,-1.));
#1848 = ( GEOMETRIC_REPRESENTATION_CONTEXT(2) 
PARAMETRIC_REPRESENTATION_CONTEXT() REPRESENTATION_CONTEXT('2D SPACE',''
  ) );
#1849 = ORIENTED_EDGE('',*,*,#619,.F.);
#1850 = ORIENTED_EDGE('',*,*,#1695,.T.);
#1851 = ADVANCED_FACE('',(#1852),#607,.T.);
#1852 = FACE_BOUND('',#1853,.T.);
#1853 = EDGE_LOOP('',(#1854,#1875,#1876,#1877));
#1854 = ORIENTED_EDGE('',*,*,#1855,.F.);
#1855 = EDGE_CURVE('',#1182,#563,#1856,.T.);
#1856 = SURFACE_CURVE('',#1857,(#1861,#1868),.PCURVE_S1.);
#1857 = LINE('',#1858,#1859);
#1858 = CARTESIAN_POINT('',(123.2,-181.5,48.));
#1859 = VECTOR('',#1860,1.);
#1860 = DIRECTION('',(0.,1.,0.));
#1861 = PCURVE('',#607,#1862);
#1862 = DEFINITIONAL_REPRESENTATION('',(#1863),#1867);
#1863 = LINE('',#1864,#1865);
#1864 = CARTESIAN_POINT('',(16.,0.));
#1865 = VECTOR('',#1866,1.);
#1866 = DIRECTION('',(0.,-1.));
#1867 = ( GEOMETRIC_REPRESENTATION_CONTEXT(2) 
PARAMETRIC_REPRESENTATION_CONTEXT() REPRESENTATION_CONTEXT('2D SPACE',''
  ) );
#1868 = PCURVE('',#579,#1869);
#1869 = DEFINITIONAL_REPRESENTATION('',(#1870),#1874);
#1870 = LINE('',#1871,#1872);
#1871 = CARTESIAN_POINT('',(4.712388980385,0.));
#1872 = VECTOR('',#1873,1.);
#1873 = DIRECTION('',(0.,1.));
#1874 = ( GEOMETRIC_REPRESENTATION_CONTEXT(2) 
PARAMETRIC_REPRESENTATION_CONTEXT() REPRESENTATION_CONTEXT('2D SPACE',''
  ) );
#1875 = ORIENTED_EDGE('',*,*,#1205,.T.);
#1876 = ORIENTED_EDGE('',*,*,#1829,.T.);
#1877 = ORIENTED_EDGE('',*,*,#591,.F.);
#1878 = ADVANCED_FACE('',(#1879),#579,.F.);
#1879 = FACE_BOUND('',#1880,.F.);
#1880 = EDGE_LOOP('',(#1881,#1882,#1982,#2074,#2104,#2105));
#1881 = ORIENTED_EDGE('',*,*,#1181,.T.);
#1882 = ORIENTED_EDGE('',*,*,#1883,.T.);
#1883 = EDGE_CURVE('',#1154,#1884,#1886,.T.);
#1884 = VERTEX_POINT('',#1885);
#1885 = CARTESIAN_POINT('',(127.8053125151,-174.2230647739,
    57.450851654468));
#1886 = SURFACE_CURVE('',#1887,(#1920,#1951),.PCURVE_S1.);
#1887 = B_SPLINE_CURVE_WITH_KNOTS('',6,(#1888,#1889,#1890,#1891,#1892,
    #1893,#1894,#1895,#1896,#1897,#1898,#1899,#1900,#1901,#1902,#1903,
    #1904,#1905,#1906,#1907,#1908,#1909,#1910,#1911,#1912,#1913,#1914,
    #1915,#1916,#1917,#1918,#1919),.UNSPECIFIED.,.F.,.F.,(7,5,5,5,5,5,7)
  ,(0.,0.236433738533,0.363291192449,0.448441759902,0.510570084997,
    0.677862303986,1.),.UNSPECIFIED.);
#1888 = CARTESIAN_POINT('',(127.2,-174.5,56.944271909999));
#1889 = CARTESIAN_POINT('',(127.24697388709,-174.5,56.986286631884));
#1890 = CARTESIAN_POINT('',(127.29417750381,-174.4966901234,
    57.027974026814));
#1891 = CARTESIAN_POINT('',(127.34135938196,-174.490009898,
    57.069110346448));
#1892 = CARTESIAN_POINT('',(127.38823875742,-174.4799133507,
    57.109465400483));
#1893 = CARTESIAN_POINT('',(127.43450864583,-174.4663856795,
    57.148805929868));
#1894 = CARTESIAN_POINT('',(127.50416067078,-174.4403784886,
    57.20733763393));
#1895 = CARTESIAN_POINT('',(127.52821206674,-174.4303189488,
    57.227417225371));
#1896 = CARTESIAN_POINT('',(127.55194167846,-174.4192861932,
    57.247101458206));
#1897 = CARTESIAN_POINT('',(127.57529732756,-174.4072896352,
    57.266354808682));
#1898 = CARTESIAN_POINT('',(127.59822608477,-174.3943432149,
    57.285142525433));
#1899 = CARTESIAN_POINT('',(127.63574217209,-174.3711501875,
    57.315706159135));
#1900 = CARTESIAN_POINT('',(127.65059366367,-174.3614153713,
    57.327756652986));
#1901 = CARTESIAN_POINT('',(127.66521256907,-174.3512666116,
    57.339571872897));
#1902 = CARTESIAN_POINT('',(127.67958288704,-174.3407105753,
    57.351141918325));
#1903 = CARTESIAN_POINT('',(127.69368879066,-174.3297549336,
    57.362457226318));
#1904 = CARTESIAN_POINT('',(127.71760235898,-174.3101295752,
    57.381571953689));
#1905 = CARTESIAN_POINT('',(127.72754101873,-174.3016426683,
    57.389494825342));
#1906 = CARTESIAN_POINT('',(127.73732454182,-174.2929510159,
    57.397273611308));
#1907 = CARTESIAN_POINT('',(127.74694698227,-174.2840582653,
    57.404904863467));
#1908 = CARTESIAN_POINT('',(127.75640251282,-174.274968337,
    57.412385260749));
#1909 = CARTESIAN_POINT('',(127.79068141454,-174.2406894353,
    57.439439182278));
#1910 = CARTESIAN_POINT('',(127.81442630943,-174.2142937248,
    57.458050177641));
#1911 = CARTESIAN_POINT('',(127.8368079401,-174.1865809854,
    57.475481548356));
#1912 = CARTESIAN_POINT('',(127.85772364191,-174.1576463384,
    57.491678897671));
#1913 = CARTESIAN_POINT('',(127.87708160768,-174.1275962435,
    57.506595875377));
#1914 = CARTESIAN_POINT('',(127.92892506914,-174.0367598078,
    57.54637728692));
#1915 = CARTESIAN_POINT('',(127.95698084072,-173.9732618866,
    57.567672332949));
#1916 = CARTESIAN_POINT('',(127.97839533228,-173.9068920445,
    57.58379649362));
#1917 = CARTESIAN_POINT('',(127.99279946498,-173.8385773485,
    57.594599601209));
#1918 = CARTESIAN_POINT('',(128.,-173.7692844927,57.6));
#1919 = CARTESIAN_POINT('',(128.,-173.7,57.6));
#1920 = PCURVE('',#579,#1921);
#1921 = DEFINITIONAL_REPRESENTATION('',(#1922),#1950);
#1922 = B_SPLINE_CURVE_WITH_KNOTS('',6,(#1923,#1924,#1925,#1926,#1927,
    #1928,#1929,#1930,#1931,#1932,#1933,#1934,#1935,#1936,#1937,#1938,
    #1939,#1940,#1941,#1942,#1943,#1944,#1945,#1946,#1947,#1948,#1949),
  .UNSPECIFIED.,.F.,.F.,(7,5,5,5,5,7),(0.,0.236433738533,0.363291192449,
    0.448441759902,0.510570084997,0.556393639124),.UNSPECIFIED.);
#1923 = CARTESIAN_POINT('',(5.553457650953,7.));
#1924 = CARTESIAN_POINT('',(5.558709491188,7.));
#1925 = CARTESIAN_POINT('',(5.563957415699,7.003309876537));
#1926 = CARTESIAN_POINT('',(5.569173635649,7.00999010193));
#1927 = CARTESIAN_POINT('',(5.574328182226,7.020086649264));
#1928 = CARTESIAN_POINT('',(5.579389237935,7.033614320488));
#1929 = CARTESIAN_POINT('',(5.58697090669,7.059621511323));
#1930 = CARTESIAN_POINT('',(5.589581846869,7.069681051149));
#1931 = CARTESIAN_POINT('',(5.592151095808,7.080713806789));
#1932 = CARTESIAN_POINT('',(5.594673448262,7.092710364704));
#1933 = CARTESIAN_POINT('',(5.597143686365,7.105656785005));
#1934 = CARTESIAN_POINT('',(5.601176186721,7.128849812423));
#1935 = CARTESIAN_POINT('',(5.602769967537,7.138584628685));
#1936 = CARTESIAN_POINT('',(5.604336345845,7.148733388326));
#1937 = CARTESIAN_POINT('',(5.605873773126,7.159289424692));
#1938 = CARTESIAN_POINT('',(5.607380728583,7.170245066394));
#1939 = CARTESIAN_POINT('',(5.609931915061,7.189870424729));
#1940 = CARTESIAN_POINT('',(5.610991096397,7.198357331653));
#1941 = CARTESIAN_POINT('',(5.612032684596,7.207048984059));
#1942 = CARTESIAN_POINT('',(5.61305611509,7.215941734663));
#1943 = CARTESIAN_POINT('',(5.614060837295,7.225031662926));
#1944 = CARTESIAN_POINT('',(5.615773166223,7.241161307608));
#1945 = CARTESIAN_POINT('',(5.616489552429,7.248113059078));
#1946 = CARTESIAN_POINT('',(5.617195256242,7.25516813003));
#1947 = CARTESIAN_POINT('',(5.617890066579,7.26232475107));
#1948 = CARTESIAN_POINT('',(5.618573778361,7.269581084515));
#1949 = CARTESIAN_POINT('',(5.619246192607,7.276935226081));
#1950 = ( GEOMETRIC_REPRESENTATION_CONTEXT(2) 
PARAMETRIC_REPRESENTATION_CONTEXT() REPRESENTATION_CONTEXT('2D SPACE',''
  ) );
#1951 = PCURVE('',#1169,#1952);
#1952 = DEFINITIONAL_REPRESENTATION('',(#1953),#1981);
#1953 = B_SPLINE_CURVE_WITH_KNOTS('',6,(#1954,#1955,#1956,#1957,#1958,
    #1959,#1960,#1961,#1962,#1963,#1964,#1965,#1966,#1967,#1968,#1969,
    #1970,#1971,#1972,#1973,#1974,#1975,#1976,#1977,#1978,#1979,#1980),
  .UNSPECIFIED.,.F.,.F.,(7,5,5,5,5,7),(0.,0.236433738533,0.363291192449,
    0.448441759902,0.510570084997,0.556393639124),.UNSPECIFIED.);
#1954 = CARTESIAN_POINT('',(0.,-0.655728090001));
#1955 = CARTESIAN_POINT('',(5.871735886939E-02,-0.613713368116));
#1956 = CARTESIAN_POINT('',(0.117722170175,-0.572025973186));
#1957 = CARTESIAN_POINT('',(0.177063118012,-0.530889653552));
#1958 = CARTESIAN_POINT('',(0.236774085203,-0.490534599517));
#1959 = CARTESIAN_POINT('',(0.296872246928,-0.451194070132));
#1960 = CARTESIAN_POINT('',(0.389808536897,-0.39266236607));
#1961 = CARTESIAN_POINT('',(0.422371872208,-0.372582774629));
#1962 = CARTESIAN_POINT('',(0.455045661406,-0.352898541794));
#1963 = CARTESIAN_POINT('',(0.487828131723,-0.333645191318));
#1964 = CARTESIAN_POINT('',(0.520716246502,-0.314857474567));
#1965 = CARTESIAN_POINT('',(0.575849229608,-0.284293840865));
#1966 = CARTESIAN_POINT('',(0.598038447395,-0.272243347014));
#1967 = CARTESIAN_POINT('',(0.620272044834,-0.260428127103));
#1968 = CARTESIAN_POINT('',(0.642548535877,-0.248858081675));
#1969 = CARTESIAN_POINT('',(0.664866262154,-0.237542773682));
#1970 = CARTESIAN_POINT('',(0.703535804425,-0.218428046311));
#1971 = CARTESIAN_POINT('',(0.719869205334,-0.210505174658));
#1972 = CARTESIAN_POINT('',(0.736222887709,-0.202726388692));
#1973 = CARTESIAN_POINT('',(0.752596118203,-0.195095136533));
#1974 = CARTESIAN_POINT('',(0.768988138117,-0.187614739251));
#1975 = CARTESIAN_POINT('',(0.797501590949,-0.174884747344));
#1976 = CARTESIAN_POINT('',(0.809614875067,-0.169564878936));
#1977 = CARTESIAN_POINT('',(0.821737667411,-0.164330081339));
#1978 = CARTESIAN_POINT('',(0.833869631164,-0.159181601552));
#1979 = CARTESIAN_POINT('',(0.846010438688,-0.154120638815));
#1980 = CARTESIAN_POINT('',(0.858159769174,-0.149148345532));
#1981 = ( GEOMETRIC_REPRESENTATION_CONTEXT(2) 
PARAMETRIC_REPRESENTATION_CONTEXT() REPRESENTATION_CONTEXT('2D SPACE',''
  ) );
#1982 = ORIENTED_EDGE('',*,*,#1983,.T.);
#1983 = EDGE_CURVE('',#1884,#1984,#1986,.T.);
#1984 = VERTEX_POINT('',#1985);
#1985 = CARTESIAN_POINT('',(124.53463549614,-172.1770022611,53.5));
#1986 = SURFACE_CURVE('',#1987,(#2014,#2044),.PCURVE_S1.);
#1987 = B_SPLINE_CURVE_WITH_KNOTS('',7,(#1988,#1989,#1990,#1991,#1992,
    #1993,#1994,#1995,#1996,#1997,#1998,#1999,#2000,#2001,#2002,#2003,
    #2004,#2005,#2006,#2007,#2008,#2009,#2010,#2011,#2012,#2013),
  .UNSPECIFIED.,.F.,.F.,(8,6,6,6,8),(0.,0.26327705705,0.576677548862,
    0.801225990094,1.),.UNSPECIFIED.);
#1988 = CARTESIAN_POINT('',(130.28197378395,-174.1691083865,
    58.945913307634));
#1989 = CARTESIAN_POINT('',(129.96936832562,-174.1952224849,
    58.805458893633));
#1990 = CARTESIAN_POINT('',(129.66103338206,-174.2177278545,
    58.654404951706));
#1991 = CARTESIAN_POINT('',(129.35733592703,-174.2356363866,
    58.492857091765));
#1992 = CARTESIAN_POINT('',(129.05876749319,-174.2480231499,
    58.320985507743));
#1993 = CARTESIAN_POINT('',(128.7659220514,-174.254021238,
    58.139062284839));
#1994 = CARTESIAN_POINT('',(128.4794720619,-174.2528111594,
    57.94750074437));
#1995 = CARTESIAN_POINT('',(127.86763381392,-174.2326456426,
    57.50810136377));
#1996 = CARTESIAN_POINT('',(127.54525497489,-174.2103571421,
    57.256521575596));
#1997 = CARTESIAN_POINT('',(127.23420479847,-174.1754129537,
    56.993154242617));
#1998 = CARTESIAN_POINT('',(126.93585150197,-174.1265541239,
    56.719402958937));
#1999 = CARTESIAN_POINT('',(126.65164243532,-174.0625504552,
    56.437200153578));
#2000 = CARTESIAN_POINT('',(126.38299057801,-173.9822081788,
    56.149120525008));
#2001 = CARTESIAN_POINT('',(125.95080482742,-173.813936373,
    55.650377347305));
#2002 = CARTESIAN_POINT('',(125.77915221751,-173.7346505044,
    55.441024182042));
#2003 = CARTESIAN_POINT('',(125.61664525337,-173.6458086014,
    55.231672745742));
#2004 = CARTESIAN_POINT('',(125.46381859791,-173.5468987598,
    55.023871845368));
#2005 = CARTESIAN_POINT('',(125.3212675738,-173.4374188903,
    54.819603710035));
#2006 = CARTESIAN_POINT('',(125.18957531343,-173.3169084692,
    54.621306738267));
#2007 = CARTESIAN_POINT('',(124.96293863709,-173.0679654949,
    54.264343088604));
#2008 = CARTESIAN_POINT('',(124.86557801247,-172.9421027767,
    54.103845171306));
#2009 = CARTESIAN_POINT('',(124.77767762649,-172.8069339622,
    53.952506237623));
#2010 = CARTESIAN_POINT('',(124.69990440099,-172.662344952,
    53.813073052868));
#2011 = CARTESIAN_POINT('',(124.6329720525,-172.508574638,
    53.688822435889));
#2012 = CARTESIAN_POINT('',(124.577638937,-172.3463072271,
    53.583390431203));
#2013 = CARTESIAN_POINT('',(124.53463549614,-172.1770022611,53.5));
#2014 = PCURVE('',#579,#2015);
#2015 = DEFINITIONAL_REPRESENTATION('',(#2016),#2043);
#2016 = B_SPLINE_CURVE_WITH_KNOTS('',7,(#2017,#2018,#2019,#2020,#2021,
    #2022,#2023,#2024,#2025,#2026,#2027,#2028,#2029,#2030,#2031,#2032,
    #2033,#2034,#2035,#2036,#2037,#2038,#2039,#2040,#2041,#2042),
  .UNSPECIFIED.,.F.,.F.,(8,6,6,6,8),(0.,0.26327705705,0.576677548862,
    0.801225990094,1.),.UNSPECIFIED.);
#2017 = CARTESIAN_POINT('',(5.86091157384,7.330891613446));
#2018 = CARTESIAN_POINT('',(5.832352471502,7.304777515075));
#2019 = CARTESIAN_POINT('',(5.803755980896,7.282272145479));
#2020 = CARTESIAN_POINT('',(5.775115551955,7.264363613342));
#2021 = CARTESIAN_POINT('',(5.746435878415,7.25197685002));
#2022 = CARTESIAN_POINT('',(5.717732356122,7.245978761959));
#2023 = CARTESIAN_POINT('',(5.68903164892,7.247188840587));
#2024 = CARTESIAN_POINT('',(5.626259029194,7.267354357341));
#2025 = CARTESIAN_POINT('',(5.592208919708,7.289642857863));
#2026 = CARTESIAN_POINT('',(5.558287764833,7.324587046262));
#2027 = CARTESIAN_POINT('',(5.524592679553,7.373445876099));
#2028 = CARTESIAN_POINT('',(5.491256235601,7.437449544746));
#2029 = CARTESIAN_POINT('',(5.458452402994,7.517791821108));
#2030 = CARTESIAN_POINT('',(5.403456867802,7.686063626943));
#2031 = CARTESIAN_POINT('',(5.380904624367,7.765349495584));
#2032 = CARTESIAN_POINT('',(5.358831833995,7.854191398527));
#2033 = CARTESIAN_POINT('',(5.337348606624,7.953101240141));
#2034 = CARTESIAN_POINT('',(5.316600101417,8.062581109662));
#2035 = CARTESIAN_POINT('',(5.296767358931,8.183091530716));
#2036 = CARTESIAN_POINT('',(5.26153132641,8.432034505085));
#2037 = CARTESIAN_POINT('',(5.245891278354,8.55789722328));
#2038 = CARTESIAN_POINT('',(5.231310756346,8.693066037744));
#2039 = CARTESIAN_POINT('',(5.218008957785,8.837655047975));
#2040 = CARTESIAN_POINT('',(5.206249087622,8.991425361939));
#2041 = CARTESIAN_POINT('',(5.196326848724,9.153692772864));
#2042 = CARTESIAN_POINT('',(5.188508041296,9.322997738843));
#2043 = ( GEOMETRIC_REPRESENTATION_CONTEXT(2) 
PARAMETRIC_REPRESENTATION_CONTEXT() REPRESENTATION_CONTEXT('2D SPACE',''
  ) );
#2044 = PCURVE('',#523,#2045);
#2045 = DEFINITIONAL_REPRESENTATION('',(#2046),#2073);
#2046 = B_SPLINE_CURVE_WITH_KNOTS('',7,(#2047,#2048,#2049,#2050,#2051,
    #2052,#2053,#2054,#2055,#2056,#2057,#2058,#2059,#2060,#2061,#2062,
    #2063,#2064,#2065,#2066,#2067,#2068,#2069,#2070,#2071,#2072),
  .UNSPECIFIED.,.F.,.F.,(8,6,6,6,8),(0.,0.26327705705,0.576677548862,
    0.801225990094,1.),.UNSPECIFIED.);
#2047 = CARTESIAN_POINT('',(5.548678147898,4.469240949428));
#2048 = CARTESIAN_POINT('',(5.504232372481,4.508682989334));
#2049 = CARTESIAN_POINT('',(5.460738241208,4.549991205332));
#2050 = CARTESIAN_POINT('',(5.418199081096,4.593019734848));
#2051 = CARTESIAN_POINT('',(5.376620251019,4.637658783827));
#2052 = CARTESIAN_POINT('',(5.33600855694,4.683829928591));
#2053 = CARTESIAN_POINT('',(5.296373320576,4.731483921809));
#2054 = CARTESIAN_POINT('',(5.211727686166,4.839069132828));
#2055 = CARTESIAN_POINT('',(5.167136092557,4.899603384477));
#2056 = CARTESIAN_POINT('',(5.123975451731,4.962173747245));
#2057 = CARTESIAN_POINT('',(5.08228640222,5.026797708429));
#2058 = CARTESIAN_POINT('',(5.042131058361,5.093549206488));
#2059 = CARTESIAN_POINT('',(5.00359959413,5.162557810992));
#2060 = CARTESIAN_POINT('',(4.940479237745,5.28534122862));
#2061 = CARTESIAN_POINT('',(4.91504765129,5.33786275674));
#2062 = CARTESIAN_POINT('',(4.890569697286,5.391769977061));
#2063 = CARTESIAN_POINT('',(4.86711820364,5.447175029167));
#2064 = CARTESIAN_POINT('',(4.844797205494,5.504200765261));
#2065 = CARTESIAN_POINT('',(4.823741098636,5.562986681864));
#2066 = CARTESIAN_POINT('',(4.786759999281,5.677526456077));
#2067 = CARTESIAN_POINT('',(4.770534340882,5.732820362704));
#2068 = CARTESIAN_POINT('',(4.755565784596,5.789769360752));
#2069 = CARTESIAN_POINT('',(4.74203647044,5.84844531437));
#2070 = CARTESIAN_POINT('',(4.730166808914,5.908849602801));
#2071 = CARTESIAN_POINT('',(4.720207787812,5.970925229657));
#2072 = CARTESIAN_POINT('',(4.712388980385,6.034445609603));
#2073 = ( GEOMETRIC_REPRESENTATION_CONTEXT(2) 
PARAMETRIC_REPRESENTATION_CONTEXT() REPRESENTATION_CONTEXT('2D SPACE',''
  ) );
#2074 = ORIENTED_EDGE('',*,*,#2075,.F.);
#2075 = EDGE_CURVE('',#536,#1984,#2076,.T.);
#2076 = SURFACE_CURVE('',#2077,(#2084,#2094),.PCURVE_S1.);
#2077 = B_SPLINE_CURVE_WITH_KNOTS('',5,(#2078,#2079,#2080,#2081,#2082,
    #2083),.UNSPECIFIED.,.F.,.F.,(6,6),(0.,1.),
  .PIECEWISE_BEZIER_KNOTS.);
#2078 = CARTESIAN_POINT('',(124.45728236962,-171.7,53.347337460261));
#2079 = CARTESIAN_POINT('',(124.46457158025,-171.7999612326,
    53.361981370848));
#2080 = CARTESIAN_POINT('',(124.47630986368,-171.8981512485,
    53.385500406734));
#2081 = CARTESIAN_POINT('',(124.49219952905,-171.9941054518,
    53.41714760677));
#2082 = CARTESIAN_POINT('',(124.51184352155,-172.0872702068,
    53.45580278487));
#2083 = CARTESIAN_POINT('',(124.53463580556,-172.1770034793,53.5000006)
  );
#2084 = PCURVE('',#579,#2085);
#2085 = DEFINITIONAL_REPRESENTATION('',(#2086),#2093);
#2086 = B_SPLINE_CURVE_WITH_KNOTS('',5,(#2087,#2088,#2089,#2090,#2091,
    #2092),.UNSPECIFIED.,.F.,.F.,(6,6),(0.,1.),
  .PIECEWISE_BEZIER_KNOTS.);
#2087 = CARTESIAN_POINT('',(5.174246142344,9.8));
#2088 = CARTESIAN_POINT('',(5.175609290022,9.700038767341));
#2089 = CARTESIAN_POINT('',(5.177799755866,9.601848751456));
#2090 = CARTESIAN_POINT('',(5.180750759549,9.505894548158));
#2091 = CARTESIAN_POINT('',(5.184364046368,9.412729793187));
#2092 = CARTESIAN_POINT('',(5.188508097553,9.322996520683));
#2093 = ( GEOMETRIC_REPRESENTATION_CONTEXT(2) 
PARAMETRIC_REPRESENTATION_CONTEXT() REPRESENTATION_CONTEXT('2D SPACE',''
  ) );
#2094 = PCURVE('',#551,#2095);
#2095 = DEFINITIONAL_REPRESENTATION('',(#2096),#2103);
#2096 = B_SPLINE_CURVE_WITH_KNOTS('',5,(#2097,#2098,#2099,#2100,#2101,
    #2102),.UNSPECIFIED.,.F.,.F.,(6,6),(0.,1.),
  .PIECEWISE_BEZIER_KNOTS.);
#2097 = CARTESIAN_POINT('',(3.214384191593,26.847337460261));
#2098 = CARTESIAN_POINT('',(3.25083024479,26.861981370848));
#2099 = CARTESIAN_POINT('',(3.286751655849,26.885500406734));
#2100 = CARTESIAN_POINT('',(3.322072462974,26.91714760677));
#2101 = CARTESIAN_POINT('',(3.356666387418,26.95580278487));
#2102 = CARTESIAN_POINT('',(3.390332808199,27.0000006));
#2103 = ( GEOMETRIC_REPRESENTATION_CONTEXT(2) 
PARAMETRIC_REPRESENTATION_CONTEXT() REPRESENTATION_CONTEXT('2D SPACE',''
  ) );
#2104 = ORIENTED_EDGE('',*,*,#562,.F.);
#2105 = ORIENTED_EDGE('',*,*,#1855,.F.);
#2106 = ADVANCED_FACE('',(#2107),#437,.T.);
#2107 = FACE_BOUND('',#2108,.T.);
#2108 = EDGE_LOOP('',(#2109,#2110,#2133,#2154));
#2109 = ORIENTED_EDGE('',*,*,#792,.F.);
#2110 = ORIENTED_EDGE('',*,*,#2111,.F.);
#2111 = EDGE_CURVE('',#2112,#769,#2114,.T.);
#2112 = VERTEX_POINT('',#2113);
#2113 = CARTESIAN_POINT('',(125.5,-173.7,64.));
#2114 = SURFACE_CURVE('',#2115,(#2119,#2126),.PCURVE_S1.);
#2115 = LINE('',#2116,#2117);
#2116 = CARTESIAN_POINT('',(125.5,-173.7,64.));
#2117 = VECTOR('',#2118,1.);
#2118 = DIRECTION('',(-1.,-0.,-0.));
#2119 = PCURVE('',#437,#2120);
#2120 = DEFINITIONAL_REPRESENTATION('',(#2121),#2125);
#2121 = LINE('',#2122,#2123);
#2122 = CARTESIAN_POINT('',(8.3,0.8));
#2123 = VECTOR('',#2124,1.);
#2124 = DIRECTION('',(-1.,0.));
#2125 = ( GEOMETRIC_REPRESENTATION_CONTEXT(2) 
PARAMETRIC_REPRESENTATION_CONTEXT() REPRESENTATION_CONTEXT('2D SPACE',''
  ) );
#2126 = PCURVE('',#971,#2127);
#2127 = DEFINITIONAL_REPRESENTATION('',(#2128),#2132);
#2128 = LINE('',#2129,#2130);
#2129 = CARTESIAN_POINT('',(1.570796326795,0.));
#2130 = VECTOR('',#2131,1.);
#2131 = DIRECTION('',(0.,1.));
#2132 = ( GEOMETRIC_REPRESENTATION_CONTEXT(2) 
PARAMETRIC_REPRESENTATION_CONTEXT() REPRESENTATION_CONTEXT('2D SPACE',''
  ) );
#2133 = ORIENTED_EDGE('',*,*,#2134,.T.);
#2134 = EDGE_CURVE('',#2112,#422,#2135,.T.);
#2135 = SURFACE_CURVE('',#2136,(#2140,#2147),.PCURVE_S1.);
#2136 = LINE('',#2137,#2138);
#2137 = CARTESIAN_POINT('',(125.5,-174.5,64.));
#2138 = VECTOR('',#2139,1.);
#2139 = DIRECTION('',(0.,1.,0.));
#2140 = PCURVE('',#437,#2141);
#2141 = DEFINITIONAL_REPRESENTATION('',(#2142),#2146);
#2142 = LINE('',#2143,#2144);
#2143 = CARTESIAN_POINT('',(8.3,0.));
#2144 = VECTOR('',#2145,1.);
#2145 = DIRECTION('',(0.,1.));
#2146 = ( GEOMETRIC_REPRESENTATION_CONTEXT(2) 
PARAMETRIC_REPRESENTATION_CONTEXT() REPRESENTATION_CONTEXT('2D SPACE',''
  ) );
#2147 = PCURVE('',#466,#2148);
#2148 = DEFINITIONAL_REPRESENTATION('',(#2149),#2153);
#2149 = LINE('',#2150,#2151);
#2150 = CARTESIAN_POINT('',(0.,0.));
#2151 = VECTOR('',#2152,1.);
#2152 = DIRECTION('',(0.,1.));
#2153 = ( GEOMETRIC_REPRESENTATION_CONTEXT(2) 
PARAMETRIC_REPRESENTATION_CONTEXT() REPRESENTATION_CONTEXT('2D SPACE',''
  ) );
#2154 = ORIENTED_EDGE('',*,*,#421,.F.);
#2155 = ADVANCED_FACE('',(#2156),#551,.F.);
#2156 = FACE_BOUND('',#2157,.F.);
#2157 = EDGE_LOOP('',(#2158,#2159,#2180));
#2158 = ORIENTED_EDGE('',*,*,#2075,.T.);
#2159 = ORIENTED_EDGE('',*,*,#2160,.F.);
#2160 = EDGE_CURVE('',#507,#1984,#2161,.T.);
#2161 = SURFACE_CURVE('',#2162,(#2167,#2174),.PCURVE_S1.);
#2162 = CIRCLE('',#2163,2.75);
#2163 = AXIS2_PLACEMENT_3D('',#2164,#2165,#2166);
#2164 = CARTESIAN_POINT('',(127.2,-171.5,53.5));
#2165 = DIRECTION('',(0.,0.,1.));
#2166 = DIRECTION('',(1.,0.,0.));
#2167 = PCURVE('',#551,#2168);
#2168 = DEFINITIONAL_REPRESENTATION('',(#2169),#2173);
#2169 = LINE('',#2170,#2171);
#2170 = CARTESIAN_POINT('',(0.,27.));
#2171 = VECTOR('',#2172,1.);
#2172 = DIRECTION('',(1.,0.));
#2173 = ( GEOMETRIC_REPRESENTATION_CONTEXT(2) 
PARAMETRIC_REPRESENTATION_CONTEXT() REPRESENTATION_CONTEXT('2D SPACE',''
  ) );
#2174 = PCURVE('',#523,#2175);
#2175 = DEFINITIONAL_REPRESENTATION('',(#2176),#2179);
#2176 = B_SPLINE_CURVE_WITH_KNOTS('',1,(#2177,#2178),.UNSPECIFIED.,.F.,
  .F.,(2,2),(3.14159265359,6.28318530718),.PIECEWISE_BEZIER_KNOTS.);
#2177 = CARTESIAN_POINT('',(4.712388980385,6.28318530718));
#2178 = CARTESIAN_POINT('',(4.712388980385,3.14159265359));
#2179 = ( GEOMETRIC_REPRESENTATION_CONTEXT(2) 
PARAMETRIC_REPRESENTATION_CONTEXT() REPRESENTATION_CONTEXT('2D SPACE',''
  ) );
#2180 = ORIENTED_EDGE('',*,*,#535,.F.);
#2181 = ADVANCED_FACE('',(#2182),#466,.T.);
#2182 = FACE_BOUND('',#2183,.T.);
#2183 = EDGE_LOOP('',(#2184,#2185,#2209,#2230));
#2184 = ORIENTED_EDGE('',*,*,#2134,.F.);
#2185 = ORIENTED_EDGE('',*,*,#2186,.F.);
#2186 = EDGE_CURVE('',#2187,#2112,#2189,.T.);
#2187 = VERTEX_POINT('',#2188);
#2188 = CARTESIAN_POINT('',(128.,-173.7,61.5));
#2189 = SURFACE_CURVE('',#2190,(#2195,#2202),.PCURVE_S1.);
#2190 = CIRCLE('',#2191,2.5);
#2191 = AXIS2_PLACEMENT_3D('',#2192,#2193,#2194);
#2192 = CARTESIAN_POINT('',(125.5,-173.7,61.5));
#2193 = DIRECTION('',(0.,-1.,0.));
#2194 = DIRECTION('',(1.,0.,0.));
#2195 = PCURVE('',#466,#2196);
#2196 = DEFINITIONAL_REPRESENTATION('',(#2197),#2201);
#2197 = LINE('',#2198,#2199);
#2198 = CARTESIAN_POINT('',(1.570796326795,0.8));
#2199 = VECTOR('',#2200,1.);
#2200 = DIRECTION('',(-1.,-0.));
#2201 = ( GEOMETRIC_REPRESENTATION_CONTEXT(2) 
PARAMETRIC_REPRESENTATION_CONTEXT() REPRESENTATION_CONTEXT('2D SPACE',''
  ) );
#2202 = PCURVE('',#1141,#2203);
#2203 = DEFINITIONAL_REPRESENTATION('',(#2204),#2208);
#2204 = LINE('',#2205,#2206);
#2205 = CARTESIAN_POINT('',(6.28318530718,6.28318530718));
#2206 = VECTOR('',#2207,1.);
#2207 = DIRECTION('',(-1.,0.));
#2208 = ( GEOMETRIC_REPRESENTATION_CONTEXT(2) 
PARAMETRIC_REPRESENTATION_CONTEXT() REPRESENTATION_CONTEXT('2D SPACE',''
  ) );
#2209 = ORIENTED_EDGE('',*,*,#2210,.T.);
#2210 = EDGE_CURVE('',#2187,#450,#2211,.T.);
#2211 = SURFACE_CURVE('',#2212,(#2216,#2223),.PCURVE_S1.);
#2212 = LINE('',#2213,#2214);
#2213 = CARTESIAN_POINT('',(128.,-174.5,61.5));
#2214 = VECTOR('',#2215,1.);
#2215 = DIRECTION('',(0.,1.,0.));
#2216 = PCURVE('',#466,#2217);
#2217 = DEFINITIONAL_REPRESENTATION('',(#2218),#2222);
#2218 = LINE('',#2219,#2220);
#2219 = CARTESIAN_POINT('',(1.570796326795,0.));
#2220 = VECTOR('',#2221,1.);
#2221 = DIRECTION('',(0.,1.));
#2222 = ( GEOMETRIC_REPRESENTATION_CONTEXT(2) 
PARAMETRIC_REPRESENTATION_CONTEXT() REPRESENTATION_CONTEXT('2D SPACE',''
  ) );
#2223 = PCURVE('',#494,#2224);
#2224 = DEFINITIONAL_REPRESENTATION('',(#2225),#2229);
#2225 = LINE('',#2226,#2227);
#2226 = CARTESIAN_POINT('',(45.5,0.));
#2227 = VECTOR('',#2228,1.);
#2228 = DIRECTION('',(0.,-1.));
#2229 = ( GEOMETRIC_REPRESENTATION_CONTEXT(2) 
PARAMETRIC_REPRESENTATION_CONTEXT() REPRESENTATION_CONTEXT('2D SPACE',''
  ) );
#2230 = ORIENTED_EDGE('',*,*,#449,.F.);
#2231 = ADVANCED_FACE('',(#2232),#523,.F.);
#2232 = FACE_BOUND('',#2233,.F.);
#2233 = EDGE_LOOP('',(#2234,#2350,#2351,#2352,#2353));
#2234 = ORIENTED_EDGE('',*,*,#2235,.T.);
#2235 = EDGE_CURVE('',#2236,#479,#2238,.T.);
#2236 = VERTEX_POINT('',#2237);
#2237 = CARTESIAN_POINT('',(128.,-173.7,59.925145887017));
#2238 = SURFACE_CURVE('',#2239,(#2278,#2308),.PCURVE_S1.);
#2239 = B_SPLINE_CURVE_WITH_KNOTS('',7,(#2240,#2241,#2242,#2243,#2244,
    #2245,#2246,#2247,#2248,#2249,#2250,#2251,#2252,#2253,#2254,#2255,
    #2256,#2257,#2258,#2259,#2260,#2261,#2262,#2263,#2264,#2265,#2266,
    #2267,#2268,#2269,#2270,#2271,#2272,#2273,#2274,#2275,#2276,#2277),
  .UNSPECIFIED.,.F.,.F.,(8,6,6,6,6,6,8),(0.,0.219220968769,
    0.498094348721,0.744881840233,0.841587989877,0.89448361457,1.),
  .UNSPECIFIED.);
#2240 = CARTESIAN_POINT('',(128.,-174.1310644233,53.5));
#2241 = CARTESIAN_POINT('',(128.,-174.1310644233,53.798577482839));
#2242 = CARTESIAN_POINT('',(128.,-174.1354566772,54.097168130862));
#2243 = CARTESIAN_POINT('',(128.,-174.144241761,54.395564429876));
#2244 = CARTESIAN_POINT('',(128.,-174.156801692,54.693642583917));
#2245 = CARTESIAN_POINT('',(128.,-174.171904122,54.991355454524));
#2246 = CARTESIAN_POINT('',(128.,-174.1880172504,55.288712144834));
#2247 = CARTESIAN_POINT('',(128.,-174.223027774,55.963662069291));
#2248 = CARTESIAN_POINT('',(128.,-174.241476508,56.340806881173));
#2249 = CARTESIAN_POINT('',(128.,-174.2552660449,56.717773237779));
#2250 = CARTESIAN_POINT('',(128.,-174.2604107069,57.094616348227));
#2251 = CARTESIAN_POINT('',(128.,-174.2527532681,57.470847809938));
#2252 = CARTESIAN_POINT('',(128.,-174.2281592712,57.845433159003));
#2253 = CARTESIAN_POINT('',(128.,-174.1412973024,58.545341103246));
#2254 = CARTESIAN_POINT('',(128.,-174.0837574476,58.870824355612));
#2255 = CARTESIAN_POINT('',(128.,-174.0063767394,59.192262521414));
#2256 = CARTESIAN_POINT('',(128.,-173.9059484828,59.507224264245));
#2257 = CARTESIAN_POINT('',(128.,-173.7793560207,59.811835936178));
#2258 = CARTESIAN_POINT('',(128.,-173.6241601051,60.10097709912));
#2259 = CARTESIAN_POINT('',(128.,-173.3658814364,60.472887269885));
#2260 = CARTESIAN_POINT('',(128.,-173.2885543525,60.574151562058));
#2261 = CARTESIAN_POINT('',(128.,-173.2065523623,60.671546549411));
#2262 = CARTESIAN_POINT('',(128.,-173.1198611847,60.764596425721));
#2263 = CARTESIAN_POINT('',(128.,-173.0285265167,60.852786930381));
#2264 = CARTESIAN_POINT('',(128.,-172.9326687042,60.935579968125));
#2265 = CARTESIAN_POINT('',(128.,-172.777711429,61.054468955943));
#2266 = CARTESIAN_POINT('',(128.,-172.7216336281,61.094727304348));
#2267 = CARTESIAN_POINT('',(128.,-172.6643035756,61.133118044706));
#2268 = CARTESIAN_POINT('',(128.,-172.6057656456,61.169551600808));
#2269 = CARTESIAN_POINT('',(128.,-172.5460729929,61.203939868653));
#2270 = CARTESIAN_POINT('',(128.,-172.4852883074,61.236197623198));
#2271 = CARTESIAN_POINT('',(128.,-172.3001982413,61.326180397967));
#2272 = CARTESIAN_POINT('',(128.,-172.1728115094,61.377339318709));
#2273 = CARTESIAN_POINT('',(128.,-172.0419619175,61.419035707693));
#2274 = CARTESIAN_POINT('',(128.,-171.9083824576,61.450725193804));
#2275 = CARTESIAN_POINT('',(128.,-171.772898916,61.472003014228));
#2276 = CARTESIAN_POINT('',(128.,-171.6364313936,61.482637408777));
#2277 = CARTESIAN_POINT('',(128.,-171.5,61.482637408777));
#2278 = PCURVE('',#523,#2279);
#2279 = DEFINITIONAL_REPRESENTATION('',(#2280),#2307);
#2280 = B_SPLINE_CURVE_WITH_KNOTS('',7,(#2281,#2282,#2283,#2284,#2285,
    #2286,#2287,#2288,#2289,#2290,#2291,#2292,#2293,#2294,#2295,#2296,
    #2297,#2298,#2299,#2300,#2301,#2302,#2303,#2304,#2305,#2306),
  .UNSPECIFIED.,.F.,.F.,(8,6,6,6,8),(0.689194787859,0.74488184135,
    0.841587990785,0.894483615363,0.9778708269),.UNSPECIFIED.);
#2281 = CARTESIAN_POINT('',(5.440978914655,5.355890085521));
#2282 = CARTESIAN_POINT('',(5.446078043349,5.375849646316));
#2283 = CARTESIAN_POINT('',(5.451062724712,5.396054788199));
#2284 = CARTESIAN_POINT('',(5.45593118455,5.416507410191));
#2285 = CARTESIAN_POINT('',(5.460681586148,5.43720965528));
#2286 = CARTESIAN_POINT('',(5.465312026997,5.458163984283));
#2287 = CARTESIAN_POINT('',(5.469820527947,5.479373268118));
#2288 = CARTESIAN_POINT('',(5.481819112588,5.538121601454));
#2289 = CARTESIAN_POINT('',(5.489053863371,5.576155285526));
#2290 = CARTESIAN_POINT('',(5.495895969072,5.614941604147));
#2291 = CARTESIAN_POINT('',(5.502330286059,5.654472748639));
#2292 = CARTESIAN_POINT('',(5.508340475328,5.69473400858));
#2293 = CARTESIAN_POINT('',(5.513909492011,5.735702143681));
#2294 = CARTESIAN_POINT('',(5.521815173967,5.800117201887));
#2295 = CARTESIAN_POINT('',(5.524473184615,5.823093282208));
#2296 = CARTESIAN_POINT('',(5.526991039921,5.846263358871));
#2297 = CARTESIAN_POINT('',(5.529365842519,5.869620066929));
#2298 = CARTESIAN_POINT('',(5.531594739366,5.893154886408));
#2299 = CARTESIAN_POINT('',(5.533674958318,5.916857898798));
#2300 = CARTESIAN_POINT('',(5.538644634139,5.978331037294));
#2301 = CARTESIAN_POINT('',(5.541310230369,6.016344685107));
#2302 = CARTESIAN_POINT('',(5.543588847106,6.054701490468));
#2303 = CARTESIAN_POINT('',(5.545471309619,6.093345184458));
#2304 = CARTESIAN_POINT('',(5.546950264177,6.132218249775));
#2305 = CARTESIAN_POINT('',(5.548020180497,6.171258436467));
#2306 = CARTESIAN_POINT('',(5.54867814718,6.21039376936));
#2307 = ( GEOMETRIC_REPRESENTATION_CONTEXT(2) 
PARAMETRIC_REPRESENTATION_CONTEXT() REPRESENTATION_CONTEXT('2D SPACE',''
  ) );
#2308 = PCURVE('',#494,#2309);
#2309 = DEFINITIONAL_REPRESENTATION('',(#2310),#2349);
#2310 = B_SPLINE_CURVE_WITH_KNOTS('',7,(#2311,#2312,#2313,#2314,#2315,
    #2316,#2317,#2318,#2319,#2320,#2321,#2322,#2323,#2324,#2325,#2326,
    #2327,#2328,#2329,#2330,#2331,#2332,#2333,#2334,#2335,#2336,#2337,
    #2338,#2339,#2340,#2341,#2342,#2343,#2344,#2345,#2346,#2347,#2348),
  .UNSPECIFIED.,.F.,.F.,(8,6,6,6,6,6,8),(0.,0.219220968769,
    0.498094348721,0.744881840233,0.841587989877,0.89448361457,1.),
  .UNSPECIFIED.);
#2311 = CARTESIAN_POINT('',(37.5,-0.3689355767));
#2312 = CARTESIAN_POINT('',(37.798577482839,-0.3689355767));
#2313 = CARTESIAN_POINT('',(38.097168130862,-0.3645433228));
#2314 = CARTESIAN_POINT('',(38.395564429876,-0.355758239));
#2315 = CARTESIAN_POINT('',(38.693642583917,-0.343198308));
#2316 = CARTESIAN_POINT('',(38.991355454524,-0.328095878));
#2317 = CARTESIAN_POINT('',(39.288712144834,-0.3119827496));
#2318 = CARTESIAN_POINT('',(39.963662069291,-0.276972226));
#2319 = CARTESIAN_POINT('',(40.340806881173,-0.258523492));
#2320 = CARTESIAN_POINT('',(40.717773237779,-0.2447339551));
#2321 = CARTESIAN_POINT('',(41.094616348227,-0.2395892931));
#2322 = CARTESIAN_POINT('',(41.470847809938,-0.2472467319));
#2323 = CARTESIAN_POINT('',(41.845433159003,-0.2718407288));
#2324 = CARTESIAN_POINT('',(42.545341103246,-0.3587026976));
#2325 = CARTESIAN_POINT('',(42.870824355612,-0.4162425524));
#2326 = CARTESIAN_POINT('',(43.192262521414,-0.4936232606));
#2327 = CARTESIAN_POINT('',(43.507224264245,-0.5940515172));
#2328 = CARTESIAN_POINT('',(43.811835936178,-0.7206439793));
#2329 = CARTESIAN_POINT('',(44.10097709912,-0.8758398949));
#2330 = CARTESIAN_POINT('',(44.472887269885,-1.1341185636));
#2331 = CARTESIAN_POINT('',(44.574151562058,-1.2114456475));
#2332 = CARTESIAN_POINT('',(44.671546549411,-1.2934476377));
#2333 = CARTESIAN_POINT('',(44.764596425721,-1.3801388153));
#2334 = CARTESIAN_POINT('',(44.852786930381,-1.4714734833));
#2335 = CARTESIAN_POINT('',(44.935579968125,-1.5673312958));
#2336 = CARTESIAN_POINT('',(45.054468955943,-1.722288571));
#2337 = CARTESIAN_POINT('',(45.094727304348,-1.7783663719));
#2338 = CARTESIAN_POINT('',(45.133118044706,-1.8356964244));
#2339 = CARTESIAN_POINT('',(45.169551600808,-1.8942343544));
#2340 = CARTESIAN_POINT('',(45.203939868653,-1.9539270071));
#2341 = CARTESIAN_POINT('',(45.236197623198,-2.0147116926));
#2342 = CARTESIAN_POINT('',(45.326180397967,-2.1998017587));
#2343 = CARTESIAN_POINT('',(45.377339318709,-2.3271884906));
#2344 = CARTESIAN_POINT('',(45.419035707693,-2.4580380825));
#2345 = CARTESIAN_POINT('',(45.450725193804,-2.5916175424));
#2346 = CARTESIAN_POINT('',(45.472003014228,-2.727101084));
#2347 = CARTESIAN_POINT('',(45.482637408777,-2.8635686064));
#2348 = CARTESIAN_POINT('',(45.482637408777,-3.));
#2349 = ( GEOMETRIC_REPRESENTATION_CONTEXT(2) 
PARAMETRIC_REPRESENTATION_CONTEXT() REPRESENTATION_CONTEXT('2D SPACE',''
  ) );
#2350 = ORIENTED_EDGE('',*,*,#506,.F.);
#2351 = ORIENTED_EDGE('',*,*,#2160,.T.);
#2352 = ORIENTED_EDGE('',*,*,#1983,.F.);
#2353 = ORIENTED_EDGE('',*,*,#2354,.T.);
#2354 = EDGE_CURVE('',#1884,#2236,#2355,.T.);
#2355 = SURFACE_CURVE('',#2356,(#2394,#2421),.PCURVE_S1.);
#2356 = B_SPLINE_CURVE_WITH_KNOTS('',8,(#2357,#2358,#2359,#2360,#2361,
    #2362,#2363,#2364,#2365,#2366,#2367,#2368,#2369,#2370,#2371,#2372,
    #2373,#2374,#2375,#2376,#2377,#2378,#2379,#2380,#2381,#2382,#2383,
    #2384,#2385,#2386,#2387,#2388,#2389,#2390,#2391,#2392,#2393),
  .UNSPECIFIED.,.F.,.F.,(9,7,7,7,7,9),(0.,0.233381977473,0.41614412178,
    0.694750331418,0.912686836783,1.),.UNSPECIFIED.);
#2357 = CARTESIAN_POINT('',(127.84410389783,-174.1744788391,
    53.744271909999));
#2358 = CARTESIAN_POINT('',(127.84279636476,-174.1762538121,
    53.928367306836));
#2359 = CARTESIAN_POINT('',(127.84037643151,-174.1795271951,
    54.112422998584));
#2360 = CARTESIAN_POINT('',(127.8368863348,-174.1842067192,
    54.296391806361));
#2361 = CARTESIAN_POINT('',(127.8324204536,-174.1900922548,
    54.480246936711));
#2362 = CARTESIAN_POINT('',(127.82712957132,-174.1968827467,
    54.663981397424));
#2363 = CARTESIAN_POINT('',(127.82123848137,-174.2042072518,
    54.847606624363));
#2364 = CARTESIAN_POINT('',(127.81505081031,-174.211665907,
    55.031150223469));
#2365 = CARTESIAN_POINT('',(127.80410990831,-174.2245055809,
    55.358354111089));
#2366 = CARTESIAN_POINT('',(127.79933704399,-174.2299860895,
    55.502025809459));
#2367 = CARTESIAN_POINT('',(127.79476268141,-174.2351200912,
    55.645690273958));
#2368 = CARTESIAN_POINT('',(127.79057342715,-174.2397208186,
    55.789363984012));
#2369 = CARTESIAN_POINT('',(127.78696256749,-174.2436142758,
    55.933056286251));
#2370 = CARTESIAN_POINT('',(127.7841161102,-174.2466451338,
    56.076768426973));
#2371 = CARTESIAN_POINT('',(127.7821984532,-174.2486770735,
    56.220492782632));
#2372 = CARTESIAN_POINT('',(127.78002550134,-174.2509755585,
    56.583301131314));
#2373 = CARTESIAN_POINT('',(127.78117000327,-174.2497578216,
    56.802375132077));
#2374 = CARTESIAN_POINT('',(127.78522810316,-174.2454978056,
    57.02133745726));
#2375 = CARTESIAN_POINT('',(127.79247630355,-174.2378451512,
    57.240063251407));
#2376 = CARTESIAN_POINT('',(127.80292086744,-174.2264714947,
    57.458396101164));
#2377 = CARTESIAN_POINT('',(127.81634264324,-174.2110101805,
    57.676143564587));
#2378 = CARTESIAN_POINT('',(127.83235936196,-174.1909992894,
    57.893071184991));
#2379 = CARTESIAN_POINT('',(127.8644911033,-174.1461369496,
    58.277719644969));
#2380 = CARTESIAN_POINT('',(127.87981840166,-174.1232973672,
    58.445789749987));
#2381 = CARTESIAN_POINT('',(127.89610032726,-174.0970079167,
    58.613084637409));
#2382 = CARTESIAN_POINT('',(127.91298502327,-174.0669006935,
    58.779487827938));
#2383 = CARTESIAN_POINT('',(127.93004567556,-174.0325463592,
    58.944790487571));
#2384 = CARTESIAN_POINT('',(127.94668704004,-173.9933863284,
    59.108661453231));
#2385 = CARTESIAN_POINT('',(127.96217132553,-173.9487631822,
    59.27066089122));
#2386 = CARTESIAN_POINT('',(127.98043876885,-173.8770956448,
    59.494000679982));
#2387 = CARTESIAN_POINT('',(127.98526967218,-173.8555534847,
    59.557450678828));
#2388 = CARTESIAN_POINT('',(127.98962532081,-173.8328994712,
    59.620429856621));
#2389 = CARTESIAN_POINT('',(127.99340678129,-173.8090573008,
    59.682875782104));
#2390 = CARTESIAN_POINT('',(127.99649695488,-173.7839448916,
    59.744701500324));
#2391 = CARTESIAN_POINT('',(127.9987542322,-173.7574718603,
    59.805793103955));
#2392 = CARTESIAN_POINT('',(128.,-173.7295333197,59.866004005843));
#2393 = CARTESIAN_POINT('',(128.,-173.7,59.92514591274));
#2394 = PCURVE('',#523,#2395);
#2395 = DEFINITIONAL_REPRESENTATION('',(#2396),#2420);
#2396 = B_SPLINE_CURVE_WITH_KNOTS('',8,(#2397,#2398,#2399,#2400,#2401,
    #2402,#2403,#2404,#2405,#2406,#2407,#2408,#2409,#2410,#2411,#2412,
    #2413,#2414,#2415,#2416,#2417,#2418,#2419),.UNSPECIFIED.,.F.,.F.,(9,
    7,7,9),(0.589154834666,0.694750331418,0.912686836783,1.),
  .UNSPECIFIED.);
#2397 = CARTESIAN_POINT('',(5.203084937259,4.852465099467));
#2398 = CARTESIAN_POINT('',(5.212017365265,4.865375363835));
#2399 = CARTESIAN_POINT('',(5.220879345501,4.878443490338));
#2400 = CARTESIAN_POINT('',(5.229669823584,4.891672761093));
#2401 = CARTESIAN_POINT('',(5.238387462758,4.905067845025));
#2402 = CARTESIAN_POINT('',(5.247030630526,4.918634700448));
#2403 = CARTESIAN_POINT('',(5.255597391477,4.932380508351));
#2404 = CARTESIAN_POINT('',(5.264085499196,4.946313686627));
#2405 = CARTESIAN_POINT('',(5.289843179266,4.989607389346));
#2406 = CARTESIAN_POINT('',(5.30683980664,5.019596964678));
#2407 = CARTESIAN_POINT('',(5.323472058945,5.050516724152));
#2408 = CARTESIAN_POINT('',(5.339714265784,5.082488028468));
#2409 = CARTESIAN_POINT('',(5.355527448208,5.115643390591));
#2410 = CARTESIAN_POINT('',(5.370852402622,5.150154716293));
#2411 = CARTESIAN_POINT('',(5.385613875686,5.186222093069));
#2412 = CARTESIAN_POINT('',(5.405323524873,5.239432851639));
#2413 = CARTESIAN_POINT('',(5.410848298058,5.254955854903));
#2414 = CARTESIAN_POINT('',(5.41625270652,5.270805780073));
#2415 = CARTESIAN_POINT('',(5.421526145751,5.287007581483));
#2416 = CARTESIAN_POINT('',(5.426655014196,5.303586711975));
#2417 = CARTESIAN_POINT('',(5.431622249417,5.320570499015));
#2418 = CARTESIAN_POINT('',(5.436406211976,5.337991107484));
#2419 = CARTESIAN_POINT('',(5.440978917065,5.355890089178));
#2420 = ( GEOMETRIC_REPRESENTATION_CONTEXT(2) 
PARAMETRIC_REPRESENTATION_CONTEXT() REPRESENTATION_CONTEXT('2D SPACE',''
  ) );
#2421 = PCURVE('',#1169,#2422);
#2422 = DEFINITIONAL_REPRESENTATION('',(#2423),#2447);
#2423 = B_SPLINE_CURVE_WITH_KNOTS('',8,(#2424,#2425,#2426,#2427,#2428,
    #2429,#2430,#2431,#2432,#2433,#2434,#2435,#2436,#2437,#2438,#2439,
    #2440,#2441,#2442,#2443,#2444,#2445,#2446),.UNSPECIFIED.,.F.,.F.,(9,
    7,7,9),(0.589154834666,0.694750331418,0.912686836783,1.),
  .UNSPECIFIED.);
#2424 = CARTESIAN_POINT('',(0.858159775595,-0.149148345425));
#2425 = CARTESIAN_POINT('',(0.866348794122,-6.652916007536E-02));
#2426 = CARTESIAN_POINT('',(0.875428639256,1.601000197405E-02));
#2427 = CARTESIAN_POINT('',(0.885411596958,9.845824365904E-02));
#2428 = CARTESIAN_POINT('',(0.896308536597,0.180803852311));
#2429 = CARTESIAN_POINT('',(0.908129891597,0.263034253126));
#2430 = CARTESIAN_POINT('',(0.920886734022,0.34513595773));
#2431 = CARTESIAN_POINT('',(0.934591856204,0.427094507176));
#2432 = CARTESIAN_POINT('',(0.979535665404,0.677719644969));
#2433 = CARTESIAN_POINT('',(1.01390230243,0.845789749987));
#2434 = CARTESIAN_POINT('',(1.052510099207,1.013084637409));
#2435 = CARTESIAN_POINT('',(1.095574737706,1.179487827938));
#2436 = CARTESIAN_POINT('',(1.143374847117,1.344790487571));
#2437 = CARTESIAN_POINT('',(1.196382774145,1.508661453231));
#2438 = CARTESIAN_POINT('',(1.25521440364,1.67066089122));
#2439 = CARTESIAN_POINT('',(1.347663168225,1.894000679982));
#2440 = CARTESIAN_POINT('',(1.375248260736,1.957450678828));
#2441 = CARTESIAN_POINT('',(1.404060922199,2.020429856621));
#2442 = CARTESIAN_POINT('',(1.434202658617,2.082875782104));
#2443 = CARTESIAN_POINT('',(1.465788858504,2.144701500324));
#2444 = CARTESIAN_POINT('',(1.498956338945,2.205793103955));
#2445 = CARTESIAN_POINT('',(1.53387967705,2.266004005843));
#2446 = CARTESIAN_POINT('',(1.570796326795,2.32514591274));
#2447 = ( GEOMETRIC_REPRESENTATION_CONTEXT(2) 
PARAMETRIC_REPRESENTATION_CONTEXT() REPRESENTATION_CONTEXT('2D SPACE',''
  ) );
#2448 = ADVANCED_FACE('',(#2449),#494,.T.);
#2449 = FACE_BOUND('',#2450,.T.);
#2450 = EDGE_LOOP('',(#2451,#2452,#2473,#2474));
#2451 = ORIENTED_EDGE('',*,*,#2210,.F.);
#2452 = ORIENTED_EDGE('',*,*,#2453,.F.);
#2453 = EDGE_CURVE('',#2236,#2187,#2454,.T.);
#2454 = SURFACE_CURVE('',#2455,(#2459,#2466),.PCURVE_S1.);
#2455 = LINE('',#2456,#2457);
#2456 = CARTESIAN_POINT('',(128.,-173.7,57.6));
#2457 = VECTOR('',#2458,1.);
#2458 = DIRECTION('',(0.,0.,1.));
#2459 = PCURVE('',#494,#2460);
#2460 = DEFINITIONAL_REPRESENTATION('',(#2461),#2465);
#2461 = LINE('',#2462,#2463);
#2462 = CARTESIAN_POINT('',(41.6,-0.8));
#2463 = VECTOR('',#2464,1.);
#2464 = DIRECTION('',(1.,0.));
#2465 = ( GEOMETRIC_REPRESENTATION_CONTEXT(2) 
PARAMETRIC_REPRESENTATION_CONTEXT() REPRESENTATION_CONTEXT('2D SPACE',''
  ) );
#2466 = PCURVE('',#1169,#2467);
#2467 = DEFINITIONAL_REPRESENTATION('',(#2468),#2472);
#2468 = LINE('',#2469,#2470);
#2469 = CARTESIAN_POINT('',(1.570796326795,0.));
#2470 = VECTOR('',#2471,1.);
#2471 = DIRECTION('',(0.,1.));
#2472 = ( GEOMETRIC_REPRESENTATION_CONTEXT(2) 
PARAMETRIC_REPRESENTATION_CONTEXT() REPRESENTATION_CONTEXT('2D SPACE',''
  ) );
#2473 = ORIENTED_EDGE('',*,*,#2235,.T.);
#2474 = ORIENTED_EDGE('',*,*,#478,.T.);
#2475 = ADVANCED_FACE('',(#2476),#721,.F.);
#2476 = FACE_BOUND('',#2477,.F.);
#2477 = EDGE_LOOP('',(#2478,#2479,#2500,#2501));
#2478 = ORIENTED_EDGE('',*,*,#704,.F.);
#2479 = ORIENTED_EDGE('',*,*,#2480,.F.);
#2480 = EDGE_CURVE('',#1229,#705,#2481,.T.);
#2481 = SEAM_CURVE('',#2482,(#2486,#2493),.PCURVE_S1.);
#2482 = LINE('',#2483,#2484);
#2483 = CARTESIAN_POINT('',(121.2,-175.5,21.7));
#2484 = VECTOR('',#2485,1.);
#2485 = DIRECTION('',(0.,1.,0.));
#2486 = PCURVE('',#721,#2487);
#2487 = DEFINITIONAL_REPRESENTATION('',(#2488),#2492);
#2488 = LINE('',#2489,#2490);
#2489 = CARTESIAN_POINT('',(0.,-0.));
#2490 = VECTOR('',#2491,1.);
#2491 = DIRECTION('',(0.,1.));
#2492 = ( GEOMETRIC_REPRESENTATION_CONTEXT(2) 
PARAMETRIC_REPRESENTATION_CONTEXT() REPRESENTATION_CONTEXT('2D SPACE',''
  ) );
#2493 = PCURVE('',#721,#2494);
#2494 = DEFINITIONAL_REPRESENTATION('',(#2495),#2499);
#2495 = LINE('',#2496,#2497);
#2496 = CARTESIAN_POINT('',(6.28318530718,-0.));
#2497 = VECTOR('',#2498,1.);
#2498 = DIRECTION('',(0.,1.));
#2499 = ( GEOMETRIC_REPRESENTATION_CONTEXT(2) 
PARAMETRIC_REPRESENTATION_CONTEXT() REPRESENTATION_CONTEXT('2D SPACE',''
  ) );
#2500 = ORIENTED_EDGE('',*,*,#1228,.T.);
#2501 = ORIENTED_EDGE('',*,*,#2480,.T.);
#2502 = ADVANCED_FACE('',(#2503),#752,.F.);
#2503 = FACE_BOUND('',#2504,.F.);
#2504 = EDGE_LOOP('',(#2505,#2506,#2527,#2528));
#2505 = ORIENTED_EDGE('',*,*,#735,.F.);
#2506 = ORIENTED_EDGE('',*,*,#2507,.F.);
#2507 = EDGE_CURVE('',#1255,#736,#2508,.T.);
#2508 = SEAM_CURVE('',#2509,(#2513,#2520),.PCURVE_S1.);
#2509 = LINE('',#2510,#2511);
#2510 = CARTESIAN_POINT('',(121.2,-175.5,61.7));
#2511 = VECTOR('',#2512,1.);
#2512 = DIRECTION('',(0.,1.,0.));
#2513 = PCURVE('',#752,#2514);
#2514 = DEFINITIONAL_REPRESENTATION('',(#2515),#2519);
#2515 = LINE('',#2516,#2517);
#2516 = CARTESIAN_POINT('',(0.,-0.));
#2517 = VECTOR('',#2518,1.);
#2518 = DIRECTION('',(0.,1.));
#2519 = ( GEOMETRIC_REPRESENTATION_CONTEXT(2) 
PARAMETRIC_REPRESENTATION_CONTEXT() REPRESENTATION_CONTEXT('2D SPACE',''
  ) );
#2520 = PCURVE('',#752,#2521);
#2521 = DEFINITIONAL_REPRESENTATION('',(#2522),#2526);
#2522 = LINE('',#2523,#2524);
#2523 = CARTESIAN_POINT('',(6.28318530718,-0.));
#2524 = VECTOR('',#2525,1.);
#2525 = DIRECTION('',(0.,1.));
#2526 = ( GEOMETRIC_REPRESENTATION_CONTEXT(2) 
PARAMETRIC_REPRESENTATION_CONTEXT() REPRESENTATION_CONTEXT('2D SPACE',''
  ) );
#2527 = ORIENTED_EDGE('',*,*,#1254,.T.);
#2528 = ORIENTED_EDGE('',*,*,#2507,.T.);
#2529 = ADVANCED_FACE('',(#2530),#835,.T.);
#2530 = FACE_BOUND('',#2531,.T.);
#2531 = EDGE_LOOP('',(#2532,#2533,#2534,#2556));
#2532 = ORIENTED_EDGE('',*,*,#818,.T.);
#2533 = ORIENTED_EDGE('',*,*,#878,.T.);
#2534 = ORIENTED_EDGE('',*,*,#2535,.F.);
#2535 = EDGE_CURVE('',#1041,#879,#2536,.T.);
#2536 = SURFACE_CURVE('',#2537,(#2542,#2549),.PCURVE_S1.);
#2537 = CIRCLE('',#2538,0.8);
#2538 = AXIS2_PLACEMENT_3D('',#2539,#2540,#2541);
#2539 = CARTESIAN_POINT('',(125.5,-173.7,16.8));
#2540 = DIRECTION('',(1.,0.,0.));
#2541 = DIRECTION('',(0.,-1.,0.));
#2542 = PCURVE('',#835,#2543);
#2543 = DEFINITIONAL_REPRESENTATION('',(#2544),#2548);
#2544 = LINE('',#2545,#2546);
#2545 = CARTESIAN_POINT('',(0.,5.8));
#2546 = VECTOR('',#2547,1.);
#2547 = DIRECTION('',(1.,0.));
#2548 = ( GEOMETRIC_REPRESENTATION_CONTEXT(2) 
PARAMETRIC_REPRESENTATION_CONTEXT() REPRESENTATION_CONTEXT('2D SPACE',''
  ) );
#2549 = PCURVE('',#1061,#2550);
#2550 = DEFINITIONAL_REPRESENTATION('',(#2551),#2555);
#2551 = LINE('',#2552,#2553);
#2552 = CARTESIAN_POINT('',(6.28318530718,4.712388980385));
#2553 = VECTOR('',#2554,1.);
#2554 = DIRECTION('',(-0.,1.));
#2555 = ( GEOMETRIC_REPRESENTATION_CONTEXT(2) 
PARAMETRIC_REPRESENTATION_CONTEXT() REPRESENTATION_CONTEXT('2D SPACE',''
  ) );
#2556 = ORIENTED_EDGE('',*,*,#1073,.F.);
#2557 = ADVANCED_FACE('',(#2558),#971,.T.);
#2558 = FACE_BOUND('',#2559,.T.);
#2559 = EDGE_LOOP('',(#2560,#2582,#2583,#2584));
#2560 = ORIENTED_EDGE('',*,*,#2561,.T.);
#2561 = EDGE_CURVE('',#1098,#2112,#2562,.T.);
#2562 = SURFACE_CURVE('',#2563,(#2568,#2575),.PCURVE_S1.);
#2563 = CIRCLE('',#2564,0.8);
#2564 = AXIS2_PLACEMENT_3D('',#2565,#2566,#2567);
#2565 = CARTESIAN_POINT('',(125.5,-173.7,63.2));
#2566 = DIRECTION('',(-1.,0.,6.123233995737E-17));
#2567 = DIRECTION('',(6.123233995737E-17,0.,1.));
#2568 = PCURVE('',#971,#2569);
#2569 = DEFINITIONAL_REPRESENTATION('',(#2570),#2574);
#2570 = LINE('',#2571,#2572);
#2571 = CARTESIAN_POINT('',(-4.712388980385,0.));
#2572 = VECTOR('',#2573,1.);
#2573 = DIRECTION('',(1.,0.));
#2574 = ( GEOMETRIC_REPRESENTATION_CONTEXT(2) 
PARAMETRIC_REPRESENTATION_CONTEXT() REPRESENTATION_CONTEXT('2D SPACE',''
  ) );
#2575 = PCURVE('',#1141,#2576);
#2576 = DEFINITIONAL_REPRESENTATION('',(#2577),#2581);
#2577 = LINE('',#2578,#2579);
#2578 = CARTESIAN_POINT('',(4.712388980385,0.));
#2579 = VECTOR('',#2580,1.);
#2580 = DIRECTION('',(-0.,1.));
#2581 = ( GEOMETRIC_REPRESENTATION_CONTEXT(2) 
PARAMETRIC_REPRESENTATION_CONTEXT() REPRESENTATION_CONTEXT('2D SPACE',''
  ) );
#2582 = ORIENTED_EDGE('',*,*,#2111,.T.);
#2583 = ORIENTED_EDGE('',*,*,#956,.F.);
#2584 = ORIENTED_EDGE('',*,*,#1097,.F.);
#2585 = ADVANCED_FACE('',(#2586),#1028,.T.);
#2586 = FACE_BOUND('',#2587,.T.);
#2587 = EDGE_LOOP('',(#2588,#2589,#2590,#2612,#2613));
#2588 = ORIENTED_EDGE('',*,*,#1730,.F.);
#2589 = ORIENTED_EDGE('',*,*,#1012,.F.);
#2590 = ORIENTED_EDGE('',*,*,#2591,.T.);
#2591 = EDGE_CURVE('',#1013,#1282,#2592,.T.);
#2592 = SURFACE_CURVE('',#2593,(#2598,#2605),.PCURVE_S1.);
#2593 = CIRCLE('',#2594,0.8);
#2594 = AXIS2_PLACEMENT_3D('',#2595,#2596,#2597);
#2595 = CARTESIAN_POINT('',(127.2,-173.7,18.5));
#2596 = DIRECTION('',(6.123233995737E-17,-0.,1.));
#2597 = DIRECTION('',(1.,0.,-6.123233995737E-17));
#2598 = PCURVE('',#1028,#2599);
#2599 = DEFINITIONAL_REPRESENTATION('',(#2600),#2604);
#2600 = LINE('',#2601,#2602);
#2601 = CARTESIAN_POINT('',(-4.712388980385,0.));
#2602 = VECTOR('',#2603,1.);
#2603 = DIRECTION('',(1.,0.));
#2604 = ( GEOMETRIC_REPRESENTATION_CONTEXT(2) 
PARAMETRIC_REPRESENTATION_CONTEXT() REPRESENTATION_CONTEXT('2D SPACE',''
  ) );
#2605 = PCURVE('',#1061,#2606);
#2606 = DEFINITIONAL_REPRESENTATION('',(#2607),#2611);
#2607 = LINE('',#2608,#2609);
#2608 = CARTESIAN_POINT('',(4.712388980385,0.));
#2609 = VECTOR('',#2610,1.);
#2610 = DIRECTION('',(-0.,1.));
#2611 = ( GEOMETRIC_REPRESENTATION_CONTEXT(2) 
PARAMETRIC_REPRESENTATION_CONTEXT() REPRESENTATION_CONTEXT('2D SPACE',''
  ) );
#2612 = ORIENTED_EDGE('',*,*,#1427,.T.);
#2613 = ORIENTED_EDGE('',*,*,#1596,.F.);
#2614 = ADVANCED_FACE('',(#2615),#1061,.T.);
#2615 = FACE_BOUND('',#2616,.T.);
#2616 = EDGE_LOOP('',(#2617,#2618,#2619,#2620));
#2617 = ORIENTED_EDGE('',*,*,#1453,.T.);
#2618 = ORIENTED_EDGE('',*,*,#2591,.F.);
#2619 = ORIENTED_EDGE('',*,*,#1040,.F.);
#2620 = ORIENTED_EDGE('',*,*,#2535,.T.);
#2621 = ADVANCED_FACE('',(#2622),#1169,.T.);
#2622 = FACE_BOUND('',#2623,.T.);
#2623 = EDGE_LOOP('',(#2624,#2625,#2626,#2627,#2649));
#2624 = ORIENTED_EDGE('',*,*,#1883,.T.);
#2625 = ORIENTED_EDGE('',*,*,#2354,.T.);
#2626 = ORIENTED_EDGE('',*,*,#2453,.T.);
#2627 = ORIENTED_EDGE('',*,*,#2628,.F.);
#2628 = EDGE_CURVE('',#1121,#2187,#2629,.T.);
#2629 = SURFACE_CURVE('',#2630,(#2635,#2642),.PCURVE_S1.);
#2630 = CIRCLE('',#2631,0.8);
#2631 = AXIS2_PLACEMENT_3D('',#2632,#2633,#2634);
#2632 = CARTESIAN_POINT('',(127.2,-173.7,61.5));
#2633 = DIRECTION('',(-0.,0.,1.));
#2634 = DIRECTION('',(0.,-1.,0.));
#2635 = PCURVE('',#1169,#2636);
#2636 = DEFINITIONAL_REPRESENTATION('',(#2637),#2641);
#2637 = LINE('',#2638,#2639);
#2638 = CARTESIAN_POINT('',(0.,3.9));
#2639 = VECTOR('',#2640,1.);
#2640 = DIRECTION('',(1.,0.));
#2641 = ( GEOMETRIC_REPRESENTATION_CONTEXT(2) 
PARAMETRIC_REPRESENTATION_CONTEXT() REPRESENTATION_CONTEXT('2D SPACE',''
  ) );
#2642 = PCURVE('',#1141,#2643);
#2643 = DEFINITIONAL_REPRESENTATION('',(#2644),#2648);
#2644 = LINE('',#2645,#2646);
#2645 = CARTESIAN_POINT('',(6.28318530718,4.712388980385));
#2646 = VECTOR('',#2647,1.);
#2647 = DIRECTION('',(-0.,1.));
#2648 = ( GEOMETRIC_REPRESENTATION_CONTEXT(2) 
PARAMETRIC_REPRESENTATION_CONTEXT() REPRESENTATION_CONTEXT('2D SPACE',''
  ) );
#2649 = ORIENTED_EDGE('',*,*,#1153,.F.);
#2650 = ADVANCED_FACE('',(#2651),#1141,.T.);
#2651 = FACE_BOUND('',#2652,.T.);
#2652 = EDGE_LOOP('',(#2653,#2654,#2655,#2656));
#2653 = ORIENTED_EDGE('',*,*,#2186,.T.);
#2654 = ORIENTED_EDGE('',*,*,#2561,.F.);
#2655 = ORIENTED_EDGE('',*,*,#1120,.F.);
#2656 = ORIENTED_EDGE('',*,*,#2628,.T.);
#2657 = ( GEOMETRIC_REPRESENTATION_CONTEXT(3) 
GLOBAL_UNCERTAINTY_ASSIGNED_CONTEXT((#2661)) 
GLOBAL_UNIT_ASSIGNED_CONTEXT((#2658,#2659,#2660)) REPRESENTATION_CONTEXT
('Context #1','3D Context with UNIT and UNCERTAINTY') );
#2658 = ( LENGTH_UNIT() NAMED_UNIT(*) SI_UNIT(.MILLI.,.METRE.) );
#2659 = ( NAMED_UNIT(*) PLANE_ANGLE_UNIT() SI_UNIT($,.RADIAN.) );
#2660 = ( NAMED_UNIT(*) SI_UNIT($,.STERADIAN.) SOLID_ANGLE_UNIT() );
#2661 = UNCERTAINTY_MEASURE_WITH_UNIT(LENGTH_MEASURE(1.E-07),#2658,
  'distance_accuracy_value','confusion accuracy');
#2662 = PRODUCT_RELATED_PRODUCT_CATEGORY('part',$,(#7));
ENDSEC;
END-ISO-10303-21;
