ISO-10303-21;
HEADER;
FILE_DESCRIPTION(('Open CASCADE Model'),'2;1');
FILE_NAME('Open CASCADE Shape Model','2026-10-01T17:02:37',('Author'),(
    'Open CASCADE'),'Open CASCADE STEP processor 7.8','Open CASCADE 7.8'
  ,'Unknown');
FILE_SCHEMA(('AUTOMOTIVE_DESIGN { 1 0 10303 214 1 1 1 1 }'));
ENDSEC;
DATA;
#1 = APPLICATION_PROTOCOL_DEFINITION('international standard',
  'automotive_design',2000,#2);
#2 = APPLICATION_CONTEXT(
  'core data for automotive mechanical design processes');
#3 = SHAPE_DEFINITION_REPRESENTATION(#4,#10);
#4 = PRODUCT_DEFINITION_SHAPE('','',#5);
#5 = PRODUCT_DEFINITION('design','',#6,#9);
#6 = PRODUCT_DEFINITION_FORMATION('','',#7);
#7 = PRODUCT('Open CASCADE STEP translator 7.8 23',
  'Open CASCADE STEP translator 7.8 23','',(#8));
#8 = PRODUCT_CONTEXT('',#2,'mechanical');
#9 = PRODUCT_DEFINITION_CONTEXT('part definition',#2,'design');
#10 = ADVANCED_BREP_SHAPE_REPRESENTATION('',(#11,#15),#6297);
#11 = AXIS2_PLACEMENT_3D('',#12,#13,#14);
#12 = CARTESIAN_POINT('',(0.,0.,0.));
#13 = DIRECTION('',(0.,0.,1.));
#14 = DIRECTION('',(1.,0.,-0.));
#15 = MANIFOLD_SOLID_BREP('',#16);
#16 = CLOSED_SHELL('',(#17,#200,#333,#554,#558,#660,#845,#894,#1016,
    #1118,#1324,#1372,#1556,#1780,#1786,#1896,#2134,#2290,#2550,#2598,
    #2722,#2869,#3072,#3183,#3396,#3444,#3592,#3682,#3853,#3902,#4024,
    #4125,#4310,#4359,#4513,#4598,#4763,#4812,#4934,#5046,#5260,#5353,
    #5493,#5544,#5674,#5758,#5918,#6017,#6187,#6235,#6293));
#17 = ADVANCED_FACE('',(#18),#33,.T.);
#18 = FACE_BOUND('',#19,.T.);
#19 = EDGE_LOOP('',(#20,#56,#97,#120,#147,#148,#178));
#20 = ORIENTED_EDGE('',*,*,#21,.F.);
#21 = EDGE_CURVE('',#22,#24,#26,.T.);
#22 = VERTEX_POINT('',#23);
#23 = CARTESIAN_POINT('',(146.95,-33.07474093186,86.39689118242));
#24 = VERTEX_POINT('',#25);
#25 = CARTESIAN_POINT('',(146.95,-33.,86.4));
#26 = SURFACE_CURVE('',#27,(#32,#44),.PCURVE_S1.);
#27 = CIRCLE('',#28,0.9);
#28 = AXIS2_PLACEMENT_3D('',#29,#30,#31);
#29 = CARTESIAN_POINT('',(146.95,-33.,85.5));
#30 = DIRECTION('',(-1.,0.,0.));
#31 = DIRECTION('',(0.,0.,-1.));
#32 = PCURVE('',#33,#38);
#33 = CYLINDRICAL_SURFACE('',#34,0.9);
#34 = AXIS2_PLACEMENT_3D('',#35,#36,#37);
#35 = CARTESIAN_POINT('',(149.95,-33.,85.5));
#36 = DIRECTION('',(-1.,0.,0.));
#37 = DIRECTION('',(0.,0.,-1.));
#38 = DEFINITIONAL_REPRESENTATION('',(#39),#43);
#39 = LINE('',#40,#41);
#40 = CARTESIAN_POINT('',(0.,3.));
#41 = VECTOR('',#42,1.);
#42 = DIRECTION('',(1.,0.));
#43 = ( GEOMETRIC_REPRESENTATION_CONTEXT(2) 
PARAMETRIC_REPRESENTATION_CONTEXT() REPRESENTATION_CONTEXT('2D SPACE',''
  ) );
#44 = PCURVE('',#45,#50);
#45 = SPHERICAL_SURFACE('',#46,0.9);
#46 = AXIS2_PLACEMENT_3D('',#47,#48,#49);
#47 = CARTESIAN_POINT('',(146.95,-33.,85.5));
#48 = DIRECTION('',(0.,0.,1.));
#49 = DIRECTION('',(1.,0.,-0.));
#50 = DEFINITIONAL_REPRESENTATION('',(#51),#55);
#51 = LINE('',#52,#53);
#52 = CARTESIAN_POINT('',(4.712388980385,-1.570796326795));
#53 = VECTOR('',#54,1.);
#54 = DIRECTION('',(0.,1.));
#55 = ( GEOMETRIC_REPRESENTATION_CONTEXT(2) 
PARAMETRIC_REPRESENTATION_CONTEXT() REPRESENTATION_CONTEXT('2D SPACE',''
  ) );
#56 = ORIENTED_EDGE('',*,*,#57,.F.);
#57 = EDGE_CURVE('',#58,#22,#60,.T.);
#58 = VERTEX_POINT('',#59);
#59 = CARTESIAN_POINT('',(147.03938945721,-33.,84.6));
#60 = SURFACE_CURVE('',#61,(#66,#79),.PCURVE_S1.);
#61 = ELLIPSE('',#62,1.403074795942,0.9);
#62 = AXIS2_PLACEMENT_3D('',#63,#64,#65);
#63 = CARTESIAN_POINT('',(146.95,-33.,85.5));
#64 = DIRECTION('',(-0.641448340889,-0.764516253362,-6.370968778013E-02)
  );
#65 = DIRECTION('',(-0.76716623099,0.639232623246,5.326938527049E-02));
#66 = PCURVE('',#33,#67);
#67 = DEFINITIONAL_REPRESENTATION('',(#68),#78);
#68 = B_SPLINE_CURVE_WITH_KNOTS('',8,(#69,#70,#71,#72,#73,#74,#75,#76,
    #77),.UNSPECIFIED.,.F.,.F.,(9,9),(1.6539375587,4.712388980042),
  .PIECEWISE_BEZIER_KNOTS.);
#69 = CARTESIAN_POINT('',(1.676880856394E-11,2.9106105428));
#70 = CARTESIAN_POINT('',(0.382306427684,2.500520574246));
#71 = CARTESIAN_POINT('',(0.764612855352,2.105360517388));
#72 = CARTESIAN_POINT('',(1.146919283018,1.816485217503));
#73 = CARTESIAN_POINT('',(1.529225710689,1.72043563568));
#74 = CARTESIAN_POINT('',(1.911532138352,1.857145388308));
#75 = CARTESIAN_POINT('',(2.293838566023,2.176973492336));
#76 = CARTESIAN_POINT('',(2.676144993691,2.588488571116));
#77 = CARTESIAN_POINT('',(3.058451421358,2.999999999631));
#78 = ( GEOMETRIC_REPRESENTATION_CONTEXT(2) 
PARAMETRIC_REPRESENTATION_CONTEXT() REPRESENTATION_CONTEXT('2D SPACE',''
  ) );
#79 = PCURVE('',#80,#85);
#80 = CYLINDRICAL_SURFACE('',#81,0.9);
#81 = AXIS2_PLACEMENT_3D('',#82,#83,#84);
#82 = CARTESIAN_POINT('',(146.95,-33.,85.5));
#83 = DIRECTION('',(0.177088051942,-0.980795364603,-8.173294705021E-02)
  );
#84 = DIRECTION('',(-0.9840878611,-0.177682530476,-1.734723475977E-18));
#85 = DEFINITIONAL_REPRESENTATION('',(#86),#96);
#86 = B_SPLINE_CURVE_WITH_KNOTS('',8,(#87,#88,#89,#90,#91,#92,#93,#94,
    #95),.UNSPECIFIED.,.F.,.F.,(9,9),(1.6539375587,4.712388980042),
  .PIECEWISE_BEZIER_KNOTS.);
#87 = CARTESIAN_POINT('',(1.668693825222,8.938945719964E-02));
#88 = CARTESIAN_POINT('',(2.05100025289,0.499479425754));
#89 = CARTESIAN_POINT('',(2.433306680561,0.894639482608));
#90 = CARTESIAN_POINT('',(2.815613108214,1.183514782496));
#91 = CARTESIAN_POINT('',(3.197919535913,1.279564364304));
#92 = CARTESIAN_POINT('',(3.580225963546,1.142854611694));
#93 = CARTESIAN_POINT('',(3.962532391231,0.82302650766));
#94 = CARTESIAN_POINT('',(4.344838818896,0.411511428884));
#95 = CARTESIAN_POINT('',(4.727145246564,3.692903760566E-10));
#96 = ( GEOMETRIC_REPRESENTATION_CONTEXT(2) 
PARAMETRIC_REPRESENTATION_CONTEXT() REPRESENTATION_CONTEXT('2D SPACE',''
  ) );
#97 = ORIENTED_EDGE('',*,*,#98,.F.);
#98 = EDGE_CURVE('',#99,#58,#101,.T.);
#99 = VERTEX_POINT('',#100);
#100 = CARTESIAN_POINT('',(149.95,-33.,84.6));
#101 = SEAM_CURVE('',#102,(#106,#113),.PCURVE_S1.);
#102 = LINE('',#103,#104);
#103 = CARTESIAN_POINT('',(149.95,-33.,84.6));
#104 = VECTOR('',#105,1.);
#105 = DIRECTION('',(-1.,0.,0.));
#106 = PCURVE('',#33,#107);
#107 = DEFINITIONAL_REPRESENTATION('',(#108),#112);
#108 = LINE('',#109,#110);
#109 = CARTESIAN_POINT('',(6.28318530718,-0.));
#110 = VECTOR('',#111,1.);
#111 = DIRECTION('',(0.,1.));
#112 = ( GEOMETRIC_REPRESENTATION_CONTEXT(2) 
PARAMETRIC_REPRESENTATION_CONTEXT() REPRESENTATION_CONTEXT('2D SPACE',''
  ) );
#113 = PCURVE('',#33,#114);
#114 = DEFINITIONAL_REPRESENTATION('',(#115),#119);
#115 = LINE('',#116,#117);
#116 = CARTESIAN_POINT('',(0.,-0.));
#117 = VECTOR('',#118,1.);
#118 = DIRECTION('',(0.,1.));
#119 = ( GEOMETRIC_REPRESENTATION_CONTEXT(2) 
PARAMETRIC_REPRESENTATION_CONTEXT() REPRESENTATION_CONTEXT('2D SPACE',''
  ) );
#120 = ORIENTED_EDGE('',*,*,#121,.T.);
#121 = EDGE_CURVE('',#99,#99,#122,.T.);
#122 = SURFACE_CURVE('',#123,(#128,#135),.PCURVE_S1.);
#123 = CIRCLE('',#124,0.9);
#124 = AXIS2_PLACEMENT_3D('',#125,#126,#127);
#125 = CARTESIAN_POINT('',(149.95,-33.,85.5));
#126 = DIRECTION('',(-1.,0.,0.));
#127 = DIRECTION('',(0.,0.,-1.));
#128 = PCURVE('',#33,#129);
#129 = DEFINITIONAL_REPRESENTATION('',(#130),#134);
#130 = LINE('',#131,#132);
#131 = CARTESIAN_POINT('',(0.,0.));
#132 = VECTOR('',#133,1.);
#133 = DIRECTION('',(1.,0.));
#134 = ( GEOMETRIC_REPRESENTATION_CONTEXT(2) 
PARAMETRIC_REPRESENTATION_CONTEXT() REPRESENTATION_CONTEXT('2D SPACE',''
  ) );
#135 = PCURVE('',#136,#141);
#136 = PLANE('',#137);
#137 = AXIS2_PLACEMENT_3D('',#138,#139,#140);
#138 = CARTESIAN_POINT('',(149.95,-33.,85.5));
#139 = DIRECTION('',(-1.,0.,0.));
#140 = DIRECTION('',(0.,0.,-1.));
#141 = DEFINITIONAL_REPRESENTATION('',(#142),#146);
#142 = CIRCLE('',#143,0.9);
#143 = AXIS2_PLACEMENT_2D('',#144,#145);
#144 = CARTESIAN_POINT('',(0.,0.));
#145 = DIRECTION('',(1.,0.));
#146 = ( GEOMETRIC_REPRESENTATION_CONTEXT(2) 
PARAMETRIC_REPRESENTATION_CONTEXT() REPRESENTATION_CONTEXT('2D SPACE',''
  ) );
#147 = ORIENTED_EDGE('',*,*,#98,.T.);
#148 = ORIENTED_EDGE('',*,*,#149,.F.);
#149 = EDGE_CURVE('',#150,#58,#152,.T.);
#150 = VERTEX_POINT('',#151);
#151 = CARTESIAN_POINT('',(146.95,-32.92525906813,84.60310881758));
#152 = SURFACE_CURVE('',#153,(#158,#168),.PCURVE_S1.);
#153 = ELLIPSE('',#154,1.403074795942,0.9);
#154 = AXIS2_PLACEMENT_3D('',#155,#156,#157);
#155 = CARTESIAN_POINT('',(146.95,-33.,85.5));
#156 = DIRECTION('',(-0.641448340889,-0.764516253362,-6.370968778013E-02
    ));
#157 = DIRECTION('',(-0.76716623099,0.639232623246,5.326938527049E-02));
#158 = PCURVE('',#33,#159);
#159 = DEFINITIONAL_REPRESENTATION('',(#160),#167);
#160 = B_SPLINE_CURVE_WITH_KNOTS('',5,(#161,#162,#163,#164,#165,#166),
  .UNSPECIFIED.,.F.,.F.,(6,6),(1.570795770746,1.6539375587),
  .PIECEWISE_BEZIER_KNOTS.);
#161 = CARTESIAN_POINT('',(6.200043519242,3.000000598526));
#162 = CARTESIAN_POINT('',(6.216671876833,2.982101974044));
#163 = CARTESIAN_POINT('',(6.233300234424,2.964203349354));
#164 = CARTESIAN_POINT('',(6.249928592015,2.946315034898));
#165 = CARTESIAN_POINT('',(6.266556949606,2.928447341107));
#166 = CARTESIAN_POINT('',(6.283185307196,2.9106105428));
#167 = ( GEOMETRIC_REPRESENTATION_CONTEXT(2) 
PARAMETRIC_REPRESENTATION_CONTEXT() REPRESENTATION_CONTEXT('2D SPACE',''
  ) );
#168 = PCURVE('',#80,#169);
#169 = DEFINITIONAL_REPRESENTATION('',(#170),#177);
#170 = B_SPLINE_CURVE_WITH_KNOTS('',5,(#171,#172,#173,#174,#175,#176),
  .UNSPECIFIED.,.F.,.F.,(6,6),(1.570795770746,1.6539375587),
  .PIECEWISE_BEZIER_KNOTS.);
#171 = CARTESIAN_POINT('',(1.585552037268,-5.98526312956E-07));
#172 = CARTESIAN_POINT('',(1.602180394859,1.789802595611E-02));
#173 = CARTESIAN_POINT('',(1.61880875245,3.579665064577E-02));
#174 = CARTESIAN_POINT('',(1.635437110041,5.368496510196E-02));
#175 = CARTESIAN_POINT('',(1.652065467632,7.155265889329E-02));
#176 = CARTESIAN_POINT('',(1.668693825222,8.938945719964E-02));
#177 = ( GEOMETRIC_REPRESENTATION_CONTEXT(2) 
PARAMETRIC_REPRESENTATION_CONTEXT() REPRESENTATION_CONTEXT('2D SPACE',''
  ) );
#178 = ORIENTED_EDGE('',*,*,#179,.F.);
#179 = EDGE_CURVE('',#24,#150,#180,.T.);
#180 = SURFACE_CURVE('',#181,(#186,#193),.PCURVE_S1.);
#181 = CIRCLE('',#182,0.9);
#182 = AXIS2_PLACEMENT_3D('',#183,#184,#185);
#183 = CARTESIAN_POINT('',(146.95,-33.,85.5));
#184 = DIRECTION('',(-1.,0.,0.));
#185 = DIRECTION('',(0.,0.,-1.));
#186 = PCURVE('',#33,#187);
#187 = DEFINITIONAL_REPRESENTATION('',(#188),#192);
#188 = LINE('',#189,#190);
#189 = CARTESIAN_POINT('',(0.,3.));
#190 = VECTOR('',#191,1.);
#191 = DIRECTION('',(1.,0.));
#192 = ( GEOMETRIC_REPRESENTATION_CONTEXT(2) 
PARAMETRIC_REPRESENTATION_CONTEXT() REPRESENTATION_CONTEXT('2D SPACE',''
  ) );
#193 = PCURVE('',#45,#194);
#194 = DEFINITIONAL_REPRESENTATION('',(#195),#199);
#195 = LINE('',#196,#197);
#196 = CARTESIAN_POINT('',(1.570796326795,4.712388980385));
#197 = VECTOR('',#198,1.);
#198 = DIRECTION('',(0.,-1.));
#199 = ( GEOMETRIC_REPRESENTATION_CONTEXT(2) 
PARAMETRIC_REPRESENTATION_CONTEXT() REPRESENTATION_CONTEXT('2D SPACE',''
  ) );
#200 = ADVANCED_FACE('',(#201),#45,.T.);
#201 = FACE_BOUND('',#202,.T.);
#202 = EDGE_LOOP('',(#203,#204,#205,#270));
#203 = ORIENTED_EDGE('',*,*,#21,.T.);
#204 = ORIENTED_EDGE('',*,*,#179,.T.);
#205 = ORIENTED_EDGE('',*,*,#206,.F.);
#206 = EDGE_CURVE('',#207,#150,#209,.T.);
#207 = VERTEX_POINT('',#208);
#208 = CARTESIAN_POINT('',(146.06432092501,-33.15991427742,85.5));
#209 = SURFACE_CURVE('',#210,(#215,#263),.PCURVE_S1.);
#210 = CIRCLE('',#211,0.9);
#211 = AXIS2_PLACEMENT_3D('',#212,#213,#214);
#212 = CARTESIAN_POINT('',(146.95,-33.,85.5));
#213 = DIRECTION('',(0.177088051942,-0.980795364603,-8.173294705021E-02)
  );
#214 = DIRECTION('',(-0.9840878611,-0.177682530476,0.));
#215 = PCURVE('',#45,#216);
#216 = DEFINITIONAL_REPRESENTATION('',(#217),#262);
#217 = B_SPLINE_CURVE_WITH_KNOTS('',8,(#218,#219,#220,#221,#222,#223,
    #224,#225,#226,#227,#228,#229,#230,#231,#232,#233,#234,#235,#236,
    #237,#238,#239,#240,#241,#242,#243,#244,#245,#246,#247,#248,#249,
    #250,#251,#252,#253,#254,#255,#256,#257,#258,#259,#260,#261),
  .UNSPECIFIED.,.F.,.F.,(9,7,7,7,7,7,9),(0.,0.792776296659,
    1.189164444988,1.387358519153,1.486455556235,1.536004074776,
    1.585552593317),.UNSPECIFIED.);
#218 = CARTESIAN_POINT('',(3.320223660104,0.));
#219 = CARTESIAN_POINT('',(3.312124167219,-9.876548472775E-02));
#220 = CARTESIAN_POINT('',(3.304023791973,-0.197530932413));
#221 = CARTESIAN_POINT('',(3.295689320605,-0.296286787759));
#222 = CARTESIAN_POINT('',(3.286849986265,-0.395021919816));
#223 = CARTESIAN_POINT('',(3.27727906861,-0.493727094433));
#224 = CARTESIAN_POINT('',(3.266421847651,-0.592379429771));
#225 = CARTESIAN_POINT('',(3.253794351429,-0.690959191295));
#226 = CARTESIAN_POINT('',(3.229300488067,-0.838600375924));
#227 = CARTESIAN_POINT('',(3.220208640629,-0.887775947008));
#228 = CARTESIAN_POINT('',(3.209958850432,-0.936903892341));
#229 = CARTESIAN_POINT('',(3.198163149134,-0.985967954004));
#230 = CARTESIAN_POINT('',(3.184449599697,-1.034953243523));
#231 = CARTESIAN_POINT('',(3.167827691879,-1.083817774629));
#232 = CARTESIAN_POINT('',(3.147337677454,-1.132522753462));
#233 = CARTESIAN_POINT('',(3.10528767866,-1.20510675688));
#234 = CARTESIAN_POINT('',(3.089383999268,-1.229222428224));
#235 = CARTESIAN_POINT('',(3.071136786248,-1.253239986263));
#236 = CARTESIAN_POINT('',(3.049883187969,-1.277129994654));
#237 = CARTESIAN_POINT('',(3.024761566818,-1.300858039283));
#238 = CARTESIAN_POINT('',(2.994241311314,-1.324352861161));
#239 = CARTESIAN_POINT('',(2.956217024487,-1.347528350311));
#240 = CARTESIAN_POINT('',(2.879771496975,-1.381422008614));
#241 = CARTESIAN_POINT('',(2.851055259146,-1.392574962879));
#242 = CARTESIAN_POINT('',(2.818418889206,-1.403550181586));
#243 = CARTESIAN_POINT('',(2.780994510811,-1.414304454849));
#244 = CARTESIAN_POINT('',(2.737533376521,-1.424775655094));
#245 = CARTESIAN_POINT('',(2.686517664564,-1.434879083284));
#246 = CARTESIAN_POINT('',(2.625456239617,-1.444478192556));
#247 = CARTESIAN_POINT('',(2.5148427525,-1.45779203837));
#248 = CARTESIAN_POINT('',(2.474800753538,-1.462049255209));
#249 = CARTESIAN_POINT('',(2.431262687703,-1.466098099589));
#250 = CARTESIAN_POINT('',(2.383890118739,-1.469906733125));
#251 = CARTESIAN_POINT('',(2.33236879843,-1.473436750892));
#252 = CARTESIAN_POINT('',(2.276485457434,-1.476643479911));
#253 = CARTESIAN_POINT('',(2.216243992906,-1.479478944982));
#254 = CARTESIAN_POINT('',(2.087798112977,-1.484316058717));
#255 = CARTESIAN_POINT('',(2.019590329255,-1.486317741409));
#256 = CARTESIAN_POINT('',(1.947776838248,-1.487857346355));
#257 = CARTESIAN_POINT('',(1.87303342759,-1.488892188866));
#258 = CARTESIAN_POINT('',(1.796549938897,-1.489390032179));
#259 = CARTESIAN_POINT('',(1.719806490795,-1.489339082168));
#260 = CARTESIAN_POINT('',(1.644197981062,-1.488751901235));
#261 = CARTESIAN_POINT('',(1.570796326795,-1.487655094906));
#262 = ( GEOMETRIC_REPRESENTATION_CONTEXT(2) 
PARAMETRIC_REPRESENTATION_CONTEXT() REPRESENTATION_CONTEXT('2D SPACE',''
  ) );
#263 = PCURVE('',#80,#264);
#264 = DEFINITIONAL_REPRESENTATION('',(#265),#269);
#265 = LINE('',#266,#267);
#266 = CARTESIAN_POINT('',(0.,0.));
#267 = VECTOR('',#268,1.);
#268 = DIRECTION('',(1.,0.));
#269 = ( GEOMETRIC_REPRESENTATION_CONTEXT(2) 
PARAMETRIC_REPRESENTATION_CONTEXT() REPRESENTATION_CONTEXT('2D SPACE',''
  ) );
#270 = ORIENTED_EDGE('',*,*,#271,.F.);
#271 = EDGE_CURVE('',#22,#207,#272,.T.);
#272 = SURFACE_CURVE('',#273,(#278,#326),.PCURVE_S1.);
#273 = CIRCLE('',#274,0.9);
#274 = AXIS2_PLACEMENT_3D('',#275,#276,#277);
#275 = CARTESIAN_POINT('',(146.95,-33.,85.5));
#276 = DIRECTION('',(0.177088051942,-0.980795364603,-8.173294705021E-02)
  );
#277 = DIRECTION('',(-0.9840878611,-0.177682530476,0.));
#278 = PCURVE('',#45,#279);
#279 = DEFINITIONAL_REPRESENTATION('',(#280),#325);
#280 = B_SPLINE_CURVE_WITH_KNOTS('',8,(#281,#282,#283,#284,#285,#286,
    #287,#288,#289,#290,#291,#292,#293,#294,#295,#296,#297,#298,#299,
    #300,#301,#302,#303,#304,#305,#306,#307,#308,#309,#310,#311,#312,
    #313,#314,#315,#316,#317,#318,#319,#320,#321,#322,#323,#324),
  .UNSPECIFIED.,.F.,.F.,(9,7,7,7,7,7,9),(4.727145246907,4.775771498791,
    4.869984861815,5.046634917485,5.355772514909,5.819478911044,
    6.28318530718),.UNSPECIFIED.);
#281 = CARTESIAN_POINT('',(4.712388980385,1.487655094906));
#282 = CARTESIAN_POINT('',(4.640353580858,1.486578703879));
#283 = CARTESIAN_POINT('',(4.570444820462,1.485011546322));
#284 = CARTESIAN_POINT('',(4.50368440516,1.482978866348));
#285 = CARTESIAN_POINT('',(4.440821956911,1.480520710232));
#286 = CARTESIAN_POINT('',(4.382172703556,1.477683868714));
#287 = CARTESIAN_POINT('',(4.32772851333,1.474514507694));
#288 = CARTESIAN_POINT('',(4.277338944113,1.471053721686));
#289 = CARTESIAN_POINT('',(4.140510292282,1.460139507216));
#290 = CARTESIAN_POINT('',(4.064563925996,1.451984548076));
#291 = CARTESIAN_POINT('',(4.001154786336,1.443139986713));
#292 = CARTESIAN_POINT('',(3.947326313501,1.433800732999));
#293 = CARTESIAN_POINT('',(3.901191923964,1.424080525891));
#294 = CARTESIAN_POINT('',(3.861181172392,1.414066969606));
#295 = CARTESIAN_POINT('',(3.826166775818,1.403818872279));
#296 = CARTESIAN_POINT('',(3.737320800395,1.3738106226));
#297 = CARTESIAN_POINT('',(3.69383378706,1.353573542285));
#298 = CARTESIAN_POINT('',(3.658996696686,1.332963474761));
#299 = CARTESIAN_POINT('',(3.630303859019,1.312083851355));
#300 = CARTESIAN_POINT('',(3.606090908379,1.291015073778));
#301 = CARTESIAN_POINT('',(3.585324086419,1.269798614116));
#302 = CARTESIAN_POINT('',(3.567260999412,1.248468149893));
#303 = CARTESIAN_POINT('',(3.52356501643,1.189557451849));
#304 = CARTESIAN_POINT('',(3.502413763016,1.151788485824));
#305 = CARTESIAN_POINT('',(3.485078017462,1.113861179471));
#306 = CARTESIAN_POINT('',(3.470568829198,1.075816141592));
#307 = CARTESIAN_POINT('',(3.45806276966,1.037688413491));
#308 = CARTESIAN_POINT('',(3.447148261165,0.999494764367));
#309 = CARTESIAN_POINT('',(3.437471819769,0.961250033486));
#310 = CARTESIAN_POINT('',(3.415789643209,0.865534709664));
#311 = CARTESIAN_POINT('',(3.405035961282,0.808012479817));
#312 = CARTESIAN_POINT('',(3.395732805786,0.750430589371));
#313 = CARTESIAN_POINT('',(3.387499615751,0.69280471228));
#314 = CARTESIAN_POINT('',(3.380082483828,0.635145303046));
#315 = CARTESIAN_POINT('',(3.37328596778,0.577460419217));
#316 = CARTESIAN_POINT('',(3.366985763007,0.519755158198));
#317 = CARTESIAN_POINT('',(3.355161042348,0.404312805188));
#318 = CARTESIAN_POINT('',(3.349636986641,0.346575693531));
#319 = CARTESIAN_POINT('',(3.344397404879,0.288826912576));
#320 = CARTESIAN_POINT('',(3.33936639175,0.231069578048));
#321 = CARTESIAN_POINT('',(3.334484180397,0.173306141605));
#322 = CARTESIAN_POINT('',(3.329698799077,0.115538734622));
#323 = CARTESIAN_POINT('',(3.324961171394,5.776936971841E-02));
#324 = CARTESIAN_POINT('',(3.320223660104,0.));
#325 = ( GEOMETRIC_REPRESENTATION_CONTEXT(2) 
PARAMETRIC_REPRESENTATION_CONTEXT() REPRESENTATION_CONTEXT('2D SPACE',''
  ) );
#326 = PCURVE('',#80,#327);
#327 = DEFINITIONAL_REPRESENTATION('',(#328),#332);
#328 = LINE('',#329,#330);
#329 = CARTESIAN_POINT('',(0.,0.));
#330 = VECTOR('',#331,1.);
#331 = DIRECTION('',(1.,0.));
#332 = ( GEOMETRIC_REPRESENTATION_CONTEXT(2) 
PARAMETRIC_REPRESENTATION_CONTEXT() REPRESENTATION_CONTEXT('2D SPACE',''
  ) );
#333 = ADVANCED_FACE('',(#334),#80,.T.);
#334 = FACE_BOUND('',#335,.T.);
#335 = EDGE_LOOP('',(#336,#457,#496,#517,#518,#519,#520,#521,#522));
#336 = ORIENTED_EDGE('',*,*,#337,.T.);
#337 = EDGE_CURVE('',#338,#340,#342,.T.);
#338 = VERTEX_POINT('',#339);
#339 = CARTESIAN_POINT('',(147.41970718829,-36.7055046824,
    86.075421763516));
#340 = VERTEX_POINT('',#341);
#341 = CARTESIAN_POINT('',(147.7802928117,-36.49449531759,
    84.324578236484));
#342 = SURFACE_CURVE('',#343,(#348,#355),.PCURVE_S1.);
#343 = CIRCLE('',#344,0.9);
#344 = AXIS2_PLACEMENT_3D('',#345,#346,#347);
#345 = CARTESIAN_POINT('',(147.6,-36.6,85.2));
#346 = DIRECTION('',(-0.177088051942,0.980795364603,8.173294705021E-02)
  );
#347 = DIRECTION('',(-0.200325346342,-0.117227424897,0.972690848351));
#348 = PCURVE('',#80,#349);
#349 = DEFINITIONAL_REPRESENTATION('',(#350),#354);
#350 = LINE('',#351,#352);
#351 = CARTESIAN_POINT('',(4.932119886455,3.670490430447));
#352 = VECTOR('',#353,1.);
#353 = DIRECTION('',(-1.,-0.));
#354 = ( GEOMETRIC_REPRESENTATION_CONTEXT(2) 
PARAMETRIC_REPRESENTATION_CONTEXT() REPRESENTATION_CONTEXT('2D SPACE',''
  ) );
#355 = PCURVE('',#356,#361);
#356 = SPHERICAL_SURFACE('',#357,0.9);
#357 = AXIS2_PLACEMENT_3D('',#358,#359,#360);
#358 = CARTESIAN_POINT('',(147.6,-36.6,85.2));
#359 = DIRECTION('',(0.,0.,1.));
#360 = DIRECTION('',(1.,0.,-0.));
#361 = DEFINITIONAL_REPRESENTATION('',(#362),#456);
#362 = B_SPLINE_CURVE_WITH_KNOTS('',8,(#363,#364,#365,#366,#367,#368,
    #369,#370,#371,#372,#373,#374,#375,#376,#377,#378,#379,#380,#381,
    #382,#383,#384,#385,#386,#387,#388,#389,#390,#391,#392,#393,#394,
    #395,#396,#397,#398,#399,#400,#401,#402,#403,#404,#405,#406,#407,
    #408,#409,#410,#411,#412,#413,#414,#415,#416,#417,#418,#419,#420,
    #421,#422,#423,#424,#425,#426,#427,#428,#429,#430,#431,#432,#433,
    #434,#435,#436,#437,#438,#439,#440,#441,#442,#443,#444,#445,#446,
    #447,#448,#449,#450,#451,#452,#453,#454,#455),.UNSPECIFIED.,.F.,.F.,
  (9,7,7,7,7,7,7,7,7,7,7,7,7,9),(0.,7.650785666753E-02,0.153015713335,
    0.204020951113,0.272027934818,0.362703913091,0.483605217454,
    0.644806956605,1.028834053554,1.412861150502,2.180915344399,
    2.692951473663,2.985543547528,3.14159265359),.UNSPECIFIED.);
#363 = CARTESIAN_POINT('',(3.671047680983,1.336555582423));
#364 = CARTESIAN_POINT('',(3.685556964538,1.345506503337));
#365 = CARTESIAN_POINT('',(3.70131034912,1.354403086623));
#366 = CARTESIAN_POINT('',(3.71848880092,1.363237121263));
#367 = CARTESIAN_POINT('',(3.737314597583,1.371998187634));
#368 = CARTESIAN_POINT('',(3.758061525371,1.380673421129));
#369 = CARTESIAN_POINT('',(3.78107546157,1.389246309788));
#370 = CARTESIAN_POINT('',(3.806805342123,1.39769452595));
#371 = CARTESIAN_POINT('',(3.864883686875,1.414279057869));
#372 = CARTESIAN_POINT('',(3.897233389815,1.42241530329));
#373 = CARTESIAN_POINT('',(3.933479067497,1.430364440798));
#374 = CARTESIAN_POINT('',(3.974381044134,1.438084982723));
#375 = CARTESIAN_POINT('',(4.020827793598,1.445524187071));
#376 = CARTESIAN_POINT('',(4.07398581762,1.452608882192));
#377 = CARTESIAN_POINT('',(4.135264729862,1.459235672626));
#378 = CARTESIAN_POINT('',(4.252683752118,1.469289932553));
#379 = CARTESIAN_POINT('',(4.303726874735,1.47304758941));
#380 = CARTESIAN_POINT('',(4.359158836065,1.476500758774));
#381 = CARTESIAN_POINT('',(4.419198852641,1.479603563358));
#382 = CARTESIAN_POINT('',(4.483934680486,1.482303343392));
#383 = CARTESIAN_POINT('',(4.553090334151,1.484545338184));
#384 = CARTESIAN_POINT('',(4.625865077743,1.48628142345));
#385 = CARTESIAN_POINT('',(4.801436303608,1.489080278995));
#386 = CARTESIAN_POINT('',(4.906154523261,1.489725534361));
#387 = CARTESIAN_POINT('',(5.012542984874,1.489344504329));
#388 = CARTESIAN_POINT('',(5.116829266171,1.487911665323));
#389 = CARTESIAN_POINT('',(5.214687491538,1.485503300738));
#390 = CARTESIAN_POINT('',(5.304796308938,1.482254314038));
#391 = CARTESIAN_POINT('',(5.386684484069,1.478287956748));
#392 = CARTESIAN_POINT('',(5.559253748012,1.467626246824));
#393 = CARTESIAN_POINT('',(5.643764971885,1.460461709725));
#394 = CARTESIAN_POINT('',(5.714808727542,1.452494560241));
#395 = CARTESIAN_POINT('',(5.775163707796,1.443950582816));
#396 = CARTESIAN_POINT('',(5.826930367664,1.434961809073));
#397 = CARTESIAN_POINT('',(5.871756594933,1.425630904652));
#398 = CARTESIAN_POINT('',(5.910928540016,1.416027184323));
#399 = CARTESIAN_POINT('',(5.991444135136,1.393105373128));
#400 = CARTESIAN_POINT('',(6.02915972745,1.379616208199));
#401 = CARTESIAN_POINT('',(6.060935063796,1.365860209829));
#402 = CARTESIAN_POINT('',(6.088209590537,1.35190467083));
#403 = CARTESIAN_POINT('',(6.111947263999,1.337793916347));
#404 = CARTESIAN_POINT('',(6.132844834718,1.323560418956));
#405 = CARTESIAN_POINT('',(6.151415088884,1.309226454003));
#406 = CARTESIAN_POINT('',(6.190229523998,1.275587159506));
#407 = CARTESIAN_POINT('',(6.208968625078,1.256217319098));
#408 = CARTESIAN_POINT('',(6.225193263364,1.236741055331));
#409 = CARTESIAN_POINT('',(6.239452713967,1.21718199328));
#410 = CARTESIAN_POINT('',(6.252129224057,1.197556469049));
#411 = CARTESIAN_POINT('',(6.263510864179,1.177876797879));
#412 = CARTESIAN_POINT('',(6.273806917915,1.15815179104));
#413 = CARTESIAN_POINT('',(6.305527222485,1.091307051653));
#414 = CARTESIAN_POINT('',(6.322660640755,1.044008534731));
#415 = CARTESIAN_POINT('',(6.336825677049,0.996587472592));
#416 = CARTESIAN_POINT('',(6.348785635126,0.949075169432));
#417 = CARTESIAN_POINT('',(6.359191907789,0.901498935715));
#418 = CARTESIAN_POINT('',(6.36836342231,0.853871787196));
#419 = CARTESIAN_POINT('',(6.376579958921,0.806205355445));
#420 = CARTESIAN_POINT('',(6.391473193038,0.710809156708));
#421 = CARTESIAN_POINT('',(6.398150845176,0.663079431583));
#422 = CARTESIAN_POINT('',(6.404247758445,0.615325845171));
#423 = CARTESIAN_POINT('',(6.409888564283,0.567553528951));
#424 = CARTESIAN_POINT('',(6.415161313917,0.519766103016));
#425 = CARTESIAN_POINT('',(6.420134961963,0.471966401166));
#426 = CARTESIAN_POINT('',(6.424867319216,0.42415679948));
#427 = CARTESIAN_POINT('',(6.438475785453,0.280703846131));
#428 = CARTESIAN_POINT('',(6.446764462326,0.185036395179));
#429 = CARTESIAN_POINT('',(6.454639951937,8.935200549623E-02));
#430 = CARTESIAN_POINT('',(6.462325858026,-6.340157095954E-03));
#431 = CARTESIAN_POINT('',(6.470021716165,-0.102031911648));
#432 = CARTESIAN_POINT('',(6.477927881709,-0.197715043674));
#433 = CARTESIAN_POINT('',(6.486272116087,-0.29338021662));
#434 = CARTESIAN_POINT('',(6.50154768364,-0.452766025941));
#435 = CARTESIAN_POINT('',(6.508022049521,-0.516505411243));
#436 = CARTESIAN_POINT('',(6.514979693329,-0.580224959492));
#437 = CARTESIAN_POINT('',(6.522551545307,-0.643919307569));
#438 = CARTESIAN_POINT('',(6.530952542723,-0.707579598222));
#439 = CARTESIAN_POINT('',(6.540457987655,-0.771194504883));
#440 = CARTESIAN_POINT('',(6.551482471137,-0.834746971353));
#441 = CARTESIAN_POINT('',(6.57266111202,-0.934456244107));
#442 = CARTESIAN_POINT('',(6.581162523639,-0.970681185107));
#443 = CARTESIAN_POINT('',(6.590647919476,-1.006865499294));
#444 = CARTESIAN_POINT('',(6.601331471453,-1.043000385261));
#445 = CARTESIAN_POINT('',(6.613568164625,-1.079070980706));
#446 = CARTESIAN_POINT('',(6.627824309591,-1.115057862549));
#447 = CARTESIAN_POINT('',(6.644812213647,-1.150931361973));
#448 = CARTESIAN_POINT('',(6.67744305141,-1.20566175914));
#449 = CARTESIAN_POINT('',(6.690014062158,-1.224647294059));
#450 = CARTESIAN_POINT('',(6.704048255408,-1.243571344529));
#451 = CARTESIAN_POINT('',(6.719848889414,-1.262421107226));
#452 = CARTESIAN_POINT('',(6.737848163889,-1.281177779675));
#453 = CARTESIAN_POINT('',(6.758627370579,-1.299816194094));
#454 = CARTESIAN_POINT('',(6.783046501637,-1.318298853402));
#455 = CARTESIAN_POINT('',(6.812640334572,-1.336555582423));
#456 = ( GEOMETRIC_REPRESENTATION_CONTEXT(2) 
PARAMETRIC_REPRESENTATION_CONTEXT() REPRESENTATION_CONTEXT('2D SPACE',''
  ) );
#457 = ORIENTED_EDGE('',*,*,#458,.F.);
#458 = EDGE_CURVE('',#459,#340,#461,.T.);
#459 = VERTEX_POINT('',#460);
#460 = CARTESIAN_POINT('',(146.63158411575,-36.30167964152,
    85.238186219658));
#461 = SURFACE_CURVE('',#462,(#467,#479),.PCURVE_S1.);
#462 = ELLIPSE('',#463,1.019397049034,0.9);
#463 = AXIS2_PLACEMENT_3D('',#464,#465,#466);
#464 = CARTESIAN_POINT('',(147.6,-36.6,85.2));
#465 = DIRECTION('',(-0.296164299883,-0.939121509544,-0.174176628128));
#466 = DIRECTION('',(0.933893175416,-0.322968297459,0.153411263435));
#467 = PCURVE('',#80,#468);
#468 = DEFINITIONAL_REPRESENTATION('',(#469),#478);
#469 = B_SPLINE_CURVE_WITH_KNOTS('',7,(#470,#471,#472,#473,#474,#475,
    #476,#477),.UNSPECIFIED.,.F.,.F.,(8,8),(2.92186174752,4.712388981442
    ),.PIECEWISE_BEZIER_KNOTS.);
#470 = CARTESIAN_POINT('',(3.947459643112E-13,3.203283251013));
#471 = CARTESIAN_POINT('',(0.255789604846,3.176592987605));
#472 = CARTESIAN_POINT('',(0.511579209692,3.185567598292));
#473 = CARTESIAN_POINT('',(0.767368814538,3.233046718594));
#474 = CARTESIAN_POINT('',(1.023158419385,3.316216699085));
#475 = CARTESIAN_POINT('',(1.27894802423,3.425589934594));
#476 = CARTESIAN_POINT('',(1.534737629076,3.548039497839));
#477 = CARTESIAN_POINT('',(1.790527233922,3.670490430953));
#478 = ( GEOMETRIC_REPRESENTATION_CONTEXT(2) 
PARAMETRIC_REPRESENTATION_CONTEXT() REPRESENTATION_CONTEXT('2D SPACE',''
  ) );
#479 = PCURVE('',#480,#485);
#480 = CYLINDRICAL_SURFACE('',#481,0.9);
#481 = AXIS2_PLACEMENT_3D('',#482,#483,#484);
#482 = CARTESIAN_POINT('',(147.6,-36.6,85.2));
#483 = DIRECTION('',(-0.700040065875,-0.677458128266,-0.225819376089));
#484 = DIRECTION('',(0.695421427516,-0.718602141767,0.));
#485 = DEFINITIONAL_REPRESENTATION('',(#486),#495);
#486 = B_SPLINE_CURVE_WITH_KNOTS('',7,(#487,#488,#489,#490,#491,#492,
    #493,#494),.UNSPECIFIED.,.F.,.F.,(8,8),(2.92186174752,4.712388981442
    ),.PIECEWISE_BEZIER_KNOTS.);
#487 = CARTESIAN_POINT('',(2.976960281472,0.467207179433));
#488 = CARTESIAN_POINT('',(3.232749886318,0.493897442841));
#489 = CARTESIAN_POINT('',(3.488539491164,0.484922832155));
#490 = CARTESIAN_POINT('',(3.744329096009,0.437443711852));
#491 = CARTESIAN_POINT('',(4.000118700858,0.354273731362));
#492 = CARTESIAN_POINT('',(4.255908305701,0.244900495852));
#493 = CARTESIAN_POINT('',(4.511697910548,0.122450932607));
#494 = CARTESIAN_POINT('',(4.767487515394,-5.063327535026E-10));
#495 = ( GEOMETRIC_REPRESENTATION_CONTEXT(2) 
PARAMETRIC_REPRESENTATION_CONTEXT() REPRESENTATION_CONTEXT('2D SPACE',''
  ) );
#496 = ORIENTED_EDGE('',*,*,#497,.F.);
#497 = EDGE_CURVE('',#207,#459,#498,.T.);
#498 = SEAM_CURVE('',#499,(#503,#510),.PCURVE_S1.);
#499 = LINE('',#500,#501);
#500 = CARTESIAN_POINT('',(146.06432092501,-33.15991427742,85.5));
#501 = VECTOR('',#502,1.);
#502 = DIRECTION('',(0.177088051942,-0.980795364603,-8.173294705021E-02)
  );
#503 = PCURVE('',#80,#504);
#504 = DEFINITIONAL_REPRESENTATION('',(#505),#509);
#505 = LINE('',#506,#507);
#506 = CARTESIAN_POINT('',(0.,-0.));
#507 = VECTOR('',#508,1.);
#508 = DIRECTION('',(0.,1.));
#509 = ( GEOMETRIC_REPRESENTATION_CONTEXT(2) 
PARAMETRIC_REPRESENTATION_CONTEXT() REPRESENTATION_CONTEXT('2D SPACE',''
  ) );
#510 = PCURVE('',#80,#511);
#511 = DEFINITIONAL_REPRESENTATION('',(#512),#516);
#512 = LINE('',#513,#514);
#513 = CARTESIAN_POINT('',(6.28318530718,-0.));
#514 = VECTOR('',#515,1.);
#515 = DIRECTION('',(0.,1.));
#516 = ( GEOMETRIC_REPRESENTATION_CONTEXT(2) 
PARAMETRIC_REPRESENTATION_CONTEXT() REPRESENTATION_CONTEXT('2D SPACE',''
  ) );
#517 = ORIENTED_EDGE('',*,*,#206,.T.);
#518 = ORIENTED_EDGE('',*,*,#149,.T.);
#519 = ORIENTED_EDGE('',*,*,#57,.T.);
#520 = ORIENTED_EDGE('',*,*,#271,.T.);
#521 = ORIENTED_EDGE('',*,*,#497,.T.);
#522 = ORIENTED_EDGE('',*,*,#523,.F.);
#523 = EDGE_CURVE('',#338,#459,#524,.T.);
#524 = SURFACE_CURVE('',#525,(#530,#542),.PCURVE_S1.);
#525 = ELLIPSE('',#526,1.019397049034,0.9);
#526 = AXIS2_PLACEMENT_3D('',#527,#528,#529);
#527 = CARTESIAN_POINT('',(147.6,-36.6,85.2));
#528 = DIRECTION('',(-0.296164299883,-0.939121509544,-0.174176628128));
#529 = DIRECTION('',(0.933893175416,-0.322968297459,0.153411263435));
#530 = PCURVE('',#80,#531);
#531 = DEFINITIONAL_REPRESENTATION('',(#532),#541);
#532 = B_SPLINE_CURVE_WITH_KNOTS('',7,(#533,#534,#535,#536,#537,#538,
    #539,#540),.UNSPECIFIED.,.F.,.F.,(8,8),(1.570795070018,2.92186174752
    ),.PIECEWISE_BEZIER_KNOTS.);
#533 = CARTESIAN_POINT('',(4.932118629677,3.670491032088));
#534 = CARTESIAN_POINT('',(5.125128155035,3.578094015039));
#535 = CARTESIAN_POINT('',(5.318137680392,3.485697087563));
#536 = CARTESIAN_POINT('',(5.51114720575,3.398921322361));
#537 = CARTESIAN_POINT('',(5.704156731107,3.323392160225));
#538 = CARTESIAN_POINT('',(5.897166256465,3.263867889614));
#539 = CARTESIAN_POINT('',(6.090175781822,3.223422752284));
#540 = CARTESIAN_POINT('',(6.28318530718,3.203283251013));
#541 = ( GEOMETRIC_REPRESENTATION_CONTEXT(2) 
PARAMETRIC_REPRESENTATION_CONTEXT() REPRESENTATION_CONTEXT('2D SPACE',''
  ) );
#542 = PCURVE('',#480,#543);
#543 = DEFINITIONAL_REPRESENTATION('',(#544),#553);
#544 = B_SPLINE_CURVE_WITH_KNOTS('',7,(#545,#546,#547,#548,#549,#550,
    #551,#552),.UNSPECIFIED.,.F.,.F.,(8,8),(1.570795070018,2.92186174752
    ),.PIECEWISE_BEZIER_KNOTS.);
#545 = CARTESIAN_POINT('',(1.625893603969,-6.01641190201E-07));
#546 = CARTESIAN_POINT('',(1.818903129327,9.239641540759E-02));
#547 = CARTESIAN_POINT('',(2.011912654684,0.184793342883));
#548 = CARTESIAN_POINT('',(2.204922180042,0.271569108085));
#549 = CARTESIAN_POINT('',(2.397931705399,0.347098270223));
#550 = CARTESIAN_POINT('',(2.590941230757,0.406622540833));
#551 = CARTESIAN_POINT('',(2.783950756114,0.447067678162));
#552 = CARTESIAN_POINT('',(2.976960281472,0.467207179433));
#553 = ( GEOMETRIC_REPRESENTATION_CONTEXT(2) 
PARAMETRIC_REPRESENTATION_CONTEXT() REPRESENTATION_CONTEXT('2D SPACE',''
  ) );
#554 = ADVANCED_FACE('',(#555),#136,.F.);
#555 = FACE_BOUND('',#556,.T.);
#556 = EDGE_LOOP('',(#557));
#557 = ORIENTED_EDGE('',*,*,#121,.F.);
#558 = ADVANCED_FACE('',(#559),#356,.T.);
#559 = FACE_BOUND('',#560,.T.);
#560 = EDGE_LOOP('',(#561,#562,#613));
#561 = ORIENTED_EDGE('',*,*,#337,.F.);
#562 = ORIENTED_EDGE('',*,*,#563,.F.);
#563 = EDGE_CURVE('',#564,#338,#566,.T.);
#564 = VERTEX_POINT('',#565);
#565 = CARTESIAN_POINT('',(148.22587928476,-37.24674192759,85.2));
#566 = SURFACE_CURVE('',#567,(#572,#606),.PCURVE_S1.);
#567 = CIRCLE('',#568,0.9);
#568 = AXIS2_PLACEMENT_3D('',#569,#570,#571);
#569 = CARTESIAN_POINT('',(147.6,-36.6,85.2));
#570 = DIRECTION('',(-0.700040065875,-0.677458128266,-0.225819376089));
#571 = DIRECTION('',(0.695421427516,-0.718602141767,-1.387778780781E-17)
  );
#572 = PCURVE('',#356,#573);
#573 = DEFINITIONAL_REPRESENTATION('',(#574),#605);
#574 = B_SPLINE_CURVE_WITH_KNOTS('',8,(#575,#576,#577,#578,#579,#580,
    #581,#582,#583,#584,#585,#586,#587,#588,#589,#590,#591,#592,#593,
    #594,#595,#596,#597,#598,#599,#600,#601,#602,#603,#604),
  .UNSPECIFIED.,.F.,.F.,(9,7,7,7,9),(0.,0.812947430373,1.21942114556,
    1.422658003153,1.625894860746),.UNSPECIFIED.);
#575 = CARTESIAN_POINT('',(5.481395169474,0.));
#576 = CARTESIAN_POINT('',(5.458447759284,9.899354239885E-02));
#577 = CARTESIAN_POINT('',(5.435498750754,0.197986850458));
#578 = CARTESIAN_POINT('',(5.41187660727,0.29690250822));
#579 = CARTESIAN_POINT('',(5.386840753788,0.39565304904));
#580 = CARTESIAN_POINT('',(5.35967710723,0.494159240866));
#581 = CARTESIAN_POINT('',(5.328939565226,0.592245446886));
#582 = CARTESIAN_POINT('',(5.293110881701,0.689741960608));
#583 = CARTESIAN_POINT('',(5.224181250125,0.834177245822));
#584 = CARTESIAN_POINT('',(5.19867215078,0.882021180746));
#585 = CARTESIAN_POINT('',(5.170003265876,0.929483101901));
#586 = CARTESIAN_POINT('',(5.13730609609,0.976465516699));
#587 = CARTESIAN_POINT('',(5.099364997713,1.022802333142));
#588 = CARTESIAN_POINT('',(5.054406710631,1.068267816322));
#589 = CARTESIAN_POINT('',(4.999501394532,1.11249294228));
#590 = CARTESIAN_POINT('',(4.894186220445,1.175706973383));
#591 = CARTESIAN_POINT('',(4.855255203837,1.196257377842));
#592 = CARTESIAN_POINT('',(4.811835079611,1.216182247034));
#593 = CARTESIAN_POINT('',(4.763103208253,1.235341970333));
#594 = CARTESIAN_POINT('',(4.708104572453,1.253562350479));
#595 = CARTESIAN_POINT('',(4.645669520699,1.270603058051));
#596 = CARTESIAN_POINT('',(4.574607240114,1.286136730395));
#597 = CARTESIAN_POINT('',(4.414512873476,1.313425935543));
#598 = CARTESIAN_POINT('',(4.325482811869,1.325182195579));
#599 = CARTESIAN_POINT('',(4.22708823858,1.334665031912));
#600 = CARTESIAN_POINT('',(4.119907291795,1.341463115334));
#601 = CARTESIAN_POINT('',(4.005589254624,1.345103440192));
#602 = CARTESIAN_POINT('',(3.890017704592,1.345373040064));
#603 = CARTESIAN_POINT('',(3.777537097775,1.342427548442));
#604 = CARTESIAN_POINT('',(3.671047680983,1.336555582423));
#605 = ( GEOMETRIC_REPRESENTATION_CONTEXT(2) 
PARAMETRIC_REPRESENTATION_CONTEXT() REPRESENTATION_CONTEXT('2D SPACE',''
  ) );
#606 = PCURVE('',#480,#607);
#607 = DEFINITIONAL_REPRESENTATION('',(#608),#612);
#608 = LINE('',#609,#610);
#609 = CARTESIAN_POINT('',(0.,0.));
#610 = VECTOR('',#611,1.);
#611 = DIRECTION('',(1.,0.));
#612 = ( GEOMETRIC_REPRESENTATION_CONTEXT(2) 
PARAMETRIC_REPRESENTATION_CONTEXT() REPRESENTATION_CONTEXT('2D SPACE',''
  ) );
#613 = ORIENTED_EDGE('',*,*,#614,.T.);
#614 = EDGE_CURVE('',#564,#340,#615,.T.);
#615 = SURFACE_CURVE('',#616,(#621,#653),.PCURVE_S1.);
#616 = CIRCLE('',#617,0.9);
#617 = AXIS2_PLACEMENT_3D('',#618,#619,#620);
#618 = CARTESIAN_POINT('',(147.6,-36.6,85.2));
#619 = DIRECTION('',(0.700040065875,0.677458128266,0.225819376089));
#620 = DIRECTION('',(0.695421427516,-0.718602141767,0.));
#621 = PCURVE('',#356,#622);
#622 = DEFINITIONAL_REPRESENTATION('',(#623),#652);
#623 = B_SPLINE_CURVE_WITH_KNOTS('',8,(#624,#625,#626,#627,#628,#629,
    #630,#631,#632,#633,#634,#635,#636,#637,#638,#639,#640,#641,#642,
    #643,#644,#645,#646,#647,#648,#649,#650,#651),.UNSPECIFIED.,.F.,.F.,
  (9,7,7,5,9),(0.,0.593094220463,1.186188440925,1.355643932486,
    1.515697792843),.UNSPECIFIED.);
#624 = CARTESIAN_POINT('',(5.481395169474,0.));
#625 = CARTESIAN_POINT('',(5.498136690327,-7.222176449088E-02));
#626 = CARTESIAN_POINT('',(5.514877952658,-0.144443563113));
#627 = CARTESIAN_POINT('',(5.53188675987,-0.216634329782));
#628 = CARTESIAN_POINT('',(5.549424733298,-0.288763812247));
#629 = CARTESIAN_POINT('',(5.567798600462,-0.360796286226));
#630 = CARTESIAN_POINT('',(5.587376128887,-0.432688900546));
#631 = CARTESIAN_POINT('',(5.608651940824,-0.504383801713));
#632 = CARTESIAN_POINT('',(5.656244947598,-0.647182571021));
#633 = CARTESIAN_POINT('',(5.682562300281,-0.718285600344));
#634 = CARTESIAN_POINT('',(5.712225729483,-0.789001017277));
#635 = CARTESIAN_POINT('',(5.746405616108,-0.85916151162));
#636 = CARTESIAN_POINT('',(5.786792549643,-0.928626684792));
#637 = CARTESIAN_POINT('',(5.836374459122,-0.996919249385));
#638 = CARTESIAN_POINT('',(5.899587752064,-1.063635732978));
#639 = CARTESIAN_POINT('',(6.016198018086,-1.144726072258));
#640 = CARTESIAN_POINT('',(6.044354909325,-1.162448394692));
#641 = CARTESIAN_POINT('',(6.075076330598,-1.179824568755));
#642 = CARTESIAN_POINT('',(6.108748995697,-1.196794314968));
#643 = CARTESIAN_POINT('',(6.145823991122,-1.213282874703));
#644 = CARTESIAN_POINT('',(6.225588836181,-1.24422310019));
#645 = CARTESIAN_POINT('',(6.322633974091,-1.272510420174));
#646 = CARTESIAN_POINT('',(6.441297389811,-1.296980316939));
#647 = CARTESIAN_POINT('',(6.504502472676,-1.307804904314));
#648 = CARTESIAN_POINT('',(6.573602034951,-1.317381899894));
#649 = CARTESIAN_POINT('',(6.648629318395,-1.325492342275));
#650 = CARTESIAN_POINT('',(6.728777385466,-1.331931269488));
#651 = CARTESIAN_POINT('',(6.812640334572,-1.336555582423));
#652 = ( GEOMETRIC_REPRESENTATION_CONTEXT(2) 
PARAMETRIC_REPRESENTATION_CONTEXT() REPRESENTATION_CONTEXT('2D SPACE',''
  ) );
#653 = PCURVE('',#480,#654);
#654 = DEFINITIONAL_REPRESENTATION('',(#655),#659);
#655 = LINE('',#656,#657);
#656 = CARTESIAN_POINT('',(6.28318530718,0.));
#657 = VECTOR('',#658,1.);
#658 = DIRECTION('',(-1.,-0.));
#659 = ( GEOMETRIC_REPRESENTATION_CONTEXT(2) 
PARAMETRIC_REPRESENTATION_CONTEXT() REPRESENTATION_CONTEXT('2D SPACE',''
  ) );
#660 = ADVANCED_FACE('',(#661),#480,.T.);
#661 = FACE_BOUND('',#662,.T.);
#662 = EDGE_LOOP('',(#663,#686,#754,#795,#840,#841,#842,#843,#844));
#663 = ORIENTED_EDGE('',*,*,#664,.T.);
#664 = EDGE_CURVE('',#564,#665,#667,.T.);
#665 = VERTEX_POINT('',#666);
#666 = CARTESIAN_POINT('',(145.12587928476,-40.24674192759,84.2));
#667 = SEAM_CURVE('',#668,(#672,#679),.PCURVE_S1.);
#668 = LINE('',#669,#670);
#669 = CARTESIAN_POINT('',(148.22587928476,-37.24674192759,85.2));
#670 = VECTOR('',#671,1.);
#671 = DIRECTION('',(-0.700040065875,-0.677458128266,-0.225819376089));
#672 = PCURVE('',#480,#673);
#673 = DEFINITIONAL_REPRESENTATION('',(#674),#678);
#674 = LINE('',#675,#676);
#675 = CARTESIAN_POINT('',(6.28318530718,-0.));
#676 = VECTOR('',#677,1.);
#677 = DIRECTION('',(0.,1.));
#678 = ( GEOMETRIC_REPRESENTATION_CONTEXT(2) 
PARAMETRIC_REPRESENTATION_CONTEXT() REPRESENTATION_CONTEXT('2D SPACE',''
  ) );
#679 = PCURVE('',#480,#680);
#680 = DEFINITIONAL_REPRESENTATION('',(#681),#685);
#681 = LINE('',#682,#683);
#682 = CARTESIAN_POINT('',(0.,-0.));
#683 = VECTOR('',#684,1.);
#684 = DIRECTION('',(0.,1.));
#685 = ( GEOMETRIC_REPRESENTATION_CONTEXT(2) 
PARAMETRIC_REPRESENTATION_CONTEXT() REPRESENTATION_CONTEXT('2D SPACE',''
  ) );
#686 = ORIENTED_EDGE('',*,*,#687,.T.);
#687 = EDGE_CURVE('',#665,#688,#690,.T.);
#688 = VERTEX_POINT('',#689);
#689 = CARTESIAN_POINT('',(144.5,-39.31539501058,83.346185031755));
#690 = SURFACE_CURVE('',#691,(#696,#703),.PCURVE_S1.);
#691 = CIRCLE('',#692,0.9);
#692 = AXIS2_PLACEMENT_3D('',#693,#694,#695);
#693 = CARTESIAN_POINT('',(144.5,-39.6,84.2));
#694 = DIRECTION('',(0.700040065875,0.677458128266,0.225819376089));
#695 = DIRECTION('',(0.695421427516,-0.718602141767,0.));
#696 = PCURVE('',#480,#697);
#697 = DEFINITIONAL_REPRESENTATION('',(#698),#702);
#698 = LINE('',#699,#700);
#699 = CARTESIAN_POINT('',(6.28318530718,4.428317965097));
#700 = VECTOR('',#701,1.);
#701 = DIRECTION('',(-1.,-0.));
#702 = ( GEOMETRIC_REPRESENTATION_CONTEXT(2) 
PARAMETRIC_REPRESENTATION_CONTEXT() REPRESENTATION_CONTEXT('2D SPACE',''
  ) );
#703 = PCURVE('',#704,#709);
#704 = SPHERICAL_SURFACE('',#705,0.9);
#705 = AXIS2_PLACEMENT_3D('',#706,#707,#708);
#706 = CARTESIAN_POINT('',(144.5,-39.6,84.2));
#707 = DIRECTION('',(0.,0.,1.));
#708 = DIRECTION('',(1.,0.,-0.));
#709 = DEFINITIONAL_REPRESENTATION('',(#710),#753);
#710 = B_SPLINE_CURVE_WITH_KNOTS('',8,(#711,#712,#713,#714,#715,#716,
    #717,#718,#719,#720,#721,#722,#723,#724,#725,#726,#727,#728,#729,
    #730,#731,#732,#733,#734,#735,#736,#737,#738,#739,#740,#741,#742,
    #743,#744,#745,#746,#747,#748,#749,#750,#751,#752),.UNSPECIFIED.,.F.
  ,.F.,(9,7,7,5,7,7,9),(0.,0.593094220463,1.186188440925,1.355643932486,
    1.522292804959,1.688941677433,1.800040925748),.UNSPECIFIED.);
#711 = CARTESIAN_POINT('',(5.481395169474,0.));
#712 = CARTESIAN_POINT('',(5.498136690327,-7.222176449088E-02));
#713 = CARTESIAN_POINT('',(5.514877952658,-0.144443563113));
#714 = CARTESIAN_POINT('',(5.53188675987,-0.216634329782));
#715 = CARTESIAN_POINT('',(5.549424733298,-0.288763812247));
#716 = CARTESIAN_POINT('',(5.567798600462,-0.360796286226));
#717 = CARTESIAN_POINT('',(5.587376128887,-0.432688900546));
#718 = CARTESIAN_POINT('',(5.608651940824,-0.504383801713));
#719 = CARTESIAN_POINT('',(5.656244947598,-0.647182571021));
#720 = CARTESIAN_POINT('',(5.68256230028,-0.718285600344));
#721 = CARTESIAN_POINT('',(5.712225729501,-0.789001017275));
#722 = CARTESIAN_POINT('',(5.746405616082,-0.859161511623));
#723 = CARTESIAN_POINT('',(5.78679254965,-0.928626684791));
#724 = CARTESIAN_POINT('',(5.836374459118,-0.996919249385));
#725 = CARTESIAN_POINT('',(5.899587752064,-1.063635732978));
#726 = CARTESIAN_POINT('',(6.016198018086,-1.144726072258));
#727 = CARTESIAN_POINT('',(6.044354909325,-1.162448394692));
#728 = CARTESIAN_POINT('',(6.075076330599,-1.179824568755));
#729 = CARTESIAN_POINT('',(6.108748995699,-1.196794314968));
#730 = CARTESIAN_POINT('',(6.145823991124,-1.213282874703));
#731 = CARTESIAN_POINT('',(6.227185301094,-1.244842357763));
#732 = CARTESIAN_POINT('',(6.326525407599,-1.273641642546));
#733 = CARTESIAN_POINT('',(6.448448646448,-1.298445046582));
#734 = CARTESIAN_POINT('',(6.51497621265,-1.309578060785));
#735 = CARTESIAN_POINT('',(6.587939149587,-1.319333785479));
#736 = CARTESIAN_POINT('',(6.667328950488,-1.327459768087));
#737 = CARTESIAN_POINT('',(6.752075488364,-1.333728399471));
#738 = CARTESIAN_POINT('',(6.928836213836,-1.342257845866));
#739 = CARTESIAN_POINT('',(7.020850950935,-1.344518529026));
#740 = CARTESIAN_POINT('',(7.114766362096,-1.344629119105));
#741 = CARTESIAN_POINT('',(7.208227029714,-1.342518855782));
#742 = CARTESIAN_POINT('',(7.29835946369,-1.338257363874));
#743 = CARTESIAN_POINT('',(7.383503066946,-1.332047604951));
#744 = CARTESIAN_POINT('',(7.462839075224,-1.324110372077));
#745 = CARTESIAN_POINT('',(7.584998419933,-1.30837403918));
#746 = CARTESIAN_POINT('',(7.631177822626,-1.301410723842));
#747 = CARTESIAN_POINT('',(7.674602973696,-1.29384457921));
#748 = CARTESIAN_POINT('',(7.71532341961,-1.28574049094));
#749 = CARTESIAN_POINT('',(7.753460228,-1.277158552162));
#750 = CARTESIAN_POINT('',(7.789170049093,-1.268152099872));
#751 = CARTESIAN_POINT('',(7.822621180301,-1.258767513037));
#752 = CARTESIAN_POINT('',(7.853981633974,-1.249045772398));
#753 = ( GEOMETRIC_REPRESENTATION_CONTEXT(2) 
PARAMETRIC_REPRESENTATION_CONTEXT() REPRESENTATION_CONTEXT('2D SPACE',''
  ) );
#754 = ORIENTED_EDGE('',*,*,#755,.F.);
#755 = EDGE_CURVE('',#756,#688,#758,.T.);
#756 = VERTEX_POINT('',#757);
#757 = CARTESIAN_POINT('',(144.5,-39.88460498941,85.053814968245));
#758 = SURFACE_CURVE('',#759,(#764,#777),.PCURVE_S1.);
#759 = ELLIPSE('',#760,0.97617555692,0.9);
#760 = AXIS2_PLACEMENT_3D('',#761,#762,#763);
#761 = CARTESIAN_POINT('',(144.5,-39.6,84.2));
#762 = DIRECTION('',(-0.921965310051,-0.367398925361,-0.122466308454));
#763 = DIRECTION('',(0.387272471346,-0.874653091027,-0.291551030342));
#764 = PCURVE('',#480,#765);
#765 = DEFINITIONAL_REPRESENTATION('',(#766),#776);
#766 = B_SPLINE_CURVE_WITH_KNOTS('',8,(#767,#768,#769,#770,#771,#772,
    #773,#774,#775),.UNSPECIFIED.,.F.,.F.,(9,9),(1.570794734537,
    4.712388987988),.PIECEWISE_BEZIER_KNOTS.);
#767 = CARTESIAN_POINT('',(1.341550135583,4.428318567044));
#768 = CARTESIAN_POINT('',(1.734249417265,4.279860205662));
#769 = CARTESIAN_POINT('',(2.126948698942,4.131400554438));
#770 = CARTESIAN_POINT('',(2.519647980638,4.017839849927));
#771 = CARTESIAN_POINT('',(2.912347262289,3.973982838215));
#772 = CARTESIAN_POINT('',(3.305046544005,4.017839567496));
#773 = CARTESIAN_POINT('',(3.697745825667,4.131400060966));
#774 = CARTESIAN_POINT('',(4.090445107353,4.279859606589));
#775 = CARTESIAN_POINT('',(4.483144389034,4.428317967971));
#776 = ( GEOMETRIC_REPRESENTATION_CONTEXT(2) 
PARAMETRIC_REPRESENTATION_CONTEXT() REPRESENTATION_CONTEXT('2D SPACE',''
  ) );
#777 = PCURVE('',#778,#783);
#778 = CYLINDRICAL_SURFACE('',#779,0.9);
#779 = AXIS2_PLACEMENT_3D('',#780,#781,#782);
#780 = CARTESIAN_POINT('',(144.5,-39.6,84.2));
#781 = DIRECTION('',(-1.,0.,0.));
#782 = DIRECTION('',(0.,0.,-1.));
#783 = DEFINITIONAL_REPRESENTATION('',(#784),#794);
#784 = B_SPLINE_CURVE_WITH_KNOTS('',8,(#785,#786,#787,#788,#789,#790,
    #791,#792,#793),.UNSPECIFIED.,.F.,.F.,(9,9),(1.570794734537,
    4.712388987988),.PIECEWISE_BEZIER_KNOTS.);
#785 = CARTESIAN_POINT('',(2.819840506935,-6.019466809448E-07));
#786 = CARTESIAN_POINT('',(3.212539788616,0.148457759435));
#787 = CARTESIAN_POINT('',(3.605239070291,0.296917410656));
#788 = CARTESIAN_POINT('',(3.997938351988,0.410478115166));
#789 = CARTESIAN_POINT('',(4.390637633631,0.454335126863));
#790 = CARTESIAN_POINT('',(4.78333691535,0.4104783976));
#791 = CARTESIAN_POINT('',(5.176036197016,0.296917904128));
#792 = CARTESIAN_POINT('',(5.568735478704,0.148458358508));
#793 = CARTESIAN_POINT('',(5.961434760386,-2.874230631278E-09));
#794 = ( GEOMETRIC_REPRESENTATION_CONTEXT(2) 
PARAMETRIC_REPRESENTATION_CONTEXT() REPRESENTATION_CONTEXT('2D SPACE',''
  ) );
#795 = ORIENTED_EDGE('',*,*,#796,.F.);
#796 = EDGE_CURVE('',#665,#756,#797,.T.);
#797 = SURFACE_CURVE('',#798,(#803,#810),.PCURVE_S1.);
#798 = CIRCLE('',#799,0.9);
#799 = AXIS2_PLACEMENT_3D('',#800,#801,#802);
#800 = CARTESIAN_POINT('',(144.5,-39.6,84.2));
#801 = DIRECTION('',(-0.700040065875,-0.677458128266,-0.225819376089));
#802 = DIRECTION('',(0.695421427516,-0.718602141767,-1.387778780781E-17)
  );
#803 = PCURVE('',#480,#804);
#804 = DEFINITIONAL_REPRESENTATION('',(#805),#809);
#805 = LINE('',#806,#807);
#806 = CARTESIAN_POINT('',(0.,4.428317965097));
#807 = VECTOR('',#808,1.);
#808 = DIRECTION('',(1.,0.));
#809 = ( GEOMETRIC_REPRESENTATION_CONTEXT(2) 
PARAMETRIC_REPRESENTATION_CONTEXT() REPRESENTATION_CONTEXT('2D SPACE',''
  ) );
#810 = PCURVE('',#704,#811);
#811 = DEFINITIONAL_REPRESENTATION('',(#812),#839);
#812 = B_SPLINE_CURVE_WITH_KNOTS('',7,(#813,#814,#815,#816,#817,#818,
    #819,#820,#821,#822,#823,#824,#825,#826,#827,#828,#829,#830,#831,
    #832,#833,#834,#835,#836,#837,#838),.UNSPECIFIED.,.F.,.F.,(8,6,6,6,8
    ),(0.,0.670775863921,1.006163795881,1.173857761861,1.341551727842),
  .UNSPECIFIED.);
#813 = CARTESIAN_POINT('',(5.481395169474,0.));
#814 = CARTESIAN_POINT('',(5.45975599989,9.334988279404E-02));
#815 = CARTESIAN_POINT('',(5.43811805784,0.186699929873));
#816 = CARTESIAN_POINT('',(5.415855857264,0.27997747703));
#817 = CARTESIAN_POINT('',(5.392387474102,0.373115668106));
#818 = CARTESIAN_POINT('',(5.366848178904,0.466012561286));
#819 = CARTESIAN_POINT('',(5.338252885774,0.558554987163));
#820 = CARTESIAN_POINT('',(5.287001476846,0.696384465982));
#821 = CARTESIAN_POINT('',(5.268524318056,0.742163572954));
#822 = CARTESIAN_POINT('',(5.248336146544,0.787740406961));
#823 = CARTESIAN_POINT('',(5.226024348724,0.833065477871));
#824 = CARTESIAN_POINT('',(5.201003527609,0.878066389171));
#825 = CARTESIAN_POINT('',(5.172460301702,0.922643982106));
#826 = CARTESIAN_POINT('',(5.122172605828,0.988590873974));
#827 = CARTESIAN_POINT('',(5.104165240126,1.010420117909));
#828 = CARTESIAN_POINT('',(5.084727630984,1.032071769966));
#829 = CARTESIAN_POINT('',(5.06363968805,1.053517171639));
#830 = CARTESIAN_POINT('',(5.040623422406,1.074719036387));
#831 = CARTESIAN_POINT('',(5.015319695322,1.095626941567));
#832 = CARTESIAN_POINT('',(4.959210238697,1.136718699207));
#833 = CARTESIAN_POINT('',(4.928403600582,1.156902295175));
#834 = CARTESIAN_POINT('',(4.894380351936,1.176654680254));
#835 = CARTESIAN_POINT('',(4.856558054912,1.195886366316));
#836 = CARTESIAN_POINT('',(4.814233911791,1.214480733322));
#837 = CARTESIAN_POINT('',(4.766486904344,1.232275415971));
#838 = CARTESIAN_POINT('',(4.712388980385,1.249045772398));
#839 = ( GEOMETRIC_REPRESENTATION_CONTEXT(2) 
PARAMETRIC_REPRESENTATION_CONTEXT() REPRESENTATION_CONTEXT('2D SPACE',''
  ) );
#840 = ORIENTED_EDGE('',*,*,#664,.F.);
#841 = ORIENTED_EDGE('',*,*,#563,.T.);
#842 = ORIENTED_EDGE('',*,*,#523,.T.);
#843 = ORIENTED_EDGE('',*,*,#458,.T.);
#844 = ORIENTED_EDGE('',*,*,#614,.F.);
#845 = ADVANCED_FACE('',(#846),#704,.T.);
#846 = FACE_BOUND('',#847,.T.);
#847 = EDGE_LOOP('',(#848,#871,#892,#893));
#848 = ORIENTED_EDGE('',*,*,#849,.F.);
#849 = EDGE_CURVE('',#850,#756,#852,.T.);
#850 = VERTEX_POINT('',#851);
#851 = CARTESIAN_POINT('',(144.5,-39.6,83.3));
#852 = SURFACE_CURVE('',#853,(#858,#864),.PCURVE_S1.);
#853 = CIRCLE('',#854,0.9);
#854 = AXIS2_PLACEMENT_3D('',#855,#856,#857);
#855 = CARTESIAN_POINT('',(144.5,-39.6,84.2));
#856 = DIRECTION('',(-1.,0.,0.));
#857 = DIRECTION('',(0.,0.,-1.));
#858 = PCURVE('',#704,#859);
#859 = DEFINITIONAL_REPRESENTATION('',(#860),#863);
#860 = B_SPLINE_CURVE_WITH_KNOTS('',1,(#861,#862),.UNSPECIFIED.,.F.,.F.,
  (2,2),(0.,2.819842099193),.PIECEWISE_BEZIER_KNOTS.);
#861 = CARTESIAN_POINT('',(4.712388980385,-1.570796326795));
#862 = CARTESIAN_POINT('',(4.712388980385,1.249045772398));
#863 = ( GEOMETRIC_REPRESENTATION_CONTEXT(2) 
PARAMETRIC_REPRESENTATION_CONTEXT() REPRESENTATION_CONTEXT('2D SPACE',''
  ) );
#864 = PCURVE('',#778,#865);
#865 = DEFINITIONAL_REPRESENTATION('',(#866),#870);
#866 = LINE('',#867,#868);
#867 = CARTESIAN_POINT('',(0.,0.));
#868 = VECTOR('',#869,1.);
#869 = DIRECTION('',(1.,0.));
#870 = ( GEOMETRIC_REPRESENTATION_CONTEXT(2) 
PARAMETRIC_REPRESENTATION_CONTEXT() REPRESENTATION_CONTEXT('2D SPACE',''
  ) );
#871 = ORIENTED_EDGE('',*,*,#872,.F.);
#872 = EDGE_CURVE('',#688,#850,#873,.T.);
#873 = SURFACE_CURVE('',#874,(#879,#885),.PCURVE_S1.);
#874 = CIRCLE('',#875,0.9);
#875 = AXIS2_PLACEMENT_3D('',#876,#877,#878);
#876 = CARTESIAN_POINT('',(144.5,-39.6,84.2));
#877 = DIRECTION('',(-1.,0.,0.));
#878 = DIRECTION('',(0.,0.,-1.));
#879 = PCURVE('',#704,#880);
#880 = DEFINITIONAL_REPRESENTATION('',(#881),#884);
#881 = B_SPLINE_CURVE_WITH_KNOTS('',1,(#882,#883),.UNSPECIFIED.,.F.,.F.,
  (2,2),(5.961434752783,6.28318530718),.PIECEWISE_BEZIER_KNOTS.);
#882 = CARTESIAN_POINT('',(7.853981633974,-1.249045772398));
#883 = CARTESIAN_POINT('',(7.853981633974,-1.570796326795));
#884 = ( GEOMETRIC_REPRESENTATION_CONTEXT(2) 
PARAMETRIC_REPRESENTATION_CONTEXT() REPRESENTATION_CONTEXT('2D SPACE',''
  ) );
#885 = PCURVE('',#778,#886);
#886 = DEFINITIONAL_REPRESENTATION('',(#887),#891);
#887 = LINE('',#888,#889);
#888 = CARTESIAN_POINT('',(0.,0.));
#889 = VECTOR('',#890,1.);
#890 = DIRECTION('',(1.,0.));
#891 = ( GEOMETRIC_REPRESENTATION_CONTEXT(2) 
PARAMETRIC_REPRESENTATION_CONTEXT() REPRESENTATION_CONTEXT('2D SPACE',''
  ) );
#892 = ORIENTED_EDGE('',*,*,#687,.F.);
#893 = ORIENTED_EDGE('',*,*,#796,.T.);
#894 = ADVANCED_FACE('',(#895),#778,.T.);
#895 = FACE_BOUND('',#896,.T.);
#896 = EDGE_LOOP('',(#897,#920,#949,#990,#1012,#1013,#1014,#1015));
#897 = ORIENTED_EDGE('',*,*,#898,.T.);
#898 = EDGE_CURVE('',#850,#899,#901,.T.);
#899 = VERTEX_POINT('',#900);
#900 = CARTESIAN_POINT('',(105.5,-39.6,83.3));
#901 = SEAM_CURVE('',#902,(#906,#913),.PCURVE_S1.);
#902 = LINE('',#903,#904);
#903 = CARTESIAN_POINT('',(144.5,-39.6,83.3));
#904 = VECTOR('',#905,1.);
#905 = DIRECTION('',(-1.,0.,0.));
#906 = PCURVE('',#778,#907);
#907 = DEFINITIONAL_REPRESENTATION('',(#908),#912);
#908 = LINE('',#909,#910);
#909 = CARTESIAN_POINT('',(6.28318530718,-0.));
#910 = VECTOR('',#911,1.);
#911 = DIRECTION('',(0.,1.));
#912 = ( GEOMETRIC_REPRESENTATION_CONTEXT(2) 
PARAMETRIC_REPRESENTATION_CONTEXT() REPRESENTATION_CONTEXT('2D SPACE',''
  ) );
#913 = PCURVE('',#778,#914);
#914 = DEFINITIONAL_REPRESENTATION('',(#915),#919);
#915 = LINE('',#916,#917);
#916 = CARTESIAN_POINT('',(0.,-0.));
#917 = VECTOR('',#918,1.);
#918 = DIRECTION('',(0.,1.));
#919 = ( GEOMETRIC_REPRESENTATION_CONTEXT(2) 
PARAMETRIC_REPRESENTATION_CONTEXT() REPRESENTATION_CONTEXT('2D SPACE',''
  ) );
#920 = ORIENTED_EDGE('',*,*,#921,.F.);
#921 = EDGE_CURVE('',#922,#899,#924,.T.);
#922 = VERTEX_POINT('',#923);
#923 = CARTESIAN_POINT('',(105.5,-39.14764158836,83.421943531984));
#924 = SURFACE_CURVE('',#925,(#930,#937),.PCURVE_S1.);
#925 = CIRCLE('',#926,0.9);
#926 = AXIS2_PLACEMENT_3D('',#927,#928,#929);
#927 = CARTESIAN_POINT('',(105.5,-39.6,84.2));
#928 = DIRECTION('',(-1.,0.,0.));
#929 = DIRECTION('',(0.,0.,-1.));
#930 = PCURVE('',#778,#931);
#931 = DEFINITIONAL_REPRESENTATION('',(#932),#936);
#932 = LINE('',#933,#934);
#933 = CARTESIAN_POINT('',(0.,39.));
#934 = VECTOR('',#935,1.);
#935 = DIRECTION('',(1.,0.));
#936 = ( GEOMETRIC_REPRESENTATION_CONTEXT(2) 
PARAMETRIC_REPRESENTATION_CONTEXT() REPRESENTATION_CONTEXT('2D SPACE',''
  ) );
#937 = PCURVE('',#938,#943);
#938 = SPHERICAL_SURFACE('',#939,0.9);
#939 = AXIS2_PLACEMENT_3D('',#940,#941,#942);
#940 = CARTESIAN_POINT('',(105.5,-39.6,84.2));
#941 = DIRECTION('',(0.,0.,1.));
#942 = DIRECTION('',(1.,0.,-0.));
#943 = DEFINITIONAL_REPRESENTATION('',(#944),#948);
#944 = LINE('',#945,#946);
#945 = CARTESIAN_POINT('',(1.570796326795,4.712388980385));
#946 = VECTOR('',#947,1.);
#947 = DIRECTION('',(0.,-1.));
#948 = ( GEOMETRIC_REPRESENTATION_CONTEXT(2) 
PARAMETRIC_REPRESENTATION_CONTEXT() REPRESENTATION_CONTEXT('2D SPACE',''
  ) );
#949 = ORIENTED_EDGE('',*,*,#950,.F.);
#950 = EDGE_CURVE('',#951,#922,#953,.T.);
#951 = VERTEX_POINT('',#952);
#952 = CARTESIAN_POINT('',(105.5,-40.05235841163,84.978056468016));
#953 = SURFACE_CURVE('',#954,(#959,#972),.PCURVE_S1.);
#954 = ELLIPSE('',#955,0.983455771529,0.9);
#955 = AXIS2_PLACEMENT_3D('',#956,#957,#958);
#956 = CARTESIAN_POINT('',(105.5,-39.6,84.2));
#957 = DIRECTION('',(-0.915140290042,0.348513556453,0.202624160728));
#958 = DIRECTION('',(-0.403135522551,-0.791145357565,-0.459968231143));
#959 = PCURVE('',#778,#960);
#960 = DEFINITIONAL_REPRESENTATION('',(#961),#971);
#961 = B_SPLINE_CURVE_WITH_KNOTS('',8,(#962,#963,#964,#965,#966,#967,
    #968,#969,#970),.UNSPECIFIED.,.F.,.F.,(9,9),(1.570794813601,
    4.71238897096),.PIECEWISE_BEZIER_KNOTS.);
#962 = CARTESIAN_POINT('',(2.614963868962,39.00000059993));
#963 = CARTESIAN_POINT('',(3.007663138632,38.844308708418));
#964 = CARTESIAN_POINT('',(3.400362408303,38.688615469735));
#965 = CARTESIAN_POINT('',(3.793061677949,38.569521607787));
#966 = CARTESIAN_POINT('',(4.185760947636,38.523527701938));
#967 = CARTESIAN_POINT('',(4.578460217281,38.569521323254));
#968 = CARTESIAN_POINT('',(4.971159486981,38.688614972474));
#969 = CARTESIAN_POINT('',(5.363858756651,38.844308104751));
#970 = CARTESIAN_POINT('',(5.756558026321,38.999999996263));
#971 = ( GEOMETRIC_REPRESENTATION_CONTEXT(2) 
PARAMETRIC_REPRESENTATION_CONTEXT() REPRESENTATION_CONTEXT('2D SPACE',''
  ) );
#972 = PCURVE('',#973,#978);
#973 = CYLINDRICAL_SURFACE('',#974,0.9);
#974 = AXIS2_PLACEMENT_3D('',#975,#976,#977);
#975 = CARTESIAN_POINT('',(105.5,-39.6,84.2));
#976 = DIRECTION('',(-0.674963500915,0.637877594272,0.370859066437));
#977 = DIRECTION('',(-0.686858017599,-0.726791623273,-2.775557561563E-17
    ));
#978 = DEFINITIONAL_REPRESENTATION('',(#979),#989);
#979 = B_SPLINE_CURVE_WITH_KNOTS('',8,(#980,#981,#982,#983,#984,#985,
    #986,#987,#988),.UNSPECIFIED.,.F.,.F.,(9,9),(1.570794813601,
    4.71238897096),.PIECEWISE_BEZIER_KNOTS.);
#980 = CARTESIAN_POINT('',(1.196839395402,-5.999299901305E-07));
#981 = CARTESIAN_POINT('',(1.589538665072,0.155691291582));
#982 = CARTESIAN_POINT('',(1.982237934741,0.311384530253));
#983 = CARTESIAN_POINT('',(2.374937204409,0.430478392092));
#984 = CARTESIAN_POINT('',(2.767636474073,0.476472298037));
#985 = CARTESIAN_POINT('',(3.160335743751,0.430478676692));
#986 = CARTESIAN_POINT('',(3.55303501342,0.31138502751));
#987 = CARTESIAN_POINT('',(3.945734283091,0.155691895249));
#988 = CARTESIAN_POINT('',(4.338433552761,3.736715825653E-09));
#989 = ( GEOMETRIC_REPRESENTATION_CONTEXT(2) 
PARAMETRIC_REPRESENTATION_CONTEXT() REPRESENTATION_CONTEXT('2D SPACE',''
  ) );
#990 = ORIENTED_EDGE('',*,*,#991,.F.);
#991 = EDGE_CURVE('',#899,#951,#992,.T.);
#992 = SURFACE_CURVE('',#993,(#998,#1005),.PCURVE_S1.);
#993 = CIRCLE('',#994,0.9);
#994 = AXIS2_PLACEMENT_3D('',#995,#996,#997);
#995 = CARTESIAN_POINT('',(105.5,-39.6,84.2));
#996 = DIRECTION('',(-1.,0.,0.));
#997 = DIRECTION('',(0.,0.,-1.));
#998 = PCURVE('',#778,#999);
#999 = DEFINITIONAL_REPRESENTATION('',(#1000),#1004);
#1000 = LINE('',#1001,#1002);
#1001 = CARTESIAN_POINT('',(0.,39.));
#1002 = VECTOR('',#1003,1.);
#1003 = DIRECTION('',(1.,0.));
#1004 = ( GEOMETRIC_REPRESENTATION_CONTEXT(2) 
PARAMETRIC_REPRESENTATION_CONTEXT() REPRESENTATION_CONTEXT('2D SPACE',''
  ) );
#1005 = PCURVE('',#938,#1006);
#1006 = DEFINITIONAL_REPRESENTATION('',(#1007),#1011);
#1007 = LINE('',#1008,#1009);
#1008 = CARTESIAN_POINT('',(4.712388980385,-1.570796326795));
#1009 = VECTOR('',#1010,1.);
#1010 = DIRECTION('',(0.,1.));
#1011 = ( GEOMETRIC_REPRESENTATION_CONTEXT(2) 
PARAMETRIC_REPRESENTATION_CONTEXT() REPRESENTATION_CONTEXT('2D SPACE',''
  ) );
#1012 = ORIENTED_EDGE('',*,*,#898,.F.);
#1013 = ORIENTED_EDGE('',*,*,#849,.T.);
#1014 = ORIENTED_EDGE('',*,*,#755,.T.);
#1015 = ORIENTED_EDGE('',*,*,#872,.T.);
#1016 = ADVANCED_FACE('',(#1017),#938,.T.);
#1017 = FACE_BOUND('',#1018,.T.);
#1018 = EDGE_LOOP('',(#1019,#1020,#1061,#1117));
#1019 = ORIENTED_EDGE('',*,*,#991,.T.);
#1020 = ORIENTED_EDGE('',*,*,#1021,.F.);
#1021 = EDGE_CURVE('',#1022,#951,#1024,.T.);
#1022 = VERTEX_POINT('',#1023);
#1023 = CARTESIAN_POINT('',(104.88182778416,-40.25411246094,84.2));
#1024 = SURFACE_CURVE('',#1025,(#1030,#1054),.PCURVE_S1.);
#1025 = CIRCLE('',#1026,0.9);
#1026 = AXIS2_PLACEMENT_3D('',#1027,#1028,#1029);
#1027 = CARTESIAN_POINT('',(105.5,-39.6,84.2));
#1028 = DIRECTION('',(-0.674963500915,0.637877594272,0.370859066437));
#1029 = DIRECTION('',(-0.686858017599,-0.726791623273,0.));
#1030 = PCURVE('',#938,#1031);
#1031 = DEFINITIONAL_REPRESENTATION('',(#1032),#1053);
#1032 = B_SPLINE_CURVE_WITH_KNOTS('',7,(#1033,#1034,#1035,#1036,#1037,
    #1038,#1039,#1040,#1041,#1042,#1043,#1044,#1045,#1046,#1047,#1048,
    #1049,#1050,#1051,#1052),.UNSPECIFIED.,.F.,.F.,(8,6,6,8),(0.,
    0.598420454298,0.897630681447,1.196840908596),.UNSPECIFIED.);
#1033 = CARTESIAN_POINT('',(3.955231894192,0.));
#1034 = CARTESIAN_POINT('',(3.986936130052,7.939236972044E-02));
#1035 = CARTESIAN_POINT('',(4.018640177302,0.15878480516));
#1036 = CARTESIAN_POINT('',(4.05099831977,0.238046449982));
#1037 = CARTESIAN_POINT('',(4.084657883504,0.317048829551));
#1038 = CARTESIAN_POINT('',(4.120408514489,0.395630901225));
#1039 = CARTESIAN_POINT('',(4.159247981108,0.47359183793));
#1040 = CARTESIAN_POINT('',(4.224725783857,0.589046612907));
#1041 = CARTESIAN_POINT('',(4.247754886235,0.627283707119));
#1042 = CARTESIAN_POINT('',(4.272202763757,0.665226850338));
#1043 = CARTESIAN_POINT('',(4.298331358371,0.702818390016));
#1044 = CARTESIAN_POINT('',(4.326465170916,0.739986372555));
#1045 = CARTESIAN_POINT('',(4.357020868167,0.776635106817));
#1046 = CARTESIAN_POINT('',(4.424079677727,0.84862301293));
#1047 = CARTESIAN_POINT('',(4.460583088821,0.883962098391));
#1048 = CARTESIAN_POINT('',(4.500609731221,0.918510876472));
#1049 = CARTESIAN_POINT('',(4.544855127824,0.952091587653));
#1050 = CARTESIAN_POINT('',(4.594156874901,0.984471245101));
#1051 = CARTESIAN_POINT('',(4.649639956771,1.015318200729));
#1052 = CARTESIAN_POINT('',(4.712388980385,1.044169055361));
#1053 = ( GEOMETRIC_REPRESENTATION_CONTEXT(2) 
PARAMETRIC_REPRESENTATION_CONTEXT() REPRESENTATION_CONTEXT('2D SPACE',''
  ) );
#1054 = PCURVE('',#973,#1055);
#1055 = DEFINITIONAL_REPRESENTATION('',(#1056),#1060);
#1056 = LINE('',#1057,#1058);
#1057 = CARTESIAN_POINT('',(0.,0.));
#1058 = VECTOR('',#1059,1.);
#1059 = DIRECTION('',(1.,0.));
#1060 = ( GEOMETRIC_REPRESENTATION_CONTEXT(2) 
PARAMETRIC_REPRESENTATION_CONTEXT() REPRESENTATION_CONTEXT('2D SPACE',''
  ) );
#1061 = ORIENTED_EDGE('',*,*,#1062,.F.);
#1062 = EDGE_CURVE('',#922,#1022,#1063,.T.);
#1063 = SURFACE_CURVE('',#1064,(#1069,#1110),.PCURVE_S1.);
#1064 = CIRCLE('',#1065,0.9);
#1065 = AXIS2_PLACEMENT_3D('',#1066,#1067,#1068);
#1066 = CARTESIAN_POINT('',(105.5,-39.6,84.2));
#1067 = DIRECTION('',(-0.674963500915,0.637877594272,0.370859066437));
#1068 = DIRECTION('',(-0.686858017599,-0.726791623273,0.));
#1069 = PCURVE('',#938,#1070);
#1070 = DEFINITIONAL_REPRESENTATION('',(#1071),#1109);
#1071 = B_SPLINE_CURVE_WITH_KNOTS('',8,(#1072,#1073,#1074,#1075,#1076,
    #1077,#1078,#1079,#1080,#1081,#1082,#1083,#1084,#1085,#1086,#1087,
    #1088,#1089,#1090,#1091,#1092,#1093,#1094,#1095,#1096,#1097,#1098,
    #1099,#1100,#1101,#1102,#1103,#1104,#1105,#1106,#1107,#1108),
  .UNSPECIFIED.,.F.,.F.,(9,7,7,7,7,9),(4.338433562186,4.58152753031,
    4.794234752419,5.166472391109,5.724828849144,6.28318530718),
  .UNSPECIFIED.);
#1072 = CARTESIAN_POINT('',(1.570796326795,-1.044169055361));
#1073 = CARTESIAN_POINT('',(1.615404329102,-1.064678999833));
#1074 = CARTESIAN_POINT('',(1.66360853876,-1.084200825879));
#1075 = CARTESIAN_POINT('',(1.715776059567,-1.102579146096));
#1076 = CARTESIAN_POINT('',(1.772244842441,-1.119631263706));
#1077 = CARTESIAN_POINT('',(1.833320420035,-1.135142547009));
#1078 = CARTESIAN_POINT('',(1.899117808296,-1.148868832424));
#1079 = CARTESIAN_POINT('',(1.969380997622,-1.160557043133));
#1080 = CARTESIAN_POINT('',(2.108189982563,-1.17825360668));
#1081 = CARTESIAN_POINT('',(2.175853717171,-1.184789168682));
#1082 = CARTESIAN_POINT('',(2.24593583049,-1.189460157763));
#1083 = CARTESIAN_POINT('',(2.317738038536,-1.192145447175));
#1084 = CARTESIAN_POINT('',(2.390271787096,-1.19277213058));
#1085 = CARTESIAN_POINT('',(2.462446707014,-1.191335240781));
#1086 = CARTESIAN_POINT('',(2.533307237034,-1.187898607161));
#1087 = CARTESIAN_POINT('',(2.722534939419,-1.173233608566));
#1088 = CARTESIAN_POINT('',(2.836672792487,-1.15809548394));
#1089 = CARTESIAN_POINT('',(2.94057433373,-1.137705518699));
#1090 = CARTESIAN_POINT('',(3.03229006985,-1.113048554461));
#1091 = CARTESIAN_POINT('',(3.113367557917,-1.085089067951));
#1092 = CARTESIAN_POINT('',(3.184990738571,-1.05448243425));
#1093 = CARTESIAN_POINT('',(3.248627918747,-1.0217749325));
#1094 = CARTESIAN_POINT('',(3.390779655607,-0.935757950407));
#1095 = CARTESIAN_POINT('',(3.460826138143,-0.880325249923));
#1096 = CARTESIAN_POINT('',(3.519787416553,-0.822440783822));
#1097 = CARTESIAN_POINT('',(3.570912712952,-0.762835046275));
#1098 = CARTESIAN_POINT('',(3.615985242317,-0.701956170441));
#1099 = CARTESIAN_POINT('',(3.656499140057,-0.640119984331));
#1100 = CARTESIAN_POINT('',(3.693434735688,-0.57754565637));
#1101 = CARTESIAN_POINT('',(3.761737022841,-0.451255293751));
#1102 = CARTESIAN_POINT('',(3.793103524351,-0.387539462318));
#1103 = CARTESIAN_POINT('',(3.822463381872,-0.323418043333));
#1104 = CARTESIAN_POINT('',(3.850370773549,-0.259005205837));
#1105 = CARTESIAN_POINT('',(3.877250161464,-0.194386571542));
#1106 = CARTESIAN_POINT('',(3.903463128736,-0.129634662268));
#1107 = CARTESIAN_POINT('',(3.929347949846,-6.481744863418E-02));
#1108 = CARTESIAN_POINT('',(3.955231894192,0.));
#1109 = ( GEOMETRIC_REPRESENTATION_CONTEXT(2) 
PARAMETRIC_REPRESENTATION_CONTEXT() REPRESENTATION_CONTEXT('2D SPACE',''
  ) );
#1110 = PCURVE('',#973,#1111);
#1111 = DEFINITIONAL_REPRESENTATION('',(#1112),#1116);
#1112 = LINE('',#1113,#1114);
#1113 = CARTESIAN_POINT('',(0.,0.));
#1114 = VECTOR('',#1115,1.);
#1115 = DIRECTION('',(1.,0.));
#1116 = ( GEOMETRIC_REPRESENTATION_CONTEXT(2) 
PARAMETRIC_REPRESENTATION_CONTEXT() REPRESENTATION_CONTEXT('2D SPACE',''
  ) );
#1117 = ORIENTED_EDGE('',*,*,#921,.T.);
#1118 = ADVANCED_FACE('',(#1119),#973,.T.);
#1119 = FACE_BOUND('',#1120,.T.);
#1120 = EDGE_LOOP('',(#1121,#1200,#1235,#1265,#1286,#1287,#1288,#1289,
    #1290));
#1121 = ORIENTED_EDGE('',*,*,#1122,.T.);
#1122 = EDGE_CURVE('',#1123,#1125,#1127,.T.);
#1123 = VERTEX_POINT('',#1124);
#1124 = CARTESIAN_POINT('',(96.595672518994,-30.41298244301,
    88.546453786559));
#1125 = VERTEX_POINT('',#1126);
#1126 = CARTESIAN_POINT('',(96.204327481006,-31.58701755698,
    89.853546213441));
#1127 = SURFACE_CURVE('',#1128,(#1133,#1140),.PCURVE_S1.);
#1128 = CIRCLE('',#1129,0.9);
#1129 = AXIS2_PLACEMENT_3D('',#1130,#1131,#1132);
#1130 = CARTESIAN_POINT('',(96.4,-31.,89.2));
#1131 = DIRECTION('',(0.674963500915,-0.637877594272,-0.370859066437));
#1132 = DIRECTION('',(0.217413909994,0.652241729982,-0.726162459379));
#1133 = PCURVE('',#973,#1134);
#1134 = DEFINITIONAL_REPRESENTATION('',(#1135),#1139);
#1135 = LINE('',#1136,#1137);
#1136 = CARTESIAN_POINT('',(4.039335704021,13.482210501249));
#1137 = VECTOR('',#1138,1.);
#1138 = DIRECTION('',(-1.,-0.));
#1139 = ( GEOMETRIC_REPRESENTATION_CONTEXT(2) 
PARAMETRIC_REPRESENTATION_CONTEXT() REPRESENTATION_CONTEXT('2D SPACE',''
  ) );
#1140 = PCURVE('',#1141,#1146);
#1141 = SPHERICAL_SURFACE('',#1142,0.9);
#1142 = AXIS2_PLACEMENT_3D('',#1143,#1144,#1145);
#1143 = CARTESIAN_POINT('',(96.4,-31.,89.2));
#1144 = DIRECTION('',(0.,0.,1.));
#1145 = DIRECTION('',(1.,0.,-0.));
#1146 = DEFINITIONAL_REPRESENTATION('',(#1147),#1199);
#1147 = B_SPLINE_CURVE_WITH_KNOTS('',8,(#1148,#1149,#1150,#1151,#1152,
    #1153,#1154,#1155,#1156,#1157,#1158,#1159,#1160,#1161,#1162,#1163,
    #1164,#1165,#1166,#1167,#1168,#1169,#1170,#1171,#1172,#1173,#1174,
    #1175,#1176,#1177,#1178,#1179,#1180,#1181,#1182,#1183,#1184,#1185,
    #1186,#1187,#1188,#1189,#1190,#1191,#1192,#1193,#1194,#1195,#1196,
    #1197,#1198),.UNSPECIFIED.,.F.,.F.,(9,7,7,7,7,7,7,9),(0.,
    0.799288143887,1.598576287775,2.131435050366,2.320839600971,
    2.510244151575,2.889053252784,3.14159265359),.UNSPECIFIED.);
#1148 = CARTESIAN_POINT('',(7.532231079578,-0.812723681128));
#1149 = CARTESIAN_POINT('',(7.453843431947,-0.728594486976));
#1150 = CARTESIAN_POINT('',(7.391377375036,-0.640959610433));
#1151 = CARTESIAN_POINT('',(7.338248099861,-0.551434865646));
#1152 = CARTESIAN_POINT('',(7.29135864965,-0.460612630917));
#1153 = CARTESIAN_POINT('',(7.248713835214,-0.368951614983));
#1154 = CARTESIAN_POINT('',(7.208893693339,-0.276716515189));
#1155 = CARTESIAN_POINT('',(7.170803778711,-0.184137709938));
#1156 = CARTESIAN_POINT('',(7.09607523717,1.310467947972E-03));
#1157 = CARTESIAN_POINT('',(7.059438305391,9.41801179173E-02));
#1158 = CARTESIAN_POINT('',(7.022517156748,0.186991449158));
#1159 = CARTESIAN_POINT('',(6.984433106337,0.279573845532));
#1160 = CARTESIAN_POINT('',(6.944140576733,0.371713081107));
#1161 = CARTESIAN_POINT('',(6.900379369373,0.463155003502));
#1162 = CARTESIAN_POINT('',(6.851349148188,0.553536301575));
#1163 = CARTESIAN_POINT('',(6.755061089394,0.701123940611));
#1164 = CARTESIAN_POINT('',(6.712661717681,0.759346317331));
#1165 = CARTESIAN_POINT('',(6.665325450535,0.816523332919));
#1166 = CARTESIAN_POINT('',(6.611760374145,0.872355166944));
#1167 = CARTESIAN_POINT('',(6.549869819876,0.926360665565));
#1168 = CARTESIAN_POINT('',(6.477404186911,0.977926539195));
#1169 = CARTESIAN_POINT('',(6.3897099442,1.025887723574));
#1170 = CARTESIAN_POINT('',(6.245321144254,1.083477171656));
#1171 = CARTESIAN_POINT('',(6.205077596157,1.097887824533));
#1172 = CARTESIAN_POINT('',(6.16229650807,1.111523072551));
#1173 = CARTESIAN_POINT('',(6.116831769383,1.124289041026));
#1174 = CARTESIAN_POINT('',(6.068581793407,1.136080309271));
#1175 = CARTESIAN_POINT('',(6.017525626506,1.146782664833));
#1176 = CARTESIAN_POINT('',(5.963762686649,1.156280226139));
#1177 = CARTESIAN_POINT('',(5.851349576128,1.172653640991));
#1178 = CARTESIAN_POINT('',(5.792698287692,1.179529509279));
#1179 = CARTESIAN_POINT('',(5.731863618265,1.184988737791));
#1180 = CARTESIAN_POINT('',(5.669249693934,1.188935225169));
#1181 = CARTESIAN_POINT('',(5.605446231956,1.191295044299));
#1182 = CARTESIAN_POINT('',(5.541165397517,1.192030943611));
#1183 = CARTESIAN_POINT('',(5.477131178125,1.191149423745));
#1184 = CARTESIAN_POINT('',(5.28767690515,1.183773968354));
#1185 = CARTESIAN_POINT('',(5.164910118559,1.172549953401));
#1186 = CARTESIAN_POINT('',(5.050744746321,1.15533820945));
#1187 = CARTESIAN_POINT('',(4.949198051658,1.133044886266));
#1188 = CARTESIAN_POINT('',(4.859414989653,1.106839519223));
#1189 = CARTESIAN_POINT('',(4.780180902416,1.077481598048));
#1190 = CARTESIAN_POINT('',(4.710025857015,1.045636302275));
#1191 = CARTESIAN_POINT('',(4.605969421091,0.989221315875));
#1192 = CARTESIAN_POINT('',(4.567779227156,0.965765082753));
#1193 = CARTESIAN_POINT('',(4.532616917338,0.941563967266));
#1194 = CARTESIAN_POINT('',(4.500106390414,0.916733451746));
#1195 = CARTESIAN_POINT('',(4.469915494156,0.891365855506));
#1196 = CARTESIAN_POINT('',(4.441761346804,0.865535846506));
#1197 = CARTESIAN_POINT('',(4.415405426118,0.839304753854));
#1198 = CARTESIAN_POINT('',(4.390638425988,0.812723681128));
#1199 = ( GEOMETRIC_REPRESENTATION_CONTEXT(2) 
PARAMETRIC_REPRESENTATION_CONTEXT() REPRESENTATION_CONTEXT('2D SPACE',''
  ) );
#1200 = ORIENTED_EDGE('',*,*,#1201,.F.);
#1201 = EDGE_CURVE('',#1202,#1125,#1204,.T.);
#1202 = VERTEX_POINT('',#1203);
#1203 = CARTESIAN_POINT('',(95.933835170933,-31.79329502169,89.2));
#1204 = SURFACE_CURVE('',#1205,(#1210,#1220),.PCURVE_S1.);
#1205 = ELLIPSE('',#1206,0.937794835392,0.9);
#1206 = AXIS2_PLACEMENT_3D('',#1207,#1208,#1209);
#1207 = CARTESIAN_POINT('',(96.4,-31.,89.2));
#1208 = DIRECTION('',(-0.84591532365,0.497086155165,0.193216509535));
#1209 = DIRECTION('',(0.486989175398,0.572263995035,0.659814718714));
#1210 = PCURVE('',#973,#1211);
#1211 = DEFINITIONAL_REPRESENTATION('',(#1212),#1219);
#1212 = B_SPLINE_CURVE_WITH_KNOTS('',5,(#1213,#1214,#1215,#1216,#1217,
    #1218),.UNSPECIFIED.,.F.,.F.,(6,6),(3.899665299255,4.71238897432),
  .PIECEWISE_BEZIER_KNOTS.);
#1213 = CARTESIAN_POINT('',(8.501936930106E-02,13.290829626286));
#1214 = CARTESIAN_POINT('',(0.247564104314,13.320282316929));
#1215 = CARTESIAN_POINT('',(0.410108839327,13.356054549543));
#1216 = CARTESIAN_POINT('',(0.57265357434,13.396532021933));
#1217 = CARTESIAN_POINT('',(0.735198309353,13.43937166489));
#1218 = CARTESIAN_POINT('',(0.897743044366,13.482210499651));
#1219 = ( GEOMETRIC_REPRESENTATION_CONTEXT(2) 
PARAMETRIC_REPRESENTATION_CONTEXT() REPRESENTATION_CONTEXT('2D SPACE',''
  ) );
#1220 = PCURVE('',#1221,#1226);
#1221 = CYLINDRICAL_SURFACE('',#1222,0.9);
#1222 = AXIS2_PLACEMENT_3D('',#1223,#1224,#1225);
#1223 = CARTESIAN_POINT('',(96.4,-31.,89.2));
#1224 = DIRECTION('',(-0.948683298051,0.316227766017,0.));
#1225 = DIRECTION('',(-0.316227766017,-0.948683298051,0.));
#1226 = DEFINITIONAL_REPRESENTATION('',(#1227),#1234);
#1227 = B_SPLINE_CURVE_WITH_KNOTS('',5,(#1228,#1229,#1230,#1231,#1232,
    #1233),.UNSPECIFIED.,.F.,.F.,(6,6),(3.899665299255,4.71238897432),
  .PIECEWISE_BEZIER_KNOTS.);
#1228 = CARTESIAN_POINT('',(-1.768363233623E-12,0.191380874963));
#1229 = CARTESIAN_POINT('',(0.162544735011,0.161928184321));
#1230 = CARTESIAN_POINT('',(0.325089470024,0.126155951707));
#1231 = CARTESIAN_POINT('',(0.487634205037,8.567847931599E-02));
#1232 = CARTESIAN_POINT('',(0.65017894005,4.283883635988E-02));
#1233 = CARTESIAN_POINT('',(0.812723675064,1.598294829819E-09));
#1234 = ( GEOMETRIC_REPRESENTATION_CONTEXT(2) 
PARAMETRIC_REPRESENTATION_CONTEXT() REPRESENTATION_CONTEXT('2D SPACE',''
  ) );
#1235 = ORIENTED_EDGE('',*,*,#1236,.F.);
#1236 = EDGE_CURVE('',#1237,#1202,#1239,.T.);
#1237 = VERTEX_POINT('',#1238);
#1238 = CARTESIAN_POINT('',(95.92092180094,-31.78556394933,
    89.123574716056));
#1239 = SURFACE_CURVE('',#1240,(#1245,#1255),.PCURVE_S1.);
#1240 = ELLIPSE('',#1241,0.937794835392,0.9);
#1241 = AXIS2_PLACEMENT_3D('',#1242,#1243,#1244);
#1242 = CARTESIAN_POINT('',(96.4,-31.,89.2));
#1243 = DIRECTION('',(-0.84591532365,0.497086155165,0.193216509535));
#1244 = DIRECTION('',(0.486989175398,0.572263995035,0.659814718714));
#1245 = PCURVE('',#973,#1246);
#1246 = DEFINITIONAL_REPRESENTATION('',(#1247),#1254);
#1247 = B_SPLINE_CURVE_WITH_KNOTS('',5,(#1248,#1249,#1250,#1251,#1252,
    #1253),.UNSPECIFIED.,.F.,.F.,(6,6),(3.814645929954,3.899665299255),
  .PIECEWISE_BEZIER_KNOTS.);
#1248 = CARTESIAN_POINT('',(-3.312905505481E-13,13.2761341481));
#1249 = CARTESIAN_POINT('',(1.700387385994E-02,13.278927739679));
#1250 = CARTESIAN_POINT('',(3.400774772031E-02,13.281795810271));
#1251 = CARTESIAN_POINT('',(5.101162158039E-02,13.284736677149));
#1252 = CARTESIAN_POINT('',(6.801549544078E-02,13.287748567792));
#1253 = CARTESIAN_POINT('',(8.501936930106E-02,13.290829626286));
#1254 = ( GEOMETRIC_REPRESENTATION_CONTEXT(2) 
PARAMETRIC_REPRESENTATION_CONTEXT() REPRESENTATION_CONTEXT('2D SPACE',''
  ) );
#1255 = PCURVE('',#1221,#1256);
#1256 = DEFINITIONAL_REPRESENTATION('',(#1257),#1264);
#1257 = B_SPLINE_CURVE_WITH_KNOTS('',5,(#1258,#1259,#1260,#1261,#1262,
    #1263),.UNSPECIFIED.,.F.,.F.,(6,6),(3.814645929954,3.899665299255),
  .PIECEWISE_BEZIER_KNOTS.);
#1258 = CARTESIAN_POINT('',(6.198165937876,0.20607635315));
#1259 = CARTESIAN_POINT('',(6.215169811737,0.20328276157));
#1260 = CARTESIAN_POINT('',(6.232173685597,0.200414690979));
#1261 = CARTESIAN_POINT('',(6.249177559457,0.197473824101));
#1262 = CARTESIAN_POINT('',(6.266181433318,0.194461933458));
#1263 = CARTESIAN_POINT('',(6.283185307178,0.191380874963));
#1264 = ( GEOMETRIC_REPRESENTATION_CONTEXT(2) 
PARAMETRIC_REPRESENTATION_CONTEXT() REPRESENTATION_CONTEXT('2D SPACE',''
  ) );
#1265 = ORIENTED_EDGE('',*,*,#1266,.F.);
#1266 = EDGE_CURVE('',#1022,#1237,#1267,.T.);
#1267 = SEAM_CURVE('',#1268,(#1272,#1279),.PCURVE_S1.);
#1268 = LINE('',#1269,#1270);
#1269 = CARTESIAN_POINT('',(104.88182778416,-40.25411246094,84.2));
#1270 = VECTOR('',#1271,1.);
#1271 = DIRECTION('',(-0.674963500915,0.637877594272,0.370859066437));
#1272 = PCURVE('',#973,#1273);
#1273 = DEFINITIONAL_REPRESENTATION('',(#1274),#1278);
#1274 = LINE('',#1275,#1276);
#1275 = CARTESIAN_POINT('',(0.,-0.));
#1276 = VECTOR('',#1277,1.);
#1277 = DIRECTION('',(0.,1.));
#1278 = ( GEOMETRIC_REPRESENTATION_CONTEXT(2) 
PARAMETRIC_REPRESENTATION_CONTEXT() REPRESENTATION_CONTEXT('2D SPACE',''
  ) );
#1279 = PCURVE('',#973,#1280);
#1280 = DEFINITIONAL_REPRESENTATION('',(#1281),#1285);
#1281 = LINE('',#1282,#1283);
#1282 = CARTESIAN_POINT('',(6.28318530718,-0.));
#1283 = VECTOR('',#1284,1.);
#1284 = DIRECTION('',(0.,1.));
#1285 = ( GEOMETRIC_REPRESENTATION_CONTEXT(2) 
PARAMETRIC_REPRESENTATION_CONTEXT() REPRESENTATION_CONTEXT('2D SPACE',''
  ) );
#1286 = ORIENTED_EDGE('',*,*,#1021,.T.);
#1287 = ORIENTED_EDGE('',*,*,#950,.T.);
#1288 = ORIENTED_EDGE('',*,*,#1062,.T.);
#1289 = ORIENTED_EDGE('',*,*,#1266,.T.);
#1290 = ORIENTED_EDGE('',*,*,#1291,.F.);
#1291 = EDGE_CURVE('',#1123,#1237,#1292,.T.);
#1292 = SURFACE_CURVE('',#1293,(#1298,#1311),.PCURVE_S1.);
#1293 = ELLIPSE('',#1294,0.937794835392,0.9);
#1294 = AXIS2_PLACEMENT_3D('',#1295,#1296,#1297);
#1295 = CARTESIAN_POINT('',(96.4,-31.,89.2));
#1296 = DIRECTION('',(-0.84591532365,0.497086155165,0.193216509535));
#1297 = DIRECTION('',(0.486989175398,0.572263995035,0.659814718714));
#1298 = PCURVE('',#973,#1299);
#1299 = DEFINITIONAL_REPRESENTATION('',(#1300),#1310);
#1300 = B_SPLINE_CURVE_WITH_KNOTS('',8,(#1301,#1302,#1303,#1304,#1305,
    #1306,#1307,#1308,#1309),.UNSPECIFIED.,.F.,.F.,(9,9),(1.570796321907
    ,3.814645929954),.PIECEWISE_BEZIER_KNOTS.);
#1301 = CARTESIAN_POINT('',(4.039335699133,13.482210502538));
#1302 = CARTESIAN_POINT('',(4.319816900139,13.408289388927));
#1303 = CARTESIAN_POINT('',(4.600298101147,13.334368074735));
#1304 = CARTESIAN_POINT('',(4.880779302144,13.269309932337));
#1305 = CARTESIAN_POINT('',(5.161260503133,13.221967871024));
#1306 = CARTESIAN_POINT('',(5.441741704137,13.198999243126));
#1307 = CARTESIAN_POINT('',(5.722222905169,13.202500913656));
#1308 = CARTESIAN_POINT('',(6.002704106173,13.230053476851));
#1309 = CARTESIAN_POINT('',(6.283185307179,13.2761341481));
#1310 = ( GEOMETRIC_REPRESENTATION_CONTEXT(2) 
PARAMETRIC_REPRESENTATION_CONTEXT() REPRESENTATION_CONTEXT('2D SPACE',''
  ) );
#1311 = PCURVE('',#1221,#1312);
#1312 = DEFINITIONAL_REPRESENTATION('',(#1313),#1323);
#1313 = B_SPLINE_CURVE_WITH_KNOTS('',8,(#1314,#1315,#1316,#1317,#1318,
    #1319,#1320,#1321,#1322),.UNSPECIFIED.,.F.,.F.,(9,9),(1.570796321907
    ,3.814645929954),.PIECEWISE_BEZIER_KNOTS.);
#1314 = CARTESIAN_POINT('',(3.95431632983,-1.288128714805E-09));
#1315 = CARTESIAN_POINT('',(4.234797530836,7.392111232194E-02));
#1316 = CARTESIAN_POINT('',(4.515278731836,0.147842426518));
#1317 = CARTESIAN_POINT('',(4.795759932846,0.2129005689));
#1318 = CARTESIAN_POINT('',(5.076241133829,0.260242630234));
#1319 = CARTESIAN_POINT('',(5.356722334884,0.283211258137));
#1320 = CARTESIAN_POINT('',(5.637203535863,0.27970958758));
#1321 = CARTESIAN_POINT('',(5.917684736871,0.252157024399));
#1322 = CARTESIAN_POINT('',(6.198165937876,0.20607635315));
#1323 = ( GEOMETRIC_REPRESENTATION_CONTEXT(2) 
PARAMETRIC_REPRESENTATION_CONTEXT() REPRESENTATION_CONTEXT('2D SPACE',''
  ) );
#1324 = ADVANCED_FACE('',(#1325),#1141,.T.);
#1325 = FACE_BOUND('',#1326,.T.);
#1326 = EDGE_LOOP('',(#1327,#1328,#1351));
#1327 = ORIENTED_EDGE('',*,*,#1122,.F.);
#1328 = ORIENTED_EDGE('',*,*,#1329,.F.);
#1329 = EDGE_CURVE('',#1330,#1123,#1332,.T.);
#1330 = VERTEX_POINT('',#1331);
#1331 = CARTESIAN_POINT('',(96.4,-31.,90.1));
#1332 = SURFACE_CURVE('',#1333,(#1338,#1344),.PCURVE_S1.);
#1333 = CIRCLE('',#1334,0.9);
#1334 = AXIS2_PLACEMENT_3D('',#1335,#1336,#1337);
#1335 = CARTESIAN_POINT('',(96.4,-31.,89.2));
#1336 = DIRECTION('',(-0.948683298051,0.316227766017,0.));
#1337 = DIRECTION('',(-0.316227766017,-0.948683298051,0.));
#1338 = PCURVE('',#1141,#1339);
#1339 = DEFINITIONAL_REPRESENTATION('',(#1340),#1343);
#1340 = B_SPLINE_CURVE_WITH_KNOTS('',1,(#1341,#1342),.UNSPECIFIED.,.F.,
  .F.,(2,2),(1.570796326795,3.954316334718),.PIECEWISE_BEZIER_KNOTS.);
#1341 = CARTESIAN_POINT('',(7.532231079578,1.570796326795));
#1342 = CARTESIAN_POINT('',(7.532231079578,-0.812723681128));
#1343 = ( GEOMETRIC_REPRESENTATION_CONTEXT(2) 
PARAMETRIC_REPRESENTATION_CONTEXT() REPRESENTATION_CONTEXT('2D SPACE',''
  ) );
#1344 = PCURVE('',#1221,#1345);
#1345 = DEFINITIONAL_REPRESENTATION('',(#1346),#1350);
#1346 = LINE('',#1347,#1348);
#1347 = CARTESIAN_POINT('',(0.,0.));
#1348 = VECTOR('',#1349,1.);
#1349 = DIRECTION('',(1.,0.));
#1350 = ( GEOMETRIC_REPRESENTATION_CONTEXT(2) 
PARAMETRIC_REPRESENTATION_CONTEXT() REPRESENTATION_CONTEXT('2D SPACE',''
  ) );
#1351 = ORIENTED_EDGE('',*,*,#1352,.F.);
#1352 = EDGE_CURVE('',#1125,#1330,#1353,.T.);
#1353 = SURFACE_CURVE('',#1354,(#1359,#1365),.PCURVE_S1.);
#1354 = CIRCLE('',#1355,0.9);
#1355 = AXIS2_PLACEMENT_3D('',#1356,#1357,#1358);
#1356 = CARTESIAN_POINT('',(96.4,-31.,89.2));
#1357 = DIRECTION('',(-0.948683298051,0.316227766017,0.));
#1358 = DIRECTION('',(-0.316227766017,-0.948683298051,0.));
#1359 = PCURVE('',#1141,#1360);
#1360 = DEFINITIONAL_REPRESENTATION('',(#1361),#1364);
#1361 = B_SPLINE_CURVE_WITH_KNOTS('',1,(#1362,#1363),.UNSPECIFIED.,.F.,
  .F.,(2,2),(0.812723681128,1.570796326795),.PIECEWISE_BEZIER_KNOTS.);
#1362 = CARTESIAN_POINT('',(4.390638425988,0.812723681128));
#1363 = CARTESIAN_POINT('',(4.390638425988,1.570796326795));
#1364 = ( GEOMETRIC_REPRESENTATION_CONTEXT(2) 
PARAMETRIC_REPRESENTATION_CONTEXT() REPRESENTATION_CONTEXT('2D SPACE',''
  ) );
#1365 = PCURVE('',#1221,#1366);
#1366 = DEFINITIONAL_REPRESENTATION('',(#1367),#1371);
#1367 = LINE('',#1368,#1369);
#1368 = CARTESIAN_POINT('',(0.,0.));
#1369 = VECTOR('',#1370,1.);
#1370 = DIRECTION('',(1.,0.));
#1371 = ( GEOMETRIC_REPRESENTATION_CONTEXT(2) 
PARAMETRIC_REPRESENTATION_CONTEXT() REPRESENTATION_CONTEXT('2D SPACE',''
  ) );
#1372 = ADVANCED_FACE('',(#1373),#1221,.T.);
#1373 = FACE_BOUND('',#1374,.T.);
#1374 = EDGE_LOOP('',(#1375,#1414,#1443,#1467,#1497,#1518,#1519,#1520,
    #1521,#1522,#1523,#1524));
#1375 = ORIENTED_EDGE('',*,*,#1376,.F.);
#1376 = EDGE_CURVE('',#1377,#1379,#1381,.T.);
#1377 = VERTEX_POINT('',#1378);
#1378 = CARTESIAN_POINT('',(84.651776298225,-26.24467110532,
    88.780372836292));
#1379 = VERTEX_POINT('',#1380);
#1380 = CARTESIAN_POINT('',(84.655334399339,-27.,88.303629298531));
#1381 = SURFACE_CURVE('',#1382,(#1387,#1398),.PCURVE_S1.);
#1382 = ELLIPSE('',#1383,0.945148432675,0.9);
#1383 = AXIS2_PLACEMENT_3D('',#1384,#1385,#1386);
#1384 = CARTESIAN_POINT('',(84.4,-27.,89.2));
#1385 = DIRECTION('',(-0.948391459458,0.166045654122,-0.270152698256));
#1386 = DIRECTION('',(-0.149307635646,0.517765405044,0.842393147691));
#1387 = PCURVE('',#1221,#1388);
#1388 = DEFINITIONAL_REPRESENTATION('',(#1389),#1397);
#1389 = B_SPLINE_CURVE_WITH_KNOTS('',6,(#1390,#1391,#1392,#1393,#1394,
    #1395,#1396),.UNSPECIFIED.,.F.,.F.,(7,7),(1.570796320572,
    2.566706714801),.PIECEWISE_BEZIER_KNOTS.);
#1390 = CARTESIAN_POINT('',(3.626642434296,12.64911064247));
#1391 = CARTESIAN_POINT('',(3.792627500001,12.601202866695));
#1392 = CARTESIAN_POINT('',(3.958612565706,12.553295377978));
#1393 = CARTESIAN_POINT('',(4.124597631411,12.507761895773));
#1394 = CARTESIAN_POINT('',(4.290582697115,12.466986021615));
#1395 = CARTESIAN_POINT('',(4.45656776282,12.432928489945));
#1396 = CARTESIAN_POINT('',(4.622552828525,12.406879160603));
#1397 = ( GEOMETRIC_REPRESENTATION_CONTEXT(2) 
PARAMETRIC_REPRESENTATION_CONTEXT() REPRESENTATION_CONTEXT('2D SPACE',''
  ) );
#1398 = PCURVE('',#1399,#1404);
#1399 = CYLINDRICAL_SURFACE('',#1400,0.9);
#1400 = AXIS2_PLACEMENT_3D('',#1401,#1402,#1403);
#1401 = CARTESIAN_POINT('',(84.4,-27.,89.2));
#1402 = DIRECTION('',(-0.857492925713,0.,-0.514495755428));
#1403 = DIRECTION('',(0.514495755428,0.,-0.857492925713));
#1404 = DEFINITIONAL_REPRESENTATION('',(#1405),#1413);
#1405 = B_SPLINE_CURVE_WITH_KNOTS('',6,(#1406,#1407,#1408,#1409,#1410,
    #1411,#1412),.UNSPECIFIED.,.F.,.F.,(7,7),(1.570796320572,
    2.566706714801),.PIECEWISE_BEZIER_KNOTS.);
#1406 = CARTESIAN_POINT('',(5.287274912951,-1.796081505745E-09));
#1407 = CARTESIAN_POINT('',(5.453259978656,4.790777397804E-02));
#1408 = CARTESIAN_POINT('',(5.619245044361,9.58152626954E-02));
#1409 = CARTESIAN_POINT('',(5.785230110065,0.1413487449));
#1410 = CARTESIAN_POINT('',(5.95121517577,0.182124619058));
#1411 = CARTESIAN_POINT('',(6.117200241475,0.216182150728));
#1412 = CARTESIAN_POINT('',(6.28318530718,0.242231480071));
#1413 = ( GEOMETRIC_REPRESENTATION_CONTEXT(2) 
PARAMETRIC_REPRESENTATION_CONTEXT() REPRESENTATION_CONTEXT('2D SPACE',''
  ) );
#1414 = ORIENTED_EDGE('',*,*,#1415,.F.);
#1415 = EDGE_CURVE('',#1416,#1377,#1418,.T.);
#1416 = VERTEX_POINT('',#1417);
#1417 = CARTESIAN_POINT('',(84.4,-27.,90.1));
#1418 = SURFACE_CURVE('',#1419,(#1424,#1431),.PCURVE_S1.);
#1419 = CIRCLE('',#1420,0.9);
#1420 = AXIS2_PLACEMENT_3D('',#1421,#1422,#1423);
#1421 = CARTESIAN_POINT('',(84.4,-27.,89.2));
#1422 = DIRECTION('',(-0.948683298051,0.316227766017,0.));
#1423 = DIRECTION('',(-0.316227766017,-0.948683298051,0.));
#1424 = PCURVE('',#1221,#1425);
#1425 = DEFINITIONAL_REPRESENTATION('',(#1426),#1430);
#1426 = LINE('',#1427,#1428);
#1427 = CARTESIAN_POINT('',(0.,12.649110640674));
#1428 = VECTOR('',#1429,1.);
#1429 = DIRECTION('',(1.,0.));
#1430 = ( GEOMETRIC_REPRESENTATION_CONTEXT(2) 
PARAMETRIC_REPRESENTATION_CONTEXT() REPRESENTATION_CONTEXT('2D SPACE',''
  ) );
#1431 = PCURVE('',#1432,#1437);
#1432 = SPHERICAL_SURFACE('',#1433,0.9);
#1433 = AXIS2_PLACEMENT_3D('',#1434,#1435,#1436);
#1434 = CARTESIAN_POINT('',(84.4,-27.,89.2));
#1435 = DIRECTION('',(0.,0.,1.));
#1436 = DIRECTION('',(1.,0.,-0.));
#1437 = DEFINITIONAL_REPRESENTATION('',(#1438),#1442);
#1438 = LINE('',#1439,#1440);
#1439 = CARTESIAN_POINT('',(1.249045772398,3.14159265359));
#1440 = VECTOR('',#1441,1.);
#1441 = DIRECTION('',(0.,-1.));
#1442 = ( GEOMETRIC_REPRESENTATION_CONTEXT(2) 
PARAMETRIC_REPRESENTATION_CONTEXT() REPRESENTATION_CONTEXT('2D SPACE',''
  ) );
#1443 = ORIENTED_EDGE('',*,*,#1444,.F.);
#1444 = EDGE_CURVE('',#1445,#1416,#1447,.T.);
#1445 = VERTEX_POINT('',#1446);
#1446 = CARTESIAN_POINT('',(84.148223701775,-27.75532889467,
    89.619627163708));
#1447 = SURFACE_CURVE('',#1448,(#1453,#1460),.PCURVE_S1.);
#1448 = CIRCLE('',#1449,0.9);
#1449 = AXIS2_PLACEMENT_3D('',#1450,#1451,#1452);
#1450 = CARTESIAN_POINT('',(84.4,-27.,89.2));
#1451 = DIRECTION('',(-0.948683298051,0.316227766017,0.));
#1452 = DIRECTION('',(-0.316227766017,-0.948683298051,0.));
#1453 = PCURVE('',#1221,#1454);
#1454 = DEFINITIONAL_REPRESENTATION('',(#1455),#1459);
#1455 = LINE('',#1456,#1457);
#1456 = CARTESIAN_POINT('',(0.,12.649110640674));
#1457 = VECTOR('',#1458,1.);
#1458 = DIRECTION('',(1.,0.));
#1459 = ( GEOMETRIC_REPRESENTATION_CONTEXT(2) 
PARAMETRIC_REPRESENTATION_CONTEXT() REPRESENTATION_CONTEXT('2D SPACE',''
  ) );
#1460 = PCURVE('',#1432,#1461);
#1461 = DEFINITIONAL_REPRESENTATION('',(#1462),#1466);
#1462 = LINE('',#1463,#1464);
#1463 = CARTESIAN_POINT('',(4.390638425988,0.));
#1464 = VECTOR('',#1465,1.);
#1465 = DIRECTION('',(0.,1.));
#1466 = ( GEOMETRIC_REPRESENTATION_CONTEXT(2) 
PARAMETRIC_REPRESENTATION_CONTEXT() REPRESENTATION_CONTEXT('2D SPACE',''
  ) );
#1467 = ORIENTED_EDGE('',*,*,#1468,.F.);
#1468 = EDGE_CURVE('',#1469,#1445,#1471,.T.);
#1469 = VERTEX_POINT('',#1470);
#1470 = CARTESIAN_POINT('',(84.243062210254,-27.89637070146,89.2));
#1471 = SURFACE_CURVE('',#1472,(#1477,#1487),.PCURVE_S1.);
#1472 = ELLIPSE('',#1473,0.945148432675,0.9);
#1473 = AXIS2_PLACEMENT_3D('',#1474,#1475,#1476);
#1474 = CARTESIAN_POINT('',(84.4,-27.,89.2));
#1475 = DIRECTION('',(-0.948391459458,0.166045654122,-0.270152698256));
#1476 = DIRECTION('',(-0.149307635646,0.517765405044,0.842393147691));
#1477 = PCURVE('',#1221,#1478);
#1478 = DEFINITIONAL_REPRESENTATION('',(#1479),#1486);
#1479 = B_SPLINE_CURVE_WITH_KNOTS('',5,(#1480,#1481,#1482,#1483,#1484,
    #1485),.UNSPECIFIED.,.F.,.F.,(6,6),(4.227339193455,4.712388980385),
  .PIECEWISE_BEZIER_KNOTS.);
#1480 = CARTESIAN_POINT('',(1.578983857245E-14,12.51453759619));
#1481 = CARTESIAN_POINT('',(9.700995738591E-02,12.539307575389));
#1482 = CARTESIAN_POINT('',(0.194019914772,12.565660596399));
#1483 = CARTESIAN_POINT('',(0.291029872158,12.593111225466));
#1484 = CARTESIAN_POINT('',(0.388039829544,12.62111094524));
#1485 = CARTESIAN_POINT('',(0.485049786929,12.649110640674));
#1486 = ( GEOMETRIC_REPRESENTATION_CONTEXT(2) 
PARAMETRIC_REPRESENTATION_CONTEXT() REPRESENTATION_CONTEXT('2D SPACE',''
  ) );
#1487 = PCURVE('',#1399,#1488);
#1488 = DEFINITIONAL_REPRESENTATION('',(#1489),#1496);
#1489 = B_SPLINE_CURVE_WITH_KNOTS('',5,(#1490,#1491,#1492,#1493,#1494,
    #1495),.UNSPECIFIED.,.F.,.F.,(6,6),(4.227339193455,4.712388980385),
  .PIECEWISE_BEZIER_KNOTS.);
#1490 = CARTESIAN_POINT('',(1.660632478655,0.134573044484));
#1491 = CARTESIAN_POINT('',(1.757642436041,0.109803065285));
#1492 = CARTESIAN_POINT('',(1.854652393426,8.34500442745E-02));
#1493 = CARTESIAN_POINT('',(1.951662350812,5.599941520739E-02));
#1494 = CARTESIAN_POINT('',(2.048672308198,2.799969543385E-02));
#1495 = CARTESIAN_POINT('',(2.145682265584,0.));
#1496 = ( GEOMETRIC_REPRESENTATION_CONTEXT(2) 
PARAMETRIC_REPRESENTATION_CONTEXT() REPRESENTATION_CONTEXT('2D SPACE',''
  ) );
#1497 = ORIENTED_EDGE('',*,*,#1498,.F.);
#1498 = EDGE_CURVE('',#1202,#1469,#1499,.T.);
#1499 = SEAM_CURVE('',#1500,(#1504,#1511),.PCURVE_S1.);
#1500 = LINE('',#1501,#1502);
#1501 = CARTESIAN_POINT('',(96.115395010585,-31.85381496824,89.2));
#1502 = VECTOR('',#1503,1.);
#1503 = DIRECTION('',(-0.948683298051,0.316227766017,0.));
#1504 = PCURVE('',#1221,#1505);
#1505 = DEFINITIONAL_REPRESENTATION('',(#1506),#1510);
#1506 = LINE('',#1507,#1508);
#1507 = CARTESIAN_POINT('',(6.28318530718,-0.));
#1508 = VECTOR('',#1509,1.);
#1509 = DIRECTION('',(0.,1.));
#1510 = ( GEOMETRIC_REPRESENTATION_CONTEXT(2) 
PARAMETRIC_REPRESENTATION_CONTEXT() REPRESENTATION_CONTEXT('2D SPACE',''
  ) );
#1511 = PCURVE('',#1221,#1512);
#1512 = DEFINITIONAL_REPRESENTATION('',(#1513),#1517);
#1513 = LINE('',#1514,#1515);
#1514 = CARTESIAN_POINT('',(0.,-0.));
#1515 = VECTOR('',#1516,1.);
#1516 = DIRECTION('',(0.,1.));
#1517 = ( GEOMETRIC_REPRESENTATION_CONTEXT(2) 
PARAMETRIC_REPRESENTATION_CONTEXT() REPRESENTATION_CONTEXT('2D SPACE',''
  ) );
#1518 = ORIENTED_EDGE('',*,*,#1201,.T.);
#1519 = ORIENTED_EDGE('',*,*,#1352,.T.);
#1520 = ORIENTED_EDGE('',*,*,#1329,.T.);
#1521 = ORIENTED_EDGE('',*,*,#1291,.T.);
#1522 = ORIENTED_EDGE('',*,*,#1236,.T.);
#1523 = ORIENTED_EDGE('',*,*,#1498,.T.);
#1524 = ORIENTED_EDGE('',*,*,#1525,.F.);
#1525 = EDGE_CURVE('',#1379,#1469,#1526,.T.);
#1526 = SURFACE_CURVE('',#1527,(#1532,#1544),.PCURVE_S1.);
#1527 = ELLIPSE('',#1528,0.945148432675,0.9);
#1528 = AXIS2_PLACEMENT_3D('',#1529,#1530,#1531);
#1529 = CARTESIAN_POINT('',(84.4,-27.,89.2));
#1530 = DIRECTION('',(-0.948391459458,0.166045654122,-0.270152698256));
#1531 = DIRECTION('',(-0.149307635646,0.517765405044,0.842393147691));
#1532 = PCURVE('',#1221,#1533);
#1533 = DEFINITIONAL_REPRESENTATION('',(#1534),#1543);
#1534 = B_SPLINE_CURVE_WITH_KNOTS('',7,(#1535,#1536,#1537,#1538,#1539,
    #1540,#1541,#1542),.UNSPECIFIED.,.F.,.F.,(8,8),(2.566706714801,
    4.227339193455),.PIECEWISE_BEZIER_KNOTS.);
#1535 = CARTESIAN_POINT('',(4.622552828525,12.406879160603));
#1536 = CARTESIAN_POINT('',(4.859786039761,12.369648304777));
#1537 = CARTESIAN_POINT('',(5.097019250998,12.348322859425));
#1538 = CARTESIAN_POINT('',(5.334252462234,12.346320256018));
#1539 = CARTESIAN_POINT('',(5.571485673471,12.364889372018));
#1540 = CARTESIAN_POINT('',(5.808718884707,12.402226585755));
#1541 = CARTESIAN_POINT('',(6.045952095943,12.453963796695));
#1542 = CARTESIAN_POINT('',(6.28318530718,12.51453759619));
#1543 = ( GEOMETRIC_REPRESENTATION_CONTEXT(2) 
PARAMETRIC_REPRESENTATION_CONTEXT() REPRESENTATION_CONTEXT('2D SPACE',''
  ) );
#1544 = PCURVE('',#1399,#1545);
#1545 = DEFINITIONAL_REPRESENTATION('',(#1546),#1555);
#1546 = B_SPLINE_CURVE_WITH_KNOTS('',7,(#1547,#1548,#1549,#1550,#1551,
    #1552,#1553,#1554),.UNSPECIFIED.,.F.,.F.,(8,8),(2.566706714801,
    4.227339193455),.PIECEWISE_BEZIER_KNOTS.);
#1547 = CARTESIAN_POINT('',(9.473903143468E-14,0.242231480071));
#1548 = CARTESIAN_POINT('',(0.237233211236,0.279462335897));
#1549 = CARTESIAN_POINT('',(0.474466422473,0.300787781249));
#1550 = CARTESIAN_POINT('',(0.711699633709,0.302790384657));
#1551 = CARTESIAN_POINT('',(0.948932844946,0.284221268652));
#1552 = CARTESIAN_POINT('',(1.186166056182,0.246884054918));
#1553 = CARTESIAN_POINT('',(1.423399267418,0.195146843978));
#1554 = CARTESIAN_POINT('',(1.660632478655,0.134573044484));
#1555 = ( GEOMETRIC_REPRESENTATION_CONTEXT(2) 
PARAMETRIC_REPRESENTATION_CONTEXT() REPRESENTATION_CONTEXT('2D SPACE',''
  ) );
#1556 = ADVANCED_FACE('',(#1557),#1399,.T.);
#1557 = FACE_BOUND('',#1558,.T.);
#1558 = EDGE_LOOP('',(#1559,#1582,#1616,#1657,#1713,#1714,#1715,#1716,
    #1779));
#1559 = ORIENTED_EDGE('',*,*,#1560,.T.);
#1560 = EDGE_CURVE('',#1379,#1561,#1563,.T.);
#1561 = VERTEX_POINT('',#1562);
#1562 = CARTESIAN_POINT('',(80.863046179885,-27.,86.028256366859));
#1563 = SEAM_CURVE('',#1564,(#1568,#1575),.PCURVE_S1.);
#1564 = LINE('',#1565,#1566);
#1565 = CARTESIAN_POINT('',(84.863046179885,-27.,88.428256366859));
#1566 = VECTOR('',#1567,1.);
#1567 = DIRECTION('',(-0.857492925713,1.232595164408E-32,-0.514495755428
    ));
#1568 = PCURVE('',#1399,#1569);
#1569 = DEFINITIONAL_REPRESENTATION('',(#1570),#1574);
#1570 = LINE('',#1571,#1572);
#1571 = CARTESIAN_POINT('',(6.28318530718,-0.));
#1572 = VECTOR('',#1573,1.);
#1573 = DIRECTION('',(0.,1.));
#1574 = ( GEOMETRIC_REPRESENTATION_CONTEXT(2) 
PARAMETRIC_REPRESENTATION_CONTEXT() REPRESENTATION_CONTEXT('2D SPACE',''
  ) );
#1575 = PCURVE('',#1399,#1576);
#1576 = DEFINITIONAL_REPRESENTATION('',(#1577),#1581);
#1577 = LINE('',#1578,#1579);
#1578 = CARTESIAN_POINT('',(0.,-0.));
#1579 = VECTOR('',#1580,1.);
#1580 = DIRECTION('',(0.,1.));
#1581 = ( GEOMETRIC_REPRESENTATION_CONTEXT(2) 
PARAMETRIC_REPRESENTATION_CONTEXT() REPRESENTATION_CONTEXT('2D SPACE',''
  ) );
#1582 = ORIENTED_EDGE('',*,*,#1583,.F.);
#1583 = EDGE_CURVE('',#1584,#1561,#1586,.T.);
#1584 = VERTEX_POINT('',#1585);
#1585 = CARTESIAN_POINT('',(80.832,-26.676,86.08));
#1586 = SURFACE_CURVE('',#1587,(#1592,#1599),.PCURVE_S1.);
#1587 = CIRCLE('',#1588,0.9);
#1588 = AXIS2_PLACEMENT_3D('',#1589,#1590,#1591);
#1589 = CARTESIAN_POINT('',(80.4,-27.,86.8));
#1590 = DIRECTION('',(-0.857492925713,0.,-0.514495755428));
#1591 = DIRECTION('',(0.514495755428,0.,-0.857492925713));
#1592 = PCURVE('',#1399,#1593);
#1593 = DEFINITIONAL_REPRESENTATION('',(#1594),#1598);
#1594 = LINE('',#1595,#1596);
#1595 = CARTESIAN_POINT('',(0.,4.664761515876));
#1596 = VECTOR('',#1597,1.);
#1597 = DIRECTION('',(1.,0.));
#1598 = ( GEOMETRIC_REPRESENTATION_CONTEXT(2) 
PARAMETRIC_REPRESENTATION_CONTEXT() REPRESENTATION_CONTEXT('2D SPACE',''
  ) );
#1599 = PCURVE('',#1600,#1605);
#1600 = SPHERICAL_SURFACE('',#1601,0.9);
#1601 = AXIS2_PLACEMENT_3D('',#1602,#1603,#1604);
#1602 = CARTESIAN_POINT('',(80.4,-27.,86.8));
#1603 = DIRECTION('',(0.,0.,1.));
#1604 = DIRECTION('',(1.,0.,-0.));
#1605 = DEFINITIONAL_REPRESENTATION('',(#1606),#1615);
#1606 = B_SPLINE_CURVE_WITH_KNOTS('',7,(#1607,#1608,#1609,#1610,#1611,
    #1612,#1613,#1614),.UNSPECIFIED.,.F.,.F.,(8,8),(5.914917413743,
    6.28318530718),.PIECEWISE_BEZIER_KNOTS.);
#1607 = CARTESIAN_POINT('',(6.926686415973,-0.927295218002));
#1608 = CARTESIAN_POINT('',(6.851499008023,-0.954362684864));
#1609 = CARTESIAN_POINT('',(6.769978341672,-0.978264787285));
#1610 = CARTESIAN_POINT('',(6.681886051459,-0.998428379563));
#1611 = CARTESIAN_POINT('',(6.587397375217,-1.0142302427));
#1612 = CARTESIAN_POINT('',(6.487692272688,-1.024995312681));
#1613 = CARTESIAN_POINT('',(6.385440181991,-1.030376826524));
#1614 = CARTESIAN_POINT('',(6.28318530718,-1.030376826524));
#1615 = ( GEOMETRIC_REPRESENTATION_CONTEXT(2) 
PARAMETRIC_REPRESENTATION_CONTEXT() REPRESENTATION_CONTEXT('2D SPACE',''
  ) );
#1616 = ORIENTED_EDGE('',*,*,#1617,.F.);
#1617 = EDGE_CURVE('',#1618,#1584,#1620,.T.);
#1618 = VERTEX_POINT('',#1619);
#1619 = CARTESIAN_POINT('',(79.968,-27.324,87.52));
#1620 = SURFACE_CURVE('',#1621,(#1626,#1639),.PCURVE_S1.);
#1621 = ELLIPSE('',#1622,0.925633554505,0.9);
#1622 = AXIS2_PLACEMENT_3D('',#1623,#1624,#1625);
#1623 = CARTESIAN_POINT('',(80.4,-27.,86.8));
#1624 = DIRECTION('',(-0.877033282856,0.218037690097,-0.42810300917));
#1625 = DIRECTION('',(-2.031306877677E-02,-0.907116070686,
    -0.420390073075));
#1626 = PCURVE('',#1399,#1627);
#1627 = DEFINITIONAL_REPRESENTATION('',(#1628),#1638);
#1628 = B_SPLINE_CURVE_WITH_KNOTS('',8,(#1629,#1630,#1631,#1632,#1633,
    #1634,#1635,#1636,#1637),.UNSPECIFIED.,.F.,.F.,(9,9),(1.570796326795
    ,4.712388980385),.PIECEWISE_BEZIER_KNOTS.);
#1629 = CARTESIAN_POINT('',(2.773324760153,4.664761515876));
#1630 = CARTESIAN_POINT('',(3.166023841852,4.57981000515));
#1631 = CARTESIAN_POINT('',(3.558722923549,4.494857817062));
#1632 = CARTESIAN_POINT('',(3.951422005235,4.429875701373));
#1633 = CARTESIAN_POINT('',(4.344121086946,4.404779746517));
#1634 = CARTESIAN_POINT('',(4.736820168635,4.429875701373));
#1635 = CARTESIAN_POINT('',(5.129519250345,4.494857817065));
#1636 = CARTESIAN_POINT('',(5.522218332044,4.57981000515));
#1637 = CARTESIAN_POINT('',(5.914917413743,4.664761515876));
#1638 = ( GEOMETRIC_REPRESENTATION_CONTEXT(2) 
PARAMETRIC_REPRESENTATION_CONTEXT() REPRESENTATION_CONTEXT('2D SPACE',''
  ) );
#1639 = PCURVE('',#1640,#1645);
#1640 = CYLINDRICAL_SURFACE('',#1641,0.9);
#1641 = AXIS2_PLACEMENT_3D('',#1642,#1643,#1644);
#1642 = CARTESIAN_POINT('',(80.4,-27.,86.8));
#1643 = DIRECTION('',(-0.847998304005,0.423999152003,-0.317999364002));
#1644 = DIRECTION('',(-0.4472135955,-0.894427191,0.));
#1645 = DEFINITIONAL_REPRESENTATION('',(#1646),#1656);
#1646 = B_SPLINE_CURVE_WITH_KNOTS('',8,(#1647,#1648,#1649,#1650,#1651,
    #1652,#1653,#1654,#1655),.UNSPECIFIED.,.F.,.F.,(9,9),(1.570796326795
    ,4.712388980385),.PIECEWISE_BEZIER_KNOTS.);
#1647 = CARTESIAN_POINT('',(1.004326881093,0.));
#1648 = CARTESIAN_POINT('',(1.397025962791,8.495151072668E-02));
#1649 = CARTESIAN_POINT('',(1.789725044488,0.169903698815));
#1650 = CARTESIAN_POINT('',(2.182424126182,0.234885814481));
#1651 = CARTESIAN_POINT('',(2.575123207884,0.259981769388));
#1652 = CARTESIAN_POINT('',(2.967822289582,0.234885814481));
#1653 = CARTESIAN_POINT('',(3.360521371284,0.169903698815));
#1654 = CARTESIAN_POINT('',(3.753220452984,8.495151072667E-02));
#1655 = CARTESIAN_POINT('',(4.145919534682,-1.42108547152E-14));
#1656 = ( GEOMETRIC_REPRESENTATION_CONTEXT(2) 
PARAMETRIC_REPRESENTATION_CONTEXT() REPRESENTATION_CONTEXT('2D SPACE',''
  ) );
#1657 = ORIENTED_EDGE('',*,*,#1658,.F.);
#1658 = EDGE_CURVE('',#1561,#1618,#1659,.T.);
#1659 = SURFACE_CURVE('',#1660,(#1665,#1672),.PCURVE_S1.);
#1660 = CIRCLE('',#1661,0.9);
#1661 = AXIS2_PLACEMENT_3D('',#1662,#1663,#1664);
#1662 = CARTESIAN_POINT('',(80.4,-27.,86.8));
#1663 = DIRECTION('',(-0.857492925713,0.,-0.514495755428));
#1664 = DIRECTION('',(0.514495755428,0.,-0.857492925713));
#1665 = PCURVE('',#1399,#1666);
#1666 = DEFINITIONAL_REPRESENTATION('',(#1667),#1671);
#1667 = LINE('',#1668,#1669);
#1668 = CARTESIAN_POINT('',(0.,4.664761515876));
#1669 = VECTOR('',#1670,1.);
#1670 = DIRECTION('',(1.,0.));
#1671 = ( GEOMETRIC_REPRESENTATION_CONTEXT(2) 
PARAMETRIC_REPRESENTATION_CONTEXT() REPRESENTATION_CONTEXT('2D SPACE',''
  ) );
#1672 = PCURVE('',#1600,#1673);
#1673 = DEFINITIONAL_REPRESENTATION('',(#1674),#1712);
#1674 = B_SPLINE_CURVE_WITH_KNOTS('',8,(#1675,#1676,#1677,#1678,#1679,
    #1680,#1681,#1682,#1683,#1684,#1685,#1686,#1687,#1688,#1689,#1690,
    #1691,#1692,#1693,#1694,#1695,#1696,#1697,#1698,#1699,#1700,#1701,
    #1702,#1703,#1704,#1705,#1706,#1707,#1708,#1709,#1710,#1711),
  .UNSPECIFIED.,.F.,.F.,(9,7,7,7,7,9),(0.,0.346665595019,0.953330386303,
    1.863327573228,2.31832616669,2.773324760153),.UNSPECIFIED.);
#1675 = CARTESIAN_POINT('',(6.28318530718,-1.030376826524));
#1676 = CARTESIAN_POINT('',(6.19896070684,-1.030376826524));
#1677 = CARTESIAN_POINT('',(6.114737566162,-1.026800237849));
#1678 = CARTESIAN_POINT('',(6.031844429643,-1.019646424446));
#1679 = CARTESIAN_POINT('',(5.951652422936,-1.009050385227));
#1680 = CARTESIAN_POINT('',(5.875141970635,-0.995279900238));
#1681 = CARTESIAN_POINT('',(5.802811665673,-0.97866556441));
#1682 = CARTESIAN_POINT('',(5.734790705647,-0.959529270411));
#1683 = CARTESIAN_POINT('',(5.559411121454,-0.900809707531));
#1684 = CARTESIAN_POINT('',(5.460806570129,-0.856654656895));
#1685 = CARTESIAN_POINT('',(5.374846418936,-0.807344984205));
#1686 = CARTESIAN_POINT('',(5.29908414519,-0.754308370554));
#1687 = CARTESIAN_POINT('',(5.231457287126,-0.698418430105));
#1688 = CARTESIAN_POINT('',(5.170352830137,-0.640355428506));
#1689 = CARTESIAN_POINT('',(5.114440256539,-0.580597767409));
#1690 = CARTESIAN_POINT('',(4.984995791287,-0.427903081136));
#1691 = CARTESIAN_POINT('',(4.916631844071,-0.333315740655));
#1692 = CARTESIAN_POINT('',(4.853979327224,-0.237012019234));
#1693 = CARTESIAN_POINT('',(4.794752400156,-0.139681675042));
#1694 = CARTESIAN_POINT('',(4.737215118523,-4.184511394709E-02));
#1695 = CARTESIAN_POINT('',(4.679826314082,5.603044435798E-02));
#1696 = CARTESIAN_POINT('',(4.620995460679,0.15348398524));
#1697 = CARTESIAN_POINT('',(4.527492371553,0.298067832702));
#1698 = CARTESIAN_POINT('',(4.495448601495,0.345996366905));
#1699 = CARTESIAN_POINT('',(4.462269980379,0.393579120637));
#1700 = CARTESIAN_POINT('',(4.42766936482,0.440724439802));
#1701 = CARTESIAN_POINT('',(4.391315067906,0.487325201389));
#1702 = CARTESIAN_POINT('',(4.352813199702,0.533250662696));
#1703 = CARTESIAN_POINT('',(4.311688525796,0.57833367343));
#1704 = CARTESIAN_POINT('',(4.223039161926,0.666372827948));
#1705 = CARTESIAN_POINT('',(4.175514612173,0.709328679456));
#1706 = CARTESIAN_POINT('',(4.12421542011,0.751000874114));
#1707 = CARTESIAN_POINT('',(4.068464455374,0.791109249585));
#1708 = CARTESIAN_POINT('',(4.007491043701,0.829309173029));
#1709 = CARTESIAN_POINT('',(3.940411078683,0.865146899933));
#1710 = CARTESIAN_POINT('',(3.866376694696,0.898033362369));
#1711 = CARTESIAN_POINT('',(3.785093762383,0.927295218002));
#1712 = ( GEOMETRIC_REPRESENTATION_CONTEXT(2) 
PARAMETRIC_REPRESENTATION_CONTEXT() REPRESENTATION_CONTEXT('2D SPACE',''
  ) );
#1713 = ORIENTED_EDGE('',*,*,#1560,.F.);
#1714 = ORIENTED_EDGE('',*,*,#1525,.T.);
#1715 = ORIENTED_EDGE('',*,*,#1468,.T.);
#1716 = ORIENTED_EDGE('',*,*,#1717,.T.);
#1717 = EDGE_CURVE('',#1445,#1377,#1718,.T.);
#1718 = SURFACE_CURVE('',#1719,(#1724,#1731),.PCURVE_S1.);
#1719 = CIRCLE('',#1720,0.9);
#1720 = AXIS2_PLACEMENT_3D('',#1721,#1722,#1723);
#1721 = CARTESIAN_POINT('',(84.4,-27.,89.2));
#1722 = DIRECTION('',(-0.857492925713,0.,-0.514495755428));
#1723 = DIRECTION('',(0.514495755428,0.,-0.857492925713));
#1724 = PCURVE('',#1399,#1725);
#1725 = DEFINITIONAL_REPRESENTATION('',(#1726),#1730);
#1726 = LINE('',#1727,#1728);
#1727 = CARTESIAN_POINT('',(0.,0.));
#1728 = VECTOR('',#1729,1.);
#1729 = DIRECTION('',(1.,0.));
#1730 = ( GEOMETRIC_REPRESENTATION_CONTEXT(2) 
PARAMETRIC_REPRESENTATION_CONTEXT() REPRESENTATION_CONTEXT('2D SPACE',''
  ) );
#1731 = PCURVE('',#1432,#1732);
#1732 = DEFINITIONAL_REPRESENTATION('',(#1733),#1778);
#1733 = B_SPLINE_CURVE_WITH_KNOTS('',7,(#1734,#1735,#1736,#1737,#1738,
    #1739,#1740,#1741,#1742,#1743,#1744,#1745,#1746,#1747,#1748,#1749,
    #1750,#1751,#1752,#1753,#1754,#1755,#1756,#1757,#1758,#1759,#1760,
    #1761,#1762,#1763,#1764,#1765,#1766,#1767,#1768,#1769,#1770,#1771,
    #1772,#1773,#1774,#1775,#1776,#1777),.UNSPECIFIED.,.F.,.F.,(8,6,6,6,
    6,6,6,8),(2.145682265584,2.538381347283,2.881993043769,
    3.182653278195,3.445730983317,3.906116967281,4.596695943228,
    5.287274919174),.UNSPECIFIED.);
#1734 = CARTESIAN_POINT('',(4.390638425988,0.485049786929));
#1735 = CARTESIAN_POINT('',(4.353757741496,0.530686425275));
#1736 = CARTESIAN_POINT('',(4.314808050276,0.575668559538));
#1737 = CARTESIAN_POINT('',(4.273360287624,0.619850529379));
#1738 = CARTESIAN_POINT('',(4.228920290326,0.663052442665));
#1739 = CARTESIAN_POINT('',(4.180868687662,0.70504415587));
#1740 = CARTESIAN_POINT('',(4.128461113232,0.745519602451));
#1741 = CARTESIAN_POINT('',(4.020512908927,0.817785602559));
#1742 = CARTESIAN_POINT('',(3.966183065057,0.850029961655));
#1743 = CARTESIAN_POINT('',(3.907364142879,0.880512120066));
#1744 = CARTESIAN_POINT('',(3.843493651024,0.908896712956));
#1745 = CARTESIAN_POINT('',(3.774047570914,0.934754005226));
#1746 = CARTESIAN_POINT('',(3.698779308059,0.957581638071));
#1747 = CARTESIAN_POINT('',(3.547565031003,0.993783980308));
#1748 = CARTESIAN_POINT('',(3.472877801311,1.00798403915));
#1749 = CARTESIAN_POINT('',(3.3943663974,1.019163589718));
#1750 = CARTESIAN_POINT('',(3.312673690922,1.027010076868));
#1751 = CARTESIAN_POINT('',(3.229040240635,1.031277862507));
#1752 = CARTESIAN_POINT('',(3.145003045824,1.031905362557));
#1753 = CARTESIAN_POINT('',(2.989202348408,1.026408467219));
#1754 = CARTESIAN_POINT('',(2.91721782347,1.021118644402));
#1755 = CARTESIAN_POINT('',(2.846865516094,1.013156803443));
#1756 = CARTESIAN_POINT('',(2.778957310847,1.002668145508));
#1757 = CARTESIAN_POINT('',(2.714021914213,0.989856537425));
#1758 = CARTESIAN_POINT('',(2.652283523982,0.974950110596));
#1759 = CARTESIAN_POINT('',(2.491466153871,0.928794926985));
#1760 = CARTESIAN_POINT('',(2.399105005564,0.893674883453));
#1761 = CARTESIAN_POINT('',(2.317040772886,0.853983911538));
#1762 = CARTESIAN_POINT('',(2.243787100136,0.810840603676));
#1763 = CARTESIAN_POINT('',(2.177859971781,0.764983331345));
#1764 = CARTESIAN_POINT('',(2.118008195064,0.716991713308));
#1765 = CARTESIAN_POINT('',(1.980902854055,0.592747391261));
#1766 = CARTESIAN_POINT('',(1.909914880851,0.514362884578));
#1767 = CARTESIAN_POINT('',(1.846609000529,0.433595518197));
#1768 = CARTESIAN_POINT('',(1.788528038087,0.351204667556));
#1769 = CARTESIAN_POINT('',(1.734040346116,0.26773413293));
#1770 = CARTESIAN_POINT('',(1.681775183481,0.183591578484));
#1771 = CARTESIAN_POINT('',(1.579256433777,1.470273734988E-02));
#1772 = CARTESIAN_POINT('',(1.529001642852,-7.004369244815E-02));
#1773 = CARTESIAN_POINT('',(1.478526970712,-0.154722103659));
#1774 = CARTESIAN_POINT('',(1.426720978685,-0.239005724217));
#1775 = CARTESIAN_POINT('',(1.372357314438,-0.322517551508));
#1776 = CARTESIAN_POINT('',(1.313902112827,-0.404795708316));
#1777 = CARTESIAN_POINT('',(1.249045772398,-0.48504978693));
#1778 = ( GEOMETRIC_REPRESENTATION_CONTEXT(2) 
PARAMETRIC_REPRESENTATION_CONTEXT() REPRESENTATION_CONTEXT('2D SPACE',''
  ) );
#1779 = ORIENTED_EDGE('',*,*,#1376,.T.);
#1780 = ADVANCED_FACE('',(#1781),#1432,.T.);
#1781 = FACE_BOUND('',#1782,.T.);
#1782 = EDGE_LOOP('',(#1783,#1784,#1785));
#1783 = ORIENTED_EDGE('',*,*,#1444,.T.);
#1784 = ORIENTED_EDGE('',*,*,#1415,.T.);
#1785 = ORIENTED_EDGE('',*,*,#1717,.F.);
#1786 = ADVANCED_FACE('',(#1787),#1600,.T.);
#1787 = FACE_BOUND('',#1788,.T.);
#1788 = EDGE_LOOP('',(#1789,#1861,#1862,#1863));
#1789 = ORIENTED_EDGE('',*,*,#1790,.T.);
#1790 = EDGE_CURVE('',#1791,#1584,#1793,.T.);
#1791 = VERTEX_POINT('',#1792);
#1792 = CARTESIAN_POINT('',(79.99750776405,-27.8049844719,86.8));
#1793 = SURFACE_CURVE('',#1794,(#1799,#1854),.PCURVE_S1.);
#1794 = CIRCLE('',#1795,0.9);
#1795 = AXIS2_PLACEMENT_3D('',#1796,#1797,#1798);
#1796 = CARTESIAN_POINT('',(80.4,-27.,86.8));
#1797 = DIRECTION('',(0.847998304005,-0.423999152003,0.317999364002));
#1798 = DIRECTION('',(-0.4472135955,-0.894427191,-1.387778780781E-17));
#1799 = PCURVE('',#1600,#1800);
#1800 = DEFINITIONAL_REPRESENTATION('',(#1801),#1853);
#1801 = B_SPLINE_CURVE_WITH_KNOTS('',8,(#1802,#1803,#1804,#1805,#1806,
    #1807,#1808,#1809,#1810,#1811,#1812,#1813,#1814,#1815,#1816,#1817,
    #1818,#1819,#1820,#1821,#1822,#1823,#1824,#1825,#1826,#1827,#1828,
    #1829,#1830,#1831,#1832,#1833,#1834,#1835,#1836,#1837,#1838,#1839,
    #1840,#1841,#1842,#1843,#1844,#1845,#1846,#1847,#1848,#1849,#1850,
    #1851,#1852),.UNSPECIFIED.,.F.,.F.,(9,7,7,7,7,7,7,9),(0.,
    0.496261689327,0.992523378653,1.323364504871,1.512416576996,
    1.728476087995,1.932870930246,2.137265772497),.UNSPECIFIED.);
#1802 = CARTESIAN_POINT('',(4.248741371384,0.));
#1803 = CARTESIAN_POINT('',(4.268467734082,-5.881265058888E-02));
#1804 = CARTESIAN_POINT('',(4.288194501095,-0.117625220409));
#1805 = CARTESIAN_POINT('',(4.308127705776,-0.17640321663));
#1806 = CARTESIAN_POINT('',(4.328478453033,-0.23511114148));
#1807 = CARTESIAN_POINT('',(4.349470849509,-0.293711306073));
#1808 = CARTESIAN_POINT('',(4.371362515425,-0.35216020181));
#1809 = CARTESIAN_POINT('',(4.394477678106,-0.410402429336));
#1810 = CARTESIAN_POINT('',(4.444028016246,-0.526321940784));
#1811 = CARTESIAN_POINT('',(4.470463634721,-0.583999300705));
#1812 = CARTESIAN_POINT('',(4.498999064602,-0.6413168119));
#1813 = CARTESIAN_POINT('',(4.530190988634,-0.698179437518));
#1814 = CARTESIAN_POINT('',(4.564783639916,-0.75445068596));
#1815 = CARTESIAN_POINT('',(4.603794405372,-0.809946489946));
#1816 = CARTESIAN_POINT('',(4.648736421613,-0.864388716052));
#1817 = CARTESIAN_POINT('',(4.737675355206,-0.952507831417));
#1818 = CARTESIAN_POINT('',(4.776993621598,-0.987057336045));
#1819 = CARTESIAN_POINT('',(4.820792368018,-1.020754439317));
#1820 = CARTESIAN_POINT('',(4.869996884408,-1.053399467529));
#1821 = CARTESIAN_POINT('',(4.925794699562,-1.08471403629));
#1822 = CARTESIAN_POINT('',(4.989635073709,-1.114334238342));
#1823 = CARTESIAN_POINT('',(5.063419123661,-1.141698149444));
#1824 = CARTESIAN_POINT('',(5.196710932533,-1.180021697604));
#1825 = CARTESIAN_POINT('',(5.248784752008,-1.192985807746));
#1826 = CARTESIAN_POINT('',(5.304668778077,-1.204843535716));
#1827 = CARTESIAN_POINT('',(5.364477298865,-1.215445504775));
#1828 = CARTESIAN_POINT('',(5.428183610161,-1.224626183965));
#1829 = CARTESIAN_POINT('',(5.495470128653,-1.232219961972));
#1830 = CARTESIAN_POINT('',(5.565642559811,-1.238086412159));
#1831 = CARTESIAN_POINT('',(5.720207611272,-1.246765025922));
#1832 = CARTESIAN_POINT('',(5.805199988145,-1.249020979001));
#1833 = CARTESIAN_POINT('',(5.891361616872,-1.248771002077));
#1834 = CARTESIAN_POINT('',(5.976922555047,-1.245963198254));
#1835 = CARTESIAN_POINT('',(6.059897345529,-1.240675589865));
#1836 = CARTESIAN_POINT('',(6.139000971843,-1.233104673595));
#1837 = CARTESIAN_POINT('',(6.213524259164,-1.223476787705));
#1838 = CARTESIAN_POINT('',(6.349085479102,-1.201192751551));
#1839 = CARTESIAN_POINT('',(6.410635201171,-1.188727792873));
#1840 = CARTESIAN_POINT('',(6.467590865355,-1.174829639291));
#1841 = CARTESIAN_POINT('',(6.520070348101,-1.159696683659));
#1842 = CARTESIAN_POINT('',(6.56837824937,-1.143507936512));
#1843 = CARTESIAN_POINT('',(6.612884285469,-1.126414003447));
#1844 = CARTESIAN_POINT('',(6.653954835656,-1.108537956255));
#1845 = CARTESIAN_POINT('',(6.729920449453,-1.071434239353));
#1846 = CARTESIAN_POINT('',(6.764815259751,-1.052206261507));
#1847 = CARTESIAN_POINT('',(6.796971768429,-1.032407155526));
#1848 = CARTESIAN_POINT('',(6.826713710445,-1.012121114962));
#1849 = CARTESIAN_POINT('',(6.854327668129,-0.991416072417));
#1850 = CARTESIAN_POINT('',(6.880059424703,-0.970347436353));
#1851 = CARTESIAN_POINT('',(6.904117863945,-0.948961027949));
#1852 = CARTESIAN_POINT('',(6.926686415973,-0.927295218002));
#1853 = ( GEOMETRIC_REPRESENTATION_CONTEXT(2) 
PARAMETRIC_REPRESENTATION_CONTEXT() REPRESENTATION_CONTEXT('2D SPACE',''
  ) );
#1854 = PCURVE('',#1640,#1855);
#1855 = DEFINITIONAL_REPRESENTATION('',(#1856),#1860);
#1856 = LINE('',#1857,#1858);
#1857 = CARTESIAN_POINT('',(6.28318530718,0.));
#1858 = VECTOR('',#1859,1.);
#1859 = DIRECTION('',(-1.,-0.));
#1860 = ( GEOMETRIC_REPRESENTATION_CONTEXT(2) 
PARAMETRIC_REPRESENTATION_CONTEXT() REPRESENTATION_CONTEXT('2D SPACE',''
  ) );
#1861 = ORIENTED_EDGE('',*,*,#1583,.T.);
#1862 = ORIENTED_EDGE('',*,*,#1658,.T.);
#1863 = ORIENTED_EDGE('',*,*,#1864,.F.);
#1864 = EDGE_CURVE('',#1791,#1618,#1865,.T.);
#1865 = SURFACE_CURVE('',#1866,(#1871,#1889),.PCURVE_S1.);
#1866 = CIRCLE('',#1867,0.9);
#1867 = AXIS2_PLACEMENT_3D('',#1868,#1869,#1870);
#1868 = CARTESIAN_POINT('',(80.4,-27.,86.8));
#1869 = DIRECTION('',(-0.847998304005,0.423999152003,-0.317999364002));
#1870 = DIRECTION('',(-0.4472135955,-0.894427191,0.));
#1871 = PCURVE('',#1600,#1872);
#1872 = DEFINITIONAL_REPRESENTATION('',(#1873),#1888);
#1873 = B_SPLINE_CURVE_WITH_KNOTS('',7,(#1874,#1875,#1876,#1877,#1878,
    #1879,#1880,#1881,#1882,#1883,#1884,#1885,#1886,#1887),
  .UNSPECIFIED.,.F.,.F.,(8,6,8),(0.,0.502163440546,1.004326881093),
  .UNSPECIFIED.);
#1874 = CARTESIAN_POINT('',(4.248741371384,0.));
#1875 = CARTESIAN_POINT('',(4.225928849281,6.801380021306E-02));
#1876 = CARTESIAN_POINT('',(4.203115734791,0.136027481905));
#1877 = CARTESIAN_POINT('',(4.179960663127,0.203983902898));
#1878 = CARTESIAN_POINT('',(4.156111138796,0.271823712408));
#1879 = CARTESIAN_POINT('',(4.131181984272,0.339482175775));
#1880 = CARTESIAN_POINT('',(4.104678764221,0.406875307382));
#1881 = CARTESIAN_POINT('',(4.047053606285,0.540875316181));
#1882 = CARTESIAN_POINT('',(4.015930948238,0.607482315888));
#1883 = CARTESIAN_POINT('',(3.981758391908,0.67356551546));
#1884 = CARTESIAN_POINT('',(3.943541934235,0.738956932487));
#1885 = CARTESIAN_POINT('',(3.899836565137,0.803380064587));
#1886 = CARTESIAN_POINT('',(3.848461879335,0.866461825728));
#1887 = CARTESIAN_POINT('',(3.785093762383,0.927295218002));
#1888 = ( GEOMETRIC_REPRESENTATION_CONTEXT(2) 
PARAMETRIC_REPRESENTATION_CONTEXT() REPRESENTATION_CONTEXT('2D SPACE',''
  ) );
#1889 = PCURVE('',#1640,#1890);
#1890 = DEFINITIONAL_REPRESENTATION('',(#1891),#1895);
#1891 = LINE('',#1892,#1893);
#1892 = CARTESIAN_POINT('',(0.,0.));
#1893 = VECTOR('',#1894,1.);
#1894 = DIRECTION('',(1.,0.));
#1895 = ( GEOMETRIC_REPRESENTATION_CONTEXT(2) 
PARAMETRIC_REPRESENTATION_CONTEXT() REPRESENTATION_CONTEXT('2D SPACE',''
  ) );
#1896 = ADVANCED_FACE('',(#1897),#1640,.T.);
#1897 = FACE_BOUND('',#1898,.T.);
#1898 = EDGE_LOOP('',(#1899,#1959,#2000,#2021,#2022,#2023,#2024,#2025,
    #2055,#2085));
#1899 = ORIENTED_EDGE('',*,*,#1900,.F.);
#1900 = EDGE_CURVE('',#1901,#1903,#1905,.T.);
#1901 = VERTEX_POINT('',#1902);
#1902 = CARTESIAN_POINT('',(74.10327729256,-23.14061420904,
    85.003774941119));
#1903 = VERTEX_POINT('',#1904);
#1904 = CARTESIAN_POINT('',(74.31601109743,-23.8,83.557303740188));
#1905 = SURFACE_CURVE('',#1906,(#1911,#1918),.PCURVE_S1.);
#1906 = CIRCLE('',#1907,0.9);
#1907 = AXIS2_PLACEMENT_3D('',#1908,#1909,#1910);
#1908 = CARTESIAN_POINT('',(74.,-23.8,84.4));
#1909 = DIRECTION('',(-0.847998304005,0.423999152003,-0.317999364002));
#1910 = DIRECTION('',(-0.4472135955,-0.894427191,0.));
#1911 = PCURVE('',#1640,#1912);
#1912 = DEFINITIONAL_REPRESENTATION('',(#1913),#1917);
#1913 = LINE('',#1914,#1915);
#1914 = CARTESIAN_POINT('',(0.,7.547184905645));
#1915 = VECTOR('',#1916,1.);
#1916 = DIRECTION('',(1.,0.));
#1917 = ( GEOMETRIC_REPRESENTATION_CONTEXT(2) 
PARAMETRIC_REPRESENTATION_CONTEXT() REPRESENTATION_CONTEXT('2D SPACE',''
  ) );
#1918 = PCURVE('',#1919,#1924);
#1919 = SPHERICAL_SURFACE('',#1920,0.9);
#1920 = AXIS2_PLACEMENT_3D('',#1921,#1922,#1923);
#1921 = CARTESIAN_POINT('',(74.,-23.8,84.4));
#1922 = DIRECTION('',(0.,0.,1.));
#1923 = DIRECTION('',(1.,0.,-0.));
#1924 = DEFINITIONAL_REPRESENTATION('',(#1925),#1958);
#1925 = B_SPLINE_CURVE_WITH_KNOTS('',7,(#1926,#1927,#1928,#1929,#1930,
    #1931,#1932,#1933,#1934,#1935,#1936,#1937,#1938,#1939,#1940,#1941,
    #1942,#1943,#1944,#1945,#1946,#1947,#1948,#1949,#1950,#1951,#1952,
    #1953,#1954,#1955,#1956,#1957),.UNSPECIFIED.,.F.,.F.,(8,6,6,6,6,8),(
    2.355508811311,2.90530891328,3.730009066232,4.142359142708,
    4.348534180946,4.554709219185),.UNSPECIFIED.);
#1926 = CARTESIAN_POINT('',(1.415432072943,0.735369269912));
#1927 = CARTESIAN_POINT('',(1.370015599518,0.664414112474));
#1928 = CARTESIAN_POINT('',(1.331400782712,0.592261924188));
#1929 = CARTESIAN_POINT('',(1.297148819703,0.519365490488));
#1930 = CARTESIAN_POINT('',(1.266033416006,0.445933498191));
#1931 = CARTESIAN_POINT('',(1.237144680587,0.372126218971));
#1932 = CARTESIAN_POINT('',(1.209838558814,0.298051879266));
#1933 = CARTESIAN_POINT('',(1.144162055424,0.112430745727));
#1934 = CARTESIAN_POINT('',(1.107088704097,6.656487542429E-04));
#1935 = CARTESIAN_POINT('',(1.07050036349,-0.111178780752));
#1936 = CARTESIAN_POINT('',(1.033175753487,-0.222902650898));
#1937 = CARTESIAN_POINT('',(0.993513819458,-0.334231237894));
#1938 = CARTESIAN_POINT('',(0.949873191936,-0.444898081132));
#1939 = CARTESIAN_POINT('',(0.872153753182,-0.608796986949));
#1940 = CARTESIAN_POINT('',(0.844202448734,-0.663078958761));
#1941 = CARTESIAN_POINT('',(0.813685685561,-0.716920362163));
#1942 = CARTESIAN_POINT('',(0.779893031039,-0.770188890517));
#1943 = CARTESIAN_POINT('',(0.74188673392,-0.822717405951));
#1944 = CARTESIAN_POINT('',(0.69825177789,-0.874242491142));
#1945 = CARTESIAN_POINT('',(0.620824373878,-0.949289228064));
#1946 = CARTESIAN_POINT('',(0.59301960807,-0.973931143375));
#1947 = CARTESIAN_POINT('',(0.56292211176,-0.99813745379));
#1948 = CARTESIAN_POINT('',(0.530182747404,-1.021831067129));
#1949 = CARTESIAN_POINT('',(0.494368815933,-1.044913949338));
#1950 = CARTESIAN_POINT('',(0.45496293354,-1.067257919737));
#1951 = CARTESIAN_POINT('',(0.36782168364,-1.110126145204));
#1952 = CARTESIAN_POINT('',(0.320086697813,-1.130650832947));
#1953 = CARTESIAN_POINT('',(0.267617572752,-1.150092923164));
#1954 = CARTESIAN_POINT('',(0.209805020342,-1.168244945479));
#1955 = CARTESIAN_POINT('',(0.14603880609,-1.184834913653));
#1956 = CARTESIAN_POINT('',(7.597044072057E-02,-1.199537364899));
#1957 = CARTESIAN_POINT('',(4.496947996698E-14,-1.212025656524));
#1958 = ( GEOMETRIC_REPRESENTATION_CONTEXT(2) 
PARAMETRIC_REPRESENTATION_CONTEXT() REPRESENTATION_CONTEXT('2D SPACE',''
  ) );
#1959 = ORIENTED_EDGE('',*,*,#1960,.F.);
#1960 = EDGE_CURVE('',#1961,#1901,#1963,.T.);
#1961 = VERTEX_POINT('',#1962);
#1962 = CARTESIAN_POINT('',(73.734456209685,-24.67345869471,
    84.451355667113));
#1963 = SURFACE_CURVE('',#1964,(#1969,#1982),.PCURVE_S1.);
#1964 = ELLIPSE('',#1965,0.928488323144,0.9);
#1965 = AXIS2_PLACEMENT_3D('',#1966,#1967,#1968);
#1966 = CARTESIAN_POINT('',(74.,-23.8,84.4));
#1967 = DIRECTION('',(-0.949169390383,0.280120037323,-0.143562645038));
#1968 = DIRECTION('',(0.293102919213,0.620286590553,-0.727554275864));
#1969 = PCURVE('',#1640,#1970);
#1970 = DEFINITIONAL_REPRESENTATION('',(#1971),#1981);
#1971 = B_SPLINE_CURVE_WITH_KNOTS('',8,(#1972,#1973,#1974,#1975,#1976,
    #1977,#1978,#1979,#1980),.UNSPECIFIED.,.F.,.F.,(9,9),(2.356880169073
    ,4.712388980385),.PIECEWISE_BEZIER_KNOTS.);
#1972 = CARTESIAN_POINT('',(6.315935428979E-14,7.385688774122));
#1973 = CARTESIAN_POINT('',(0.294438601414,7.338203243366));
#1974 = CARTESIAN_POINT('',(0.588877202828,7.306718747943));
#1975 = CARTESIAN_POINT('',(0.883315804239,7.297506976836));
#1976 = CARTESIAN_POINT('',(1.177754405653,7.313886973934));
#1977 = CARTESIAN_POINT('',(1.472193007068,7.354461726529));
#1978 = CARTESIAN_POINT('',(1.766631608483,7.412783111422));
#1979 = CARTESIAN_POINT('',(2.061070209897,7.479984130087));
#1980 = CARTESIAN_POINT('',(2.355508811311,7.547184905645));
#1981 = ( GEOMETRIC_REPRESENTATION_CONTEXT(2) 
PARAMETRIC_REPRESENTATION_CONTEXT() REPRESENTATION_CONTEXT('2D SPACE',''
  ) );
#1982 = PCURVE('',#1983,#1988);
#1983 = CYLINDRICAL_SURFACE('',#1984,0.9);
#1984 = AXIS2_PLACEMENT_3D('',#1985,#1986,#1987);
#1985 = CARTESIAN_POINT('',(74.,-23.8,84.4));
#1986 = DIRECTION('',(-0.992094737666,0.11905136852,3.968378950663E-02)
  );
#1987 = DIRECTION('',(-0.119145220618,-0.992876838487,0.));
#1988 = DEFINITIONAL_REPRESENTATION('',(#1989),#1999);
#1989 = B_SPLINE_CURVE_WITH_KNOTS('',8,(#1990,#1991,#1992,#1993,#1994,
    #1995,#1996,#1997,#1998),.UNSPECIFIED.,.F.,.F.,(9,9),(2.356880169073
    ,4.712388980385),.PIECEWISE_BEZIER_KNOTS.);
#1990 = CARTESIAN_POINT('',(5.000118969418E-02,0.161496131523));
#1991 = CARTESIAN_POINT('',(0.344439791108,0.208981662279));
#1992 = CARTESIAN_POINT('',(0.638878392521,0.240466157703));
#1993 = CARTESIAN_POINT('',(0.933316993939,0.249677928798));
#1994 = CARTESIAN_POINT('',(1.227755595344,0.233297931737));
#1995 = CARTESIAN_POINT('',(1.522194196767,0.192723179108));
#1996 = CARTESIAN_POINT('',(1.816632798176,0.134401794226));
#1997 = CARTESIAN_POINT('',(2.111071399592,6.720077555836E-02));
#1998 = CARTESIAN_POINT('',(2.405510001006,1.42108547152E-14));
#1999 = ( GEOMETRIC_REPRESENTATION_CONTEXT(2) 
PARAMETRIC_REPRESENTATION_CONTEXT() REPRESENTATION_CONTEXT('2D SPACE',''
  ) );
#2000 = ORIENTED_EDGE('',*,*,#2001,.F.);
#2001 = EDGE_CURVE('',#1791,#1961,#2002,.T.);
#2002 = SEAM_CURVE('',#2003,(#2007,#2014),.PCURVE_S1.);
#2003 = LINE('',#2004,#2005);
#2004 = CARTESIAN_POINT('',(79.99750776405,-27.8049844719,86.8));
#2005 = VECTOR('',#2006,1.);
#2006 = DIRECTION('',(-0.847998304005,0.423999152003,-0.317999364002));
#2007 = PCURVE('',#1640,#2008);
#2008 = DEFINITIONAL_REPRESENTATION('',(#2009),#2013);
#2009 = LINE('',#2010,#2011);
#2010 = CARTESIAN_POINT('',(0.,-0.));
#2011 = VECTOR('',#2012,1.);
#2012 = DIRECTION('',(0.,1.));
#2013 = ( GEOMETRIC_REPRESENTATION_CONTEXT(2) 
PARAMETRIC_REPRESENTATION_CONTEXT() REPRESENTATION_CONTEXT('2D SPACE',''
  ) );
#2014 = PCURVE('',#1640,#2015);
#2015 = DEFINITIONAL_REPRESENTATION('',(#2016),#2020);
#2016 = LINE('',#2017,#2018);
#2017 = CARTESIAN_POINT('',(6.28318530718,-0.));
#2018 = VECTOR('',#2019,1.);
#2019 = DIRECTION('',(0.,1.));
#2020 = ( GEOMETRIC_REPRESENTATION_CONTEXT(2) 
PARAMETRIC_REPRESENTATION_CONTEXT() REPRESENTATION_CONTEXT('2D SPACE',''
  ) );
#2021 = ORIENTED_EDGE('',*,*,#1864,.T.);
#2022 = ORIENTED_EDGE('',*,*,#1617,.T.);
#2023 = ORIENTED_EDGE('',*,*,#1790,.F.);
#2024 = ORIENTED_EDGE('',*,*,#2001,.T.);
#2025 = ORIENTED_EDGE('',*,*,#2026,.F.);
#2026 = EDGE_CURVE('',#2027,#1961,#2029,.T.);
#2027 = VERTEX_POINT('',#2028);
#2028 = CARTESIAN_POINT('',(73.740746933265,-24.67534647045,
    84.406080894727));
#2029 = SURFACE_CURVE('',#2030,(#2035,#2045),.PCURVE_S1.);
#2030 = ELLIPSE('',#2031,0.928488323144,0.9);
#2031 = AXIS2_PLACEMENT_3D('',#2032,#2033,#2034);
#2032 = CARTESIAN_POINT('',(74.,-23.8,84.4));
#2033 = DIRECTION('',(-0.949169390383,0.280120037323,-0.143562645038));
#2034 = DIRECTION('',(0.293102919213,0.620286590553,-0.727554275864));
#2035 = PCURVE('',#1640,#2036);
#2036 = DEFINITIONAL_REPRESENTATION('',(#2037),#2044);
#2037 = B_SPLINE_CURVE_WITH_KNOTS('',5,(#2038,#2039,#2040,#2041,#2042,
    #2043),.UNSPECIFIED.,.F.,.F.,(6,6),(2.306878979379,2.356880169073),
  .PIECEWISE_BEZIER_KNOTS.);
#2038 = CARTESIAN_POINT('',(6.233184117486,7.393951184706));
#2039 = CARTESIAN_POINT('',(6.243184355424,7.392259695584));
#2040 = CARTESIAN_POINT('',(6.253184593363,7.390587361589));
#2041 = CARTESIAN_POINT('',(6.263184831302,7.388934535132));
#2042 = CARTESIAN_POINT('',(6.273185069241,7.387301560638));
#2043 = CARTESIAN_POINT('',(6.28318530718,7.385688774122));
#2044 = ( GEOMETRIC_REPRESENTATION_CONTEXT(2) 
PARAMETRIC_REPRESENTATION_CONTEXT() REPRESENTATION_CONTEXT('2D SPACE',''
  ) );
#2045 = PCURVE('',#1983,#2046);
#2046 = DEFINITIONAL_REPRESENTATION('',(#2047),#2054);
#2047 = B_SPLINE_CURVE_WITH_KNOTS('',5,(#2048,#2049,#2050,#2051,#2052,
    #2053),.UNSPECIFIED.,.F.,.F.,(6,6),(2.306878979379,2.356880169073),
  .PIECEWISE_BEZIER_KNOTS.);
#2048 = CARTESIAN_POINT('',(2.210577400143E-13,0.15323372094));
#2049 = CARTESIAN_POINT('',(1.000023793901E-02,0.154925210061));
#2050 = CARTESIAN_POINT('',(2.000047587778E-02,0.156597544056));
#2051 = CARTESIAN_POINT('',(3.000071381661E-02,0.158250370514));
#2052 = CARTESIAN_POINT('',(4.000095175539E-02,0.159883345007));
#2053 = CARTESIAN_POINT('',(5.000118969418E-02,0.161496131523));
#2054 = ( GEOMETRIC_REPRESENTATION_CONTEXT(2) 
PARAMETRIC_REPRESENTATION_CONTEXT() REPRESENTATION_CONTEXT('2D SPACE',''
  ) );
#2055 = ORIENTED_EDGE('',*,*,#2056,.F.);
#2056 = EDGE_CURVE('',#2057,#2027,#2059,.T.);
#2057 = VERTEX_POINT('',#2058);
#2058 = CARTESIAN_POINT('',(73.89672270744,-24.45938579095,
    83.796225058881));
#2059 = SURFACE_CURVE('',#2060,(#2065,#2075),.PCURVE_S1.);
#2060 = ELLIPSE('',#2061,0.928488323144,0.9);
#2061 = AXIS2_PLACEMENT_3D('',#2062,#2063,#2064);
#2062 = CARTESIAN_POINT('',(74.,-23.8,84.4));
#2063 = DIRECTION('',(-0.949169390383,0.280120037323,-0.143562645038));
#2064 = DIRECTION('',(0.293102919213,0.620286590553,-0.727554275864));
#2065 = PCURVE('',#1640,#2066);
#2066 = DEFINITIONAL_REPRESENTATION('',(#2067),#2074);
#2067 = B_SPLINE_CURVE_WITH_KNOTS('',5,(#2068,#2069,#2070,#2071,#2072,
    #2073),.UNSPECIFIED.,.F.,.F.,(6,6),(1.570796326795,2.306878979379),
  .PIECEWISE_BEZIER_KNOTS.);
#2068 = CARTESIAN_POINT('',(5.497101464901,7.547184905645));
#2069 = CARTESIAN_POINT('',(5.644317995418,7.513585150116));
#2070 = CARTESIAN_POINT('',(5.791534525935,7.479985042791));
#2071 = CARTESIAN_POINT('',(5.938751056452,7.447903832091));
#2072 = CARTESIAN_POINT('',(6.085967586969,7.418852108204));
#2073 = CARTESIAN_POINT('',(6.233184117486,7.393951184706));
#2074 = ( GEOMETRIC_REPRESENTATION_CONTEXT(2) 
PARAMETRIC_REPRESENTATION_CONTEXT() REPRESENTATION_CONTEXT('2D SPACE',''
  ) );
#2075 = PCURVE('',#1983,#2076);
#2076 = DEFINITIONAL_REPRESENTATION('',(#2077),#2084);
#2077 = B_SPLINE_CURVE_WITH_KNOTS('',5,(#2078,#2079,#2080,#2081,#2082,
    #2083),.UNSPECIFIED.,.F.,.F.,(6,6),(1.570796326795,2.306878979379),
  .PIECEWISE_BEZIER_KNOTS.);
#2078 = CARTESIAN_POINT('',(5.547102654595,1.42108547152E-14));
#2079 = CARTESIAN_POINT('',(5.694319185112,3.35997555288E-02));
#2080 = CARTESIAN_POINT('',(5.841535715629,6.719986285433E-02));
#2081 = CARTESIAN_POINT('',(5.988752246146,9.928107355406E-02));
#2082 = CARTESIAN_POINT('',(6.135968776663,0.128332797441));
#2083 = CARTESIAN_POINT('',(6.28318530718,0.15323372094));
#2084 = ( GEOMETRIC_REPRESENTATION_CONTEXT(2) 
PARAMETRIC_REPRESENTATION_CONTEXT() REPRESENTATION_CONTEXT('2D SPACE',''
  ) );
#2085 = ORIENTED_EDGE('',*,*,#2086,.F.);
#2086 = EDGE_CURVE('',#1903,#2057,#2087,.T.);
#2087 = SURFACE_CURVE('',#2088,(#2093,#2100),.PCURVE_S1.);
#2088 = CIRCLE('',#2089,0.9);
#2089 = AXIS2_PLACEMENT_3D('',#2090,#2091,#2092);
#2090 = CARTESIAN_POINT('',(74.,-23.8,84.4));
#2091 = DIRECTION('',(-0.847998304005,0.423999152003,-0.317999364002));
#2092 = DIRECTION('',(-0.4472135955,-0.894427191,0.));
#2093 = PCURVE('',#1640,#2094);
#2094 = DEFINITIONAL_REPRESENTATION('',(#2095),#2099);
#2095 = LINE('',#2096,#2097);
#2096 = CARTESIAN_POINT('',(0.,7.547184905645));
#2097 = VECTOR('',#2098,1.);
#2098 = DIRECTION('',(1.,0.));
#2099 = ( GEOMETRIC_REPRESENTATION_CONTEXT(2) 
PARAMETRIC_REPRESENTATION_CONTEXT() REPRESENTATION_CONTEXT('2D SPACE',''
  ) );
#2100 = PCURVE('',#1919,#2101);
#2101 = DEFINITIONAL_REPRESENTATION('',(#2102),#2133);
#2102 = B_SPLINE_CURVE_WITH_KNOTS('',8,(#2103,#2104,#2105,#2106,#2107,
    #2108,#2109,#2110,#2111,#2112,#2113,#2114,#2115,#2116,#2117,#2118,
    #2119,#2120,#2121,#2122,#2123,#2124,#2125,#2126,#2127,#2128,#2129,
    #2130,#2131,#2132),.UNSPECIFIED.,.F.,.F.,(9,7,7,7,9),(4.554709219185
    ,4.790307280614,4.967005826686,5.232053645793,5.497101464901),
  .UNSPECIFIED.);
#2103 = CARTESIAN_POINT('',(6.28318530718,-1.212025656524));
#2104 = CARTESIAN_POINT('',(6.207224717462,-1.224512328807));
#2105 = CARTESIAN_POINT('',(6.125482315374,-1.234831140133));
#2106 = CARTESIAN_POINT('',(6.038326921839,-1.242678633761));
#2107 = CARTESIAN_POINT('',(5.946716219933,-1.247763724136));
#2108 = CARTESIAN_POINT('',(5.852477976118,-1.249835666302));
#2109 = CARTESIAN_POINT('',(5.758402703268,-1.248842275454));
#2110 = CARTESIAN_POINT('',(5.666653123182,-1.244908070831));
#2111 = CARTESIAN_POINT('',(5.512868974145,-1.233257358828));
#2112 = CARTESIAN_POINT('',(5.449139286009,-1.226732413277));
#2113 = CARTESIAN_POINT('',(5.388236760503,-1.218767504217));
#2114 = CARTESIAN_POINT('',(5.330595865328,-1.209486320603));
#2115 = CARTESIAN_POINT('',(5.276385240656,-1.199024396112));
#2116 = CARTESIAN_POINT('',(5.22558000905,-1.187513511777));
#2117 = CARTESIAN_POINT('',(5.17806160115,-1.175072929262));
#2118 = CARTESIAN_POINT('',(5.067031013415,-1.141915251857));
#2119 = CARTESIAN_POINT('',(5.007402310078,-1.120169856201));
#2120 = CARTESIAN_POINT('',(4.954156177963,-1.096935527338));
#2121 = CARTESIAN_POINT('',(4.906406038738,-1.072505578285));
#2122 = CARTESIAN_POINT('',(4.863342107476,-1.047101033866));
#2123 = CARTESIAN_POINT('',(4.824295591727,-1.020888942625));
#2124 = CARTESIAN_POINT('',(4.788688811659,-0.994003163865));
#2125 = CARTESIAN_POINT('',(4.723409702138,-0.939092931707));
#2126 = CARTESIAN_POINT('',(4.693737090389,-0.911068611841));
#2127 = CARTESIAN_POINT('',(4.666555685075,-0.882579809281));
#2128 = CARTESIAN_POINT('',(4.64148651339,-0.853704527448));
#2129 = CARTESIAN_POINT('',(4.618225490049,-0.824502493779));
#2130 = CARTESIAN_POINT('',(4.596525482385,-0.795021207778));
#2131 = CARTESIAN_POINT('',(4.576182316794,-0.76529959542));
#2132 = CARTESIAN_POINT('',(4.557024726533,-0.735369269912));
#2133 = ( GEOMETRIC_REPRESENTATION_CONTEXT(2) 
PARAMETRIC_REPRESENTATION_CONTEXT() REPRESENTATION_CONTEXT('2D SPACE',''
  ) );
#2134 = ADVANCED_FACE('',(#2135),#1919,.T.);
#2135 = FACE_BOUND('',#2136,.T.);
#2136 = EDGE_LOOP('',(#2137,#2138,#2162,#2163,#2164));
#2137 = ORIENTED_EDGE('',*,*,#1900,.T.);
#2138 = ORIENTED_EDGE('',*,*,#2139,.F.);
#2139 = EDGE_CURVE('',#2140,#1903,#2142,.T.);
#2140 = VERTEX_POINT('',#2141);
#2141 = CARTESIAN_POINT('',(74.,-23.8,83.5));
#2142 = SEAM_CURVE('',#2143,(#2148,#2155),.PCURVE_S1.);
#2143 = CIRCLE('',#2144,0.9);
#2144 = AXIS2_PLACEMENT_3D('',#2145,#2146,#2147);
#2145 = CARTESIAN_POINT('',(74.,-23.8,84.4));
#2146 = DIRECTION('',(-2.449293598295E-16,-1.,0.));
#2147 = DIRECTION('',(1.,-2.449293598295E-16,0.));
#2148 = PCURVE('',#1919,#2149);
#2149 = DEFINITIONAL_REPRESENTATION('',(#2150),#2154);
#2150 = LINE('',#2151,#2152);
#2151 = CARTESIAN_POINT('',(6.28318530718,-6.28318530718));
#2152 = VECTOR('',#2153,1.);
#2153 = DIRECTION('',(0.,1.));
#2154 = ( GEOMETRIC_REPRESENTATION_CONTEXT(2) 
PARAMETRIC_REPRESENTATION_CONTEXT() REPRESENTATION_CONTEXT('2D SPACE',''
  ) );
#2155 = PCURVE('',#1919,#2156);
#2156 = DEFINITIONAL_REPRESENTATION('',(#2157),#2161);
#2157 = LINE('',#2158,#2159);
#2158 = CARTESIAN_POINT('',(0.,-6.28318530718));
#2159 = VECTOR('',#2160,1.);
#2160 = DIRECTION('',(0.,1.));
#2161 = ( GEOMETRIC_REPRESENTATION_CONTEXT(2) 
PARAMETRIC_REPRESENTATION_CONTEXT() REPRESENTATION_CONTEXT('2D SPACE',''
  ) );
#2162 = ORIENTED_EDGE('',*,*,#2139,.T.);
#2163 = ORIENTED_EDGE('',*,*,#2086,.T.);
#2164 = ORIENTED_EDGE('',*,*,#2165,.F.);
#2165 = EDGE_CURVE('',#1901,#2057,#2166,.T.);
#2166 = SURFACE_CURVE('',#2167,(#2172,#2283),.PCURVE_S1.);
#2167 = CIRCLE('',#2168,0.9);
#2168 = AXIS2_PLACEMENT_3D('',#2169,#2170,#2171);
#2169 = CARTESIAN_POINT('',(74.,-23.8,84.4));
#2170 = DIRECTION('',(-0.992094737666,0.11905136852,3.968378950663E-02)
  );
#2171 = DIRECTION('',(-0.119145220618,-0.992876838487,0.));
#2172 = PCURVE('',#1919,#2173);
#2173 = DEFINITIONAL_REPRESENTATION('',(#2174),#2282);
#2174 = B_SPLINE_CURVE_WITH_KNOTS('',8,(#2175,#2176,#2177,#2178,#2179,
    #2180,#2181,#2182,#2183,#2184,#2185,#2186,#2187,#2188,#2189,#2190,
    #2191,#2192,#2193,#2194,#2195,#2196,#2197,#2198,#2199,#2200,#2201,
    #2202,#2203,#2204,#2205,#2206,#2207,#2208,#2209,#2210,#2211,#2212,
    #2213,#2214,#2215,#2216,#2217,#2218,#2219,#2220,#2221,#2222,#2223,
    #2224,#2225,#2226,#2227,#2228,#2229,#2230,#2231,#2232,#2233,#2234,
    #2235,#2236,#2237,#2238,#2239,#2240,#2241,#2242,#2243,#2244,#2245,
    #2246,#2247,#2248,#2249,#2250,#2251,#2252,#2253,#2254,#2255,#2256,
    #2257,#2258,#2259,#2260,#2261,#2262,#2263,#2264,#2265,#2266,#2267,
    #2268,#2269,#2270,#2271,#2272,#2273,#2274,#2275,#2276,#2277,#2278,
    #2279,#2280,#2281),.UNSPECIFIED.,.F.,.F.,(9,7,7,7,7,7,7,7,7,7,7,7,7,
    7,7,9),(2.405510001006,3.190908164403,3.779956786951,4.221743253862,
    4.387413178954,4.532374363409,4.595794881608,4.65525161742,
    4.683121962331,4.710121358965,4.736277024453,4.786953626337,
    4.881972254869,5.048254854801,5.297678754698,5.547102654595),
  .UNSPECIFIED.);
#2175 = CARTESIAN_POINT('',(1.415432072943,0.735369269912));
#2176 = CARTESIAN_POINT('',(1.422516315339,0.637335165052));
#2177 = CARTESIAN_POINT('',(1.428166311946,0.539272561338));
#2178 = CARTESIAN_POINT('',(1.433085079398,0.441195436627));
#2179 = CARTESIAN_POINT('',(1.437512976919,0.343108563093));
#2180 = CARTESIAN_POINT('',(1.441620158694,0.24501532008));
#2181 = CARTESIAN_POINT('',(1.445559477644,0.146918744731));
#2182 = CARTESIAN_POINT('',(1.449420590331,4.882061592162E-02));
#2183 = CARTESIAN_POINT('',(1.456255079435,-0.122849569546));
#2184 = CARTESIAN_POINT('',(1.459209040279,-0.196422011807));
#2185 = CARTESIAN_POINT('',(1.462233796583,-0.269993048352));
#2186 = CARTESIAN_POINT('',(1.465384567251,-0.34356158242));
#2187 = CARTESIAN_POINT('',(1.468720345816,-0.417126442431));
#2188 = CARTESIAN_POINT('',(1.472313948661,-0.4906861823));
#2189 = CARTESIAN_POINT('',(1.476277654332,-0.564238571446));
#2190 = CARTESIAN_POINT('',(1.484199518715,-0.69293567684));
#2191 = CARTESIAN_POINT('',(1.48791213651,-0.748085270895));
#2192 = CARTESIAN_POINT('',(1.4920227665,-0.80322695789));
#2193 = CARTESIAN_POINT('',(1.49665590618,-0.85835825959));
#2194 = CARTESIAN_POINT('',(1.501945005827,-0.913476529664));
#2195 = CARTESIAN_POINT('',(1.5081852326,-0.96857588354));
#2196 = CARTESIAN_POINT('',(1.515698922559,-1.023649923213));
#2197 = CARTESIAN_POINT('',(1.529196195505,-1.099313686787));
#2198 = CARTESIAN_POINT('',(1.533201609023,-1.119942800093));
#2199 = CARTESIAN_POINT('',(1.537583666692,-1.140564412133));
#2200 = CARTESIAN_POINT('',(1.542414909159,-1.161177072896));
#2201 = CARTESIAN_POINT('',(1.547784138673,-1.181779008236));
#2202 = CARTESIAN_POINT('',(1.55380825601,-1.202367881669));
#2203 = CARTESIAN_POINT('',(1.560659908309,-1.222940234765));
#2204 = CARTESIAN_POINT('',(1.575568107361,-1.261472181114));
#2205 = CARTESIAN_POINT('',(1.583367757022,-1.279436909858));
#2206 = CARTESIAN_POINT('',(1.592191814751,-1.29738114338));
#2207 = CARTESIAN_POINT('',(1.602298596022,-1.315299656802));
#2208 = CARTESIAN_POINT('',(1.614010667401,-1.333186005919));
#2209 = CARTESIAN_POINT('',(1.627885814841,-1.351028799581));
#2210 = CARTESIAN_POINT('',(1.64465452762,-1.368813361855));
#2211 = CARTESIAN_POINT('',(1.675435927185,-1.394242979909));
#2212 = CARTESIAN_POINT('',(1.685694069408,-1.401964337842));
#2213 = CARTESIAN_POINT('',(1.696985116964,-1.409664670635));
#2214 = CARTESIAN_POINT('',(1.709500467942,-1.417339975992));
#2215 = CARTESIAN_POINT('',(1.723476846349,-1.424985319566));
#2216 = CARTESIAN_POINT('',(1.739224960689,-1.432594200721));
#2217 = CARTESIAN_POINT('',(1.757189878125,-1.440157147912));
#2218 = CARTESIAN_POINT('',(1.79759302311,-1.454693039746));
#2219 = CARTESIAN_POINT('',(1.819683670811,-1.461673322234));
#2220 = CARTESIAN_POINT('',(1.844865240193,-1.46858802258));
#2221 = CARTESIAN_POINT('',(1.873901472185,-1.475421235187));
#2222 = CARTESIAN_POINT('',(1.907800261341,-1.482148969868));
#2223 = CARTESIAN_POINT('',(1.94802263805,-1.488737799665));
#2224 = CARTESIAN_POINT('',(1.996851907449,-1.495134731491));
#2225 = CARTESIAN_POINT('',(2.086523218689,-1.504096449974));
#2226 = CARTESIAN_POINT('',(2.117827119082,-1.506891667999));
#2227 = CARTESIAN_POINT('',(2.152186281136,-1.509611340523));
#2228 = CARTESIAN_POINT('',(2.190033579475,-1.512242230623));
#2229 = CARTESIAN_POINT('',(2.231859570684,-1.514768121998));
#2230 = CARTESIAN_POINT('',(2.278219490683,-1.517168415258));
#2231 = CARTESIAN_POINT('',(2.32967219613,-1.519417120358));
#2232 = CARTESIAN_POINT('',(2.441691064046,-1.523485624148));
#2233 = CARTESIAN_POINT('',(2.501922450597,-1.525316671442));
#2234 = CARTESIAN_POINT('',(2.56758459323,-1.526948803378));
#2235 = CARTESIAN_POINT('',(2.638814883141,-1.528351047972));
#2236 = CARTESIAN_POINT('',(2.715415897187,-1.529487956575));
#2237 = CARTESIAN_POINT('',(2.796483801462,-1.530326523322));
#2238 = CARTESIAN_POINT('',(2.880314376645,-1.53084504404));
#2239 = CARTESIAN_POINT('',(3.047203475412,-1.531223802796));
#2240 = CARTESIAN_POINT('',(3.130202615597,-1.531104066867));
#2241 = CARTESIAN_POINT('',(3.212414746729,-1.530672546124));
#2242 = CARTESIAN_POINT('',(3.292011426531,-1.529936241232));
#2243 = CARTESIAN_POINT('',(3.367457424087,-1.528918152232));
#2244 = CARTESIAN_POINT('',(3.438074894817,-1.527648327107));
#2245 = CARTESIAN_POINT('',(3.503604152212,-1.526156781699));
#2246 = CARTESIAN_POINT('',(3.681331375331,-1.521206905998));
#2247 = CARTESIAN_POINT('',(3.779688808792,-1.517215552823));
#2248 = CARTESIAN_POINT('',(3.859564993274,-1.512703085126));
#2249 = CARTESIAN_POINT('',(3.925808447726,-1.507843203641));
#2250 = CARTESIAN_POINT('',(3.981394641833,-1.502719313808));
#2251 = CARTESIAN_POINT('',(4.028661701201,-1.497401462364));
#2252 = CARTESIAN_POINT('',(4.069321916328,-1.491931458506));
#2253 = CARTESIAN_POINT('',(4.170889164951,-1.475860707851));
#2254 = CARTESIAN_POINT('',(4.218383810331,-1.46495837381));
#2255 = CARTESIAN_POINT('',(4.255561592523,-1.453843138945));
#2256 = CARTESIAN_POINT('',(4.285527173903,-1.442573147879));
#2257 = CARTESIAN_POINT('',(4.310418620078,-1.431200734577));
#2258 = CARTESIAN_POINT('',(4.331452880157,-1.41974777599));
#2259 = CARTESIAN_POINT('',(4.349516586278,-1.408234390132));
#2260 = CARTESIAN_POINT('',(4.392702642344,-1.376440174819));
#2261 = CARTESIAN_POINT('',(4.412961029207,-1.356060250836));
#2262 = CARTESIAN_POINT('',(4.429278306901,-1.335601203265));
#2263 = CARTESIAN_POINT('',(4.442661583857,-1.315082941171));
#2264 = CARTESIAN_POINT('',(4.454023735783,-1.294524299623));
#2265 = CARTESIAN_POINT('',(4.463769388518,-1.273933209256));
#2266 = CARTESIAN_POINT('',(4.472272435162,-1.25331728433));
#2267 = CARTESIAN_POINT('',(4.491013495925,-1.201727170154));
#2268 = CARTESIAN_POINT('',(4.499996484911,-1.170727902183));
#2269 = CARTESIAN_POINT('',(4.507536314715,-1.139699865665));
#2270 = CARTESIAN_POINT('',(4.514004162069,-1.1086504683));
#2271 = CARTESIAN_POINT('',(4.519644357751,-1.077584586013));
#2272 = CARTESIAN_POINT('',(4.524643876,-1.046505955367));
#2273 = CARTESIAN_POINT('',(4.529114893585,-1.015416806338));
#2274 = CARTESIAN_POINT('',(4.537194035128,-0.953221343429));
#2275 = CARTESIAN_POINT('',(4.540801614496,-0.922115018347));
#2276 = CARTESIAN_POINT('',(4.544069154757,-0.891001931511));
#2277 = CARTESIAN_POINT('',(4.547059537774,-0.859883334711));
#2278 = CARTESIAN_POINT('',(4.549818099087,-0.82876012992));
#2279 = CARTESIAN_POINT('',(4.552380212985,-0.797633020786));
#2280 = CARTESIAN_POINT('',(4.554774938529,-0.766502585339));
#2281 = CARTESIAN_POINT('',(4.557024726533,-0.735369269912));
#2282 = ( GEOMETRIC_REPRESENTATION_CONTEXT(2) 
PARAMETRIC_REPRESENTATION_CONTEXT() REPRESENTATION_CONTEXT('2D SPACE',''
  ) );
#2283 = PCURVE('',#1983,#2284);
#2284 = DEFINITIONAL_REPRESENTATION('',(#2285),#2289);
#2285 = LINE('',#2286,#2287);
#2286 = CARTESIAN_POINT('',(0.,0.));
#2287 = VECTOR('',#2288,1.);
#2288 = DIRECTION('',(1.,0.));
#2289 = ( GEOMETRIC_REPRESENTATION_CONTEXT(2) 
PARAMETRIC_REPRESENTATION_CONTEXT() REPRESENTATION_CONTEXT('2D SPACE',''
  ) );
#2290 = ADVANCED_FACE('',(#2291),#1983,.T.);
#2291 = FACE_BOUND('',#2292,.T.);
#2292 = EDGE_LOOP('',(#2293,#2427,#2464,#2485,#2486,#2487,#2488,#2489,
    #2490,#2522));
#2293 = ORIENTED_EDGE('',*,*,#2294,.T.);
#2294 = EDGE_CURVE('',#2295,#2297,#2299,.T.);
#2295 = VERTEX_POINT('',#2296);
#2296 = CARTESIAN_POINT('',(54.,-21.11539501058,84.346185031755));
#2297 = VERTEX_POINT('',#2298);
#2298 = CARTESIAN_POINT('',(54.,-21.68460498941,86.053814968245));
#2299 = SURFACE_CURVE('',#2300,(#2305,#2312),.PCURVE_S1.);
#2300 = CIRCLE('',#2301,0.9);
#2301 = AXIS2_PLACEMENT_3D('',#2302,#2303,#2304);
#2302 = CARTESIAN_POINT('',(54.,-21.4,85.2));
#2303 = DIRECTION('',(0.992094737666,-0.11905136852,-3.968378950663E-02)
  );
#2304 = DIRECTION('',(0.,0.316227766017,-0.948683298051));
#2305 = PCURVE('',#1983,#2306);
#2306 = DEFINITIONAL_REPRESENTATION('',(#2307),#2311);
#2307 = LINE('',#2308,#2309);
#2308 = CARTESIAN_POINT('',(4.39301187651,20.159365069367));
#2309 = VECTOR('',#2310,1.);
#2310 = DIRECTION('',(-1.,-0.));
#2311 = ( GEOMETRIC_REPRESENTATION_CONTEXT(2) 
PARAMETRIC_REPRESENTATION_CONTEXT() REPRESENTATION_CONTEXT('2D SPACE',''
  ) );
#2312 = PCURVE('',#2313,#2318);
#2313 = SPHERICAL_SURFACE('',#2314,0.9);
#2314 = AXIS2_PLACEMENT_3D('',#2315,#2316,#2317);
#2315 = CARTESIAN_POINT('',(54.,-21.4,85.2));
#2316 = DIRECTION('',(0.,0.,1.));
#2317 = DIRECTION('',(1.,0.,-0.));
#2318 = DEFINITIONAL_REPRESENTATION('',(#2319),#2426);
#2319 = B_SPLINE_CURVE_WITH_KNOTS('',8,(#2320,#2321,#2322,#2323,#2324,
    #2325,#2326,#2327,#2328,#2329,#2330,#2331,#2332,#2333,#2334,#2335,
    #2336,#2337,#2338,#2339,#2340,#2341,#2342,#2343,#2344,#2345,#2346,
    #2347,#2348,#2349,#2350,#2351,#2352,#2353,#2354,#2355,#2356,#2357,
    #2358,#2359,#2360,#2361,#2362,#2363,#2364,#2365,#2366,#2367,#2368,
    #2369,#2370,#2371,#2372,#2373,#2374,#2375,#2376,#2377,#2378,#2379,
    #2380,#2381,#2382,#2383,#2384,#2385,#2386,#2387,#2388,#2389,#2390,
    #2391,#2392,#2393,#2394,#2395,#2396,#2397,#2398,#2399,#2400,#2401,
    #2402,#2403,#2404,#2405,#2406,#2407,#2408,#2409,#2410,#2411,#2412,
    #2413,#2414,#2415,#2416,#2417,#2418,#2419,#2420,#2421,#2422,#2423,
    #2424,#2425),.UNSPECIFIED.,.F.,.F.,(9,7,7,7,7,7,7,7,7,7,6,7,7,7,7,9)
  ,(0.,0.205009227873,0.410018455746,0.820036911492,1.640073822984,
    2.186765097312,2.499160111213,2.665770785294,2.751763391271,
    2.79544217526,2.817453530971,2.837712226134,2.857970921298,
    2.898488311625,2.97952309228,3.14159265359),.UNSPECIFIED.);
#2320 = CARTESIAN_POINT('',(7.853981633974,-1.249045772398));
#2321 = CARTESIAN_POINT('',(7.843812205167,-1.22362220038));
#2322 = CARTESIAN_POINT('',(7.835415229845,-1.198163179556));
#2323 = CARTESIAN_POINT('',(7.828235694858,-1.172679865925));
#2324 = CARTESIAN_POINT('',(7.8219847653,-1.147178034964));
#2325 = CARTESIAN_POINT('',(7.81646741669,-1.121661583626));
#2326 = CARTESIAN_POINT('',(7.811536277312,-1.096133458469));
#2327 = CARTESIAN_POINT('',(7.807092546388,-1.070595627758));
#2328 = CARTESIAN_POINT('',(7.799017161126,-1.019503802987));
#2329 = CARTESIAN_POINT('',(7.795385090702,-0.993949817112));
#2330 = CARTESIAN_POINT('',(7.792081717151,-0.968389291495));
#2331 = CARTESIAN_POINT('',(7.789049588071,-0.942823370988));
#2332 = CARTESIAN_POINT('',(7.78624634969,-0.917252899016));
#2333 = CARTESIAN_POINT('',(7.783640372565,-0.891678505027));
#2334 = CARTESIAN_POINT('',(7.781206377278,-0.866100691957));
#2335 = CARTESIAN_POINT('',(7.774350425842,-0.789358387141));
#2336 = CARTESIAN_POINT('',(7.770376163253,-0.738184996508));
#2337 = CARTESIAN_POINT('',(7.766828438261,-0.687003130534));
#2338 = CARTESIAN_POINT('',(7.763604762993,-0.635814826855));
#2339 = CARTESIAN_POINT('',(7.760638255131,-0.584621414531));
#2340 = CARTESIAN_POINT('',(7.757877914757,-0.533423906962));
#2341 = CARTESIAN_POINT('',(7.7552809187,-0.482223155217));
#2342 = CARTESIAN_POINT('',(7.74788895978,-0.328612974805));
#2343 = CARTESIAN_POINT('',(7.743491306862,-0.226195655271));
#2344 = CARTESIAN_POINT('',(7.739367665544,-0.12377289485));
#2345 = CARTESIAN_POINT('',(7.735381342172,-2.134740767667E-02));
#2346 = CARTESIAN_POINT('',(7.731413513388,8.107844675178E-02));
#2347 = CARTESIAN_POINT('',(7.727346750232,0.183502336596));
#2348 = CARTESIAN_POINT('',(7.723052885406,0.285921717079));
#2349 = CARTESIAN_POINT('',(7.71513857407,0.456605633136));
#2350 = CARTESIAN_POINT('',(7.711771649747,0.52487520383));
#2351 = CARTESIAN_POINT('',(7.708130176191,0.593139320958));
#2352 = CARTESIAN_POINT('',(7.70414184144,0.66139654993));
#2353 = CARTESIAN_POINT('',(7.699666101217,0.72964409564));
#2354 = CARTESIAN_POINT('',(7.694529831811,0.797878517522));
#2355 = CARTESIAN_POINT('',(7.688471286461,0.866094615265));
#2356 = CARTESIAN_POINT('',(7.676409707303,0.973240809429));
#2357 = CARTESIAN_POINT('',(7.671494509317,1.012192538154));
#2358 = CARTESIAN_POINT('',(7.665924731238,1.051131250168));
#2359 = CARTESIAN_POINT('',(7.659493382816,1.090052806338));
#2360 = CARTESIAN_POINT('',(7.651995811546,1.128953164643));
#2361 = CARTESIAN_POINT('',(7.642913880628,1.167821926251));
#2362 = CARTESIAN_POINT('',(7.631730319433,1.206648846643));
#2363 = CARTESIAN_POINT('',(7.608480942827,1.266061455047));
#2364 = CARTESIAN_POINT('',(7.599260394251,1.286704032129));
#2365 = CARTESIAN_POINT('',(7.588633958185,1.307318510419));
#2366 = CARTESIAN_POINT('',(7.576142821985,1.327895469472));
#2367 = CARTESIAN_POINT('',(7.561339906439,1.34842631716));
#2368 = CARTESIAN_POINT('',(7.543046127362,1.36888645289));
#2369 = CARTESIAN_POINT('',(7.520098837029,1.38925321863));
#2370 = CARTESIAN_POINT('',(7.471555252716,1.419850274964));
#2371 = CARTESIAN_POINT('',(7.452612865139,1.430216767697));
#2372 = CARTESIAN_POINT('',(7.430642064224,1.440521254257));
#2373 = CARTESIAN_POINT('',(7.404792024572,1.450744537702));
#2374 = CARTESIAN_POINT('',(7.373829689994,1.460863361001));
#2375 = CARTESIAN_POINT('',(7.335813120304,1.470830293024));
#2376 = CARTESIAN_POINT('',(7.287685193763,1.480585633544));
#2377 = CARTESIAN_POINT('',(7.189064834138,1.494702768004));
#2378 = CARTESIAN_POINT('',(7.151389000343,1.499356511121));
#2379 = CARTESIAN_POINT('',(7.108320099669,1.503884698112));
#2380 = CARTESIAN_POINT('',(7.05865116325,1.508255867622));
#2381 = CARTESIAN_POINT('',(7.000806913893,1.512423709196));
#2382 = CARTESIAN_POINT('',(6.93281974806,1.516328444489));
#2383 = CARTESIAN_POINT('',(6.851990108144,1.519869085));
#2384 = CARTESIAN_POINT('',(6.70971538215,1.5244586487));
#2385 = CARTESIAN_POINT('',(6.658544537077,1.525872357925));
#2386 = CARTESIAN_POINT('',(6.603756264041,1.527145908337));
#2387 = CARTESIAN_POINT('',(6.545341850899,1.528262014161));
#2388 = CARTESIAN_POINT('',(6.483471375772,1.529202233515));
#2389 = CARTESIAN_POINT('',(6.418607503407,1.529949297548));
#2390 = CARTESIAN_POINT('',(6.28980515787,1.530987807251));
#2391 = CARTESIAN_POINT('',(6.156285085489,1.531239967389));
#2392 = CARTESIAN_POINT('',(6.091932124363,1.531174772847));
#2393 = CARTESIAN_POINT('',(6.02805803818,1.53092228818));
#2394 = CARTESIAN_POINT('',(5.965496741367,1.530486891029));
#2395 = CARTESIAN_POINT('',(5.904932292819,1.529877648065));
#2396 = CARTESIAN_POINT('',(5.846817379767,1.529106348927));
#2397 = CARTESIAN_POINT('',(5.736054301466,1.527265383521));
#2398 = CARTESIAN_POINT('',(5.683404702684,1.526195713911));
#2399 = CARTESIAN_POINT('',(5.633772608911,1.524989775326));
#2400 = CARTESIAN_POINT('',(5.587246859217,1.523661567853));
#2401 = CARTESIAN_POINT('',(5.543778344959,1.522224724735));
#2402 = CARTESIAN_POINT('',(5.50323103672,1.520691644329));
#2403 = CARTESIAN_POINT('',(5.465425260341,1.519073203062));
#2404 = CARTESIAN_POINT('',(5.359669145377,1.513990741941));
#2405 = CARTESIAN_POINT('',(5.29937755808,1.510299543847));
#2406 = CARTESIAN_POINT('',(5.247770837123,1.506382370829));
#2407 = CARTESIAN_POINT('',(5.203083530225,1.502294186233));
#2408 = CARTESIAN_POINT('',(5.16406391736,1.498071118373));
#2409 = CARTESIAN_POINT('',(5.129686039189,1.493740427655));
#2410 = CARTESIAN_POINT('',(5.099174896538,1.489321840436));
#2411 = CARTESIAN_POINT('',(5.017383958532,1.47584809113));
#2412 = CARTESIAN_POINT('',(4.975847587281,1.466574941426));
#2413 = CARTESIAN_POINT('',(4.942361383295,1.457132424502));
#2414 = CARTESIAN_POINT('',(4.914644324468,1.447567226684));
#2415 = CARTESIAN_POINT('',(4.891196937017,1.43791410144));
#2416 = CARTESIAN_POINT('',(4.871054410658,1.428192267618));
#2417 = CARTESIAN_POINT('',(4.853526345579,1.418416815096));
#2418 = CARTESIAN_POINT('',(4.807284477666,1.388960585085));
#2419 = CARTESIAN_POINT('',(4.784910705467,1.369150052813));
#2420 = CARTESIAN_POINT('',(4.767002363205,1.349249831762));
#2421 = CARTESIAN_POINT('',(4.752426019335,1.329282160381));
#2422 = CARTESIAN_POINT('',(4.740099252584,1.309269563977));
#2423 = CARTESIAN_POINT('',(4.729577155464,1.289220670647));
#2424 = CARTESIAN_POINT('',(4.72042839833,1.269144317262));
#2425 = CARTESIAN_POINT('',(4.712388980385,1.249045772398));
#2426 = ( GEOMETRIC_REPRESENTATION_CONTEXT(2) 
PARAMETRIC_REPRESENTATION_CONTEXT() REPRESENTATION_CONTEXT('2D SPACE',''
  ) );
#2427 = ORIENTED_EDGE('',*,*,#2428,.F.);
#2428 = EDGE_CURVE('',#2429,#2297,#2431,.T.);
#2429 = VERTEX_POINT('',#2430);
#2430 = CARTESIAN_POINT('',(53.946171888053,-22.29999746503,
    85.197863896536));
#2431 = SURFACE_CURVE('',#2432,(#2437,#2448),.PCURVE_S1.);
#2432 = ELLIPSE('',#2433,0.901783974315,0.9);
#2433 = AXIS2_PLACEMENT_3D('',#2434,#2435,#2436);
#2434 = CARTESIAN_POINT('',(54.,-21.4,85.2));
#2435 = DIRECTION('',(-0.998021727636,5.964367569528E-02,
    1.988122523176E-02));
#2436 = DIRECTION('',(6.286995440717E-02,0.946806544099,0.315602181366)
  );
#2437 = PCURVE('',#1983,#2438);
#2438 = DEFINITIONAL_REPRESENTATION('',(#2439),#2447);
#2439 = B_SPLINE_CURVE_WITH_KNOTS('',6,(#2440,#2441,#2442,#2443,#2444,
    #2445,#2446),.UNSPECIFIED.,.F.,.F.,(7,7),(3.460969757464,
    4.712388980385),.PIECEWISE_BEZIER_KNOTS.);
#2440 = CARTESIAN_POINT('',(-9.503509090791E-14,20.105536957415));
#2441 = CARTESIAN_POINT('',(0.208569870487,20.109249680939));
#2442 = CARTESIAN_POINT('',(0.417139740973,20.115772082486));
#2443 = CARTESIAN_POINT('',(0.62570961146,20.124815161677));
#2444 = CARTESIAN_POINT('',(0.834279481947,20.135715542632));
#2445 = CARTESIAN_POINT('',(1.042849352433,20.147540176084));
#2446 = CARTESIAN_POINT('',(1.25141922292,20.159365069367));
#2447 = ( GEOMETRIC_REPRESENTATION_CONTEXT(2) 
PARAMETRIC_REPRESENTATION_CONTEXT() REPRESENTATION_CONTEXT('2D SPACE',''
  ) );
#2448 = PCURVE('',#2449,#2454);
#2449 = CYLINDRICAL_SURFACE('',#2450,0.9);
#2450 = AXIS2_PLACEMENT_3D('',#2451,#2452,#2453);
#2451 = CARTESIAN_POINT('',(54.,-21.4,85.2));
#2452 = DIRECTION('',(-1.,0.,0.));
#2453 = DIRECTION('',(0.,0.,-1.));
#2454 = DEFINITIONAL_REPRESENTATION('',(#2455),#2463);
#2455 = B_SPLINE_CURVE_WITH_KNOTS('',6,(#2456,#2457,#2458,#2459,#2460,
    #2461,#2462),.UNSPECIFIED.,.F.,.F.,(7,7),(3.460969757464,
    4.712388980385),.PIECEWISE_BEZIER_KNOTS.);
#2456 = CARTESIAN_POINT('',(1.568422876273,5.382811195126E-02));
#2457 = CARTESIAN_POINT('',(1.77699274676,5.011538842729E-02));
#2458 = CARTESIAN_POINT('',(1.985562617246,4.359298688033E-02));
#2459 = CARTESIAN_POINT('',(2.194132487733,3.454990768943E-02));
#2460 = CARTESIAN_POINT('',(2.40270235822,2.364952673448E-02));
#2461 = CARTESIAN_POINT('',(2.611272228706,1.182489328298E-02));
#2462 = CARTESIAN_POINT('',(2.819842099193,0.));
#2463 = ( GEOMETRIC_REPRESENTATION_CONTEXT(2) 
PARAMETRIC_REPRESENTATION_CONTEXT() REPRESENTATION_CONTEXT('2D SPACE',''
  ) );
#2464 = ORIENTED_EDGE('',*,*,#2465,.F.);
#2465 = EDGE_CURVE('',#2027,#2429,#2466,.T.);
#2466 = SEAM_CURVE('',#2467,(#2471,#2478),.PCURVE_S1.);
#2467 = LINE('',#2468,#2469);
#2468 = CARTESIAN_POINT('',(73.892769301443,-24.69358915463,84.4));
#2469 = VECTOR('',#2470,1.);
#2470 = DIRECTION('',(-0.992094737666,0.11905136852,3.968378950663E-02)
  );
#2471 = PCURVE('',#1983,#2472);
#2472 = DEFINITIONAL_REPRESENTATION('',(#2473),#2477);
#2473 = LINE('',#2474,#2475);
#2474 = CARTESIAN_POINT('',(0.,-0.));
#2475 = VECTOR('',#2476,1.);
#2476 = DIRECTION('',(0.,1.));
#2477 = ( GEOMETRIC_REPRESENTATION_CONTEXT(2) 
PARAMETRIC_REPRESENTATION_CONTEXT() REPRESENTATION_CONTEXT('2D SPACE',''
  ) );
#2478 = PCURVE('',#1983,#2479);
#2479 = DEFINITIONAL_REPRESENTATION('',(#2480),#2484);
#2480 = LINE('',#2481,#2482);
#2481 = CARTESIAN_POINT('',(6.28318530718,-0.));
#2482 = VECTOR('',#2483,1.);
#2483 = DIRECTION('',(0.,1.));
#2484 = ( GEOMETRIC_REPRESENTATION_CONTEXT(2) 
PARAMETRIC_REPRESENTATION_CONTEXT() REPRESENTATION_CONTEXT('2D SPACE',''
  ) );
#2485 = ORIENTED_EDGE('',*,*,#2026,.T.);
#2486 = ORIENTED_EDGE('',*,*,#1960,.T.);
#2487 = ORIENTED_EDGE('',*,*,#2165,.T.);
#2488 = ORIENTED_EDGE('',*,*,#2056,.T.);
#2489 = ORIENTED_EDGE('',*,*,#2465,.T.);
#2490 = ORIENTED_EDGE('',*,*,#2491,.F.);
#2491 = EDGE_CURVE('',#2492,#2429,#2494,.T.);
#2492 = VERTEX_POINT('',#2493);
#2493 = CARTESIAN_POINT('',(53.982071429687,-21.4,84.3));
#2494 = SURFACE_CURVE('',#2495,(#2500,#2511),.PCURVE_S1.);
#2495 = ELLIPSE('',#2496,0.901783974315,0.9);
#2496 = AXIS2_PLACEMENT_3D('',#2497,#2498,#2499);
#2497 = CARTESIAN_POINT('',(54.,-21.4,85.2));
#2498 = DIRECTION('',(-0.998021727636,5.964367569528E-02,
    1.988122523176E-02));
#2499 = DIRECTION('',(6.286995440717E-02,0.946806544099,0.315602181366)
  );
#2500 = PCURVE('',#1983,#2501);
#2501 = DEFINITIONAL_REPRESENTATION('',(#2502),#2510);
#2502 = B_SPLINE_CURVE_WITH_KNOTS('',6,(#2503,#2504,#2505,#2506,#2507,
    #2508,#2509),.UNSPECIFIED.,.F.,.F.,(7,7),(1.892546881192,
    3.460969757464),.PIECEWISE_BEZIER_KNOTS.);
#2503 = CARTESIAN_POINT('',(4.714762430907,20.141436499063));
#2504 = CARTESIAN_POINT('',(4.976166243619,20.127376709161));
#2505 = CARTESIAN_POINT('',(5.237570056332,20.114787790738));
#2506 = CARTESIAN_POINT('',(5.498973869043,20.105393257123));
#2507 = CARTESIAN_POINT('',(5.760377681756,20.10064377805));
#2508 = CARTESIAN_POINT('',(6.021781494467,20.100883744166));
#2509 = CARTESIAN_POINT('',(6.283185307179,20.105536957415));
#2510 = ( GEOMETRIC_REPRESENTATION_CONTEXT(2) 
PARAMETRIC_REPRESENTATION_CONTEXT() REPRESENTATION_CONTEXT('2D SPACE',''
  ) );
#2511 = PCURVE('',#2449,#2512);
#2512 = DEFINITIONAL_REPRESENTATION('',(#2513),#2521);
#2513 = B_SPLINE_CURVE_WITH_KNOTS('',6,(#2514,#2515,#2516,#2517,#2518,
    #2519,#2520),.UNSPECIFIED.,.F.,.F.,(7,7),(1.892546881192,
    3.460969757464),.PIECEWISE_BEZIER_KNOTS.);
#2514 = CARTESIAN_POINT('',(5.842240271805E-13,1.792857030378E-02));
#2515 = CARTESIAN_POINT('',(0.261403812713,3.19883602054E-02));
#2516 = CARTESIAN_POINT('',(0.522807625425,4.457727862952E-02));
#2517 = CARTESIAN_POINT('',(0.784211438137,5.39718122428E-02));
#2518 = CARTESIAN_POINT('',(1.045615250849,5.872129131696E-02));
#2519 = CARTESIAN_POINT('',(1.307019063561,5.848132520037E-02));
#2520 = CARTESIAN_POINT('',(1.568422876273,5.382811195126E-02));
#2521 = ( GEOMETRIC_REPRESENTATION_CONTEXT(2) 
PARAMETRIC_REPRESENTATION_CONTEXT() REPRESENTATION_CONTEXT('2D SPACE',''
  ) );
#2522 = ORIENTED_EDGE('',*,*,#2523,.F.);
#2523 = EDGE_CURVE('',#2295,#2492,#2524,.T.);
#2524 = SURFACE_CURVE('',#2525,(#2530,#2540),.PCURVE_S1.);
#2525 = ELLIPSE('',#2526,0.901783974315,0.9);
#2526 = AXIS2_PLACEMENT_3D('',#2527,#2528,#2529);
#2527 = CARTESIAN_POINT('',(54.,-21.4,85.2));
#2528 = DIRECTION('',(-0.998021727636,5.964367569528E-02,
    1.988122523176E-02));
#2529 = DIRECTION('',(6.286995440717E-02,0.946806544099,0.315602181366)
  );
#2530 = PCURVE('',#1983,#2531);
#2531 = DEFINITIONAL_REPRESENTATION('',(#2532),#2539);
#2532 = B_SPLINE_CURVE_WITH_KNOTS('',5,(#2533,#2534,#2535,#2536,#2537,
    #2538),.UNSPECIFIED.,.F.,.F.,(6,6),(1.570796326795,1.892546881192),
  .PIECEWISE_BEZIER_KNOTS.);
#2533 = CARTESIAN_POINT('',(4.39301187651,20.159365069367));
#2534 = CARTESIAN_POINT('',(4.457361987389,20.155716732279));
#2535 = CARTESIAN_POINT('',(4.521712098269,20.152068394919));
#2536 = CARTESIAN_POINT('',(4.586062209148,20.14845153299));
#2537 = CARTESIAN_POINT('',(4.650412320028,20.144897615524));
#2538 = CARTESIAN_POINT('',(4.714762430907,20.141436499063));
#2539 = ( GEOMETRIC_REPRESENTATION_CONTEXT(2) 
PARAMETRIC_REPRESENTATION_CONTEXT() REPRESENTATION_CONTEXT('2D SPACE',''
  ) );
#2540 = PCURVE('',#2449,#2541);
#2541 = DEFINITIONAL_REPRESENTATION('',(#2542),#2549);
#2542 = B_SPLINE_CURVE_WITH_KNOTS('',5,(#2543,#2544,#2545,#2546,#2547,
    #2548),.UNSPECIFIED.,.F.,.F.,(6,6),(1.570796326795,1.892546881192),
  .PIECEWISE_BEZIER_KNOTS.);
#2543 = CARTESIAN_POINT('',(5.961434752783,0.));
#2544 = CARTESIAN_POINT('',(6.025784863662,3.648337087815E-03));
#2545 = CARTESIAN_POINT('',(6.090134974542,7.296674447438E-03));
#2546 = CARTESIAN_POINT('',(6.154485085421,1.091353637703E-02));
#2547 = CARTESIAN_POINT('',(6.218835196301,1.446745384291E-02));
#2548 = CARTESIAN_POINT('',(6.28318530718,1.792857030378E-02));
#2549 = ( GEOMETRIC_REPRESENTATION_CONTEXT(2) 
PARAMETRIC_REPRESENTATION_CONTEXT() REPRESENTATION_CONTEXT('2D SPACE',''
  ) );
#2550 = ADVANCED_FACE('',(#2551),#2313,.T.);
#2551 = FACE_BOUND('',#2552,.T.);
#2552 = EDGE_LOOP('',(#2553,#2554,#2577));
#2553 = ORIENTED_EDGE('',*,*,#2294,.F.);
#2554 = ORIENTED_EDGE('',*,*,#2555,.F.);
#2555 = EDGE_CURVE('',#2556,#2295,#2558,.T.);
#2556 = VERTEX_POINT('',#2557);
#2557 = CARTESIAN_POINT('',(54.,-21.4,86.1));
#2558 = SURFACE_CURVE('',#2559,(#2564,#2570),.PCURVE_S1.);
#2559 = CIRCLE('',#2560,0.9);
#2560 = AXIS2_PLACEMENT_3D('',#2561,#2562,#2563);
#2561 = CARTESIAN_POINT('',(54.,-21.4,85.2));
#2562 = DIRECTION('',(-1.,0.,0.));
#2563 = DIRECTION('',(0.,0.,-1.));
#2564 = PCURVE('',#2313,#2565);
#2565 = DEFINITIONAL_REPRESENTATION('',(#2566),#2569);
#2566 = B_SPLINE_CURVE_WITH_KNOTS('',1,(#2567,#2568),.UNSPECIFIED.,.F.,
  .F.,(2,2),(3.14159265359,5.961434752783),.PIECEWISE_BEZIER_KNOTS.);
#2567 = CARTESIAN_POINT('',(7.853981633974,1.570796326795));
#2568 = CARTESIAN_POINT('',(7.853981633974,-1.249045772398));
#2569 = ( GEOMETRIC_REPRESENTATION_CONTEXT(2) 
PARAMETRIC_REPRESENTATION_CONTEXT() REPRESENTATION_CONTEXT('2D SPACE',''
  ) );
#2570 = PCURVE('',#2449,#2571);
#2571 = DEFINITIONAL_REPRESENTATION('',(#2572),#2576);
#2572 = LINE('',#2573,#2574);
#2573 = CARTESIAN_POINT('',(0.,0.));
#2574 = VECTOR('',#2575,1.);
#2575 = DIRECTION('',(1.,0.));
#2576 = ( GEOMETRIC_REPRESENTATION_CONTEXT(2) 
PARAMETRIC_REPRESENTATION_CONTEXT() REPRESENTATION_CONTEXT('2D SPACE',''
  ) );
#2577 = ORIENTED_EDGE('',*,*,#2578,.F.);
#2578 = EDGE_CURVE('',#2297,#2556,#2579,.T.);
#2579 = SURFACE_CURVE('',#2580,(#2585,#2591),.PCURVE_S1.);
#2580 = CIRCLE('',#2581,0.9);
#2581 = AXIS2_PLACEMENT_3D('',#2582,#2583,#2584);
#2582 = CARTESIAN_POINT('',(54.,-21.4,85.2));
#2583 = DIRECTION('',(-1.,0.,0.));
#2584 = DIRECTION('',(0.,0.,-1.));
#2585 = PCURVE('',#2313,#2586);
#2586 = DEFINITIONAL_REPRESENTATION('',(#2587),#2590);
#2587 = B_SPLINE_CURVE_WITH_KNOTS('',1,(#2588,#2589),.UNSPECIFIED.,.F.,
  .F.,(2,2),(2.819842099193,3.14159265359),.PIECEWISE_BEZIER_KNOTS.);
#2588 = CARTESIAN_POINT('',(4.712388980385,1.249045772398));
#2589 = CARTESIAN_POINT('',(4.712388980385,1.570796326795));
#2590 = ( GEOMETRIC_REPRESENTATION_CONTEXT(2) 
PARAMETRIC_REPRESENTATION_CONTEXT() REPRESENTATION_CONTEXT('2D SPACE',''
  ) );
#2591 = PCURVE('',#2449,#2592);
#2592 = DEFINITIONAL_REPRESENTATION('',(#2593),#2597);
#2593 = LINE('',#2594,#2595);
#2594 = CARTESIAN_POINT('',(0.,0.));
#2595 = VECTOR('',#2596,1.);
#2596 = DIRECTION('',(1.,0.));
#2597 = ( GEOMETRIC_REPRESENTATION_CONTEXT(2) 
PARAMETRIC_REPRESENTATION_CONTEXT() REPRESENTATION_CONTEXT('2D SPACE',''
  ) );
#2598 = ADVANCED_FACE('',(#2599),#2449,.T.);
#2599 = FACE_BOUND('',#2600,.T.);
#2600 = EDGE_LOOP('',(#2601,#2624,#2653,#2694,#2716,#2717,#2718,#2719,
    #2720,#2721));
#2601 = ORIENTED_EDGE('',*,*,#2602,.T.);
#2602 = EDGE_CURVE('',#2492,#2603,#2605,.T.);
#2603 = VERTEX_POINT('',#2604);
#2604 = CARTESIAN_POINT('',(8.4,-21.4,84.3));
#2605 = SEAM_CURVE('',#2606,(#2610,#2617),.PCURVE_S1.);
#2606 = LINE('',#2607,#2608);
#2607 = CARTESIAN_POINT('',(54.,-21.4,84.3));
#2608 = VECTOR('',#2609,1.);
#2609 = DIRECTION('',(-1.,0.,0.));
#2610 = PCURVE('',#2449,#2611);
#2611 = DEFINITIONAL_REPRESENTATION('',(#2612),#2616);
#2612 = LINE('',#2613,#2614);
#2613 = CARTESIAN_POINT('',(6.28318530718,-0.));
#2614 = VECTOR('',#2615,1.);
#2615 = DIRECTION('',(0.,1.));
#2616 = ( GEOMETRIC_REPRESENTATION_CONTEXT(2) 
PARAMETRIC_REPRESENTATION_CONTEXT() REPRESENTATION_CONTEXT('2D SPACE',''
  ) );
#2617 = PCURVE('',#2449,#2618);
#2618 = DEFINITIONAL_REPRESENTATION('',(#2619),#2623);
#2619 = LINE('',#2620,#2621);
#2620 = CARTESIAN_POINT('',(0.,-0.));
#2621 = VECTOR('',#2622,1.);
#2622 = DIRECTION('',(0.,1.));
#2623 = ( GEOMETRIC_REPRESENTATION_CONTEXT(2) 
PARAMETRIC_REPRESENTATION_CONTEXT() REPRESENTATION_CONTEXT('2D SPACE',''
  ) );
#2624 = ORIENTED_EDGE('',*,*,#2625,.F.);
#2625 = EDGE_CURVE('',#2626,#2603,#2628,.T.);
#2626 = VERTEX_POINT('',#2627);
#2627 = CARTESIAN_POINT('',(8.4,-21.25204091142,86.087754531449));
#2628 = SURFACE_CURVE('',#2629,(#2634,#2641),.PCURVE_S1.);
#2629 = CIRCLE('',#2630,0.9);
#2630 = AXIS2_PLACEMENT_3D('',#2631,#2632,#2633);
#2631 = CARTESIAN_POINT('',(8.4,-21.4,85.2));
#2632 = DIRECTION('',(-1.,0.,0.));
#2633 = DIRECTION('',(0.,0.,-1.));
#2634 = PCURVE('',#2449,#2635);
#2635 = DEFINITIONAL_REPRESENTATION('',(#2636),#2640);
#2636 = LINE('',#2637,#2638);
#2637 = CARTESIAN_POINT('',(0.,45.6));
#2638 = VECTOR('',#2639,1.);
#2639 = DIRECTION('',(1.,0.));
#2640 = ( GEOMETRIC_REPRESENTATION_CONTEXT(2) 
PARAMETRIC_REPRESENTATION_CONTEXT() REPRESENTATION_CONTEXT('2D SPACE',''
  ) );
#2641 = PCURVE('',#2642,#2647);
#2642 = SPHERICAL_SURFACE('',#2643,0.9);
#2643 = AXIS2_PLACEMENT_3D('',#2644,#2645,#2646);
#2644 = CARTESIAN_POINT('',(8.4,-21.4,85.2));
#2645 = DIRECTION('',(0.,0.,1.));
#2646 = DIRECTION('',(1.,0.,-0.));
#2647 = DEFINITIONAL_REPRESENTATION('',(#2648),#2652);
#2648 = LINE('',#2649,#2650);
#2649 = CARTESIAN_POINT('',(1.570796326795,4.712388980385));
#2650 = VECTOR('',#2651,1.);
#2651 = DIRECTION('',(0.,-1.));
#2652 = ( GEOMETRIC_REPRESENTATION_CONTEXT(2) 
PARAMETRIC_REPRESENTATION_CONTEXT() REPRESENTATION_CONTEXT('2D SPACE',''
  ) );
#2653 = ORIENTED_EDGE('',*,*,#2654,.F.);
#2654 = EDGE_CURVE('',#2655,#2626,#2657,.T.);
#2655 = VERTEX_POINT('',#2656);
#2656 = CARTESIAN_POINT('',(8.4,-21.54795908857,84.312245468551));
#2657 = SURFACE_CURVE('',#2658,(#2663,#2676),.PCURVE_S1.);
#2658 = ELLIPSE('',#2659,0.975542587701,0.9);
#2659 = AXIS2_PLACEMENT_3D('',#2660,#2661,#2662);
#2660 = CARTESIAN_POINT('',(8.4,-21.4,85.2));
#2661 = DIRECTION('',(-0.922563516289,-0.380595412011,6.343256866848E-02
    ));
#2662 = DIRECTION('',(-0.385845251897,0.910011046817,-0.151668507803));
#2663 = PCURVE('',#2449,#2664);
#2664 = DEFINITIONAL_REPRESENTATION('',(#2665),#2675);
#2665 = B_SPLINE_CURVE_WITH_KNOTS('',8,(#2666,#2667,#2668,#2669,#2670,
    #2671,#2672,#2673,#2674),.UNSPECIFIED.,.F.,.F.,(9,9),(1.570796326795
    ,4.712388674771),.PIECEWISE_BEZIER_KNOTS.);
#2666 = CARTESIAN_POINT('',(0.165148677415,45.6));
#2667 = CARTESIAN_POINT('',(0.557847720912,45.452184751712));
#2668 = CARTESIAN_POINT('',(0.950546764408,45.304368324782));
#2669 = CARTESIAN_POINT('',(1.343245807909,45.191299727681));
#2670 = CARTESIAN_POINT('',(1.735944851398,45.147632858425));
#2671 = CARTESIAN_POINT('',(2.128643894902,45.191299673403));
#2672 = CARTESIAN_POINT('',(2.521342938396,45.304368230041));
#2673 = CARTESIAN_POINT('',(2.914041981893,45.452184636676));
#2674 = CARTESIAN_POINT('',(3.30674102539,45.599999884964));
#2675 = ( GEOMETRIC_REPRESENTATION_CONTEXT(2) 
PARAMETRIC_REPRESENTATION_CONTEXT() REPRESENTATION_CONTEXT('2D SPACE',''
  ) );
#2676 = PCURVE('',#2677,#2682);
#2677 = CYLINDRICAL_SURFACE('',#2678,0.9);
#2678 = AXIS2_PLACEMENT_3D('',#2679,#2680,#2681);
#2679 = CARTESIAN_POINT('',(8.4,-21.4,85.2));
#2680 = DIRECTION('',(-0.702246883177,-0.702246883177,0.117041147196));
#2681 = DIRECTION('',(-0.707106781187,0.707106781187,0.));
#2682 = DEFINITIONAL_REPRESENTATION('',(#2683),#2693);
#2683 = B_SPLINE_CURVE_WITH_KNOTS('',8,(#2684,#2685,#2686,#2687,#2688,
    #2689,#2690,#2691,#2692),.UNSPECIFIED.,.F.,.F.,(9,9),(1.570796326795
    ,4.712388674771),.PIECEWISE_BEZIER_KNOTS.);
#2684 = CARTESIAN_POINT('',(1.687307389613,0.));
#2685 = CARTESIAN_POINT('',(2.08000643311,0.147815248288));
#2686 = CARTESIAN_POINT('',(2.472705476606,0.295631675184));
#2687 = CARTESIAN_POINT('',(2.865404520106,0.408700272236));
#2688 = CARTESIAN_POINT('',(3.258103563598,0.45236714167));
#2689 = CARTESIAN_POINT('',(3.650802607095,0.40870032647));
#2690 = CARTESIAN_POINT('',(4.043501650595,0.295631769942));
#2691 = CARTESIAN_POINT('',(4.436200694092,0.147815363324));
#2692 = CARTESIAN_POINT('',(4.828899737589,1.150356823132E-07));
#2693 = ( GEOMETRIC_REPRESENTATION_CONTEXT(2) 
PARAMETRIC_REPRESENTATION_CONTEXT() REPRESENTATION_CONTEXT('2D SPACE',''
  ) );
#2694 = ORIENTED_EDGE('',*,*,#2695,.F.);
#2695 = EDGE_CURVE('',#2603,#2655,#2696,.T.);
#2696 = SURFACE_CURVE('',#2697,(#2702,#2709),.PCURVE_S1.);
#2697 = CIRCLE('',#2698,0.9);
#2698 = AXIS2_PLACEMENT_3D('',#2699,#2700,#2701);
#2699 = CARTESIAN_POINT('',(8.4,-21.4,85.2));
#2700 = DIRECTION('',(-1.,0.,0.));
#2701 = DIRECTION('',(0.,0.,-1.));
#2702 = PCURVE('',#2449,#2703);
#2703 = DEFINITIONAL_REPRESENTATION('',(#2704),#2708);
#2704 = LINE('',#2705,#2706);
#2705 = CARTESIAN_POINT('',(0.,45.6));
#2706 = VECTOR('',#2707,1.);
#2707 = DIRECTION('',(1.,0.));
#2708 = ( GEOMETRIC_REPRESENTATION_CONTEXT(2) 
PARAMETRIC_REPRESENTATION_CONTEXT() REPRESENTATION_CONTEXT('2D SPACE',''
  ) );
#2709 = PCURVE('',#2642,#2710);
#2710 = DEFINITIONAL_REPRESENTATION('',(#2711),#2715);
#2711 = LINE('',#2712,#2713);
#2712 = CARTESIAN_POINT('',(4.712388980385,-1.570796326795));
#2713 = VECTOR('',#2714,1.);
#2714 = DIRECTION('',(0.,1.));
#2715 = ( GEOMETRIC_REPRESENTATION_CONTEXT(2) 
PARAMETRIC_REPRESENTATION_CONTEXT() REPRESENTATION_CONTEXT('2D SPACE',''
  ) );
#2716 = ORIENTED_EDGE('',*,*,#2602,.F.);
#2717 = ORIENTED_EDGE('',*,*,#2491,.T.);
#2718 = ORIENTED_EDGE('',*,*,#2428,.T.);
#2719 = ORIENTED_EDGE('',*,*,#2578,.T.);
#2720 = ORIENTED_EDGE('',*,*,#2555,.T.);
#2721 = ORIENTED_EDGE('',*,*,#2523,.T.);
#2722 = ADVANCED_FACE('',(#2723),#2642,.T.);
#2723 = FACE_BOUND('',#2724,.T.);
#2724 = EDGE_LOOP('',(#2725,#2726,#2819,#2868));
#2725 = ORIENTED_EDGE('',*,*,#2695,.T.);
#2726 = ORIENTED_EDGE('',*,*,#2727,.F.);
#2727 = EDGE_CURVE('',#2728,#2655,#2730,.T.);
#2728 = VERTEX_POINT('',#2729);
#2729 = CARTESIAN_POINT('',(7.763603896932,-20.76360389693,85.2));
#2730 = SURFACE_CURVE('',#2731,(#2736,#2812),.PCURVE_S1.);
#2731 = CIRCLE('',#2732,0.9);
#2732 = AXIS2_PLACEMENT_3D('',#2733,#2734,#2735);
#2733 = CARTESIAN_POINT('',(8.4,-21.4,85.2));
#2734 = DIRECTION('',(-0.702246883177,-0.702246883177,0.117041147196));
#2735 = DIRECTION('',(-0.707106781187,0.707106781187,0.));
#2736 = PCURVE('',#2642,#2737);
#2737 = DEFINITIONAL_REPRESENTATION('',(#2738),#2811);
#2738 = B_SPLINE_CURVE_WITH_KNOTS('',8,(#2739,#2740,#2741,#2742,#2743,
    #2744,#2745,#2746,#2747,#2748,#2749,#2750,#2751,#2752,#2753,#2754,
    #2755,#2756,#2757,#2758,#2759,#2760,#2761,#2762,#2763,#2764,#2765,
    #2766,#2767,#2768,#2769,#2770,#2771,#2772,#2773,#2774,#2775,#2776,
    #2777,#2778,#2779,#2780,#2781,#2782,#2783,#2784,#2785,#2786,#2787,
    #2788,#2789,#2790,#2791,#2792,#2793,#2794,#2795,#2796,#2797,#2798,
    #2799,#2800,#2801,#2802,#2803,#2804,#2805,#2806,#2807,#2808,#2809,
    #2810),.UNSPECIFIED.,.F.,.F.,(9,7,7,7,7,7,7,7,7,7,9),(0.,
    0.421826847403,0.738196982956,0.97547458462,1.153432785868,
    1.286901436805,1.387002925007,1.462079041158,1.518386128272,
    1.602846758943,1.687307389613),.UNSPECIFIED.);
#2739 = CARTESIAN_POINT('',(2.356194490192,0.));
#2740 = CARTESIAN_POINT('',(2.36236587746,-5.236595743223E-02));
#2741 = CARTESIAN_POINT('',(2.368536832955,-0.104731940684));
#2742 = CARTESIAN_POINT('',(2.374760241842,-0.157094832334));
#2743 = CARTESIAN_POINT('',(2.381086946419,-0.209451637081));
#2744 = CARTESIAN_POINT('',(2.387571071688,-0.261799165375));
#2745 = CARTESIAN_POINT('',(2.394275350925,-0.31413371705));
#2746 = CARTESIAN_POINT('',(2.401276451256,-0.366450764956));
#2747 = CARTESIAN_POINT('',(2.414215685195,-0.457965043811));
#2748 = CARTESIAN_POINT('',(2.419982426666,-0.497172387326));
#2749 = CARTESIAN_POINT('',(2.426011409684,-0.536364252578));
#2750 = CARTESIAN_POINT('',(2.432352211997,-0.575537703979));
#2751 = CARTESIAN_POINT('',(2.439063666916,-0.614689256465));
#2752 = CARTESIAN_POINT('',(2.446218588325,-0.653814592276));
#2753 = CARTESIAN_POINT('',(2.453912656818,-0.692908024973));
#2754 = CARTESIAN_POINT('',(2.468551074599,-0.761251974954));
#2755 = CARTESIAN_POINT('',(2.475202203207,-0.790519867078));
#2756 = CARTESIAN_POINT('',(2.482285904651,-0.819762108317));
#2757 = CARTESIAN_POINT('',(2.489871131067,-0.84897457663));
#2758 = CARTESIAN_POINT('',(2.498041394306,-0.878152277025));
#2759 = CARTESIAN_POINT('',(2.506901945562,-0.907288902236));
#2760 = CARTESIAN_POINT('',(2.516593475212,-0.936375983727));
#2761 = CARTESIAN_POINT('',(2.535351476095,-0.987170869986));
#2762 = CARTESIAN_POINT('',(2.543968835705,-1.00890552766));
#2763 = CARTESIAN_POINT('',(2.553246577676,-1.030600640478));
#2764 = CARTESIAN_POINT('',(2.563288294721,-1.052249897505));
#2765 = CARTESIAN_POINT('',(2.574220232774,-1.073845602351));
#2766 = CARTESIAN_POINT('',(2.586202436413,-1.095377961397));
#2767 = CARTESIAN_POINT('',(2.599449813191,-1.116833700327));
#2768 = CARTESIAN_POINT('',(2.625373094669,-1.154214240463));
#2769 = CARTESIAN_POINT('',(2.637364325543,-1.170180756235));
#2770 = CARTESIAN_POINT('',(2.650363095824,-1.186085690944));
#2771 = CARTESIAN_POINT('',(2.664527456614,-1.201919026123));
#2772 = CARTESIAN_POINT('',(2.680050955713,-1.217668478324));
#2773 = CARTESIAN_POINT('',(2.697179051211,-1.233318342464));
#2774 = CARTESIAN_POINT('',(2.716238206726,-1.248847290412));
#2775 = CARTESIAN_POINT('',(2.753757264508,-1.275758500575));
#2776 = CARTESIAN_POINT('',(2.771175884459,-1.287206836729));
#2777 = CARTESIAN_POINT('',(2.790123954071,-1.298557430737));
#2778 = CARTESIAN_POINT('',(2.810831584594,-1.309794357323));
#2779 = CARTESIAN_POINT('',(2.833581182577,-1.32089797095));
#2780 = CARTESIAN_POINT('',(2.858725601912,-1.331843207018));
#2781 = CARTESIAN_POINT('',(2.886711837993,-1.342596681765));
#2782 = CARTESIAN_POINT('',(2.941659083434,-1.360999522686));
#2783 = CARTESIAN_POINT('',(2.967126503316,-1.36875282858));
#2784 = CARTESIAN_POINT('',(2.994755939201,-1.376353055808));
#2785 = CARTESIAN_POINT('',(3.02482067106,-1.383776917643));
#2786 = CARTESIAN_POINT('',(3.057643754765,-1.390995843441));
#2787 = CARTESIAN_POINT('',(3.093597143704,-1.397974447067));
#2788 = CARTESIAN_POINT('',(3.133080020464,-1.404668913699));
#2789 = CARTESIAN_POINT('',(3.20902357721,-1.415792598457));
#2790 = CARTESIAN_POINT('',(3.243771956896,-1.420369757498));
#2791 = CARTESIAN_POINT('',(3.280880519669,-1.424733996358));
#2792 = CARTESIAN_POINT('',(3.320502703758,-1.428859710754));
#2793 = CARTESIAN_POINT('',(3.362766141232,-1.432717826107));
#2794 = CARTESIAN_POINT('',(3.40774399161,-1.436276218595));
#2795 = CARTESIAN_POINT('',(3.455417811427,-1.439501209034));
#2796 = CARTESIAN_POINT('',(3.58095318236,-1.446648510391));
#2797 = CARTESIAN_POINT('',(3.661992064438,-1.450113311632));
#2798 = CARTESIAN_POINT('',(3.748223570419,-1.452644142208));
#2799 = CARTESIAN_POINT('',(3.838499744103,-1.454138803086));
#2800 = CARTESIAN_POINT('',(3.930717260333,-1.454516113218));
#2801 = CARTESIAN_POINT('',(4.022023103311,-1.453775733649));
#2802 = CARTESIAN_POINT('',(4.110370721032,-1.451976350198));
#2803 = CARTESIAN_POINT('',(4.278358489081,-1.446436078527));
#2804 = CARTESIAN_POINT('',(4.35800000449,-1.442695234192));
#2805 = CARTESIAN_POINT('',(4.431906738571,-1.438071987282));
#2806 = CARTESIAN_POINT('',(4.499413302525,-1.432685985942));
#2807 = CARTESIAN_POINT('',(4.560732706239,-1.426658073219));
#2808 = CARTESIAN_POINT('',(4.61630049764,-1.420088295627));
#2809 = CARTESIAN_POINT('',(4.666669148267,-1.41306167621));
#2810 = CARTESIAN_POINT('',(4.712388980385,-1.40564764938));
#2811 = ( GEOMETRIC_REPRESENTATION_CONTEXT(2) 
PARAMETRIC_REPRESENTATION_CONTEXT() REPRESENTATION_CONTEXT('2D SPACE',''
  ) );
#2812 = PCURVE('',#2677,#2813);
#2813 = DEFINITIONAL_REPRESENTATION('',(#2814),#2818);
#2814 = LINE('',#2815,#2816);
#2815 = CARTESIAN_POINT('',(0.,0.));
#2816 = VECTOR('',#2817,1.);
#2817 = DIRECTION('',(1.,0.));
#2818 = ( GEOMETRIC_REPRESENTATION_CONTEXT(2) 
PARAMETRIC_REPRESENTATION_CONTEXT() REPRESENTATION_CONTEXT('2D SPACE',''
  ) );
#2819 = ORIENTED_EDGE('',*,*,#2820,.F.);
#2820 = EDGE_CURVE('',#2626,#2728,#2821,.T.);
#2821 = SURFACE_CURVE('',#2822,(#2827,#2861),.PCURVE_S1.);
#2822 = CIRCLE('',#2823,0.9);
#2823 = AXIS2_PLACEMENT_3D('',#2824,#2825,#2826);
#2824 = CARTESIAN_POINT('',(8.4,-21.4,85.2));
#2825 = DIRECTION('',(-0.702246883177,-0.702246883177,0.117041147196));
#2826 = DIRECTION('',(-0.707106781187,0.707106781187,0.));
#2827 = PCURVE('',#2642,#2828);
#2828 = DEFINITIONAL_REPRESENTATION('',(#2829),#2860);
#2829 = B_SPLINE_CURVE_WITH_KNOTS('',8,(#2830,#2831,#2832,#2833,#2834,
    #2835,#2836,#2837,#2838,#2839,#2840,#2841,#2842,#2843,#2844,#2845,
    #2846,#2847,#2848,#2849,#2850,#2851,#2852,#2853,#2854,#2855,#2856,
    #2857,#2858,#2859),.UNSPECIFIED.,.F.,.F.,(9,7,7,7,9),(4.828900043203
    ,4.919792872202,5.260640980946,5.771913144063,6.28318530718),
  .UNSPECIFIED.);
#2830 = CARTESIAN_POINT('',(1.570796326795,1.40564764938));
#2831 = CARTESIAN_POINT('',(1.619998006318,1.397668998647));
#2832 = CARTESIAN_POINT('',(1.663815703799,1.38924169213));
#2833 = CARTESIAN_POINT('',(1.702938501457,1.380452523566));
#2834 = CARTESIAN_POINT('',(1.738054141292,1.371367927186));
#2835 = CARTESIAN_POINT('',(1.769742268792,1.362038288612));
#2836 = CARTESIAN_POINT('',(1.79847495005,1.352502537492));
#2837 = CARTESIAN_POINT('',(1.824652606969,1.342791806116));
#2838 = CARTESIAN_POINT('',(1.938419421114,1.295952683771));
#2839 = CARTESIAN_POINT('',(1.996924774728,1.256864318354));
#2840 = CARTESIAN_POINT('',(2.041520382838,1.216968932838));
#2841 = CARTESIAN_POINT('',(2.076306582965,1.176425321388));
#2842 = CARTESIAN_POINT('',(2.104882642318,1.135534714726));
#2843 = CARTESIAN_POINT('',(2.128738110773,1.094343637821));
#2844 = CARTESIAN_POINT('',(2.149133706881,1.052948668481));
#2845 = CARTESIAN_POINT('',(2.193400842937,0.949056465035));
#2846 = CARTESIAN_POINT('',(2.213918114581,0.886358582313));
#2847 = CARTESIAN_POINT('',(2.23106233103,0.823460715623));
#2848 = CARTESIAN_POINT('',(2.245719038472,0.760414854796));
#2849 = CARTESIAN_POINT('',(2.258658389183,0.697267582937));
#2850 = CARTESIAN_POINT('',(2.27025191802,0.634040578558));
#2851 = CARTESIAN_POINT('',(2.280832888366,0.570753779851));
#2852 = CARTESIAN_POINT('',(2.300417139002,0.444087005422));
#2853 = CARTESIAN_POINT('',(2.309421609895,0.380707105804));
#2854 = CARTESIAN_POINT('',(2.317866087846,0.317294174834));
#2855 = CARTESIAN_POINT('',(2.325907398734,0.253857477415));
#2856 = CARTESIAN_POINT('',(2.333663302779,0.190403958543));
#2857 = CARTESIAN_POINT('',(2.34123416199,0.126939534348));
#2858 = CARTESIAN_POINT('',(2.34871450513,6.346977793108E-02));
#2859 = CARTESIAN_POINT('',(2.356194490192,0.));
#2860 = ( GEOMETRIC_REPRESENTATION_CONTEXT(2) 
PARAMETRIC_REPRESENTATION_CONTEXT() REPRESENTATION_CONTEXT('2D SPACE',''
  ) );
#2861 = PCURVE('',#2677,#2862);
#2862 = DEFINITIONAL_REPRESENTATION('',(#2863),#2867);
#2863 = LINE('',#2864,#2865);
#2864 = CARTESIAN_POINT('',(0.,0.));
#2865 = VECTOR('',#2866,1.);
#2866 = DIRECTION('',(1.,0.));
#2867 = ( GEOMETRIC_REPRESENTATION_CONTEXT(2) 
PARAMETRIC_REPRESENTATION_CONTEXT() REPRESENTATION_CONTEXT('2D SPACE',''
  ) );
#2868 = ORIENTED_EDGE('',*,*,#2625,.T.);
#2869 = ADVANCED_FACE('',(#2870),#2677,.T.);
#2870 = FACE_BOUND('',#2871,.T.);
#2871 = EDGE_LOOP('',(#2872,#2895,#2929,#2970,#3068,#3069,#3070,#3071));
#2872 = ORIENTED_EDGE('',*,*,#2873,.T.);
#2873 = EDGE_CURVE('',#2728,#2874,#2876,.T.);
#2874 = VERTEX_POINT('',#2875);
#2875 = CARTESIAN_POINT('',(2.963603896932,-25.56360389693,86.));
#2876 = SEAM_CURVE('',#2877,(#2881,#2888),.PCURVE_S1.);
#2877 = LINE('',#2878,#2879);
#2878 = CARTESIAN_POINT('',(7.763603896932,-20.76360389693,85.2));
#2879 = VECTOR('',#2880,1.);
#2880 = DIRECTION('',(-0.702246883177,-0.702246883177,0.117041147196));
#2881 = PCURVE('',#2677,#2882);
#2882 = DEFINITIONAL_REPRESENTATION('',(#2883),#2887);
#2883 = LINE('',#2884,#2885);
#2884 = CARTESIAN_POINT('',(6.28318530718,-0.));
#2885 = VECTOR('',#2886,1.);
#2886 = DIRECTION('',(0.,1.));
#2887 = ( GEOMETRIC_REPRESENTATION_CONTEXT(2) 
PARAMETRIC_REPRESENTATION_CONTEXT() REPRESENTATION_CONTEXT('2D SPACE',''
  ) );
#2888 = PCURVE('',#2677,#2889);
#2889 = DEFINITIONAL_REPRESENTATION('',(#2890),#2894);
#2890 = LINE('',#2891,#2892);
#2891 = CARTESIAN_POINT('',(0.,-0.));
#2892 = VECTOR('',#2893,1.);
#2893 = DIRECTION('',(0.,1.));
#2894 = ( GEOMETRIC_REPRESENTATION_CONTEXT(2) 
PARAMETRIC_REPRESENTATION_CONTEXT() REPRESENTATION_CONTEXT('2D SPACE',''
  ) );
#2895 = ORIENTED_EDGE('',*,*,#2896,.F.);
#2896 = EDGE_CURVE('',#2897,#2874,#2899,.T.);
#2897 = VERTEX_POINT('',#2898);
#2898 = CARTESIAN_POINT('',(3.12478479287,-25.63838202793,
    86.518416589596));
#2899 = SURFACE_CURVE('',#2900,(#2905,#2912),.PCURVE_S1.);
#2900 = CIRCLE('',#2901,0.9);
#2901 = AXIS2_PLACEMENT_3D('',#2902,#2903,#2904);
#2902 = CARTESIAN_POINT('',(3.6,-26.2,86.));
#2903 = DIRECTION('',(-0.702246883177,-0.702246883177,0.117041147196));
#2904 = DIRECTION('',(-0.707106781187,0.707106781187,0.));
#2905 = PCURVE('',#2677,#2906);
#2906 = DEFINITIONAL_REPRESENTATION('',(#2907),#2911);
#2907 = LINE('',#2908,#2909);
#2908 = CARTESIAN_POINT('',(0.,6.835202996254));
#2909 = VECTOR('',#2910,1.);
#2910 = DIRECTION('',(1.,0.));
#2911 = ( GEOMETRIC_REPRESENTATION_CONTEXT(2) 
PARAMETRIC_REPRESENTATION_CONTEXT() REPRESENTATION_CONTEXT('2D SPACE',''
  ) );
#2912 = PCURVE('',#2913,#2918);
#2913 = SPHERICAL_SURFACE('',#2914,0.9);
#2914 = AXIS2_PLACEMENT_3D('',#2915,#2916,#2917);
#2915 = CARTESIAN_POINT('',(3.6,-26.2,86.));
#2916 = DIRECTION('',(0.,0.,1.));
#2917 = DIRECTION('',(1.,0.,-0.));
#2918 = DEFINITIONAL_REPRESENTATION('',(#2919),#2928);
#2919 = B_SPLINE_CURVE_WITH_KNOTS('',7,(#2920,#2921,#2922,#2923,#2924,
    #2925,#2926,#2927),.UNSPECIFIED.,.F.,.F.,(8,8),(5.664450764438,
    6.28318530718),.PIECEWISE_BEZIER_KNOTS.);
#2920 = CARTESIAN_POINT('',(2.273053258304,0.613849487875));
#2921 = CARTESIAN_POINT('',(2.288535599142,0.526369566188));
#2922 = CARTESIAN_POINT('',(2.301791605094,0.438758002807));
#2923 = CARTESIAN_POINT('',(2.313775771015,0.351071465096));
#2924 = CARTESIAN_POINT('',(2.324896096606,0.263333974083));
#2925 = CARTESIAN_POINT('',(2.335504215367,0.175566316789));
#2926 = CARTESIAN_POINT('',(2.345849147236,8.778314589506E-02));
#2927 = CARTESIAN_POINT('',(2.356194490192,0.));
#2928 = ( GEOMETRIC_REPRESENTATION_CONTEXT(2) 
PARAMETRIC_REPRESENTATION_CONTEXT() REPRESENTATION_CONTEXT('2D SPACE',''
  ) );
#2929 = ORIENTED_EDGE('',*,*,#2930,.F.);
#2930 = EDGE_CURVE('',#2931,#2897,#2933,.T.);
#2931 = VERTEX_POINT('',#2932);
#2932 = CARTESIAN_POINT('',(4.07521520713,-26.76161797206,
    85.481583410404));
#2933 = SURFACE_CURVE('',#2934,(#2939,#2952),.PCURVE_S1.);
#2934 = ELLIPSE('',#2935,0.908321992516,0.9);
#2935 = AXIS2_PLACEMENT_3D('',#2936,#2937,#2938);
#2936 = CARTESIAN_POINT('',(3.6,-26.2,86.));
#2937 = DIRECTION('',(-0.631318191594,-0.742097404195,0.22523051225));
#2938 = DIRECTION('',(-0.568010121075,0.244725399228,-0.785795126816));
#2939 = PCURVE('',#2677,#2940);
#2940 = DEFINITIONAL_REPRESENTATION('',(#2941),#2951);
#2941 = B_SPLINE_CURVE_WITH_KNOTS('',8,(#2942,#2943,#2944,#2945,#2946,
    #2947,#2948,#2949,#2950),.UNSPECIFIED.,.F.,.F.,(9,9),(1.570796343647
    ,4.712388981824),.PIECEWISE_BEZIER_KNOTS.);
#2942 = CARTESIAN_POINT('',(2.5228581277,6.835202994187));
#2943 = CARTESIAN_POINT('',(2.915557207472,6.787029136414));
#2944 = CARTESIAN_POINT('',(3.308256287239,6.738854894889));
#2945 = CARTESIAN_POINT('',(3.700955367029,6.702005177685));
#2946 = CARTESIAN_POINT('',(4.09365444677,6.687773895672));
#2947 = CARTESIAN_POINT('',(4.486353526569,6.702005178729));
#2948 = CARTESIAN_POINT('',(4.879052606327,6.738854896744));
#2949 = CARTESIAN_POINT('',(5.271751686105,6.787029138658));
#2950 = CARTESIAN_POINT('',(5.664450765877,6.835202996431));
#2951 = ( GEOMETRIC_REPRESENTATION_CONTEXT(2) 
PARAMETRIC_REPRESENTATION_CONTEXT() REPRESENTATION_CONTEXT('2D SPACE',''
  ) );
#2952 = PCURVE('',#2953,#2958);
#2953 = CYLINDRICAL_SURFACE('',#2954,0.9);
#2954 = AXIS2_PLACEMENT_3D('',#2955,#2956,#2957);
#2955 = CARTESIAN_POINT('',(3.6,-26.2,86.));
#2956 = DIRECTION('',(-0.548821299948,-0.768349819928,0.329292779969));
#2957 = DIRECTION('',(-0.813733471207,0.581238193719,0.));
#2958 = DEFINITIONAL_REPRESENTATION('',(#2959),#2969);
#2959 = B_SPLINE_CURVE_WITH_KNOTS('',8,(#2960,#2961,#2962,#2963,#2964,
    #2965,#2966,#2967,#2968),.UNSPECIFIED.,.F.,.F.,(9,9),(1.570796343647
    ,4.712388981824),.PIECEWISE_BEZIER_KNOTS.);
#2960 = CARTESIAN_POINT('',(2.485479373901,2.06725303542E-09));
#2961 = CARTESIAN_POINT('',(2.878178453673,4.817385983962E-02));
#2962 = CARTESIAN_POINT('',(3.270877533448,9.634810136248E-02));
#2963 = CARTESIAN_POINT('',(3.663576613199,0.133197818555));
#2964 = CARTESIAN_POINT('',(4.056275692998,0.147429100584));
#2965 = CARTESIAN_POINT('',(4.44897477274,0.133197817497));
#2966 = CARTESIAN_POINT('',(4.841673852535,9.63480995142E-02));
#2967 = CARTESIAN_POINT('',(5.234372932306,4.817385759584E-02));
#2968 = CARTESIAN_POINT('',(5.627072012078,-1.765272372722E-10));
#2969 = ( GEOMETRIC_REPRESENTATION_CONTEXT(2) 
PARAMETRIC_REPRESENTATION_CONTEXT() REPRESENTATION_CONTEXT('2D SPACE',''
  ) );
#2970 = ORIENTED_EDGE('',*,*,#2971,.F.);
#2971 = EDGE_CURVE('',#2874,#2931,#2972,.T.);
#2972 = SURFACE_CURVE('',#2973,(#2978,#2985),.PCURVE_S1.);
#2973 = CIRCLE('',#2974,0.9);
#2974 = AXIS2_PLACEMENT_3D('',#2975,#2976,#2977);
#2975 = CARTESIAN_POINT('',(3.6,-26.2,86.));
#2976 = DIRECTION('',(-0.702246883177,-0.702246883177,0.117041147196));
#2977 = DIRECTION('',(-0.707106781187,0.707106781187,0.));
#2978 = PCURVE('',#2677,#2979);
#2979 = DEFINITIONAL_REPRESENTATION('',(#2980),#2984);
#2980 = LINE('',#2981,#2982);
#2981 = CARTESIAN_POINT('',(0.,6.835202996254));
#2982 = VECTOR('',#2983,1.);
#2983 = DIRECTION('',(1.,0.));
#2984 = ( GEOMETRIC_REPRESENTATION_CONTEXT(2) 
PARAMETRIC_REPRESENTATION_CONTEXT() REPRESENTATION_CONTEXT('2D SPACE',''
  ) );
#2985 = PCURVE('',#2913,#2986);
#2986 = DEFINITIONAL_REPRESENTATION('',(#2987),#3067);
#2987 = B_SPLINE_CURVE_WITH_KNOTS('',8,(#2988,#2989,#2990,#2991,#2992,
    #2993,#2994,#2995,#2996,#2997,#2998,#2999,#3000,#3001,#3002,#3003,
    #3004,#3005,#3006,#3007,#3008,#3009,#3010,#3011,#3012,#3013,#3014,
    #3015,#3016,#3017,#3018,#3019,#3020,#3021,#3022,#3023,#3024,#3025,
    #3026,#3027,#3028,#3029,#3030,#3031,#3032,#3033,#3034,#3035,#3036,
    #3037,#3038,#3039,#3040,#3041,#3042,#3043,#3044,#3045,#3046,#3047,
    #3048,#3049,#3050,#3051,#3052,#3053,#3054,#3055,#3056,#3057,#3058,
    #3059,#3060,#3061,#3062,#3063,#3064,#3065,#3066),.UNSPECIFIED.,.F.,
  .F.,(9,7,7,7,7,7,7,7,7,7,7,9),(0.,0.630714527712,1.103750423496,
    1.281138884415,1.436353787719,1.504260307915,1.567922670598,
    1.627606135614,1.739512632518,1.935349002101,2.229103556474,
    2.522858110848),.UNSPECIFIED.);
#2988 = CARTESIAN_POINT('',(2.356194490192,0.));
#2989 = CARTESIAN_POINT('',(2.365421934177,-7.829745857424E-02));
#2990 = CARTESIAN_POINT('',(2.374649000632,-0.156594940117));
#2991 = CARTESIAN_POINT('',(2.384050520709,-0.234882137998));
#2992 = CARTESIAN_POINT('',(2.393792417756,-0.313149287149));
#2993 = CARTESIAN_POINT('',(2.404082414711,-0.391384123944));
#2994 = CARTESIAN_POINT('',(2.415170980655,-0.46957186765));
#2995 = CARTESIAN_POINT('',(2.427406905568,-0.547691920896));
#2996 = CARTESIAN_POINT('',(2.451985632389,-0.684214785795));
#2997 = CARTESIAN_POINT('',(2.463538492319,-0.742664301435));
#2998 = CARTESIAN_POINT('',(2.476380773585,-0.801037581645));
#2999 = CARTESIAN_POINT('',(2.490939605348,-0.859308806255));
#3000 = CARTESIAN_POINT('',(2.507665256691,-0.917452057848));
#3001 = CARTESIAN_POINT('',(2.5276014708,-0.975403243722));
#3002 = CARTESIAN_POINT('',(2.551870516109,-1.033097087675));
#3003 = CARTESIAN_POINT('',(2.596410325451,-1.111750460583));
#3004 = CARTESIAN_POINT('',(2.609700029683,-1.1331322761));
#3005 = CARTESIAN_POINT('',(2.624334007184,-1.154432477065));
#3006 = CARTESIAN_POINT('',(2.640565222212,-1.175635450572));
#3007 = CARTESIAN_POINT('',(2.658730891347,-1.19671992202));
#3008 = CARTESIAN_POINT('',(2.679277170969,-1.217657699682));
#3009 = CARTESIAN_POINT('',(2.702833504219,-1.238408524452));
#3010 = CARTESIAN_POINT('',(2.754510703645,-1.276840965636));
#3011 = CARTESIAN_POINT('',(2.781692279659,-1.294582007827));
#3012 = CARTESIAN_POINT('',(2.812613424761,-1.312084082355));
#3013 = CARTESIAN_POINT('',(2.84813099532,-1.329287425119));
#3014 = CARTESIAN_POINT('',(2.889515783743,-1.346105922265));
#3015 = CARTESIAN_POINT('',(2.938326886705,-1.362418635127));
#3016 = CARTESIAN_POINT('',(2.9972367201,-1.378030881187));
#3017 = CARTESIAN_POINT('',(3.101133468618,-1.398976334947));
#3018 = CARTESIAN_POINT('',(3.135312089136,-1.40515175372));
#3019 = CARTESIAN_POINT('',(3.172322927302,-1.411099089587));
#3020 = CARTESIAN_POINT('',(3.212455117043,-1.416784978607));
#3021 = CARTESIAN_POINT('',(3.256011344831,-1.422169179567));
#3022 = CARTESIAN_POINT('',(3.303271039759,-1.427204003802));
#3023 = CARTESIAN_POINT('',(3.354417988402,-1.431835486533));
#3024 = CARTESIAN_POINT('',(3.461008361402,-1.439916437074));
#3025 = CARTESIAN_POINT('',(3.515983881268,-1.443421759441));
#3026 = CARTESIAN_POINT('',(3.574339971158,-1.446475190817));
#3027 = CARTESIAN_POINT('',(3.635912231607,-1.449028152956));
#3028 = CARTESIAN_POINT('',(3.700295744173,-1.451032683163));
#3029 = CARTESIAN_POINT('',(3.766797267772,-1.45244975726));
#3030 = CARTESIAN_POINT('',(3.834492120294,-1.453257288293));
#3031 = CARTESIAN_POINT('',(3.96614724421,-1.453633130773));
#3032 = CARTESIAN_POINT('',(4.030075372309,-1.453275845775));
#3033 = CARTESIAN_POINT('',(4.093455630311,-1.452375523401));
#3034 = CARTESIAN_POINT('',(4.155478815612,-1.450943589071));
#3035 = CARTESIAN_POINT('',(4.215457668952,-1.449004727906));
#3036 = CARTESIAN_POINT('',(4.272910078768,-1.446593477892));
#3037 = CARTESIAN_POINT('',(4.327566249918,-1.443749475033));
#3038 = CARTESIAN_POINT('',(4.476300312132,-1.434439866973));
#3039 = CARTESIAN_POINT('',(4.5630286926,-1.42698321405));
#3040 = CARTESIAN_POINT('',(4.638649842307,-1.418399411281));
#3041 = CARTESIAN_POINT('',(4.704291930946,-1.40895326458));
#3042 = CARTESIAN_POINT('',(4.76162646284,-1.39882965064));
#3043 = CARTESIAN_POINT('',(4.811910340642,-1.388168372851));
#3044 = CARTESIAN_POINT('',(4.856314552327,-1.377073254447));
#3045 = CARTESIAN_POINT('',(4.964782009387,-1.345586421074));
#3046 = CARTESIAN_POINT('',(5.018614266095,-1.32446325932));
#3047 = CARTESIAN_POINT('',(5.062243164222,-1.302678375966));
#3048 = CARTESIAN_POINT('',(5.098662433989,-1.280422706061));
#3049 = CARTESIAN_POINT('',(5.129571154841,-1.257822113085));
#3050 = CARTESIAN_POINT('',(5.156265710854,-1.234955949955));
#3051 = CARTESIAN_POINT('',(5.179589664648,-1.211881125192));
#3052 = CARTESIAN_POINT('',(5.231093826108,-1.15377443125));
#3053 = CARTESIAN_POINT('',(5.25587103387,-1.118532915964));
#3054 = CARTESIAN_POINT('',(5.276672740241,-1.083050937097));
#3055 = CARTESIAN_POINT('',(5.294534024523,-1.047391625299));
#3056 = CARTESIAN_POINT('',(5.31013043347,-1.011596148032));
#3057 = CARTESIAN_POINT('',(5.323968242129,-0.975695677458));
#3058 = CARTESIAN_POINT('',(5.336367151498,-0.939709173111));
#3059 = CARTESIAN_POINT('',(5.358818398152,-0.867596362296));
#3060 = CARTESIAN_POINT('',(5.368869764806,-0.831469976614));
#3061 = CARTESIAN_POINT('',(5.378001865957,-0.795288958859));
#3062 = CARTESIAN_POINT('',(5.386389223286,-0.759063757103));
#3063 = CARTESIAN_POINT('',(5.394157752379,-0.722801878607));
#3064 = CARTESIAN_POINT('',(5.40140578133,-0.686509177679));
#3065 = CARTESIAN_POINT('',(5.408214224568,-0.650190472064));
#3066 = CARTESIAN_POINT('',(5.414645911894,-0.613849487875));
#3067 = ( GEOMETRIC_REPRESENTATION_CONTEXT(2) 
PARAMETRIC_REPRESENTATION_CONTEXT() REPRESENTATION_CONTEXT('2D SPACE',''
  ) );
#3068 = ORIENTED_EDGE('',*,*,#2873,.F.);
#3069 = ORIENTED_EDGE('',*,*,#2727,.T.);
#3070 = ORIENTED_EDGE('',*,*,#2654,.T.);
#3071 = ORIENTED_EDGE('',*,*,#2820,.T.);
#3072 = ADVANCED_FACE('',(#3073),#2913,.T.);
#3073 = FACE_BOUND('',#3074,.T.);
#3074 = EDGE_LOOP('',(#3075,#3076,#3155,#3182));
#3075 = ORIENTED_EDGE('',*,*,#2971,.T.);
#3076 = ORIENTED_EDGE('',*,*,#3077,.F.);
#3077 = EDGE_CURVE('',#3078,#2931,#3080,.T.);
#3078 = VERTEX_POINT('',#3079);
#3079 = CARTESIAN_POINT('',(2.867639875914,-25.67688562565,86.));
#3080 = SURFACE_CURVE('',#3081,(#3086,#3148),.PCURVE_S1.);
#3081 = CIRCLE('',#3082,0.9);
#3082 = AXIS2_PLACEMENT_3D('',#3083,#3084,#3085);
#3083 = CARTESIAN_POINT('',(3.6,-26.2,86.));
#3084 = DIRECTION('',(-0.548821299948,-0.768349819928,0.329292779969));
#3085 = DIRECTION('',(-0.813733471207,0.581238193719,-2.775557561563E-17
    ));
#3086 = PCURVE('',#2913,#3087);
#3087 = DEFINITIONAL_REPRESENTATION('',(#3088),#3147);
#3088 = B_SPLINE_CURVE_WITH_KNOTS('',8,(#3089,#3090,#3091,#3092,#3093,
    #3094,#3095,#3096,#3097,#3098,#3099,#3100,#3101,#3102,#3103,#3104,
    #3105,#3106,#3107,#3108,#3109,#3110,#3111,#3112,#3113,#3114,#3115,
    #3116,#3117,#3118,#3119,#3120,#3121,#3122,#3123,#3124,#3125,#3126,
    #3127,#3128,#3129,#3130,#3131,#3132,#3133,#3134,#3135,#3136,#3137,
    #3138,#3139,#3140,#3141,#3142,#3143,#3144,#3145,#3146),
  .UNSPECIFIED.,.F.,.F.,(9,7,7,7,7,7,7,7,9),(0.,0.621369839262,
    1.087397218709,1.262157486001,1.415072719882,1.548873549528,
    1.783025001408,2.134252179229,2.485479357049),.UNSPECIFIED.);
#3089 = CARTESIAN_POINT('',(2.521343167607,0.));
#3090 = CARTESIAN_POINT('',(2.546919742827,-7.333933975299E-02));
#3091 = CARTESIAN_POINT('',(2.572496029812,-0.146678752791));
#3092 = CARTESIAN_POINT('',(2.598493160824,-0.21994465794));
#3093 = CARTESIAN_POINT('',(2.625325281962,-0.29306523096));
#3094 = CARTESIAN_POINT('',(2.653472834764,-0.365955734637));
#3095 = CARTESIAN_POINT('',(2.683514960064,-0.438513939542));
#3096 = CARTESIAN_POINT('',(2.716231066157,-0.51060101344));
#3097 = CARTESIAN_POINT('',(2.78036950613,-0.635519940161));
#3098 = CARTESIAN_POINT('',(2.810071711298,-0.68866022603));
#3099 = CARTESIAN_POINT('',(2.842514998303,-0.741304376926));
#3100 = CARTESIAN_POINT('',(2.87840312481,-0.793324998382));
#3101 = CARTESIAN_POINT('',(2.918638712288,-0.844541184287));
#3102 = CARTESIAN_POINT('',(2.964494303996,-0.894703051393));
#3103 = CARTESIAN_POINT('',(3.017872215365,-0.94342707363));
#3104 = CARTESIAN_POINT('',(3.105488014875,-1.007495958739));
#3105 = CARTESIAN_POINT('',(3.130837244305,-1.024669978545));
#3106 = CARTESIAN_POINT('',(3.157789405601,-1.041508143458));
#3107 = CARTESIAN_POINT('',(3.186508058598,-1.05796801557));
#3108 = CARTESIAN_POINT('',(3.217176258846,-1.073999559322));
#3109 = CARTESIAN_POINT('',(3.249993706881,-1.089543584639));
#3110 = CARTESIAN_POINT('',(3.285166190372,-1.104530335324));
#3111 = CARTESIAN_POINT('',(3.355893306858,-1.131432624178));
#3112 = CARTESIAN_POINT('',(3.390850631039,-1.143497946763));
#3113 = CARTESIAN_POINT('',(3.427887475783,-1.15501945928));
#3114 = CARTESIAN_POINT('',(3.467125184273,-1.165936156931));
#3115 = CARTESIAN_POINT('',(3.508662809278,-1.176179668872));
#3116 = CARTESIAN_POINT('',(3.55255618413,-1.185675237969));
#3117 = CARTESIAN_POINT('',(3.598791514231,-1.194344772738));
#3118 = CARTESIAN_POINT('',(3.689657717011,-1.208908270377));
#3119 = CARTESIAN_POINT('',(3.733767061771,-1.21501368792));
#3120 = CARTESIAN_POINT('',(3.779504578524,-1.220377443951));
#3121 = CARTESIAN_POINT('',(3.826738699166,-1.224949339986));
#3122 = CARTESIAN_POINT('',(3.875267016612,-1.22868389709));
#3123 = CARTESIAN_POINT('',(3.924816557436,-1.231544031517));
#3124 = CARTESIAN_POINT('',(3.975060542819,-1.233504268106));
#3125 = CARTESIAN_POINT('',(4.114186054062,-1.236389632286));
#3126 = CARTESIAN_POINT('',(4.203783130432,-1.235435546669));
#3127 = CARTESIAN_POINT('',(4.292585025531,-1.23163095433));
#3128 = CARTESIAN_POINT('',(4.378520519349,-1.225039216665));
#3129 = CARTESIAN_POINT('',(4.459859699939,-1.215885604606));
#3130 = CARTESIAN_POINT('',(4.535912619838,-1.204460596914));
#3131 = CARTESIAN_POINT('',(4.606442533632,-1.191049484472));
#3132 = CARTESIAN_POINT('',(4.769256762961,-1.153218790968));
#3133 = CARTESIAN_POINT('',(4.854785449234,-1.126647539035));
#3134 = CARTESIAN_POINT('',(4.928525983483,-1.09709670635));
#3135 = CARTESIAN_POINT('',(4.992559841274,-1.065341207702));
#3136 = CARTESIAN_POINT('',(5.048685869839,-1.031869341585));
#3137 = CARTESIAN_POINT('',(5.098316294623,-0.997056625395));
#3138 = CARTESIAN_POINT('',(5.142606059029,-0.961168140308));
#3139 = CARTESIAN_POINT('',(5.222308767366,-0.887646051038));
#3140 = CARTESIAN_POINT('',(5.257722134237,-0.8500125508));
#3141 = CARTESIAN_POINT('',(5.289604127985,-0.811707929481));
#3142 = CARTESIAN_POINT('',(5.318623479545,-0.772869982266));
#3143 = CARTESIAN_POINT('',(5.345283140721,-0.733597089393));
#3144 = CARTESIAN_POINT('',(5.369973992315,-0.693964539142));
#3145 = CARTESIAN_POINT('',(5.39301015628,-0.654033049407));
#3146 = CARTESIAN_POINT('',(5.414645911894,-0.613849487875));
#3147 = ( GEOMETRIC_REPRESENTATION_CONTEXT(2) 
PARAMETRIC_REPRESENTATION_CONTEXT() REPRESENTATION_CONTEXT('2D SPACE',''
  ) );
#3148 = PCURVE('',#2953,#3149);
#3149 = DEFINITIONAL_REPRESENTATION('',(#3150),#3154);
#3150 = LINE('',#3151,#3152);
#3151 = CARTESIAN_POINT('',(0.,0.));
#3152 = VECTOR('',#3153,1.);
#3153 = DIRECTION('',(1.,0.));
#3154 = ( GEOMETRIC_REPRESENTATION_CONTEXT(2) 
PARAMETRIC_REPRESENTATION_CONTEXT() REPRESENTATION_CONTEXT('2D SPACE',''
  ) );
#3155 = ORIENTED_EDGE('',*,*,#3156,.F.);
#3156 = EDGE_CURVE('',#2897,#3078,#3157,.T.);
#3157 = SURFACE_CURVE('',#3158,(#3163,#3175),.PCURVE_S1.);
#3158 = CIRCLE('',#3159,0.9);
#3159 = AXIS2_PLACEMENT_3D('',#3160,#3161,#3162);
#3160 = CARTESIAN_POINT('',(3.6,-26.2,86.));
#3161 = DIRECTION('',(-0.548821299948,-0.768349819928,0.329292779969));
#3162 = DIRECTION('',(-0.813733471207,0.581238193719,-2.775557561563E-17
    ));
#3163 = PCURVE('',#2913,#3164);
#3164 = DEFINITIONAL_REPRESENTATION('',(#3165),#3174);
#3165 = B_SPLINE_CURVE_WITH_KNOTS('',7,(#3166,#3167,#3168,#3169,#3170,
    #3171,#3172,#3173),.UNSPECIFIED.,.F.,.F.,(8,8),(5.627072010639,
    6.28318530718),.PIECEWISE_BEZIER_KNOTS.);
#3166 = CARTESIAN_POINT('',(2.273053258304,0.613849487875));
#3167 = CARTESIAN_POINT('',(2.319243979084,0.52806058806));
#3168 = CARTESIAN_POINT('',(2.35892008741,0.441099867311));
#3169 = CARTESIAN_POINT('',(2.394732346757,0.353462681259));
#3170 = CARTESIAN_POINT('',(2.427955983521,0.265370251524));
#3171 = CARTESIAN_POINT('',(2.459614286243,0.177006014902));
#3172 = CARTESIAN_POINT('',(2.490478400265,8.850292265526E-02));
#3173 = CARTESIAN_POINT('',(2.521343167607,0.));
#3174 = ( GEOMETRIC_REPRESENTATION_CONTEXT(2) 
PARAMETRIC_REPRESENTATION_CONTEXT() REPRESENTATION_CONTEXT('2D SPACE',''
  ) );
#3175 = PCURVE('',#2953,#3176);
#3176 = DEFINITIONAL_REPRESENTATION('',(#3177),#3181);
#3177 = LINE('',#3178,#3179);
#3178 = CARTESIAN_POINT('',(0.,0.));
#3179 = VECTOR('',#3180,1.);
#3180 = DIRECTION('',(1.,0.));
#3181 = ( GEOMETRIC_REPRESENTATION_CONTEXT(2) 
PARAMETRIC_REPRESENTATION_CONTEXT() REPRESENTATION_CONTEXT('2D SPACE',''
  ) );
#3182 = ORIENTED_EDGE('',*,*,#2896,.T.);
#3183 = ADVANCED_FACE('',(#3184),#2953,.T.);
#3184 = FACE_BOUND('',#3185,.T.);
#3185 = EDGE_LOOP('',(#3186,#3272,#3313,#3334,#3335,#3336,#3337,#3338,
    #3368));
#3186 = ORIENTED_EDGE('',*,*,#3187,.T.);
#3187 = EDGE_CURVE('',#3188,#3190,#3192,.T.);
#3188 = VERTEX_POINT('',#3189);
#3189 = CARTESIAN_POINT('',(-4.97564193416,-36.82435806584,
    91.18376128944));
#3190 = VERTEX_POINT('',#3191);
#3191 = CARTESIAN_POINT('',(-3.82435806584,-37.97564193416,
    90.41623871056));
#3192 = SURFACE_CURVE('',#3193,(#3198,#3205),.PCURVE_S1.);
#3193 = CIRCLE('',#3194,0.9);
#3194 = AXIS2_PLACEMENT_3D('',#3195,#3196,#3197);
#3195 = CARTESIAN_POINT('',(-4.4,-37.4,90.8));
#3196 = DIRECTION('',(0.548821299948,0.768349819928,-0.329292779969));
#3197 = DIRECTION('',(-0.639602149067,0.639602149067,0.426401432711));
#3198 = PCURVE('',#2953,#3199);
#3199 = DEFINITIONAL_REPRESENTATION('',(#3200),#3204);
#3200 = LINE('',#3201,#3202);
#3201 = CARTESIAN_POINT('',(5.814641593755,14.576693726631));
#3202 = VECTOR('',#3203,1.);
#3203 = DIRECTION('',(-1.,-0.));
#3204 = ( GEOMETRIC_REPRESENTATION_CONTEXT(2) 
PARAMETRIC_REPRESENTATION_CONTEXT() REPRESENTATION_CONTEXT('2D SPACE',''
  ) );
#3205 = PCURVE('',#3206,#3211);
#3206 = SPHERICAL_SURFACE('',#3207,0.9);
#3207 = AXIS2_PLACEMENT_3D('',#3208,#3209,#3210);
#3208 = CARTESIAN_POINT('',(-4.4,-37.4,90.8));
#3209 = DIRECTION('',(0.,0.,1.));
#3210 = DIRECTION('',(1.,0.,-0.));
#3211 = DEFINITIONAL_REPRESENTATION('',(#3212),#3271);
#3212 = B_SPLINE_CURVE_WITH_KNOTS('',8,(#3213,#3214,#3215,#3216,#3217,
    #3218,#3219,#3220,#3221,#3222,#3223,#3224,#3225,#3226,#3227,#3228,
    #3229,#3230,#3231,#3232,#3233,#3234,#3235,#3236,#3237,#3238,#3239,
    #3240,#3241,#3242,#3243,#3244,#3245,#3246,#3247,#3248,#3249,#3250,
    #3251,#3252,#3253,#3254,#3255,#3256,#3257,#3258,#3259,#3260,#3261,
    #3262,#3263,#3264,#3265,#3266,#3267,#3268,#3269,#3270),
  .UNSPECIFIED.,.F.,.F.,(9,7,7,7,7,7,7,7,9),(0.,0.440490252725,
    0.88098050545,1.174640673933,1.342446484495,1.534224553709,
    1.936066578679,2.337908603649,3.14159265359),.UNSPECIFIED.);
#3213 = CARTESIAN_POINT('',(8.639379797372,0.440510663005));
#3214 = CARTESIAN_POINT('',(8.617219341003,0.491793674188));
#3215 = CARTESIAN_POINT('',(8.593833355521,0.542859835312));
#3216 = CARTESIAN_POINT('',(8.568936635201,0.593658600466));
#3217 = CARTESIAN_POINT('',(8.542164844072,0.644122140439));
#3218 = CARTESIAN_POINT('',(8.51306855335,0.694167633512));
#3219 = CARTESIAN_POINT('',(8.481058330732,0.743685662545));
#3220 = CARTESIAN_POINT('',(8.445300881556,0.792514718321));
#3221 = CARTESIAN_POINT('',(8.363831602106,0.888288900033));
#3222 = CARTESIAN_POINT('',(8.318119050995,0.935234096391));
#3223 = CARTESIAN_POINT('',(8.266189286831,0.980977113787));
#3224 = CARTESIAN_POINT('',(8.206421645969,1.025183332588));
#3225 = CARTESIAN_POINT('',(8.136487797343,1.067293448175));
#3226 = CARTESIAN_POINT('',(8.053598963059,1.106639500171));
#3227 = CARTESIAN_POINT('',(7.952832610516,1.141843589553));
#3228 = CARTESIAN_POINT('',(7.753208104601,1.190722002931));
#3229 = CARTESIAN_POINT('',(7.664911696481,1.207662203516));
#3230 = CARTESIAN_POINT('',(7.567805226568,1.22147396879));
#3231 = CARTESIAN_POINT('',(7.462380312936,1.231599982842));
#3232 = CARTESIAN_POINT('',(7.350045237974,1.237413994123));
#3233 = CARTESIAN_POINT('',(7.23583186161,1.238584435056));
#3234 = CARTESIAN_POINT('',(7.123855147326,1.235265531926));
#3235 = CARTESIAN_POINT('',(6.955905448499,1.223552002749));
#3236 = CARTESIAN_POINT('',(6.896497895547,1.217942513214));
#3237 = CARTESIAN_POINT('',(6.839288333087,1.211049986771));
#3238 = CARTESIAN_POINT('',(6.784669512338,1.202966521544));
#3239 = CARTESIAN_POINT('',(6.732845593945,1.193796963647));
#3240 = CARTESIAN_POINT('',(6.683867337345,1.183647257857));
#3241 = CARTESIAN_POINT('',(6.637693638024,1.172616590554));
#3242 = CARTESIAN_POINT('',(6.544540460327,1.147287619025));
#3243 = CARTESIAN_POINT('',(6.498388676202,1.132747490915));
#3244 = CARTESIAN_POINT('',(6.455612814527,1.117312835029));
#3245 = CARTESIAN_POINT('',(6.415962607942,1.101104758709));
#3246 = CARTESIAN_POINT('',(6.37915609492,1.084227074698));
#3247 = CARTESIAN_POINT('',(6.344920109505,1.066766681014));
#3248 = CARTESIAN_POINT('',(6.3130066758,1.048795907143));
#3249 = CARTESIAN_POINT('',(6.220699126133,0.991782420584));
#3250 = CARTESIAN_POINT('',(6.16740160452,0.951219319535));
#3251 = CARTESIAN_POINT('',(6.121180666077,0.909255104135));
#3252 = CARTESIAN_POINT('',(6.080424300103,0.866237760191));
#3253 = CARTESIAN_POINT('',(6.043999452395,0.822400883537));
#3254 = CARTESIAN_POINT('',(6.011088656851,0.777913581702));
#3255 = CARTESIAN_POINT('',(5.981034664759,0.732900538437));
#3256 = CARTESIAN_POINT('',(5.925651992897,0.642014876137));
#3257 = CARTESIAN_POINT('',(5.900321925583,0.596142349042));
#3258 = CARTESIAN_POINT('',(5.876854264389,0.549935469216));
#3259 = CARTESIAN_POINT('',(5.854884371582,0.503461925205));
#3260 = CARTESIAN_POINT('',(5.834134191751,0.456772240519));
#3261 = CARTESIAN_POINT('',(5.814378998846,0.409906898199));
#3262 = CARTESIAN_POINT('',(5.795428532713,0.362900100319));
#3263 = CARTESIAN_POINT('',(5.740510509917,0.221540286614));
#3264 = CARTESIAN_POINT('',(5.706475311679,0.126848129656));
#3265 = CARTESIAN_POINT('',(5.673721996215,3.193356486626E-02));
#3266 = CARTESIAN_POINT('',(5.641375448416,-6.305196138369E-02));
#3267 = CARTESIAN_POINT('',(5.608613477167,-0.157965145303));
#3268 = CARTESIAN_POINT('',(5.574575922585,-0.25265627111));
#3269 = CARTESIAN_POINT('',(5.538219378577,-0.346943693325));
#3270 = CARTESIAN_POINT('',(5.497787143782,-0.440510663005));
#3271 = ( GEOMETRIC_REPRESENTATION_CONTEXT(2) 
PARAMETRIC_REPRESENTATION_CONTEXT() REPRESENTATION_CONTEXT('2D SPACE',''
  ) );
#3272 = ORIENTED_EDGE('',*,*,#3273,.F.);
#3273 = EDGE_CURVE('',#3274,#3190,#3276,.T.);
#3274 = VERTEX_POINT('',#3275);
#3275 = CARTESIAN_POINT('',(-5.090316055698,-36.81802392991,
    90.774773558967));
#3276 = SURFACE_CURVE('',#3277,(#3282,#3295),.PCURVE_S1.);
#3277 = ELLIPSE('',#3278,0.915848358639,0.9);
#3278 = AXIS2_PLACEMENT_3D('',#3279,#3280,#3281);
#3279 = CARTESIAN_POINT('',(-4.4,-37.4,90.8));
#3280 = DIRECTION('',(-0.63902203982,-0.750719170207,0.167545695581));
#3281 = DIRECTION('',(0.427270316701,-0.165317326353,0.88888146458));
#3282 = PCURVE('',#2953,#3283);
#3283 = DEFINITIONAL_REPRESENTATION('',(#3284),#3294);
#3284 = B_SPLINE_CURVE_WITH_KNOTS('',8,(#3285,#3286,#3287,#3288,#3289,
    #3290,#3291,#3292,#3293),.UNSPECIFIED.,.F.,.F.,(9,9),(2.039340040219
    ,4.712388980078),.PIECEWISE_BEZIER_KNOTS.);
#3285 = CARTESIAN_POINT('',(-7.736034035588E-13,14.500085788138));
#3286 = CARTESIAN_POINT('',(0.334131117482,14.449512154541));
#3287 = CARTESIAN_POINT('',(0.668262234964,14.408713313276));
#3288 = CARTESIAN_POINT('',(1.002393352444,14.386291698895));
#3289 = CARTESIAN_POINT('',(1.33652446993,14.388526741415));
#3290 = CARTESIAN_POINT('',(1.670655587408,14.41629193633));
#3291 = CARTESIAN_POINT('',(2.004786704893,14.46332837394));
#3292 = CARTESIAN_POINT('',(2.338917822376,14.520011244772));
#3293 = CARTESIAN_POINT('',(2.673048939858,14.576693726579));
#3294 = ( GEOMETRIC_REPRESENTATION_CONTEXT(2) 
PARAMETRIC_REPRESENTATION_CONTEXT() REPRESENTATION_CONTEXT('2D SPACE',''
  ) );
#3295 = PCURVE('',#3296,#3301);
#3296 = CYLINDRICAL_SURFACE('',#3297,0.9);
#3297 = AXIS2_PLACEMENT_3D('',#3298,#3299,#3300);
#3298 = CARTESIAN_POINT('',(-4.4,-37.4,90.8));
#3299 = DIRECTION('',(-0.707106781187,-0.707106781187,0.));
#3300 = DIRECTION('',(-0.707106781187,0.707106781187,0.));
#3301 = DEFINITIONAL_REPRESENTATION('',(#3302),#3312);
#3302 = B_SPLINE_CURVE_WITH_KNOTS('',8,(#3303,#3304,#3305,#3306,#3307,
    #3308,#3309,#3310,#3311),.UNSPECIFIED.,.F.,.F.,(9,9),(2.039340040219
    ,4.712388980078),.PIECEWISE_BEZIER_KNOTS.);
#3303 = CARTESIAN_POINT('',(2.803305041948E-02,7.660793849303E-02));
#3304 = CARTESIAN_POINT('',(0.362164167902,0.12718157209));
#3305 = CARTESIAN_POINT('',(0.696295285383,0.167980413368));
#3306 = CARTESIAN_POINT('',(1.03042640287,0.190402027637));
#3307 = CARTESIAN_POINT('',(1.364557520338,0.188166985301));
#3308 = CARTESIAN_POINT('',(1.698688637834,0.160401790203));
#3309 = CARTESIAN_POINT('',(2.032819755311,0.113365352705));
#3310 = CARTESIAN_POINT('',(2.366950872796,5.668248185894E-02));
#3311 = CARTESIAN_POINT('',(2.701081990278,5.207567710386E-11));
#3312 = ( GEOMETRIC_REPRESENTATION_CONTEXT(2) 
PARAMETRIC_REPRESENTATION_CONTEXT() REPRESENTATION_CONTEXT('2D SPACE',''
  ) );
#3313 = ORIENTED_EDGE('',*,*,#3314,.F.);
#3314 = EDGE_CURVE('',#3078,#3274,#3315,.T.);
#3315 = SEAM_CURVE('',#3316,(#3320,#3327),.PCURVE_S1.);
#3316 = LINE('',#3317,#3318);
#3317 = CARTESIAN_POINT('',(2.867639875914,-25.67688562565,86.));
#3318 = VECTOR('',#3319,1.);
#3319 = DIRECTION('',(-0.548821299948,-0.768349819928,0.329292779969));
#3320 = PCURVE('',#2953,#3321);
#3321 = DEFINITIONAL_REPRESENTATION('',(#3322),#3326);
#3322 = LINE('',#3323,#3324);
#3323 = CARTESIAN_POINT('',(0.,-0.));
#3324 = VECTOR('',#3325,1.);
#3325 = DIRECTION('',(0.,1.));
#3326 = ( GEOMETRIC_REPRESENTATION_CONTEXT(2) 
PARAMETRIC_REPRESENTATION_CONTEXT() REPRESENTATION_CONTEXT('2D SPACE',''
  ) );
#3327 = PCURVE('',#2953,#3328);
#3328 = DEFINITIONAL_REPRESENTATION('',(#3329),#3333);
#3329 = LINE('',#3330,#3331);
#3330 = CARTESIAN_POINT('',(6.28318530718,-0.));
#3331 = VECTOR('',#3332,1.);
#3332 = DIRECTION('',(0.,1.));
#3333 = ( GEOMETRIC_REPRESENTATION_CONTEXT(2) 
PARAMETRIC_REPRESENTATION_CONTEXT() REPRESENTATION_CONTEXT('2D SPACE',''
  ) );
#3334 = ORIENTED_EDGE('',*,*,#3077,.T.);
#3335 = ORIENTED_EDGE('',*,*,#2930,.T.);
#3336 = ORIENTED_EDGE('',*,*,#3156,.T.);
#3337 = ORIENTED_EDGE('',*,*,#3314,.T.);
#3338 = ORIENTED_EDGE('',*,*,#3339,.F.);
#3339 = EDGE_CURVE('',#3340,#3274,#3342,.T.);
#3340 = VERTEX_POINT('',#3341);
#3341 = CARTESIAN_POINT('',(-5.087544919829,-36.81475271369,90.8));
#3342 = SURFACE_CURVE('',#3343,(#3348,#3358),.PCURVE_S1.);
#3343 = ELLIPSE('',#3344,0.915848358639,0.9);
#3344 = AXIS2_PLACEMENT_3D('',#3345,#3346,#3347);
#3345 = CARTESIAN_POINT('',(-4.4,-37.4,90.8));
#3346 = DIRECTION('',(-0.63902203982,-0.750719170207,0.167545695581));
#3347 = DIRECTION('',(0.427270316701,-0.165317326353,0.88888146458));
#3348 = PCURVE('',#2953,#3349);
#3349 = DEFINITIONAL_REPRESENTATION('',(#3350),#3357);
#3350 = B_SPLINE_CURVE_WITH_KNOTS('',5,(#3351,#3352,#3353,#3354,#3355,
    #3356),.UNSPECIFIED.,.F.,.F.,(6,6),(2.011306989799,2.039340040219),
  .PIECEWISE_BEZIER_KNOTS.);
#3351 = CARTESIAN_POINT('',(6.255152256758,14.504358376263));
#3352 = CARTESIAN_POINT('',(6.260758866842,14.503498061847));
#3353 = CARTESIAN_POINT('',(6.266365476927,14.502640589675));
#3354 = CARTESIAN_POINT('',(6.271972087011,14.501786016087));
#3355 = CARTESIAN_POINT('',(6.277578697095,14.50093439705));
#3356 = CARTESIAN_POINT('',(6.283185307179,14.500085788138));
#3357 = ( GEOMETRIC_REPRESENTATION_CONTEXT(2) 
PARAMETRIC_REPRESENTATION_CONTEXT() REPRESENTATION_CONTEXT('2D SPACE',''
  ) );
#3358 = PCURVE('',#3296,#3359);
#3359 = DEFINITIONAL_REPRESENTATION('',(#3360),#3367);
#3360 = B_SPLINE_CURVE_WITH_KNOTS('',5,(#3361,#3362,#3363,#3364,#3365,
    #3366),.UNSPECIFIED.,.F.,.F.,(6,6),(2.011306989799,2.039340040219),
  .PIECEWISE_BEZIER_KNOTS.);
#3361 = CARTESIAN_POINT('',(-1.010747041619E-12,7.233535036827E-02));
#3362 = CARTESIAN_POINT('',(5.606610083088E-03,7.319566478386E-02));
#3363 = CARTESIAN_POINT('',(1.121322016717E-02,7.405313695578E-02));
#3364 = CARTESIAN_POINT('',(1.681983025132E-02,7.490771054402E-02));
#3365 = CARTESIAN_POINT('',(2.242644033538E-02,7.57593295809E-02));
#3366 = CARTESIAN_POINT('',(2.803305041948E-02,7.660793849303E-02));
#3367 = ( GEOMETRIC_REPRESENTATION_CONTEXT(2) 
PARAMETRIC_REPRESENTATION_CONTEXT() REPRESENTATION_CONTEXT('2D SPACE',''
  ) );
#3368 = ORIENTED_EDGE('',*,*,#3369,.F.);
#3369 = EDGE_CURVE('',#3188,#3340,#3370,.T.);
#3370 = SURFACE_CURVE('',#3371,(#3376,#3386),.PCURVE_S1.);
#3371 = ELLIPSE('',#3372,0.915848358639,0.9);
#3372 = AXIS2_PLACEMENT_3D('',#3373,#3374,#3375);
#3373 = CARTESIAN_POINT('',(-4.4,-37.4,90.8));
#3374 = DIRECTION('',(-0.63902203982,-0.750719170207,0.167545695581));
#3375 = DIRECTION('',(0.427270316701,-0.165317326353,0.88888146458));
#3376 = PCURVE('',#2953,#3377);
#3377 = DEFINITIONAL_REPRESENTATION('',(#3378),#3385);
#3378 = B_SPLINE_CURVE_WITH_KNOTS('',5,(#3379,#3380,#3381,#3382,#3383,
    #3384),.UNSPECIFIED.,.F.,.F.,(6,6),(1.570796342645,2.011306989799),
  .PIECEWISE_BEZIER_KNOTS.);
#3379 = CARTESIAN_POINT('',(5.814641609605,14.576693723942));
#3380 = CARTESIAN_POINT('',(5.902743739036,14.561747952395));
#3381 = CARTESIAN_POINT('',(5.990845868466,14.546802173571));
#3382 = CARTESIAN_POINT('',(6.078947997897,14.532098117591));
#3383 = CARTESIAN_POINT('',(6.167050127328,14.517877335287));
#3384 = CARTESIAN_POINT('',(6.255152256758,14.504358376263));
#3385 = ( GEOMETRIC_REPRESENTATION_CONTEXT(2) 
PARAMETRIC_REPRESENTATION_CONTEXT() REPRESENTATION_CONTEXT('2D SPACE',''
  ) );
#3386 = PCURVE('',#3296,#3387);
#3387 = DEFINITIONAL_REPRESENTATION('',(#3388),#3395);
#3388 = B_SPLINE_CURVE_WITH_KNOTS('',5,(#3389,#3390,#3391,#3392,#3393,
    #3394),.UNSPECIFIED.,.F.,.F.,(6,6),(1.570796342645,2.011306989799),
  .PIECEWISE_BEZIER_KNOTS.);
#3389 = CARTESIAN_POINT('',(5.842674660025,2.688885558655E-09));
#3390 = CARTESIAN_POINT('',(5.930776789456,1.494577423578E-02));
#3391 = CARTESIAN_POINT('',(6.018878918887,2.989155305981E-02));
#3392 = CARTESIAN_POINT('',(6.106981048317,4.459560904015E-02));
#3393 = CARTESIAN_POINT('',(6.195083177748,5.881639134369E-02));
#3394 = CARTESIAN_POINT('',(6.283185307179,7.233535036827E-02));
#3395 = ( GEOMETRIC_REPRESENTATION_CONTEXT(2) 
PARAMETRIC_REPRESENTATION_CONTEXT() REPRESENTATION_CONTEXT('2D SPACE',''
  ) );
#3396 = ADVANCED_FACE('',(#3397),#3206,.T.);
#3397 = FACE_BOUND('',#3398,.T.);
#3398 = EDGE_LOOP('',(#3399,#3400,#3423));
#3399 = ORIENTED_EDGE('',*,*,#3187,.F.);
#3400 = ORIENTED_EDGE('',*,*,#3401,.F.);
#3401 = EDGE_CURVE('',#3402,#3188,#3404,.T.);
#3402 = VERTEX_POINT('',#3403);
#3403 = CARTESIAN_POINT('',(-4.4,-37.4,91.7));
#3404 = SURFACE_CURVE('',#3405,(#3410,#3416),.PCURVE_S1.);
#3405 = CIRCLE('',#3406,0.9);
#3406 = AXIS2_PLACEMENT_3D('',#3407,#3408,#3409);
#3407 = CARTESIAN_POINT('',(-4.4,-37.4,90.8));
#3408 = DIRECTION('',(-0.707106781187,-0.707106781187,0.));
#3409 = DIRECTION('',(-0.707106781187,0.707106781187,0.));
#3410 = PCURVE('',#3206,#3411);
#3411 = DEFINITIONAL_REPRESENTATION('',(#3412),#3415);
#3412 = B_SPLINE_CURVE_WITH_KNOTS('',1,(#3413,#3414),.UNSPECIFIED.,.F.,
  .F.,(2,2),(4.712388980385,5.842674644175),.PIECEWISE_BEZIER_KNOTS.);
#3413 = CARTESIAN_POINT('',(8.639379797372,1.570796326795));
#3414 = CARTESIAN_POINT('',(8.639379797372,0.440510663005));
#3415 = ( GEOMETRIC_REPRESENTATION_CONTEXT(2) 
PARAMETRIC_REPRESENTATION_CONTEXT() REPRESENTATION_CONTEXT('2D SPACE',''
  ) );
#3416 = PCURVE('',#3296,#3417);
#3417 = DEFINITIONAL_REPRESENTATION('',(#3418),#3422);
#3418 = LINE('',#3419,#3420);
#3419 = CARTESIAN_POINT('',(0.,0.));
#3420 = VECTOR('',#3421,1.);
#3421 = DIRECTION('',(1.,0.));
#3422 = ( GEOMETRIC_REPRESENTATION_CONTEXT(2) 
PARAMETRIC_REPRESENTATION_CONTEXT() REPRESENTATION_CONTEXT('2D SPACE',''
  ) );
#3423 = ORIENTED_EDGE('',*,*,#3424,.F.);
#3424 = EDGE_CURVE('',#3190,#3402,#3425,.T.);
#3425 = SURFACE_CURVE('',#3426,(#3431,#3437),.PCURVE_S1.);
#3426 = CIRCLE('',#3427,0.9);
#3427 = AXIS2_PLACEMENT_3D('',#3428,#3429,#3430);
#3428 = CARTESIAN_POINT('',(-4.4,-37.4,90.8));
#3429 = DIRECTION('',(-0.707106781187,-0.707106781187,0.));
#3430 = DIRECTION('',(-0.707106781187,0.707106781187,0.));
#3431 = PCURVE('',#3206,#3432);
#3432 = DEFINITIONAL_REPRESENTATION('',(#3433),#3436);
#3433 = B_SPLINE_CURVE_WITH_KNOTS('',1,(#3434,#3435),.UNSPECIFIED.,.F.,
  .F.,(2,2),(2.701081990585,4.712388980385),.PIECEWISE_BEZIER_KNOTS.);
#3434 = CARTESIAN_POINT('',(5.497787143782,-0.440510663005));
#3435 = CARTESIAN_POINT('',(5.497787143782,1.570796326795));
#3436 = ( GEOMETRIC_REPRESENTATION_CONTEXT(2) 
PARAMETRIC_REPRESENTATION_CONTEXT() REPRESENTATION_CONTEXT('2D SPACE',''
  ) );
#3437 = PCURVE('',#3296,#3438);
#3438 = DEFINITIONAL_REPRESENTATION('',(#3439),#3443);
#3439 = LINE('',#3440,#3441);
#3440 = CARTESIAN_POINT('',(0.,0.));
#3441 = VECTOR('',#3442,1.);
#3442 = DIRECTION('',(1.,0.));
#3443 = ( GEOMETRIC_REPRESENTATION_CONTEXT(2) 
PARAMETRIC_REPRESENTATION_CONTEXT() REPRESENTATION_CONTEXT('2D SPACE',''
  ) );
#3444 = ADVANCED_FACE('',(#3445),#3296,.T.);
#3445 = FACE_BOUND('',#3446,.T.);
#3446 = EDGE_LOOP('',(#3447,#3478,#3502,#3543,#3565,#3586,#3587,#3588,
    #3589,#3590,#3591));
#3447 = ORIENTED_EDGE('',*,*,#3448,.F.);
#3448 = EDGE_CURVE('',#3449,#3451,#3453,.T.);
#3449 = VERTEX_POINT('',#3450);
#3450 = CARTESIAN_POINT('',(-14.,-47.,91.7));
#3451 = VERTEX_POINT('',#3452);
#3452 = CARTESIAN_POINT('',(-14.63639610306,-46.36360389693,90.8));
#3453 = SURFACE_CURVE('',#3454,(#3459,#3466),.PCURVE_S1.);
#3454 = CIRCLE('',#3455,0.9);
#3455 = AXIS2_PLACEMENT_3D('',#3456,#3457,#3458);
#3456 = CARTESIAN_POINT('',(-14.,-47.,90.8));
#3457 = DIRECTION('',(-0.707106781187,-0.707106781187,0.));
#3458 = DIRECTION('',(-0.707106781187,0.707106781187,0.));
#3459 = PCURVE('',#3296,#3460);
#3460 = DEFINITIONAL_REPRESENTATION('',(#3461),#3465);
#3461 = LINE('',#3462,#3463);
#3462 = CARTESIAN_POINT('',(0.,13.576450198782));
#3463 = VECTOR('',#3464,1.);
#3464 = DIRECTION('',(1.,0.));
#3465 = ( GEOMETRIC_REPRESENTATION_CONTEXT(2) 
PARAMETRIC_REPRESENTATION_CONTEXT() REPRESENTATION_CONTEXT('2D SPACE',''
  ) );
#3466 = PCURVE('',#3467,#3472);
#3467 = SPHERICAL_SURFACE('',#3468,0.9);
#3468 = AXIS2_PLACEMENT_3D('',#3469,#3470,#3471);
#3469 = CARTESIAN_POINT('',(-14.,-47.,90.8));
#3470 = DIRECTION('',(0.,0.,1.));
#3471 = DIRECTION('',(1.,0.,-0.));
#3472 = DEFINITIONAL_REPRESENTATION('',(#3473),#3477);
#3473 = LINE('',#3474,#3475);
#3474 = CARTESIAN_POINT('',(2.356194490192,6.28318530718));
#3475 = VECTOR('',#3476,1.);
#3476 = DIRECTION('',(0.,-1.));
#3477 = ( GEOMETRIC_REPRESENTATION_CONTEXT(2) 
PARAMETRIC_REPRESENTATION_CONTEXT() REPRESENTATION_CONTEXT('2D SPACE',''
  ) );
#3478 = ORIENTED_EDGE('',*,*,#3479,.F.);
#3479 = EDGE_CURVE('',#3480,#3449,#3482,.T.);
#3480 = VERTEX_POINT('',#3481);
#3481 = CARTESIAN_POINT('',(-13.36470588235,-47.63529411764,
    90.852941176471));
#3482 = SURFACE_CURVE('',#3483,(#3488,#3495),.PCURVE_S1.);
#3483 = CIRCLE('',#3484,0.9);
#3484 = AXIS2_PLACEMENT_3D('',#3485,#3486,#3487);
#3485 = CARTESIAN_POINT('',(-14.,-47.,90.8));
#3486 = DIRECTION('',(-0.707106781187,-0.707106781187,0.));
#3487 = DIRECTION('',(-0.707106781187,0.707106781187,0.));
#3488 = PCURVE('',#3296,#3489);
#3489 = DEFINITIONAL_REPRESENTATION('',(#3490),#3494);
#3490 = LINE('',#3491,#3492);
#3491 = CARTESIAN_POINT('',(0.,13.576450198782));
#3492 = VECTOR('',#3493,1.);
#3493 = DIRECTION('',(1.,0.));
#3494 = ( GEOMETRIC_REPRESENTATION_CONTEXT(2) 
PARAMETRIC_REPRESENTATION_CONTEXT() REPRESENTATION_CONTEXT('2D SPACE',''
  ) );
#3495 = PCURVE('',#3467,#3496);
#3496 = DEFINITIONAL_REPRESENTATION('',(#3497),#3501);
#3497 = LINE('',#3498,#3499);
#3498 = CARTESIAN_POINT('',(5.497787143782,-3.14159265359));
#3499 = VECTOR('',#3500,1.);
#3500 = DIRECTION('',(-0.,1.));
#3501 = ( GEOMETRIC_REPRESENTATION_CONTEXT(2) 
PARAMETRIC_REPRESENTATION_CONTEXT() REPRESENTATION_CONTEXT('2D SPACE',''
  ) );
#3502 = ORIENTED_EDGE('',*,*,#3503,.F.);
#3503 = EDGE_CURVE('',#3504,#3480,#3506,.T.);
#3504 = VERTEX_POINT('',#3505);
#3505 = CARTESIAN_POINT('',(-14.63529411764,-46.36470588235,
    90.747058823529));
#3506 = SURFACE_CURVE('',#3507,(#3512,#3525),.PCURVE_S1.);
#3507 = ELLIPSE('',#3508,0.949817354241,0.9);
#3508 = AXIS2_PLACEMENT_3D('',#3509,#3510,#3511);
#3509 = CARTESIAN_POINT('',(-14.,-47.,90.8));
#3510 = DIRECTION('',(-0.656725603084,-0.683313300661,-0.319052370925));
#3511 = DIRECTION('',(-0.265408338339,-0.186582520471,0.945909814409));
#3512 = PCURVE('',#3296,#3513);
#3513 = DEFINITIONAL_REPRESENTATION('',(#3514),#3524);
#3514 = B_SPLINE_CURVE_WITH_KNOTS('',8,(#3515,#3516,#3517,#3518,#3519,
    #3520,#3521,#3522,#3523),.UNSPECIFIED.,.F.,.F.,(9,9),(1.570795338546
    ,4.712389968633),.PIECEWISE_BEZIER_KNOTS.);
#3515 = CARTESIAN_POINT('',(5.885651769782E-02,13.576450498782));
#3516 = CARTESIAN_POINT('',(0.451555846459,13.457239888009));
#3517 = CARTESIAN_POINT('',(0.844255175219,13.338028273836));
#3518 = CARTESIAN_POINT('',(1.236954503982,13.246840211163));
#3519 = CARTESIAN_POINT('',(1.62965383273,13.211623566756));
#3520 = CARTESIAN_POINT('',(2.022353161506,13.246840211141));
#3521 = CARTESIAN_POINT('',(2.415052490262,13.338028273831));
#3522 = CARTESIAN_POINT('',(2.807751819024,13.457239888009));
#3523 = CARTESIAN_POINT('',(3.200451147785,13.576450498782));
#3524 = ( GEOMETRIC_REPRESENTATION_CONTEXT(2) 
PARAMETRIC_REPRESENTATION_CONTEXT() REPRESENTATION_CONTEXT('2D SPACE',''
  ) );
#3525 = PCURVE('',#3526,#3531);
#3526 = CYLINDRICAL_SURFACE('',#3527,0.9);
#3527 = AXIS2_PLACEMENT_3D('',#3528,#3529,#3530);
#3528 = CARTESIAN_POINT('',(-14.,-47.,90.8));
#3529 = DIRECTION('',(-0.537454691894,-0.587841069259,-0.604636528381));
#3530 = DIRECTION('',(0.,-0.716994918814,0.697078393292));
#3531 = DEFINITIONAL_REPRESENTATION('',(#3532),#3542);
#3532 = B_SPLINE_CURVE_WITH_KNOTS('',8,(#3533,#3534,#3535,#3536,#3537,
    #3538,#3539,#3540,#3541),.UNSPECIFIED.,.F.,.F.,(9,9),(1.570795338546
    ,4.712389968633),.PIECEWISE_BEZIER_KNOTS.);
#3533 = CARTESIAN_POINT('',(2.149713467714,-2.999999964004E-07));
#3534 = CARTESIAN_POINT('',(2.542412796475,0.119210310773));
#3535 = CARTESIAN_POINT('',(2.935112125235,0.238421924951));
#3536 = CARTESIAN_POINT('',(3.32781145399,0.329609987599));
#3537 = CARTESIAN_POINT('',(3.72051078275,0.364826632043));
#3538 = CARTESIAN_POINT('',(4.113210111513,0.329609987599));
#3539 = CARTESIAN_POINT('',(4.505909440281,0.238421924951));
#3540 = CARTESIAN_POINT('',(4.89860876904,0.119210310773));
#3541 = CARTESIAN_POINT('',(5.291308097801,-2.99999790343E-07));
#3542 = ( GEOMETRIC_REPRESENTATION_CONTEXT(2) 
PARAMETRIC_REPRESENTATION_CONTEXT() REPRESENTATION_CONTEXT('2D SPACE',''
  ) );
#3543 = ORIENTED_EDGE('',*,*,#3544,.F.);
#3544 = EDGE_CURVE('',#3451,#3504,#3545,.T.);
#3545 = SURFACE_CURVE('',#3546,(#3551,#3558),.PCURVE_S1.);
#3546 = CIRCLE('',#3547,0.9);
#3547 = AXIS2_PLACEMENT_3D('',#3548,#3549,#3550);
#3548 = CARTESIAN_POINT('',(-14.,-47.,90.8));
#3549 = DIRECTION('',(-0.707106781187,-0.707106781187,0.));
#3550 = DIRECTION('',(-0.707106781187,0.707106781187,0.));
#3551 = PCURVE('',#3296,#3552);
#3552 = DEFINITIONAL_REPRESENTATION('',(#3553),#3557);
#3553 = LINE('',#3554,#3555);
#3554 = CARTESIAN_POINT('',(0.,13.576450198782));
#3555 = VECTOR('',#3556,1.);
#3556 = DIRECTION('',(1.,0.));
#3557 = ( GEOMETRIC_REPRESENTATION_CONTEXT(2) 
PARAMETRIC_REPRESENTATION_CONTEXT() REPRESENTATION_CONTEXT('2D SPACE',''
  ) );
#3558 = PCURVE('',#3467,#3559);
#3559 = DEFINITIONAL_REPRESENTATION('',(#3560),#3564);
#3560 = LINE('',#3561,#3562);
#3561 = CARTESIAN_POINT('',(2.356194490192,0.));
#3562 = VECTOR('',#3563,1.);
#3563 = DIRECTION('',(0.,-1.));
#3564 = ( GEOMETRIC_REPRESENTATION_CONTEXT(2) 
PARAMETRIC_REPRESENTATION_CONTEXT() REPRESENTATION_CONTEXT('2D SPACE',''
  ) );
#3565 = ORIENTED_EDGE('',*,*,#3566,.F.);
#3566 = EDGE_CURVE('',#3340,#3451,#3567,.T.);
#3567 = SEAM_CURVE('',#3568,(#3572,#3579),.PCURVE_S1.);
#3568 = LINE('',#3569,#3570);
#3569 = CARTESIAN_POINT('',(-5.036396103068,-36.76360389693,90.8));
#3570 = VECTOR('',#3571,1.);
#3571 = DIRECTION('',(-0.707106781187,-0.707106781187,0.));
#3572 = PCURVE('',#3296,#3573);
#3573 = DEFINITIONAL_REPRESENTATION('',(#3574),#3578);
#3574 = LINE('',#3575,#3576);
#3575 = CARTESIAN_POINT('',(6.28318530718,-0.));
#3576 = VECTOR('',#3577,1.);
#3577 = DIRECTION('',(0.,1.));
#3578 = ( GEOMETRIC_REPRESENTATION_CONTEXT(2) 
PARAMETRIC_REPRESENTATION_CONTEXT() REPRESENTATION_CONTEXT('2D SPACE',''
  ) );
#3579 = PCURVE('',#3296,#3580);
#3580 = DEFINITIONAL_REPRESENTATION('',(#3581),#3585);
#3581 = LINE('',#3582,#3583);
#3582 = CARTESIAN_POINT('',(0.,-0.));
#3583 = VECTOR('',#3584,1.);
#3584 = DIRECTION('',(0.,1.));
#3585 = ( GEOMETRIC_REPRESENTATION_CONTEXT(2) 
PARAMETRIC_REPRESENTATION_CONTEXT() REPRESENTATION_CONTEXT('2D SPACE',''
  ) );
#3586 = ORIENTED_EDGE('',*,*,#3339,.T.);
#3587 = ORIENTED_EDGE('',*,*,#3273,.T.);
#3588 = ORIENTED_EDGE('',*,*,#3424,.T.);
#3589 = ORIENTED_EDGE('',*,*,#3401,.T.);
#3590 = ORIENTED_EDGE('',*,*,#3369,.T.);
#3591 = ORIENTED_EDGE('',*,*,#3566,.T.);
#3592 = ADVANCED_FACE('',(#3593),#3467,.T.);
#3593 = FACE_BOUND('',#3594,.T.);
#3594 = EDGE_LOOP('',(#3595,#3596,#3597,#3598,#3649));
#3595 = ORIENTED_EDGE('',*,*,#3479,.T.);
#3596 = ORIENTED_EDGE('',*,*,#3448,.T.);
#3597 = ORIENTED_EDGE('',*,*,#3544,.T.);
#3598 = ORIENTED_EDGE('',*,*,#3599,.F.);
#3599 = EDGE_CURVE('',#3600,#3504,#3602,.T.);
#3600 = VERTEX_POINT('',#3601);
#3601 = CARTESIAN_POINT('',(-14.,-47.64529542693,91.427370553963));
#3602 = SURFACE_CURVE('',#3603,(#3608,#3642),.PCURVE_S1.);
#3603 = CIRCLE('',#3604,0.9);
#3604 = AXIS2_PLACEMENT_3D('',#3605,#3606,#3607);
#3605 = CARTESIAN_POINT('',(-14.,-47.,90.8));
#3606 = DIRECTION('',(-0.537454691894,-0.587841069259,-0.604636528381));
#3607 = DIRECTION('',(-2.775557561563E-17,-0.716994918814,0.697078393292
    ));
#3608 = PCURVE('',#3467,#3609);
#3609 = DEFINITIONAL_REPRESENTATION('',(#3610),#3641);
#3610 = B_SPLINE_CURVE_WITH_KNOTS('',8,(#3611,#3612,#3613,#3614,#3615,
    #3616,#3617,#3618,#3619,#3620,#3621,#3622,#3623,#3624,#3625,#3626,
    #3627,#3628,#3629,#3630,#3631,#3632,#3633,#3634,#3635,#3636,#3637,
    #3638,#3639,#3640),.UNSPECIFIED.,.F.,.F.,(9,7,7,7,9),(0.,
    0.537428613991,0.940500074484,1.545107265223,2.149714455963),
  .UNSPECIFIED.);
#3611 = CARTESIAN_POINT('',(4.712388980385,0.771314587575));
#3612 = CARTESIAN_POINT('',(4.633376986081,0.807420028843));
#3613 = CARTESIAN_POINT('',(4.548027248175,0.83995965266));
#3614 = CARTESIAN_POINT('',(4.455850793771,0.868255131645));
#3615 = CARTESIAN_POINT('',(4.35676319246,0.891534448731));
#3616 = CARTESIAN_POINT('',(4.25110375262,0.908958393909));
#3617 = CARTESIAN_POINT('',(4.140894923915,0.919755683275));
#3618 = CARTESIAN_POINT('',(4.029037225527,0.923661344021));
#3619 = CARTESIAN_POINT('',(3.834956305383,0.918644411923));
#3620 = CARTESIAN_POINT('',(3.752317239061,0.912685054793));
#3621 = CARTESIAN_POINT('',(3.671315446381,0.902967094325));
#3622 = CARTESIAN_POINT('',(3.593000784127,0.889670209653));
#3623 = CARTESIAN_POINT('',(3.518081490497,0.873084449881));
#3624 = CARTESIAN_POINT('',(3.446894139208,0.853547681735));
#3625 = CARTESIAN_POINT('',(3.3795088341,0.831387069993));
#3626 = CARTESIAN_POINT('',(3.220342394054,0.770200661742));
#3627 = CARTESIAN_POINT('',(3.133208273217,0.728281559871));
#3628 = CARTESIAN_POINT('',(3.054152972985,0.682201135543));
#3629 = CARTESIAN_POINT('',(2.982045409311,0.632882628797));
#3630 = CARTESIAN_POINT('',(2.915712918266,0.581022694624));
#3631 = CARTESIAN_POINT('',(2.854151351708,0.527141143135));
#3632 = CARTESIAN_POINT('',(2.79647115643,0.47166592944));
#3633 = CARTESIAN_POINT('',(2.687344655988,0.358204094787));
#3634 = CARTESIAN_POINT('',(2.635898369662,0.300218132361));
#3635 = CARTESIAN_POINT('',(2.586801415867,0.241317196476));
#3636 = CARTESIAN_POINT('',(2.539406929846,0.181765492825));
#3637 = CARTESIAN_POINT('',(2.493153835333,0.121780367443));
#3638 = CARTESIAN_POINT('',(2.447532225901,6.155553927356E-02));
#3639 = CARTESIAN_POINT('',(2.402049105788,1.278558983671E-03));
#3640 = CARTESIAN_POINT('',(2.356194490192,-5.885750594706E-02));
#3641 = ( GEOMETRIC_REPRESENTATION_CONTEXT(2) 
PARAMETRIC_REPRESENTATION_CONTEXT() REPRESENTATION_CONTEXT('2D SPACE',''
  ) );
#3642 = PCURVE('',#3526,#3643);
#3643 = DEFINITIONAL_REPRESENTATION('',(#3644),#3648);
#3644 = LINE('',#3645,#3646);
#3645 = CARTESIAN_POINT('',(0.,0.));
#3646 = VECTOR('',#3647,1.);
#3647 = DIRECTION('',(1.,0.));
#3648 = ( GEOMETRIC_REPRESENTATION_CONTEXT(2) 
PARAMETRIC_REPRESENTATION_CONTEXT() REPRESENTATION_CONTEXT('2D SPACE',''
  ) );
#3649 = ORIENTED_EDGE('',*,*,#3650,.F.);
#3650 = EDGE_CURVE('',#3480,#3600,#3651,.T.);
#3651 = SURFACE_CURVE('',#3652,(#3657,#3675),.PCURVE_S1.);
#3652 = CIRCLE('',#3653,0.9);
#3653 = AXIS2_PLACEMENT_3D('',#3654,#3655,#3656);
#3654 = CARTESIAN_POINT('',(-14.,-47.,90.8));
#3655 = DIRECTION('',(-0.537454691894,-0.587841069259,-0.604636528381));
#3656 = DIRECTION('',(-2.775557561563E-17,-0.716994918814,0.697078393292
    ));
#3657 = PCURVE('',#3467,#3658);
#3658 = DEFINITIONAL_REPRESENTATION('',(#3659),#3674);
#3659 = B_SPLINE_CURVE_WITH_KNOTS('',7,(#3660,#3661,#3662,#3663,#3664,
    #3665,#3666,#3667,#3668,#3669,#3670,#3671,#3672,#3673),
  .UNSPECIFIED.,.F.,.F.,(8,6,8),(5.291307109553,5.787246208366,
    6.28318530718),.UNSPECIFIED.);
#3660 = CARTESIAN_POINT('',(5.497787143782,5.885750594706E-02));
#3661 = CARTESIAN_POINT('',(5.454800845839,0.11523191386));
#3662 = CARTESIAN_POINT('',(5.411481231064,0.171480394651));
#3663 = CARTESIAN_POINT('',(5.367378603899,0.227429133166));
#3664 = CARTESIAN_POINT('',(5.322028249934,0.282902079004));
#3665 = CARTESIAN_POINT('',(5.274916595036,0.337697798967));
#3666 = CARTESIAN_POINT('',(5.225447364475,0.391566329502));
#3667 = CARTESIAN_POINT('',(5.120368119642,0.496805728802));
#3668 = CARTESIAN_POINT('',(5.064758421483,0.548175684211));
#3669 = CARTESIAN_POINT('',(5.005369104328,0.59797201026));
#3670 = CARTESIAN_POINT('',(4.941375444939,0.645786899185));
#3671 = CARTESIAN_POINT('',(4.871847640787,0.691109959827));
#3672 = CARTESIAN_POINT('',(4.795717282664,0.733236759639));
#3673 = CARTESIAN_POINT('',(4.712388980385,0.771314587575));
#3674 = ( GEOMETRIC_REPRESENTATION_CONTEXT(2) 
PARAMETRIC_REPRESENTATION_CONTEXT() REPRESENTATION_CONTEXT('2D SPACE',''
  ) );
#3675 = PCURVE('',#3526,#3676);
#3676 = DEFINITIONAL_REPRESENTATION('',(#3677),#3681);
#3677 = LINE('',#3678,#3679);
#3678 = CARTESIAN_POINT('',(0.,0.));
#3679 = VECTOR('',#3680,1.);
#3680 = DIRECTION('',(1.,0.));
#3681 = ( GEOMETRIC_REPRESENTATION_CONTEXT(2) 
PARAMETRIC_REPRESENTATION_CONTEXT() REPRESENTATION_CONTEXT('2D SPACE',''
  ) );
#3682 = ADVANCED_FACE('',(#3683),#3526,.T.);
#3683 = FACE_BOUND('',#3684,.T.);
#3684 = EDGE_LOOP('',(#3685,#3757,#3794,#3815,#3816,#3817,#3818,#3819));
#3685 = ORIENTED_EDGE('',*,*,#3686,.F.);
#3686 = EDGE_CURVE('',#3687,#3689,#3691,.T.);
#3687 = VERTEX_POINT('',#3688);
#3688 = CARTESIAN_POINT('',(-17.87266838681,-50.5,87.797927454947));
#3689 = VERTEX_POINT('',#3690);
#3690 = CARTESIAN_POINT('',(-16.52733161318,-50.5,86.602072545053));
#3691 = SURFACE_CURVE('',#3692,(#3697,#3704),.PCURVE_S1.);
#3692 = CIRCLE('',#3693,0.9);
#3693 = AXIS2_PLACEMENT_3D('',#3694,#3695,#3696);
#3694 = CARTESIAN_POINT('',(-17.2,-50.5,87.2));
#3695 = DIRECTION('',(-0.537454691894,-0.587841069259,-0.604636528381));
#3696 = DIRECTION('',(-2.775557561563E-17,-0.716994918814,0.697078393292
    ));
#3697 = PCURVE('',#3526,#3698);
#3698 = DEFINITIONAL_REPRESENTATION('',(#3699),#3703);
#3699 = LINE('',#3700,#3701);
#3700 = CARTESIAN_POINT('',(0.,5.953990258642));
#3701 = VECTOR('',#3702,1.);
#3702 = DIRECTION('',(1.,0.));
#3703 = ( GEOMETRIC_REPRESENTATION_CONTEXT(2) 
PARAMETRIC_REPRESENTATION_CONTEXT() REPRESENTATION_CONTEXT('2D SPACE',''
  ) );
#3704 = PCURVE('',#3705,#3710);
#3705 = SPHERICAL_SURFACE('',#3706,0.9);
#3706 = AXIS2_PLACEMENT_3D('',#3707,#3708,#3709);
#3707 = CARTESIAN_POINT('',(-17.2,-50.5,87.2));
#3708 = DIRECTION('',(0.,0.,1.));
#3709 = DIRECTION('',(1.,0.,-0.));
#3710 = DEFINITIONAL_REPRESENTATION('',(#3711),#3756);
#3711 = B_SPLINE_CURVE_WITH_KNOTS('',8,(#3712,#3713,#3714,#3715,#3716,
    #3717,#3718,#3719,#3720,#3721,#3722,#3723,#3724,#3725,#3726,#3727,
    #3728,#3729,#3730,#3731,#3732,#3733,#3734,#3735,#3736,#3737,#3738,
    #3739,#3740,#3741,#3742,#3743,#3744,#3745,#3746,#3747,#3748,#3749,
    #3750,#3751,#3752,#3753,#3754,#3755),.UNSPECIFIED.,.F.,.F.,(9,7,7,7,
    7,7,9),(1.089291216328,1.874689379725,2.463738002273,2.905524469184,
    3.568204169551,3.899544019734,4.230883869917),.UNSPECIFIED.);
#3712 = CARTESIAN_POINT('',(3.14159265359,0.726642340682));
#3713 = CARTESIAN_POINT('',(3.035330831456,0.668931178661));
#3714 = CARTESIAN_POINT('',(2.941529008399,0.604811895274));
#3715 = CARTESIAN_POINT('',(2.858163318679,0.536156788997));
#3716 = CARTESIAN_POINT('',(2.782507722426,0.464317687118));
#3717 = CARTESIAN_POINT('',(2.712702510809,0.390149650083));
#3718 = CARTESIAN_POINT('',(2.647127993062,0.314334641748));
#3719 = CARTESIAN_POINT('',(2.584485678752,0.237391246364));
#3720 = CARTESIAN_POINT('',(2.477907689172,0.10157549556));
#3721 = CARTESIAN_POINT('',(2.433210870018,4.299393646835E-02));
#3722 = CARTESIAN_POINT('',(2.388992203184,-1.576734211544E-02));
#3723 = CARTESIAN_POINT('',(2.344791048291,-7.453446296217E-02));
#3724 = CARTESIAN_POINT('',(2.300157685388,-0.133139305592));
#3725 = CARTESIAN_POINT('',(2.254623565983,-0.191404051002));
#3726 = CARTESIAN_POINT('',(2.207671564068,-0.249125726385));
#3727 = CARTESIAN_POINT('',(2.121982224465,-0.348762017468));
#3728 = CARTESIAN_POINT('',(2.084125978417,-0.391020487322));
#3729 = CARTESIAN_POINT('',(2.044884216552,-0.432732358342));
#3730 = CARTESIAN_POINT('',(2.003983120865,-0.473779739815));
#3731 = CARTESIAN_POINT('',(1.961113100531,-0.514024934238));
#3732 = CARTESIAN_POINT('',(1.915924057846,-0.553303245763));
#3733 = CARTESIAN_POINT('',(1.868031147354,-0.591414314269));
#3734 = CARTESIAN_POINT('',(1.74053084944,-0.683158466178));
#3735 = CARTESIAN_POINT('',(1.657041132965,-0.735023912918));
#3736 = CARTESIAN_POINT('',(1.56520562146,-0.7828872031));
#3737 = CARTESIAN_POINT('',(1.463613202301,-0.825654511049));
#3738 = CARTESIAN_POINT('',(1.351099946814,-0.86207715136));
#3739 = CARTESIAN_POINT('',(1.227000855312,-0.890317606713));
#3740 = CARTESIAN_POINT('',(1.094887302753,-0.908952748841));
#3741 = CARTESIAN_POINT('',(0.891551596585,-0.921702378406));
#3742 = CARTESIAN_POINT('',(0.822913147518,-0.923418128647));
#3743 = CARTESIAN_POINT('',(0.753988895456,-0.922532804281));
#3744 = CARTESIAN_POINT('',(0.685433390566,-0.919031509349));
#3745 = CARTESIAN_POINT('',(0.617898560663,-0.912966334123));
#3746 = CARTESIAN_POINT('',(0.551935123594,-0.904447186591));
#3747 = CARTESIAN_POINT('',(0.487932030734,-0.893621186572));
#3748 = CARTESIAN_POINT('',(0.364362899569,-0.867685388416));
#3749 = CARTESIAN_POINT('',(0.30479585728,-0.852575591976));
#3750 = CARTESIAN_POINT('',(0.247706546585,-0.835489151317));
#3751 = CARTESIAN_POINT('',(0.19320617764,-0.816609730227));
#3752 = CARTESIAN_POINT('',(0.141291134225,-0.796121152074));
#3753 = CARTESIAN_POINT('',(9.187653813489E-02,-0.774195738395));
#3754 = CARTESIAN_POINT('',(4.482920621253E-02,-0.750989237159));
#3755 = CARTESIAN_POINT('',(-1.06581410364E-14,-0.726642340682));
#3756 = ( GEOMETRIC_REPRESENTATION_CONTEXT(2) 
PARAMETRIC_REPRESENTATION_CONTEXT() REPRESENTATION_CONTEXT('2D SPACE',''
  ) );
#3757 = ORIENTED_EDGE('',*,*,#3758,.F.);
#3758 = EDGE_CURVE('',#3759,#3687,#3761,.T.);
#3759 = VERTEX_POINT('',#3760);
#3760 = CARTESIAN_POINT('',(-16.9815794908,-50.906397995,88.073093626804
    ));
#3761 = SURFACE_CURVE('',#3762,(#3767,#3778),.PCURVE_S1.);
#3762 = ELLIPSE('',#3763,1.010075859935,0.9);
#3763 = AXIS2_PLACEMENT_3D('',#3764,#3765,#3766);
#3764 = CARTESIAN_POINT('',(-17.2,-50.5,87.2));
#3765 = DIRECTION('',(-0.301594450051,-0.891022185262,-0.339293756307));
#3766 = DIRECTION('',(-0.591962919484,0.453959761841,-0.665958284419));
#3767 = PCURVE('',#3526,#3768);
#3768 = DEFINITIONAL_REPRESENTATION('',(#3769),#3777);
#3769 = B_SPLINE_CURVE_WITH_KNOTS('',6,(#3770,#3771,#3772,#3773,#3774,
    #3775,#3776),.UNSPECIFIED.,.F.,.F.,(7,7),(3.623097764057,
    4.712388977499),.PIECEWISE_BEZIER_KNOTS.);
#3770 = CARTESIAN_POINT('',(-1.740829702612E-13,5.547592263637));
#3771 = CARTESIAN_POINT('',(0.181548535574,5.586144689343));
#3772 = CARTESIAN_POINT('',(0.363097071147,5.640770120063));
#3773 = CARTESIAN_POINT('',(0.544645606721,5.709186988326));
#3774 = CARTESIAN_POINT('',(0.726194142295,5.787498812861));
#3775 = CARTESIAN_POINT('',(0.907742677868,5.870744117995));
#3776 = CARTESIAN_POINT('',(1.089291213442,5.953990257319));
#3777 = ( GEOMETRIC_REPRESENTATION_CONTEXT(2) 
PARAMETRIC_REPRESENTATION_CONTEXT() REPRESENTATION_CONTEXT('2D SPACE',''
  ) );
#3778 = PCURVE('',#3779,#3784);
#3779 = CYLINDRICAL_SURFACE('',#3780,0.9);
#3780 = AXIS2_PLACEMENT_3D('',#3781,#3782,#3783);
#3781 = CARTESIAN_POINT('',(-17.2,-50.5,87.2));
#3782 = DIRECTION('',(0.,-1.,0.));
#3783 = DIRECTION('',(0.,-0.,-1.));
#3784 = DEFINITIONAL_REPRESENTATION('',(#3785),#3793);
#3785 = B_SPLINE_CURVE_WITH_KNOTS('',6,(#3786,#3787,#3788,#3789,#3790,
    #3791,#3792),.UNSPECIFIED.,.F.,.F.,(7,7),(3.623097764057,
    4.712388977499),.PIECEWISE_BEZIER_KNOTS.);
#3786 = CARTESIAN_POINT('',(2.896455423375,0.406397995005));
#3787 = CARTESIAN_POINT('',(3.078003958949,0.367845569299));
#3788 = CARTESIAN_POINT('',(3.259552494523,0.313220138579));
#3789 = CARTESIAN_POINT('',(3.441101030096,0.244803270315));
#3790 = CARTESIAN_POINT('',(3.62264956567,0.16649144578));
#3791 = CARTESIAN_POINT('',(3.804198101244,8.324614064633E-02));
#3792 = CARTESIAN_POINT('',(3.985746636817,1.323165577105E-09));
#3793 = ( GEOMETRIC_REPRESENTATION_CONTEXT(2) 
PARAMETRIC_REPRESENTATION_CONTEXT() REPRESENTATION_CONTEXT('2D SPACE',''
  ) );
#3794 = ORIENTED_EDGE('',*,*,#3795,.F.);
#3795 = EDGE_CURVE('',#3600,#3759,#3796,.T.);
#3796 = SEAM_CURVE('',#3797,(#3801,#3808),.PCURVE_S1.);
#3797 = LINE('',#3798,#3799);
#3798 = CARTESIAN_POINT('',(-14.,-47.64529542693,91.427370553963));
#3799 = VECTOR('',#3800,1.);
#3800 = DIRECTION('',(-0.537454691894,-0.587841069259,-0.604636528381));
#3801 = PCURVE('',#3526,#3802);
#3802 = DEFINITIONAL_REPRESENTATION('',(#3803),#3807);
#3803 = LINE('',#3804,#3805);
#3804 = CARTESIAN_POINT('',(6.28318530718,-0.));
#3805 = VECTOR('',#3806,1.);
#3806 = DIRECTION('',(0.,1.));
#3807 = ( GEOMETRIC_REPRESENTATION_CONTEXT(2) 
PARAMETRIC_REPRESENTATION_CONTEXT() REPRESENTATION_CONTEXT('2D SPACE',''
  ) );
#3808 = PCURVE('',#3526,#3809);
#3809 = DEFINITIONAL_REPRESENTATION('',(#3810),#3814);
#3810 = LINE('',#3811,#3812);
#3811 = CARTESIAN_POINT('',(0.,-0.));
#3812 = VECTOR('',#3813,1.);
#3813 = DIRECTION('',(0.,1.));
#3814 = ( GEOMETRIC_REPRESENTATION_CONTEXT(2) 
PARAMETRIC_REPRESENTATION_CONTEXT() REPRESENTATION_CONTEXT('2D SPACE',''
  ) );
#3815 = ORIENTED_EDGE('',*,*,#3599,.T.);
#3816 = ORIENTED_EDGE('',*,*,#3503,.T.);
#3817 = ORIENTED_EDGE('',*,*,#3650,.T.);
#3818 = ORIENTED_EDGE('',*,*,#3795,.T.);
#3819 = ORIENTED_EDGE('',*,*,#3820,.F.);
#3820 = EDGE_CURVE('',#3689,#3759,#3821,.T.);
#3821 = SURFACE_CURVE('',#3822,(#3827,#3840),.PCURVE_S1.);
#3822 = ELLIPSE('',#3823,1.010075859935,0.9);
#3823 = AXIS2_PLACEMENT_3D('',#3824,#3825,#3826);
#3824 = CARTESIAN_POINT('',(-17.2,-50.5,87.2));
#3825 = DIRECTION('',(-0.301594450051,-0.891022185262,-0.339293756307));
#3826 = DIRECTION('',(-0.591962919484,0.453959761841,-0.665958284419));
#3827 = PCURVE('',#3526,#3828);
#3828 = DEFINITIONAL_REPRESENTATION('',(#3829),#3839);
#3829 = B_SPLINE_CURVE_WITH_KNOTS('',8,(#3830,#3831,#3832,#3833,#3834,
    #3835,#3836,#3837,#3838),.UNSPECIFIED.,.F.,.F.,(9,9),(1.570795672536
    ,3.623097764057),.PIECEWISE_BEZIER_KNOTS.);
#3830 = CARTESIAN_POINT('',(4.230883215658,5.953990558642));
#3831 = CARTESIAN_POINT('',(4.487420977098,5.836359324862));
#3832 = CARTESIAN_POINT('',(4.743958738539,5.718727887513));
#3833 = CARTESIAN_POINT('',(5.000496499964,5.612894506987));
#3834 = CARTESIAN_POINT('',(5.257034261427,5.530648185133));
#3835 = CARTESIAN_POINT('',(5.51357202285,5.481324277094));
#3836 = CARTESIAN_POINT('',(5.770109784303,5.46920566951));
#3837 = CARTESIAN_POINT('',(6.026647545739,5.493115630392));
#3838 = CARTESIAN_POINT('',(6.283185307179,5.547592263637));
#3839 = ( GEOMETRIC_REPRESENTATION_CONTEXT(2) 
PARAMETRIC_REPRESENTATION_CONTEXT() REPRESENTATION_CONTEXT('2D SPACE',''
  ) );
#3840 = PCURVE('',#3779,#3841);
#3841 = DEFINITIONAL_REPRESENTATION('',(#3842),#3852);
#3842 = B_SPLINE_CURVE_WITH_KNOTS('',8,(#3843,#3844,#3845,#3846,#3847,
    #3848,#3849,#3850,#3851),.UNSPECIFIED.,.F.,.F.,(9,9),(1.570795672536
    ,3.623097764057),.PIECEWISE_BEZIER_KNOTS.);
#3843 = CARTESIAN_POINT('',(0.844153331854,-2.999999964004E-07));
#3844 = CARTESIAN_POINT('',(1.100691093294,0.11763093378));
#3845 = CARTESIAN_POINT('',(1.357228854733,0.235262371128));
#3846 = CARTESIAN_POINT('',(1.613766616172,0.341095751647));
#3847 = CARTESIAN_POINT('',(1.870304377611,0.423342073506));
#3848 = CARTESIAN_POINT('',(2.126842139053,0.472665981537));
#3849 = CARTESIAN_POINT('',(2.383379900494,0.48478458913));
#3850 = CARTESIAN_POINT('',(2.639917661935,0.46087462825));
#3851 = CARTESIAN_POINT('',(2.896455423375,0.406397995005));
#3852 = ( GEOMETRIC_REPRESENTATION_CONTEXT(2) 
PARAMETRIC_REPRESENTATION_CONTEXT() REPRESENTATION_CONTEXT('2D SPACE',''
  ) );
#3853 = ADVANCED_FACE('',(#3854),#3705,.T.);
#3854 = FACE_BOUND('',#3855,.T.);
#3855 = EDGE_LOOP('',(#3856,#3857,#3880));
#3856 = ORIENTED_EDGE('',*,*,#3686,.T.);
#3857 = ORIENTED_EDGE('',*,*,#3858,.F.);
#3858 = EDGE_CURVE('',#3859,#3689,#3861,.T.);
#3859 = VERTEX_POINT('',#3860);
#3860 = CARTESIAN_POINT('',(-17.2,-50.5,86.3));
#3861 = SURFACE_CURVE('',#3862,(#3867,#3873),.PCURVE_S1.);
#3862 = CIRCLE('',#3863,0.9);
#3863 = AXIS2_PLACEMENT_3D('',#3864,#3865,#3866);
#3864 = CARTESIAN_POINT('',(-17.2,-50.5,87.2));
#3865 = DIRECTION('',(0.,-1.,0.));
#3866 = DIRECTION('',(0.,-0.,-1.));
#3867 = PCURVE('',#3705,#3868);
#3868 = DEFINITIONAL_REPRESENTATION('',(#3869),#3872);
#3869 = B_SPLINE_CURVE_WITH_KNOTS('',1,(#3870,#3871),.UNSPECIFIED.,.F.,
  .F.,(2,2),(0.,0.844153986113),.PIECEWISE_BEZIER_KNOTS.);
#3870 = CARTESIAN_POINT('',(0.,-1.570796326795));
#3871 = CARTESIAN_POINT('',(0.,-0.726642340682));
#3872 = ( GEOMETRIC_REPRESENTATION_CONTEXT(2) 
PARAMETRIC_REPRESENTATION_CONTEXT() REPRESENTATION_CONTEXT('2D SPACE',''
  ) );
#3873 = PCURVE('',#3779,#3874);
#3874 = DEFINITIONAL_REPRESENTATION('',(#3875),#3879);
#3875 = LINE('',#3876,#3877);
#3876 = CARTESIAN_POINT('',(0.,0.));
#3877 = VECTOR('',#3878,1.);
#3878 = DIRECTION('',(1.,0.));
#3879 = ( GEOMETRIC_REPRESENTATION_CONTEXT(2) 
PARAMETRIC_REPRESENTATION_CONTEXT() REPRESENTATION_CONTEXT('2D SPACE',''
  ) );
#3880 = ORIENTED_EDGE('',*,*,#3881,.F.);
#3881 = EDGE_CURVE('',#3687,#3859,#3882,.T.);
#3882 = SURFACE_CURVE('',#3883,(#3888,#3895),.PCURVE_S1.);
#3883 = CIRCLE('',#3884,0.9);
#3884 = AXIS2_PLACEMENT_3D('',#3885,#3886,#3887);
#3885 = CARTESIAN_POINT('',(-17.2,-50.5,87.2));
#3886 = DIRECTION('',(0.,-1.,0.));
#3887 = DIRECTION('',(0.,-0.,-1.));
#3888 = PCURVE('',#3705,#3889);
#3889 = DEFINITIONAL_REPRESENTATION('',(#3890),#3894);
#3890 = LINE('',#3891,#3892);
#3891 = CARTESIAN_POINT('',(3.14159265359,4.712388980385));
#3892 = VECTOR('',#3893,1.);
#3893 = DIRECTION('',(0.,-1.));
#3894 = ( GEOMETRIC_REPRESENTATION_CONTEXT(2) 
PARAMETRIC_REPRESENTATION_CONTEXT() REPRESENTATION_CONTEXT('2D SPACE',''
  ) );
#3895 = PCURVE('',#3779,#3896);
#3896 = DEFINITIONAL_REPRESENTATION('',(#3897),#3901);
#3897 = LINE('',#3898,#3899);
#3898 = CARTESIAN_POINT('',(0.,0.));
#3899 = VECTOR('',#3900,1.);
#3900 = DIRECTION('',(1.,0.));
#3901 = ( GEOMETRIC_REPRESENTATION_CONTEXT(2) 
PARAMETRIC_REPRESENTATION_CONTEXT() REPRESENTATION_CONTEXT('2D SPACE',''
  ) );
#3902 = ADVANCED_FACE('',(#3903),#3779,.T.);
#3903 = FACE_BOUND('',#3904,.T.);
#3904 = EDGE_LOOP('',(#3905,#3928,#3957,#3998,#4019,#4020,#4021,#4022,
    #4023));
#3905 = ORIENTED_EDGE('',*,*,#3906,.T.);
#3906 = EDGE_CURVE('',#3859,#3907,#3909,.T.);
#3907 = VERTEX_POINT('',#3908);
#3908 = CARTESIAN_POINT('',(-17.2,-59.5,86.3));
#3909 = SEAM_CURVE('',#3910,(#3914,#3921),.PCURVE_S1.);
#3910 = LINE('',#3911,#3912);
#3911 = CARTESIAN_POINT('',(-17.2,-50.5,86.3));
#3912 = VECTOR('',#3913,1.);
#3913 = DIRECTION('',(0.,-1.,0.));
#3914 = PCURVE('',#3779,#3915);
#3915 = DEFINITIONAL_REPRESENTATION('',(#3916),#3920);
#3916 = LINE('',#3917,#3918);
#3917 = CARTESIAN_POINT('',(6.28318530718,-0.));
#3918 = VECTOR('',#3919,1.);
#3919 = DIRECTION('',(0.,1.));
#3920 = ( GEOMETRIC_REPRESENTATION_CONTEXT(2) 
PARAMETRIC_REPRESENTATION_CONTEXT() REPRESENTATION_CONTEXT('2D SPACE',''
  ) );
#3921 = PCURVE('',#3779,#3922);
#3922 = DEFINITIONAL_REPRESENTATION('',(#3923),#3927);
#3923 = LINE('',#3924,#3925);
#3924 = CARTESIAN_POINT('',(0.,-0.));
#3925 = VECTOR('',#3926,1.);
#3926 = DIRECTION('',(0.,1.));
#3927 = ( GEOMETRIC_REPRESENTATION_CONTEXT(2) 
PARAMETRIC_REPRESENTATION_CONTEXT() REPRESENTATION_CONTEXT('2D SPACE',''
  ) );
#3928 = ORIENTED_EDGE('',*,*,#3929,.F.);
#3929 = EDGE_CURVE('',#3930,#3907,#3932,.T.);
#3930 = VERTEX_POINT('',#3931);
#3931 = CARTESIAN_POINT('',(-18.1,-59.5,87.2));
#3932 = SURFACE_CURVE('',#3933,(#3938,#3945),.PCURVE_S1.);
#3933 = CIRCLE('',#3934,0.9);
#3934 = AXIS2_PLACEMENT_3D('',#3935,#3936,#3937);
#3935 = CARTESIAN_POINT('',(-17.2,-59.5,87.2));
#3936 = DIRECTION('',(0.,-1.,0.));
#3937 = DIRECTION('',(0.,-0.,-1.));
#3938 = PCURVE('',#3779,#3939);
#3939 = DEFINITIONAL_REPRESENTATION('',(#3940),#3944);
#3940 = LINE('',#3941,#3942);
#3941 = CARTESIAN_POINT('',(0.,9.));
#3942 = VECTOR('',#3943,1.);
#3943 = DIRECTION('',(1.,0.));
#3944 = ( GEOMETRIC_REPRESENTATION_CONTEXT(2) 
PARAMETRIC_REPRESENTATION_CONTEXT() REPRESENTATION_CONTEXT('2D SPACE',''
  ) );
#3945 = PCURVE('',#3946,#3951);
#3946 = SPHERICAL_SURFACE('',#3947,0.9);
#3947 = AXIS2_PLACEMENT_3D('',#3948,#3949,#3950);
#3948 = CARTESIAN_POINT('',(-17.2,-59.5,87.2));
#3949 = DIRECTION('',(0.,0.,1.));
#3950 = DIRECTION('',(1.,0.,-0.));
#3951 = DEFINITIONAL_REPRESENTATION('',(#3952),#3956);
#3952 = LINE('',#3953,#3954);
#3953 = CARTESIAN_POINT('',(3.14159265359,4.712388980385));
#3954 = VECTOR('',#3955,1.);
#3955 = DIRECTION('',(0.,-1.));
#3956 = ( GEOMETRIC_REPRESENTATION_CONTEXT(2) 
PARAMETRIC_REPRESENTATION_CONTEXT() REPRESENTATION_CONTEXT('2D SPACE',''
  ) );
#3957 = ORIENTED_EDGE('',*,*,#3958,.F.);
#3958 = EDGE_CURVE('',#3959,#3930,#3961,.T.);
#3959 = VERTEX_POINT('',#3960);
#3960 = CARTESIAN_POINT('',(-16.3,-59.5,87.2));
#3961 = SURFACE_CURVE('',#3962,(#3967,#3980),.PCURVE_S1.);
#3962 = ELLIPSE('',#3963,0.911981480171,0.9);
#3963 = AXIS2_PLACEMENT_3D('',#3964,#3965,#3966);
#3964 = CARTESIAN_POINT('',(-17.2,-59.5,87.2));
#3965 = DIRECTION('',(0.,-0.986862145305,0.161564557267));
#3966 = DIRECTION('',(0.,-0.161564557267,-0.986862145305));
#3967 = PCURVE('',#3779,#3968);
#3968 = DEFINITIONAL_REPRESENTATION('',(#3969),#3979);
#3969 = B_SPLINE_CURVE_WITH_KNOTS('',8,(#3970,#3971,#3972,#3973,#3974,
    #3975,#3976,#3977,#3978),.UNSPECIFIED.,.F.,.F.,(9,9),(1.570796330632
    ,4.712388976526),.PIECEWISE_BEZIER_KNOTS.);
#3970 = CARTESIAN_POINT('',(1.570796330632,8.999999999435));
#3971 = CARTESIAN_POINT('',(1.963495411369,8.942138191604));
#3972 = CARTESIAN_POINT('',(2.356194492106,8.884275922524));
#3973 = CARTESIAN_POINT('',(2.748893572843,8.840015583322));
#3974 = CARTESIAN_POINT('',(3.14159265357,8.822922334541));
#3975 = CARTESIAN_POINT('',(3.53429173431,8.840015583301));
#3976 = CARTESIAN_POINT('',(3.926990815051,8.884275922515));
#3977 = CARTESIAN_POINT('',(4.319689895789,8.942138191601));
#3978 = CARTESIAN_POINT('',(4.712388976526,8.999999999431));
#3979 = ( GEOMETRIC_REPRESENTATION_CONTEXT(2) 
PARAMETRIC_REPRESENTATION_CONTEXT() REPRESENTATION_CONTEXT('2D SPACE',''
  ) );
#3980 = PCURVE('',#3981,#3986);
#3981 = CYLINDRICAL_SURFACE('',#3982,0.9);
#3982 = AXIS2_PLACEMENT_3D('',#3983,#3984,#3985);
#3983 = CARTESIAN_POINT('',(-17.2,-59.5,87.2));
#3984 = DIRECTION('',(0.,-0.94779378767,0.318883891179));
#3985 = DIRECTION('',(0.,-0.318883891179,-0.94779378767));
#3986 = DEFINITIONAL_REPRESENTATION('',(#3987),#3997);
#3987 = B_SPLINE_CURVE_WITH_KNOTS('',8,(#3988,#3989,#3990,#3991,#3992,
    #3993,#3994,#3995,#3996),.UNSPECIFIED.,.F.,.F.,(9,9),(1.570796330632
    ,4.712388976526),.PIECEWISE_BEZIER_KNOTS.);
#3988 = CARTESIAN_POINT('',(1.570796330632,5.654214874085E-10));
#3989 = CARTESIAN_POINT('',(1.963495411369,5.786180839554E-02));
#3990 = CARTESIAN_POINT('',(2.356194492106,0.115724077488));
#3991 = CARTESIAN_POINT('',(2.748893572832,0.159984416658));
#3992 = CARTESIAN_POINT('',(3.141592653576,0.177077665525));
#3993 = CARTESIAN_POINT('',(3.534291734308,0.159984416659));
#3994 = CARTESIAN_POINT('',(3.926990815054,0.11572407749));
#3995 = CARTESIAN_POINT('',(4.319689895789,5.786180839874E-02));
#3996 = CARTESIAN_POINT('',(4.712388976526,5.686189297194E-10));
#3997 = ( GEOMETRIC_REPRESENTATION_CONTEXT(2) 
PARAMETRIC_REPRESENTATION_CONTEXT() REPRESENTATION_CONTEXT('2D SPACE',''
  ) );
#3998 = ORIENTED_EDGE('',*,*,#3999,.F.);
#3999 = EDGE_CURVE('',#3907,#3959,#4000,.T.);
#4000 = SURFACE_CURVE('',#4001,(#4006,#4013),.PCURVE_S1.);
#4001 = CIRCLE('',#4002,0.9);
#4002 = AXIS2_PLACEMENT_3D('',#4003,#4004,#4005);
#4003 = CARTESIAN_POINT('',(-17.2,-59.5,87.2));
#4004 = DIRECTION('',(0.,-1.,0.));
#4005 = DIRECTION('',(0.,-0.,-1.));
#4006 = PCURVE('',#3779,#4007);
#4007 = DEFINITIONAL_REPRESENTATION('',(#4008),#4012);
#4008 = LINE('',#4009,#4010);
#4009 = CARTESIAN_POINT('',(0.,9.));
#4010 = VECTOR('',#4011,1.);
#4011 = DIRECTION('',(1.,0.));
#4012 = ( GEOMETRIC_REPRESENTATION_CONTEXT(2) 
PARAMETRIC_REPRESENTATION_CONTEXT() REPRESENTATION_CONTEXT('2D SPACE',''
  ) );
#4013 = PCURVE('',#3946,#4014);
#4014 = DEFINITIONAL_REPRESENTATION('',(#4015),#4018);
#4015 = B_SPLINE_CURVE_WITH_KNOTS('',1,(#4016,#4017),.UNSPECIFIED.,.F.,
  .F.,(2,2),(0.,1.570796326795),.PIECEWISE_BEZIER_KNOTS.);
#4016 = CARTESIAN_POINT('',(6.28318530718,-1.570796326795));
#4017 = CARTESIAN_POINT('',(6.28318530718,-1.576516694968E-14));
#4018 = ( GEOMETRIC_REPRESENTATION_CONTEXT(2) 
PARAMETRIC_REPRESENTATION_CONTEXT() REPRESENTATION_CONTEXT('2D SPACE',''
  ) );
#4019 = ORIENTED_EDGE('',*,*,#3906,.F.);
#4020 = ORIENTED_EDGE('',*,*,#3858,.T.);
#4021 = ORIENTED_EDGE('',*,*,#3820,.T.);
#4022 = ORIENTED_EDGE('',*,*,#3758,.T.);
#4023 = ORIENTED_EDGE('',*,*,#3881,.T.);
#4024 = ADVANCED_FACE('',(#4025),#3946,.T.);
#4025 = FACE_BOUND('',#4026,.T.);
#4026 = EDGE_LOOP('',(#4027,#4028,#4075,#4124));
#4027 = ORIENTED_EDGE('',*,*,#3999,.T.);
#4028 = ORIENTED_EDGE('',*,*,#4029,.F.);
#4029 = EDGE_CURVE('',#4030,#3959,#4032,.T.);
#4030 = VERTEX_POINT('',#4031);
#4031 = CARTESIAN_POINT('',(-17.2,-59.78699550206,86.346985591097));
#4032 = SURFACE_CURVE('',#4033,(#4038,#4068),.PCURVE_S1.);
#4033 = CIRCLE('',#4034,0.9);
#4034 = AXIS2_PLACEMENT_3D('',#4035,#4036,#4037);
#4035 = CARTESIAN_POINT('',(-17.2,-59.5,87.2));
#4036 = DIRECTION('',(0.,-0.94779378767,0.318883891179));
#4037 = DIRECTION('',(0.,-0.318883891179,-0.94779378767));
#4038 = PCURVE('',#3946,#4039);
#4039 = DEFINITIONAL_REPRESENTATION('',(#4040),#4067);
#4040 = B_SPLINE_CURVE_WITH_KNOTS('',7,(#4041,#4042,#4043,#4044,#4045,
    #4046,#4047,#4048,#4049,#4050,#4051,#4052,#4053,#4054,#4055,#4056,
    #4057,#4058,#4059,#4060,#4061,#4062,#4063,#4064,#4065,#4066),
  .UNSPECIFIED.,.F.,.F.,(8,6,6,6,8),(0.,0.196349540849,0.539961237336,
    1.055378782065,1.570796326795),.UNSPECIFIED.);
#4041 = CARTESIAN_POINT('',(4.712388980385,-1.246244659276));
#4042 = CARTESIAN_POINT('',(4.800351825743,-1.246244659276));
#4043 = CARTESIAN_POINT('',(4.888313006511,-1.243516426226));
#4044 = CARTESIAN_POINT('',(4.97428935085,-1.238059514812));
#4045 = CARTESIAN_POINT('',(5.056225563652,-1.230019721037));
#4046 = CARTESIAN_POINT('',(5.13299829297,-1.219686433882));
#4047 = CARTESIAN_POINT('',(5.204278980552,-1.20734824441));
#4048 = CARTESIAN_POINT('',(5.385309318815,-1.168654456548));
#4049 = CARTESIAN_POINT('',(5.483819274918,-1.138724341042));
#4050 = CARTESIAN_POINT('',(5.565893996129,-1.10495491325));
#4051 = CARTESIAN_POINT('',(5.635726410886,-1.068563582488));
#4052 = CARTESIAN_POINT('',(5.695750011205,-1.03016900769));
#4053 = CARTESIAN_POINT('',(5.748087404,-0.990273417788));
#4054 = CARTESIAN_POINT('',(5.863485497176,-0.887589658626));
#4055 = CARTESIAN_POINT('',(5.918827894718,-0.823332043027));
#4056 = CARTESIAN_POINT('',(5.965445688763,-0.757543635652));
#4057 = CARTESIAN_POINT('',(6.005904422237,-0.690657981205));
#4058 = CARTESIAN_POINT('',(6.041854682229,-0.622999332946));
#4059 = CARTESIAN_POINT('',(6.074432560953,-0.554758146822));
#4060 = CARTESIAN_POINT('',(6.134501847004,-0.417407074421));
#4061 = CARTESIAN_POINT('',(6.161994424155,-0.348297010575));
#4062 = CARTESIAN_POINT('',(6.187770537057,-0.278896658745));
#4063 = CARTESIAN_POINT('',(6.212374404677,-0.209298782689));
#4064 = CARTESIAN_POINT('',(6.236225049512,-0.13957400937));
#4065 = CARTESIAN_POINT('',(6.259705542573,-6.978707813588E-02));
#4066 = CARTESIAN_POINT('',(6.28318530718,-1.578983857245E-14));
#4067 = ( GEOMETRIC_REPRESENTATION_CONTEXT(2) 
PARAMETRIC_REPRESENTATION_CONTEXT() REPRESENTATION_CONTEXT('2D SPACE',''
  ) );
#4068 = PCURVE('',#3981,#4069);
#4069 = DEFINITIONAL_REPRESENTATION('',(#4070),#4074);
#4070 = LINE('',#4071,#4072);
#4071 = CARTESIAN_POINT('',(0.,0.));
#4072 = VECTOR('',#4073,1.);
#4073 = DIRECTION('',(1.,0.));
#4074 = ( GEOMETRIC_REPRESENTATION_CONTEXT(2) 
PARAMETRIC_REPRESENTATION_CONTEXT() REPRESENTATION_CONTEXT('2D SPACE',''
  ) );
#4075 = ORIENTED_EDGE('',*,*,#4076,.F.);
#4076 = EDGE_CURVE('',#3930,#4030,#4077,.T.);
#4077 = SURFACE_CURVE('',#4078,(#4083,#4117),.PCURVE_S1.);
#4078 = CIRCLE('',#4079,0.9);
#4079 = AXIS2_PLACEMENT_3D('',#4080,#4081,#4082);
#4080 = CARTESIAN_POINT('',(-17.2,-59.5,87.2));
#4081 = DIRECTION('',(0.,-0.94779378767,0.318883891179));
#4082 = DIRECTION('',(0.,-0.318883891179,-0.94779378767));
#4083 = PCURVE('',#3946,#4084);
#4084 = DEFINITIONAL_REPRESENTATION('',(#4085),#4116);
#4085 = B_SPLINE_CURVE_WITH_KNOTS('',8,(#4086,#4087,#4088,#4089,#4090,
    #4091,#4092,#4093,#4094,#4095,#4096,#4097,#4098,#4099,#4100,#4101,
    #4102,#4103,#4104,#4105,#4106,#4107,#4108,#4109,#4110,#4111,#4112,
    #4113,#4114,#4115),.UNSPECIFIED.,.F.,.F.,(9,7,7,7,9),(4.712388980385
    ,5.497787143782,5.890486225481,6.08683576633,6.28318530718),
  .UNSPECIFIED.);
#4086 = CARTESIAN_POINT('',(3.14159265359,-1.578983857245E-14));
#4087 = CARTESIAN_POINT('',(3.172899006398,-9.30494375145E-02));
#4088 = CARTESIAN_POINT('',(3.204205848166,-0.186098714564));
#4089 = CARTESIAN_POINT('',(3.236334947002,-0.279010259654));
#4090 = CARTESIAN_POINT('',(3.270130146095,-0.371639473092));
#4091 = CARTESIAN_POINT('',(3.306543450974,-0.463831385991));
#4092 = CARTESIAN_POINT('',(3.347014389153,-0.555328297253));
#4093 = CARTESIAN_POINT('',(3.393449352053,-0.645815456029));
#4094 = CARTESIAN_POINT('',(3.47869957637,-0.778792266352));
#4095 = CARTESIAN_POINT('',(3.509715765352,-0.822658851651));
#4096 = CARTESIAN_POINT('',(3.543889219594,-0.865962668764));
#4097 = CARTESIAN_POINT('',(3.581923223275,-0.908568281184));
#4098 = CARTESIAN_POINT('',(3.624789637679,-0.950288860053));
#4099 = CARTESIAN_POINT('',(3.673710620799,-0.990866614817));
#4100 = CARTESIAN_POINT('',(3.730568234671,-1.029908950006));
#4101 = CARTESIAN_POINT('',(3.83123527092,-1.085207207718));
#4102 = CARTESIAN_POINT('',(3.867353780831,-1.103095937003));
#4103 = CARTESIAN_POINT('',(3.906326793668,-1.120359696427));
#4104 = CARTESIAN_POINT('',(3.948464304723,-1.136904288005));
#4105 = CARTESIAN_POINT('',(3.994100099908,-1.152615144034));
#4106 = CARTESIAN_POINT('',(4.043556617438,-1.167354965373));
#4107 = CARTESIAN_POINT('',(4.097069204129,-1.180966116322));
#4108 = CARTESIAN_POINT('',(4.212270328479,-1.20558943587));
#4109 = CARTESIAN_POINT('',(4.273959495903,-1.216601886514));
#4110 = CARTESIAN_POINT('',(4.339762623624,-1.226144738354));
#4111 = CARTESIAN_POINT('',(4.409520503519,-1.234039617925));
#4112 = CARTESIAN_POINT('',(4.482729739046,-1.240105856593));
#4113 = CARTESIAN_POINT('',(4.558455249451,-1.244198484489));
#4114 = CARTESIAN_POINT('',(4.635421490696,-1.246244659276));
#4115 = CARTESIAN_POINT('',(4.712388980385,-1.246244659276));
#4116 = ( GEOMETRIC_REPRESENTATION_CONTEXT(2) 
PARAMETRIC_REPRESENTATION_CONTEXT() REPRESENTATION_CONTEXT('2D SPACE',''
  ) );
#4117 = PCURVE('',#3981,#4118);
#4118 = DEFINITIONAL_REPRESENTATION('',(#4119),#4123);
#4119 = LINE('',#4120,#4121);
#4120 = CARTESIAN_POINT('',(0.,0.));
#4121 = VECTOR('',#4122,1.);
#4122 = DIRECTION('',(1.,0.));
#4123 = ( GEOMETRIC_REPRESENTATION_CONTEXT(2) 
PARAMETRIC_REPRESENTATION_CONTEXT() REPRESENTATION_CONTEXT('2D SPACE',''
  ) );
#4124 = ORIENTED_EDGE('',*,*,#3929,.T.);
#4125 = ADVANCED_FACE('',(#4126),#3981,.T.);
#4126 = FACE_BOUND('',#4127,.T.);
#4127 = EDGE_LOOP('',(#4128,#4214,#4253,#4274,#4275,#4276,#4277,#4278));
#4128 = ORIENTED_EDGE('',*,*,#4129,.F.);
#4129 = EDGE_CURVE('',#4130,#4132,#4134,.T.);
#4130 = VERTEX_POINT('',#4131);
#4131 = CARTESIAN_POINT('',(-16.3,-70.2,90.8));
#4132 = VERTEX_POINT('',#4133);
#4133 = CARTESIAN_POINT('',(-18.1,-70.2,90.8));
#4134 = SURFACE_CURVE('',#4135,(#4140,#4147),.PCURVE_S1.);
#4135 = CIRCLE('',#4136,0.9);
#4136 = AXIS2_PLACEMENT_3D('',#4137,#4138,#4139);
#4137 = CARTESIAN_POINT('',(-17.2,-70.2,90.8));
#4138 = DIRECTION('',(0.,-0.94779378767,0.318883891179));
#4139 = DIRECTION('',(0.,-0.318883891179,-0.94779378767));
#4140 = PCURVE('',#3981,#4141);
#4141 = DEFINITIONAL_REPRESENTATION('',(#4142),#4146);
#4142 = LINE('',#4143,#4144);
#4143 = CARTESIAN_POINT('',(0.,11.289375536317));
#4144 = VECTOR('',#4145,1.);
#4145 = DIRECTION('',(1.,0.));
#4146 = ( GEOMETRIC_REPRESENTATION_CONTEXT(2) 
PARAMETRIC_REPRESENTATION_CONTEXT() REPRESENTATION_CONTEXT('2D SPACE',''
  ) );
#4147 = PCURVE('',#4148,#4153);
#4148 = SPHERICAL_SURFACE('',#4149,0.9);
#4149 = AXIS2_PLACEMENT_3D('',#4150,#4151,#4152);
#4150 = CARTESIAN_POINT('',(-17.2,-70.2,90.8));
#4151 = DIRECTION('',(0.,0.,1.));
#4152 = DIRECTION('',(1.,0.,-0.));
#4153 = DEFINITIONAL_REPRESENTATION('',(#4154),#4213);
#4154 = B_SPLINE_CURVE_WITH_KNOTS('',8,(#4155,#4156,#4157,#4158,#4159,
    #4160,#4161,#4162,#4163,#4164,#4165,#4166,#4167,#4168,#4169,#4170,
    #4171,#4172,#4173,#4174,#4175,#4176,#4177,#4178,#4179,#4180,#4181,
    #4182,#4183,#4184,#4185,#4186,#4187,#4188,#4189,#4190,#4191,#4192,
    #4193,#4194,#4195,#4196,#4197,#4198,#4199,#4200,#4201,#4202,#4203,
    #4204,#4205,#4206,#4207,#4208,#4209,#4210,#4211,#4212),
  .UNSPECIFIED.,.F.,.F.,(9,7,7,7,7,7,7,7,9),(1.570796326795,
    2.356194490192,2.650718801466,2.908427573831,3.13392274965,
    3.331231028492,3.676520516465,4.194454748425,4.712388980385),
  .UNSPECIFIED.);
#4155 = CARTESIAN_POINT('',(0.,-1.578983857245E-14));
#4156 = CARTESIAN_POINT('',(3.130635280861E-02,9.304943751447E-02));
#4157 = CARTESIAN_POINT('',(6.261319457498E-02,0.186098714564));
#4158 = CARTESIAN_POINT('',(9.474229342197E-02,0.279010259654));
#4159 = CARTESIAN_POINT('',(0.128537492512,0.371639473091));
#4160 = CARTESIAN_POINT('',(0.164950797389,0.463831385992));
#4161 = CARTESIAN_POINT('',(0.205421735563,0.555328297252));
#4162 = CARTESIAN_POINT('',(0.251856698463,0.645815456029));
#4163 = CARTESIAN_POINT('',(0.330002737421,0.767710865492));
#4164 = CARTESIAN_POINT('',(0.352777487744,0.80069676975));
#4165 = CARTESIAN_POINT('',(0.37724932203,0.833381109583));
#4166 = CARTESIAN_POINT('',(0.403701993642,0.865709153556));
#4167 = CARTESIAN_POINT('',(0.432486526288,0.897613027719));
#4168 = CARTESIAN_POINT('',(0.464045731553,0.929005201));
#4169 = CARTESIAN_POINT('',(0.498944837252,0.959767133196));
#4170 = CARTESIAN_POINT('',(0.572001192317,1.015953293841));
#4171 = CARTESIAN_POINT('',(0.609205831064,1.041563916214));
#4172 = CARTESIAN_POINT('',(0.650004538184,1.066454228536));
#4173 = CARTESIAN_POINT('',(0.694975858138,1.090482800986));
#4174 = CARTESIAN_POINT('',(0.744783571877,1.113474327067));
#4175 = CARTESIAN_POINT('',(0.800203989641,1.135198754002));
#4176 = CARTESIAN_POINT('',(0.862027750059,1.15535642427));
#4177 = CARTESIAN_POINT('',(0.990736518104,1.189549887593));
#4178 = CARTESIAN_POINT('',(1.056023823392,1.204036331839));
#4179 = CARTESIAN_POINT('',(1.126808390397,1.216813343564));
#4180 = CARTESIAN_POINT('',(1.203161661702,1.227619574952));
#4181 = CARTESIAN_POINT('',(1.284739847967,1.236160780246));
#4182 = CARTESIAN_POINT('',(1.370442972675,1.242176111987));
#4183 = CARTESIAN_POINT('',(1.458401711703,1.245514853088));
#4184 = CARTESIAN_POINT('',(1.6240512863,1.246719341612));
#4185 = CARTESIAN_POINT('',(1.70164809518,1.245216881369));
#4186 = CARTESIAN_POINT('',(1.778286014561,1.241635411369));
#4187 = CARTESIAN_POINT('',(1.852630098876,1.236034143926));
#4188 = CARTESIAN_POINT('',(1.923654136825,1.228550647659));
#4189 = CARTESIAN_POINT('',(1.990769920432,1.219364468521));
#4190 = CARTESIAN_POINT('',(2.053766545795,1.208656555495));
#4191 = CARTESIAN_POINT('',(2.215645512118,1.175504778255));
#4192 = CARTESIAN_POINT('',(2.306010971837,1.150280848876));
#4193 = CARTESIAN_POINT('',(2.383687175741,1.121869319756));
#4194 = CARTESIAN_POINT('',(2.450815083688,1.091099552638));
#4195 = CARTESIAN_POINT('',(2.509418333736,1.058532890375));
#4196 = CARTESIAN_POINT('',(2.560992239033,1.024541248586));
#4197 = CARTESIAN_POINT('',(2.606824703064,0.989429124648));
#4198 = CARTESIAN_POINT('',(2.709495108252,0.899371846008));
#4199 = CARTESIAN_POINT('',(2.760380149948,0.843290604357));
#4200 = CARTESIAN_POINT('',(2.803892253731,0.785888131203));
#4201 = CARTESIAN_POINT('',(2.842023381126,0.727532330023));
#4202 = CARTESIAN_POINT('',(2.876069500173,0.668459833535));
#4203 = CARTESIAN_POINT('',(2.906956321997,0.608844591873));
#4204 = CARTESIAN_POINT('',(2.935372296613,0.548802964574));
#4205 = CARTESIAN_POINT('',(2.988321101558,0.428056436916));
#4206 = CARTESIAN_POINT('',(3.012854892335,0.36735139379));
#4207 = CARTESIAN_POINT('',(3.035975328438,0.306406721649));
#4208 = CARTESIAN_POINT('',(3.058064815188,0.245288060731));
#4209 = CARTESIAN_POINT('',(3.079421393942,0.184045909732));
#4210 = CARTESIAN_POINT('',(3.100301864642,0.122723597219));
#4211 = CARTESIAN_POINT('',(3.120947543182,6.136185593414E-02));
#4212 = CARTESIAN_POINT('',(3.14159265359,-1.578983857245E-14));
#4213 = ( GEOMETRIC_REPRESENTATION_CONTEXT(2) 
PARAMETRIC_REPRESENTATION_CONTEXT() REPRESENTATION_CONTEXT('2D SPACE',''
  ) );
#4214 = ORIENTED_EDGE('',*,*,#4215,.F.);
#4215 = EDGE_CURVE('',#4216,#4130,#4218,.T.);
#4216 = VERTEX_POINT('',#4217);
#4217 = CARTESIAN_POINT('',(-17.2,-70.34734388407,89.9));
#4218 = SURFACE_CURVE('',#4219,(#4224,#4236),.PCURVE_S1.);
#4219 = ELLIPSE('',#4220,0.911981480171,0.9);
#4220 = AXIS2_PLACEMENT_3D('',#4221,#4222,#4223);
#4221 = CARTESIAN_POINT('',(-17.2,-70.2,90.8));
#4222 = DIRECTION('',(0.,-0.986862145305,0.161564557267));
#4223 = DIRECTION('',(0.,0.161564557267,0.986862145305));
#4224 = PCURVE('',#3981,#4225);
#4225 = DEFINITIONAL_REPRESENTATION('',(#4226),#4235);
#4226 = B_SPLINE_CURVE_WITH_KNOTS('',7,(#4227,#4228,#4229,#4230,#4231,
    #4232,#4233,#4234),.UNSPECIFIED.,.F.,.F.,(8,8),(3.14159265359,
    4.712388980385),.PIECEWISE_BEZIER_KNOTS.);
#4227 = CARTESIAN_POINT('',(0.,11.142031652238));
#4228 = CARTESIAN_POINT('',(0.224399475256,11.142031652238));
#4229 = CARTESIAN_POINT('',(0.448798950513,11.150687909844));
#4230 = CARTESIAN_POINT('',(0.673198425769,11.167999169331));
#4231 = CARTESIAN_POINT('',(0.897597901026,11.192902595918));
#4232 = CARTESIAN_POINT('',(1.121997376282,11.223247890039));
#4233 = CARTESIAN_POINT('',(1.346396851538,11.256311646048));
#4234 = CARTESIAN_POINT('',(1.570796326795,11.289375536317));
#4235 = ( GEOMETRIC_REPRESENTATION_CONTEXT(2) 
PARAMETRIC_REPRESENTATION_CONTEXT() REPRESENTATION_CONTEXT('2D SPACE',''
  ) );
#4236 = PCURVE('',#4237,#4242);
#4237 = CYLINDRICAL_SURFACE('',#4238,0.9);
#4238 = AXIS2_PLACEMENT_3D('',#4239,#4240,#4241);
#4239 = CARTESIAN_POINT('',(-17.2,-70.2,90.8));
#4240 = DIRECTION('',(0.,-1.,0.));
#4241 = DIRECTION('',(0.,-0.,-1.));
#4242 = DEFINITIONAL_REPRESENTATION('',(#4243),#4252);
#4243 = B_SPLINE_CURVE_WITH_KNOTS('',7,(#4244,#4245,#4246,#4247,#4248,
    #4249,#4250,#4251),.UNSPECIFIED.,.F.,.F.,(8,8),(3.14159265359,
    4.712388980385),.PIECEWISE_BEZIER_KNOTS.);
#4244 = CARTESIAN_POINT('',(0.,0.147343884079));
#4245 = CARTESIAN_POINT('',(0.224399475256,0.147343884079));
#4246 = CARTESIAN_POINT('',(0.448798950513,0.138687626472));
#4247 = CARTESIAN_POINT('',(0.673198425769,0.121376366991));
#4248 = CARTESIAN_POINT('',(0.897597901026,9.64729403981E-02));
#4249 = CARTESIAN_POINT('',(1.121997376282,6.612764628046E-02));
#4250 = CARTESIAN_POINT('',(1.346396851538,3.306389026964E-02));
#4251 = CARTESIAN_POINT('',(1.570796326795,0.));
#4252 = ( GEOMETRIC_REPRESENTATION_CONTEXT(2) 
PARAMETRIC_REPRESENTATION_CONTEXT() REPRESENTATION_CONTEXT('2D SPACE',''
  ) );
#4253 = ORIENTED_EDGE('',*,*,#4254,.F.);
#4254 = EDGE_CURVE('',#4030,#4216,#4255,.T.);
#4255 = SEAM_CURVE('',#4256,(#4260,#4267),.PCURVE_S1.);
#4256 = LINE('',#4257,#4258);
#4257 = CARTESIAN_POINT('',(-17.2,-59.78699550206,86.346985591097));
#4258 = VECTOR('',#4259,1.);
#4259 = DIRECTION('',(0.,-0.94779378767,0.318883891179));
#4260 = PCURVE('',#3981,#4261);
#4261 = DEFINITIONAL_REPRESENTATION('',(#4262),#4266);
#4262 = LINE('',#4263,#4264);
#4263 = CARTESIAN_POINT('',(6.28318530718,-0.));
#4264 = VECTOR('',#4265,1.);
#4265 = DIRECTION('',(0.,1.));
#4266 = ( GEOMETRIC_REPRESENTATION_CONTEXT(2) 
PARAMETRIC_REPRESENTATION_CONTEXT() REPRESENTATION_CONTEXT('2D SPACE',''
  ) );
#4267 = PCURVE('',#3981,#4268);
#4268 = DEFINITIONAL_REPRESENTATION('',(#4269),#4273);
#4269 = LINE('',#4270,#4271);
#4270 = CARTESIAN_POINT('',(0.,-0.));
#4271 = VECTOR('',#4272,1.);
#4272 = DIRECTION('',(0.,1.));
#4273 = ( GEOMETRIC_REPRESENTATION_CONTEXT(2) 
PARAMETRIC_REPRESENTATION_CONTEXT() REPRESENTATION_CONTEXT('2D SPACE',''
  ) );
#4274 = ORIENTED_EDGE('',*,*,#4029,.T.);
#4275 = ORIENTED_EDGE('',*,*,#3958,.T.);
#4276 = ORIENTED_EDGE('',*,*,#4076,.T.);
#4277 = ORIENTED_EDGE('',*,*,#4254,.T.);
#4278 = ORIENTED_EDGE('',*,*,#4279,.F.);
#4279 = EDGE_CURVE('',#4132,#4216,#4280,.T.);
#4280 = SURFACE_CURVE('',#4281,(#4286,#4298),.PCURVE_S1.);
#4281 = ELLIPSE('',#4282,0.911981480171,0.9);
#4282 = AXIS2_PLACEMENT_3D('',#4283,#4284,#4285);
#4283 = CARTESIAN_POINT('',(-17.2,-70.2,90.8));
#4284 = DIRECTION('',(0.,-0.986862145305,0.161564557267));
#4285 = DIRECTION('',(0.,0.161564557267,0.986862145305));
#4286 = PCURVE('',#3981,#4287);
#4287 = DEFINITIONAL_REPRESENTATION('',(#4288),#4297);
#4288 = B_SPLINE_CURVE_WITH_KNOTS('',7,(#4289,#4290,#4291,#4292,#4293,
    #4294,#4295,#4296),.UNSPECIFIED.,.F.,.F.,(8,8),(1.570796326795,
    3.14159265359),.PIECEWISE_BEZIER_KNOTS.);
#4289 = CARTESIAN_POINT('',(4.712388980385,11.289375536317));
#4290 = CARTESIAN_POINT('',(4.936788455641,11.256311646048));
#4291 = CARTESIAN_POINT('',(5.161187930897,11.223247890036));
#4292 = CARTESIAN_POINT('',(5.385587406154,11.19290259592));
#4293 = CARTESIAN_POINT('',(5.60998688141,11.167999169328));
#4294 = CARTESIAN_POINT('',(5.834386356667,11.150687909846));
#4295 = CARTESIAN_POINT('',(6.058785831923,11.142031652238));
#4296 = CARTESIAN_POINT('',(6.28318530718,11.142031652238));
#4297 = ( GEOMETRIC_REPRESENTATION_CONTEXT(2) 
PARAMETRIC_REPRESENTATION_CONTEXT() REPRESENTATION_CONTEXT('2D SPACE',''
  ) );
#4298 = PCURVE('',#4237,#4299);
#4299 = DEFINITIONAL_REPRESENTATION('',(#4300),#4309);
#4300 = B_SPLINE_CURVE_WITH_KNOTS('',7,(#4301,#4302,#4303,#4304,#4305,
    #4306,#4307,#4308),.UNSPECIFIED.,.F.,.F.,(8,8),(1.570796326795,
    3.14159265359),.PIECEWISE_BEZIER_KNOTS.);
#4301 = CARTESIAN_POINT('',(4.712388980385,0.));
#4302 = CARTESIAN_POINT('',(4.936788455641,3.306389026964E-02));
#4303 = CARTESIAN_POINT('',(5.161187930897,6.612764628044E-02));
#4304 = CARTESIAN_POINT('',(5.385587406154,9.647294039814E-02));
#4305 = CARTESIAN_POINT('',(5.60998688141,0.12137636699));
#4306 = CARTESIAN_POINT('',(5.834386356667,0.138687626472));
#4307 = CARTESIAN_POINT('',(6.058785831923,0.147343884079));
#4308 = CARTESIAN_POINT('',(6.28318530718,0.147343884079));
#4309 = ( GEOMETRIC_REPRESENTATION_CONTEXT(2) 
PARAMETRIC_REPRESENTATION_CONTEXT() REPRESENTATION_CONTEXT('2D SPACE',''
  ) );
#4310 = ADVANCED_FACE('',(#4311),#4148,.T.);
#4311 = FACE_BOUND('',#4312,.T.);
#4312 = EDGE_LOOP('',(#4313,#4337,#4358));
#4313 = ORIENTED_EDGE('',*,*,#4314,.F.);
#4314 = EDGE_CURVE('',#4315,#4132,#4317,.T.);
#4315 = VERTEX_POINT('',#4316);
#4316 = CARTESIAN_POINT('',(-17.2,-70.2,91.7));
#4317 = SURFACE_CURVE('',#4318,(#4323,#4330),.PCURVE_S1.);
#4318 = CIRCLE('',#4319,0.9);
#4319 = AXIS2_PLACEMENT_3D('',#4320,#4321,#4322);
#4320 = CARTESIAN_POINT('',(-17.2,-70.2,90.8));
#4321 = DIRECTION('',(0.,-1.,0.));
#4322 = DIRECTION('',(0.,-0.,-1.));
#4323 = PCURVE('',#4148,#4324);
#4324 = DEFINITIONAL_REPRESENTATION('',(#4325),#4329);
#4325 = LINE('',#4326,#4327);
#4326 = CARTESIAN_POINT('',(3.14159265359,4.712388980385));
#4327 = VECTOR('',#4328,1.);
#4328 = DIRECTION('',(0.,-1.));
#4329 = ( GEOMETRIC_REPRESENTATION_CONTEXT(2) 
PARAMETRIC_REPRESENTATION_CONTEXT() REPRESENTATION_CONTEXT('2D SPACE',''
  ) );
#4330 = PCURVE('',#4237,#4331);
#4331 = DEFINITIONAL_REPRESENTATION('',(#4332),#4336);
#4332 = LINE('',#4333,#4334);
#4333 = CARTESIAN_POINT('',(0.,0.));
#4334 = VECTOR('',#4335,1.);
#4335 = DIRECTION('',(1.,0.));
#4336 = ( GEOMETRIC_REPRESENTATION_CONTEXT(2) 
PARAMETRIC_REPRESENTATION_CONTEXT() REPRESENTATION_CONTEXT('2D SPACE',''
  ) );
#4337 = ORIENTED_EDGE('',*,*,#4338,.F.);
#4338 = EDGE_CURVE('',#4130,#4315,#4339,.T.);
#4339 = SURFACE_CURVE('',#4340,(#4345,#4351),.PCURVE_S1.);
#4340 = CIRCLE('',#4341,0.9);
#4341 = AXIS2_PLACEMENT_3D('',#4342,#4343,#4344);
#4342 = CARTESIAN_POINT('',(-17.2,-70.2,90.8));
#4343 = DIRECTION('',(0.,-1.,0.));
#4344 = DIRECTION('',(0.,-0.,-1.));
#4345 = PCURVE('',#4148,#4346);
#4346 = DEFINITIONAL_REPRESENTATION('',(#4347),#4350);
#4347 = B_SPLINE_CURVE_WITH_KNOTS('',1,(#4348,#4349),.UNSPECIFIED.,.F.,
  .F.,(2,2),(1.570796326795,3.14159265359),.PIECEWISE_BEZIER_KNOTS.);
#4348 = CARTESIAN_POINT('',(0.,-1.576516694968E-14));
#4349 = CARTESIAN_POINT('',(0.,1.570796326795));
#4350 = ( GEOMETRIC_REPRESENTATION_CONTEXT(2) 
PARAMETRIC_REPRESENTATION_CONTEXT() REPRESENTATION_CONTEXT('2D SPACE',''
  ) );
#4351 = PCURVE('',#4237,#4352);
#4352 = DEFINITIONAL_REPRESENTATION('',(#4353),#4357);
#4353 = LINE('',#4354,#4355);
#4354 = CARTESIAN_POINT('',(0.,0.));
#4355 = VECTOR('',#4356,1.);
#4356 = DIRECTION('',(1.,0.));
#4357 = ( GEOMETRIC_REPRESENTATION_CONTEXT(2) 
PARAMETRIC_REPRESENTATION_CONTEXT() REPRESENTATION_CONTEXT('2D SPACE',''
  ) );
#4358 = ORIENTED_EDGE('',*,*,#4129,.T.);
#4359 = ADVANCED_FACE('',(#4360),#4237,.T.);
#4360 = FACE_BOUND('',#4361,.T.);
#4361 = EDGE_LOOP('',(#4362,#4392,#4431,#4452,#4453,#4454,#4455,#4456,
    #4457,#4491));
#4362 = ORIENTED_EDGE('',*,*,#4363,.F.);
#4363 = EDGE_CURVE('',#4364,#4366,#4368,.T.);
#4364 = VERTEX_POINT('',#4365);
#4365 = CARTESIAN_POINT('',(-16.3,-87.,90.8));
#4366 = VERTEX_POINT('',#4367);
#4367 = CARTESIAN_POINT('',(-17.2,-87.,91.7));
#4368 = SURFACE_CURVE('',#4369,(#4374,#4381),.PCURVE_S1.);
#4369 = CIRCLE('',#4370,0.9);
#4370 = AXIS2_PLACEMENT_3D('',#4371,#4372,#4373);
#4371 = CARTESIAN_POINT('',(-17.2,-87.,90.8));
#4372 = DIRECTION('',(0.,-1.,0.));
#4373 = DIRECTION('',(0.,-0.,-1.));
#4374 = PCURVE('',#4237,#4375);
#4375 = DEFINITIONAL_REPRESENTATION('',(#4376),#4380);
#4376 = LINE('',#4377,#4378);
#4377 = CARTESIAN_POINT('',(0.,16.8));
#4378 = VECTOR('',#4379,1.);
#4379 = DIRECTION('',(1.,0.));
#4380 = ( GEOMETRIC_REPRESENTATION_CONTEXT(2) 
PARAMETRIC_REPRESENTATION_CONTEXT() REPRESENTATION_CONTEXT('2D SPACE',''
  ) );
#4381 = PCURVE('',#4382,#4387);
#4382 = SPHERICAL_SURFACE('',#4383,0.9);
#4383 = AXIS2_PLACEMENT_3D('',#4384,#4385,#4386);
#4384 = CARTESIAN_POINT('',(-17.2,-87.,90.8));
#4385 = DIRECTION('',(0.,0.,1.));
#4386 = DIRECTION('',(1.,0.,-0.));
#4387 = DEFINITIONAL_REPRESENTATION('',(#4388),#4391);
#4388 = B_SPLINE_CURVE_WITH_KNOTS('',1,(#4389,#4390),.UNSPECIFIED.,.F.,
  .F.,(2,2),(1.570796326795,3.14159265359),.PIECEWISE_BEZIER_KNOTS.);
#4389 = CARTESIAN_POINT('',(6.28318530718,3.153033389935E-14));
#4390 = CARTESIAN_POINT('',(6.28318530718,1.570796326795));
#4391 = ( GEOMETRIC_REPRESENTATION_CONTEXT(2) 
PARAMETRIC_REPRESENTATION_CONTEXT() REPRESENTATION_CONTEXT('2D SPACE',''
  ) );
#4392 = ORIENTED_EDGE('',*,*,#4393,.F.);
#4393 = EDGE_CURVE('',#4394,#4364,#4396,.T.);
#4394 = VERTEX_POINT('',#4395);
#4395 = CARTESIAN_POINT('',(-17.2,-86.61976097893,89.9));
#4396 = SURFACE_CURVE('',#4397,(#4402,#4414),.PCURVE_S1.);
#4397 = ELLIPSE('',#4398,0.977026976669,0.9);
#4398 = AXIS2_PLACEMENT_3D('',#4399,#4400,#4401);
#4399 = CARTESIAN_POINT('',(-17.2,-87.,90.8));
#4400 = DIRECTION('',(0.,-0.921161873205,-0.389179654342));
#4401 = DIRECTION('',(0.,-0.389179654342,0.921161873205));
#4402 = PCURVE('',#4237,#4403);
#4403 = DEFINITIONAL_REPRESENTATION('',(#4404),#4413);
#4404 = B_SPLINE_CURVE_WITH_KNOTS('',7,(#4405,#4406,#4407,#4408,#4409,
    #4410,#4411,#4412),.UNSPECIFIED.,.F.,.F.,(8,8),(3.14159265359,
    4.712389769362),.PIECEWISE_BEZIER_KNOTS.);
#4405 = CARTESIAN_POINT('',(0.,16.419760978937));
#4406 = CARTESIAN_POINT('',(0.224399587967,16.419760978937));
#4407 = CARTESIAN_POINT('',(0.448799175935,16.442099539138));
#4408 = CARTESIAN_POINT('',(0.673198763902,16.486773418965));
#4409 = CARTESIAN_POINT('',(0.89759835187,16.551039837053));
#4410 = CARTESIAN_POINT('',(1.121997939837,16.629349669536));
#4411 = CARTESIAN_POINT('',(1.346397527805,16.714674820344));
#4412 = CARTESIAN_POINT('',(1.570797115772,16.8000003));
#4413 = ( GEOMETRIC_REPRESENTATION_CONTEXT(2) 
PARAMETRIC_REPRESENTATION_CONTEXT() REPRESENTATION_CONTEXT('2D SPACE',''
  ) );
#4414 = PCURVE('',#4415,#4420);
#4415 = CYLINDRICAL_SURFACE('',#4416,0.9);
#4416 = AXIS2_PLACEMENT_3D('',#4417,#4418,#4419);
#4417 = CARTESIAN_POINT('',(-17.2,-87.,90.8));
#4418 = DIRECTION('',(0.,-0.697078393292,-0.716994918814));
#4419 = DIRECTION('',(0.,-0.716994918814,0.697078393292));
#4420 = DEFINITIONAL_REPRESENTATION('',(#4421),#4430);
#4421 = B_SPLINE_CURVE_WITH_KNOTS('',7,(#4422,#4423,#4424,#4425,#4426,
    #4427,#4428,#4429),.UNSPECIFIED.,.F.,.F.,(8,8),(3.14159265359,
    4.712389769362),.PIECEWISE_BEZIER_KNOTS.);
#4422 = CARTESIAN_POINT('',(3.14159265359,0.380239021063));
#4423 = CARTESIAN_POINT('',(3.365992241557,0.380239021063));
#4424 = CARTESIAN_POINT('',(3.590391829525,0.35790046086));
#4425 = CARTESIAN_POINT('',(3.81479141749,0.313226581035));
#4426 = CARTESIAN_POINT('',(4.03919100546,0.248960162952));
#4427 = CARTESIAN_POINT('',(4.263590593427,0.170650330463));
#4428 = CARTESIAN_POINT('',(4.487990181395,8.532517965575E-02));
#4429 = CARTESIAN_POINT('',(4.712389769362,-2.99999989295E-07));
#4430 = ( GEOMETRIC_REPRESENTATION_CONTEXT(2) 
PARAMETRIC_REPRESENTATION_CONTEXT() REPRESENTATION_CONTEXT('2D SPACE',''
  ) );
#4431 = ORIENTED_EDGE('',*,*,#4432,.F.);
#4432 = EDGE_CURVE('',#4216,#4394,#4433,.T.);
#4433 = SEAM_CURVE('',#4434,(#4438,#4445),.PCURVE_S1.);
#4434 = LINE('',#4435,#4436);
#4435 = CARTESIAN_POINT('',(-17.2,-70.2,89.9));
#4436 = VECTOR('',#4437,1.);
#4437 = DIRECTION('',(0.,-1.,0.));
#4438 = PCURVE('',#4237,#4439);
#4439 = DEFINITIONAL_REPRESENTATION('',(#4440),#4444);
#4440 = LINE('',#4441,#4442);
#4441 = CARTESIAN_POINT('',(6.28318530718,-0.));
#4442 = VECTOR('',#4443,1.);
#4443 = DIRECTION('',(0.,1.));
#4444 = ( GEOMETRIC_REPRESENTATION_CONTEXT(2) 
PARAMETRIC_REPRESENTATION_CONTEXT() REPRESENTATION_CONTEXT('2D SPACE',''
  ) );
#4445 = PCURVE('',#4237,#4446);
#4446 = DEFINITIONAL_REPRESENTATION('',(#4447),#4451);
#4447 = LINE('',#4448,#4449);
#4448 = CARTESIAN_POINT('',(0.,-0.));
#4449 = VECTOR('',#4450,1.);
#4450 = DIRECTION('',(0.,1.));
#4451 = ( GEOMETRIC_REPRESENTATION_CONTEXT(2) 
PARAMETRIC_REPRESENTATION_CONTEXT() REPRESENTATION_CONTEXT('2D SPACE',''
  ) );
#4452 = ORIENTED_EDGE('',*,*,#4215,.T.);
#4453 = ORIENTED_EDGE('',*,*,#4338,.T.);
#4454 = ORIENTED_EDGE('',*,*,#4314,.T.);
#4455 = ORIENTED_EDGE('',*,*,#4279,.T.);
#4456 = ORIENTED_EDGE('',*,*,#4432,.T.);
#4457 = ORIENTED_EDGE('',*,*,#4458,.F.);
#4458 = EDGE_CURVE('',#4459,#4394,#4461,.T.);
#4459 = VERTEX_POINT('',#4460);
#4460 = CARTESIAN_POINT('',(-18.1,-87.,90.8));
#4461 = SURFACE_CURVE('',#4462,(#4467,#4479),.PCURVE_S1.);
#4462 = ELLIPSE('',#4463,0.977026976669,0.9);
#4463 = AXIS2_PLACEMENT_3D('',#4464,#4465,#4466);
#4464 = CARTESIAN_POINT('',(-17.2,-87.,90.8));
#4465 = DIRECTION('',(0.,-0.921161873205,-0.389179654342));
#4466 = DIRECTION('',(0.,-0.389179654342,0.921161873205));
#4467 = PCURVE('',#4237,#4468);
#4468 = DEFINITIONAL_REPRESENTATION('',(#4469),#4478);
#4469 = B_SPLINE_CURVE_WITH_KNOTS('',7,(#4470,#4471,#4472,#4473,#4474,
    #4475,#4476,#4477),.UNSPECIFIED.,.F.,.F.,(8,8),(1.570794749434,
    3.14159265359),.PIECEWISE_BEZIER_KNOTS.);
#4470 = CARTESIAN_POINT('',(4.712387403023,16.800000599774));
#4471 = CARTESIAN_POINT('',(4.936787103617,16.714675077294));
#4472 = CARTESIAN_POINT('',(5.161186804211,16.629349866053));
#4473 = CARTESIAN_POINT('',(5.385586504804,16.551039966072));
#4474 = CARTESIAN_POINT('',(5.609986205399,16.486773486233));
#4475 = CARTESIAN_POINT('',(5.834385905992,16.442099561563));
#4476 = CARTESIAN_POINT('',(6.058785606586,16.419760978937));
#4477 = CARTESIAN_POINT('',(6.28318530718,16.419760978937));
#4478 = ( GEOMETRIC_REPRESENTATION_CONTEXT(2) 
PARAMETRIC_REPRESENTATION_CONTEXT() REPRESENTATION_CONTEXT('2D SPACE',''
  ) );
#4479 = PCURVE('',#4415,#4480);
#4480 = DEFINITIONAL_REPRESENTATION('',(#4481),#4490);
#4481 = B_SPLINE_CURVE_WITH_KNOTS('',7,(#4482,#4483,#4484,#4485,#4486,
    #4487,#4488,#4489),.UNSPECIFIED.,.F.,.F.,(8,8),(1.570794749434,
    3.14159265359),.PIECEWISE_BEZIER_KNOTS.);
#4482 = CARTESIAN_POINT('',(1.570794749434,-5.997743102171E-07));
#4483 = CARTESIAN_POINT('',(1.795194450027,8.532492270625E-02));
#4484 = CARTESIAN_POINT('',(2.019594150621,0.170650133948));
#4485 = CARTESIAN_POINT('',(2.243993851216,0.248960033925));
#4486 = CARTESIAN_POINT('',(2.468393551809,0.313226513774));
#4487 = CARTESIAN_POINT('',(2.692793252403,0.357900438435));
#4488 = CARTESIAN_POINT('',(2.917192952996,0.380239021063));
#4489 = CARTESIAN_POINT('',(3.14159265359,0.380239021063));
#4490 = ( GEOMETRIC_REPRESENTATION_CONTEXT(2) 
PARAMETRIC_REPRESENTATION_CONTEXT() REPRESENTATION_CONTEXT('2D SPACE',''
  ) );
#4491 = ORIENTED_EDGE('',*,*,#4492,.F.);
#4492 = EDGE_CURVE('',#4366,#4459,#4493,.T.);
#4493 = SURFACE_CURVE('',#4494,(#4499,#4506),.PCURVE_S1.);
#4494 = CIRCLE('',#4495,0.9);
#4495 = AXIS2_PLACEMENT_3D('',#4496,#4497,#4498);
#4496 = CARTESIAN_POINT('',(-17.2,-87.,90.8));
#4497 = DIRECTION('',(0.,-1.,0.));
#4498 = DIRECTION('',(0.,-0.,-1.));
#4499 = PCURVE('',#4237,#4500);
#4500 = DEFINITIONAL_REPRESENTATION('',(#4501),#4505);
#4501 = LINE('',#4502,#4503);
#4502 = CARTESIAN_POINT('',(0.,16.8));
#4503 = VECTOR('',#4504,1.);
#4504 = DIRECTION('',(1.,0.));
#4505 = ( GEOMETRIC_REPRESENTATION_CONTEXT(2) 
PARAMETRIC_REPRESENTATION_CONTEXT() REPRESENTATION_CONTEXT('2D SPACE',''
  ) );
#4506 = PCURVE('',#4382,#4507);
#4507 = DEFINITIONAL_REPRESENTATION('',(#4508),#4512);
#4508 = LINE('',#4509,#4510);
#4509 = CARTESIAN_POINT('',(3.14159265359,4.712388980385));
#4510 = VECTOR('',#4511,1.);
#4511 = DIRECTION('',(0.,-1.));
#4512 = ( GEOMETRIC_REPRESENTATION_CONTEXT(2) 
PARAMETRIC_REPRESENTATION_CONTEXT() REPRESENTATION_CONTEXT('2D SPACE',''
  ) );
#4513 = ADVANCED_FACE('',(#4514),#4382,.T.);
#4514 = FACE_BOUND('',#4515,.T.);
#4515 = EDGE_LOOP('',(#4516,#4517,#4518,#4559));
#4516 = ORIENTED_EDGE('',*,*,#4363,.T.);
#4517 = ORIENTED_EDGE('',*,*,#4492,.T.);
#4518 = ORIENTED_EDGE('',*,*,#4519,.F.);
#4519 = EDGE_CURVE('',#4520,#4459,#4522,.T.);
#4520 = VERTEX_POINT('',#4521);
#4521 = CARTESIAN_POINT('',(-17.2,-87.64529542693,91.427370553963));
#4522 = SURFACE_CURVE('',#4523,(#4528,#4552),.PCURVE_S1.);
#4523 = CIRCLE('',#4524,0.9);
#4524 = AXIS2_PLACEMENT_3D('',#4525,#4526,#4527);
#4525 = CARTESIAN_POINT('',(-17.2,-87.,90.8));
#4526 = DIRECTION('',(0.,-0.697078393292,-0.716994918814));
#4527 = DIRECTION('',(0.,-0.716994918814,0.697078393292));
#4528 = PCURVE('',#4382,#4529);
#4529 = DEFINITIONAL_REPRESENTATION('',(#4530),#4551);
#4530 = B_SPLINE_CURVE_WITH_KNOTS('',7,(#4531,#4532,#4533,#4534,#4535,
    #4536,#4537,#4538,#4539,#4540,#4541,#4542,#4543,#4544,#4545,#4546,
    #4547,#4548,#4549,#4550),.UNSPECIFIED.,.F.,.F.,(8,6,6,8),(0.,
    0.392699081699,0.981747704247,1.570796326795),.UNSPECIFIED.);
#4531 = CARTESIAN_POINT('',(4.712388980385,0.771314587575));
#4532 = CARTESIAN_POINT('',(4.634145931038,0.771314587575));
#4533 = CARTESIAN_POINT('',(4.555903217418,0.767745221588));
#4534 = CARTESIAN_POINT('',(4.478418764607,0.760604359945));
#4535 = CARTESIAN_POINT('',(4.402461114297,0.750002605536));
#4536 = CARTESIAN_POINT('',(4.328621659069,0.736145566622));
#4537 = CARTESIAN_POINT('',(4.257251380735,0.719299015482));
#4538 = CARTESIAN_POINT('',(4.085428160748,0.670393808979));
#4539 = CARTESIAN_POINT('',(3.988275364237,0.634941612385));
#4540 = CARTESIAN_POINT('',(3.897650576158,0.594311835491));
#4541 = CARTESIAN_POINT('',(3.813169896238,0.54951739889));
#4542 = CARTESIAN_POINT('',(3.734006556856,0.501379216902));
#4543 = CARTESIAN_POINT('',(3.659346082549,0.450576603219));
#4544 = CARTESIAN_POINT('',(3.517384309211,0.344773788317));
#4545 = CARTESIAN_POINT('',(3.450084498686,0.28977356808));
#4546 = CARTESIAN_POINT('',(3.385644284523,0.233240794248));
#4547 = CARTESIAN_POINT('',(3.323277225783,0.175628274993));
#4548 = CARTESIAN_POINT('',(3.262262058989,0.117318023842));
#4549 = CARTESIAN_POINT('',(3.201927634919,5.865900962524E-02));
#4550 = CARTESIAN_POINT('',(3.14159265359,1.578983857245E-14));
#4551 = ( GEOMETRIC_REPRESENTATION_CONTEXT(2) 
PARAMETRIC_REPRESENTATION_CONTEXT() REPRESENTATION_CONTEXT('2D SPACE',''
  ) );
#4552 = PCURVE('',#4415,#4553);
#4553 = DEFINITIONAL_REPRESENTATION('',(#4554),#4558);
#4554 = LINE('',#4555,#4556);
#4555 = CARTESIAN_POINT('',(0.,0.));
#4556 = VECTOR('',#4557,1.);
#4557 = DIRECTION('',(1.,0.));
#4558 = ( GEOMETRIC_REPRESENTATION_CONTEXT(2) 
PARAMETRIC_REPRESENTATION_CONTEXT() REPRESENTATION_CONTEXT('2D SPACE',''
  ) );
#4559 = ORIENTED_EDGE('',*,*,#4560,.F.);
#4560 = EDGE_CURVE('',#4364,#4520,#4561,.T.);
#4561 = SURFACE_CURVE('',#4562,(#4567,#4591),.PCURVE_S1.);
#4562 = CIRCLE('',#4563,0.9);
#4563 = AXIS2_PLACEMENT_3D('',#4564,#4565,#4566);
#4564 = CARTESIAN_POINT('',(-17.2,-87.,90.8));
#4565 = DIRECTION('',(0.,-0.697078393292,-0.716994918814));
#4566 = DIRECTION('',(0.,-0.716994918814,0.697078393292));
#4567 = PCURVE('',#4382,#4568);
#4568 = DEFINITIONAL_REPRESENTATION('',(#4569),#4590);
#4569 = B_SPLINE_CURVE_WITH_KNOTS('',7,(#4570,#4571,#4572,#4573,#4574,
    #4575,#4576,#4577,#4578,#4579,#4580,#4581,#4582,#4583,#4584,#4585,
    #4586,#4587,#4588,#4589),.UNSPECIFIED.,.F.,.F.,(8,6,6,8),(
    4.712388980385,5.497787143782,5.890486225481,6.28318530718),
  .UNSPECIFIED.);
#4570 = CARTESIAN_POINT('',(6.28318530718,1.578983857245E-14));
#4571 = CARTESIAN_POINT('',(6.202738665408,7.821201283365E-02));
#4572 = CARTESIAN_POINT('',(6.122291149159,0.156423697995));
#4573 = CARTESIAN_POINT('',(6.040242167363,0.233810866242));
#4574 = CARTESIAN_POINT('',(5.954958281036,0.309537641443));
#4575 = CARTESIAN_POINT('',(5.86474406814,0.382654971949));
#4576 = CARTESIAN_POINT('',(5.767408783433,0.451867620901));
#4577 = CARTESIAN_POINT('',(5.608011887515,0.547210895706));
#4578 = CARTESIAN_POINT('',(5.552647227609,0.577579561068));
#4579 = CARTESIAN_POINT('',(5.494826644262,0.606317575728));
#4580 = CARTESIAN_POINT('',(5.434348306678,0.633181491367));
#4581 = CARTESIAN_POINT('',(5.371073864859,0.657897542049));
#4582 = CARTESIAN_POINT('',(5.304985156024,0.68017485028));
#4583 = CARTESIAN_POINT('',(5.167526580035,0.719299015482));
#4584 = CARTESIAN_POINT('',(5.0961563017,0.736145566622));
#4585 = CARTESIAN_POINT('',(5.022316846472,0.750002605536));
#4586 = CARTESIAN_POINT('',(4.946359196162,0.760604359945));
#4587 = CARTESIAN_POINT('',(4.868874743352,0.767745221588));
#4588 = CARTESIAN_POINT('',(4.790632029731,0.771314587575));
#4589 = CARTESIAN_POINT('',(4.712388980385,0.771314587575));
#4590 = ( GEOMETRIC_REPRESENTATION_CONTEXT(2) 
PARAMETRIC_REPRESENTATION_CONTEXT() REPRESENTATION_CONTEXT('2D SPACE',''
  ) );
#4591 = PCURVE('',#4415,#4592);
#4592 = DEFINITIONAL_REPRESENTATION('',(#4593),#4597);
#4593 = LINE('',#4594,#4595);
#4594 = CARTESIAN_POINT('',(0.,0.));
#4595 = VECTOR('',#4596,1.);
#4596 = DIRECTION('',(1.,0.));
#4597 = ( GEOMETRIC_REPRESENTATION_CONTEXT(2) 
PARAMETRIC_REPRESENTATION_CONTEXT() REPRESENTATION_CONTEXT('2D SPACE',''
  ) );
#4598 = ADVANCED_FACE('',(#4599),#4415,.T.);
#4599 = FACE_BOUND('',#4600,.T.);
#4600 = EDGE_LOOP('',(#4601,#4666,#4705,#4726,#4727,#4728,#4729,#4730,
    #4731));
#4601 = ORIENTED_EDGE('',*,*,#4602,.F.);
#4602 = EDGE_CURVE('',#4603,#4605,#4607,.T.);
#4603 = VERTEX_POINT('',#4604);
#4604 = CARTESIAN_POINT('',(-18.1,-90.5,87.2));
#4605 = VERTEX_POINT('',#4606);
#4606 = CARTESIAN_POINT('',(-16.3,-90.5,87.2));
#4607 = SURFACE_CURVE('',#4608,(#4613,#4620),.PCURVE_S1.);
#4608 = CIRCLE('',#4609,0.9);
#4609 = AXIS2_PLACEMENT_3D('',#4610,#4611,#4612);
#4610 = CARTESIAN_POINT('',(-17.2,-90.5,87.2));
#4611 = DIRECTION('',(0.,-0.697078393292,-0.716994918814));
#4612 = DIRECTION('',(0.,-0.716994918814,0.697078393292));
#4613 = PCURVE('',#4415,#4614);
#4614 = DEFINITIONAL_REPRESENTATION('',(#4615),#4619);
#4615 = LINE('',#4616,#4617);
#4616 = CARTESIAN_POINT('',(0.,5.020956084253));
#4617 = VECTOR('',#4618,1.);
#4618 = DIRECTION('',(1.,0.));
#4619 = ( GEOMETRIC_REPRESENTATION_CONTEXT(2) 
PARAMETRIC_REPRESENTATION_CONTEXT() REPRESENTATION_CONTEXT('2D SPACE',''
  ) );
#4620 = PCURVE('',#4621,#4626);
#4621 = SPHERICAL_SURFACE('',#4622,0.9);
#4622 = AXIS2_PLACEMENT_3D('',#4623,#4624,#4625);
#4623 = CARTESIAN_POINT('',(-17.2,-90.5,87.2));
#4624 = DIRECTION('',(0.,0.,1.));
#4625 = DIRECTION('',(1.,0.,-0.));
#4626 = DEFINITIONAL_REPRESENTATION('',(#4627),#4665);
#4627 = B_SPLINE_CURVE_WITH_KNOTS('',8,(#4628,#4629,#4630,#4631,#4632,
    #4633,#4634,#4635,#4636,#4637,#4638,#4639,#4640,#4641,#4642,#4643,
    #4644,#4645,#4646,#4647,#4648,#4649,#4650,#4651,#4652,#4653,#4654,
    #4655,#4656,#4657,#4658,#4659,#4660,#4661,#4662,#4663,#4664),
  .UNSPECIFIED.,.F.,.F.,(9,7,7,7,7,9),(1.570796326795,2.356194490192,
    2.94524311274,3.387029579651,4.049709280018,4.712388980385),
  .UNSPECIFIED.);
#4628 = CARTESIAN_POINT('',(3.14159265359,1.578983857245E-14));
#4629 = CARTESIAN_POINT('',(3.07120184204,-6.843551122941E-02));
#4630 = CARTESIAN_POINT('',(3.00081037463,-0.136870776704));
#4631 = CARTESIAN_POINT('',(2.929417881946,-0.20479067815));
#4632 = CARTESIAN_POINT('',(2.856007570608,-0.271674253843));
#4633 = CARTESIAN_POINT('',(2.779535297609,-0.336956640383));
#4634 = CARTESIAN_POINT('',(2.698817593374,-0.399958134187));
#4635 = CARTESIAN_POINT('',(2.612533055183,-0.459812893802));
#4636 = CARTESIAN_POINT('',(2.4498153906,-0.557142486831));
#4637 = CARTESIAN_POINT('',(2.376313622759,-0.596471887439));
#4638 = CARTESIAN_POINT('',(2.298564524355,-0.632956627511));
#4639 = CARTESIAN_POINT('',(2.216180589953,-0.666074710786));
#4640 = CARTESIAN_POINT('',(2.128878159948,-0.695222464778));
#4641 = CARTESIAN_POINT('',(2.036759715616,-0.719754375833));
#4642 = CARTESIAN_POINT('',(1.940543570701,-0.739078132991));
#4643 = CARTESIAN_POINT('',(1.767069810208,-0.763089993285));
#4644 = CARTESIAN_POINT('',(1.691085641487,-0.770228931677));
#4645 = CARTESIAN_POINT('',(1.613961376855,-0.774049020981));
#4646 = CARTESIAN_POINT('',(1.536337247529,-0.774439200315));
#4647 = CARTESIAN_POINT('',(1.458957167003,-0.771377703234));
#4648 = CARTESIAN_POINT('',(1.382536984587,-0.76493792429));
#4649 = CARTESIAN_POINT('',(1.307644296018,-0.755271811617));
#4650 = CARTESIAN_POINT('',(1.125270408881,-0.723531807837));
#4651 = CARTESIAN_POINT('',(1.020217796235,-0.697670922494));
#4652 = CARTESIAN_POINT('',(0.920935856164,-0.665657054974));
#4653 = CARTESIAN_POINT('',(0.828032750394,-0.62839896984));
#4654 = CARTESIAN_POINT('',(0.741143401928,-0.58681551275));
#4655 = CARTESIAN_POINT('',(0.659679861313,-0.541670988796));
#4656 = CARTESIAN_POINT('',(0.582922329237,-0.493625950043));
#4657 = CARTESIAN_POINT('',(0.437366494265,-0.392845258427));
#4658 = CARTESIAN_POINT('',(0.368568206403,-0.340109671789));
#4659 = CARTESIAN_POINT('',(0.303020459584,-0.28558557482));
#4660 = CARTESIAN_POINT('',(0.239983659843,-0.22972817581));
#4661 = CARTESIAN_POINT('',(0.178779725521,-0.172917168307));
#4662 = CARTESIAN_POINT('',(0.118784639926,-0.115484880798));
#4663 = CARTESIAN_POINT('',(5.939224724551E-02,-5.774246259982E-02));
#4664 = CARTESIAN_POINT('',(-3.19744231092E-14,1.578983857245E-14));
#4665 = ( GEOMETRIC_REPRESENTATION_CONTEXT(2) 
PARAMETRIC_REPRESENTATION_CONTEXT() REPRESENTATION_CONTEXT('2D SPACE',''
  ) );
#4666 = ORIENTED_EDGE('',*,*,#4667,.F.);
#4667 = EDGE_CURVE('',#4668,#4603,#4670,.T.);
#4668 = VERTEX_POINT('',#4669);
#4669 = CARTESIAN_POINT('',(-17.2,-90.88023902106,88.099999999999));
#4670 = SURFACE_CURVE('',#4671,(#4676,#4688),.PCURVE_S1.);
#4671 = ELLIPSE('',#4672,0.977026976669,0.9);
#4672 = AXIS2_PLACEMENT_3D('',#4673,#4674,#4675);
#4673 = CARTESIAN_POINT('',(-17.2,-90.5,87.2));
#4674 = DIRECTION('',(0.,-0.921161873205,-0.389179654342));
#4675 = DIRECTION('',(0.,0.389179654342,-0.921161873205));
#4676 = PCURVE('',#4415,#4677);
#4677 = DEFINITIONAL_REPRESENTATION('',(#4678),#4687);
#4678 = B_SPLINE_CURVE_WITH_KNOTS('',7,(#4679,#4680,#4681,#4682,#4683,
    #4684,#4685,#4686),.UNSPECIFIED.,.F.,.F.,(8,8),(3.14159265359,
    4.712388681593),.PIECEWISE_BEZIER_KNOTS.);
#4679 = CARTESIAN_POINT('',(0.,4.64071706319));
#4680 = CARTESIAN_POINT('',(0.224399432572,4.64071706319));
#4681 = CARTESIAN_POINT('',(0.448798865144,4.663055592454));
#4682 = CARTESIAN_POINT('',(0.673198297716,4.707729410414));
#4683 = CARTESIAN_POINT('',(0.897597730287,4.771995743279));
#4684 = CARTESIAN_POINT('',(1.121997162859,4.850305482649));
#4685 = CARTESIAN_POINT('',(1.346396595431,4.935630550073));
#4686 = CARTESIAN_POINT('',(1.570796028003,5.020955970641));
#4687 = ( GEOMETRIC_REPRESENTATION_CONTEXT(2) 
PARAMETRIC_REPRESENTATION_CONTEXT() REPRESENTATION_CONTEXT('2D SPACE',''
  ) );
#4688 = PCURVE('',#4689,#4694);
#4689 = CYLINDRICAL_SURFACE('',#4690,0.9);
#4690 = AXIS2_PLACEMENT_3D('',#4691,#4692,#4693);
#4691 = CARTESIAN_POINT('',(-17.2,-90.5,87.2));
#4692 = DIRECTION('',(0.,-1.,0.));
#4693 = DIRECTION('',(0.,-0.,-1.));
#4694 = DEFINITIONAL_REPRESENTATION('',(#4695),#4704);
#4695 = B_SPLINE_CURVE_WITH_KNOTS('',7,(#4696,#4697,#4698,#4699,#4700,
    #4701,#4702,#4703),.UNSPECIFIED.,.F.,.F.,(8,8),(3.14159265359,
    4.712388681593),.PIECEWISE_BEZIER_KNOTS.);
#4696 = CARTESIAN_POINT('',(3.14159265359,0.380239021063));
#4697 = CARTESIAN_POINT('',(3.365992086162,0.380239021063));
#4698 = CARTESIAN_POINT('',(3.590391518734,0.3579004918));
#4699 = CARTESIAN_POINT('',(3.814790951303,0.313226673839));
#4700 = CARTESIAN_POINT('',(4.039190383878,0.248960340977));
#4701 = CARTESIAN_POINT('',(4.263589816448,0.170650601603));
#4702 = CARTESIAN_POINT('',(4.487989249021,8.532553418069E-02));
#4703 = CARTESIAN_POINT('',(4.712388681593,1.136124154755E-07));
#4704 = ( GEOMETRIC_REPRESENTATION_CONTEXT(2) 
PARAMETRIC_REPRESENTATION_CONTEXT() REPRESENTATION_CONTEXT('2D SPACE',''
  ) );
#4705 = ORIENTED_EDGE('',*,*,#4706,.F.);
#4706 = EDGE_CURVE('',#4520,#4668,#4707,.T.);
#4707 = SEAM_CURVE('',#4708,(#4712,#4719),.PCURVE_S1.);
#4708 = LINE('',#4709,#4710);
#4709 = CARTESIAN_POINT('',(-17.2,-87.64529542693,91.427370553963));
#4710 = VECTOR('',#4711,1.);
#4711 = DIRECTION('',(-2.465190328816E-32,-0.697078393292,
    -0.716994918814));
#4712 = PCURVE('',#4415,#4713);
#4713 = DEFINITIONAL_REPRESENTATION('',(#4714),#4718);
#4714 = LINE('',#4715,#4716);
#4715 = CARTESIAN_POINT('',(6.28318530718,-0.));
#4716 = VECTOR('',#4717,1.);
#4717 = DIRECTION('',(0.,1.));
#4718 = ( GEOMETRIC_REPRESENTATION_CONTEXT(2) 
PARAMETRIC_REPRESENTATION_CONTEXT() REPRESENTATION_CONTEXT('2D SPACE',''
  ) );
#4719 = PCURVE('',#4415,#4720);
#4720 = DEFINITIONAL_REPRESENTATION('',(#4721),#4725);
#4721 = LINE('',#4722,#4723);
#4722 = CARTESIAN_POINT('',(0.,-0.));
#4723 = VECTOR('',#4724,1.);
#4724 = DIRECTION('',(0.,1.));
#4725 = ( GEOMETRIC_REPRESENTATION_CONTEXT(2) 
PARAMETRIC_REPRESENTATION_CONTEXT() REPRESENTATION_CONTEXT('2D SPACE',''
  ) );
#4726 = ORIENTED_EDGE('',*,*,#4519,.T.);
#4727 = ORIENTED_EDGE('',*,*,#4458,.T.);
#4728 = ORIENTED_EDGE('',*,*,#4393,.T.);
#4729 = ORIENTED_EDGE('',*,*,#4560,.T.);
#4730 = ORIENTED_EDGE('',*,*,#4706,.T.);
#4731 = ORIENTED_EDGE('',*,*,#4732,.F.);
#4732 = EDGE_CURVE('',#4605,#4668,#4733,.T.);
#4733 = SURFACE_CURVE('',#4734,(#4739,#4751),.PCURVE_S1.);
#4734 = ELLIPSE('',#4735,0.977026976669,0.9);
#4735 = AXIS2_PLACEMENT_3D('',#4736,#4737,#4738);
#4736 = CARTESIAN_POINT('',(-17.2,-90.5,87.2));
#4737 = DIRECTION('',(0.,-0.921161873205,-0.389179654342));
#4738 = DIRECTION('',(0.,0.389179654342,-0.921161873205));
#4739 = PCURVE('',#4415,#4740);
#4740 = DEFINITIONAL_REPRESENTATION('',(#4741),#4750);
#4741 = B_SPLINE_CURVE_WITH_KNOTS('',7,(#4742,#4743,#4744,#4745,#4746,
    #4747,#4748,#4749),.UNSPECIFIED.,.F.,.F.,(8,8),(1.570796098829,
    3.14159265359),.PIECEWISE_BEZIER_KNOTS.);
#4742 = CARTESIAN_POINT('',(4.712388752419,5.020956170935));
#4743 = CARTESIAN_POINT('',(4.936788260242,4.935630721753));
#4744 = CARTESIAN_POINT('',(5.161187768064,4.850305613951));
#4745 = CARTESIAN_POINT('',(5.385587275888,4.771995829485));
#4746 = CARTESIAN_POINT('',(5.60998678371,4.707729455356));
#4747 = CARTESIAN_POINT('',(5.834386291534,4.663055607436));
#4748 = CARTESIAN_POINT('',(6.058785799357,4.64071706319));
#4749 = CARTESIAN_POINT('',(6.28318530718,4.64071706319));
#4750 = ( GEOMETRIC_REPRESENTATION_CONTEXT(2) 
PARAMETRIC_REPRESENTATION_CONTEXT() REPRESENTATION_CONTEXT('2D SPACE',''
  ) );
#4751 = PCURVE('',#4689,#4752);
#4752 = DEFINITIONAL_REPRESENTATION('',(#4753),#4762);
#4753 = B_SPLINE_CURVE_WITH_KNOTS('',7,(#4754,#4755,#4756,#4757,#4758,
    #4759,#4760,#4761),.UNSPECIFIED.,.F.,.F.,(8,8),(1.570796098829,
    3.14159265359),.PIECEWISE_BEZIER_KNOTS.);
#4754 = CARTESIAN_POINT('',(1.570796098829,-8.66815810241E-08));
#4755 = CARTESIAN_POINT('',(1.795195606652,8.532536250012E-02));
#4756 = CARTESIAN_POINT('',(2.019595114474,0.170650470302));
#4757 = CARTESIAN_POINT('',(2.243994622298,0.248960254768));
#4758 = CARTESIAN_POINT('',(2.468394130121,0.313226628898));
#4759 = CARTESIAN_POINT('',(2.692793637944,0.357900476817));
#4760 = CARTESIAN_POINT('',(2.917193145767,0.380239021063));
#4761 = CARTESIAN_POINT('',(3.14159265359,0.380239021063));
#4762 = ( GEOMETRIC_REPRESENTATION_CONTEXT(2) 
PARAMETRIC_REPRESENTATION_CONTEXT() REPRESENTATION_CONTEXT('2D SPACE',''
  ) );
#4763 = ADVANCED_FACE('',(#4764),#4621,.T.);
#4764 = FACE_BOUND('',#4765,.T.);
#4765 = EDGE_LOOP('',(#4766,#4767,#4790));
#4766 = ORIENTED_EDGE('',*,*,#4602,.T.);
#4767 = ORIENTED_EDGE('',*,*,#4768,.F.);
#4768 = EDGE_CURVE('',#4769,#4605,#4771,.T.);
#4769 = VERTEX_POINT('',#4770);
#4770 = CARTESIAN_POINT('',(-17.2,-90.5,86.3));
#4771 = SURFACE_CURVE('',#4772,(#4777,#4783),.PCURVE_S1.);
#4772 = CIRCLE('',#4773,0.9);
#4773 = AXIS2_PLACEMENT_3D('',#4774,#4775,#4776);
#4774 = CARTESIAN_POINT('',(-17.2,-90.5,87.2));
#4775 = DIRECTION('',(0.,-1.,0.));
#4776 = DIRECTION('',(0.,-0.,-1.));
#4777 = PCURVE('',#4621,#4778);
#4778 = DEFINITIONAL_REPRESENTATION('',(#4779),#4782);
#4779 = B_SPLINE_CURVE_WITH_KNOTS('',1,(#4780,#4781),.UNSPECIFIED.,.F.,
  .F.,(2,2),(0.,1.570796326795),.PIECEWISE_BEZIER_KNOTS.);
#4780 = CARTESIAN_POINT('',(0.,-1.570796326795));
#4781 = CARTESIAN_POINT('',(0.,3.153033389935E-14));
#4782 = ( GEOMETRIC_REPRESENTATION_CONTEXT(2) 
PARAMETRIC_REPRESENTATION_CONTEXT() REPRESENTATION_CONTEXT('2D SPACE',''
  ) );
#4783 = PCURVE('',#4689,#4784);
#4784 = DEFINITIONAL_REPRESENTATION('',(#4785),#4789);
#4785 = LINE('',#4786,#4787);
#4786 = CARTESIAN_POINT('',(0.,0.));
#4787 = VECTOR('',#4788,1.);
#4788 = DIRECTION('',(1.,0.));
#4789 = ( GEOMETRIC_REPRESENTATION_CONTEXT(2) 
PARAMETRIC_REPRESENTATION_CONTEXT() REPRESENTATION_CONTEXT('2D SPACE',''
  ) );
#4790 = ORIENTED_EDGE('',*,*,#4791,.F.);
#4791 = EDGE_CURVE('',#4603,#4769,#4792,.T.);
#4792 = SURFACE_CURVE('',#4793,(#4798,#4805),.PCURVE_S1.);
#4793 = CIRCLE('',#4794,0.9);
#4794 = AXIS2_PLACEMENT_3D('',#4795,#4796,#4797);
#4795 = CARTESIAN_POINT('',(-17.2,-90.5,87.2));
#4796 = DIRECTION('',(0.,-1.,0.));
#4797 = DIRECTION('',(0.,-0.,-1.));
#4798 = PCURVE('',#4621,#4799);
#4799 = DEFINITIONAL_REPRESENTATION('',(#4800),#4804);
#4800 = LINE('',#4801,#4802);
#4801 = CARTESIAN_POINT('',(3.14159265359,4.712388980385));
#4802 = VECTOR('',#4803,1.);
#4803 = DIRECTION('',(0.,-1.));
#4804 = ( GEOMETRIC_REPRESENTATION_CONTEXT(2) 
PARAMETRIC_REPRESENTATION_CONTEXT() REPRESENTATION_CONTEXT('2D SPACE',''
  ) );
#4805 = PCURVE('',#4689,#4806);
#4806 = DEFINITIONAL_REPRESENTATION('',(#4807),#4811);
#4807 = LINE('',#4808,#4809);
#4808 = CARTESIAN_POINT('',(0.,0.));
#4809 = VECTOR('',#4810,1.);
#4810 = DIRECTION('',(1.,0.));
#4811 = ( GEOMETRIC_REPRESENTATION_CONTEXT(2) 
PARAMETRIC_REPRESENTATION_CONTEXT() REPRESENTATION_CONTEXT('2D SPACE',''
  ) );
#4812 = ADVANCED_FACE('',(#4813),#4689,.T.);
#4813 = FACE_BOUND('',#4814,.T.);
#4814 = EDGE_LOOP('',(#4815,#4838,#4867,#4908,#4929,#4930,#4931,#4932,
    #4933));
#4815 = ORIENTED_EDGE('',*,*,#4816,.T.);
#4816 = EDGE_CURVE('',#4769,#4817,#4819,.T.);
#4817 = VERTEX_POINT('',#4818);
#4818 = CARTESIAN_POINT('',(-17.2,-99.5,86.3));
#4819 = SEAM_CURVE('',#4820,(#4824,#4831),.PCURVE_S1.);
#4820 = LINE('',#4821,#4822);
#4821 = CARTESIAN_POINT('',(-17.2,-90.5,86.3));
#4822 = VECTOR('',#4823,1.);
#4823 = DIRECTION('',(0.,-1.,0.));
#4824 = PCURVE('',#4689,#4825);
#4825 = DEFINITIONAL_REPRESENTATION('',(#4826),#4830);
#4826 = LINE('',#4827,#4828);
#4827 = CARTESIAN_POINT('',(6.28318530718,-0.));
#4828 = VECTOR('',#4829,1.);
#4829 = DIRECTION('',(0.,1.));
#4830 = ( GEOMETRIC_REPRESENTATION_CONTEXT(2) 
PARAMETRIC_REPRESENTATION_CONTEXT() REPRESENTATION_CONTEXT('2D SPACE',''
  ) );
#4831 = PCURVE('',#4689,#4832);
#4832 = DEFINITIONAL_REPRESENTATION('',(#4833),#4837);
#4833 = LINE('',#4834,#4835);
#4834 = CARTESIAN_POINT('',(0.,-0.));
#4835 = VECTOR('',#4836,1.);
#4836 = DIRECTION('',(0.,1.));
#4837 = ( GEOMETRIC_REPRESENTATION_CONTEXT(2) 
PARAMETRIC_REPRESENTATION_CONTEXT() REPRESENTATION_CONTEXT('2D SPACE',''
  ) );
#4838 = ORIENTED_EDGE('',*,*,#4839,.F.);
#4839 = EDGE_CURVE('',#4840,#4817,#4842,.T.);
#4840 = VERTEX_POINT('',#4841);
#4841 = CARTESIAN_POINT('',(-17.9488452649,-99.5,86.700769823397));
#4842 = SURFACE_CURVE('',#4843,(#4848,#4855),.PCURVE_S1.);
#4843 = CIRCLE('',#4844,0.9);
#4844 = AXIS2_PLACEMENT_3D('',#4845,#4846,#4847);
#4845 = CARTESIAN_POINT('',(-17.2,-99.5,87.2));
#4846 = DIRECTION('',(0.,-1.,0.));
#4847 = DIRECTION('',(0.,-0.,-1.));
#4848 = PCURVE('',#4689,#4849);
#4849 = DEFINITIONAL_REPRESENTATION('',(#4850),#4854);
#4850 = LINE('',#4851,#4852);
#4851 = CARTESIAN_POINT('',(0.,9.));
#4852 = VECTOR('',#4853,1.);
#4853 = DIRECTION('',(1.,0.));
#4854 = ( GEOMETRIC_REPRESENTATION_CONTEXT(2) 
PARAMETRIC_REPRESENTATION_CONTEXT() REPRESENTATION_CONTEXT('2D SPACE',''
  ) );
#4855 = PCURVE('',#4856,#4861);
#4856 = SPHERICAL_SURFACE('',#4857,0.9);
#4857 = AXIS2_PLACEMENT_3D('',#4858,#4859,#4860);
#4858 = CARTESIAN_POINT('',(-17.2,-99.5,87.2));
#4859 = DIRECTION('',(0.,0.,1.));
#4860 = DIRECTION('',(1.,0.,-0.));
#4861 = DEFINITIONAL_REPRESENTATION('',(#4862),#4866);
#4862 = LINE('',#4863,#4864);
#4863 = CARTESIAN_POINT('',(3.14159265359,4.712388980385));
#4864 = VECTOR('',#4865,1.);
#4865 = DIRECTION('',(0.,-1.));
#4866 = ( GEOMETRIC_REPRESENTATION_CONTEXT(2) 
PARAMETRIC_REPRESENTATION_CONTEXT() REPRESENTATION_CONTEXT('2D SPACE',''
  ) );
#4867 = ORIENTED_EDGE('',*,*,#4868,.F.);
#4868 = EDGE_CURVE('',#4869,#4840,#4871,.T.);
#4869 = VERTEX_POINT('',#4870);
#4870 = CARTESIAN_POINT('',(-16.45115473509,-99.5,87.699230176603));
#4871 = SURFACE_CURVE('',#4872,(#4877,#4890),.PCURVE_S1.);
#4872 = ELLIPSE('',#4873,0.908400921412,0.9);
#4873 = AXIS2_PLACEMENT_3D('',#4874,#4875,#4876);
#4874 = CARTESIAN_POINT('',(-17.2,-99.5,87.2));
#4875 = DIRECTION('',(-7.526474148446E-02,-0.990751967316,0.112897112227
    ));
#4876 = DIRECTION('',(0.549570310681,-0.135685442328,-0.824355466021));
#4877 = PCURVE('',#4689,#4878);
#4878 = DEFINITIONAL_REPRESENTATION('',(#4879),#4889);
#4879 = B_SPLINE_CURVE_WITH_KNOTS('',8,(#4880,#4881,#4882,#4883,#4884,
    #4885,#4886,#4887,#4888),.UNSPECIFIED.,.F.,.F.,(9,9),(1.570796326795
    ,4.712388980385),.PIECEWISE_BEZIER_KNOTS.);
#4880 = CARTESIAN_POINT('',(2.158798930342,9.));
#4881 = CARTESIAN_POINT('',(2.551498012041,8.951597175354));
#4882 = CARTESIAN_POINT('',(2.94419709374,8.903193964753));
#4883 = CARTESIAN_POINT('',(3.336896175413,8.866169102937));
#4884 = CARTESIAN_POINT('',(3.729595257155,8.851870179875));
#4885 = CARTESIAN_POINT('',(4.122294338813,8.866169102937));
#4886 = CARTESIAN_POINT('',(4.514993420536,8.903193964754));
#4887 = CARTESIAN_POINT('',(4.907692502234,8.951597175354));
#4888 = CARTESIAN_POINT('',(5.300391583932,9.));
#4889 = ( GEOMETRIC_REPRESENTATION_CONTEXT(2) 
PARAMETRIC_REPRESENTATION_CONTEXT() REPRESENTATION_CONTEXT('2D SPACE',''
  ) );
#4890 = PCURVE('',#4891,#4896);
#4891 = CYLINDRICAL_SURFACE('',#4892,0.9);
#4892 = AXIS2_PLACEMENT_3D('',#4893,#4894,#4895);
#4893 = CARTESIAN_POINT('',(-17.2,-99.5,87.2));
#4894 = DIRECTION('',(-0.14913738139,-0.96317892148,0.223706072086));
#4895 = DIRECTION('',(6.938893903907E-18,-0.226236187833,-0.974072475391
    ));
#4896 = DEFINITIONAL_REPRESENTATION('',(#4897),#4907);
#4897 = B_SPLINE_CURVE_WITH_KNOTS('',8,(#4898,#4899,#4900,#4901,#4902,
    #4903,#4904,#4905,#4906),.UNSPECIFIED.,.F.,.F.,(9,9),(1.570796326795
    ,4.712388980385),.PIECEWISE_BEZIER_KNOTS.);
#4898 = CARTESIAN_POINT('',(2.141611534176,1.42108547152E-14));
#4899 = CARTESIAN_POINT('',(2.534310615875,4.840282464637E-02));
#4900 = CARTESIAN_POINT('',(2.927009697571,9.6806035233E-02));
#4901 = CARTESIAN_POINT('',(3.319708779261,0.133830897097));
#4902 = CARTESIAN_POINT('',(3.71240786097,0.148129820026));
#4903 = CARTESIAN_POINT('',(4.105106942661,0.133830897096));
#4904 = CARTESIAN_POINT('',(4.497806024367,9.680603523326E-02));
#4905 = CARTESIAN_POINT('',(4.890505106067,4.840282464636E-02));
#4906 = CARTESIAN_POINT('',(5.283204187766,0.));
#4907 = ( GEOMETRIC_REPRESENTATION_CONTEXT(2) 
PARAMETRIC_REPRESENTATION_CONTEXT() REPRESENTATION_CONTEXT('2D SPACE',''
  ) );
#4908 = ORIENTED_EDGE('',*,*,#4909,.F.);
#4909 = EDGE_CURVE('',#4817,#4869,#4910,.T.);
#4910 = SURFACE_CURVE('',#4911,(#4916,#4923),.PCURVE_S1.);
#4911 = CIRCLE('',#4912,0.9);
#4912 = AXIS2_PLACEMENT_3D('',#4913,#4914,#4915);
#4913 = CARTESIAN_POINT('',(-17.2,-99.5,87.2));
#4914 = DIRECTION('',(0.,-1.,0.));
#4915 = DIRECTION('',(0.,-0.,-1.));
#4916 = PCURVE('',#4689,#4917);
#4917 = DEFINITIONAL_REPRESENTATION('',(#4918),#4922);
#4918 = LINE('',#4919,#4920);
#4919 = CARTESIAN_POINT('',(0.,9.));
#4920 = VECTOR('',#4921,1.);
#4921 = DIRECTION('',(1.,0.));
#4922 = ( GEOMETRIC_REPRESENTATION_CONTEXT(2) 
PARAMETRIC_REPRESENTATION_CONTEXT() REPRESENTATION_CONTEXT('2D SPACE',''
  ) );
#4923 = PCURVE('',#4856,#4924);
#4924 = DEFINITIONAL_REPRESENTATION('',(#4925),#4928);
#4925 = B_SPLINE_CURVE_WITH_KNOTS('',1,(#4926,#4927),.UNSPECIFIED.,.F.,
  .F.,(2,2),(0.,2.158798930343),.PIECEWISE_BEZIER_KNOTS.);
#4926 = CARTESIAN_POINT('',(6.28318530718,-1.570796326795));
#4927 = CARTESIAN_POINT('',(6.28318530718,0.588002603548));
#4928 = ( GEOMETRIC_REPRESENTATION_CONTEXT(2) 
PARAMETRIC_REPRESENTATION_CONTEXT() REPRESENTATION_CONTEXT('2D SPACE',''
  ) );
#4929 = ORIENTED_EDGE('',*,*,#4816,.F.);
#4930 = ORIENTED_EDGE('',*,*,#4768,.T.);
#4931 = ORIENTED_EDGE('',*,*,#4732,.T.);
#4932 = ORIENTED_EDGE('',*,*,#4667,.T.);
#4933 = ORIENTED_EDGE('',*,*,#4791,.T.);
#4934 = ADVANCED_FACE('',(#4935),#4856,.T.);
#4935 = FACE_BOUND('',#4936,.T.);
#4936 = EDGE_LOOP('',(#4937,#4938,#4996,#5045));
#4937 = ORIENTED_EDGE('',*,*,#4909,.T.);
#4938 = ORIENTED_EDGE('',*,*,#4939,.F.);
#4939 = EDGE_CURVE('',#4940,#4869,#4942,.T.);
#4940 = VERTEX_POINT('',#4941);
#4941 = CARTESIAN_POINT('',(-17.2,-99.70361256905,86.323334772148));
#4942 = SURFACE_CURVE('',#4943,(#4948,#4989),.PCURVE_S1.);
#4943 = CIRCLE('',#4944,0.9);
#4944 = AXIS2_PLACEMENT_3D('',#4945,#4946,#4947);
#4945 = CARTESIAN_POINT('',(-17.2,-99.5,87.2));
#4946 = DIRECTION('',(-0.14913738139,-0.96317892148,0.223706072086));
#4947 = DIRECTION('',(6.938893903907E-18,-0.226236187833,-0.974072475391
    ));
#4948 = PCURVE('',#4856,#4949);
#4949 = DEFINITIONAL_REPRESENTATION('',(#4950),#4988);
#4950 = B_SPLINE_CURVE_WITH_KNOTS('',8,(#4951,#4952,#4953,#4954,#4955,
    #4956,#4957,#4958,#4959,#4960,#4961,#4962,#4963,#4964,#4965,#4966,
    #4967,#4968,#4969,#4970,#4971,#4972,#4973,#4974,#4975,#4976,#4977,
    #4978,#4979,#4980,#4981,#4982,#4983,#4984,#4985,#4986,#4987),
  .UNSPECIFIED.,.F.,.F.,(9,7,7,7,7,9),(0.,0.133850720886,0.384820822547,
    0.824018500454,1.482815017315,2.141611534176),.UNSPECIFIED.);
#4951 = CARTESIAN_POINT('',(4.712388980385,-1.342584385004));
#4952 = CARTESIAN_POINT('',(4.78551709079,-1.340089116753));
#4953 = CARTESIAN_POINT('',(4.856849363589,-1.336247081952));
#4954 = CARTESIAN_POINT('',(4.925334302317,-1.331116744049));
#4955 = CARTESIAN_POINT('',(4.99014723781,-1.324798747934));
#4956 = CARTESIAN_POINT('',(5.050888205709,-1.317416622572));
#4957 = CARTESIAN_POINT('',(5.10749605739,-1.309095758221));
#4958 = CARTESIAN_POINT('',(5.16007647696,-1.299949272886));
#4959 = CARTESIAN_POINT('',(5.300276139445,-1.271573338465));
#4960 = CARTESIAN_POINT('',(5.378296948667,-1.250523742511));
#4961 = CARTESIAN_POINT('',(5.444290234074,-1.227602718508));
#4962 = CARTESIAN_POINT('',(5.50089140495,-1.203322824021));
#4963 = CARTESIAN_POINT('',(5.549911357688,-1.17799133929));
#4964 = CARTESIAN_POINT('',(5.592834293301,-1.151844705318));
#4965 = CARTESIAN_POINT('',(5.630764912588,-1.125044601685));
#4966 = CARTESIAN_POINT('',(5.723728970494,-1.049887860869));
#4967 = CARTESIAN_POINT('',(5.77025392851,-1.000439260568));
#4968 = CARTESIAN_POINT('',(5.808774242612,-0.950023573006));
#4969 = CARTESIAN_POINT('',(5.841590296296,-0.898920854578));
#4970 = CARTESIAN_POINT('',(5.870129975342,-0.847306408291));
#4971 = CARTESIAN_POINT('',(5.895418507714,-0.795312181274));
#4972 = CARTESIAN_POINT('',(5.918130640877,-0.743013658284));
#4973 = CARTESIAN_POINT('',(5.96978933083,-0.611669602746));
#4974 = CARTESIAN_POINT('',(5.996173659669,-0.532324270377));
#4975 = CARTESIAN_POINT('',(6.019686854726,-0.452647461228));
#4976 = CARTESIAN_POINT('',(6.041196554607,-0.372739684317));
#4977 = CARTESIAN_POINT('',(6.061305044741,-0.292670595973));
#4978 = CARTESIAN_POINT('',(6.0805002177,-0.212496868684));
#4979 = CARTESIAN_POINT('',(6.099147499455,-0.132260140501));
#4980 = CARTESIAN_POINT('',(6.136091514059,2.825350588449E-02));
#4981 = CARTESIAN_POINT('',(6.154386617092,0.108530640384));
#4982 = CARTESIAN_POINT('',(6.172873718739,0.188785689992));
#4983 = CARTESIAN_POINT('',(6.191890328527,0.268980091643));
#4984 = CARTESIAN_POINT('',(6.211835095951,0.349067866135));
#4985 = CARTESIAN_POINT('',(6.233181340373,0.428994480998));
#4986 = CARTESIAN_POINT('',(6.256575610594,0.508685238724));
#4987 = CARTESIAN_POINT('',(6.28318530718,0.588002603548));
#4988 = ( GEOMETRIC_REPRESENTATION_CONTEXT(2) 
PARAMETRIC_REPRESENTATION_CONTEXT() REPRESENTATION_CONTEXT('2D SPACE',''
  ) );
#4989 = PCURVE('',#4891,#4990);
#4990 = DEFINITIONAL_REPRESENTATION('',(#4991),#4995);
#4991 = LINE('',#4992,#4993);
#4992 = CARTESIAN_POINT('',(0.,0.));
#4993 = VECTOR('',#4994,1.);
#4994 = DIRECTION('',(1.,0.));
#4995 = ( GEOMETRIC_REPRESENTATION_CONTEXT(2) 
PARAMETRIC_REPRESENTATION_CONTEXT() REPRESENTATION_CONTEXT('2D SPACE',''
  ) );
#4996 = ORIENTED_EDGE('',*,*,#4997,.F.);
#4997 = EDGE_CURVE('',#4840,#4940,#4998,.T.);
#4998 = SURFACE_CURVE('',#4999,(#5004,#5038),.PCURVE_S1.);
#4999 = CIRCLE('',#5000,0.9);
#5000 = AXIS2_PLACEMENT_3D('',#5001,#5002,#5003);
#5001 = CARTESIAN_POINT('',(-17.2,-99.5,87.2));
#5002 = DIRECTION('',(-0.14913738139,-0.96317892148,0.223706072086));
#5003 = DIRECTION('',(6.938893903907E-18,-0.226236187833,-0.974072475391
    ));
#5004 = PCURVE('',#4856,#5005);
#5005 = DEFINITIONAL_REPRESENTATION('',(#5006),#5037);
#5006 = B_SPLINE_CURVE_WITH_KNOTS('',8,(#5007,#5008,#5009,#5010,#5011,
    #5012,#5013,#5014,#5015,#5016,#5017,#5018,#5019,#5020,#5021,#5022,
    #5023,#5024,#5025,#5026,#5027,#5028,#5029,#5030,#5031,#5032,#5033,
    #5034,#5035,#5036),.UNSPECIFIED.,.F.,.F.,(9,7,7,7,9),(5.283204187766
    ,5.783194747473,6.033190027326,6.158187667253,6.28318530718),
  .UNSPECIFIED.);
#5007 = CARTESIAN_POINT('',(3.14159265359,-0.588002603548));
#5008 = CARTESIAN_POINT('',(3.161787959347,-0.648200149554));
#5009 = CARTESIAN_POINT('',(3.183836064535,-0.708182436743));
#5010 = CARTESIAN_POINT('',(3.208246993079,-0.767890153614));
#5011 = CARTESIAN_POINT('',(3.235725448711,-0.827236444696));
#5012 = CARTESIAN_POINT('',(3.267220571852,-0.886115333503));
#5013 = CARTESIAN_POINT('',(3.304276585186,-0.944325673754));
#5014 = CARTESIAN_POINT('',(3.349144980609,-1.001609682669));
#5015 = CARTESIAN_POINT('',(3.436042196666,-1.085074154193));
#5016 = CARTESIAN_POINT('',(3.468273387539,-1.112485386702));
#5017 = CARTESIAN_POINT('',(3.504429803026,-1.139396459027));
#5018 = CARTESIAN_POINT('',(3.545342084351,-1.165690152548));
#5019 = CARTESIAN_POINT('',(3.592149725209,-1.191201256689));
#5020 = CARTESIAN_POINT('',(3.64624194187,-1.215708713609));
#5021 = CARTESIAN_POINT('',(3.709719354864,-1.238865623016));
#5022 = CARTESIAN_POINT('',(3.821952652062,-1.270807783093));
#5023 = CARTESIAN_POINT('',(3.862200702368,-1.280989736358));
#5024 = CARTESIAN_POINT('',(3.905526475457,-1.290641949707));
#5025 = CARTESIAN_POINT('',(3.952169592544,-1.299691213004));
#5026 = CARTESIAN_POINT('',(4.002326938913,-1.308052239773));
#5027 = CARTESIAN_POINT('',(4.056094973293,-1.315629322101));
#5028 = CARTESIAN_POINT('',(4.113395932182,-1.322322813152));
#5029 = CARTESIAN_POINT('',(4.234379926089,-1.333758061444));
#5030 = CARTESIAN_POINT('',(4.298065122602,-1.338499854083));
#5031 = CARTESIAN_POINT('',(4.364603148479,-1.342174068739));
#5032 = CARTESIAN_POINT('',(4.433433662369,-1.344696344968));
#5033 = CARTESIAN_POINT('',(4.503671533827,-1.34600360652));
#5034 = CARTESIAN_POINT('',(4.574240938014,-1.346070225802));
#5035 = CARTESIAN_POINT('',(4.644097669344,-1.344914612592));
#5036 = CARTESIAN_POINT('',(4.712388980385,-1.342584385004));
#5037 = ( GEOMETRIC_REPRESENTATION_CONTEXT(2) 
PARAMETRIC_REPRESENTATION_CONTEXT() REPRESENTATION_CONTEXT('2D SPACE',''
  ) );
#5038 = PCURVE('',#4891,#5039);
#5039 = DEFINITIONAL_REPRESENTATION('',(#5040),#5044);
#5040 = LINE('',#5041,#5042);
#5041 = CARTESIAN_POINT('',(0.,0.));
#5042 = VECTOR('',#5043,1.);
#5043 = DIRECTION('',(1.,0.));
#5044 = ( GEOMETRIC_REPRESENTATION_CONTEXT(2) 
PARAMETRIC_REPRESENTATION_CONTEXT() REPRESENTATION_CONTEXT('2D SPACE',''
  ) );
#5045 = ORIENTED_EDGE('',*,*,#4839,.T.);
#5046 = ADVANCED_FACE('',(#5047),#4891,.T.);
#5047 = FACE_BOUND('',#5048,.T.);
#5048 = EDGE_LOOP('',(#5049,#5085,#5124,#5145,#5146,#5147,#5148,#5149,
    #5183));
#5049 = ORIENTED_EDGE('',*,*,#5050,.F.);
#5050 = EDGE_CURVE('',#5051,#5053,#5055,.T.);
#5051 = VERTEX_POINT('',#5052);
#5052 = CARTESIAN_POINT('',(-18.7163534299,-115.1539819765,
    90.726119758716));
#5053 = VERTEX_POINT('',#5054);
#5054 = CARTESIAN_POINT('',(-18.85115473509,-115.,91.299230176603));
#5055 = SURFACE_CURVE('',#5056,(#5061,#5068),.PCURVE_S1.);
#5056 = CIRCLE('',#5057,0.9);
#5057 = AXIS2_PLACEMENT_3D('',#5058,#5059,#5060);
#5058 = CARTESIAN_POINT('',(-19.6,-115.,90.8));
#5059 = DIRECTION('',(-0.14913738139,-0.96317892148,0.223706072086));
#5060 = DIRECTION('',(6.938893903907E-18,-0.226236187833,-0.974072475391
    ));
#5061 = PCURVE('',#4891,#5062);
#5062 = DEFINITIONAL_REPRESENTATION('',(#5063),#5067);
#5063 = LINE('',#5064,#5065);
#5064 = CARTESIAN_POINT('',(0.,16.092544857791));
#5065 = VECTOR('',#5066,1.);
#5066 = DIRECTION('',(1.,0.));
#5067 = ( GEOMETRIC_REPRESENTATION_CONTEXT(2) 
PARAMETRIC_REPRESENTATION_CONTEXT() REPRESENTATION_CONTEXT('2D SPACE',''
  ) );
#5068 = PCURVE('',#5069,#5074);
#5069 = SPHERICAL_SURFACE('',#5070,0.9);
#5070 = AXIS2_PLACEMENT_3D('',#5071,#5072,#5073);
#5071 = CARTESIAN_POINT('',(-19.6,-115.,90.8));
#5072 = DIRECTION('',(0.,0.,1.));
#5073 = DIRECTION('',(1.,0.,-0.));
#5074 = DEFINITIONAL_REPRESENTATION('',(#5075),#5084);
#5075 = B_SPLINE_CURVE_WITH_KNOTS('',7,(#5076,#5077,#5078,#5079,#5080,
    #5081,#5082,#5083),.UNSPECIFIED.,.F.,.F.,(8,8),(1.451848249598,
    2.141611534176),.PIECEWISE_BEZIER_KNOTS.);
#5076 = CARTESIAN_POINT('',(6.110660240141,-8.218163241703E-02));
#5077 = CARTESIAN_POINT('',(6.132853252787,1.384154270563E-02));
#5078 = CARTESIAN_POINT('',(6.154635782426,0.10991184764));
#5079 = CARTESIAN_POINT('',(6.176696718113,0.205950077844));
#5080 = CARTESIAN_POINT('',(6.19961999735,0.301889719475));
#5081 = CARTESIAN_POINT('',(6.224203714278,0.397638170892));
#5082 = CARTESIAN_POINT('',(6.251344750738,0.493093252617));
#5083 = CARTESIAN_POINT('',(6.28318530718,0.588002603548));
#5084 = ( GEOMETRIC_REPRESENTATION_CONTEXT(2) 
PARAMETRIC_REPRESENTATION_CONTEXT() REPRESENTATION_CONTEXT('2D SPACE',''
  ) );
#5085 = ORIENTED_EDGE('',*,*,#5086,.F.);
#5086 = EDGE_CURVE('',#5087,#5051,#5089,.T.);
#5087 = VERTEX_POINT('',#5088);
#5088 = CARTESIAN_POINT('',(-19.48472441272,-114.4591244012,
    89.75042139123));
#5089 = SURFACE_CURVE('',#5090,(#5095,#5107),.PCURVE_S1.);
#5090 = ELLIPSE('',#5091,1.189951098828,0.9);
#5091 = AXIS2_PLACEMENT_3D('',#5092,#5093,#5094);
#5092 = CARTESIAN_POINT('',(-19.6,-115.,90.8));
#5093 = DIRECTION('',(-0.189560244389,-0.864161910322,-0.46614494151));
#5094 = DIRECTION('',(-8.814921132463E-03,-0.473235705917,0.880891743525
    ));
#5095 = PCURVE('',#4891,#5096);
#5096 = DEFINITIONAL_REPRESENTATION('',(#5097),#5106);
#5097 = B_SPLINE_CURVE_WITH_KNOTS('',7,(#5098,#5099,#5100,#5101,#5102,
    #5103,#5104,#5105),.UNSPECIFIED.,.F.,.F.,(8,8),(3.260540730787,
    4.712389365766),.PIECEWISE_BEZIER_KNOTS.);
#5098 = CARTESIAN_POINT('',(1.475363041613E-13,15.319595874753));
#5099 = CARTESIAN_POINT('',(0.207406947854,15.338755480658));
#5100 = CARTESIAN_POINT('',(0.414813895708,15.396707671851));
#5101 = CARTESIAN_POINT('',(0.622220843563,15.492102913327));
#5102 = CARTESIAN_POINT('',(0.829627791417,15.619520086562));
#5103 = CARTESIAN_POINT('',(1.037034739271,15.769633829709));
#5104 = CARTESIAN_POINT('',(1.244441687125,15.931089323796));
#5105 = CARTESIAN_POINT('',(1.45184863498,16.09254515779));
#5106 = ( GEOMETRIC_REPRESENTATION_CONTEXT(2) 
PARAMETRIC_REPRESENTATION_CONTEXT() REPRESENTATION_CONTEXT('2D SPACE',''
  ) );
#5107 = PCURVE('',#5108,#5113);
#5108 = CYLINDRICAL_SURFACE('',#5109,0.9);
#5109 = AXIS2_PLACEMENT_3D('',#5110,#5111,#5112);
#5110 = CARTESIAN_POINT('',(-19.6,-115.,90.8));
#5111 = DIRECTION('',(-0.137604183231,-0.344010458077,-0.928828236808));
#5112 = DIRECTION('',(0.,-0.937748760724,0.347314355824));
#5113 = DEFINITIONAL_REPRESENTATION('',(#5114),#5123);
#5114 = B_SPLINE_CURVE_WITH_KNOTS('',7,(#5115,#5116,#5117,#5118,#5119,
    #5120,#5121,#5122),.UNSPECIFIED.,.F.,.F.,(8,8),(3.260540730787,
    4.712389365766),.PIECEWISE_BEZIER_KNOTS.);
#5115 = CARTESIAN_POINT('',(3.392856186108,0.772948983038));
#5116 = CARTESIAN_POINT('',(3.600263133963,0.753789377132));
#5117 = CARTESIAN_POINT('',(3.807670081818,0.695837185943));
#5118 = CARTESIAN_POINT('',(4.015077029668,0.600441944456));
#5119 = CARTESIAN_POINT('',(4.222483977528,0.473024771228));
#5120 = CARTESIAN_POINT('',(4.429890925378,0.32291102808));
#5121 = CARTESIAN_POINT('',(4.637297873234,0.161455533995));
#5122 = CARTESIAN_POINT('',(4.844704821088,-2.999998613973E-07));
#5123 = ( GEOMETRIC_REPRESENTATION_CONTEXT(2) 
PARAMETRIC_REPRESENTATION_CONTEXT() REPRESENTATION_CONTEXT('2D SPACE',''
  ) );
#5124 = ORIENTED_EDGE('',*,*,#5125,.F.);
#5125 = EDGE_CURVE('',#4940,#5087,#5126,.T.);
#5126 = SEAM_CURVE('',#5127,(#5131,#5138),.PCURVE_S1.);
#5127 = LINE('',#5128,#5129);
#5128 = CARTESIAN_POINT('',(-17.2,-99.70361256905,86.323334772148));
#5129 = VECTOR('',#5130,1.);
#5130 = DIRECTION('',(-0.14913738139,-0.96317892148,0.223706072086));
#5131 = PCURVE('',#4891,#5132);
#5132 = DEFINITIONAL_REPRESENTATION('',(#5133),#5137);
#5133 = LINE('',#5134,#5135);
#5134 = CARTESIAN_POINT('',(6.28318530718,-0.));
#5135 = VECTOR('',#5136,1.);
#5136 = DIRECTION('',(0.,1.));
#5137 = ( GEOMETRIC_REPRESENTATION_CONTEXT(2) 
PARAMETRIC_REPRESENTATION_CONTEXT() REPRESENTATION_CONTEXT('2D SPACE',''
  ) );
#5138 = PCURVE('',#4891,#5139);
#5139 = DEFINITIONAL_REPRESENTATION('',(#5140),#5144);
#5140 = LINE('',#5141,#5142);
#5141 = CARTESIAN_POINT('',(0.,-0.));
#5142 = VECTOR('',#5143,1.);
#5143 = DIRECTION('',(0.,1.));
#5144 = ( GEOMETRIC_REPRESENTATION_CONTEXT(2) 
PARAMETRIC_REPRESENTATION_CONTEXT() REPRESENTATION_CONTEXT('2D SPACE',''
  ) );
#5145 = ORIENTED_EDGE('',*,*,#4939,.T.);
#5146 = ORIENTED_EDGE('',*,*,#4868,.T.);
#5147 = ORIENTED_EDGE('',*,*,#4997,.T.);
#5148 = ORIENTED_EDGE('',*,*,#5125,.T.);
#5149 = ORIENTED_EDGE('',*,*,#5150,.F.);
#5150 = EDGE_CURVE('',#5151,#5087,#5153,.T.);
#5151 = VERTEX_POINT('',#5152);
#5152 = CARTESIAN_POINT('',(-20.48364657009,-114.8460180234,
    90.873880241284));
#5153 = SURFACE_CURVE('',#5154,(#5159,#5171),.PCURVE_S1.);
#5154 = ELLIPSE('',#5155,1.189951098828,0.9);
#5155 = AXIS2_PLACEMENT_3D('',#5156,#5157,#5158);
#5156 = CARTESIAN_POINT('',(-19.6,-115.,90.8));
#5157 = DIRECTION('',(-0.189560244389,-0.864161910322,-0.46614494151));
#5158 = DIRECTION('',(-8.814921132463E-03,-0.473235705917,0.880891743525
    ));
#5159 = PCURVE('',#4891,#5160);
#5160 = DEFINITIONAL_REPRESENTATION('',(#5161),#5170);
#5161 = B_SPLINE_CURVE_WITH_KNOTS('',7,(#5162,#5163,#5164,#5165,#5166,
    #5167,#5168,#5169),.UNSPECIFIED.,.F.,.F.,(8,8),(1.570795941413,
    3.260540730787),.PIECEWISE_BEZIER_KNOTS.);
#5162 = CARTESIAN_POINT('',(4.593440517807,16.092545157791));
#5163 = CARTESIAN_POINT('',(4.834832630574,15.904633589303));
#5164 = CARTESIAN_POINT('',(5.076224743342,15.716723344497));
#5165 = CARTESIAN_POINT('',(5.317616856109,15.546688125649));
#5166 = CARTESIAN_POINT('',(5.559008968877,15.412452554125));
#5167 = CARTESIAN_POINT('',(5.800401081645,15.327545780807));
#5168 = CARTESIAN_POINT('',(6.041793194412,15.297296825482));
#5169 = CARTESIAN_POINT('',(6.28318530718,15.319595874753));
#5170 = ( GEOMETRIC_REPRESENTATION_CONTEXT(2) 
PARAMETRIC_REPRESENTATION_CONTEXT() REPRESENTATION_CONTEXT('2D SPACE',''
  ) );
#5171 = PCURVE('',#5108,#5172);
#5172 = DEFINITIONAL_REPRESENTATION('',(#5173),#5182);
#5173 = B_SPLINE_CURVE_WITH_KNOTS('',7,(#5174,#5175,#5176,#5177,#5178,
    #5179,#5180,#5181),.UNSPECIFIED.,.F.,.F.,(8,8),(1.570795941413,
    3.260540730787),.PIECEWISE_BEZIER_KNOTS.);
#5174 = CARTESIAN_POINT('',(1.703111396735,-3.000000035058E-07));
#5175 = CARTESIAN_POINT('',(1.944503509503,0.187911268488));
#5176 = CARTESIAN_POINT('',(2.185895622271,0.375821513292));
#5177 = CARTESIAN_POINT('',(2.427287735038,0.545856732149));
#5178 = CARTESIAN_POINT('',(2.668679847806,0.680092303661));
#5179 = CARTESIAN_POINT('',(2.910071960573,0.764999076986));
#5180 = CARTESIAN_POINT('',(3.151464073341,0.795248032309));
#5181 = CARTESIAN_POINT('',(3.392856186108,0.772948983038));
#5182 = ( GEOMETRIC_REPRESENTATION_CONTEXT(2) 
PARAMETRIC_REPRESENTATION_CONTEXT() REPRESENTATION_CONTEXT('2D SPACE',''
  ) );
#5183 = ORIENTED_EDGE('',*,*,#5184,.F.);
#5184 = EDGE_CURVE('',#5053,#5151,#5185,.T.);
#5185 = SURFACE_CURVE('',#5186,(#5191,#5198),.PCURVE_S1.);
#5186 = CIRCLE('',#5187,0.9);
#5187 = AXIS2_PLACEMENT_3D('',#5188,#5189,#5190);
#5188 = CARTESIAN_POINT('',(-19.6,-115.,90.8));
#5189 = DIRECTION('',(-0.14913738139,-0.96317892148,0.223706072086));
#5190 = DIRECTION('',(6.938893903907E-18,-0.226236187833,-0.974072475391
    ));
#5191 = PCURVE('',#4891,#5192);
#5192 = DEFINITIONAL_REPRESENTATION('',(#5193),#5197);
#5193 = LINE('',#5194,#5195);
#5194 = CARTESIAN_POINT('',(0.,16.092544857791));
#5195 = VECTOR('',#5196,1.);
#5196 = DIRECTION('',(1.,0.));
#5197 = ( GEOMETRIC_REPRESENTATION_CONTEXT(2) 
PARAMETRIC_REPRESENTATION_CONTEXT() REPRESENTATION_CONTEXT('2D SPACE',''
  ) );
#5198 = PCURVE('',#5069,#5199);
#5199 = DEFINITIONAL_REPRESENTATION('',(#5200),#5259);
#5200 = B_SPLINE_CURVE_WITH_KNOTS('',8,(#5201,#5202,#5203,#5204,#5205,
    #5206,#5207,#5208,#5209,#5210,#5211,#5212,#5213,#5214,#5215,#5216,
    #5217,#5218,#5219,#5220,#5221,#5222,#5223,#5224,#5225,#5226,#5227,
    #5228,#5229,#5230,#5231,#5232,#5233,#5234,#5235,#5236,#5237,#5238,
    #5239,#5240,#5241,#5242,#5243,#5244,#5245,#5246,#5247,#5248,#5249,
    #5250,#5251,#5252,#5253,#5254,#5255,#5256,#5257,#5258),
  .UNSPECIFIED.,.F.,.F.,(9,7,7,7,7,7,7,7,9),(2.141611534176,
    2.448090205302,2.716259042538,2.950906775119,3.053565158124,
    3.246049626257,3.58289744549,4.088169174339,4.593440903188),
  .UNSPECIFIED.);
#5201 = CARTESIAN_POINT('',(1.897702420142E-14,0.588002603548));
#5202 = CARTESIAN_POINT('',(1.237909466731E-02,0.624901828037));
#5203 = CARTESIAN_POINT('',(2.545456660956E-02,0.661720170962));
#5204 = CARTESIAN_POINT('',(3.934292905874E-02,0.69844395025));
#5205 = CARTESIAN_POINT('',(5.419028130297E-02,0.735055779325));
#5206 = CARTESIAN_POINT('',(7.017416773398E-02,0.771534516234));
#5207 = CARTESIAN_POINT('',(8.751980862253E-02,0.807853190998));
#5208 = CARTESIAN_POINT('',(0.106530702622,0.843974911226));
#5209 = CARTESIAN_POINT('',(0.146098637078,0.911234601356));
#5210 = CARTESIAN_POINT('',(0.166166180813,0.942430855724));
#5211 = CARTESIAN_POINT('',(0.188120977886,0.973400928707));
#5212 = CARTESIAN_POINT('',(0.21233076909,1.004097397994));
#5213 = CARTESIAN_POINT('',(0.23926179985,1.034460934293));
#5214 = CARTESIAN_POINT('',(0.269533102051,1.06441202359));
#5215 = CARTESIAN_POINT('',(0.304009548154,1.093833476681));
#5216 = CARTESIAN_POINT('',(0.378867290902,1.147665194113));
#5217 = CARTESIAN_POINT('',(0.417972168044,1.172241994375));
#5218 = CARTESIAN_POINT('',(0.462080656764,1.196150955545));
#5219 = CARTESIAN_POINT('',(0.512250406592,1.219231664456));
#5220 = CARTESIAN_POINT('',(0.569825436976,1.241256420803));
#5221 = CARTESIAN_POINT('',(0.636473590684,1.261928716558));
#5222 = CARTESIAN_POINT('',(0.714323595491,1.28077727432));
#5223 = CARTESIAN_POINT('',(0.843543030092,1.30441876592));
#5224 = CARTESIAN_POINT('',(0.885176413532,1.311154180251));
#5225 = CARTESIAN_POINT('',(0.929182654746,1.317381456191));
#5226 = CARTESIAN_POINT('',(0.975592605169,1.323048287572));
#5227 = CARTESIAN_POINT('',(1.024357643613,1.328099841324));
#5228 = CARTESIAN_POINT('',(1.0753218718,1.332481806173));
#5229 = CARTESIAN_POINT('',(1.128209701128,1.336145026916));
#5230 = CARTESIAN_POINT('',(1.284664698589,1.344501781852));
#5231 = CARTESIAN_POINT('',(1.392088465186,1.347291692754));
#5232 = CARTESIAN_POINT('',(1.502322476304,1.347174445838));
#5233 = CARTESIAN_POINT('',(1.611596796054,1.344019905896));
#5234 = CARTESIAN_POINT('',(1.714902554345,1.337988384544));
#5235 = CARTESIAN_POINT('',(1.810436062399,1.32946904197));
#5236 = CARTESIAN_POINT('',(1.89751531506,1.318819380801));
#5237 = CARTESIAN_POINT('',(2.114227697123,1.284610244088));
#5238 = CARTESIAN_POINT('',(2.226794433496,1.257356391017));
#5239 = CARTESIAN_POINT('',(2.314879231741,1.226436778242));
#5240 = CARTESIAN_POINT('',(2.387077050276,1.193291357045));
#5241 = CARTESIAN_POINT('',(2.446785828983,1.158440852338));
#5242 = CARTESIAN_POINT('',(2.497348640594,1.122416467479));
#5243 = CARTESIAN_POINT('',(2.54074216676,1.085474240403));
#5244 = CARTESIAN_POINT('',(2.635141883705,0.991358644602));
#5245 = CARTESIAN_POINT('',(2.679101093694,0.933303029916));
#5246 = CARTESIAN_POINT('',(2.715480671219,0.874349980495));
#5247 = CARTESIAN_POINT('',(2.746454317521,0.814748543204));
#5248 = CARTESIAN_POINT('',(2.773527819085,0.7546935914));
#5249 = CARTESIAN_POINT('',(2.797620231856,0.694287911424));
#5250 = CARTESIAN_POINT('',(2.81941964226,0.63361598245));
#5251 = CARTESIAN_POINT('',(2.859427783881,0.511855289311));
#5252 = CARTESIAN_POINT('',(2.8776377965,0.450766771981));
#5253 = CARTESIAN_POINT('',(2.894549521028,0.389528386818));
#5254 = CARTESIAN_POINT('',(2.910498912681,0.32817922708));
#5255 = CARTESIAN_POINT('',(2.925732119441,0.26674770973));
#5256 = CARTESIAN_POINT('',(2.940452219139,0.205257230036));
#5257 = CARTESIAN_POINT('',(2.95484268599,0.143728937398));
#5258 = CARTESIAN_POINT('',(2.969067586552,8.2181632417E-02));
#5259 = ( GEOMETRIC_REPRESENTATION_CONTEXT(2) 
PARAMETRIC_REPRESENTATION_CONTEXT() REPRESENTATION_CONTEXT('2D SPACE',''
  ) );
#5260 = ADVANCED_FACE('',(#5261),#5069,.T.);
#5261 = FACE_BOUND('',#5262,.T.);
#5262 = EDGE_LOOP('',(#5263,#5287,#5288,#5289,#5324,#5352));
#5263 = ORIENTED_EDGE('',*,*,#5264,.T.);
#5264 = EDGE_CURVE('',#5053,#5265,#5267,.T.);
#5265 = VERTEX_POINT('',#5266);
#5266 = CARTESIAN_POINT('',(-19.6,-115.,91.7));
#5267 = SEAM_CURVE('',#5268,(#5273,#5280),.PCURVE_S1.);
#5268 = CIRCLE('',#5269,0.9);
#5269 = AXIS2_PLACEMENT_3D('',#5270,#5271,#5272);
#5270 = CARTESIAN_POINT('',(-19.6,-115.,90.8));
#5271 = DIRECTION('',(-2.449293598295E-16,-1.,0.));
#5272 = DIRECTION('',(1.,-2.449293598295E-16,0.));
#5273 = PCURVE('',#5069,#5274);
#5274 = DEFINITIONAL_REPRESENTATION('',(#5275),#5279);
#5275 = LINE('',#5276,#5277);
#5276 = CARTESIAN_POINT('',(6.28318530718,-6.28318530718));
#5277 = VECTOR('',#5278,1.);
#5278 = DIRECTION('',(0.,1.));
#5279 = ( GEOMETRIC_REPRESENTATION_CONTEXT(2) 
PARAMETRIC_REPRESENTATION_CONTEXT() REPRESENTATION_CONTEXT('2D SPACE',''
  ) );
#5280 = PCURVE('',#5069,#5281);
#5281 = DEFINITIONAL_REPRESENTATION('',(#5282),#5286);
#5282 = LINE('',#5283,#5284);
#5283 = CARTESIAN_POINT('',(0.,-6.28318530718));
#5284 = VECTOR('',#5285,1.);
#5285 = DIRECTION('',(0.,1.));
#5286 = ( GEOMETRIC_REPRESENTATION_CONTEXT(2) 
PARAMETRIC_REPRESENTATION_CONTEXT() REPRESENTATION_CONTEXT('2D SPACE',''
  ) );
#5287 = ORIENTED_EDGE('',*,*,#5264,.F.);
#5288 = ORIENTED_EDGE('',*,*,#5184,.T.);
#5289 = ORIENTED_EDGE('',*,*,#5290,.F.);
#5290 = EDGE_CURVE('',#5291,#5151,#5293,.T.);
#5291 = VERTEX_POINT('',#5292);
#5292 = CARTESIAN_POINT('',(-19.6,-115.8439738846,91.112582920241));
#5293 = SURFACE_CURVE('',#5294,(#5299,#5317),.PCURVE_S1.);
#5294 = CIRCLE('',#5295,0.9);
#5295 = AXIS2_PLACEMENT_3D('',#5296,#5297,#5298);
#5296 = CARTESIAN_POINT('',(-19.6,-115.,90.8));
#5297 = DIRECTION('',(-0.137604183231,-0.344010458077,-0.928828236808));
#5298 = DIRECTION('',(-6.938893903907E-18,-0.937748760724,0.347314355824
    ));
#5299 = PCURVE('',#5069,#5300);
#5300 = DEFINITIONAL_REPRESENTATION('',(#5301),#5316);
#5301 = B_SPLINE_CURVE_WITH_KNOTS('',7,(#5302,#5303,#5304,#5305,#5306,
    #5307,#5308,#5309,#5310,#5311,#5312,#5313,#5314,#5315),
  .UNSPECIFIED.,.F.,.F.,(8,6,8),(0.,0.851555891058,1.703111782117),
  .UNSPECIFIED.);
#5302 = CARTESIAN_POINT('',(4.712388980385,0.354705652011));
#5303 = CARTESIAN_POINT('',(4.583896554162,0.371445316706));
#5304 = CARTESIAN_POINT('',(4.453545447599,0.381911141054));
#5305 = CARTESIAN_POINT('',(4.322004806309,0.385545445491));
#5306 = CARTESIAN_POINT('',(4.190306305112,0.382051015451));
#5307 = CARTESIAN_POINT('',(4.059689720223,0.37157421111));
#5308 = CARTESIAN_POINT('',(3.930963853823,0.354636905119));
#5309 = CARTESIAN_POINT('',(3.678125612511,0.309272388409));
#5310 = CARTESIAN_POINT('',(3.554012645028,0.280845599772));
#5311 = CARTESIAN_POINT('',(3.432620330625,0.247391039593));
#5312 = CARTESIAN_POINT('',(3.313944513132,0.209835556049));
#5313 = CARTESIAN_POINT('',(3.197550190016,0.169149719218));
#5314 = CARTESIAN_POINT('',(3.082826905165,0.126283225618));
#5315 = CARTESIAN_POINT('',(2.969067586552,8.218163241703E-02));
#5316 = ( GEOMETRIC_REPRESENTATION_CONTEXT(2) 
PARAMETRIC_REPRESENTATION_CONTEXT() REPRESENTATION_CONTEXT('2D SPACE',''
  ) );
#5317 = PCURVE('',#5108,#5318);
#5318 = DEFINITIONAL_REPRESENTATION('',(#5319),#5323);
#5319 = LINE('',#5320,#5321);
#5320 = CARTESIAN_POINT('',(0.,0.));
#5321 = VECTOR('',#5322,1.);
#5322 = DIRECTION('',(1.,0.));
#5323 = ( GEOMETRIC_REPRESENTATION_CONTEXT(2) 
PARAMETRIC_REPRESENTATION_CONTEXT() REPRESENTATION_CONTEXT('2D SPACE',''
  ) );
#5324 = ORIENTED_EDGE('',*,*,#5325,.F.);
#5325 = EDGE_CURVE('',#5051,#5291,#5326,.T.);
#5326 = SURFACE_CURVE('',#5327,(#5332,#5345),.PCURVE_S1.);
#5327 = CIRCLE('',#5328,0.9);
#5328 = AXIS2_PLACEMENT_3D('',#5329,#5330,#5331);
#5329 = CARTESIAN_POINT('',(-19.6,-115.,90.8));
#5330 = DIRECTION('',(-0.137604183231,-0.344010458077,-0.928828236808));
#5331 = DIRECTION('',(-6.938893903907E-18,-0.937748760724,0.347314355824
    ));
#5332 = PCURVE('',#5069,#5333);
#5333 = DEFINITIONAL_REPRESENTATION('',(#5334),#5344);
#5334 = B_SPLINE_CURVE_WITH_KNOTS('',8,(#5335,#5336,#5337,#5338,#5339,
    #5340,#5341,#5342,#5343),.UNSPECIFIED.,.F.,.F.,(9,9),(4.844704435706
    ,6.28318530718),.PIECEWISE_BEZIER_KNOTS.);
#5335 = CARTESIAN_POINT('',(6.110660240141,-8.218163241703E-02));
#5336 = CARTESIAN_POINT('',(5.942514461563,-1.699579255977E-02));
#5337 = CARTESIAN_POINT('',(5.776431547612,5.083282323915E-02));
#5338 = CARTESIAN_POINT('',(5.610294133812,0.118464387083));
#5339 = CARTESIAN_POINT('',(5.441591919305,0.183059059041));
#5340 = CARTESIAN_POINT('',(5.268205886146,0.24188172828));
#5341 = CARTESIAN_POINT('',(5.088255846655,0.291795059232));
#5342 = CARTESIAN_POINT('',(4.902311523101,0.329963028834));
#5343 = CARTESIAN_POINT('',(4.712388980385,0.354705652011));
#5344 = ( GEOMETRIC_REPRESENTATION_CONTEXT(2) 
PARAMETRIC_REPRESENTATION_CONTEXT() REPRESENTATION_CONTEXT('2D SPACE',''
  ) );
#5345 = PCURVE('',#5108,#5346);
#5346 = DEFINITIONAL_REPRESENTATION('',(#5347),#5351);
#5347 = LINE('',#5348,#5349);
#5348 = CARTESIAN_POINT('',(0.,0.));
#5349 = VECTOR('',#5350,1.);
#5350 = DIRECTION('',(1.,0.));
#5351 = ( GEOMETRIC_REPRESENTATION_CONTEXT(2) 
PARAMETRIC_REPRESENTATION_CONTEXT() REPRESENTATION_CONTEXT('2D SPACE',''
  ) );
#5352 = ORIENTED_EDGE('',*,*,#5050,.T.);
#5353 = ADVANCED_FACE('',(#5354),#5108,.T.);
#5354 = FACE_BOUND('',#5355,.T.);
#5355 = EDGE_LOOP('',(#5356,#5379,#5414,#5455,#5488,#5489,#5490,#5491,
    #5492));
#5356 = ORIENTED_EDGE('',*,*,#5357,.T.);
#5357 = EDGE_CURVE('',#5291,#5358,#5360,.T.);
#5358 = VERTEX_POINT('',#5359);
#5359 = CARTESIAN_POINT('',(-22.8,-123.8439738846,69.512582920241));
#5360 = SEAM_CURVE('',#5361,(#5365,#5372),.PCURVE_S1.);
#5361 = LINE('',#5362,#5363);
#5362 = CARTESIAN_POINT('',(-19.6,-115.8439738846,91.112582920241));
#5363 = VECTOR('',#5364,1.);
#5364 = DIRECTION('',(-0.137604183231,-0.344010458077,-0.928828236808));
#5365 = PCURVE('',#5108,#5366);
#5366 = DEFINITIONAL_REPRESENTATION('',(#5367),#5371);
#5367 = LINE('',#5368,#5369);
#5368 = CARTESIAN_POINT('',(6.28318530718,-0.));
#5369 = VECTOR('',#5370,1.);
#5370 = DIRECTION('',(0.,1.));
#5371 = ( GEOMETRIC_REPRESENTATION_CONTEXT(2) 
PARAMETRIC_REPRESENTATION_CONTEXT() REPRESENTATION_CONTEXT('2D SPACE',''
  ) );
#5372 = PCURVE('',#5108,#5373);
#5373 = DEFINITIONAL_REPRESENTATION('',(#5374),#5378);
#5374 = LINE('',#5375,#5376);
#5375 = CARTESIAN_POINT('',(0.,-0.));
#5376 = VECTOR('',#5377,1.);
#5377 = DIRECTION('',(0.,1.));
#5378 = ( GEOMETRIC_REPRESENTATION_CONTEXT(2) 
PARAMETRIC_REPRESENTATION_CONTEXT() REPRESENTATION_CONTEXT('2D SPACE',''
  ) );
#5379 = ORIENTED_EDGE('',*,*,#5380,.F.);
#5380 = EDGE_CURVE('',#5381,#5358,#5383,.T.);
#5381 = VERTEX_POINT('',#5382);
#5382 = CARTESIAN_POINT('',(-21.9643709782,-123.3342516087,69.2));
#5383 = SURFACE_CURVE('',#5384,(#5389,#5396),.PCURVE_S1.);
#5384 = CIRCLE('',#5385,0.9);
#5385 = AXIS2_PLACEMENT_3D('',#5386,#5387,#5388);
#5386 = CARTESIAN_POINT('',(-22.8,-123.,69.2));
#5387 = DIRECTION('',(-0.137604183231,-0.344010458077,-0.928828236808));
#5388 = DIRECTION('',(-6.938893903907E-18,-0.937748760724,0.347314355824
    ));
#5389 = PCURVE('',#5108,#5390);
#5390 = DEFINITIONAL_REPRESENTATION('',(#5391),#5395);
#5391 = LINE('',#5392,#5393);
#5392 = CARTESIAN_POINT('',(0.,23.255106965998));
#5393 = VECTOR('',#5394,1.);
#5394 = DIRECTION('',(1.,0.));
#5395 = ( GEOMETRIC_REPRESENTATION_CONTEXT(2) 
PARAMETRIC_REPRESENTATION_CONTEXT() REPRESENTATION_CONTEXT('2D SPACE',''
  ) );
#5396 = PCURVE('',#5397,#5402);
#5397 = SPHERICAL_SURFACE('',#5398,0.9);
#5398 = AXIS2_PLACEMENT_3D('',#5399,#5400,#5401);
#5399 = CARTESIAN_POINT('',(-22.8,-123.,69.2));
#5400 = DIRECTION('',(0.,0.,1.));
#5401 = DIRECTION('',(1.,0.,-0.));
#5402 = DEFINITIONAL_REPRESENTATION('',(#5403),#5413);
#5403 = B_SPLINE_CURVE_WITH_KNOTS('',8,(#5404,#5405,#5406,#5407,#5408,
    #5409,#5410,#5411,#5412),.UNSPECIFIED.,.F.,.F.,(9,9),(5.068115131412
    ,6.28318530718),.PIECEWISE_BEZIER_KNOTS.);
#5404 = CARTESIAN_POINT('',(5.902678930067,1.578983857245E-14));
#5405 = CARTESIAN_POINT('',(5.761604993948,5.627454785147E-02));
#5406 = CARTESIAN_POINT('',(5.620531084609,0.112548882369));
#5407 = CARTESIAN_POINT('',(5.478095640097,0.167118280825));
#5408 = CARTESIAN_POINT('',(5.332935788174,0.218268247433));
#5409 = CARTESIAN_POINT('',(5.183936235575,0.264283324172));
#5410 = CARTESIAN_POINT('',(5.030401597273,0.303326555473));
#5411 = CARTESIAN_POINT('',(4.872814622419,0.333805809623));
#5412 = CARTESIAN_POINT('',(4.712388980385,0.354705652011));
#5413 = ( GEOMETRIC_REPRESENTATION_CONTEXT(2) 
PARAMETRIC_REPRESENTATION_CONTEXT() REPRESENTATION_CONTEXT('2D SPACE',''
  ) );
#5414 = ORIENTED_EDGE('',*,*,#5415,.F.);
#5415 = EDGE_CURVE('',#5416,#5381,#5418,.T.);
#5416 = VERTEX_POINT('',#5417);
#5417 = CARTESIAN_POINT('',(-23.63562902179,-122.6657483912,69.2));
#5418 = SURFACE_CURVE('',#5419,(#5424,#5437),.PCURVE_S1.);
#5419 = ELLIPSE('',#5420,0.916454123586,0.9);
#5420 = AXIS2_PLACEMENT_3D('',#5421,#5422,#5423);
#5421 = CARTESIAN_POINT('',(-22.8,-123.,69.2));
#5422 = DIRECTION('',(-7.005995619143E-02,-0.175149890479,
    -0.982045884062));
#5423 = DIRECTION('',(-0.364722685093,-0.911806712732,0.188642205236));
#5424 = PCURVE('',#5108,#5425);
#5425 = DEFINITIONAL_REPRESENTATION('',(#5426),#5436);
#5426 = B_SPLINE_CURVE_WITH_KNOTS('',8,(#5427,#5428,#5429,#5430,#5431,
    #5432,#5433,#5434,#5435),.UNSPECIFIED.,.F.,.F.,(9,9),(1.570796326795
    ,4.712388980385),.PIECEWISE_BEZIER_KNOTS.);
#5427 = CARTESIAN_POINT('',(1.926522477822,23.255106965998));
#5428 = CARTESIAN_POINT('',(2.319221559521,23.187216392073));
#5429 = CARTESIAN_POINT('',(2.711920641214,23.11932527681));
#5430 = CARTESIAN_POINT('',(3.104619722919,23.067393614911));
#5431 = CARTESIAN_POINT('',(3.497318804599,23.047337717522));
#5432 = CARTESIAN_POINT('',(3.890017886311,23.067393614983));
#5433 = CARTESIAN_POINT('',(4.28271696801,23.119325276799));
#5434 = CARTESIAN_POINT('',(4.675416049713,23.187216392073));
#5435 = CARTESIAN_POINT('',(5.068115131412,23.255106965998));
#5436 = ( GEOMETRIC_REPRESENTATION_CONTEXT(2) 
PARAMETRIC_REPRESENTATION_CONTEXT() REPRESENTATION_CONTEXT('2D SPACE',''
  ) );
#5437 = PCURVE('',#5438,#5443);
#5438 = CYLINDRICAL_SURFACE('',#5439,0.9);
#5439 = AXIS2_PLACEMENT_3D('',#5440,#5441,#5442);
#5440 = CARTESIAN_POINT('',(-22.8,-123.,69.2));
#5441 = DIRECTION('',(0.,0.,-1.));
#5442 = DIRECTION('',(-1.,0.,-0.));
#5443 = DEFINITIONAL_REPRESENTATION('',(#5444),#5454);
#5444 = B_SPLINE_CURVE_WITH_KNOTS('',8,(#5445,#5446,#5447,#5448,#5449,
    #5450,#5451,#5452,#5453),.UNSPECIFIED.,.F.,.F.,(9,9),(1.570796326795
    ,4.712388980385),.PIECEWISE_BEZIER_KNOTS.);
#5445 = CARTESIAN_POINT('',(0.380506377112,0.));
#5446 = CARTESIAN_POINT('',(0.773205458811,6.789057392444E-02));
#5447 = CARTESIAN_POINT('',(1.165904540509,0.135781689175));
#5448 = CARTESIAN_POINT('',(1.558603622206,0.187713351009));
#5449 = CARTESIAN_POINT('',(1.951302703903,0.207769248395));
#5450 = CARTESIAN_POINT('',(2.344001785605,0.187713351009));
#5451 = CARTESIAN_POINT('',(2.736700867305,0.135781689175));
#5452 = CARTESIAN_POINT('',(3.129399949003,6.789057392444E-02));
#5453 = CARTESIAN_POINT('',(3.522099030702,0.));
#5454 = ( GEOMETRIC_REPRESENTATION_CONTEXT(2) 
PARAMETRIC_REPRESENTATION_CONTEXT() REPRESENTATION_CONTEXT('2D SPACE',''
  ) );
#5455 = ORIENTED_EDGE('',*,*,#5456,.F.);
#5456 = EDGE_CURVE('',#5358,#5416,#5457,.T.);
#5457 = SURFACE_CURVE('',#5458,(#5463,#5470),.PCURVE_S1.);
#5458 = CIRCLE('',#5459,0.9);
#5459 = AXIS2_PLACEMENT_3D('',#5460,#5461,#5462);
#5460 = CARTESIAN_POINT('',(-22.8,-123.,69.2));
#5461 = DIRECTION('',(-0.137604183231,-0.344010458077,-0.928828236808));
#5462 = DIRECTION('',(-6.938893903907E-18,-0.937748760724,0.347314355824
    ));
#5463 = PCURVE('',#5108,#5464);
#5464 = DEFINITIONAL_REPRESENTATION('',(#5465),#5469);
#5465 = LINE('',#5466,#5467);
#5466 = CARTESIAN_POINT('',(0.,23.255106965998));
#5467 = VECTOR('',#5468,1.);
#5468 = DIRECTION('',(1.,0.));
#5469 = ( GEOMETRIC_REPRESENTATION_CONTEXT(2) 
PARAMETRIC_REPRESENTATION_CONTEXT() REPRESENTATION_CONTEXT('2D SPACE',''
  ) );
#5470 = PCURVE('',#5397,#5471);
#5471 = DEFINITIONAL_REPRESENTATION('',(#5472),#5487);
#5472 = B_SPLINE_CURVE_WITH_KNOTS('',7,(#5473,#5474,#5475,#5476,#5477,
    #5478,#5479,#5480,#5481,#5482,#5483,#5484,#5485,#5486),
  .UNSPECIFIED.,.F.,.F.,(8,6,8),(0.,0.963261238911,1.926522477822),
  .UNSPECIFIED.);
#5473 = CARTESIAN_POINT('',(4.712388980385,0.354705652011));
#5474 = CARTESIAN_POINT('',(4.567041182344,0.373641191442));
#5475 = CARTESIAN_POINT('',(4.419315724125,0.384548588517));
#5476 = CARTESIAN_POINT('',(4.270176569588,0.386623278612));
#5477 = CARTESIAN_POINT('',(4.121200198719,0.379476164163));
#5478 = CARTESIAN_POINT('',(3.974230073612,0.363507483196));
#5479 = CARTESIAN_POINT('',(3.830172393541,0.339662481726));
#5480 = CARTESIAN_POINT('',(3.548473007762,0.278556689073));
#5481 = CARTESIAN_POINT('',(3.410829297145,0.241296706049));
#5482 = CARTESIAN_POINT('',(3.276680571469,0.198501306636));
#5483 = CARTESIAN_POINT('',(3.145619143904,0.151595497713));
#5484 = CARTESIAN_POINT('',(3.016715488645,0.101971119957));
#5485 = CARTESIAN_POINT('',(2.888901167638,5.098550027441E-02));
#5486 = CARTESIAN_POINT('',(2.761086276477,-1.578983857245E-14));
#5487 = ( GEOMETRIC_REPRESENTATION_CONTEXT(2) 
PARAMETRIC_REPRESENTATION_CONTEXT() REPRESENTATION_CONTEXT('2D SPACE',''
  ) );
#5488 = ORIENTED_EDGE('',*,*,#5357,.F.);
#5489 = ORIENTED_EDGE('',*,*,#5290,.T.);
#5490 = ORIENTED_EDGE('',*,*,#5150,.T.);
#5491 = ORIENTED_EDGE('',*,*,#5086,.T.);
#5492 = ORIENTED_EDGE('',*,*,#5325,.T.);
#5493 = ADVANCED_FACE('',(#5494),#5397,.T.);
#5494 = FACE_BOUND('',#5495,.T.);
#5495 = EDGE_LOOP('',(#5496,#5497,#5521,#5543));
#5496 = ORIENTED_EDGE('',*,*,#5456,.T.);
#5497 = ORIENTED_EDGE('',*,*,#5498,.F.);
#5498 = EDGE_CURVE('',#5499,#5416,#5501,.T.);
#5499 = VERTEX_POINT('',#5500);
#5500 = CARTESIAN_POINT('',(-23.7,-123.,69.2));
#5501 = SURFACE_CURVE('',#5502,(#5507,#5514),.PCURVE_S1.);
#5502 = CIRCLE('',#5503,0.9);
#5503 = AXIS2_PLACEMENT_3D('',#5504,#5505,#5506);
#5504 = CARTESIAN_POINT('',(-22.8,-123.,69.2));
#5505 = DIRECTION('',(0.,0.,-1.));
#5506 = DIRECTION('',(-1.,0.,-0.));
#5507 = PCURVE('',#5397,#5508);
#5508 = DEFINITIONAL_REPRESENTATION('',(#5509),#5513);
#5509 = LINE('',#5510,#5511);
#5510 = CARTESIAN_POINT('',(3.14159265359,0.));
#5511 = VECTOR('',#5512,1.);
#5512 = DIRECTION('',(-1.,0.));
#5513 = ( GEOMETRIC_REPRESENTATION_CONTEXT(2) 
PARAMETRIC_REPRESENTATION_CONTEXT() REPRESENTATION_CONTEXT('2D SPACE',''
  ) );
#5514 = PCURVE('',#5438,#5515);
#5515 = DEFINITIONAL_REPRESENTATION('',(#5516),#5520);
#5516 = LINE('',#5517,#5518);
#5517 = CARTESIAN_POINT('',(0.,0.));
#5518 = VECTOR('',#5519,1.);
#5519 = DIRECTION('',(1.,0.));
#5520 = ( GEOMETRIC_REPRESENTATION_CONTEXT(2) 
PARAMETRIC_REPRESENTATION_CONTEXT() REPRESENTATION_CONTEXT('2D SPACE',''
  ) );
#5521 = ORIENTED_EDGE('',*,*,#5522,.F.);
#5522 = EDGE_CURVE('',#5381,#5499,#5523,.T.);
#5523 = SURFACE_CURVE('',#5524,(#5529,#5536),.PCURVE_S1.);
#5524 = CIRCLE('',#5525,0.9);
#5525 = AXIS2_PLACEMENT_3D('',#5526,#5527,#5528);
#5526 = CARTESIAN_POINT('',(-22.8,-123.,69.2));
#5527 = DIRECTION('',(0.,0.,-1.));
#5528 = DIRECTION('',(-1.,0.,-0.));
#5529 = PCURVE('',#5397,#5530);
#5530 = DEFINITIONAL_REPRESENTATION('',(#5531),#5535);
#5531 = LINE('',#5532,#5533);
#5532 = CARTESIAN_POINT('',(9.424777960769,0.));
#5533 = VECTOR('',#5534,1.);
#5534 = DIRECTION('',(-1.,0.));
#5535 = ( GEOMETRIC_REPRESENTATION_CONTEXT(2) 
PARAMETRIC_REPRESENTATION_CONTEXT() REPRESENTATION_CONTEXT('2D SPACE',''
  ) );
#5536 = PCURVE('',#5438,#5537);
#5537 = DEFINITIONAL_REPRESENTATION('',(#5538),#5542);
#5538 = LINE('',#5539,#5540);
#5539 = CARTESIAN_POINT('',(0.,0.));
#5540 = VECTOR('',#5541,1.);
#5541 = DIRECTION('',(1.,0.));
#5542 = ( GEOMETRIC_REPRESENTATION_CONTEXT(2) 
PARAMETRIC_REPRESENTATION_CONTEXT() REPRESENTATION_CONTEXT('2D SPACE',''
  ) );
#5543 = ORIENTED_EDGE('',*,*,#5380,.T.);
#5544 = ADVANCED_FACE('',(#5545),#5438,.T.);
#5545 = FACE_BOUND('',#5546,.T.);
#5546 = EDGE_LOOP('',(#5547,#5578,#5617,#5638,#5639,#5640,#5641,#5642));
#5547 = ORIENTED_EDGE('',*,*,#5548,.T.);
#5548 = EDGE_CURVE('',#5549,#5551,#5553,.T.);
#5549 = VERTEX_POINT('',#5550);
#5550 = CARTESIAN_POINT('',(-22.8,-123.9,49.2));
#5551 = VERTEX_POINT('',#5552);
#5552 = CARTESIAN_POINT('',(-22.8,-122.1,49.2));
#5553 = SURFACE_CURVE('',#5554,(#5559,#5566),.PCURVE_S1.);
#5554 = CIRCLE('',#5555,0.9);
#5555 = AXIS2_PLACEMENT_3D('',#5556,#5557,#5558);
#5556 = CARTESIAN_POINT('',(-22.8,-123.,49.2));
#5557 = DIRECTION('',(0.,-7.894919286223E-15,1.));
#5558 = DIRECTION('',(2.368475785867E-14,-1.,-7.894919286223E-15));
#5559 = PCURVE('',#5438,#5560);
#5560 = DEFINITIONAL_REPRESENTATION('',(#5561),#5565);
#5561 = LINE('',#5562,#5563);
#5562 = CARTESIAN_POINT('',(4.712388980385,20.));
#5563 = VECTOR('',#5564,1.);
#5564 = DIRECTION('',(-1.,-0.));
#5565 = ( GEOMETRIC_REPRESENTATION_CONTEXT(2) 
PARAMETRIC_REPRESENTATION_CONTEXT() REPRESENTATION_CONTEXT('2D SPACE',''
  ) );
#5566 = PCURVE('',#5567,#5572);
#5567 = SPHERICAL_SURFACE('',#5568,0.9);
#5568 = AXIS2_PLACEMENT_3D('',#5569,#5570,#5571);
#5569 = CARTESIAN_POINT('',(-22.8,-123.,49.2));
#5570 = DIRECTION('',(0.,0.,1.));
#5571 = DIRECTION('',(1.,0.,-0.));
#5572 = DEFINITIONAL_REPRESENTATION('',(#5573),#5577);
#5573 = LINE('',#5574,#5575);
#5574 = CARTESIAN_POINT('',(4.712388980385,0.));
#5575 = VECTOR('',#5576,1.);
#5576 = DIRECTION('',(1.,-0.));
#5577 = ( GEOMETRIC_REPRESENTATION_CONTEXT(2) 
PARAMETRIC_REPRESENTATION_CONTEXT() REPRESENTATION_CONTEXT('2D SPACE',''
  ) );
#5578 = ORIENTED_EDGE('',*,*,#5579,.F.);
#5579 = EDGE_CURVE('',#5580,#5551,#5582,.T.);
#5580 = VERTEX_POINT('',#5581);
#5581 = CARTESIAN_POINT('',(-23.7,-123.,49.613941430228));
#5582 = SURFACE_CURVE('',#5583,(#5588,#5600),.PCURVE_S1.);
#5583 = ELLIPSE('',#5584,0.99062985401,0.9);
#5584 = AXIS2_PLACEMENT_3D('',#5585,#5586,#5587);
#5585 = CARTESIAN_POINT('',(-22.8,-123.,49.2));
#5586 = DIRECTION('',(-0.417856809532,0.,-0.908512898493));
#5587 = DIRECTION('',(0.908512898493,0.,-0.417856809532));
#5588 = PCURVE('',#5438,#5589);
#5589 = DEFINITIONAL_REPRESENTATION('',(#5590),#5599);
#5590 = B_SPLINE_CURVE_WITH_KNOTS('',7,(#5591,#5592,#5593,#5594,#5595,
    #5596,#5597,#5598),.UNSPECIFIED.,.F.,.F.,(8,8),(3.14159265359,
    4.712388980385),.PIECEWISE_BEZIER_KNOTS.);
#5591 = CARTESIAN_POINT('',(0.,19.586058569777));
#5592 = CARTESIAN_POINT('',(0.224399475256,19.586058569777));
#5593 = CARTESIAN_POINT('',(0.448798950513,19.61037707934));
#5594 = CARTESIAN_POINT('',(0.67319842577,19.659010570671));
#5595 = CARTESIAN_POINT('',(0.897597901025,19.728973162506));
#5596 = CARTESIAN_POINT('',(1.121997376282,19.814223897722));
#5597 = CARTESIAN_POINT('',(1.346396851538,19.907111760271));
#5598 = CARTESIAN_POINT('',(1.570796326795,20.));
#5599 = ( GEOMETRIC_REPRESENTATION_CONTEXT(2) 
PARAMETRIC_REPRESENTATION_CONTEXT() REPRESENTATION_CONTEXT('2D SPACE',''
  ) );
#5600 = PCURVE('',#5601,#5606);
#5601 = CYLINDRICAL_SURFACE('',#5602,0.9);
#5602 = AXIS2_PLACEMENT_3D('',#5603,#5604,#5605);
#5603 = CARTESIAN_POINT('',(-22.8,-123.,49.2));
#5604 = DIRECTION('',(-0.759256602365,0.,-0.650791373456));
#5605 = DIRECTION('',(0.650791373456,0.,-0.759256602365));
#5606 = DEFINITIONAL_REPRESENTATION('',(#5607),#5616);
#5607 = B_SPLINE_CURVE_WITH_KNOTS('',7,(#5608,#5609,#5610,#5611,#5612,
    #5613,#5614,#5615),.UNSPECIFIED.,.F.,.F.,(8,8),(3.14159265359,
    4.712388980385),.PIECEWISE_BEZIER_KNOTS.);
#5608 = CARTESIAN_POINT('',(3.14159265359,0.413941430223));
#5609 = CARTESIAN_POINT('',(3.365992128846,0.413941430223));
#5610 = CARTESIAN_POINT('',(3.590391604102,0.38962292066));
#5611 = CARTESIAN_POINT('',(3.814791079361,0.340989429329));
#5612 = CARTESIAN_POINT('',(4.039190554613,0.271026837495));
#5613 = CARTESIAN_POINT('',(4.263590029873,0.185776102277));
#5614 = CARTESIAN_POINT('',(4.487989505128,9.288823972901E-02));
#5615 = CARTESIAN_POINT('',(4.712388980385,0.));
#5616 = ( GEOMETRIC_REPRESENTATION_CONTEXT(2) 
PARAMETRIC_REPRESENTATION_CONTEXT() REPRESENTATION_CONTEXT('2D SPACE',''
  ) );
#5617 = ORIENTED_EDGE('',*,*,#5618,.F.);
#5618 = EDGE_CURVE('',#5499,#5580,#5619,.T.);
#5619 = SEAM_CURVE('',#5620,(#5624,#5631),.PCURVE_S1.);
#5620 = LINE('',#5621,#5622);
#5621 = CARTESIAN_POINT('',(-23.7,-123.,69.2));
#5622 = VECTOR('',#5623,1.);
#5623 = DIRECTION('',(0.,0.,-1.));
#5624 = PCURVE('',#5438,#5625);
#5625 = DEFINITIONAL_REPRESENTATION('',(#5626),#5630);
#5626 = LINE('',#5627,#5628);
#5627 = CARTESIAN_POINT('',(0.,-0.));
#5628 = VECTOR('',#5629,1.);
#5629 = DIRECTION('',(0.,1.));
#5630 = ( GEOMETRIC_REPRESENTATION_CONTEXT(2) 
PARAMETRIC_REPRESENTATION_CONTEXT() REPRESENTATION_CONTEXT('2D SPACE',''
  ) );
#5631 = PCURVE('',#5438,#5632);
#5632 = DEFINITIONAL_REPRESENTATION('',(#5633),#5637);
#5633 = LINE('',#5634,#5635);
#5634 = CARTESIAN_POINT('',(6.28318530718,-0.));
#5635 = VECTOR('',#5636,1.);
#5636 = DIRECTION('',(0.,1.));
#5637 = ( GEOMETRIC_REPRESENTATION_CONTEXT(2) 
PARAMETRIC_REPRESENTATION_CONTEXT() REPRESENTATION_CONTEXT('2D SPACE',''
  ) );
#5638 = ORIENTED_EDGE('',*,*,#5498,.T.);
#5639 = ORIENTED_EDGE('',*,*,#5415,.T.);
#5640 = ORIENTED_EDGE('',*,*,#5522,.T.);
#5641 = ORIENTED_EDGE('',*,*,#5618,.T.);
#5642 = ORIENTED_EDGE('',*,*,#5643,.F.);
#5643 = EDGE_CURVE('',#5549,#5580,#5644,.T.);
#5644 = SURFACE_CURVE('',#5645,(#5650,#5662),.PCURVE_S1.);
#5645 = ELLIPSE('',#5646,0.99062985401,0.9);
#5646 = AXIS2_PLACEMENT_3D('',#5647,#5648,#5649);
#5647 = CARTESIAN_POINT('',(-22.8,-123.,49.2));
#5648 = DIRECTION('',(-0.417856809532,0.,-0.908512898493));
#5649 = DIRECTION('',(0.908512898493,0.,-0.417856809532));
#5650 = PCURVE('',#5438,#5651);
#5651 = DEFINITIONAL_REPRESENTATION('',(#5652),#5661);
#5652 = B_SPLINE_CURVE_WITH_KNOTS('',7,(#5653,#5654,#5655,#5656,#5657,
    #5658,#5659,#5660),.UNSPECIFIED.,.F.,.F.,(8,8),(1.570796326795,
    3.14159265359),.PIECEWISE_BEZIER_KNOTS.);
#5653 = CARTESIAN_POINT('',(4.712388980385,20.));
#5654 = CARTESIAN_POINT('',(4.936788455641,19.907111760271));
#5655 = CARTESIAN_POINT('',(5.161187930897,19.814223897726));
#5656 = CARTESIAN_POINT('',(5.385587406154,19.728973162499));
#5657 = CARTESIAN_POINT('',(5.60998688141,19.659010570676));
#5658 = CARTESIAN_POINT('',(5.834386356667,19.610377079337));
#5659 = CARTESIAN_POINT('',(6.058785831923,19.586058569777));
#5660 = CARTESIAN_POINT('',(6.28318530718,19.586058569777));
#5661 = ( GEOMETRIC_REPRESENTATION_CONTEXT(2) 
PARAMETRIC_REPRESENTATION_CONTEXT() REPRESENTATION_CONTEXT('2D SPACE',''
  ) );
#5662 = PCURVE('',#5601,#5663);
#5663 = DEFINITIONAL_REPRESENTATION('',(#5664),#5673);
#5664 = B_SPLINE_CURVE_WITH_KNOTS('',7,(#5665,#5666,#5667,#5668,#5669,
    #5670,#5671,#5672),.UNSPECIFIED.,.F.,.F.,(8,8),(1.570796326795,
    3.14159265359),.PIECEWISE_BEZIER_KNOTS.);
#5665 = CARTESIAN_POINT('',(1.570796326795,0.));
#5666 = CARTESIAN_POINT('',(1.795195802051,9.288823972901E-02));
#5667 = CARTESIAN_POINT('',(2.019595277307,0.185776102277));
#5668 = CARTESIAN_POINT('',(2.243994752565,0.271026837495));
#5669 = CARTESIAN_POINT('',(2.46839422782,0.340989429329));
#5670 = CARTESIAN_POINT('',(2.692793703077,0.38962292066));
#5671 = CARTESIAN_POINT('',(2.917193178333,0.413941430223));
#5672 = CARTESIAN_POINT('',(3.14159265359,0.413941430223));
#5673 = ( GEOMETRIC_REPRESENTATION_CONTEXT(2) 
PARAMETRIC_REPRESENTATION_CONTEXT() REPRESENTATION_CONTEXT('2D SPACE',''
  ) );
#5674 = ADVANCED_FACE('',(#5675),#5567,.T.);
#5675 = FACE_BOUND('',#5676,.T.);
#5676 = EDGE_LOOP('',(#5677,#5678,#5719));
#5677 = ORIENTED_EDGE('',*,*,#5548,.F.);
#5678 = ORIENTED_EDGE('',*,*,#5679,.F.);
#5679 = EDGE_CURVE('',#5680,#5549,#5682,.T.);
#5680 = VERTEX_POINT('',#5681);
#5681 = CARTESIAN_POINT('',(-22.21428776389,-123.,48.516669057871));
#5682 = SURFACE_CURVE('',#5683,(#5688,#5712),.PCURVE_S1.);
#5683 = CIRCLE('',#5684,0.9);
#5684 = AXIS2_PLACEMENT_3D('',#5685,#5686,#5687);
#5685 = CARTESIAN_POINT('',(-22.8,-123.,49.2));
#5686 = DIRECTION('',(-0.759256602365,0.,-0.650791373456));
#5687 = DIRECTION('',(0.650791373456,0.,-0.759256602365));
#5688 = PCURVE('',#5567,#5689);
#5689 = DEFINITIONAL_REPRESENTATION('',(#5690),#5711);
#5690 = B_SPLINE_CURVE_WITH_KNOTS('',7,(#5691,#5692,#5693,#5694,#5695,
    #5696,#5697,#5698,#5699,#5700,#5701,#5702,#5703,#5704,#5705,#5706,
    #5707,#5708,#5709,#5710),.UNSPECIFIED.,.F.,.F.,(8,6,6,8),(0.,
    0.392699081699,0.981747704247,1.570796326795),.UNSPECIFIED.);
#5691 = CARTESIAN_POINT('',(6.28318530718,-0.862170054667));
#5692 = CARTESIAN_POINT('',(6.196982768083,-0.862170054667));
#5693 = CARTESIAN_POINT('',(6.110780411988,-0.857887280904));
#5694 = CARTESIAN_POINT('',(6.025782047831,-0.849316443537));
#5695 = CARTESIAN_POINT('',(5.943207178304,-0.836638159374));
#5696 = CARTESIAN_POINT('',(5.863902703229,-0.820173564298));
#5697 = CARTESIAN_POINT('',(5.788251174262,-0.800316925477));
#5698 = CARTESIAN_POINT('',(5.608562240882,-0.743140245166));
#5699 = CARTESIAN_POINT('',(5.509241243017,-0.702054379513));
#5700 = CARTESIAN_POINT('',(5.41882243101,-0.655482475853));
#5701 = CARTESIAN_POINT('',(5.336196655406,-0.604711562021));
#5702 = CARTESIAN_POINT('',(5.260039592173,-0.550654586143));
#5703 = CARTESIAN_POINT('',(5.189186055343,-0.49404357242));
#5704 = CARTESIAN_POINT('',(5.055951349319,-0.376860656842));
#5705 = CARTESIAN_POINT('',(4.993571844605,-0.316289115197));
#5706 = CARTESIAN_POINT('',(4.934365343597,-0.254312866886));
#5707 = CARTESIAN_POINT('',(4.877412349539,-0.191361263611));
#5708 = CARTESIAN_POINT('',(4.821916421247,-0.127782470335));
#5709 = CARTESIAN_POINT('',(4.767152946399,-6.389129368342E-02));
#5710 = CARTESIAN_POINT('',(4.712388980385,-1.578983857245E-14));
#5711 = ( GEOMETRIC_REPRESENTATION_CONTEXT(2) 
PARAMETRIC_REPRESENTATION_CONTEXT() REPRESENTATION_CONTEXT('2D SPACE',''
  ) );
#5712 = PCURVE('',#5601,#5713);
#5713 = DEFINITIONAL_REPRESENTATION('',(#5714),#5718);
#5714 = LINE('',#5715,#5716);
#5715 = CARTESIAN_POINT('',(0.,0.));
#5716 = VECTOR('',#5717,1.);
#5717 = DIRECTION('',(1.,0.));
#5718 = ( GEOMETRIC_REPRESENTATION_CONTEXT(2) 
PARAMETRIC_REPRESENTATION_CONTEXT() REPRESENTATION_CONTEXT('2D SPACE',''
  ) );
#5719 = ORIENTED_EDGE('',*,*,#5720,.F.);
#5720 = EDGE_CURVE('',#5551,#5680,#5721,.T.);
#5721 = SURFACE_CURVE('',#5722,(#5727,#5751),.PCURVE_S1.);
#5722 = CIRCLE('',#5723,0.9);
#5723 = AXIS2_PLACEMENT_3D('',#5724,#5725,#5726);
#5724 = CARTESIAN_POINT('',(-22.8,-123.,49.2));
#5725 = DIRECTION('',(-0.759256602365,0.,-0.650791373456));
#5726 = DIRECTION('',(0.650791373456,0.,-0.759256602365));
#5727 = PCURVE('',#5567,#5728);
#5728 = DEFINITIONAL_REPRESENTATION('',(#5729),#5750);
#5729 = B_SPLINE_CURVE_WITH_KNOTS('',7,(#5730,#5731,#5732,#5733,#5734,
    #5735,#5736,#5737,#5738,#5739,#5740,#5741,#5742,#5743,#5744,#5745,
    #5746,#5747,#5748,#5749),.UNSPECIFIED.,.F.,.F.,(8,6,6,8),(
    4.712388980385,5.497787143782,5.890486225481,6.28318530718),
  .UNSPECIFIED.);
#5730 = CARTESIAN_POINT('',(7.853981633974,-1.578983857245E-14));
#5731 = CARTESIAN_POINT('',(7.780963012622,-8.518839157788E-02));
#5732 = CARTESIAN_POINT('',(7.70794274672,-0.170376480735));
#5733 = CARTESIAN_POINT('',(7.633202647616,-0.254824705813));
#5734 = CARTESIAN_POINT('',(7.554965200577,-0.337783204039));
#5735 = CARTESIAN_POINT('',(7.471348273134,-0.418367693588));
#5736 = CARTESIAN_POINT('',(7.37963843444,-0.495329384487));
#5737 = CARTESIAN_POINT('',(7.225756215887,-0.602429134042));
#5738 = CARTESIAN_POINT('',(7.17174295215,-0.636738922462));
#5739 = CARTESIAN_POINT('',(7.114665212787,-0.669415461759));
#5740 = CARTESIAN_POINT('',(7.054177845496,-0.700178213665));
#5741 = CARTESIAN_POINT('',(6.989971429127,-0.728691513471));
#5742 = CARTESIAN_POINT('',(6.921870586801,-0.754575581228));
#5743 = CARTESIAN_POINT('',(6.778119440097,-0.800316925477));
#5744 = CARTESIAN_POINT('',(6.70246791113,-0.820173564298));
#5745 = CARTESIAN_POINT('',(6.623163436055,-0.836638159374));
#5746 = CARTESIAN_POINT('',(6.540588566528,-0.849316443537));
#5747 = CARTESIAN_POINT('',(6.455590202371,-0.857887280904));
#5748 = CARTESIAN_POINT('',(6.369387846276,-0.862170054667));
#5749 = CARTESIAN_POINT('',(6.28318530718,-0.862170054667));
#5750 = ( GEOMETRIC_REPRESENTATION_CONTEXT(2) 
PARAMETRIC_REPRESENTATION_CONTEXT() REPRESENTATION_CONTEXT('2D SPACE',''
  ) );
#5751 = PCURVE('',#5601,#5752);
#5752 = DEFINITIONAL_REPRESENTATION('',(#5753),#5757);
#5753 = LINE('',#5754,#5755);
#5754 = CARTESIAN_POINT('',(0.,0.));
#5755 = VECTOR('',#5756,1.);
#5756 = DIRECTION('',(1.,0.));
#5757 = ( GEOMETRIC_REPRESENTATION_CONTEXT(2) 
PARAMETRIC_REPRESENTATION_CONTEXT() REPRESENTATION_CONTEXT('2D SPACE',''
  ) );
#5758 = ADVANCED_FACE('',(#5759),#5601,.T.);
#5759 = FACE_BOUND('',#5760,.T.);
#5760 = EDGE_LOOP('',(#5761,#5784,#5816,#5857,#5913,#5914,#5915,#5916,
    #5917));
#5761 = ORIENTED_EDGE('',*,*,#5762,.T.);
#5762 = EDGE_CURVE('',#5680,#5763,#5765,.T.);
#5763 = VERTEX_POINT('',#5764);
#5764 = CARTESIAN_POINT('',(-39.01428776389,-123.,34.116669057871));
#5765 = SEAM_CURVE('',#5766,(#5770,#5777),.PCURVE_S1.);
#5766 = LINE('',#5767,#5768);
#5767 = CARTESIAN_POINT('',(-22.21428776389,-123.,48.516669057871));
#5768 = VECTOR('',#5769,1.);
#5769 = DIRECTION('',(-0.759256602365,0.,-0.650791373456));
#5770 = PCURVE('',#5601,#5771);
#5771 = DEFINITIONAL_REPRESENTATION('',(#5772),#5776);
#5772 = LINE('',#5773,#5774);
#5773 = CARTESIAN_POINT('',(6.28318530718,-0.));
#5774 = VECTOR('',#5775,1.);
#5775 = DIRECTION('',(0.,1.));
#5776 = ( GEOMETRIC_REPRESENTATION_CONTEXT(2) 
PARAMETRIC_REPRESENTATION_CONTEXT() REPRESENTATION_CONTEXT('2D SPACE',''
  ) );
#5777 = PCURVE('',#5601,#5778);
#5778 = DEFINITIONAL_REPRESENTATION('',(#5779),#5783);
#5779 = LINE('',#5780,#5781);
#5780 = CARTESIAN_POINT('',(0.,-0.));
#5781 = VECTOR('',#5782,1.);
#5782 = DIRECTION('',(0.,1.));
#5783 = ( GEOMETRIC_REPRESENTATION_CONTEXT(2) 
PARAMETRIC_REPRESENTATION_CONTEXT() REPRESENTATION_CONTEXT('2D SPACE',''
  ) );
#5784 = ORIENTED_EDGE('',*,*,#5785,.F.);
#5785 = EDGE_CURVE('',#5786,#5763,#5788,.T.);
#5786 = VERTEX_POINT('',#5787);
#5787 = CARTESIAN_POINT('',(-39.01523080862,-122.9489487213,
    34.117769276731));
#5788 = SURFACE_CURVE('',#5789,(#5794,#5801),.PCURVE_S1.);
#5789 = CIRCLE('',#5790,0.9);
#5790 = AXIS2_PLACEMENT_3D('',#5791,#5792,#5793);
#5791 = CARTESIAN_POINT('',(-39.6,-123.,34.8));
#5792 = DIRECTION('',(-0.759256602365,0.,-0.650791373456));
#5793 = DIRECTION('',(0.650791373456,0.,-0.759256602365));
#5794 = PCURVE('',#5601,#5795);
#5795 = DEFINITIONAL_REPRESENTATION('',(#5796),#5800);
#5796 = LINE('',#5797,#5798);
#5797 = CARTESIAN_POINT('',(0.,22.126906697503));
#5798 = VECTOR('',#5799,1.);
#5799 = DIRECTION('',(1.,0.));
#5800 = ( GEOMETRIC_REPRESENTATION_CONTEXT(2) 
PARAMETRIC_REPRESENTATION_CONTEXT() REPRESENTATION_CONTEXT('2D SPACE',''
  ) );
#5801 = PCURVE('',#5802,#5807);
#5802 = SPHERICAL_SURFACE('',#5803,0.9);
#5803 = AXIS2_PLACEMENT_3D('',#5804,#5805,#5806);
#5804 = CARTESIAN_POINT('',(-39.6,-123.,34.8));
#5805 = DIRECTION('',(0.,0.,1.));
#5806 = DIRECTION('',(1.,0.,-0.));
#5807 = DEFINITIONAL_REPRESENTATION('',(#5808),#5815);
#5808 = B_SPLINE_CURVE_WITH_KNOTS('',5,(#5809,#5810,#5811,#5812,#5813,
    #5814),.UNSPECIFIED.,.F.,.F.,(6,6),(6.226431201418,6.28318530718),
  .PIECEWISE_BEZIER_KNOTS.);
#5809 = CARTESIAN_POINT('',(6.370266111596,-0.860293678342));
#5810 = CARTESIAN_POINT('',(6.352900596685,-0.861043208775));
#5811 = CARTESIAN_POINT('',(6.335497262474,-0.861606374155));
#5812 = CARTESIAN_POINT('',(6.3180684407,-0.861982161482));
#5813 = CARTESIAN_POINT('',(6.300626873886,-0.862170054667));
#5814 = CARTESIAN_POINT('',(6.28318530718,-0.862170054667));
#5815 = ( GEOMETRIC_REPRESENTATION_CONTEXT(2) 
PARAMETRIC_REPRESENTATION_CONTEXT() REPRESENTATION_CONTEXT('2D SPACE',''
  ) );
#5816 = ORIENTED_EDGE('',*,*,#5817,.F.);
#5817 = EDGE_CURVE('',#5818,#5786,#5820,.T.);
#5818 = VERTEX_POINT('',#5819);
#5819 = CARTESIAN_POINT('',(-40.18476919137,-123.0510512786,
    35.482230723269));
#5820 = SURFACE_CURVE('',#5821,(#5826,#5839),.PCURVE_S1.);
#5821 = ELLIPSE('',#5822,0.942427261273,0.9);
#5822 = AXIS2_PLACEMENT_3D('',#5823,#5824,#5825);
#5823 = CARTESIAN_POINT('',(-39.6,-123.,34.8));
#5824 = DIRECTION('',(-0.736027079622,0.296189747267,-0.608716495322));
#5825 = DIRECTION('',(-0.189993322338,-0.953443266246,-0.2341975139));
#5826 = PCURVE('',#5601,#5827);
#5827 = DEFINITIONAL_REPRESENTATION('',(#5828),#5838);
#5828 = B_SPLINE_CURVE_WITH_KNOTS('',8,(#5829,#5830,#5831,#5832,#5833,
    #5834,#5835,#5836,#5837),.UNSPECIFIED.,.F.,.F.,(9,9),(1.570796326795
    ,4.712388980385),.PIECEWISE_BEZIER_KNOTS.);
#5829 = CARTESIAN_POINT('',(3.084838547829,22.126906697503));
#5830 = CARTESIAN_POINT('',(3.477537629527,22.017112962217));
#5831 = CARTESIAN_POINT('',(3.87023671123,21.907318351481));
#5832 = CARTESIAN_POINT('',(4.262935792913,21.823333627181));
#5833 = CARTESIAN_POINT('',(4.655634874609,21.790898905281));
#5834 = CARTESIAN_POINT('',(5.048333956311,21.823333627166));
#5835 = CARTESIAN_POINT('',(5.441033038021,21.907318351477));
#5836 = CARTESIAN_POINT('',(5.83373211972,22.017112962217));
#5837 = CARTESIAN_POINT('',(6.226431201418,22.126906697503));
#5838 = ( GEOMETRIC_REPRESENTATION_CONTEXT(2) 
PARAMETRIC_REPRESENTATION_CONTEXT() REPRESENTATION_CONTEXT('2D SPACE',''
  ) );
#5839 = PCURVE('',#5840,#5845);
#5840 = CYLINDRICAL_SURFACE('',#5841,0.9);
#5841 = AXIS2_PLACEMENT_3D('',#5842,#5843,#5844);
#5842 = CARTESIAN_POINT('',(-39.6,-123.,34.8));
#5843 = DIRECTION('',(-0.646526950128,0.565711081362,-0.511833835518));
#5844 = DIRECTION('',(-0.658504607869,-0.752576694707,
    -2.775557561563E-17));
#5845 = DEFINITIONAL_REPRESENTATION('',(#5846),#5856);
#5846 = B_SPLINE_CURVE_WITH_KNOTS('',8,(#5847,#5848,#5849,#5850,#5851,
    #5852,#5853,#5854,#5855),.UNSPECIFIED.,.F.,.F.,(9,9),(1.570796326795
    ,4.712388980385),.PIECEWISE_BEZIER_KNOTS.);
#5847 = CARTESIAN_POINT('',(1.080884587927,0.));
#5848 = CARTESIAN_POINT('',(1.473583669625,0.109793735286));
#5849 = CARTESIAN_POINT('',(1.86628275132,0.219588346013));
#5850 = CARTESIAN_POINT('',(2.258981833034,0.303573070295));
#5851 = CARTESIAN_POINT('',(2.651680914698,0.336007792244));
#5852 = CARTESIAN_POINT('',(3.044379996427,0.303573070296));
#5853 = CARTESIAN_POINT('',(3.437079078115,0.219588346013));
#5854 = CARTESIAN_POINT('',(3.829778159818,0.109793735286));
#5855 = CARTESIAN_POINT('',(4.222477241516,1.42108547152E-14));
#5856 = ( GEOMETRIC_REPRESENTATION_CONTEXT(2) 
PARAMETRIC_REPRESENTATION_CONTEXT() REPRESENTATION_CONTEXT('2D SPACE',''
  ) );
#5857 = ORIENTED_EDGE('',*,*,#5858,.F.);
#5858 = EDGE_CURVE('',#5763,#5818,#5859,.T.);
#5859 = SURFACE_CURVE('',#5860,(#5865,#5872),.PCURVE_S1.);
#5860 = CIRCLE('',#5861,0.9);
#5861 = AXIS2_PLACEMENT_3D('',#5862,#5863,#5864);
#5862 = CARTESIAN_POINT('',(-39.6,-123.,34.8));
#5863 = DIRECTION('',(-0.759256602365,0.,-0.650791373456));
#5864 = DIRECTION('',(0.650791373456,0.,-0.759256602365));
#5865 = PCURVE('',#5601,#5866);
#5866 = DEFINITIONAL_REPRESENTATION('',(#5867),#5871);
#5867 = LINE('',#5868,#5869);
#5868 = CARTESIAN_POINT('',(0.,22.126906697503));
#5869 = VECTOR('',#5870,1.);
#5870 = DIRECTION('',(1.,0.));
#5871 = ( GEOMETRIC_REPRESENTATION_CONTEXT(2) 
PARAMETRIC_REPRESENTATION_CONTEXT() REPRESENTATION_CONTEXT('2D SPACE',''
  ) );
#5872 = PCURVE('',#5802,#5873);
#5873 = DEFINITIONAL_REPRESENTATION('',(#5874),#5912);
#5874 = B_SPLINE_CURVE_WITH_KNOTS('',8,(#5875,#5876,#5877,#5878,#5879,
    #5880,#5881,#5882,#5883,#5884,#5885,#5886,#5887,#5888,#5889,#5890,
    #5891,#5892,#5893,#5894,#5895,#5896,#5897,#5898,#5899,#5900,#5901,
    #5902,#5903,#5904,#5905,#5906,#5907,#5908,#5909,#5910,#5911),
  .UNSPECIFIED.,.F.,.F.,(9,7,7,7,7,9),(0.,0.385604818479,1.060413250816,
    2.072625899322,2.578732223575,3.084838547828),.UNSPECIFIED.);
#5875 = CARTESIAN_POINT('',(6.28318530718,-0.862170054667));
#5876 = CARTESIAN_POINT('',(6.209120707869,-0.862170054667));
#5877 = CARTESIAN_POINT('',(6.135056291368,-0.859072926653));
#5878 = CARTESIAN_POINT('',(6.061704199913,-0.852875750672));
#5879 = CARTESIAN_POINT('',(5.98978427012,-0.843661590271));
#5880 = CARTESIAN_POINT('',(5.919890583008,-0.831584524063));
#5881 = CARTESIAN_POINT('',(5.852424859287,-0.816849324846));
#5882 = CARTESIAN_POINT('',(5.787596699901,-0.799685786295));
#5883 = CARTESIAN_POINT('',(5.616805122723,-0.746423541314));
#5884 = CARTESIAN_POINT('',(5.516453750357,-0.705779771896));
#5885 = CARTESIAN_POINT('',(5.424881629227,-0.659599683346));
#5886 = CARTESIAN_POINT('',(5.341222841209,-0.609112695406));
#5887 = CARTESIAN_POINT('',(5.264164319808,-0.555248649912));
#5888 = CARTESIAN_POINT('',(5.192593241159,-0.498737790082));
#5889 = CARTESIAN_POINT('',(5.12544450099,-0.44015835352));
#5890 = CARTESIAN_POINT('',(4.966315643586,-0.2897224703));
#5891 = CARTESIAN_POINT('',(4.878706395457,-0.195872341511));
#5892 = CARTESIAN_POINT('',(4.795818220294,-0.100032992698));
#5893 = CARTESIAN_POINT('',(4.715115926736,-3.271059878941E-03));
#5894 = CARTESIAN_POINT('',(4.634467516193,9.351364211917E-02));
#5895 = CARTESIAN_POINT('',(4.551747848834,0.189424068606));
#5896 = CARTESIAN_POINT('',(4.464440519273,0.283403567843));
#5897 = CARTESIAN_POINT('',(4.321915555006,0.419110687541));
#5898 = CARTESIAN_POINT('',(4.272480018813,0.463469328181));
#5899 = CARTESIAN_POINT('',(4.22072804835,0.506754192885));
#5900 = CARTESIAN_POINT('',(4.166233386291,0.548734795238));
#5901 = CARTESIAN_POINT('',(4.108534606065,0.589140070941));
#5902 = CARTESIAN_POINT('',(4.047136921027,0.627640394939));
#5903 = CARTESIAN_POINT('',(3.981563428768,0.663836160125));
#5904 = CARTESIAN_POINT('',(3.84144714136,0.730705161051));
#5905 = CARTESIAN_POINT('',(3.76690415639,0.761378923398));
#5906 = CARTESIAN_POINT('',(3.687567884416,0.78883256696));
#5907 = CARTESIAN_POINT('',(3.603298488674,0.812563305007));
#5908 = CARTESIAN_POINT('',(3.514251822287,0.832009034904));
#5909 = CARTESIAN_POINT('',(3.421170227281,0.846646252931));
#5910 = CARTESIAN_POINT('',(3.325459373342,0.856116204231));
#5911 = CARTESIAN_POINT('',(3.228673458006,0.860293678342));
#5912 = ( GEOMETRIC_REPRESENTATION_CONTEXT(2) 
PARAMETRIC_REPRESENTATION_CONTEXT() REPRESENTATION_CONTEXT('2D SPACE',''
  ) );
#5913 = ORIENTED_EDGE('',*,*,#5762,.F.);
#5914 = ORIENTED_EDGE('',*,*,#5679,.T.);
#5915 = ORIENTED_EDGE('',*,*,#5643,.T.);
#5916 = ORIENTED_EDGE('',*,*,#5579,.T.);
#5917 = ORIENTED_EDGE('',*,*,#5720,.T.);
#5918 = ADVANCED_FACE('',(#5919),#5802,.T.);
#5919 = FACE_BOUND('',#5920,.T.);
#5920 = EDGE_LOOP('',(#5921,#5982,#5983,#5984));
#5921 = ORIENTED_EDGE('',*,*,#5922,.T.);
#5922 = EDGE_CURVE('',#5923,#5786,#5925,.T.);
#5923 = VERTEX_POINT('',#5924);
#5924 = CARTESIAN_POINT('',(-40.19265414708,-123.6773190252,34.8));
#5925 = SURFACE_CURVE('',#5926,(#5931,#5975),.PCURVE_S1.);
#5926 = CIRCLE('',#5927,0.9);
#5927 = AXIS2_PLACEMENT_3D('',#5928,#5929,#5930);
#5928 = CARTESIAN_POINT('',(-39.6,-123.,34.8));
#5929 = DIRECTION('',(0.646526950128,-0.565711081362,0.511833835518));
#5930 = DIRECTION('',(-0.658504607869,-0.752576694707,0.));
#5931 = PCURVE('',#5802,#5932);
#5932 = DEFINITIONAL_REPRESENTATION('',(#5933),#5974);
#5933 = B_SPLINE_CURVE_WITH_KNOTS('',8,(#5934,#5935,#5936,#5937,#5938,
    #5939,#5940,#5941,#5942,#5943,#5944,#5945,#5946,#5947,#5948,#5949,
    #5950,#5951,#5952,#5953,#5954,#5955,#5956,#5957,#5958,#5959,#5960,
    #5961,#5962,#5963,#5964,#5965,#5966,#5967,#5968,#5969,#5970,#5971,
    #5972,#5973),.UNSPECIFIED.,.F.,.F.,(9,7,7,7,7,3,9),(0.,0.49018545596
    ,0.980370911919,1.307161215892,1.74288162119,1.991864709931,
    2.060708065663),.UNSPECIFIED.);
#5934 = CARTESIAN_POINT('',(3.993558980763,0.));
#5935 = CARTESIAN_POINT('',(4.024920668518,-5.263883901599E-02));
#5936 = CARTESIAN_POINT('',(4.056282456033,-0.105277604408));
#5937 = CARTESIAN_POINT('',(4.08790868413,-0.157837756064));
#5938 = CARTESIAN_POINT('',(4.120065078802,-0.210239803062));
#5939 = CARTESIAN_POINT('',(4.153031391517,-0.262399774002));
#5940 = CARTESIAN_POINT('',(4.187118355016,-0.314223149886));
#5941 = CARTESIAN_POINT('',(4.222688954627,-0.365596259537));
#5942 = CARTESIAN_POINT('',(4.297679075535,-0.467154015587));
#5943 = CARTESIAN_POINT('',(4.337099099331,-0.517338522958));
#5944 = CARTESIAN_POINT('',(4.378882614387,-0.56678465275));
#5945 = CARTESIAN_POINT('',(4.423557189285,-0.615315622223));
#5946 = CARTESIAN_POINT('',(4.471738785049,-0.662711698335));
#5947 = CARTESIAN_POINT('',(4.524197591435,-0.708686596162));
#5948 = CARTESIAN_POINT('',(4.581882048025,-0.752853986546));
#5949 = CARTESIAN_POINT('',(4.688399885257,-0.82257675783));
#5950 = CARTESIAN_POINT('',(4.733774330711,-0.84942900248));
#5951 = CARTESIAN_POINT('',(4.782210333925,-0.875087157759));
#5952 = CARTESIAN_POINT('',(4.834011336884,-0.899370950489));
#5953 = CARTESIAN_POINT('',(4.889467596952,-0.922065364192));
#5954 = CARTESIAN_POINT('',(4.948800302787,-0.942921141455));
#5955 = CARTESIAN_POINT('',(5.012072185585,-0.96166748429));
#5956 = CARTESIAN_POINT('',(5.168387879098,-0.999862910082));
#5957 = CARTESIAN_POINT('',(5.264328713562,-1.017464195976));
#5958 = CARTESIAN_POINT('',(5.36636572926,-1.030207223954));
#5959 = CARTESIAN_POINT('',(5.473205650094,-1.037498592348));
#5960 = CARTESIAN_POINT('',(5.582225333732,-1.03884606018));
#5961 = CARTESIAN_POINT('',(5.689751143221,-1.034292906298));
#5962 = CARTESIAN_POINT('',(5.793417831149,-1.024225242631));
#5963 = CARTESIAN_POINT('',(5.94787684307,-1.000583339696));
#5964 = CARTESIAN_POINT('',(6.002290239224,-0.99036116761));
#5965 = CARTESIAN_POINT('',(6.054668738412,-0.978614280109));
#5966 = CARTESIAN_POINT('',(6.1187172263,-0.96182334671));
#5967 = CARTESIAN_POINT('',(6.179063401205,-0.942939955495));
#5968 = CARTESIAN_POINT('',(6.235732993343,-0.922212785469));
#5969 = CARTESIAN_POINT('',(6.288891308347,-0.899869149929));
#5970 = CARTESIAN_POINT('',(6.338760568632,-0.876110899607));
#5971 = CARTESIAN_POINT('',(6.349410853414,-0.8709003182));
#5972 = CARTESIAN_POINT('',(6.359911838063,-0.865627287066));
#5973 = CARTESIAN_POINT('',(6.370266111596,-0.860293678342));
#5974 = ( GEOMETRIC_REPRESENTATION_CONTEXT(2) 
PARAMETRIC_REPRESENTATION_CONTEXT() REPRESENTATION_CONTEXT('2D SPACE',''
  ) );
#5975 = PCURVE('',#5840,#5976);
#5976 = DEFINITIONAL_REPRESENTATION('',(#5977),#5981);
#5977 = LINE('',#5978,#5979);
#5978 = CARTESIAN_POINT('',(6.28318530718,0.));
#5979 = VECTOR('',#5980,1.);
#5980 = DIRECTION('',(-1.,-0.));
#5981 = ( GEOMETRIC_REPRESENTATION_CONTEXT(2) 
PARAMETRIC_REPRESENTATION_CONTEXT() REPRESENTATION_CONTEXT('2D SPACE',''
  ) );
#5982 = ORIENTED_EDGE('',*,*,#5785,.T.);
#5983 = ORIENTED_EDGE('',*,*,#5858,.T.);
#5984 = ORIENTED_EDGE('',*,*,#5985,.F.);
#5985 = EDGE_CURVE('',#5923,#5818,#5986,.T.);
#5986 = SURFACE_CURVE('',#5987,(#5992,#6010),.PCURVE_S1.);
#5987 = CIRCLE('',#5988,0.9);
#5988 = AXIS2_PLACEMENT_3D('',#5989,#5990,#5991);
#5989 = CARTESIAN_POINT('',(-39.6,-123.,34.8));
#5990 = DIRECTION('',(-0.646526950128,0.565711081362,-0.511833835518));
#5991 = DIRECTION('',(-0.658504607869,-0.752576694707,
    -5.551115123126E-17));
#5992 = PCURVE('',#5802,#5993);
#5993 = DEFINITIONAL_REPRESENTATION('',(#5994),#6009);
#5994 = B_SPLINE_CURVE_WITH_KNOTS('',7,(#5995,#5996,#5997,#5998,#5999,
    #6000,#6001,#6002,#6003,#6004,#6005,#6006,#6007,#6008),
  .UNSPECIFIED.,.F.,.F.,(8,6,8),(0.,0.540442293963,1.080884587927),
  .UNSPECIFIED.);
#5995 = CARTESIAN_POINT('',(3.993558980763,0.));
#5996 = CARTESIAN_POINT('',(3.954042316164,6.632651158803E-02));
#5997 = CARTESIAN_POINT('',(3.914525406654,0.132652817491));
#5998 = CARTESIAN_POINT('',(3.87444183303,0.198810926252));
#5999 = CARTESIAN_POINT('',(3.833219970756,0.264628888643));
#6000 = CARTESIAN_POINT('',(3.790230142461,0.329917591386));
#6001 = CARTESIAN_POINT('',(3.744698329945,0.394436815943));
#6002 = CARTESIAN_POINT('',(3.646474561444,0.521244308824));
#6003 = CARTESIAN_POINT('',(3.593780675787,0.583531978031));
#6004 = CARTESIAN_POINT('',(3.536479362152,0.644359014517));
#6005 = CARTESIAN_POINT('',(3.473213277387,0.703257244392));
#6006 = CARTESIAN_POINT('',(3.402409103229,0.759611440488));
#6007 = CARTESIAN_POINT('',(3.321569856638,0.812441645018));
#6008 = CARTESIAN_POINT('',(3.228673458006,0.860293678342));
#6009 = ( GEOMETRIC_REPRESENTATION_CONTEXT(2) 
PARAMETRIC_REPRESENTATION_CONTEXT() REPRESENTATION_CONTEXT('2D SPACE',''
  ) );
#6010 = PCURVE('',#5840,#6011);
#6011 = DEFINITIONAL_REPRESENTATION('',(#6012),#6016);
#6012 = LINE('',#6013,#6014);
#6013 = CARTESIAN_POINT('',(0.,0.));
#6014 = VECTOR('',#6015,1.);
#6015 = DIRECTION('',(1.,0.));
#6016 = ( GEOMETRIC_REPRESENTATION_CONTEXT(2) 
PARAMETRIC_REPRESENTATION_CONTEXT() REPRESENTATION_CONTEXT('2D SPACE',''
  ) );
#6017 = ADVANCED_FACE('',(#6018),#5840,.T.);
#6018 = FACE_BOUND('',#6019,.T.);
#6019 = EDGE_LOOP('',(#6020,#6091,#6132,#6153,#6154,#6155,#6156,#6157));
#6020 = ORIENTED_EDGE('',*,*,#6021,.T.);
#6021 = EDGE_CURVE('',#6022,#6024,#6026,.T.);
#6022 = VERTEX_POINT('',#6023);
#6023 = CARTESIAN_POINT('',(-44.4,-119.4038219915,30.332617798789));
#6024 = VERTEX_POINT('',#6025);
#6025 = CARTESIAN_POINT('',(-44.4,-118.1961780084,31.667382201211));
#6026 = SURFACE_CURVE('',#6027,(#6032,#6039),.PCURVE_S1.);
#6027 = CIRCLE('',#6028,0.9);
#6028 = AXIS2_PLACEMENT_3D('',#6029,#6030,#6031);
#6029 = CARTESIAN_POINT('',(-44.4,-118.8,31.));
#6030 = DIRECTION('',(0.646526950128,-0.565711081362,0.511833835518));
#6031 = DIRECTION('',(-2.775557561563E-17,-0.670913323969,
    -0.741535779124));
#6032 = PCURVE('',#5840,#6033);
#6033 = DEFINITIONAL_REPRESENTATION('',(#6034),#6038);
#6034 = LINE('',#6035,#6036);
#6035 = CARTESIAN_POINT('',(5.241670999284,7.424284477308));
#6036 = VECTOR('',#6037,1.);
#6037 = DIRECTION('',(-1.,-0.));
#6038 = ( GEOMETRIC_REPRESENTATION_CONTEXT(2) 
PARAMETRIC_REPRESENTATION_CONTEXT() REPRESENTATION_CONTEXT('2D SPACE',''
  ) );
#6039 = PCURVE('',#6040,#6045);
#6040 = SPHERICAL_SURFACE('',#6041,0.9);
#6041 = AXIS2_PLACEMENT_3D('',#6042,#6043,#6044);
#6042 = CARTESIAN_POINT('',(-44.4,-118.8,31.));
#6043 = DIRECTION('',(0.,0.,1.));
#6044 = DIRECTION('',(1.,0.,-0.));
#6045 = DEFINITIONAL_REPRESENTATION('',(#6046),#6090);
#6046 = B_SPLINE_CURVE_WITH_KNOTS('',7,(#6047,#6048,#6049,#6050,#6051,
    #6052,#6053,#6054,#6055,#6056,#6057,#6058,#6059,#6060,#6061,#6062,
    #6063,#6064,#6065,#6066,#6067,#6068,#6069,#6070,#6071,#6072,#6073,
    #6074,#6075,#6076,#6077,#6078,#6079,#6080,#6081,#6082,#6083,#6084,
    #6085,#6086,#6087,#6088,#6089),.UNSPECIFIED.,.F.,.F.,(8,6,6,5,6,6,6,
    8),(0.,0.356381400763,0.712762801527,0.950350402036,1.361208324202,
    1.772066246368,2.593782090701,3.14159265359),.UNSPECIFIED.);
#6047 = CARTESIAN_POINT('',(4.712388980385,-0.835356559119));
#6048 = CARTESIAN_POINT('',(4.770280259976,-0.868272299136));
#6049 = CARTESIAN_POINT('',(4.833084762902,-0.899242918763));
#6050 = CARTESIAN_POINT('',(4.901418154612,-0.927889246731));
#6051 = CARTESIAN_POINT('',(4.975812768997,-0.953752285152));
#6052 = CARTESIAN_POINT('',(5.056708477389,-0.97627254157));
#6053 = CARTESIAN_POINT('',(5.143716387623,-0.994830502801));
#6054 = CARTESIAN_POINT('',(5.32734323754,-1.02307887958));
#6055 = CARTESIAN_POINT('',(5.423963694735,-1.032768473645));
#6056 = CARTESIAN_POINT('',(5.524087920521,-1.037555618695));
#6057 = CARTESIAN_POINT('',(5.62557484841,-1.037087602703));
#6058 = CARTESIAN_POINT('',(5.7252972581,-1.031390013133));
#6059 = CARTESIAN_POINT('',(5.821230275694,-1.020845521362));
#6060 = CARTESIAN_POINT('',(5.972797844195,-0.995999408207));
#6061 = CARTESIAN_POINT('',(6.031206981726,-0.984122067335));
#6062 = CARTESIAN_POINT('',(6.087041136033,-0.970450519097));
#6063 = CARTESIAN_POINT('',(6.140128983277,-0.955154612934));
#6064 = CARTESIAN_POINT('',(6.190451620101,-0.938404710452));
#6065 = CARTESIAN_POINT('',(6.320482732347,-0.889150669487));
#6066 = CARTESIAN_POINT('',(6.431504130331,-0.831297478201));
#6067 = CARTESIAN_POINT('',(6.494890659717,-0.791925449075));
#6068 = CARTESIAN_POINT('',(6.552446058002,-0.750429587779));
#6069 = CARTESIAN_POINT('',(6.605104601977,-0.707229110559));
#6070 = CARTESIAN_POINT('',(6.653676766424,-0.66265270121));
#6071 = CARTESIAN_POINT('',(6.743989815814,-0.57125441987));
#6072 = CARTESIAN_POINT('',(6.785730950244,-0.524433487617));
#6073 = CARTESIAN_POINT('',(6.824729304764,-0.476741502822));
#6074 = CARTESIAN_POINT('',(6.861523558384,-0.428365805207));
#6075 = CARTESIAN_POINT('',(6.896549050692,-0.379447775426));
#6076 = CARTESIAN_POINT('',(6.930168373775,-0.330100275328));
#6077 = CARTESIAN_POINT('',(7.027769144892,-0.181074713947));
#6078 = CARTESIAN_POINT('',(7.088492038848,-8.041063065134E-02));
#6079 = CARTESIAN_POINT('',(7.147421526548,2.077443990521E-02));
#6080 = CARTESIAN_POINT('',(7.206372360498,0.121959248582));
#6081 = CARTESIAN_POINT('',(7.267175473592,0.222589288974));
#6082 = CARTESIAN_POINT('',(7.331912710289,0.322064641324));
#6083 = CARTESIAN_POINT('',(7.451945542832,0.484106883012));
#6084 = CARTESIAN_POINT('',(7.50319686452,0.547923436444));
#6085 = CARTESIAN_POINT('',(7.558665581056,0.610416763055));
#6086 = CARTESIAN_POINT('',(7.619638088123,0.671155300847));
#6087 = CARTESIAN_POINT('',(7.687620306759,0.729567262578));
#6088 = CARTESIAN_POINT('',(7.764994233422,0.784760231623));
#6089 = CARTESIAN_POINT('',(7.853981633974,0.835356559119));
#6090 = ( GEOMETRIC_REPRESENTATION_CONTEXT(2) 
PARAMETRIC_REPRESENTATION_CONTEXT() REPRESENTATION_CONTEXT('2D SPACE',''
  ) );
#6091 = ORIENTED_EDGE('',*,*,#6092,.F.);
#6092 = EDGE_CURVE('',#6093,#6024,#6095,.T.);
#6093 = VERTEX_POINT('',#6094);
#6094 = CARTESIAN_POINT('',(-44.75994196574,-119.6809421839,
    31.184230476891));
#6095 = SURFACE_CURVE('',#6096,(#6101,#6114),.PCURVE_S1.);
#6096 = ELLIPSE('',#6097,0.991911865612,0.9);
#6097 = AXIS2_PLACEMENT_3D('',#6098,#6099,#6100);
#6098 = CARTESIAN_POINT('',(-44.4,-118.8,31.));
#6099 = DIRECTION('',(-0.907338677157,0.311741963395,-0.282052252596));
#6100 = DIRECTION('',(0.420400434034,0.672824092894,-0.608745607857));
#6101 = PCURVE('',#5840,#6102);
#6102 = DEFINITIONAL_REPRESENTATION('',(#6103),#6113);
#6103 = B_SPLINE_CURVE_WITH_KNOTS('',8,(#6104,#6105,#6106,#6107,#6108,
    #6109,#6110,#6111,#6112),.UNSPECIFIED.,.F.,.F.,(9,9),(2.61231063469,
    4.712389699808),.PIECEWISE_BEZIER_KNOTS.);
#6104 = CARTESIAN_POINT('',(-2.877698079828E-13,7.064342511563));
#6105 = CARTESIAN_POINT('',(0.262509883139,7.009071287609));
#6106 = CARTESIAN_POINT('',(0.525019766278,6.982147781596));
#6107 = CARTESIAN_POINT('',(0.78752964942,6.989374577232));
#6108 = CARTESIAN_POINT('',(1.050039532553,7.032393499816));
#6109 = CARTESIAN_POINT('',(1.312549415701,7.107380806116));
#6110 = CARTESIAN_POINT('',(1.575059298837,7.205351221555));
#6111 = CARTESIAN_POINT('',(1.837569181978,7.314818109095));
#6112 = CARTESIAN_POINT('',(2.100079065117,7.424284777308));
#6113 = ( GEOMETRIC_REPRESENTATION_CONTEXT(2) 
PARAMETRIC_REPRESENTATION_CONTEXT() REPRESENTATION_CONTEXT('2D SPACE',''
  ) );
#6114 = PCURVE('',#6115,#6120);
#6115 = CYLINDRICAL_SURFACE('',#6116,0.9);
#6116 = AXIS2_PLACEMENT_3D('',#6117,#6118,#6119);
#6117 = CARTESIAN_POINT('',(-44.4,-118.8,31.));
#6118 = DIRECTION('',(-1.,0.,0.));
#6119 = DIRECTION('',(0.,0.,-1.));
#6120 = DEFINITIONAL_REPRESENTATION('',(#6121),#6131);
#6121 = B_SPLINE_CURVE_WITH_KNOTS('',8,(#6122,#6123,#6124,#6125,#6126,
    #6127,#6128,#6129,#6130),.UNSPECIFIED.,.F.,.F.,(9,9),(2.61231063469,
    4.712389699808),.PIECEWISE_BEZIER_KNOTS.);
#6122 = CARTESIAN_POINT('',(1.776954075571,0.359941965745));
#6123 = CARTESIAN_POINT('',(2.039463958711,0.415213189699));
#6124 = CARTESIAN_POINT('',(2.301973841847,0.442136695713));
#6125 = CARTESIAN_POINT('',(2.564483725006,0.43490990006));
#6126 = CARTESIAN_POINT('',(2.826993608101,0.39189097748));
#6127 = CARTESIAN_POINT('',(3.089503491281,0.316903671189));
#6128 = CARTESIAN_POINT('',(3.352013374406,0.218933255753));
#6129 = CARTESIAN_POINT('',(3.614523257549,0.109466368213));
#6130 = CARTESIAN_POINT('',(3.877033140689,-2.999996269182E-07));
#6131 = ( GEOMETRIC_REPRESENTATION_CONTEXT(2) 
PARAMETRIC_REPRESENTATION_CONTEXT() REPRESENTATION_CONTEXT('2D SPACE',''
  ) );
#6132 = ORIENTED_EDGE('',*,*,#6133,.F.);
#6133 = EDGE_CURVE('',#5923,#6093,#6134,.T.);
#6134 = SEAM_CURVE('',#6135,(#6139,#6146),.PCURVE_S1.);
#6135 = LINE('',#6136,#6137);
#6136 = CARTESIAN_POINT('',(-40.19265414708,-123.6773190252,34.8));
#6137 = VECTOR('',#6138,1.);
#6138 = DIRECTION('',(-0.646526950128,0.565711081362,-0.511833835518));
#6139 = PCURVE('',#5840,#6140);
#6140 = DEFINITIONAL_REPRESENTATION('',(#6141),#6145);
#6141 = LINE('',#6142,#6143);
#6142 = CARTESIAN_POINT('',(0.,-0.));
#6143 = VECTOR('',#6144,1.);
#6144 = DIRECTION('',(0.,1.));
#6145 = ( GEOMETRIC_REPRESENTATION_CONTEXT(2) 
PARAMETRIC_REPRESENTATION_CONTEXT() REPRESENTATION_CONTEXT('2D SPACE',''
  ) );
#6146 = PCURVE('',#5840,#6147);
#6147 = DEFINITIONAL_REPRESENTATION('',(#6148),#6152);
#6148 = LINE('',#6149,#6150);
#6149 = CARTESIAN_POINT('',(6.28318530718,-0.));
#6150 = VECTOR('',#6151,1.);
#6151 = DIRECTION('',(0.,1.));
#6152 = ( GEOMETRIC_REPRESENTATION_CONTEXT(2) 
PARAMETRIC_REPRESENTATION_CONTEXT() REPRESENTATION_CONTEXT('2D SPACE',''
  ) );
#6153 = ORIENTED_EDGE('',*,*,#5985,.T.);
#6154 = ORIENTED_EDGE('',*,*,#5817,.T.);
#6155 = ORIENTED_EDGE('',*,*,#5922,.F.);
#6156 = ORIENTED_EDGE('',*,*,#6133,.T.);
#6157 = ORIENTED_EDGE('',*,*,#6158,.F.);
#6158 = EDGE_CURVE('',#6022,#6093,#6159,.T.);
#6159 = SURFACE_CURVE('',#6160,(#6165,#6176),.PCURVE_S1.);
#6160 = ELLIPSE('',#6161,0.991911865612,0.9);
#6161 = AXIS2_PLACEMENT_3D('',#6162,#6163,#6164);
#6162 = CARTESIAN_POINT('',(-44.4,-118.8,31.));
#6163 = DIRECTION('',(-0.907338677157,0.311741963395,-0.282052252596));
#6164 = DIRECTION('',(0.420400434034,0.672824092894,-0.608745607857));
#6165 = PCURVE('',#5840,#6166);
#6166 = DEFINITIONAL_REPRESENTATION('',(#6167),#6175);
#6167 = B_SPLINE_CURVE_WITH_KNOTS('',6,(#6168,#6169,#6170,#6171,#6172,
    #6173,#6174),.UNSPECIFIED.,.F.,.F.,(7,7),(1.570795607375,
    2.61231063469),.PIECEWISE_BEZIER_KNOTS.);
#6168 = CARTESIAN_POINT('',(5.241670279864,7.424284777307));
#6169 = CARTESIAN_POINT('',(5.41525611775,7.351899451866));
#6170 = CARTESIAN_POINT('',(5.588841955636,7.279514676713));
#6171 = CARTESIAN_POINT('',(5.762427793521,7.211052322921));
#6172 = CARTESIAN_POINT('',(5.936013631408,7.150453613937));
#6173 = CARTESIAN_POINT('',(6.109599469293,7.100890856358));
#6174 = CARTESIAN_POINT('',(6.283185307179,7.064342511563));
#6175 = ( GEOMETRIC_REPRESENTATION_CONTEXT(2) 
PARAMETRIC_REPRESENTATION_CONTEXT() REPRESENTATION_CONTEXT('2D SPACE',''
  ) );
#6176 = PCURVE('',#6115,#6177);
#6177 = DEFINITIONAL_REPRESENTATION('',(#6178),#6186);
#6178 = B_SPLINE_CURVE_WITH_KNOTS('',6,(#6179,#6180,#6181,#6182,#6183,
    #6184,#6185),.UNSPECIFIED.,.F.,.F.,(7,7),(1.570795607375,
    2.61231063469),.PIECEWISE_BEZIER_KNOTS.);
#6179 = CARTESIAN_POINT('',(0.735439048255,-2.999983337304E-07));
#6180 = CARTESIAN_POINT('',(0.909024886141,7.23850254418E-02));
#6181 = CARTESIAN_POINT('',(1.082610724027,0.144769800595));
#6182 = CARTESIAN_POINT('',(1.256196561913,0.213232154387));
#6183 = CARTESIAN_POINT('',(1.429782399799,0.273830863371));
#6184 = CARTESIAN_POINT('',(1.603368237685,0.32339362095));
#6185 = CARTESIAN_POINT('',(1.776954075571,0.359941965745));
#6186 = ( GEOMETRIC_REPRESENTATION_CONTEXT(2) 
PARAMETRIC_REPRESENTATION_CONTEXT() REPRESENTATION_CONTEXT('2D SPACE',''
  ) );
#6187 = ADVANCED_FACE('',(#6188),#6040,.T.);
#6188 = FACE_BOUND('',#6189,.T.);
#6189 = EDGE_LOOP('',(#6190,#6191,#6214));
#6190 = ORIENTED_EDGE('',*,*,#6021,.F.);
#6191 = ORIENTED_EDGE('',*,*,#6192,.F.);
#6192 = EDGE_CURVE('',#6193,#6022,#6195,.T.);
#6193 = VERTEX_POINT('',#6194);
#6194 = CARTESIAN_POINT('',(-44.4,-118.8,30.1));
#6195 = SURFACE_CURVE('',#6196,(#6201,#6207),.PCURVE_S1.);
#6196 = CIRCLE('',#6197,0.9);
#6197 = AXIS2_PLACEMENT_3D('',#6198,#6199,#6200);
#6198 = CARTESIAN_POINT('',(-44.4,-118.8,31.));
#6199 = DIRECTION('',(-1.,0.,0.));
#6200 = DIRECTION('',(0.,0.,-1.));
#6201 = PCURVE('',#6040,#6202);
#6202 = DEFINITIONAL_REPRESENTATION('',(#6203),#6206);
#6203 = B_SPLINE_CURVE_WITH_KNOTS('',1,(#6204,#6205),.UNSPECIFIED.,.F.,
  .F.,(2,2),(0.,0.735439767676),.PIECEWISE_BEZIER_KNOTS.);
#6204 = CARTESIAN_POINT('',(4.712388980385,-1.570796326795));
#6205 = CARTESIAN_POINT('',(4.712388980385,-0.835356559119));
#6206 = ( GEOMETRIC_REPRESENTATION_CONTEXT(2) 
PARAMETRIC_REPRESENTATION_CONTEXT() REPRESENTATION_CONTEXT('2D SPACE',''
  ) );
#6207 = PCURVE('',#6115,#6208);
#6208 = DEFINITIONAL_REPRESENTATION('',(#6209),#6213);
#6209 = LINE('',#6210,#6211);
#6210 = CARTESIAN_POINT('',(0.,0.));
#6211 = VECTOR('',#6212,1.);
#6212 = DIRECTION('',(1.,0.));
#6213 = ( GEOMETRIC_REPRESENTATION_CONTEXT(2) 
PARAMETRIC_REPRESENTATION_CONTEXT() REPRESENTATION_CONTEXT('2D SPACE',''
  ) );
#6214 = ORIENTED_EDGE('',*,*,#6215,.F.);
#6215 = EDGE_CURVE('',#6024,#6193,#6216,.T.);
#6216 = SURFACE_CURVE('',#6217,(#6222,#6228),.PCURVE_S1.);
#6217 = CIRCLE('',#6218,0.9);
#6218 = AXIS2_PLACEMENT_3D('',#6219,#6220,#6221);
#6219 = CARTESIAN_POINT('',(-44.4,-118.8,31.));
#6220 = DIRECTION('',(-1.,0.,0.));
#6221 = DIRECTION('',(0.,0.,-1.));
#6222 = PCURVE('',#6040,#6223);
#6223 = DEFINITIONAL_REPRESENTATION('',(#6224),#6227);
#6224 = B_SPLINE_CURVE_WITH_KNOTS('',1,(#6225,#6226),.UNSPECIFIED.,.F.,
  .F.,(2,2),(3.877032421265,6.28318530718),.PIECEWISE_BEZIER_KNOTS.);
#6225 = CARTESIAN_POINT('',(7.853981633974,0.835356559119));
#6226 = CARTESIAN_POINT('',(7.853981633974,-1.570796326795));
#6227 = ( GEOMETRIC_REPRESENTATION_CONTEXT(2) 
PARAMETRIC_REPRESENTATION_CONTEXT() REPRESENTATION_CONTEXT('2D SPACE',''
  ) );
#6228 = PCURVE('',#6115,#6229);
#6229 = DEFINITIONAL_REPRESENTATION('',(#6230),#6234);
#6230 = LINE('',#6231,#6232);
#6231 = CARTESIAN_POINT('',(0.,0.));
#6232 = VECTOR('',#6233,1.);
#6233 = DIRECTION('',(1.,0.));
#6234 = ( GEOMETRIC_REPRESENTATION_CONTEXT(2) 
PARAMETRIC_REPRESENTATION_CONTEXT() REPRESENTATION_CONTEXT('2D SPACE',''
  ) );
#6235 = ADVANCED_FACE('',(#6236),#6115,.T.);
#6236 = FACE_BOUND('',#6237,.T.);
#6237 = EDGE_LOOP('',(#6238,#6261,#6288,#6289,#6290,#6291,#6292));
#6238 = ORIENTED_EDGE('',*,*,#6239,.T.);
#6239 = EDGE_CURVE('',#6193,#6240,#6242,.T.);
#6240 = VERTEX_POINT('',#6241);
#6241 = CARTESIAN_POINT('',(-47.4,-118.8,30.1));
#6242 = SEAM_CURVE('',#6243,(#6247,#6254),.PCURVE_S1.);
#6243 = LINE('',#6244,#6245);
#6244 = CARTESIAN_POINT('',(-44.4,-118.8,30.1));
#6245 = VECTOR('',#6246,1.);
#6246 = DIRECTION('',(-1.,0.,0.));
#6247 = PCURVE('',#6115,#6248);
#6248 = DEFINITIONAL_REPRESENTATION('',(#6249),#6253);
#6249 = LINE('',#6250,#6251);
#6250 = CARTESIAN_POINT('',(6.28318530718,-0.));
#6251 = VECTOR('',#6252,1.);
#6252 = DIRECTION('',(0.,1.));
#6253 = ( GEOMETRIC_REPRESENTATION_CONTEXT(2) 
PARAMETRIC_REPRESENTATION_CONTEXT() REPRESENTATION_CONTEXT('2D SPACE',''
  ) );
#6254 = PCURVE('',#6115,#6255);
#6255 = DEFINITIONAL_REPRESENTATION('',(#6256),#6260);
#6256 = LINE('',#6257,#6258);
#6257 = CARTESIAN_POINT('',(0.,-0.));
#6258 = VECTOR('',#6259,1.);
#6259 = DIRECTION('',(0.,1.));
#6260 = ( GEOMETRIC_REPRESENTATION_CONTEXT(2) 
PARAMETRIC_REPRESENTATION_CONTEXT() REPRESENTATION_CONTEXT('2D SPACE',''
  ) );
#6261 = ORIENTED_EDGE('',*,*,#6262,.F.);
#6262 = EDGE_CURVE('',#6240,#6240,#6263,.T.);
#6263 = SURFACE_CURVE('',#6264,(#6269,#6276),.PCURVE_S1.);
#6264 = CIRCLE('',#6265,0.9);
#6265 = AXIS2_PLACEMENT_3D('',#6266,#6267,#6268);
#6266 = CARTESIAN_POINT('',(-47.4,-118.8,31.));
#6267 = DIRECTION('',(-1.,0.,0.));
#6268 = DIRECTION('',(0.,0.,-1.));
#6269 = PCURVE('',#6115,#6270);
#6270 = DEFINITIONAL_REPRESENTATION('',(#6271),#6275);
#6271 = LINE('',#6272,#6273);
#6272 = CARTESIAN_POINT('',(0.,3.));
#6273 = VECTOR('',#6274,1.);
#6274 = DIRECTION('',(1.,0.));
#6275 = ( GEOMETRIC_REPRESENTATION_CONTEXT(2) 
PARAMETRIC_REPRESENTATION_CONTEXT() REPRESENTATION_CONTEXT('2D SPACE',''
  ) );
#6276 = PCURVE('',#6277,#6282);
#6277 = PLANE('',#6278);
#6278 = AXIS2_PLACEMENT_3D('',#6279,#6280,#6281);
#6279 = CARTESIAN_POINT('',(-47.4,-118.8,31.));
#6280 = DIRECTION('',(-1.,0.,0.));
#6281 = DIRECTION('',(0.,0.,-1.));
#6282 = DEFINITIONAL_REPRESENTATION('',(#6283),#6287);
#6283 = CIRCLE('',#6284,0.9);
#6284 = AXIS2_PLACEMENT_2D('',#6285,#6286);
#6285 = CARTESIAN_POINT('',(0.,0.));
#6286 = DIRECTION('',(1.,0.));
#6287 = ( GEOMETRIC_REPRESENTATION_CONTEXT(2) 
PARAMETRIC_REPRESENTATION_CONTEXT() REPRESENTATION_CONTEXT('2D SPACE',''
  ) );
#6288 = ORIENTED_EDGE('',*,*,#6239,.F.);
#6289 = ORIENTED_EDGE('',*,*,#6192,.T.);
#6290 = ORIENTED_EDGE('',*,*,#6158,.T.);
#6291 = ORIENTED_EDGE('',*,*,#6092,.T.);
#6292 = ORIENTED_EDGE('',*,*,#6215,.T.);
#6293 = ADVANCED_FACE('',(#6294),#6277,.T.);
#6294 = FACE_BOUND('',#6295,.T.);
#6295 = EDGE_LOOP('',(#6296));
#6296 = ORIENTED_EDGE('',*,*,#6262,.T.);
#6297 = ( GEOMETRIC_REPRESENTATION_CONTEXT(3) 
GLOBAL_UNCERTAINTY_ASSIGNED_CONTEXT((#6301)) 
GLOBAL_UNIT_ASSIGNED_CONTEXT((#6298,#6299,#6300)) REPRESENTATION_CONTEXT
('Context #1','3D Context with UNIT and UNCERTAINTY') );
#6298 = ( LENGTH_UNIT() NAMED_UNIT(*) SI_UNIT(.MILLI.,.METRE.) );
#6299 = ( NAMED_UNIT(*) PLANE_ANGLE_UNIT() SI_UNIT($,.RADIAN.) );
#6300 = ( NAMED_UNIT(*) SI_UNIT($,.STERADIAN.) SOLID_ANGLE_UNIT() );
#6301 = UNCERTAINTY_MEASURE_WITH_UNIT(LENGTH_MEASURE(5.E-07),#6298,
  'distance_accuracy_value','confusion accuracy');
#6302 = PRODUCT_RELATED_PRODUCT_CATEGORY('part',$,(#7));
ENDSEC;
END-ISO-10303-21;
