ISO-10303-21;
HEADER;
FILE_DESCRIPTION(('Open CASCADE Model'),'2;1');
FILE_NAME('Open CASCADE Shape Model','2026-10-01T17:02:37',('Author'),(
    'Open CASCADE'),'Open CASCADE STEP processor 7.8','Open CASCADE 7.8'
  ,'Unknown');
FILE_SCHEMA(('AUTOMOTIVE_DESIGN { 1 0 10303 214 1 1 1 1 }'));
ENDSEC;
DATA;
#1 = APPLICATION_PROTOCOL_DEFINITION('international standard',
  'automotive_design',2000,#2);
#2 = APPLICATION_CONTEXT(
  'core data for automotive mechanical design processes');
#3 = SHAPE_DEFINITION_REPRESENTATION(#4,#10);
#4 = PRODUCT_DEFINITION_SHAPE('','',#5);
#5 = PRODUCT_DEFINITION('design','',#6,#9);
#6 = PRODUCT_DEFINITION_FORMATION('','',#7);
#7 = PRODUCT('Open CASCADE STEP translator 7.8 27',
  'Open CASCADE STEP translator 7.8 27','',(#8));
#8 = PRODUCT_CONTEXT('',#2,'mechanical');
#9 = PRODUCT_DEFINITION_CONTEXT('part definition',#2,'design');
#10 = ADVANCED_BREP_SHAPE_REPRESENTATION('',(#11,#15),#10352);
#11 = AXIS2_PLACEMENT_3D('',#12,#13,#14);
#12 = CARTESIAN_POINT('',(0.,0.,0.));
#13 = DIRECTION('',(0.,0.,1.));
#14 = DIRECTION('',(1.,0.,-0.));
#15 = MANIFOLD_SOLID_BREP('',#16);
#16 = CLOSED_SHELL('',(#17,#200,#253,#406,#410,#475,#616,#699,#860,#927,
    #1081,#1177,#1344,#1420,#1548,#1615,#1813,#1862,#2016,#2062,#2208,
    #2387,#2392,#2438,#2620,#2680,#2836,#2916,#3073,#3218,#3423,#3573,
    #3783,#3832,#3954,#4087,#4328,#4434,#4611,#4661,#4812,#4908,#5088,
    #5163,#5344,#5580,#5586,#5637,#5757,#5994,#6000,#6144,#6393,#6444,
    #6605,#6777,#6782,#6857,#7042,#7152,#7378,#7439,#7622,#7673,#7854,
    #8066,#8072,#8123,#8243,#8351,#8598,#8916,#8947,#9112,#9118,#9219,
    #9395,#9524,#9729,#9811,#9998,#10059,#10239,#10290,#10348));
#17 = ADVANCED_FACE('',(#18),#33,.T.);
#18 = FACE_BOUND('',#19,.T.);
#19 = EDGE_LOOP('',(#20,#55,#78,#115,#138,#165,#166));
#20 = ORIENTED_EDGE('',*,*,#21,.F.);
#21 = EDGE_CURVE('',#22,#24,#26,.T.);
#22 = VERTEX_POINT('',#23);
#23 = CARTESIAN_POINT('',(-44.4,-118.8,16.35));
#24 = VERTEX_POINT('',#25);
#25 = CARTESIAN_POINT('',(-44.4,-118.3037989145,16.580137543047));
#26 = SURFACE_CURVE('',#27,(#32,#44),.PCURVE_S1.);
#27 = CIRCLE('',#28,0.65);
#28 = AXIS2_PLACEMENT_3D('',#29,#30,#31);
#29 = CARTESIAN_POINT('',(-44.4,-118.8,17.));
#30 = DIRECTION('',(1.,0.,0.));
#31 = DIRECTION('',(-0.,0.,1.));
#32 = PCURVE('',#33,#38);
#33 = CYLINDRICAL_SURFACE('',#34,0.65);
#34 = AXIS2_PLACEMENT_3D('',#35,#36,#37);
#35 = CARTESIAN_POINT('',(-47.4,-118.8,17.));
#36 = DIRECTION('',(1.,0.,0.));
#37 = DIRECTION('',(-0.,0.,1.));
#38 = DEFINITIONAL_REPRESENTATION('',(#39),#43);
#39 = LINE('',#40,#41);
#40 = CARTESIAN_POINT('',(0.,3.));
#41 = VECTOR('',#42,1.);
#42 = DIRECTION('',(1.,0.));
#43 = ( GEOMETRIC_REPRESENTATION_CONTEXT(2) 
PARAMETRIC_REPRESENTATION_CONTEXT() REPRESENTATION_CONTEXT('2D SPACE',''
  ) );
#44 = PCURVE('',#45,#50);
#45 = SPHERICAL_SURFACE('',#46,0.65);
#46 = AXIS2_PLACEMENT_3D('',#47,#48,#49);
#47 = CARTESIAN_POINT('',(-44.4,-118.8,17.));
#48 = DIRECTION('',(0.,0.,1.));
#49 = DIRECTION('',(1.,0.,-0.));
#50 = DEFINITIONAL_REPRESENTATION('',(#51),#54);
#51 = B_SPLINE_CURVE_WITH_KNOTS('',1,(#52,#53),.UNSPECIFIED.,.F.,.F.,(2,
    2),(3.14159265359,4.010132048876),.PIECEWISE_BEZIER_KNOTS.);
#52 = CARTESIAN_POINT('',(7.853981633974,-1.570796326795));
#53 = CARTESIAN_POINT('',(7.853981633974,-0.702256931509));
#54 = ( GEOMETRIC_REPRESENTATION_CONTEXT(2) 
PARAMETRIC_REPRESENTATION_CONTEXT() REPRESENTATION_CONTEXT('2D SPACE',''
  ) );
#55 = ORIENTED_EDGE('',*,*,#56,.F.);
#56 = EDGE_CURVE('',#57,#22,#59,.T.);
#57 = VERTEX_POINT('',#58);
#58 = CARTESIAN_POINT('',(-44.4,-119.2962010854,17.419862456953));
#59 = SURFACE_CURVE('',#60,(#65,#72),.PCURVE_S1.);
#60 = CIRCLE('',#61,0.65);
#61 = AXIS2_PLACEMENT_3D('',#62,#63,#64);
#62 = CARTESIAN_POINT('',(-44.4,-118.8,17.));
#63 = DIRECTION('',(1.,0.,0.));
#64 = DIRECTION('',(-0.,0.,1.));
#65 = PCURVE('',#33,#66);
#66 = DEFINITIONAL_REPRESENTATION('',(#67),#71);
#67 = LINE('',#68,#69);
#68 = CARTESIAN_POINT('',(0.,3.));
#69 = VECTOR('',#70,1.);
#70 = DIRECTION('',(1.,0.));
#71 = ( GEOMETRIC_REPRESENTATION_CONTEXT(2) 
PARAMETRIC_REPRESENTATION_CONTEXT() REPRESENTATION_CONTEXT('2D SPACE',''
  ) );
#72 = PCURVE('',#45,#73);
#73 = DEFINITIONAL_REPRESENTATION('',(#74),#77);
#74 = B_SPLINE_CURVE_WITH_KNOTS('',1,(#75,#76),.UNSPECIFIED.,.F.,.F.,(2,
    2),(0.868539395286,3.14159265359),.PIECEWISE_BEZIER_KNOTS.);
#75 = CARTESIAN_POINT('',(4.712388980385,0.702256931509));
#76 = CARTESIAN_POINT('',(4.712388980385,-1.570796326795));
#77 = ( GEOMETRIC_REPRESENTATION_CONTEXT(2) 
PARAMETRIC_REPRESENTATION_CONTEXT() REPRESENTATION_CONTEXT('2D SPACE',''
  ) );
#78 = ORIENTED_EDGE('',*,*,#79,.F.);
#79 = EDGE_CURVE('',#80,#57,#82,.T.);
#80 = VERTEX_POINT('',#81);
#81 = CARTESIAN_POINT('',(-44.79315389839,-118.8,17.65));
#82 = SURFACE_CURVE('',#83,(#88,#99),.PCURVE_S1.);
#83 = ELLIPSE('',#84,0.829299970241,0.65);
#84 = AXIS2_PLACEMENT_3D('',#85,#86,#87);
#85 = CARTESIAN_POINT('',(-44.4,-118.8,17.));
#86 = DIRECTION('',(0.78379358896,0.401143971053,0.474079238517));
#87 = DIRECTION('',(0.621021424675,-0.5062853877,-0.598337276372));
#88 = PCURVE('',#33,#89);
#89 = DEFINITIONAL_REPRESENTATION('',(#90),#98);
#90 = B_SPLINE_CURVE_WITH_KNOTS('',6,(#91,#92,#93,#94,#95,#96,#97),
  .UNSPECIFIED.,.F.,.F.,(7,7),(3.843849585101,4.712389562894),
  .PIECEWISE_BEZIER_KNOTS.);
#91 = CARTESIAN_POINT('',(2.120696780576E-12,2.606846101606));
#92 = CARTESIAN_POINT('',(0.144756662968,2.655002110068));
#93 = CARTESIAN_POINT('',(0.289513325933,2.713043931559));
#94 = CARTESIAN_POINT('',(0.434269988899,2.779156627239));
#95 = CARTESIAN_POINT('',(0.579026651864,2.850897354009));
#96 = CARTESIAN_POINT('',(0.72378331483,2.925448729643));
#97 = CARTESIAN_POINT('',(0.868539977795,3.0000003));
#98 = ( GEOMETRIC_REPRESENTATION_CONTEXT(2) 
PARAMETRIC_REPRESENTATION_CONTEXT() REPRESENTATION_CONTEXT('2D SPACE',''
  ) );
#99 = PCURVE('',#100,#105);
#100 = CYLINDRICAL_SURFACE('',#101,0.65);
#101 = AXIS2_PLACEMENT_3D('',#102,#103,#104);
#102 = CARTESIAN_POINT('',(-44.4,-118.8,17.));
#103 = DIRECTION('',(0.22866478019,0.628828145523,0.743160535618));
#104 = DIRECTION('',(0.,0.763386285369,-0.645942241466));
#105 = DEFINITIONAL_REPRESENTATION('',(#106),#114);
#106 = B_SPLINE_CURVE_WITH_KNOTS('',6,(#107,#108,#109,#110,#111,#112,
    #113),.UNSPECIFIED.,.F.,.F.,(7,7),(3.843849585101,4.712389562894),
  .PIECEWISE_BEZIER_KNOTS.);
#107 = CARTESIAN_POINT('',(2.273053258306,0.393153898394));
#108 = CARTESIAN_POINT('',(2.417809921272,0.344997889932));
#109 = CARTESIAN_POINT('',(2.562566584237,0.286956068441));
#110 = CARTESIAN_POINT('',(2.707323247202,0.220843372761));
#111 = CARTESIAN_POINT('',(2.852079910168,0.149102645991));
#112 = CARTESIAN_POINT('',(2.996836573134,7.455127035721E-02));
#113 = CARTESIAN_POINT('',(3.141593236099,-3.000000106113E-07));
#114 = ( GEOMETRIC_REPRESENTATION_CONTEXT(2) 
PARAMETRIC_REPRESENTATION_CONTEXT() REPRESENTATION_CONTEXT('2D SPACE',''
  ) );
#115 = ORIENTED_EDGE('',*,*,#116,.F.);
#116 = EDGE_CURVE('',#117,#80,#119,.T.);
#117 = VERTEX_POINT('',#118);
#118 = CARTESIAN_POINT('',(-47.4,-118.8,17.65));
#119 = SEAM_CURVE('',#120,(#124,#131),.PCURVE_S1.);
#120 = LINE('',#121,#122);
#121 = CARTESIAN_POINT('',(-47.4,-118.8,17.65));
#122 = VECTOR('',#123,1.);
#123 = DIRECTION('',(1.,0.,0.));
#124 = PCURVE('',#33,#125);
#125 = DEFINITIONAL_REPRESENTATION('',(#126),#130);
#126 = LINE('',#127,#128);
#127 = CARTESIAN_POINT('',(6.28318530718,-0.));
#128 = VECTOR('',#129,1.);
#129 = DIRECTION('',(0.,1.));
#130 = ( GEOMETRIC_REPRESENTATION_CONTEXT(2) 
PARAMETRIC_REPRESENTATION_CONTEXT() REPRESENTATION_CONTEXT('2D SPACE',''
  ) );
#131 = PCURVE('',#33,#132);
#132 = DEFINITIONAL_REPRESENTATION('',(#133),#137);
#133 = LINE('',#134,#135);
#134 = CARTESIAN_POINT('',(0.,-0.));
#135 = VECTOR('',#136,1.);
#136 = DIRECTION('',(0.,1.));
#137 = ( GEOMETRIC_REPRESENTATION_CONTEXT(2) 
PARAMETRIC_REPRESENTATION_CONTEXT() REPRESENTATION_CONTEXT('2D SPACE',''
  ) );
#138 = ORIENTED_EDGE('',*,*,#139,.T.);
#139 = EDGE_CURVE('',#117,#117,#140,.T.);
#140 = SURFACE_CURVE('',#141,(#146,#153),.PCURVE_S1.);
#141 = CIRCLE('',#142,0.65);
#142 = AXIS2_PLACEMENT_3D('',#143,#144,#145);
#143 = CARTESIAN_POINT('',(-47.4,-118.8,17.));
#144 = DIRECTION('',(1.,0.,0.));
#145 = DIRECTION('',(-0.,0.,1.));
#146 = PCURVE('',#33,#147);
#147 = DEFINITIONAL_REPRESENTATION('',(#148),#152);
#148 = LINE('',#149,#150);
#149 = CARTESIAN_POINT('',(0.,0.));
#150 = VECTOR('',#151,1.);
#151 = DIRECTION('',(1.,0.));
#152 = ( GEOMETRIC_REPRESENTATION_CONTEXT(2) 
PARAMETRIC_REPRESENTATION_CONTEXT() REPRESENTATION_CONTEXT('2D SPACE',''
  ) );
#153 = PCURVE('',#154,#159);
#154 = PLANE('',#155);
#155 = AXIS2_PLACEMENT_3D('',#156,#157,#158);
#156 = CARTESIAN_POINT('',(-47.4,-118.8,17.));
#157 = DIRECTION('',(1.,0.,0.));
#158 = DIRECTION('',(-0.,0.,1.));
#159 = DEFINITIONAL_REPRESENTATION('',(#160),#164);
#160 = CIRCLE('',#161,0.65);
#161 = AXIS2_PLACEMENT_2D('',#162,#163);
#162 = CARTESIAN_POINT('',(0.,0.));
#163 = DIRECTION('',(1.,0.));
#164 = ( GEOMETRIC_REPRESENTATION_CONTEXT(2) 
PARAMETRIC_REPRESENTATION_CONTEXT() REPRESENTATION_CONTEXT('2D SPACE',''
  ) );
#165 = ORIENTED_EDGE('',*,*,#116,.T.);
#166 = ORIENTED_EDGE('',*,*,#167,.F.);
#167 = EDGE_CURVE('',#24,#80,#168,.T.);
#168 = SURFACE_CURVE('',#169,(#174,#187),.PCURVE_S1.);
#169 = ELLIPSE('',#170,0.829299970241,0.65);
#170 = AXIS2_PLACEMENT_3D('',#171,#172,#173);
#171 = CARTESIAN_POINT('',(-44.4,-118.8,17.));
#172 = DIRECTION('',(0.78379358896,0.401143971053,0.474079238517));
#173 = DIRECTION('',(0.621021424675,-0.5062853877,-0.598337276372));
#174 = PCURVE('',#33,#175);
#175 = DEFINITIONAL_REPRESENTATION('',(#176),#186);
#176 = B_SPLINE_CURVE_WITH_KNOTS('',8,(#177,#178,#179,#180,#181,#182,
    #183,#184,#185),.UNSPECIFIED.,.F.,.F.,(9,9),(1.57079743328,
    3.843849585101),.PIECEWISE_BEZIER_KNOTS.);
#177 = CARTESIAN_POINT('',(4.01013315536,2.999999430146));
#178 = CARTESIAN_POINT('',(4.294264674338,2.85366799024));
#179 = CARTESIAN_POINT('',(4.578396193317,2.707336173721));
#180 = CARTESIAN_POINT('',(4.862527712294,2.5790094557));
#181 = CARTESIAN_POINT('',(5.146659231274,2.486670820625));
#182 = CARTESIAN_POINT('',(5.430790750248,2.443728782286));
#183 = CARTESIAN_POINT('',(5.714922269228,2.454076920632));
#184 = CARTESIAN_POINT('',(5.999053788204,2.512324443316));
#185 = CARTESIAN_POINT('',(6.283185307182,2.606846101606));
#186 = ( GEOMETRIC_REPRESENTATION_CONTEXT(2) 
PARAMETRIC_REPRESENTATION_CONTEXT() REPRESENTATION_CONTEXT('2D SPACE',''
  ) );
#187 = PCURVE('',#100,#188);
#188 = DEFINITIONAL_REPRESENTATION('',(#189),#199);
#189 = B_SPLINE_CURVE_WITH_KNOTS('',8,(#190,#191,#192,#193,#194,#195,
    #196,#197,#198),.UNSPECIFIED.,.F.,.F.,(9,9),(1.57079743328,
    3.843849585101),.PIECEWISE_BEZIER_KNOTS.);
#190 = CARTESIAN_POINT('',(1.106484673458E-06,5.698540377352E-07));
#191 = CARTESIAN_POINT('',(0.284132625462,0.14633200976));
#192 = CARTESIAN_POINT('',(0.568264144439,0.292663826279));
#193 = CARTESIAN_POINT('',(0.852395663417,0.420990544285));
#194 = CARTESIAN_POINT('',(1.136527182391,0.513329179394));
#195 = CARTESIAN_POINT('',(1.420658701375,0.556271217701));
#196 = CARTESIAN_POINT('',(1.70479022035,0.545923079369));
#197 = CARTESIAN_POINT('',(1.988921739328,0.487675556684));
#198 = CARTESIAN_POINT('',(2.273053258306,0.393153898394));
#199 = ( GEOMETRIC_REPRESENTATION_CONTEXT(2) 
PARAMETRIC_REPRESENTATION_CONTEXT() REPRESENTATION_CONTEXT('2D SPACE',''
  ) );
#200 = ADVANCED_FACE('',(#201),#45,.T.);
#201 = FACE_BOUND('',#202,.T.);
#202 = EDGE_LOOP('',(#203,#251,#252));
#203 = ORIENTED_EDGE('',*,*,#204,.T.);
#204 = EDGE_CURVE('',#24,#57,#205,.T.);
#205 = SURFACE_CURVE('',#206,(#211,#244),.PCURVE_S1.);
#206 = CIRCLE('',#207,0.65);
#207 = AXIS2_PLACEMENT_3D('',#208,#209,#210);
#208 = CARTESIAN_POINT('',(-44.4,-118.8,17.));
#209 = DIRECTION('',(-0.22866478019,-0.628828145523,-0.743160535618));
#210 = DIRECTION('',(-1.387778780781E-17,0.763386285369,-0.645942241466)
  );
#211 = PCURVE('',#45,#212);
#212 = DEFINITIONAL_REPRESENTATION('',(#213),#243);
#213 = B_SPLINE_CURVE_WITH_KNOTS('',8,(#214,#215,#216,#217,#218,#219,
    #220,#221,#222,#223,#224,#225,#226,#227,#228,#229,#230,#231,#232,
    #233,#234,#235,#236,#237,#238,#239,#240,#241,#242),.UNSPECIFIED.,.F.
  ,.F.,(9,7,6,7,9),(0.,0.689836202012,1.379672404024,2.260632528807,
    3.14159265359),.UNSPECIFIED.);
#214 = CARTESIAN_POINT('',(7.853981633974,-0.702256931509));
#215 = CARTESIAN_POINT('',(7.744017786342,-0.721974586947));
#216 = CARTESIAN_POINT('',(7.629859016655,-0.734877617626));
#217 = CARTESIAN_POINT('',(7.512799210312,-0.740301042151));
#218 = CARTESIAN_POINT('',(7.394796585072,-0.737801971608));
#219 = CARTESIAN_POINT('',(7.278641180633,-0.727374453749));
#220 = CARTESIAN_POINT('',(7.166375013026,-0.709616459178));
#221 = CARTESIAN_POINT('',(7.059064119822,-0.68528993858));
#222 = CARTESIAN_POINT('',(6.855209150389,-0.625164230284));
#223 = CARTESIAN_POINT('',(6.758662724165,-0.589364722275));
#224 = CARTESIAN_POINT('',(6.667927355734,-0.548657863993));
#225 = CARTESIAN_POINT('',(6.582716480319,-0.503928789497));
#226 = CARTESIAN_POINT('',(6.502378202094,-0.455950780722));
#227 = CARTESIAN_POINT('',(6.426158209511,-0.405365154074));
#228 = CARTESIAN_POINT('',(6.260334155252,-0.285494748513));
#229 = CARTESIAN_POINT('',(6.108378893985,-0.157427701036));
#230 = CARTESIAN_POINT('',(6.026027329271,-8.401866933005E-02));
#231 = CARTESIAN_POINT('',(5.945117305742,-9.827677298766E-03));
#232 = CARTESIAN_POINT('',(5.864337093711,6.443366516549E-02));
#233 = CARTESIAN_POINT('',(5.782382477278,0.138059396845));
#234 = CARTESIAN_POINT('',(5.697842084616,0.210264510528));
#235 = CARTESIAN_POINT('',(5.520625873892,0.349907048861));
#236 = CARTESIAN_POINT('',(5.42794842079,0.417343916594));
#237 = CARTESIAN_POINT('',(5.329735781768,0.481438287581));
#238 = CARTESIAN_POINT('',(5.224374901889,0.541031004893));
#239 = CARTESIAN_POINT('',(5.110488076965,0.594757716313));
#240 = CARTESIAN_POINT('',(4.986411425646,0.640783114631));
#241 = CARTESIAN_POINT('',(4.85281907763,0.677076362348));
#242 = CARTESIAN_POINT('',(4.712388980385,0.702256931509));
#243 = ( GEOMETRIC_REPRESENTATION_CONTEXT(2) 
PARAMETRIC_REPRESENTATION_CONTEXT() REPRESENTATION_CONTEXT('2D SPACE',''
  ) );
#244 = PCURVE('',#100,#245);
#245 = DEFINITIONAL_REPRESENTATION('',(#246),#250);
#246 = LINE('',#247,#248);
#247 = CARTESIAN_POINT('',(6.28318530718,0.));
#248 = VECTOR('',#249,1.);
#249 = DIRECTION('',(-1.,-0.));
#250 = ( GEOMETRIC_REPRESENTATION_CONTEXT(2) 
PARAMETRIC_REPRESENTATION_CONTEXT() REPRESENTATION_CONTEXT('2D SPACE',''
  ) );
#251 = ORIENTED_EDGE('',*,*,#56,.T.);
#252 = ORIENTED_EDGE('',*,*,#21,.T.);
#253 = ADVANCED_FACE('',(#254),#100,.T.);
#254 = FACE_BOUND('',#255,.T.);
#255 = EDGE_LOOP('',(#256,#279,#326,#367,#402,#403,#404,#405));
#256 = ORIENTED_EDGE('',*,*,#257,.T.);
#257 = EDGE_CURVE('',#24,#258,#260,.T.);
#258 = VERTEX_POINT('',#259);
#259 = CARTESIAN_POINT('',(-43.6,-116.1037989145,19.180137543047));
#260 = SEAM_CURVE('',#261,(#265,#272),.PCURVE_S1.);
#261 = LINE('',#262,#263);
#262 = CARTESIAN_POINT('',(-44.4,-118.3037989145,16.580137543047));
#263 = VECTOR('',#264,1.);
#264 = DIRECTION('',(0.22866478019,0.628828145523,0.743160535618));
#265 = PCURVE('',#100,#266);
#266 = DEFINITIONAL_REPRESENTATION('',(#267),#271);
#267 = LINE('',#268,#269);
#268 = CARTESIAN_POINT('',(6.28318530718,-0.));
#269 = VECTOR('',#270,1.);
#270 = DIRECTION('',(0.,1.));
#271 = ( GEOMETRIC_REPRESENTATION_CONTEXT(2) 
PARAMETRIC_REPRESENTATION_CONTEXT() REPRESENTATION_CONTEXT('2D SPACE',''
  ) );
#272 = PCURVE('',#100,#273);
#273 = DEFINITIONAL_REPRESENTATION('',(#274),#278);
#274 = LINE('',#275,#276);
#275 = CARTESIAN_POINT('',(0.,-0.));
#276 = VECTOR('',#277,1.);
#277 = DIRECTION('',(0.,1.));
#278 = ( GEOMETRIC_REPRESENTATION_CONTEXT(2) 
PARAMETRIC_REPRESENTATION_CONTEXT() REPRESENTATION_CONTEXT('2D SPACE',''
  ) );
#279 = ORIENTED_EDGE('',*,*,#280,.T.);
#280 = EDGE_CURVE('',#258,#281,#283,.T.);
#281 = VERTEX_POINT('',#282);
#282 = CARTESIAN_POINT('',(-42.96752900318,-116.6804963086,
    19.473505800637));
#283 = SURFACE_CURVE('',#284,(#289,#296),.PCURVE_S1.);
#284 = CIRCLE('',#285,0.65);
#285 = AXIS2_PLACEMENT_3D('',#286,#287,#288);
#286 = CARTESIAN_POINT('',(-43.6,-116.6,19.6));
#287 = DIRECTION('',(-0.22866478019,-0.628828145523,-0.743160535618));
#288 = DIRECTION('',(-1.387778780781E-17,0.763386285369,-0.645942241466)
  );
#289 = PCURVE('',#100,#290);
#290 = DEFINITIONAL_REPRESENTATION('',(#291),#295);
#291 = LINE('',#292,#293);
#292 = CARTESIAN_POINT('',(6.28318530718,3.498571136907));
#293 = VECTOR('',#294,1.);
#294 = DIRECTION('',(-1.,-0.));
#295 = ( GEOMETRIC_REPRESENTATION_CONTEXT(2) 
PARAMETRIC_REPRESENTATION_CONTEXT() REPRESENTATION_CONTEXT('2D SPACE',''
  ) );
#296 = PCURVE('',#297,#302);
#297 = SPHERICAL_SURFACE('',#298,0.65);
#298 = AXIS2_PLACEMENT_3D('',#299,#300,#301);
#299 = CARTESIAN_POINT('',(-43.6,-116.6,19.6));
#300 = DIRECTION('',(0.,0.,1.));
#301 = DIRECTION('',(1.,0.,-0.));
#302 = DEFINITIONAL_REPRESENTATION('',(#303),#325);
#303 = B_SPLINE_CURVE_WITH_KNOTS('',8,(#304,#305,#306,#307,#308,#309,
    #310,#311,#312,#313,#314,#315,#316,#317,#318,#319,#320,#321,#322,
    #323,#324),.UNSPECIFIED.,.F.,.F.,(9,7,5,9),(0.,0.689836202012,
    1.379672404024,1.539624865806),.UNSPECIFIED.);
#304 = CARTESIAN_POINT('',(7.853981633974,-0.702256931509));
#305 = CARTESIAN_POINT('',(7.744017786342,-0.721974586947));
#306 = CARTESIAN_POINT('',(7.629859016647,-0.734877617628));
#307 = CARTESIAN_POINT('',(7.512799210297,-0.740301042143));
#308 = CARTESIAN_POINT('',(7.394796585068,-0.737801971619));
#309 = CARTESIAN_POINT('',(7.278641180634,-0.727374453742));
#310 = CARTESIAN_POINT('',(7.166375013023,-0.709616459179));
#311 = CARTESIAN_POINT('',(7.059064119822,-0.68528993858));
#312 = CARTESIAN_POINT('',(6.855209150389,-0.625164230284));
#313 = CARTESIAN_POINT('',(6.758662724165,-0.589364722275));
#314 = CARTESIAN_POINT('',(6.667927355734,-0.548657863993));
#315 = CARTESIAN_POINT('',(6.582716480319,-0.503928789497));
#316 = CARTESIAN_POINT('',(6.502378202095,-0.455950780721));
#317 = CARTESIAN_POINT('',(6.408485064183,-0.393635854438));
#318 = CARTESIAN_POINT('',(6.319745612864,-0.328199306557));
#319 = CARTESIAN_POINT('',(6.234811226671,-0.260531432544));
#320 = CARTESIAN_POINT('',(6.218950441835,-0.247721271378));
#321 = CARTESIAN_POINT('',(6.203206907077,-0.234843359456));
#322 = CARTESIAN_POINT('',(6.18757191741,-0.221903080525));
#323 = CARTESIAN_POINT('',(6.172036852279,-0.208905668133));
#324 = CARTESIAN_POINT('',(6.1565931799,-0.19585622417));
#325 = ( GEOMETRIC_REPRESENTATION_CONTEXT(2) 
PARAMETRIC_REPRESENTATION_CONTEXT() REPRESENTATION_CONTEXT('2D SPACE',''
  ) );
#326 = ORIENTED_EDGE('',*,*,#327,.F.);
#327 = EDGE_CURVE('',#328,#281,#330,.T.);
#328 = VERTEX_POINT('',#329);
#329 = CARTESIAN_POINT('',(-44.23247099681,-116.5195036913,
    19.726494199364));
#330 = SURFACE_CURVE('',#331,(#336,#349),.PCURVE_S1.);
#331 = ELLIPSE('',#332,0.690245736588,0.65);
#332 = AXIS2_PLACEMENT_3D('',#333,#334,#335);
#333 = CARTESIAN_POINT('',(-43.6,-116.6,19.6));
#334 = DIRECTION('',(0.225540935223,0.333881497303,0.915234632375));
#335 = DIRECTION('',(4.836759508311E-02,0.934444585053,-0.352808578709)
  );
#336 = PCURVE('',#100,#337);
#337 = DEFINITIONAL_REPRESENTATION('',(#338),#348);
#338 = B_SPLINE_CURVE_WITH_KNOTS('',8,(#339,#340,#341,#342,#343,#344,
    #345,#346,#347),.UNSPECIFIED.,.F.,.F.,(9,9),(1.570796326795,
    4.712388986648),.PIECEWISE_BEZIER_KNOTS.);
#339 = CARTESIAN_POINT('',(1.601967787784,3.498571136907));
#340 = CARTESIAN_POINT('',(1.994666870266,3.407367523729));
#341 = CARTESIAN_POINT('',(2.387365952743,3.316163183335));
#342 = CARTESIAN_POINT('',(2.780065035226,3.246398635509));
#343 = CARTESIAN_POINT('',(3.172764117699,3.219455715678));
#344 = CARTESIAN_POINT('',(3.565463200188,3.246398636205));
#345 = CARTESIAN_POINT('',(3.958162282671,3.316163184532));
#346 = CARTESIAN_POINT('',(4.350861365155,3.407367525184));
#347 = CARTESIAN_POINT('',(4.743560447637,3.498571138362));
#348 = ( GEOMETRIC_REPRESENTATION_CONTEXT(2) 
PARAMETRIC_REPRESENTATION_CONTEXT() REPRESENTATION_CONTEXT('2D SPACE',''
  ) );
#349 = PCURVE('',#350,#355);
#350 = CYLINDRICAL_SURFACE('',#351,0.65);
#351 = AXIS2_PLACEMENT_3D('',#352,#353,#354);
#352 = CARTESIAN_POINT('',(-43.6,-116.6,19.6));
#353 = DIRECTION('',(0.196116135138,0.,0.980580675691));
#354 = DIRECTION('',(0.980580675691,0.,-0.196116135138));
#355 = DEFINITIONAL_REPRESENTATION('',(#356),#366);
#356 = B_SPLINE_CURVE_WITH_KNOTS('',8,(#357,#358,#359,#360,#361,#362,
    #363,#364,#365),.UNSPECIFIED.,.F.,.F.,(9,9),(1.570796326795,
    4.712388986648),.PIECEWISE_BEZIER_KNOTS.);
#357 = CARTESIAN_POINT('',(3.017433428108,1.7763568394E-15));
#358 = CARTESIAN_POINT('',(3.41013251059,9.120361317799E-02));
#359 = CARTESIAN_POINT('',(3.802831593078,0.182407953569));
#360 = CARTESIAN_POINT('',(4.195530675499,0.2521725014));
#361 = CARTESIAN_POINT('',(4.588229758083,0.279115421218));
#362 = CARTESIAN_POINT('',(4.980928840469,0.252172500714));
#363 = CARTESIAN_POINT('',(5.373627923007,0.182407952371));
#364 = CARTESIAN_POINT('',(5.76632700548,9.120361172335E-02));
#365 = CARTESIAN_POINT('',(6.159026087961,-1.454631970432E-09));
#366 = ( GEOMETRIC_REPRESENTATION_CONTEXT(2) 
PARAMETRIC_REPRESENTATION_CONTEXT() REPRESENTATION_CONTEXT('2D SPACE',''
  ) );
#367 = ORIENTED_EDGE('',*,*,#368,.F.);
#368 = EDGE_CURVE('',#258,#328,#369,.T.);
#369 = SURFACE_CURVE('',#370,(#375,#382),.PCURVE_S1.);
#370 = CIRCLE('',#371,0.65);
#371 = AXIS2_PLACEMENT_3D('',#372,#373,#374);
#372 = CARTESIAN_POINT('',(-43.6,-116.6,19.6));
#373 = DIRECTION('',(0.22866478019,0.628828145523,0.743160535618));
#374 = DIRECTION('',(1.387778780781E-17,0.763386285369,-0.645942241466)
  );
#375 = PCURVE('',#100,#376);
#376 = DEFINITIONAL_REPRESENTATION('',(#377),#381);
#377 = LINE('',#378,#379);
#378 = CARTESIAN_POINT('',(0.,3.498571136907));
#379 = VECTOR('',#380,1.);
#380 = DIRECTION('',(1.,0.));
#381 = ( GEOMETRIC_REPRESENTATION_CONTEXT(2) 
PARAMETRIC_REPRESENTATION_CONTEXT() REPRESENTATION_CONTEXT('2D SPACE',''
  ) );
#382 = PCURVE('',#297,#383);
#383 = DEFINITIONAL_REPRESENTATION('',(#384),#401);
#384 = B_SPLINE_CURVE_WITH_KNOTS('',8,(#385,#386,#387,#388,#389,#390,
    #391,#392,#393,#394,#395,#396,#397,#398,#399,#400),.UNSPECIFIED.,.F.
  ,.F.,(9,7,9),(0.,0.800983893892,1.601967787784),.UNSPECIFIED.);
#385 = CARTESIAN_POINT('',(7.853981633974,-0.702256931509));
#386 = CARTESIAN_POINT('',(7.981663061257,-0.679362330755));
#387 = CARTESIAN_POINT('',(8.103691208891,-0.647280890292));
#388 = CARTESIAN_POINT('',(8.218058263746,-0.607052181153));
#389 = CARTESIAN_POINT('',(8.324104775488,-0.560152055315));
#390 = CARTESIAN_POINT('',(8.422793289295,-0.50799269844));
#391 = CARTESIAN_POINT('',(8.515139041396,-0.451678082812));
#392 = CARTESIAN_POINT('',(8.602323961149,-0.392152527765));
#393 = CARTESIAN_POINT('',(8.768621468743,-0.268253770249));
#394 = CARTESIAN_POINT('',(8.847734529297,-0.20388081766));
#395 = CARTESIAN_POINT('',(8.923944571345,-0.137874674329));
#396 = CARTESIAN_POINT('',(8.998354550393,-7.088000679296E-02));
#397 = CARTESIAN_POINT('',(9.071980646486,-3.458153426897E-03));
#398 = CARTESIAN_POINT('',(9.14580486631,6.385773307879E-02));
#399 = CARTESIAN_POINT('',(9.220849525558,0.130509343464));
#400 = CARTESIAN_POINT('',(9.298185833489,0.19585622417));
#401 = ( GEOMETRIC_REPRESENTATION_CONTEXT(2) 
PARAMETRIC_REPRESENTATION_CONTEXT() REPRESENTATION_CONTEXT('2D SPACE',''
  ) );
#402 = ORIENTED_EDGE('',*,*,#257,.F.);
#403 = ORIENTED_EDGE('',*,*,#167,.T.);
#404 = ORIENTED_EDGE('',*,*,#79,.T.);
#405 = ORIENTED_EDGE('',*,*,#204,.F.);
#406 = ADVANCED_FACE('',(#407),#154,.F.);
#407 = FACE_BOUND('',#408,.T.);
#408 = EDGE_LOOP('',(#409));
#409 = ORIENTED_EDGE('',*,*,#139,.F.);
#410 = ADVANCED_FACE('',(#411),#297,.T.);
#411 = FACE_BOUND('',#412,.T.);
#412 = EDGE_LOOP('',(#413,#448,#473,#474));
#413 = ORIENTED_EDGE('',*,*,#414,.F.);
#414 = EDGE_CURVE('',#415,#328,#417,.T.);
#415 = VERTEX_POINT('',#416);
#416 = CARTESIAN_POINT('',(-42.9626225608,-116.6,19.47252451216));
#417 = SURFACE_CURVE('',#418,(#423,#441),.PCURVE_S1.);
#418 = CIRCLE('',#419,0.65);
#419 = AXIS2_PLACEMENT_3D('',#420,#421,#422);
#420 = CARTESIAN_POINT('',(-43.6,-116.6,19.6));
#421 = DIRECTION('',(0.196116135138,0.,0.980580675691));
#422 = DIRECTION('',(0.980580675691,0.,-0.196116135138));
#423 = PCURVE('',#297,#424);
#424 = DEFINITIONAL_REPRESENTATION('',(#425),#440);
#425 = B_SPLINE_CURVE_WITH_KNOTS('',7,(#426,#427,#428,#429,#430,#431,
    #432,#433,#434,#435,#436,#437,#438,#439),.UNSPECIFIED.,.F.,.F.,(8,6,
    8),(0.,1.508716714054,3.017433428108),.UNSPECIFIED.);
#426 = CARTESIAN_POINT('',(6.28318530718,-0.19739555985));
#427 = CARTESIAN_POINT('',(6.502984620478,-0.19739555985));
#428 = CARTESIAN_POINT('',(6.722781023288,-0.186557434312));
#429 = CARTESIAN_POINT('',(6.94126535955,-0.164873444002));
#430 = CARTESIAN_POINT('',(7.156997579634,-0.13374976086));
#431 = CARTESIAN_POINT('',(7.370095940331,-9.591612231282E-02));
#432 = CARTESIAN_POINT('',(7.581727774827,-5.435809327212E-02));
#433 = CARTESIAN_POINT('',(8.00448134459,3.002350247547E-02));
#434 = CARTESIAN_POINT('',(8.215605713681,7.285004217641E-02));
#435 = CARTESIAN_POINT('',(8.427697469729,0.113219769878));
#436 = CARTESIAN_POINT('',(8.642097902154,0.148054264067));
#437 = CARTESIAN_POINT('',(8.859401190819,0.174438504306));
#438 = CARTESIAN_POINT('',(9.078521275288,0.19051956956));
#439 = CARTESIAN_POINT('',(9.298185833489,0.19585622417));
#440 = ( GEOMETRIC_REPRESENTATION_CONTEXT(2) 
PARAMETRIC_REPRESENTATION_CONTEXT() REPRESENTATION_CONTEXT('2D SPACE',''
  ) );
#441 = PCURVE('',#350,#442);
#442 = DEFINITIONAL_REPRESENTATION('',(#443),#447);
#443 = LINE('',#444,#445);
#444 = CARTESIAN_POINT('',(0.,0.));
#445 = VECTOR('',#446,1.);
#446 = DIRECTION('',(1.,0.));
#447 = ( GEOMETRIC_REPRESENTATION_CONTEXT(2) 
PARAMETRIC_REPRESENTATION_CONTEXT() REPRESENTATION_CONTEXT('2D SPACE',''
  ) );
#448 = ORIENTED_EDGE('',*,*,#449,.F.);
#449 = EDGE_CURVE('',#281,#415,#450,.T.);
#450 = SURFACE_CURVE('',#451,(#456,#466),.PCURVE_S1.);
#451 = CIRCLE('',#452,0.65);
#452 = AXIS2_PLACEMENT_3D('',#453,#454,#455);
#453 = CARTESIAN_POINT('',(-43.6,-116.6,19.6));
#454 = DIRECTION('',(0.196116135138,0.,0.980580675691));
#455 = DIRECTION('',(0.980580675691,0.,-0.196116135138));
#456 = PCURVE('',#297,#457);
#457 = DEFINITIONAL_REPRESENTATION('',(#458),#465);
#458 = B_SPLINE_CURVE_WITH_KNOTS('',5,(#459,#460,#461,#462,#463,#464),
  .UNSPECIFIED.,.F.,.F.,(6,6),(6.159026081698,6.28318530718),
  .PIECEWISE_BEZIER_KNOTS.);
#459 = CARTESIAN_POINT('',(6.1565931799,-0.19585622417));
#460 = CARTESIAN_POINT('',(6.181901266979,-0.196471073105));
#461 = CARTESIAN_POINT('',(6.207217072108,-0.196933094273));
#462 = CARTESIAN_POINT('',(6.232538082085,-0.197241404767));
#463 = CARTESIAN_POINT('',(6.257861694639,-0.19739555985));
#464 = CARTESIAN_POINT('',(6.28318530718,-0.19739555985));
#465 = ( GEOMETRIC_REPRESENTATION_CONTEXT(2) 
PARAMETRIC_REPRESENTATION_CONTEXT() REPRESENTATION_CONTEXT('2D SPACE',''
  ) );
#466 = PCURVE('',#350,#467);
#467 = DEFINITIONAL_REPRESENTATION('',(#468),#472);
#468 = LINE('',#469,#470);
#469 = CARTESIAN_POINT('',(0.,0.));
#470 = VECTOR('',#471,1.);
#471 = DIRECTION('',(1.,0.));
#472 = ( GEOMETRIC_REPRESENTATION_CONTEXT(2) 
PARAMETRIC_REPRESENTATION_CONTEXT() REPRESENTATION_CONTEXT('2D SPACE',''
  ) );
#473 = ORIENTED_EDGE('',*,*,#280,.F.);
#474 = ORIENTED_EDGE('',*,*,#368,.T.);
#475 = ADVANCED_FACE('',(#476),#350,.T.);
#476 = FACE_BOUND('',#477,.T.);
#477 = EDGE_LOOP('',(#478,#522,#557,#578,#579,#580,#581,#582));
#478 = ORIENTED_EDGE('',*,*,#479,.F.);
#479 = EDGE_CURVE('',#480,#482,#484,.T.);
#480 = VERTEX_POINT('',#481);
#481 = CARTESIAN_POINT('',(-42.35953989733,-116.1301758904,
    23.511907979467));
#482 = VERTEX_POINT('',#483);
#483 = CARTESIAN_POINT('',(-43.24046010266,-117.0698241095,
    23.688092020533));
#484 = SURFACE_CURVE('',#485,(#490,#497),.PCURVE_S1.);
#485 = CIRCLE('',#486,0.65);
#486 = AXIS2_PLACEMENT_3D('',#487,#488,#489);
#487 = CARTESIAN_POINT('',(-42.8,-116.6,23.6));
#488 = DIRECTION('',(0.196116135138,0.,0.980580675691));
#489 = DIRECTION('',(0.980580675691,0.,-0.196116135138));
#490 = PCURVE('',#350,#491);
#491 = DEFINITIONAL_REPRESENTATION('',(#492),#496);
#492 = LINE('',#493,#494);
#493 = CARTESIAN_POINT('',(0.,4.079215610874));
#494 = VECTOR('',#495,1.);
#495 = DIRECTION('',(1.,0.));
#496 = ( GEOMETRIC_REPRESENTATION_CONTEXT(2) 
PARAMETRIC_REPRESENTATION_CONTEXT() REPRESENTATION_CONTEXT('2D SPACE',''
  ) );
#497 = PCURVE('',#498,#503);
#498 = SPHERICAL_SURFACE('',#499,0.65);
#499 = AXIS2_PLACEMENT_3D('',#500,#501,#502);
#500 = CARTESIAN_POINT('',(-42.8,-116.6,23.6));
#501 = DIRECTION('',(0.,0.,1.));
#502 = DIRECTION('',(1.,0.,-0.));
#503 = DEFINITIONAL_REPRESENTATION('',(#504),#521);
#504 = B_SPLINE_CURVE_WITH_KNOTS('',8,(#505,#506,#507,#508,#509,#510,
    #511,#512,#513,#514,#515,#516,#517,#518,#519,#520),.UNSPECIFIED.,.F.
  ,.F.,(9,7,9),(0.807854692048,2.378651018843,3.949447345638),
  .UNSPECIFIED.);
#505 = CARTESIAN_POINT('',(0.817645045833,-0.135944528556));
#506 = CARTESIAN_POINT('',(1.013784166549,-0.107852011028));
#507 = CARTESIAN_POINT('',(1.208200647041,-7.385601678725E-02));
#508 = CARTESIAN_POINT('',(1.400969099103,-3.566241336788E-02));
#509 = CARTESIAN_POINT('',(1.592733392205,4.593835569943E-03));
#510 = CARTESIAN_POINT('',(1.784590753431,4.465680385392E-02));
#511 = CARTESIAN_POINT('',(1.977611093114,8.227821658658E-02));
#512 = CARTESIAN_POINT('',(2.172367274029,0.115351105319));
#513 = CARTESIAN_POINT('',(2.565336810023,0.169115026336));
#514 = CARTESIAN_POINT('',(2.763551404474,0.189805802909));
#515 = CARTESIAN_POINT('',(2.963481857905,0.202659744744));
#516 = CARTESIAN_POINT('',(3.164588961556,0.206487922209));
#517 = CARTESIAN_POINT('',(3.365581727865,0.200802964636));
#518 = CARTESIAN_POINT('',(3.565235743141,0.186226068339));
#519 = CARTESIAN_POINT('',(3.763098578706,0.164037046085));
#520 = CARTESIAN_POINT('',(3.959237699422,0.135944528556));
#521 = ( GEOMETRIC_REPRESENTATION_CONTEXT(2) 
PARAMETRIC_REPRESENTATION_CONTEXT() REPRESENTATION_CONTEXT('2D SPACE',''
  ) );
#522 = ORIENTED_EDGE('',*,*,#523,.F.);
#523 = EDGE_CURVE('',#524,#480,#526,.T.);
#524 = VERTEX_POINT('',#525);
#525 = CARTESIAN_POINT('',(-42.19862644802,-116.6,23.292505076048));
#526 = SURFACE_CURVE('',#527,(#532,#542),.PCURVE_S1.);
#527 = ELLIPSE('',#528,0.697861146042,0.65);
#528 = AXIS2_PLACEMENT_3D('',#529,#530,#531);
#529 = CARTESIAN_POINT('',(-42.8,-116.6,23.6));
#530 = DIRECTION('',(0.440624794337,-0.2515098472,0.861738119951));
#531 = DIRECTION('',(-0.588783591098,0.643656598793,0.488917238072));
#532 = PCURVE('',#350,#533);
#533 = DEFINITIONAL_REPRESENTATION('',(#534),#541);
#534 = B_SPLINE_CURVE_WITH_KNOTS('',5,(#535,#536,#537,#538,#539,#540),
  .UNSPECIFIED.,.F.,.F.,(6,6),(3.904534288336,4.712388980385),
  .PIECEWISE_BEZIER_KNOTS.);
#535 = CARTESIAN_POINT('',(-8.304468224196E-13,3.895631087364));
#536 = CARTESIAN_POINT('',(0.161570938409,3.923989848857));
#537 = CARTESIAN_POINT('',(0.323141876819,3.958338316352));
#538 = CARTESIAN_POINT('',(0.484712815229,3.997140529815));
#539 = CARTESIAN_POINT('',(0.646283753638,4.038178443897));
#540 = CARTESIAN_POINT('',(0.807854692048,4.079215610874));
#541 = ( GEOMETRIC_REPRESENTATION_CONTEXT(2) 
PARAMETRIC_REPRESENTATION_CONTEXT() REPRESENTATION_CONTEXT('2D SPACE',''
  ) );
#542 = PCURVE('',#543,#548);
#543 = CYLINDRICAL_SURFACE('',#544,0.65);
#544 = AXIS2_PLACEMENT_3D('',#545,#546,#547);
#545 = CARTESIAN_POINT('',(-42.8,-116.6,23.6));
#546 = DIRECTION('',(0.624695047554,-0.468521285666,0.624695047554));
#547 = DIRECTION('',(-0.707106781187,0.,0.707106781187));
#548 = DEFINITIONAL_REPRESENTATION('',(#549),#556);
#549 = B_SPLINE_CURVE_WITH_KNOTS('',5,(#550,#551,#552,#553,#554,#555),
  .UNSPECIFIED.,.F.,.F.,(6,6),(3.904534288336,4.712388980385),
  .PIECEWISE_BEZIER_KNOTS.);
#550 = CARTESIAN_POINT('',(3.291943696971,0.183584523511));
#551 = CARTESIAN_POINT('',(3.453514635381,0.155225762017));
#552 = CARTESIAN_POINT('',(3.615085573791,0.120877294523));
#553 = CARTESIAN_POINT('',(3.776656512201,8.207508105945E-02));
#554 = CARTESIAN_POINT('',(3.93822745061,4.103716697679E-02));
#555 = CARTESIAN_POINT('',(4.09979838902,-7.105427357601E-15));
#556 = ( GEOMETRIC_REPRESENTATION_CONTEXT(2) 
PARAMETRIC_REPRESENTATION_CONTEXT() REPRESENTATION_CONTEXT('2D SPACE',''
  ) );
#557 = ORIENTED_EDGE('',*,*,#558,.F.);
#558 = EDGE_CURVE('',#415,#524,#559,.T.);
#559 = SEAM_CURVE('',#560,(#564,#571),.PCURVE_S1.);
#560 = LINE('',#561,#562);
#561 = CARTESIAN_POINT('',(-42.9626225608,-116.6,19.47252451216));
#562 = VECTOR('',#563,1.);
#563 = DIRECTION('',(0.196116135138,-6.162975822039E-33,0.980580675691)
  );
#564 = PCURVE('',#350,#565);
#565 = DEFINITIONAL_REPRESENTATION('',(#566),#570);
#566 = LINE('',#567,#568);
#567 = CARTESIAN_POINT('',(6.28318530718,-0.));
#568 = VECTOR('',#569,1.);
#569 = DIRECTION('',(0.,1.));
#570 = ( GEOMETRIC_REPRESENTATION_CONTEXT(2) 
PARAMETRIC_REPRESENTATION_CONTEXT() REPRESENTATION_CONTEXT('2D SPACE',''
  ) );
#571 = PCURVE('',#350,#572);
#572 = DEFINITIONAL_REPRESENTATION('',(#573),#577);
#573 = LINE('',#574,#575);
#574 = CARTESIAN_POINT('',(0.,-0.));
#575 = VECTOR('',#576,1.);
#576 = DIRECTION('',(0.,1.));
#577 = ( GEOMETRIC_REPRESENTATION_CONTEXT(2) 
PARAMETRIC_REPRESENTATION_CONTEXT() REPRESENTATION_CONTEXT('2D SPACE',''
  ) );
#578 = ORIENTED_EDGE('',*,*,#414,.T.);
#579 = ORIENTED_EDGE('',*,*,#327,.T.);
#580 = ORIENTED_EDGE('',*,*,#449,.T.);
#581 = ORIENTED_EDGE('',*,*,#558,.T.);
#582 = ORIENTED_EDGE('',*,*,#583,.F.);
#583 = EDGE_CURVE('',#482,#524,#584,.T.);
#584 = SURFACE_CURVE('',#585,(#590,#603),.PCURVE_S1.);
#585 = ELLIPSE('',#586,0.697861146042,0.65);
#586 = AXIS2_PLACEMENT_3D('',#587,#588,#589);
#587 = CARTESIAN_POINT('',(-42.8,-116.6,23.6));
#588 = DIRECTION('',(0.440624794337,-0.2515098472,0.861738119951));
#589 = DIRECTION('',(-0.588783591098,0.643656598793,0.488917238072));
#590 = PCURVE('',#350,#591);
#591 = DEFINITIONAL_REPRESENTATION('',(#592),#602);
#592 = B_SPLINE_CURVE_WITH_KNOTS('',8,(#593,#594,#595,#596,#597,#598,
    #599,#600,#601),.UNSPECIFIED.,.F.,.F.,(9,9),(1.57079631498,
    3.904534288336),.PIECEWISE_BEZIER_KNOTS.);
#593 = CARTESIAN_POINT('',(3.949447333823,4.079215613875));
#594 = CARTESIAN_POINT('',(4.241164580493,4.005122775897));
#595 = CARTESIAN_POINT('',(4.532881827162,3.931029683605));
#596 = CARTESIAN_POINT('',(4.824599073838,3.866546695004));
#597 = CARTESIAN_POINT('',(5.116316320495,3.821270753942));
#598 = CARTESIAN_POINT('',(5.408033567175,3.802228057251));
#599 = CARTESIAN_POINT('',(5.699750813837,3.811082140619));
#600 = CARTESIAN_POINT('',(5.991468060509,3.844429182471));
#601 = CARTESIAN_POINT('',(6.283185307179,3.895631087364));
#602 = ( GEOMETRIC_REPRESENTATION_CONTEXT(2) 
PARAMETRIC_REPRESENTATION_CONTEXT() REPRESENTATION_CONTEXT('2D SPACE',''
  ) );
#603 = PCURVE('',#543,#604);
#604 = DEFINITIONAL_REPRESENTATION('',(#605),#615);
#605 = B_SPLINE_CURVE_WITH_KNOTS('',8,(#606,#607,#608,#609,#610,#611,
    #612,#613,#614),.UNSPECIFIED.,.F.,.F.,(9,9),(1.57079631498,
    3.904534288336),.PIECEWISE_BEZIER_KNOTS.);
#606 = CARTESIAN_POINT('',(0.958205723616,-3.000785397944E-09));
#607 = CARTESIAN_POINT('',(1.249922970285,7.409283497744E-02));
#608 = CARTESIAN_POINT('',(1.541640216951,0.148185927264));
#609 = CARTESIAN_POINT('',(1.833357463631,0.212668915865));
#610 = CARTESIAN_POINT('',(2.125074710275,0.25794485692));
#611 = CARTESIAN_POINT('',(2.416791956969,0.276987553624));
#612 = CARTESIAN_POINT('',(2.70850920363,0.268133470249));
#613 = CARTESIAN_POINT('',(3.000226450302,0.234786428403));
#614 = CARTESIAN_POINT('',(3.291943696971,0.183584523511));
#615 = ( GEOMETRIC_REPRESENTATION_CONTEXT(2) 
PARAMETRIC_REPRESENTATION_CONTEXT() REPRESENTATION_CONTEXT('2D SPACE',''
  ) );
#616 = ADVANCED_FACE('',(#617),#498,.T.);
#617 = FACE_BOUND('',#618,.T.);
#618 = EDGE_LOOP('',(#619,#670,#671));
#619 = ORIENTED_EDGE('',*,*,#620,.F.);
#620 = EDGE_CURVE('',#480,#621,#623,.T.);
#621 = VERTEX_POINT('',#622);
#622 = CARTESIAN_POINT('',(-43.25961940777,-116.6,24.059619407771));
#623 = SURFACE_CURVE('',#624,(#629,#663),.PCURVE_S1.);
#624 = CIRCLE('',#625,0.65);
#625 = AXIS2_PLACEMENT_3D('',#626,#627,#628);
#626 = CARTESIAN_POINT('',(-42.8,-116.6,23.6));
#627 = DIRECTION('',(0.624695047554,-0.468521285666,0.624695047554));
#628 = DIRECTION('',(-0.707106781187,0.,0.707106781187));
#629 = PCURVE('',#498,#630);
#630 = DEFINITIONAL_REPRESENTATION('',(#631),#662);
#631 = B_SPLINE_CURVE_WITH_KNOTS('',8,(#632,#633,#634,#635,#636,#637,
    #638,#639,#640,#641,#642,#643,#644,#645,#646,#647,#648,#649,#650,
    #651,#652,#653,#654,#655,#656,#657,#658,#659,#660,#661),
  .UNSPECIFIED.,.F.,.F.,(9,7,7,7,9),(4.09979838902,4.64564511856,
    5.46441521287,5.873800260025,6.28318530718),.UNSPECIFIED.);
#632 = CARTESIAN_POINT('',(0.817645045833,-0.135944528556));
#633 = CARTESIAN_POINT('',(0.861066042934,-8.298516504047E-02));
#634 = CARTESIAN_POINT('',(0.90376805358,-2.973629635766E-02));
#635 = CARTESIAN_POINT('',(0.94613850473,2.364388368328E-02));
#636 = CARTESIAN_POINT('',(0.988541428817,7.701063765338E-02));
#637 = CARTESIAN_POINT('',(1.031335761357,0.130222234448));
#638 = CARTESIAN_POINT('',(1.074893638566,0.183129499232));
#639 = CARTESIAN_POINT('',(1.119618694984,0.235565363382));
#640 = CARTESIAN_POINT('',(1.235482860224,0.364987991017));
#641 = CARTESIAN_POINT('',(1.308649771155,0.441140816091));
#642 = CARTESIAN_POINT('',(1.386978104661,0.515126001141));
#643 = CARTESIAN_POINT('',(1.47231111006,0.586137031245));
#644 = CARTESIAN_POINT('',(1.566668478245,0.653047055606));
#645 = CARTESIAN_POINT('',(1.672835620975,0.714435878034));
#646 = CARTESIAN_POINT('',(1.793634036608,0.767907225501));
#647 = CARTESIAN_POINT('',(1.995791555316,0.832565797808));
#648 = CARTESIAN_POINT('',(2.066672513462,0.851526058762));
#649 = CARTESIAN_POINT('',(2.140965318986,0.867593661344));
#650 = CARTESIAN_POINT('',(2.218403272206,0.880449895696));
#651 = CARTESIAN_POINT('',(2.298403348476,0.889813453586));
#652 = CARTESIAN_POINT('',(2.38006566575,0.895484529107));
#653 = CARTESIAN_POINT('',(2.462305316165,0.897376970483));
#654 = CARTESIAN_POINT('',(2.625927807163,0.893699995473));
#655 = CARTESIAN_POINT('',(2.707309100098,0.888129396083));
#656 = CARTESIAN_POINT('',(2.787253280864,0.878867740317));
#657 = CARTESIAN_POINT('',(2.864787606607,0.86607541387));
#658 = CARTESIAN_POINT('',(2.93922743125,0.850018610141));
#659 = CARTESIAN_POINT('',(3.010218052174,0.831013849916));
#660 = CARTESIAN_POINT('',(3.077657450715,0.809373864476));
#661 = CARTESIAN_POINT('',(3.14159265359,0.785398163397));
#662 = ( GEOMETRIC_REPRESENTATION_CONTEXT(2) 
PARAMETRIC_REPRESENTATION_CONTEXT() REPRESENTATION_CONTEXT('2D SPACE',''
  ) );
#663 = PCURVE('',#543,#664);
#664 = DEFINITIONAL_REPRESENTATION('',(#665),#669);
#665 = LINE('',#666,#667);
#666 = CARTESIAN_POINT('',(0.,0.));
#667 = VECTOR('',#668,1.);
#668 = DIRECTION('',(1.,0.));
#669 = ( GEOMETRIC_REPRESENTATION_CONTEXT(2) 
PARAMETRIC_REPRESENTATION_CONTEXT() REPRESENTATION_CONTEXT('2D SPACE',''
  ) );
#670 = ORIENTED_EDGE('',*,*,#479,.T.);
#671 = ORIENTED_EDGE('',*,*,#672,.F.);
#672 = EDGE_CURVE('',#621,#482,#673,.T.);
#673 = SURFACE_CURVE('',#674,(#679,#692),.PCURVE_S1.);
#674 = CIRCLE('',#675,0.65);
#675 = AXIS2_PLACEMENT_3D('',#676,#677,#678);
#676 = CARTESIAN_POINT('',(-42.8,-116.6,23.6));
#677 = DIRECTION('',(0.624695047554,-0.468521285666,0.624695047554));
#678 = DIRECTION('',(-0.707106781187,0.,0.707106781187));
#679 = PCURVE('',#498,#680);
#680 = DEFINITIONAL_REPRESENTATION('',(#681),#691);
#681 = B_SPLINE_CURVE_WITH_KNOTS('',8,(#682,#683,#684,#685,#686,#687,
    #688,#689,#690),.UNSPECIFIED.,.F.,.F.,(9,9),(0.,0.95820573543),
  .PIECEWISE_BEZIER_KNOTS.);
#682 = CARTESIAN_POINT('',(3.14159265359,0.785398163397));
#683 = CARTESIAN_POINT('',(3.291239247955,0.72928069051));
#684 = CARTESIAN_POINT('',(3.421694570525,0.660365100462));
#685 = CARTESIAN_POINT('',(3.533556499033,0.582494491401));
#686 = CARTESIAN_POINT('',(3.632451234844,0.498949193306));
#687 = CARTESIAN_POINT('',(3.721826597453,0.41131078941));
#688 = CARTESIAN_POINT('',(3.804574913898,0.320989161417));
#689 = CARTESIAN_POINT('',(3.883014382126,0.228911955344));
#690 = CARTESIAN_POINT('',(3.959237699422,0.135944528556));
#691 = ( GEOMETRIC_REPRESENTATION_CONTEXT(2) 
PARAMETRIC_REPRESENTATION_CONTEXT() REPRESENTATION_CONTEXT('2D SPACE',''
  ) );
#692 = PCURVE('',#543,#693);
#693 = DEFINITIONAL_REPRESENTATION('',(#694),#698);
#694 = LINE('',#695,#696);
#695 = CARTESIAN_POINT('',(0.,0.));
#696 = VECTOR('',#697,1.);
#697 = DIRECTION('',(1.,0.));
#698 = ( GEOMETRIC_REPRESENTATION_CONTEXT(2) 
PARAMETRIC_REPRESENTATION_CONTEXT() REPRESENTATION_CONTEXT('2D SPACE',''
  ) );
#699 = ADVANCED_FACE('',(#700),#543,.T.);
#700 = FACE_BOUND('',#701,.T.);
#701 = EDGE_LOOP('',(#702,#767,#802,#834,#855,#856,#857,#858,#859));
#702 = ORIENTED_EDGE('',*,*,#703,.F.);
#703 = EDGE_CURVE('',#704,#706,#708,.T.);
#704 = VERTEX_POINT('',#705);
#705 = CARTESIAN_POINT('',(-39.14038059222,-119.,26.340380592229));
#706 = VERTEX_POINT('',#707);
#707 = CARTESIAN_POINT('',(-40.05961940777,-119.,27.259619407771));
#708 = SURFACE_CURVE('',#709,(#714,#721),.PCURVE_S1.);
#709 = CIRCLE('',#710,0.65);
#710 = AXIS2_PLACEMENT_3D('',#711,#712,#713);
#711 = CARTESIAN_POINT('',(-39.6,-119.,26.8));
#712 = DIRECTION('',(0.624695047554,-0.468521285666,0.624695047554));
#713 = DIRECTION('',(-0.707106781187,0.,0.707106781187));
#714 = PCURVE('',#543,#715);
#715 = DEFINITIONAL_REPRESENTATION('',(#716),#720);
#716 = LINE('',#717,#718);
#717 = CARTESIAN_POINT('',(0.,5.122499389946));
#718 = VECTOR('',#719,1.);
#719 = DIRECTION('',(1.,0.));
#720 = ( GEOMETRIC_REPRESENTATION_CONTEXT(2) 
PARAMETRIC_REPRESENTATION_CONTEXT() REPRESENTATION_CONTEXT('2D SPACE',''
  ) );
#721 = PCURVE('',#722,#727);
#722 = SPHERICAL_SURFACE('',#723,0.65);
#723 = AXIS2_PLACEMENT_3D('',#724,#725,#726);
#724 = CARTESIAN_POINT('',(-39.6,-119.,26.8));
#725 = DIRECTION('',(0.,0.,1.));
#726 = DIRECTION('',(1.,0.,-0.));
#727 = DEFINITIONAL_REPRESENTATION('',(#728),#766);
#728 = B_SPLINE_CURVE_WITH_KNOTS('',8,(#729,#730,#731,#732,#733,#734,
    #735,#736,#737,#738,#739,#740,#741,#742,#743,#744,#745,#746,#747,
    #748,#749,#750,#751,#752,#753,#754,#755,#756,#757,#758,#759,#760,
    #761,#762,#763,#764,#765),.UNSPECIFIED.,.F.,.F.,(9,7,7,7,7,9),(
    3.14159265359,3.926990816987,4.516039439535,5.399612373357,
    5.841398840269,6.28318530718),.UNSPECIFIED.);
#729 = CARTESIAN_POINT('',(0.,-0.785398163397));
#730 = CARTESIAN_POINT('',(0.122658585758,-0.739401193738));
#731 = CARTESIAN_POINT('',(0.232422924108,-0.684806769882));
#732 = CARTESIAN_POINT('',(0.329628632908,-0.623725919986));
#733 = CARTESIAN_POINT('',(0.416854850413,-0.558036450409));
#734 = CARTESIAN_POINT('',(0.496337577313,-0.488901186269));
#735 = CARTESIAN_POINT('',(0.569859127585,-0.417244884814));
#736 = CARTESIAN_POINT('',(0.638958049702,-0.343745163369));
#737 = CARTESIAN_POINT('',(0.754439298463,-0.212889981325));
#738 = CARTESIAN_POINT('',(0.802182518272,-0.156092387789));
#739 = CARTESIAN_POINT('',(0.848733421604,-9.881548568614E-02));
#740 = CARTESIAN_POINT('',(0.89458531379,-4.126132244118E-02));
#741 = CARTESIAN_POINT('',(0.940195145999,1.63884745485E-02));
#742 = CARTESIAN_POINT('',(0.986010283218,7.395767270162E-02));
#743 = CARTESIAN_POINT('',(1.03249527223,0.131260409041));
#744 = CARTESIAN_POINT('',(1.15165361563,0.273324798894));
#745 = CARTESIAN_POINT('',(1.225800588832,0.357491139028));
#746 = CARTESIAN_POINT('',(1.304310814236,0.43986837899));
#747 = CARTESIAN_POINT('',(1.38913676749,0.519645167266));
#748 = CARTESIAN_POINT('',(1.482637582212,0.595654040738));
#749 = CARTESIAN_POINT('',(1.587720851471,0.666496678093));
#750 = CARTESIAN_POINT('',(1.708481222603,0.72959973787));
#751 = CARTESIAN_POINT('',(1.914057756489,0.808153887972));
#752 = CARTESIAN_POINT('',(1.98665745609,0.831655584233));
#753 = CARTESIAN_POINT('',(2.063405584217,0.852099417274));
#754 = CARTESIAN_POINT('',(2.144188970959,0.869091982441));
#755 = CARTESIAN_POINT('',(2.228541429435,0.882230835629));
#756 = CARTESIAN_POINT('',(2.315536391615,0.891188645899));
#757 = CARTESIAN_POINT('',(2.403870247167,0.895796029348));
#758 = CARTESIAN_POINT('',(2.580667444321,0.89629820122));
#759 = CARTESIAN_POINT('',(2.669128053211,0.892192970391));
#760 = CARTESIAN_POINT('',(2.756377006795,0.883724159213));
#761 = CARTESIAN_POINT('',(2.841090727957,0.871047444034));
#762 = CARTESIAN_POINT('',(2.922306074474,0.854481281072));
#763 = CARTESIAN_POINT('',(2.999520419719,0.834424728727));
#764 = CARTESIAN_POINT('',(3.072597199101,0.811271458831));
#765 = CARTESIAN_POINT('',(3.14159265359,0.785398163397));
#766 = ( GEOMETRIC_REPRESENTATION_CONTEXT(2) 
PARAMETRIC_REPRESENTATION_CONTEXT() REPRESENTATION_CONTEXT('2D SPACE',''
  ) );
#767 = ORIENTED_EDGE('',*,*,#768,.F.);
#768 = EDGE_CURVE('',#769,#704,#771,.T.);
#769 = VERTEX_POINT('',#770);
#770 = CARTESIAN_POINT('',(-39.57919383228,-119.4804255754,
    26.361186759948));
#771 = SURFACE_CURVE('',#772,(#777,#787),.PCURVE_S1.);
#772 = ELLIPSE('',#773,0.65133062761,0.65);
#773 = AXIS2_PLACEMENT_3D('',#774,#775,#776);
#774 = CARTESIAN_POINT('',(-39.6,-119.,26.8));
#775 = DIRECTION('',(0.602253023515,-0.524006289402,0.602253023515));
#776 = DIRECTION('',(0.370528400621,0.851714393836,0.370528400621));
#777 = PCURVE('',#543,#778);
#778 = DEFINITIONAL_REPRESENTATION('',(#779),#786);
#779 = B_SPLINE_CURVE_WITH_KNOTS('',5,(#780,#781,#782,#783,#784,#785),
  .UNSPECIFIED.,.F.,.F.,(6,6),(3.665191429189,4.712389039238),
  .PIECEWISE_BEZIER_KNOTS.);
#780 = CARTESIAN_POINT('',(2.094395102394,5.086462050329));
#781 = CARTESIAN_POINT('',(2.303834624404,5.090819684153));
#782 = CARTESIAN_POINT('',(2.513274146414,5.097152380765));
#783 = CARTESIAN_POINT('',(2.722713668423,5.105068119306));
#784 = CARTESIAN_POINT('',(2.932153190433,5.113784124747));
#785 = CARTESIAN_POINT('',(3.141592712443,5.122499392395));
#786 = ( GEOMETRIC_REPRESENTATION_CONTEXT(2) 
PARAMETRIC_REPRESENTATION_CONTEXT() REPRESENTATION_CONTEXT('2D SPACE',''
  ) );
#787 = PCURVE('',#788,#793);
#788 = CYLINDRICAL_SURFACE('',#789,0.65);
#789 = AXIS2_PLACEMENT_3D('',#790,#791,#792);
#790 = CARTESIAN_POINT('',(-39.6,-119.,26.8));
#791 = DIRECTION('',(0.57735026919,-0.57735026919,0.57735026919));
#792 = DIRECTION('',(0.,-0.707106781187,-0.707106781187));
#793 = DEFINITIONAL_REPRESENTATION('',(#794),#801);
#794 = B_SPLINE_CURVE_WITH_KNOTS('',5,(#795,#796,#797,#798,#799,#800),
  .UNSPECIFIED.,.F.,.F.,(6,6),(3.665191429189,4.712389039238),
  .PIECEWISE_BEZIER_KNOTS.);
#795 = CARTESIAN_POINT('',(8.307884295041E-13,3.603733961704E-02));
#796 = CARTESIAN_POINT('',(0.209439522011,3.167970579306E-02));
#797 = CARTESIAN_POINT('',(0.41887904402,2.534700918096E-02));
#798 = CARTESIAN_POINT('',(0.62831856603,1.743127063985E-02));
#799 = CARTESIAN_POINT('',(0.83775808804,8.715265198932E-03));
#800 = CARTESIAN_POINT('',(1.04719761005,-2.44901343649E-09));
#801 = ( GEOMETRIC_REPRESENTATION_CONTEXT(2) 
PARAMETRIC_REPRESENTATION_CONTEXT() REPRESENTATION_CONTEXT('2D SPACE',''
  ) );
#802 = ORIENTED_EDGE('',*,*,#803,.F.);
#803 = EDGE_CURVE('',#706,#769,#804,.T.);
#804 = SURFACE_CURVE('',#805,(#810,#822),.PCURVE_S1.);
#805 = ELLIPSE('',#806,0.65133062761,0.65);
#806 = AXIS2_PLACEMENT_3D('',#807,#808,#809);
#807 = CARTESIAN_POINT('',(-39.6,-119.,26.8));
#808 = DIRECTION('',(0.602253023515,-0.524006289402,0.602253023515));
#809 = DIRECTION('',(0.370528400621,0.851714393836,0.370528400621));
#810 = PCURVE('',#543,#811);
#811 = DEFINITIONAL_REPRESENTATION('',(#812),#821);
#812 = B_SPLINE_CURVE_WITH_KNOTS('',7,(#813,#814,#815,#816,#817,#818,
    #819,#820),.UNSPECIFIED.,.F.,.F.,(8,8),(1.57079787813,3.665191429189
    ),.PIECEWISE_BEZIER_KNOTS.);
#813 = CARTESIAN_POINT('',(1.551335453944E-06,5.122499325392));
#814 = CARTESIAN_POINT('',(0.299200630058,5.110048952959));
#815 = CARTESIAN_POINT('',(0.598399708781,5.097599049301));
#816 = CARTESIAN_POINT('',(0.897598787504,5.086966370335));
#817 = CARTESIAN_POINT('',(1.196797866226,5.079985285886));
#818 = CARTESIAN_POINT('',(1.495996944949,5.077775928213));
#819 = CARTESIAN_POINT('',(1.795196023671,5.080236864113));
#820 = CARTESIAN_POINT('',(2.094395102394,5.086462050329));
#821 = ( GEOMETRIC_REPRESENTATION_CONTEXT(2) 
PARAMETRIC_REPRESENTATION_CONTEXT() REPRESENTATION_CONTEXT('2D SPACE',''
  ) );
#822 = PCURVE('',#788,#823);
#823 = DEFINITIONAL_REPRESENTATION('',(#824),#833);
#824 = B_SPLINE_CURVE_WITH_KNOTS('',7,(#825,#826,#827,#828,#829,#830,
    #831,#832),.UNSPECIFIED.,.F.,.F.,(8,8),(1.57079787813,3.665191429189
    ),.PIECEWISE_BEZIER_KNOTS.);
#825 = CARTESIAN_POINT('',(4.188791756122,6.455469758748E-08));
#826 = CARTESIAN_POINT('',(4.487990834844,1.245043698709E-02));
#827 = CARTESIAN_POINT('',(4.787189913567,2.490034064534E-02));
#828 = CARTESIAN_POINT('',(5.086388992289,3.553301961381E-02));
#829 = CARTESIAN_POINT('',(5.385588071012,4.251410406081E-02));
#830 = CARTESIAN_POINT('',(5.684787149735,4.472346173405E-02));
#831 = CARTESIAN_POINT('',(5.983986228458,4.226252583325E-02));
#832 = CARTESIAN_POINT('',(6.28318530718,3.603733961704E-02));
#833 = ( GEOMETRIC_REPRESENTATION_CONTEXT(2) 
PARAMETRIC_REPRESENTATION_CONTEXT() REPRESENTATION_CONTEXT('2D SPACE',''
  ) );
#834 = ORIENTED_EDGE('',*,*,#835,.F.);
#835 = EDGE_CURVE('',#621,#706,#836,.T.);
#836 = SEAM_CURVE('',#837,(#841,#848),.PCURVE_S1.);
#837 = LINE('',#838,#839);
#838 = CARTESIAN_POINT('',(-43.25961940777,-116.6,24.059619407771));
#839 = VECTOR('',#840,1.);
#840 = DIRECTION('',(0.624695047554,-0.468521285666,0.624695047554));
#841 = PCURVE('',#543,#842);
#842 = DEFINITIONAL_REPRESENTATION('',(#843),#847);
#843 = LINE('',#844,#845);
#844 = CARTESIAN_POINT('',(6.28318530718,-0.));
#845 = VECTOR('',#846,1.);
#846 = DIRECTION('',(0.,1.));
#847 = ( GEOMETRIC_REPRESENTATION_CONTEXT(2) 
PARAMETRIC_REPRESENTATION_CONTEXT() REPRESENTATION_CONTEXT('2D SPACE',''
  ) );
#848 = PCURVE('',#543,#849);
#849 = DEFINITIONAL_REPRESENTATION('',(#850),#854);
#850 = LINE('',#851,#852);
#851 = CARTESIAN_POINT('',(0.,-0.));
#852 = VECTOR('',#853,1.);
#853 = DIRECTION('',(0.,1.));
#854 = ( GEOMETRIC_REPRESENTATION_CONTEXT(2) 
PARAMETRIC_REPRESENTATION_CONTEXT() REPRESENTATION_CONTEXT('2D SPACE',''
  ) );
#855 = ORIENTED_EDGE('',*,*,#672,.T.);
#856 = ORIENTED_EDGE('',*,*,#583,.T.);
#857 = ORIENTED_EDGE('',*,*,#523,.T.);
#858 = ORIENTED_EDGE('',*,*,#620,.T.);
#859 = ORIENTED_EDGE('',*,*,#835,.T.);
#860 = ADVANCED_FACE('',(#861),#722,.T.);
#861 = FACE_BOUND('',#862,.T.);
#862 = EDGE_LOOP('',(#863,#926));
#863 = ORIENTED_EDGE('',*,*,#864,.F.);
#864 = EDGE_CURVE('',#704,#706,#865,.T.);
#865 = SURFACE_CURVE('',#866,(#871,#919),.PCURVE_S1.);
#866 = CIRCLE('',#867,0.65);
#867 = AXIS2_PLACEMENT_3D('',#868,#869,#870);
#868 = CARTESIAN_POINT('',(-39.6,-119.,26.8));
#869 = DIRECTION('',(0.57735026919,-0.57735026919,0.57735026919));
#870 = DIRECTION('',(-2.775557561563E-17,-0.707106781187,-0.707106781187
    ));
#871 = PCURVE('',#722,#872);
#872 = DEFINITIONAL_REPRESENTATION('',(#873),#918);
#873 = B_SPLINE_CURVE_WITH_KNOTS('',8,(#874,#875,#876,#877,#878,#879,
    #880,#881,#882,#883,#884,#885,#886,#887,#888,#889,#890,#891,#892,
    #893,#894,#895,#896,#897,#898,#899,#900,#901,#902,#903,#904,#905,
    #906,#907,#908,#909,#910,#911,#912,#913,#914,#915,#916,#917),
  .UNSPECIFIED.,.F.,.F.,(9,7,7,7,7,7,9),(1.047197551197,1.832595714594,
    2.421644337142,2.863430804053,3.52611050442,3.857450354603,
    4.188790204786),.UNSPECIFIED.);
#874 = CARTESIAN_POINT('',(0.,-0.785398163397));
#875 = CARTESIAN_POINT('',(0.113362460265,-0.728716933265));
#876 = CARTESIAN_POINT('',(0.212037541337,-0.664691756727));
#877 = CARTESIAN_POINT('',(0.298248571919,-0.595547159654));
#878 = CARTESIAN_POINT('',(0.375415997471,-0.52287826998));
#879 = CARTESIAN_POINT('',(0.445683913337,-0.44762348434));
#880 = CARTESIAN_POINT('',(0.510930658078,-0.370533743291));
#881 = CARTESIAN_POINT('',(0.572583473865,-0.292147286924));
#882 = CARTESIAN_POINT('',(0.676412441257,-0.153517453558));
#883 = CARTESIAN_POINT('',(0.719604058462,-9.363725125011E-02));
#884 = CARTESIAN_POINT('',(0.762022719198,-3.348462396565E-02));
#885 = CARTESIAN_POINT('',(0.804143077028,2.677207014667E-02));
#886 = CARTESIAN_POINT('',(0.846414030904,8.697610974742E-02));
#887 = CARTESIAN_POINT('',(0.889291872202,0.146967413661));
#888 = CARTESIAN_POINT('',(0.933273431751,0.206567544231));
#889 = CARTESIAN_POINT('',(1.013171073208,0.309812585505));
#890 = CARTESIAN_POINT('',(1.048354599014,0.35372108519));
#891 = CARTESIAN_POINT('',(1.084722231709,0.39720033769));
#892 = CARTESIAN_POINT('',(1.122537604654,0.440148602516));
#893 = CARTESIAN_POINT('',(1.162099734712,0.482447817084));
#894 = CARTESIAN_POINT('',(1.203752056422,0.523956672942));
#895 = CARTESIAN_POINT('',(1.247886312783,0.564501221875));
#896 = CARTESIAN_POINT('',(1.365523787455,0.662905696891));
#897 = CARTESIAN_POINT('',(1.442680405459,0.719286119223));
#898 = CARTESIAN_POINT('',(1.527855940584,0.772276018266));
#899 = CARTESIAN_POINT('',(1.622866771522,0.820878020308));
#900 = CARTESIAN_POINT('',(1.729133850673,0.863903267423));
#901 = CARTESIAN_POINT('',(1.848912514955,0.899538384211));
#902 = CARTESIAN_POINT('',(1.980160626352,0.925852761615));
#903 = CARTESIAN_POINT('',(2.187406031209,0.949758168778));
#904 = CARTESIAN_POINT('',(2.258217055586,0.955131827145));
#905 = CARTESIAN_POINT('',(2.330189847875,0.957777614424));
#906 = CARTESIAN_POINT('',(2.402601107933,0.957610041236));
#907 = CARTESIAN_POINT('',(2.474621411426,0.954620611673));
#908 = CARTESIAN_POINT('',(2.545467670063,0.948880722283));
#909 = CARTESIAN_POINT('',(2.614535813671,0.940524788046));
#910 = CARTESIAN_POINT('',(2.74824654004,0.918915903573));
#911 = CARTESIAN_POINT('',(2.81289079866,0.905663085251));
#912 = CARTESIAN_POINT('',(2.874883629292,0.890129716846));
#913 = CARTESIAN_POINT('',(2.933982096362,0.872520141964));
#914 = CARTESIAN_POINT('',(2.990111719594,0.853047626015));
#915 = CARTESIAN_POINT('',(3.043327923036,0.831916001929));
#916 = CARTESIAN_POINT('',(3.093767865666,0.80931055736));
#917 = CARTESIAN_POINT('',(3.14159265359,0.785398163397));
#918 = ( GEOMETRIC_REPRESENTATION_CONTEXT(2) 
PARAMETRIC_REPRESENTATION_CONTEXT() REPRESENTATION_CONTEXT('2D SPACE',''
  ) );
#919 = PCURVE('',#788,#920);
#920 = DEFINITIONAL_REPRESENTATION('',(#921),#925);
#921 = LINE('',#922,#923);
#922 = CARTESIAN_POINT('',(0.,0.));
#923 = VECTOR('',#924,1.);
#924 = DIRECTION('',(1.,0.));
#925 = ( GEOMETRIC_REPRESENTATION_CONTEXT(2) 
PARAMETRIC_REPRESENTATION_CONTEXT() REPRESENTATION_CONTEXT('2D SPACE',''
  ) );
#926 = ORIENTED_EDGE('',*,*,#703,.T.);
#927 = ADVANCED_FACE('',(#928),#788,.T.);
#928 = FACE_BOUND('',#929,.T.);
#929 = EDGE_LOOP('',(#930,#953,#1009,#1050,#1077,#1078,#1079,#1080));
#930 = ORIENTED_EDGE('',*,*,#931,.T.);
#931 = EDGE_CURVE('',#769,#932,#934,.T.);
#932 = VERTEX_POINT('',#933);
#933 = CARTESIAN_POINT('',(-37.2,-121.8596194077,28.740380592229));
#934 = SEAM_CURVE('',#935,(#939,#946),.PCURVE_S1.);
#935 = LINE('',#936,#937);
#936 = CARTESIAN_POINT('',(-39.6,-119.4596194077,26.340380592229));
#937 = VECTOR('',#938,1.);
#938 = DIRECTION('',(0.57735026919,-0.57735026919,0.57735026919));
#939 = PCURVE('',#788,#940);
#940 = DEFINITIONAL_REPRESENTATION('',(#941),#945);
#941 = LINE('',#942,#943);
#942 = CARTESIAN_POINT('',(6.28318530718,-0.));
#943 = VECTOR('',#944,1.);
#944 = DIRECTION('',(0.,1.));
#945 = ( GEOMETRIC_REPRESENTATION_CONTEXT(2) 
PARAMETRIC_REPRESENTATION_CONTEXT() REPRESENTATION_CONTEXT('2D SPACE',''
  ) );
#946 = PCURVE('',#788,#947);
#947 = DEFINITIONAL_REPRESENTATION('',(#948),#952);
#948 = LINE('',#949,#950);
#949 = CARTESIAN_POINT('',(0.,-0.));
#950 = VECTOR('',#951,1.);
#951 = DIRECTION('',(0.,1.));
#952 = ( GEOMETRIC_REPRESENTATION_CONTEXT(2) 
PARAMETRIC_REPRESENTATION_CONTEXT() REPRESENTATION_CONTEXT('2D SPACE',''
  ) );
#953 = ORIENTED_EDGE('',*,*,#954,.F.);
#954 = EDGE_CURVE('',#955,#932,#957,.T.);
#955 = VERTEX_POINT('',#956);
#956 = CARTESIAN_POINT('',(-37.42668289555,-121.0977561392,
    29.728926756284));
#957 = SURFACE_CURVE('',#958,(#963,#970),.PCURVE_S1.);
#958 = CIRCLE('',#959,0.65);
#959 = AXIS2_PLACEMENT_3D('',#960,#961,#962);
#960 = CARTESIAN_POINT('',(-37.2,-121.4,29.2));
#961 = DIRECTION('',(0.57735026919,-0.57735026919,0.57735026919));
#962 = DIRECTION('',(-2.775557561563E-17,-0.707106781187,-0.707106781187
    ));
#963 = PCURVE('',#788,#964);
#964 = DEFINITIONAL_REPRESENTATION('',(#965),#969);
#965 = LINE('',#966,#967);
#966 = CARTESIAN_POINT('',(0.,4.156921938165));
#967 = VECTOR('',#968,1.);
#968 = DIRECTION('',(1.,0.));
#969 = ( GEOMETRIC_REPRESENTATION_CONTEXT(2) 
PARAMETRIC_REPRESENTATION_CONTEXT() REPRESENTATION_CONTEXT('2D SPACE',''
  ) );
#970 = PCURVE('',#971,#976);
#971 = SPHERICAL_SURFACE('',#972,0.65);
#972 = AXIS2_PLACEMENT_3D('',#973,#974,#975);
#973 = CARTESIAN_POINT('',(-37.2,-121.4,29.2));
#974 = DIRECTION('',(0.,0.,1.));
#975 = DIRECTION('',(1.,0.,-0.));
#976 = DEFINITIONAL_REPRESENTATION('',(#977),#1008);
#977 = B_SPLINE_CURVE_WITH_KNOTS('',8,(#978,#979,#980,#981,#982,#983,
    #984,#985,#986,#987,#988,#989,#990,#991,#992,#993,#994,#995,#996,
    #997,#998,#999,#1000,#1001,#1002,#1003,#1004,#1005,#1006,#1007),
  .UNSPECIFIED.,.F.,.F.,(9,7,7,7,9),(3.582899085947,3.920434863601,
    4.511122474496,5.397153890838,6.28318530718),.UNSPECIFIED.);
#978 = CARTESIAN_POINT('',(2.214297435588,0.950546840812));
#979 = CARTESIAN_POINT('',(2.286401693261,0.955418750114));
#980 = CARTESIAN_POINT('',(2.359629645452,0.957480299612));
#981 = CARTESIAN_POINT('',(2.43326338757,0.956642323564));
#982 = CARTESIAN_POINT('',(2.506461034699,0.952881342507));
#983 = CARTESIAN_POINT('',(2.578381007728,0.946263512693));
#984 = CARTESIAN_POINT('',(2.648331205622,0.936930404682));
#985 = CARTESIAN_POINT('',(2.715855593772,0.92506797981));
#986 = CARTESIAN_POINT('',(2.894097241275,0.886051401723));
#987 = CARTESIAN_POINT('',(2.999229601215,0.85410146601));
#988 = CARTESIAN_POINT('',(3.094553912337,0.816122314136));
#989 = CARTESIAN_POINT('',(3.180366396944,0.77339791535));
#990 = CARTESIAN_POINT('',(3.258108120755,0.726942044861));
#991 = CARTESIAN_POINT('',(3.328921638321,0.67752034698));
#992 = CARTESIAN_POINT('',(3.393988977161,0.62573621866));
#993 = CARTESIAN_POINT('',(3.544745076118,0.491546460984));
#994 = CARTESIAN_POINT('',(3.624477349497,0.406776373214));
#995 = CARTESIAN_POINT('',(3.696860296498,0.319342817914));
#996 = CARTESIAN_POINT('',(3.764424673543,0.230188666172));
#997 = CARTESIAN_POINT('',(3.829035816945,0.139987071773));
#998 = CARTESIAN_POINT('',(3.892226182383,4.929687424579E-02));
#999 = CARTESIAN_POINT('',(3.955519314047,-4.136601276348E-02));
#1000 = CARTESIAN_POINT('',(4.08564071946,-0.221434923679));
#1001 = CARTESIAN_POINT('',(4.152468865592,-0.310841828994));
#1002 = CARTESIAN_POINT('',(4.222760166815,-0.399013449889));
#1003 = CARTESIAN_POINT('',(4.298298729816,-0.485293812692));
#1004 = CARTESIAN_POINT('',(4.381604610453,-0.568723937546));
#1005 = CARTESIAN_POINT('',(4.4753072555,-0.648163533971));
#1006 = CARTESIAN_POINT('',(4.584501361201,-0.721454353806));
#1007 = CARTESIAN_POINT('',(4.712388980385,-0.785398163397));
#1008 = ( GEOMETRIC_REPRESENTATION_CONTEXT(2) 
PARAMETRIC_REPRESENTATION_CONTEXT() REPRESENTATION_CONTEXT('2D SPACE',''
  ) );
#1009 = ORIENTED_EDGE('',*,*,#1010,.F.);
#1010 = EDGE_CURVE('',#1011,#955,#1013,.T.);
#1011 = VERTEX_POINT('',#1012);
#1012 = CARTESIAN_POINT('',(-36.97331710445,-121.7022438607,
    28.671073243716));
#1013 = SURFACE_CURVE('',#1014,(#1019,#1032),.PCURVE_S1.);
#1014 = ELLIPSE('',#1015,0.670286377639,0.65);
#1015 = AXIS2_PLACEMENT_3D('',#1016,#1017,#1018);
#1016 = CARTESIAN_POINT('',(-37.2,-121.4,29.2));
#1017 = DIRECTION('',(0.740133620929,-0.39600662892,0.543489625496));
#1018 = DIRECTION('',(-0.574961391355,-0.791809657453,0.206050636535));
#1019 = PCURVE('',#788,#1020);
#1020 = DEFINITIONAL_REPRESENTATION('',(#1021),#1031);
#1021 = B_SPLINE_CURVE_WITH_KNOTS('',8,(#1022,#1023,#1024,#1025,#1026,
    #1027,#1028,#1029,#1030),.UNSPECIFIED.,.F.,.F.,(9,9),(1.570796327352
    ,4.71238898081),.PIECEWISE_BEZIER_KNOTS.);
#1022 = CARTESIAN_POINT('',(0.441306432914,4.156921938074));
#1023 = CARTESIAN_POINT('',(0.834005514597,4.092653727235));
#1024 = CARTESIAN_POINT('',(1.226704596281,4.028385003957));
#1025 = CARTESIAN_POINT('',(1.619403677956,3.979224203051));
#1026 = CARTESIAN_POINT('',(2.012102759647,3.960238406227));
#1027 = CARTESIAN_POINT('',(2.404801841324,3.979224203125));
#1028 = CARTESIAN_POINT('',(2.797500923009,4.028385004093));
#1029 = CARTESIAN_POINT('',(3.19020000469,4.092653727396));
#1030 = CARTESIAN_POINT('',(3.582899086373,4.156921938235));
#1031 = ( GEOMETRIC_REPRESENTATION_CONTEXT(2) 
PARAMETRIC_REPRESENTATION_CONTEXT() REPRESENTATION_CONTEXT('2D SPACE',''
  ) );
#1032 = PCURVE('',#1033,#1038);
#1033 = CYLINDRICAL_SURFACE('',#1034,0.65);
#1034 = AXIS2_PLACEMENT_3D('',#1035,#1036,#1037);
#1035 = CARTESIAN_POINT('',(-37.2,-121.4,29.2));
#1036 = DIRECTION('',(0.858116330321,-0.190692517849,0.476731294623));
#1037 = DIRECTION('',(-0.485642931179,1.387778780781E-17,0.874157276122)
  );
#1038 = DEFINITIONAL_REPRESENTATION('',(#1039),#1049);
#1039 = B_SPLINE_CURVE_WITH_KNOTS('',8,(#1040,#1041,#1042,#1043,#1044,
    #1045,#1046,#1047,#1048),.UNSPECIFIED.,.F.,.F.,(9,9),(1.570796327352
    ,4.71238898081),.PIECEWISE_BEZIER_KNOTS.);
#1040 = CARTESIAN_POINT('',(2.64812495257,9.116440935486E-11));
#1041 = CARTESIAN_POINT('',(3.040824034252,6.426821093039E-02));
#1042 = CARTESIAN_POINT('',(3.433523115933,0.128536934197));
#1043 = CARTESIAN_POINT('',(3.826222197615,0.177697735129));
#1044 = CARTESIAN_POINT('',(4.218921279302,0.196683531899));
#1045 = CARTESIAN_POINT('',(4.611620360976,0.177697735053));
#1046 = CARTESIAN_POINT('',(5.004319442663,0.128536934064));
#1047 = CARTESIAN_POINT('',(5.397018524346,6.426821076957E-02));
#1048 = CARTESIAN_POINT('',(5.789717606028,-6.96562807434E-11));
#1049 = ( GEOMETRIC_REPRESENTATION_CONTEXT(2) 
PARAMETRIC_REPRESENTATION_CONTEXT() REPRESENTATION_CONTEXT('2D SPACE',''
  ) );
#1050 = ORIENTED_EDGE('',*,*,#1051,.F.);
#1051 = EDGE_CURVE('',#932,#1011,#1052,.T.);
#1052 = SURFACE_CURVE('',#1053,(#1058,#1065),.PCURVE_S1.);
#1053 = CIRCLE('',#1054,0.65);
#1054 = AXIS2_PLACEMENT_3D('',#1055,#1056,#1057);
#1055 = CARTESIAN_POINT('',(-37.2,-121.4,29.2));
#1056 = DIRECTION('',(0.57735026919,-0.57735026919,0.57735026919));
#1057 = DIRECTION('',(-2.775557561563E-17,-0.707106781187,
    -0.707106781187));
#1058 = PCURVE('',#788,#1059);
#1059 = DEFINITIONAL_REPRESENTATION('',(#1060),#1064);
#1060 = LINE('',#1061,#1062);
#1061 = CARTESIAN_POINT('',(0.,4.156921938165));
#1062 = VECTOR('',#1063,1.);
#1063 = DIRECTION('',(1.,0.));
#1064 = ( GEOMETRIC_REPRESENTATION_CONTEXT(2) 
PARAMETRIC_REPRESENTATION_CONTEXT() REPRESENTATION_CONTEXT('2D SPACE',''
  ) );
#1065 = PCURVE('',#971,#1066);
#1066 = DEFINITIONAL_REPRESENTATION('',(#1067),#1076);
#1067 = B_SPLINE_CURVE_WITH_KNOTS('',7,(#1068,#1069,#1070,#1071,#1072,
    #1073,#1074,#1075),.UNSPECIFIED.,.F.,.F.,(8,8),(0.,0.441306432357),
  .PIECEWISE_BEZIER_KNOTS.);
#1068 = CARTESIAN_POINT('',(4.712388980385,-0.785398163397));
#1069 = CARTESIAN_POINT('',(4.785185662532,-0.821796504471));
#1070 = CARTESIAN_POINT('',(4.864164070955,-0.855104148166));
#1071 = CARTESIAN_POINT('',(4.949962142262,-0.884686306611));
#1072 = CARTESIAN_POINT('',(5.042933534514,-0.909809749907));
#1073 = CARTESIAN_POINT('',(5.142974071051,-0.929583010956));
#1074 = CARTESIAN_POINT('',(5.248150999599,-0.943267172597));
#1075 = CARTESIAN_POINT('',(5.355890089178,-0.950546840812));
#1076 = ( GEOMETRIC_REPRESENTATION_CONTEXT(2) 
PARAMETRIC_REPRESENTATION_CONTEXT() REPRESENTATION_CONTEXT('2D SPACE',''
  ) );
#1077 = ORIENTED_EDGE('',*,*,#931,.F.);
#1078 = ORIENTED_EDGE('',*,*,#768,.T.);
#1079 = ORIENTED_EDGE('',*,*,#864,.T.);
#1080 = ORIENTED_EDGE('',*,*,#803,.T.);
#1081 = ADVANCED_FACE('',(#1082),#971,.T.);
#1082 = FACE_BOUND('',#1083,.T.);
#1083 = EDGE_LOOP('',(#1084,#1085,#1143,#1176));
#1084 = ORIENTED_EDGE('',*,*,#1051,.T.);
#1085 = ORIENTED_EDGE('',*,*,#1086,.F.);
#1086 = EDGE_CURVE('',#1087,#1011,#1089,.T.);
#1087 = VERTEX_POINT('',#1088);
#1088 = CARTESIAN_POINT('',(-37.51566790526,-121.4,29.768202229479));
#1089 = SURFACE_CURVE('',#1090,(#1095,#1136),.PCURVE_S1.);
#1090 = CIRCLE('',#1091,0.65);
#1091 = AXIS2_PLACEMENT_3D('',#1092,#1093,#1094);
#1092 = CARTESIAN_POINT('',(-37.2,-121.4,29.2));
#1093 = DIRECTION('',(0.858116330321,-0.190692517849,0.476731294623));
#1094 = DIRECTION('',(-0.485642931179,1.387778780781E-17,0.874157276122)
  );
#1095 = PCURVE('',#971,#1096);
#1096 = DEFINITIONAL_REPRESENTATION('',(#1097),#1135);
#1097 = B_SPLINE_CURVE_WITH_KNOTS('',8,(#1098,#1099,#1100,#1101,#1102,
    #1103,#1104,#1105,#1106,#1107,#1108,#1109,#1110,#1111,#1112,#1113,
    #1114,#1115,#1116,#1117,#1118,#1119,#1120,#1121,#1122,#1123,#1124,
    #1125,#1126,#1127,#1128,#1129,#1130,#1131,#1132,#1133,#1134),
  .UNSPECIFIED.,.F.,.F.,(9,7,7,7,7,9),(0.,0.331015619002,0.910292952254,
    1.779208952133,2.213666952073,2.648124952013),.UNSPECIFIED.);
#1098 = CARTESIAN_POINT('',(3.14159265359,1.063697822403));
#1099 = CARTESIAN_POINT('',(3.225229571021,1.055807547173));
#1100 = CARTESIAN_POINT('',(3.306151950148,1.044523642862));
#1101 = CARTESIAN_POINT('',(3.38316412205,1.030057101726));
#1102 = CARTESIAN_POINT('',(3.455473338259,1.012732524126));
#1103 = CARTESIAN_POINT('',(3.522857864771,0.992911166631));
#1104 = CARTESIAN_POINT('',(3.58547238201,0.970934491257));
#1105 = CARTESIAN_POINT('',(3.6435886094,0.947096820694));
#1106 = CARTESIAN_POINT('',(3.792034884744,0.87713375092));
#1107 = CARTESIAN_POINT('',(3.87383215028,0.827700457176));
#1108 = CARTESIAN_POINT('',(3.944876917349,0.774731594819));
#1109 = CARTESIAN_POINT('',(4.007718041139,0.719205147054));
#1110 = CARTESIAN_POINT('',(4.064039164652,0.661724762533));
#1111 = CARTESIAN_POINT('',(4.115252153515,0.602753315815));
#1112 = CARTESIAN_POINT('',(4.16240461186,0.542617761939));
#1113 = CARTESIAN_POINT('',(4.272275363885,0.390013975589));
#1114 = CARTESIAN_POINT('',(4.33098757437,0.296413255053));
#1115 = CARTESIAN_POINT('',(4.385366316674,0.201638176729));
#1116 = CARTESIAN_POINT('',(4.437216150176,0.106179111388));
#1117 = CARTESIAN_POINT('',(4.487958047177,1.042037946958E-02));
#1118 = CARTESIAN_POINT('',(4.538896451623,-8.528331040272E-02));
#1119 = CARTESIAN_POINT('',(4.591395498705,-0.180570315855));
#1120 = CARTESIAN_POINT('',(4.675244936032,-0.322100946719));
#1121 = CARTESIAN_POINT('',(4.704044830856,-0.369044475362));
#1122 = CARTESIAN_POINT('',(4.733924888771,-0.415690605881));
#1123 = CARTESIAN_POINT('',(4.765144580041,-0.461964778752));
#1124 = CARTESIAN_POINT('',(4.798005737732,-0.507779452337));
#1125 = CARTESIAN_POINT('',(4.832870319338,-0.553027258232));
#1126 = CARTESIAN_POINT('',(4.870182956764,-0.597569784354));
#1127 = CARTESIAN_POINT('',(4.950813632601,-0.684874187222));
#1128 = CARTESIAN_POINT('',(4.994132076555,-0.727635779335));
#1129 = CARTESIAN_POINT('',(5.041004110915,-0.769322561588));
#1130 = CARTESIAN_POINT('',(5.092101991823,-0.809697702438));
#1131 = CARTESIAN_POINT('',(5.148199630926,-0.848466695449));
#1132 = CARTESIAN_POINT('',(5.210240677751,-0.885236183214));
#1133 = CARTESIAN_POINT('',(5.279255791013,-0.919478882097));
#1134 = CARTESIAN_POINT('',(5.355890089178,-0.950546840812));
#1135 = ( GEOMETRIC_REPRESENTATION_CONTEXT(2) 
PARAMETRIC_REPRESENTATION_CONTEXT() REPRESENTATION_CONTEXT('2D SPACE',''
  ) );
#1136 = PCURVE('',#1033,#1137);
#1137 = DEFINITIONAL_REPRESENTATION('',(#1138),#1142);
#1138 = LINE('',#1139,#1140);
#1139 = CARTESIAN_POINT('',(0.,0.));
#1140 = VECTOR('',#1141,1.);
#1141 = DIRECTION('',(1.,0.));
#1142 = ( GEOMETRIC_REPRESENTATION_CONTEXT(2) 
PARAMETRIC_REPRESENTATION_CONTEXT() REPRESENTATION_CONTEXT('2D SPACE',''
  ) );
#1143 = ORIENTED_EDGE('',*,*,#1144,.F.);
#1144 = EDGE_CURVE('',#955,#1087,#1145,.T.);
#1145 = SURFACE_CURVE('',#1146,(#1151,#1169),.PCURVE_S1.);
#1146 = CIRCLE('',#1147,0.65);
#1147 = AXIS2_PLACEMENT_3D('',#1148,#1149,#1150);
#1148 = CARTESIAN_POINT('',(-37.2,-121.4,29.2));
#1149 = DIRECTION('',(0.858116330321,-0.190692517849,0.476731294623));
#1150 = DIRECTION('',(-0.485642931179,1.387778780781E-17,0.874157276122)
  );
#1151 = PCURVE('',#971,#1152);
#1152 = DEFINITIONAL_REPRESENTATION('',(#1153),#1168);
#1153 = B_SPLINE_CURVE_WITH_KNOTS('',7,(#1154,#1155,#1156,#1157,#1158,
    #1159,#1160,#1161,#1162,#1163,#1164,#1165,#1166,#1167),
  .UNSPECIFIED.,.F.,.F.,(8,6,8),(5.789717605602,6.036451456391,
    6.28318530718),.UNSPECIFIED.);
#1154 = CARTESIAN_POINT('',(2.214297435588,0.950546840812));
#1155 = CARTESIAN_POINT('',(2.264036323362,0.970711254774));
#1156 = CARTESIAN_POINT('',(2.317052792573,0.989510519228));
#1157 = CARTESIAN_POINT('',(2.373528097547,1.006755283518));
#1158 = CARTESIAN_POINT('',(2.433584920479,1.022232701264));
#1159 = CARTESIAN_POINT('',(2.497156017455,1.035710643907));
#1160 = CARTESIAN_POINT('',(2.563901351272,1.046962931612));
#1161 = CARTESIAN_POINT('',(2.702446070884,1.064668231417));
#1162 = CARTESIAN_POINT('',(2.774247071776,1.071121106616));
#1163 = CARTESIAN_POINT('',(2.847936562583,1.075000215551));
#1164 = CARTESIAN_POINT('',(2.922605852526,1.076179192299));
#1165 = CARTESIAN_POINT('',(2.997086182641,1.074626531287));
#1166 = CARTESIAN_POINT('',(3.070345057589,1.070419293723));
#1167 = CARTESIAN_POINT('',(3.14159265359,1.063697822403));
#1168 = ( GEOMETRIC_REPRESENTATION_CONTEXT(2) 
PARAMETRIC_REPRESENTATION_CONTEXT() REPRESENTATION_CONTEXT('2D SPACE',''
  ) );
#1169 = PCURVE('',#1033,#1170);
#1170 = DEFINITIONAL_REPRESENTATION('',(#1171),#1175);
#1171 = LINE('',#1172,#1173);
#1172 = CARTESIAN_POINT('',(0.,0.));
#1173 = VECTOR('',#1174,1.);
#1174 = DIRECTION('',(1.,0.));
#1175 = ( GEOMETRIC_REPRESENTATION_CONTEXT(2) 
PARAMETRIC_REPRESENTATION_CONTEXT() REPRESENTATION_CONTEXT('2D SPACE',''
  ) );
#1176 = ORIENTED_EDGE('',*,*,#954,.T.);
#1177 = ADVANCED_FACE('',(#1178),#1033,.T.);
#1178 = FACE_BOUND('',#1179,.T.);
#1179 = EDGE_LOOP('',(#1180,#1252,#1287,#1308,#1309,#1310,#1311,#1312));
#1180 = ORIENTED_EDGE('',*,*,#1181,.T.);
#1181 = EDGE_CURVE('',#1182,#1184,#1186,.T.);
#1182 = VERTEX_POINT('',#1183);
#1183 = CARTESIAN_POINT('',(-29.73463861119,-122.4692772223,
    32.934638611198));
#1184 = VERTEX_POINT('',#1185);
#1185 = CARTESIAN_POINT('',(-30.2653613888,-123.5307227776,
    33.465361388802));
#1186 = SURFACE_CURVE('',#1187,(#1192,#1199),.PCURVE_S1.);
#1187 = CIRCLE('',#1188,0.65);
#1188 = AXIS2_PLACEMENT_3D('',#1189,#1190,#1191);
#1189 = CARTESIAN_POINT('',(-30.,-123.,33.2));
#1190 = DIRECTION('',(-0.858116330321,0.190692517849,-0.476731294623));
#1191 = DIRECTION('',(0.408248290464,0.816496580928,-0.408248290464));
#1192 = PCURVE('',#1033,#1193);
#1193 = DEFINITIONAL_REPRESENTATION('',(#1194),#1198);
#1194 = LINE('',#1195,#1196);
#1195 = CARTESIAN_POINT('',(4.123862382131,8.390470785361));
#1196 = VECTOR('',#1197,1.);
#1197 = DIRECTION('',(-1.,-0.));
#1198 = ( GEOMETRIC_REPRESENTATION_CONTEXT(2) 
PARAMETRIC_REPRESENTATION_CONTEXT() REPRESENTATION_CONTEXT('2D SPACE',''
  ) );
#1199 = PCURVE('',#1200,#1205);
#1200 = SPHERICAL_SURFACE('',#1201,0.65);
#1201 = AXIS2_PLACEMENT_3D('',#1202,#1203,#1204);
#1202 = CARTESIAN_POINT('',(-30.,-123.,33.2));
#1203 = DIRECTION('',(0.,0.,1.));
#1204 = DIRECTION('',(1.,0.,-0.));
#1205 = DEFINITIONAL_REPRESENTATION('',(#1206),#1251);
#1206 = B_SPLINE_CURVE_WITH_KNOTS('',8,(#1207,#1208,#1209,#1210,#1211,
    #1212,#1213,#1214,#1215,#1216,#1217,#1218,#1219,#1220,#1221,#1222,
    #1223,#1224,#1225,#1226,#1227,#1228,#1229,#1230,#1231,#1232,#1233,
    #1234,#1235,#1236,#1237,#1238,#1239,#1240,#1241,#1242,#1243,#1244,
    #1245,#1246,#1247,#1248,#1249,#1250),.UNSPECIFIED.,.F.,.F.,(9,7,7,7,
    7,7,9),(0.,0.491134864271,0.982269728541,1.252185094172,
    1.522100459803,2.061931191065,3.14159265359),.UNSPECIFIED.);
#1207 = CARTESIAN_POINT('',(7.390334024974,-0.420534335284));
#1208 = CARTESIAN_POINT('',(7.355213121022,-0.472889487729));
#1209 = CARTESIAN_POINT('',(7.318212146841,-0.524719243641));
#1210 = CARTESIAN_POINT('',(7.278886828112,-0.575892619717));
#1211 = CARTESIAN_POINT('',(7.236693330758,-0.626247753698));
#1212 = CARTESIAN_POINT('',(7.190985601943,-0.675580029872));
#1213 = CARTESIAN_POINT('',(7.14093413096,-0.723619578873));
#1214 = CARTESIAN_POINT('',(7.085470807453,-0.769993290381));
#1215 = CARTESIAN_POINT('',(6.961258301416,-0.858339664243));
#1216 = CARTESIAN_POINT('',(6.892508136339,-0.900311794078));
#1217 = CARTESIAN_POINT('',(6.815903006598,-0.939553847301));
#1218 = CARTESIAN_POINT('',(6.730002527571,-0.975351594833));
#1219 = CARTESIAN_POINT('',(6.633641967684,-1.006852864874));
#1220 = CARTESIAN_POINT('',(6.525396274629,-1.032813274311));
#1221 = CARTESIAN_POINT('',(6.407279167809,-1.051990854419));
#1222 = CARTESIAN_POINT('',(6.214986443281,-1.070131677487));
#1223 = CARTESIAN_POINT('',(6.144982485753,-1.074308842118));
#1224 = CARTESIAN_POINT('',(6.073818922644,-1.07611470846));
#1225 = CARTESIAN_POINT('',(6.002317542772,-1.075479242438));
#1226 = CARTESIAN_POINT('',(5.931408047954,-1.072405319533));
#1227 = CARTESIAN_POINT('',(5.861945589806,-1.066968780815));
#1228 = CARTESIAN_POINT('',(5.794561461328,-1.059299627562));
#1229 = CARTESIAN_POINT('',(5.66482688568,-1.039807917999));
#1230 = CARTESIAN_POINT('',(5.602474469326,-1.027985439784));
#1231 = CARTESIAN_POINT('',(5.543081065102,-1.014242776875));
#1232 = CARTESIAN_POINT('',(5.486863330746,-0.998764817764));
#1233 = CARTESIAN_POINT('',(5.433857195096,-0.981740070104));
#1234 = CARTESIAN_POINT('',(5.383968537771,-0.963344803903));
#1235 = CARTESIAN_POINT('',(5.337027794503,-0.943736168513));
#1236 = CARTESIAN_POINT('',(5.204489875352,-0.88169051317));
#1237 = CARTESIAN_POINT('',(5.127172117143,-0.83603334352));
#1238 = CARTESIAN_POINT('',(5.059356150556,-0.787201924485));
#1239 = CARTESIAN_POINT('',(4.999002305198,-0.73601750962));
#1240 = CARTESIAN_POINT('',(4.944657342345,-0.68301093612));
#1241 = CARTESIAN_POINT('',(4.895114015416,-0.628588595367));
#1242 = CARTESIAN_POINT('',(4.849445836416,-0.573045137403));
#1243 = CARTESIAN_POINT('',(4.721794231728,-0.403749043382));
#1244 = CARTESIAN_POINT('',(4.649164473236,-0.287331477312));
#1245 = CARTESIAN_POINT('',(4.582962250219,-0.169204356533));
#1246 = CARTESIAN_POINT('',(4.520027888055,-5.019015848734E-02));
#1247 = CARTESIAN_POINT('',(4.457863469949,6.903445051906E-02));
#1248 = CARTESIAN_POINT('',(4.394070755536,0.187810729969));
#1249 = CARTESIAN_POINT('',(4.325947632401,0.305442036668));
#1250 = CARTESIAN_POINT('',(4.248741371384,0.420534335284));
#1251 = ( GEOMETRIC_REPRESENTATION_CONTEXT(2) 
PARAMETRIC_REPRESENTATION_CONTEXT() REPRESENTATION_CONTEXT('2D SPACE',''
  ) );
#1252 = ORIENTED_EDGE('',*,*,#1253,.F.);
#1253 = EDGE_CURVE('',#1254,#1184,#1256,.T.);
#1254 = VERTEX_POINT('',#1255);
#1255 = CARTESIAN_POINT('',(-30.39449620802,-122.9824825993,
    33.724408727946));
#1256 = SURFACE_CURVE('',#1257,(#1262,#1272),.PCURVE_S1.);
#1257 = ELLIPSE('',#1258,0.659316053299,0.65);
#1258 = AXIS2_PLACEMENT_3D('',#1259,#1260,#1261);
#1259 = CARTESIAN_POINT('',(-30.,-123.,33.2));
#1260 = DIRECTION('',(0.793828249548,-9.671279866307E-02,0.600402652222)
  );
#1261 = DIRECTION('',(0.450743877999,-0.569192382159,-0.68764088632));
#1262 = PCURVE('',#1033,#1263);
#1263 = DEFINITIONAL_REPRESENTATION('',(#1264),#1271);
#1264 = B_SPLINE_CURVE_WITH_KNOTS('',5,(#1265,#1266,#1267,#1268,#1269,
    #1270),.UNSPECIFIED.,.F.,.F.,(6,6),(3.730119251843,4.712388981721),
  .PIECEWISE_BEZIER_KNOTS.);
#1265 = CARTESIAN_POINT('',(-3.934630399272E-13,8.298608761563));
#1266 = CARTESIAN_POINT('',(0.196453945975,8.31065353022));
#1267 = CARTESIAN_POINT('',(0.392907891951,8.327128421226));
#1268 = CARTESIAN_POINT('',(0.589361837926,8.347075597476));
#1269 = CARTESIAN_POINT('',(0.785815783902,8.368773820673));
#1270 = CARTESIAN_POINT('',(0.982269729878,8.390470785509));
#1271 = ( GEOMETRIC_REPRESENTATION_CONTEXT(2) 
PARAMETRIC_REPRESENTATION_CONTEXT() REPRESENTATION_CONTEXT('2D SPACE',''
  ) );
#1272 = PCURVE('',#1273,#1278);
#1273 = CYLINDRICAL_SURFACE('',#1274,0.65);
#1274 = AXIS2_PLACEMENT_3D('',#1275,#1276,#1277);
#1275 = CARTESIAN_POINT('',(-30.,-123.,33.2));
#1276 = DIRECTION('',(0.707106781187,0.,0.707106781187));
#1277 = DIRECTION('',(0.707106781187,0.,-0.707106781187));
#1278 = DEFINITIONAL_REPRESENTATION('',(#1279),#1286);
#1279 = B_SPLINE_CURVE_WITH_KNOTS('',5,(#1280,#1281,#1282,#1283,#1284,
    #1285),.UNSPECIFIED.,.F.,.F.,(6,6),(3.730119251843,4.712388981721),
  .PIECEWISE_BEZIER_KNOTS.);
#1280 = CARTESIAN_POINT('',(3.114639543173,9.186202379854E-02));
#1281 = CARTESIAN_POINT('',(3.311093489148,7.981725514084E-02));
#1282 = CARTESIAN_POINT('',(3.507547435124,6.334236413553E-02));
#1283 = CARTESIAN_POINT('',(3.7040013811,4.339518788476E-02));
#1284 = CARTESIAN_POINT('',(3.900455327075,2.1696964688E-02));
#1285 = CARTESIAN_POINT('',(4.096909273051,-1.476117006405E-10));
#1286 = ( GEOMETRIC_REPRESENTATION_CONTEXT(2) 
PARAMETRIC_REPRESENTATION_CONTEXT() REPRESENTATION_CONTEXT('2D SPACE',''
  ) );
#1287 = ORIENTED_EDGE('',*,*,#1288,.F.);
#1288 = EDGE_CURVE('',#1087,#1254,#1289,.T.);
#1289 = SEAM_CURVE('',#1290,(#1294,#1301),.PCURVE_S1.);
#1290 = LINE('',#1291,#1292);
#1291 = CARTESIAN_POINT('',(-37.51566790526,-121.4,29.768202229479));
#1292 = VECTOR('',#1293,1.);
#1293 = DIRECTION('',(0.858116330321,-0.190692517849,0.476731294623));
#1294 = PCURVE('',#1033,#1295);
#1295 = DEFINITIONAL_REPRESENTATION('',(#1296),#1300);
#1296 = LINE('',#1297,#1298);
#1297 = CARTESIAN_POINT('',(0.,-0.));
#1298 = VECTOR('',#1299,1.);
#1299 = DIRECTION('',(0.,1.));
#1300 = ( GEOMETRIC_REPRESENTATION_CONTEXT(2) 
PARAMETRIC_REPRESENTATION_CONTEXT() REPRESENTATION_CONTEXT('2D SPACE',''
  ) );
#1301 = PCURVE('',#1033,#1302);
#1302 = DEFINITIONAL_REPRESENTATION('',(#1303),#1307);
#1303 = LINE('',#1304,#1305);
#1304 = CARTESIAN_POINT('',(6.28318530718,-0.));
#1305 = VECTOR('',#1306,1.);
#1306 = DIRECTION('',(0.,1.));
#1307 = ( GEOMETRIC_REPRESENTATION_CONTEXT(2) 
PARAMETRIC_REPRESENTATION_CONTEXT() REPRESENTATION_CONTEXT('2D SPACE',''
  ) );
#1308 = ORIENTED_EDGE('',*,*,#1086,.T.);
#1309 = ORIENTED_EDGE('',*,*,#1010,.T.);
#1310 = ORIENTED_EDGE('',*,*,#1144,.T.);
#1311 = ORIENTED_EDGE('',*,*,#1288,.T.);
#1312 = ORIENTED_EDGE('',*,*,#1313,.F.);
#1313 = EDGE_CURVE('',#1182,#1254,#1314,.T.);
#1314 = SURFACE_CURVE('',#1315,(#1320,#1332),.PCURVE_S1.);
#1315 = ELLIPSE('',#1316,0.659316053299,0.65);
#1316 = AXIS2_PLACEMENT_3D('',#1317,#1318,#1319);
#1317 = CARTESIAN_POINT('',(-30.,-123.,33.2));
#1318 = DIRECTION('',(0.793828249548,-9.671279866307E-02,0.600402652222)
  );
#1319 = DIRECTION('',(0.450743877999,-0.569192382159,-0.68764088632));
#1320 = PCURVE('',#1033,#1321);
#1321 = DEFINITIONAL_REPRESENTATION('',(#1322),#1331);
#1322 = B_SPLINE_CURVE_WITH_KNOTS('',7,(#1323,#1324,#1325,#1326,#1327,
    #1328,#1329,#1330),.UNSPECIFIED.,.F.,.F.,(8,8),(1.570796323231,
    3.730119251843),.PIECEWISE_BEZIER_KNOTS.);
#1323 = CARTESIAN_POINT('',(4.123862378567,8.390470785755));
#1324 = CARTESIAN_POINT('',(4.432337082655,8.356401911373));
#1325 = CARTESIAN_POINT('',(4.740811786742,8.322334630207));
#1326 = CARTESIAN_POINT('',(5.04928649083,8.293551282788));
#1327 = CARTESIAN_POINT('',(5.357761194917,8.275395026958));
#1328 = CARTESIAN_POINT('',(5.666235899005,8.270982939442));
#1329 = CARTESIAN_POINT('',(5.974710603092,8.279695899166));
#1330 = CARTESIAN_POINT('',(6.283185307179,8.298608761563));
#1331 = ( GEOMETRIC_REPRESENTATION_CONTEXT(2) 
PARAMETRIC_REPRESENTATION_CONTEXT() REPRESENTATION_CONTEXT('2D SPACE',''
  ) );
#1332 = PCURVE('',#1273,#1333);
#1333 = DEFINITIONAL_REPRESENTATION('',(#1334),#1343);
#1334 = B_SPLINE_CURVE_WITH_KNOTS('',7,(#1335,#1336,#1337,#1338,#1339,
    #1340,#1341,#1342),.UNSPECIFIED.,.F.,.F.,(8,8),(1.570796323231,
    3.730119251843),.PIECEWISE_BEZIER_KNOTS.);
#1335 = CARTESIAN_POINT('',(0.955316614561,-3.935554104828E-10));
#1336 = CARTESIAN_POINT('',(1.263791318648,3.406887398829E-02));
#1337 = CARTESIAN_POINT('',(1.572266022736,6.813615515305E-02));
#1338 = CARTESIAN_POINT('',(1.880740726823,9.691950257452E-02));
#1339 = CARTESIAN_POINT('',(2.189215430911,0.115075758401));
#1340 = CARTESIAN_POINT('',(2.497690134998,0.119487845921));
#1341 = CARTESIAN_POINT('',(2.806164839085,0.110774886195));
#1342 = CARTESIAN_POINT('',(3.114639543173,9.186202379854E-02));
#1343 = ( GEOMETRIC_REPRESENTATION_CONTEXT(2) 
PARAMETRIC_REPRESENTATION_CONTEXT() REPRESENTATION_CONTEXT('2D SPACE',''
  ) );
#1344 = ADVANCED_FACE('',(#1345),#1200,.T.);
#1345 = FACE_BOUND('',#1346,.T.);
#1346 = EDGE_LOOP('',(#1347,#1348,#1381));
#1347 = ORIENTED_EDGE('',*,*,#1181,.F.);
#1348 = ORIENTED_EDGE('',*,*,#1349,.F.);
#1349 = EDGE_CURVE('',#1350,#1182,#1352,.T.);
#1350 = VERTEX_POINT('',#1351);
#1351 = CARTESIAN_POINT('',(-29.54038059222,-123.,32.740380592229));
#1352 = SURFACE_CURVE('',#1353,(#1358,#1374),.PCURVE_S1.);
#1353 = CIRCLE('',#1354,0.65);
#1354 = AXIS2_PLACEMENT_3D('',#1355,#1356,#1357);
#1355 = CARTESIAN_POINT('',(-30.,-123.,33.2));
#1356 = DIRECTION('',(0.707106781187,0.,0.707106781187));
#1357 = DIRECTION('',(0.707106781187,0.,-0.707106781187));
#1358 = PCURVE('',#1200,#1359);
#1359 = DEFINITIONAL_REPRESENTATION('',(#1360),#1373);
#1360 = B_SPLINE_CURVE_WITH_KNOTS('',6,(#1361,#1362,#1363,#1364,#1365,
    #1366,#1367,#1368,#1369,#1370,#1371,#1372),.UNSPECIFIED.,.F.,.F.,(7,
    5,7),(0.,0.477658309062,0.955316618124),.UNSPECIFIED.);
#1361 = CARTESIAN_POINT('',(6.28318530718,-0.785398163397));
#1362 = CARTESIAN_POINT('',(6.395770450322,-0.785398163397));
#1363 = CARTESIAN_POINT('',(6.508355978203,-0.777795156059));
#1364 = CARTESIAN_POINT('',(6.618374375951,-0.76257273865));
#1365 = CARTESIAN_POINT('',(6.723224399149,-0.740367905532));
#1366 = CARTESIAN_POINT('',(6.822155813679,-0.712184530696));
#1367 = CARTESIAN_POINT('',(7.00804342543,-0.645681556812));
#1368 = CARTESIAN_POINT('',(7.09500255498,-0.60736345218));
#1369 = CARTESIAN_POINT('',(7.175926851102,-0.564907536075));
#1370 = CARTESIAN_POINT('',(7.251581451493,-0.519193352924));
#1371 = CARTESIAN_POINT('',(7.322782939088,-0.470883941949));
#1372 = CARTESIAN_POINT('',(7.390334024974,-0.420534335284));
#1373 = ( GEOMETRIC_REPRESENTATION_CONTEXT(2) 
PARAMETRIC_REPRESENTATION_CONTEXT() REPRESENTATION_CONTEXT('2D SPACE',''
  ) );
#1374 = PCURVE('',#1273,#1375);
#1375 = DEFINITIONAL_REPRESENTATION('',(#1376),#1380);
#1376 = LINE('',#1377,#1378);
#1377 = CARTESIAN_POINT('',(0.,0.));
#1378 = VECTOR('',#1379,1.);
#1379 = DIRECTION('',(1.,0.));
#1380 = ( GEOMETRIC_REPRESENTATION_CONTEXT(2) 
PARAMETRIC_REPRESENTATION_CONTEXT() REPRESENTATION_CONTEXT('2D SPACE',''
  ) );
#1381 = ORIENTED_EDGE('',*,*,#1382,.F.);
#1382 = EDGE_CURVE('',#1184,#1350,#1383,.T.);
#1383 = SURFACE_CURVE('',#1384,(#1389,#1413),.PCURVE_S1.);
#1384 = CIRCLE('',#1385,0.65);
#1385 = AXIS2_PLACEMENT_3D('',#1386,#1387,#1388);
#1386 = CARTESIAN_POINT('',(-30.,-123.,33.2));
#1387 = DIRECTION('',(0.707106781187,0.,0.707106781187));
#1388 = DIRECTION('',(0.707106781187,0.,-0.707106781187));
#1389 = PCURVE('',#1200,#1390);
#1390 = DEFINITIONAL_REPRESENTATION('',(#1391),#1412);
#1391 = B_SPLINE_CURVE_WITH_KNOTS('',7,(#1392,#1393,#1394,#1395,#1396,
    #1397,#1398,#1399,#1400,#1401,#1402,#1403,#1404,#1405,#1406,#1407,
    #1408,#1409,#1410,#1411),.UNSPECIFIED.,.F.,.F.,(8,6,6,8),(
    4.096909271714,5.190047289447,5.736616298313,6.28318530718),
  .UNSPECIFIED.);
#1392 = CARTESIAN_POINT('',(4.248741371384,0.420534335284));
#1393 = CARTESIAN_POINT('',(4.381249709403,0.321768451485));
#1394 = CARTESIAN_POINT('',(4.500097469275,0.215367381531));
#1395 = CARTESIAN_POINT('',(4.610810900149,0.105116592525));
#1396 = CARTESIAN_POINT('',(4.718441228722,-6.711076360475E-03));
#1397 = CARTESIAN_POINT('',(4.826596450886,-0.118214285879));
#1398 = CARTESIAN_POINT('',(4.939798664552,-0.227377025155));
#1399 = CARTESIAN_POINT('',(5.125003254609,-0.382920414156));
#1400 = CARTESIAN_POINT('',(5.189304201554,-0.433402029873));
#1401 = CARTESIAN_POINT('',(5.256830519455,-0.48212278663));
#1402 = CARTESIAN_POINT('',(5.328262573339,-0.528630793121));
#1403 = CARTESIAN_POINT('',(5.404347668367,-0.572358440213));
#1404 = CARTESIAN_POINT('',(5.485747132861,-0.612614091892));
#1405 = CARTESIAN_POINT('',(5.659622110897,-0.684633852172));
#1406 = CARTESIAN_POINT('',(5.752098317068,-0.716399147941));
#1407 = CARTESIAN_POINT('',(5.850322194548,-0.743147570316));
#1408 = CARTESIAN_POINT('',(5.954101708126,-0.764058702402));
#1409 = CARTESIAN_POINT('',(6.06234024008,-0.778285619249));
#1410 = CARTESIAN_POINT('',(6.172761692164,-0.785398163397));
#1411 = CARTESIAN_POINT('',(6.28318530718,-0.785398163397));
#1412 = ( GEOMETRIC_REPRESENTATION_CONTEXT(2) 
PARAMETRIC_REPRESENTATION_CONTEXT() REPRESENTATION_CONTEXT('2D SPACE',''
  ) );
#1413 = PCURVE('',#1273,#1414);
#1414 = DEFINITIONAL_REPRESENTATION('',(#1415),#1419);
#1415 = LINE('',#1416,#1417);
#1416 = CARTESIAN_POINT('',(0.,0.));
#1417 = VECTOR('',#1418,1.);
#1418 = DIRECTION('',(1.,0.));
#1419 = ( GEOMETRIC_REPRESENTATION_CONTEXT(2) 
PARAMETRIC_REPRESENTATION_CONTEXT() REPRESENTATION_CONTEXT('2D SPACE',''
  ) );
#1420 = ADVANCED_FACE('',(#1421),#1273,.T.);
#1421 = FACE_BOUND('',#1422,.T.);
#1422 = EDGE_LOOP('',(#1423,#1483,#1504,#1505,#1506,#1507,#1508,#1509));
#1423 = ORIENTED_EDGE('',*,*,#1424,.F.);
#1424 = EDGE_CURVE('',#1425,#1427,#1429,.T.);
#1425 = VERTEX_POINT('',#1426);
#1426 = CARTESIAN_POINT('',(-21.54038059222,-123.,40.740380592229));
#1427 = VERTEX_POINT('',#1428);
#1428 = CARTESIAN_POINT('',(-22.45961940777,-123.,41.659619407771));
#1429 = SURFACE_CURVE('',#1430,(#1435,#1442),.PCURVE_S1.);
#1430 = CIRCLE('',#1431,0.65);
#1431 = AXIS2_PLACEMENT_3D('',#1432,#1433,#1434);
#1432 = CARTESIAN_POINT('',(-22.,-123.,41.2));
#1433 = DIRECTION('',(0.707106781187,0.,0.707106781187));
#1434 = DIRECTION('',(0.707106781187,0.,-0.707106781187));
#1435 = PCURVE('',#1273,#1436);
#1436 = DEFINITIONAL_REPRESENTATION('',(#1437),#1441);
#1437 = LINE('',#1438,#1439);
#1438 = CARTESIAN_POINT('',(0.,11.313708498985));
#1439 = VECTOR('',#1440,1.);
#1440 = DIRECTION('',(1.,0.));
#1441 = ( GEOMETRIC_REPRESENTATION_CONTEXT(2) 
PARAMETRIC_REPRESENTATION_CONTEXT() REPRESENTATION_CONTEXT('2D SPACE',''
  ) );
#1442 = PCURVE('',#1443,#1448);
#1443 = SPHERICAL_SURFACE('',#1444,0.65);
#1444 = AXIS2_PLACEMENT_3D('',#1445,#1446,#1447);
#1445 = CARTESIAN_POINT('',(-22.,-123.,41.2));
#1446 = DIRECTION('',(0.,0.,1.));
#1447 = DIRECTION('',(1.,0.,-0.));
#1448 = DEFINITIONAL_REPRESENTATION('',(#1449),#1482);
#1449 = B_SPLINE_CURVE_WITH_KNOTS('',7,(#1450,#1451,#1452,#1453,#1454,
    #1455,#1456,#1457,#1458,#1459,#1460,#1461,#1462,#1463,#1464,#1465,
    #1466,#1467,#1468,#1469,#1470,#1471,#1472,#1473,#1474,#1475,#1476,
    #1477,#1478,#1479,#1480,#1481),.UNSPECIFIED.,.F.,.F.,(8,6,6,6,6,8),(
    0.,0.392699081699,1.079922474671,2.110757564131,2.62617510886,
    3.14159265359),.UNSPECIFIED.);
#1450 = CARTESIAN_POINT('',(0.,-0.785398163397));
#1451 = CARTESIAN_POINT('',(7.933719532426E-02,-0.785398163397));
#1452 = CARTESIAN_POINT('',(0.158674045312,-0.781726860118));
#1453 = CARTESIAN_POINT('',(0.237197449065,-0.774381802849));
#1454 = CARTESIAN_POINT('',(0.314082758844,-0.763482035561));
#1455 = CARTESIAN_POINT('',(0.388703728493,-0.749247615986));
#1456 = CARTESIAN_POINT('',(0.460700094505,-0.731961039536));
#1457 = CARTESIAN_POINT('',(0.651007506426,-0.676822242992));
#1458 = CARTESIAN_POINT('',(0.763559795184,-0.633270653766));
#1459 = CARTESIAN_POINT('',(0.866632797202,-0.582814460393));
#1460 = CARTESIAN_POINT('',(0.961278836121,-0.527143472472));
#1461 = CARTESIAN_POINT('',(1.049060079481,-0.467467909875));
#1462 = CARTESIAN_POINT('',(1.131338994787,-0.404767750701));
#1463 = CARTESIAN_POINT('',(1.326582067934,-0.242426052664));
#1464 = CARTESIAN_POINT('',(1.434314511585,-0.139989478635));
#1465 = CARTESIAN_POINT('',(1.537047299825,-3.519083446326E-02));
#1466 = CARTESIAN_POINT('',(1.638621102946,7.021368950939E-02));
#1467 = CARTESIAN_POINT('',(1.742173030179,0.174611799349));
#1468 = CARTESIAN_POINT('',(1.851683676562,0.276174886185));
#1469 = CARTESIAN_POINT('',(2.031663223858,0.419986904479));
#1470 = CARTESIAN_POINT('',(2.094274452951,0.466502741595));
#1471 = CARTESIAN_POINT('',(2.16006991667,0.511237819106));
#1472 = CARTESIAN_POINT('',(2.229631560262,0.553779819962));
#1473 = CARTESIAN_POINT('',(2.30356886702,0.593617772026));
#1474 = CARTESIAN_POINT('',(2.382379057107,0.630142905583));
#1475 = CARTESIAN_POINT('',(2.549932351789,0.695249021804));
#1476 = CARTESIAN_POINT('',(2.638676338187,0.723830827431));
#1477 = CARTESIAN_POINT('',(2.732472189164,0.747783782633));
#1478 = CARTESIAN_POINT('',(2.831038462713,0.766422300882));
#1479 = CARTESIAN_POINT('',(2.933334019575,0.779073167731));
#1480 = CARTESIAN_POINT('',(3.037462584727,0.785398163397));
#1481 = CARTESIAN_POINT('',(3.14159265359,0.785398163397));
#1482 = ( GEOMETRIC_REPRESENTATION_CONTEXT(2) 
PARAMETRIC_REPRESENTATION_CONTEXT() REPRESENTATION_CONTEXT('2D SPACE',''
  ) );
#1483 = ORIENTED_EDGE('',*,*,#1484,.F.);
#1484 = EDGE_CURVE('',#1350,#1425,#1485,.T.);
#1485 = SEAM_CURVE('',#1486,(#1490,#1497),.PCURVE_S1.);
#1486 = LINE('',#1487,#1488);
#1487 = CARTESIAN_POINT('',(-29.54038059222,-123.,32.740380592229));
#1488 = VECTOR('',#1489,1.);
#1489 = DIRECTION('',(0.707106781187,0.,0.707106781187));
#1490 = PCURVE('',#1273,#1491);
#1491 = DEFINITIONAL_REPRESENTATION('',(#1492),#1496);
#1492 = LINE('',#1493,#1494);
#1493 = CARTESIAN_POINT('',(6.28318530718,-0.));
#1494 = VECTOR('',#1495,1.);
#1495 = DIRECTION('',(0.,1.));
#1496 = ( GEOMETRIC_REPRESENTATION_CONTEXT(2) 
PARAMETRIC_REPRESENTATION_CONTEXT() REPRESENTATION_CONTEXT('2D SPACE',''
  ) );
#1497 = PCURVE('',#1273,#1498);
#1498 = DEFINITIONAL_REPRESENTATION('',(#1499),#1503);
#1499 = LINE('',#1500,#1501);
#1500 = CARTESIAN_POINT('',(0.,-0.));
#1501 = VECTOR('',#1502,1.);
#1502 = DIRECTION('',(0.,1.));
#1503 = ( GEOMETRIC_REPRESENTATION_CONTEXT(2) 
PARAMETRIC_REPRESENTATION_CONTEXT() REPRESENTATION_CONTEXT('2D SPACE',''
  ) );
#1504 = ORIENTED_EDGE('',*,*,#1349,.T.);
#1505 = ORIENTED_EDGE('',*,*,#1313,.T.);
#1506 = ORIENTED_EDGE('',*,*,#1253,.T.);
#1507 = ORIENTED_EDGE('',*,*,#1382,.T.);
#1508 = ORIENTED_EDGE('',*,*,#1484,.T.);
#1509 = ORIENTED_EDGE('',*,*,#1510,.F.);
#1510 = EDGE_CURVE('',#1427,#1425,#1511,.T.);
#1511 = SURFACE_CURVE('',#1512,(#1517,#1530),.PCURVE_S1.);
#1512 = ELLIPSE('',#1513,0.682041910258,0.65);
#1513 = AXIS2_PLACEMENT_3D('',#1514,#1515,#1516);
#1514 = CARTESIAN_POINT('',(-22.,-123.,41.2));
#1515 = DIRECTION('',(0.673887338679,-0.302905446528,0.673887338679));
#1516 = DIRECTION('',(0.214186495298,0.953020613871,0.214186495298));
#1517 = PCURVE('',#1273,#1518);
#1518 = DEFINITIONAL_REPRESENTATION('',(#1519),#1529);
#1519 = B_SPLINE_CURVE_WITH_KNOTS('',8,(#1520,#1521,#1522,#1523,#1524,
    #1525,#1526,#1527,#1528),.UNSPECIFIED.,.F.,.F.,(9,9),(1.570796060326
    ,4.71238787),.PIECEWISE_BEZIER_KNOTS.);
#1520 = CARTESIAN_POINT('',(3.14159238712,11.313708554036));
#1521 = CARTESIAN_POINT('',(3.53429136333,11.232579219523));
#1522 = CARTESIAN_POINT('',(3.926990339537,11.151449228426));
#1523 = CARTESIAN_POINT('',(4.319689315747,11.089390787383));
#1524 = CARTESIAN_POINT('',(4.712388291948,11.065423904227));
#1525 = CARTESIAN_POINT('',(5.105087268163,11.089390653295));
#1526 = CARTESIAN_POINT('',(5.497786244375,11.151448994113));
#1527 = CARTESIAN_POINT('',(5.890485220586,11.232578935073));
#1528 = CARTESIAN_POINT('',(6.283184196795,11.313708269586));
#1529 = ( GEOMETRIC_REPRESENTATION_CONTEXT(2) 
PARAMETRIC_REPRESENTATION_CONTEXT() REPRESENTATION_CONTEXT('2D SPACE',''
  ) );
#1530 = PCURVE('',#1531,#1536);
#1531 = CYLINDRICAL_SURFACE('',#1532,0.65);
#1532 = AXIS2_PLACEMENT_3D('',#1533,#1534,#1535);
#1533 = CARTESIAN_POINT('',(-22.,-123.,41.2));
#1534 = DIRECTION('',(0.57735026919,-0.57735026919,0.57735026919));
#1535 = DIRECTION('',(-0.707106781187,2.775557561563E-17,0.707106781187)
  );
#1536 = DEFINITIONAL_REPRESENTATION('',(#1537),#1547);
#1537 = B_SPLINE_CURVE_WITH_KNOTS('',8,(#1538,#1539,#1540,#1541,#1542,
    #1543,#1544,#1545,#1546),.UNSPECIFIED.,.F.,.F.,(9,9),(1.570796060326
    ,4.71238787),.PIECEWISE_BEZIER_KNOTS.);
#1538 = CARTESIAN_POINT('',(-2.664693550258E-07,-5.505103217729E-08));
#1539 = CARTESIAN_POINT('',(0.39269870974,8.11292794622E-02));
#1540 = CARTESIAN_POINT('',(0.78539768595,0.162259270567));
#1541 = CARTESIAN_POINT('',(1.178096662156,0.224317711567));
#1542 = CARTESIAN_POINT('',(1.570795638369,0.248284594764));
#1543 = CARTESIAN_POINT('',(1.963494614575,0.224317845672));
#1544 = CARTESIAN_POINT('',(2.356193590786,0.162259504876));
#1545 = CARTESIAN_POINT('',(2.748892566996,8.112956391215E-02));
#1546 = CARTESIAN_POINT('',(3.141591543206,2.293989638247E-07));
#1547 = ( GEOMETRIC_REPRESENTATION_CONTEXT(2) 
PARAMETRIC_REPRESENTATION_CONTEXT() REPRESENTATION_CONTEXT('2D SPACE',''
  ) );
#1548 = ADVANCED_FACE('',(#1549),#1443,.T.);
#1549 = FACE_BOUND('',#1550,.T.);
#1550 = EDGE_LOOP('',(#1551,#1614));
#1551 = ORIENTED_EDGE('',*,*,#1552,.F.);
#1552 = EDGE_CURVE('',#1425,#1427,#1553,.T.);
#1553 = SURFACE_CURVE('',#1554,(#1559,#1607),.PCURVE_S1.);
#1554 = CIRCLE('',#1555,0.65);
#1555 = AXIS2_PLACEMENT_3D('',#1556,#1557,#1558);
#1556 = CARTESIAN_POINT('',(-22.,-123.,41.2));
#1557 = DIRECTION('',(0.57735026919,-0.57735026919,0.57735026919));
#1558 = DIRECTION('',(-0.707106781187,-2.775557561563E-17,0.707106781187
    ));
#1559 = PCURVE('',#1443,#1560);
#1560 = DEFINITIONAL_REPRESENTATION('',(#1561),#1606);
#1561 = B_SPLINE_CURVE_WITH_KNOTS('',8,(#1562,#1563,#1564,#1565,#1566,
    #1567,#1568,#1569,#1570,#1571,#1572,#1573,#1574,#1575,#1576,#1577,
    #1578,#1579,#1580,#1581,#1582,#1583,#1584,#1585,#1586,#1587,#1588,
    #1589,#1590,#1591,#1592,#1593,#1594,#1595,#1596,#1597,#1598,#1599,
    #1600,#1601,#1602,#1603,#1604,#1605),.UNSPECIFIED.,.F.,.F.,(9,7,7,7,
    7,7,9),(3.14159265359,3.926990816987,4.516039439535,4.957825906446,
    5.620505606813,5.951845456996,6.28318530718),.UNSPECIFIED.);
#1562 = CARTESIAN_POINT('',(0.,-0.785398163397));
#1563 = CARTESIAN_POINT('',(0.113362460265,-0.728716933265));
#1564 = CARTESIAN_POINT('',(0.212037541337,-0.664691756727));
#1565 = CARTESIAN_POINT('',(0.298248571918,-0.595547159656));
#1566 = CARTESIAN_POINT('',(0.375415997473,-0.522878269979));
#1567 = CARTESIAN_POINT('',(0.445683913337,-0.447623484343));
#1568 = CARTESIAN_POINT('',(0.510930658078,-0.370533743291));
#1569 = CARTESIAN_POINT('',(0.572583473865,-0.292147286924));
#1570 = CARTESIAN_POINT('',(0.676412441257,-0.153517453558));
#1571 = CARTESIAN_POINT('',(0.719604058462,-9.363725125012E-02));
#1572 = CARTESIAN_POINT('',(0.762022719198,-3.348462396566E-02));
#1573 = CARTESIAN_POINT('',(0.804143077028,2.677207014666E-02));
#1574 = CARTESIAN_POINT('',(0.846414030904,8.697610974741E-02));
#1575 = CARTESIAN_POINT('',(0.889291872202,0.146967413661));
#1576 = CARTESIAN_POINT('',(0.933273431751,0.206567544231));
#1577 = CARTESIAN_POINT('',(1.013171073208,0.309812585505));
#1578 = CARTESIAN_POINT('',(1.048354599014,0.35372108519));
#1579 = CARTESIAN_POINT('',(1.084722231709,0.39720033769));
#1580 = CARTESIAN_POINT('',(1.122537604654,0.440148602516));
#1581 = CARTESIAN_POINT('',(1.162099734712,0.482447817084));
#1582 = CARTESIAN_POINT('',(1.203752056422,0.523956672942));
#1583 = CARTESIAN_POINT('',(1.247886312783,0.564501221875));
#1584 = CARTESIAN_POINT('',(1.365523787455,0.662905696891));
#1585 = CARTESIAN_POINT('',(1.442680405458,0.719286119224));
#1586 = CARTESIAN_POINT('',(1.527855940593,0.772276018269));
#1587 = CARTESIAN_POINT('',(1.622866771528,0.82087802031));
#1588 = CARTESIAN_POINT('',(1.729133850677,0.863903267425));
#1589 = CARTESIAN_POINT('',(1.848912514954,0.899538384211));
#1590 = CARTESIAN_POINT('',(1.980160626352,0.925852761615));
#1591 = CARTESIAN_POINT('',(2.187406031209,0.949758168778));
#1592 = CARTESIAN_POINT('',(2.258217055585,0.955131827145));
#1593 = CARTESIAN_POINT('',(2.330189847876,0.957777614424));
#1594 = CARTESIAN_POINT('',(2.402601107933,0.957610041235));
#1595 = CARTESIAN_POINT('',(2.474621411426,0.954620611673));
#1596 = CARTESIAN_POINT('',(2.545467670064,0.948880722283));
#1597 = CARTESIAN_POINT('',(2.614535813671,0.940524788046));
#1598 = CARTESIAN_POINT('',(2.74824654004,0.918915903573));
#1599 = CARTESIAN_POINT('',(2.81289079866,0.905663085251));
#1600 = CARTESIAN_POINT('',(2.874883629292,0.890129716846));
#1601 = CARTESIAN_POINT('',(2.933982096362,0.872520141964));
#1602 = CARTESIAN_POINT('',(2.990111719594,0.853047626015));
#1603 = CARTESIAN_POINT('',(3.043327923036,0.831916001929));
#1604 = CARTESIAN_POINT('',(3.093767865666,0.80931055736));
#1605 = CARTESIAN_POINT('',(3.14159265359,0.785398163397));
#1606 = ( GEOMETRIC_REPRESENTATION_CONTEXT(2) 
PARAMETRIC_REPRESENTATION_CONTEXT() REPRESENTATION_CONTEXT('2D SPACE',''
  ) );
#1607 = PCURVE('',#1531,#1608);
#1608 = DEFINITIONAL_REPRESENTATION('',(#1609),#1613);
#1609 = LINE('',#1610,#1611);
#1610 = CARTESIAN_POINT('',(0.,0.));
#1611 = VECTOR('',#1612,1.);
#1612 = DIRECTION('',(1.,0.));
#1613 = ( GEOMETRIC_REPRESENTATION_CONTEXT(2) 
PARAMETRIC_REPRESENTATION_CONTEXT() REPRESENTATION_CONTEXT('2D SPACE',''
  ) );
#1614 = ORIENTED_EDGE('',*,*,#1424,.T.);
#1615 = ADVANCED_FACE('',(#1616),#1531,.T.);
#1616 = FACE_BOUND('',#1617,.T.);
#1617 = EDGE_LOOP('',(#1618,#1690,#1729,#1750,#1751,#1752,#1753,#1785));
#1618 = ORIENTED_EDGE('',*,*,#1619,.T.);
#1619 = EDGE_CURVE('',#1620,#1622,#1624,.T.);
#1620 = VERTEX_POINT('',#1621);
#1621 = CARTESIAN_POINT('',(-21.11744991745,-123.3046995046,
    42.412750412751));
#1622 = VERTEX_POINT('',#1623);
#1623 = CARTESIAN_POINT('',(-21.28255008255,-124.2953004953,
    41.587249587249));
#1624 = SURFACE_CURVE('',#1625,(#1630,#1637),.PCURVE_S1.);
#1625 = CIRCLE('',#1626,0.65);
#1626 = AXIS2_PLACEMENT_3D('',#1627,#1628,#1629);
#1627 = CARTESIAN_POINT('',(-21.2,-123.8,42.));
#1628 = DIRECTION('',(-0.57735026919,0.57735026919,-0.57735026919));
#1629 = DIRECTION('',(0.127000127,0.762000762001,0.635000635001));
#1630 = PCURVE('',#1531,#1631);
#1631 = DEFINITIONAL_REPRESENTATION('',(#1632),#1636);
#1632 = LINE('',#1633,#1634);
#1633 = CARTESIAN_POINT('',(5.079810885004,1.385640646055));
#1634 = VECTOR('',#1635,1.);
#1635 = DIRECTION('',(-1.,-0.));
#1636 = ( GEOMETRIC_REPRESENTATION_CONTEXT(2) 
PARAMETRIC_REPRESENTATION_CONTEXT() REPRESENTATION_CONTEXT('2D SPACE',''
  ) );
#1637 = PCURVE('',#1638,#1643);
#1638 = SPHERICAL_SURFACE('',#1639,0.65);
#1639 = AXIS2_PLACEMENT_3D('',#1640,#1641,#1642);
#1640 = CARTESIAN_POINT('',(-21.2,-123.8,42.));
#1641 = DIRECTION('',(0.,0.,1.));
#1642 = DIRECTION('',(1.,0.,-0.));
#1643 = DEFINITIONAL_REPRESENTATION('',(#1644),#1689);
#1644 = B_SPLINE_CURVE_WITH_KNOTS('',8,(#1645,#1646,#1647,#1648,#1649,
    #1650,#1651,#1652,#1653,#1654,#1655,#1656,#1657,#1658,#1659,#1660,
    #1661,#1662,#1663,#1664,#1665,#1666,#1667,#1668,#1669,#1670,#1671,
    #1672,#1673,#1674,#1675,#1676,#1677,#1678,#1679,#1680,#1681,#1682,
    #1683,#1684,#1685,#1686,#1687,#1688),.UNSPECIFIED.,.F.,.F.,(9,7,7,7,
    7,7,9),(0.,0.726831836781,1.453663673561,1.938218231415,
    2.239061836958,2.539905442502,3.14159265359),.UNSPECIFIED.);
#1645 = CARTESIAN_POINT('',(7.68883295656,0.68800934203));
#1646 = CARTESIAN_POINT('',(7.600936110241,0.627644995204));
#1647 = CARTESIAN_POINT('',(7.523010752831,0.562948930238));
#1648 = CARTESIAN_POINT('',(7.452917828561,0.495208097467));
#1649 = CARTESIAN_POINT('',(7.388658730218,0.425281596846));
#1650 = CARTESIAN_POINT('',(7.328728678206,0.353767169641));
#1651 = CARTESIAN_POINT('',(7.271976308624,0.28111590512));
#1652 = CARTESIAN_POINT('',(7.217354678297,0.207702385526));
#1653 = CARTESIAN_POINT('',(7.110543111113,6.00125995899E-02));
#1654 = CARTESIAN_POINT('',(7.058350937533,-1.426260193667E-02));
#1655 = CARTESIAN_POINT('',(7.006446442861,-8.863971727647E-02));
#1656 = CARTESIAN_POINT('',(6.953983672908,-0.162817961285));
#1657 = CARTESIAN_POINT('',(6.900112227161,-0.236499795265));
#1658 = CARTESIAN_POINT('',(6.843882189245,-0.309348991223));
#1659 = CARTESIAN_POINT('',(6.784138411073,-0.380931123541));
#1660 = CARTESIAN_POINT('',(6.6762479771,-0.49710673108));
#1661 = CARTESIAN_POINT('',(6.630873711023,-0.542742380551));
#1662 = CARTESIAN_POINT('',(6.582845645517,-0.587362097162));
#1663 = CARTESIAN_POINT('',(6.531661033493,-0.630745387823));
#1664 = CARTESIAN_POINT('',(6.476754484237,-0.672625300105));
#1665 = CARTESIAN_POINT('',(6.417473687078,-0.712663472994));
#1666 = CARTESIAN_POINT('',(6.353124733283,-0.750428450346));
#1667 = CARTESIAN_POINT('',(6.239762273018,-0.807109680478));
#1668 = CARTESIAN_POINT('',(6.194183765748,-0.827743764452));
#1669 = CARTESIAN_POINT('',(6.146327560507,-0.847175485557));
#1670 = CARTESIAN_POINT('',(6.09609093012,-0.865267444044));
#1671 = CARTESIAN_POINT('',(6.043422240112,-0.881869633439));
#1672 = CARTESIAN_POINT('',(5.988350049149,-0.896824521659));
#1673 = CARTESIAN_POINT('',(5.931009714882,-0.909977349994));
#1674 = CARTESIAN_POINT('',(5.812325295557,-0.932405949874));
#1675 = CARTESIAN_POINT('',(5.750981520259,-0.94168148158));
#1676 = CARTESIAN_POINT('',(5.687894610086,-0.94888296487));
#1677 = CARTESIAN_POINT('',(5.623454650067,-0.953889668067));
#1678 = CARTESIAN_POINT('',(5.558170819023,-0.956617195622));
#1679 = CARTESIAN_POINT('',(5.492630567147,-0.957029872157));
#1680 = CARTESIAN_POINT('',(5.427430531601,-0.955143722916));
#1681 = CARTESIAN_POINT('',(5.234376507296,-0.942772706069));
#1682 = CARTESIAN_POINT('',(5.109076453716,-0.925575204701));
#1683 = CARTESIAN_POINT('',(4.991273844316,-0.899905983017));
#1684 = CARTESIAN_POINT('',(4.884123177497,-0.866965036809));
#1685 = CARTESIAN_POINT('',(4.787228525129,-0.828293435183));
#1686 = CARTESIAN_POINT('',(4.69959704285,-0.784982289539));
#1687 = CARTESIAN_POINT('',(4.620003225078,-0.737980261923));
#1688 = CARTESIAN_POINT('',(4.54724030297,-0.68800934203));
#1689 = ( GEOMETRIC_REPRESENTATION_CONTEXT(2) 
PARAMETRIC_REPRESENTATION_CONTEXT() REPRESENTATION_CONTEXT('2D SPACE',''
  ) );
#1690 = ORIENTED_EDGE('',*,*,#1691,.F.);
#1691 = EDGE_CURVE('',#1692,#1622,#1694,.T.);
#1692 = VERTEX_POINT('',#1693);
#1693 = CARTESIAN_POINT('',(-21.77205191911,-123.6875674886,
    42.347186896432));
#1694 = SURFACE_CURVE('',#1695,(#1700,#1712),.PCURVE_S1.);
#1695 = ELLIPSE('',#1696,0.682672294719,0.65);
#1696 = AXIS2_PLACEMENT_3D('',#1697,#1698,#1699);
#1697 = CARTESIAN_POINT('',(-21.2,-123.8,42.));
#1698 = DIRECTION('',(0.303185410095,-0.639367066374,0.70660339763));
#1699 = DIRECTION('',(0.944430820572,0.102784206696,-0.31222721215));
#1700 = PCURVE('',#1531,#1701);
#1701 = DEFINITIONAL_REPRESENTATION('',(#1702),#1711);
#1702 = B_SPLINE_CURVE_WITH_KNOTS('',7,(#1703,#1704,#1705,#1706,#1707,
    #1708,#1709,#1710),.UNSPECIFIED.,.F.,.F.,(8,8),(2.77417074897,
    4.712388980385),.PIECEWISE_BEZIER_KNOTS.);
#1703 = CARTESIAN_POINT('',(-1.092459456231E-13,1.190901823993));
#1704 = CARTESIAN_POINT('',(0.276888318773,1.170147657966));
#1705 = CARTESIAN_POINT('',(0.553776637547,1.166813220648));
#1706 = CARTESIAN_POINT('',(0.830664956322,1.183486543916));
#1707 = CARTESIAN_POINT('',(1.107553275094,1.219538304438));
#1708 = CARTESIAN_POINT('',(1.384441593868,1.270087527954));
#1709 = CARTESIAN_POINT('',(1.661329912641,1.327863493063));
#1710 = CARTESIAN_POINT('',(1.938218231415,1.385640646055));
#1711 = ( GEOMETRIC_REPRESENTATION_CONTEXT(2) 
PARAMETRIC_REPRESENTATION_CONTEXT() REPRESENTATION_CONTEXT('2D SPACE',''
  ) );
#1712 = PCURVE('',#1713,#1718);
#1713 = CYLINDRICAL_SURFACE('',#1714,0.65);
#1714 = AXIS2_PLACEMENT_3D('',#1715,#1716,#1717);
#1715 = CARTESIAN_POINT('',(-21.2,-123.8,42.));
#1716 = DIRECTION('',(0.,-0.640184399664,0.768221279597));
#1717 = DIRECTION('',(0.,0.768221279597,0.640184399664));
#1718 = DEFINITIONAL_REPRESENTATION('',(#1719),#1728);
#1719 = B_SPLINE_CURVE_WITH_KNOTS('',7,(#1720,#1721,#1722,#1723,#1724,
    #1725,#1726,#1727),.UNSPECIFIED.,.F.,.F.,(8,8),(2.77417074897,
    4.712388980385),.PIECEWISE_BEZIER_KNOTS.);
#1720 = CARTESIAN_POINT('',(1.07603039504,0.194738822062));
#1721 = CARTESIAN_POINT('',(1.352918713814,0.215492988089));
#1722 = CARTESIAN_POINT('',(1.629807032587,0.218827425407));
#1723 = CARTESIAN_POINT('',(1.906695351362,0.202154102139));
#1724 = CARTESIAN_POINT('',(2.183583670134,0.166102341618));
#1725 = CARTESIAN_POINT('',(2.460471988908,0.115553118101));
#1726 = CARTESIAN_POINT('',(2.737360307682,5.777715299213E-02));
#1727 = CARTESIAN_POINT('',(3.014248626455,0.));
#1728 = ( GEOMETRIC_REPRESENTATION_CONTEXT(2) 
PARAMETRIC_REPRESENTATION_CONTEXT() REPRESENTATION_CONTEXT('2D SPACE',''
  ) );
#1729 = ORIENTED_EDGE('',*,*,#1730,.F.);
#1730 = EDGE_CURVE('',#1427,#1692,#1731,.T.);
#1731 = SEAM_CURVE('',#1732,(#1736,#1743),.PCURVE_S1.);
#1732 = LINE('',#1733,#1734);
#1733 = CARTESIAN_POINT('',(-22.45961940777,-123.,41.659619407771));
#1734 = VECTOR('',#1735,1.);
#1735 = DIRECTION('',(0.57735026919,-0.57735026919,0.57735026919));
#1736 = PCURVE('',#1531,#1737);
#1737 = DEFINITIONAL_REPRESENTATION('',(#1738),#1742);
#1738 = LINE('',#1739,#1740);
#1739 = CARTESIAN_POINT('',(0.,-0.));
#1740 = VECTOR('',#1741,1.);
#1741 = DIRECTION('',(0.,1.));
#1742 = ( GEOMETRIC_REPRESENTATION_CONTEXT(2) 
PARAMETRIC_REPRESENTATION_CONTEXT() REPRESENTATION_CONTEXT('2D SPACE',''
  ) );
#1743 = PCURVE('',#1531,#1744);
#1744 = DEFINITIONAL_REPRESENTATION('',(#1745),#1749);
#1745 = LINE('',#1746,#1747);
#1746 = CARTESIAN_POINT('',(6.28318530718,-0.));
#1747 = VECTOR('',#1748,1.);
#1748 = DIRECTION('',(0.,1.));
#1749 = ( GEOMETRIC_REPRESENTATION_CONTEXT(2) 
PARAMETRIC_REPRESENTATION_CONTEXT() REPRESENTATION_CONTEXT('2D SPACE',''
  ) );
#1750 = ORIENTED_EDGE('',*,*,#1510,.T.);
#1751 = ORIENTED_EDGE('',*,*,#1552,.T.);
#1752 = ORIENTED_EDGE('',*,*,#1730,.T.);
#1753 = ORIENTED_EDGE('',*,*,#1754,.F.);
#1754 = EDGE_CURVE('',#1755,#1692,#1757,.T.);
#1755 = VERTEX_POINT('',#1756);
#1756 = CARTESIAN_POINT('',(-21.2,-123.317621437,42.436478182367));
#1757 = SURFACE_CURVE('',#1758,(#1763,#1774),.PCURVE_S1.);
#1758 = ELLIPSE('',#1759,0.682672294719,0.65);
#1759 = AXIS2_PLACEMENT_3D('',#1760,#1761,#1762);
#1760 = CARTESIAN_POINT('',(-21.2,-123.8,42.));
#1761 = DIRECTION('',(0.303185410095,-0.639367066374,0.70660339763));
#1762 = DIRECTION('',(0.944430820572,0.102784206696,-0.31222721215));
#1763 = PCURVE('',#1531,#1764);
#1764 = DEFINITIONAL_REPRESENTATION('',(#1765),#1773);
#1765 = B_SPLINE_CURVE_WITH_KNOTS('',6,(#1766,#1767,#1768,#1769,#1770,
    #1771,#1772),.UNSPECIFIED.,.F.,.F.,(7,7),(1.698140353928,
    2.77417074897),.PIECEWISE_BEZIER_KNOTS.);
#1766 = CARTESIAN_POINT('',(5.207154912138,1.359140048991));
#1767 = CARTESIAN_POINT('',(5.386493311312,1.322021254334));
#1768 = CARTESIAN_POINT('',(5.565831710485,1.285925565806));
#1769 = CARTESIAN_POINT('',(5.745170109659,1.252999472631));
#1770 = CARTESIAN_POINT('',(5.924508508832,1.225302035973));
#1771 = CARTESIAN_POINT('',(6.103846908006,1.204344135059));
#1772 = CARTESIAN_POINT('',(6.283185307179,1.190901823993));
#1773 = ( GEOMETRIC_REPRESENTATION_CONTEXT(2) 
PARAMETRIC_REPRESENTATION_CONTEXT() REPRESENTATION_CONTEXT('2D SPACE',''
  ) );
#1774 = PCURVE('',#1713,#1775);
#1775 = DEFINITIONAL_REPRESENTATION('',(#1776),#1784);
#1776 = B_SPLINE_CURVE_WITH_KNOTS('',6,(#1777,#1778,#1779,#1780,#1781,
    #1782,#1783),.UNSPECIFIED.,.F.,.F.,(7,7),(1.698140353928,
    2.77417074897),.PIECEWISE_BEZIER_KNOTS.);
#1777 = CARTESIAN_POINT('',(-1.27364785385E-12,2.650059706433E-02));
#1778 = CARTESIAN_POINT('',(0.179338399172,6.361939172099E-02));
#1779 = CARTESIAN_POINT('',(0.358676798346,9.97150802493E-02));
#1780 = CARTESIAN_POINT('',(0.53801519752,0.132641173425));
#1781 = CARTESIAN_POINT('',(0.717353596693,0.160338610082));
#1782 = CARTESIAN_POINT('',(0.896691995867,0.181296510996));
#1783 = CARTESIAN_POINT('',(1.07603039504,0.194738822062));
#1784 = ( GEOMETRIC_REPRESENTATION_CONTEXT(2) 
PARAMETRIC_REPRESENTATION_CONTEXT() REPRESENTATION_CONTEXT('2D SPACE',''
  ) );
#1785 = ORIENTED_EDGE('',*,*,#1786,.F.);
#1786 = EDGE_CURVE('',#1620,#1755,#1787,.T.);
#1787 = SURFACE_CURVE('',#1788,(#1793,#1803),.PCURVE_S1.);
#1788 = ELLIPSE('',#1789,0.682672294719,0.65);
#1789 = AXIS2_PLACEMENT_3D('',#1790,#1791,#1792);
#1790 = CARTESIAN_POINT('',(-21.2,-123.8,42.));
#1791 = DIRECTION('',(0.303185410095,-0.639367066374,0.70660339763));
#1792 = DIRECTION('',(0.944430820572,0.102784206696,-0.31222721215));
#1793 = PCURVE('',#1531,#1794);
#1794 = DEFINITIONAL_REPRESENTATION('',(#1795),#1802);
#1795 = B_SPLINE_CURVE_WITH_KNOTS('',5,(#1796,#1797,#1798,#1799,#1800,
    #1801),.UNSPECIFIED.,.F.,.F.,(6,6),(1.570796326795,1.698140353928),
  .PIECEWISE_BEZIER_KNOTS.);
#1796 = CARTESIAN_POINT('',(5.079810885004,1.385640646055));
#1797 = CARTESIAN_POINT('',(5.105279690431,1.380326174595));
#1798 = CARTESIAN_POINT('',(5.130748495858,1.375011703134));
#1799 = CARTESIAN_POINT('',(5.156217301285,1.369704413525));
#1800 = CARTESIAN_POINT('',(5.181686106711,1.364411487585));
#1801 = CARTESIAN_POINT('',(5.207154912138,1.359140048991));
#1802 = ( GEOMETRIC_REPRESENTATION_CONTEXT(2) 
PARAMETRIC_REPRESENTATION_CONTEXT() REPRESENTATION_CONTEXT('2D SPACE',''
  ) );
#1803 = PCURVE('',#1713,#1804);
#1804 = DEFINITIONAL_REPRESENTATION('',(#1805),#1812);
#1805 = B_SPLINE_CURVE_WITH_KNOTS('',5,(#1806,#1807,#1808,#1809,#1810,
    #1811),.UNSPECIFIED.,.F.,.F.,(6,6),(1.570796326795,1.698140353928),
  .PIECEWISE_BEZIER_KNOTS.);
#1806 = CARTESIAN_POINT('',(6.155841280045,0.));
#1807 = CARTESIAN_POINT('',(6.181310085472,5.314471459764E-03));
#1808 = CARTESIAN_POINT('',(6.206778890898,1.062894292108E-02));
#1809 = CARTESIAN_POINT('',(6.232247696325,1.593623253002E-02));
#1810 = CARTESIAN_POINT('',(6.257716501752,2.122915847036E-02));
#1811 = CARTESIAN_POINT('',(6.283185307178,2.650059706433E-02));
#1812 = ( GEOMETRIC_REPRESENTATION_CONTEXT(2) 
PARAMETRIC_REPRESENTATION_CONTEXT() REPRESENTATION_CONTEXT('2D SPACE',''
  ) );
#1813 = ADVANCED_FACE('',(#1814),#1638,.T.);
#1814 = FACE_BOUND('',#1815,.T.);
#1815 = EDGE_LOOP('',(#1816,#1817));
#1816 = ORIENTED_EDGE('',*,*,#1619,.F.);
#1817 = ORIENTED_EDGE('',*,*,#1818,.T.);
#1818 = EDGE_CURVE('',#1620,#1622,#1819,.T.);
#1819 = SURFACE_CURVE('',#1820,(#1825,#1855),.PCURVE_S1.);
#1820 = CIRCLE('',#1821,0.65);
#1821 = AXIS2_PLACEMENT_3D('',#1822,#1823,#1824);
#1822 = CARTESIAN_POINT('',(-21.2,-123.8,42.));
#1823 = DIRECTION('',(2.796374243275E-15,0.640184399664,-0.768221279597)
  );
#1824 = DIRECTION('',(0.127000127,0.762000762001,0.635000635001));
#1825 = PCURVE('',#1638,#1826);
#1826 = DEFINITIONAL_REPRESENTATION('',(#1827),#1854);
#1827 = B_SPLINE_CURVE_WITH_KNOTS('',8,(#1828,#1829,#1830,#1831,#1832,
    #1833,#1834,#1835,#1836,#1837,#1838,#1839,#1840,#1841,#1842,#1843,
    #1844,#1845,#1846,#1847,#1848,#1849,#1850,#1851,#1852,#1853),
  .UNSPECIFIED.,.F.,.F.,(9,7,3,7,9),(0.,0.72172614983,1.44345229966,
    2.292522476625,3.14159265359),.UNSPECIFIED.);
#1828 = CARTESIAN_POINT('',(7.68883295656,0.68800934203));
#1829 = CARTESIAN_POINT('',(7.572699125637,0.678514523277));
#1830 = CARTESIAN_POINT('',(7.458636766698,0.661459629373));
#1831 = CARTESIAN_POINT('',(7.348474249831,0.637189717582));
#1832 = CARTESIAN_POINT('',(7.243624923272,0.606448719977));
#1833 = CARTESIAN_POINT('',(7.144504695461,0.570171443452));
#1834 = CARTESIAN_POINT('',(7.050829780732,0.529277150259));
#1835 = CARTESIAN_POINT('',(6.96211739466,0.484551937763));
#1836 = CARTESIAN_POINT('',(6.79330697542,0.388862334458));
#1837 = CARTESIAN_POINT('',(6.713210365113,0.337896902227));
#1838 = CARTESIAN_POINT('',(6.636775656379,0.284516832765));
#1839 = CARTESIAN_POINT('',(6.476700804169,0.164400681263));
#1840 = CARTESIAN_POINT('',(6.326707676756,3.814219710023E-02));
#1841 = CARTESIAN_POINT('',(6.179391710585,-8.961214804881E-02));
#1842 = CARTESIAN_POINT('',(6.027637721836,-0.214834577347));
#1843 = CARTESIAN_POINT('',(5.864006214887,-0.332776452423));
#1844 = CARTESIAN_POINT('',(5.770811568423,-0.39350793959));
#1845 = CARTESIAN_POINT('',(5.671590859694,-0.450110403654));
#1846 = CARTESIAN_POINT('',(5.459554079554,-0.552487170715));
#1847 = CARTESIAN_POINT('',(5.346741553307,-0.598262688066));
#1848 = CARTESIAN_POINT('',(5.226333872139,-0.637337627304));
#1849 = CARTESIAN_POINT('',(5.098203652185,-0.668291112269));
#1850 = CARTESIAN_POINT('',(4.962752159126,-0.689558404321));
#1851 = CARTESIAN_POINT('',(4.823355112337,-0.699883672292));
#1852 = CARTESIAN_POINT('',(4.683865215891,-0.699179461668));
#1853 = CARTESIAN_POINT('',(4.54724030297,-0.68800934203));
#1854 = ( GEOMETRIC_REPRESENTATION_CONTEXT(2) 
PARAMETRIC_REPRESENTATION_CONTEXT() REPRESENTATION_CONTEXT('2D SPACE',''
  ) );
#1855 = PCURVE('',#1713,#1856);
#1856 = DEFINITIONAL_REPRESENTATION('',(#1857),#1861);
#1857 = LINE('',#1858,#1859);
#1858 = CARTESIAN_POINT('',(6.155841280045,0.));
#1859 = VECTOR('',#1860,1.);
#1860 = DIRECTION('',(-1.,-0.));
#1861 = ( GEOMETRIC_REPRESENTATION_CONTEXT(2) 
PARAMETRIC_REPRESENTATION_CONTEXT() REPRESENTATION_CONTEXT('2D SPACE',''
  ) );
#1862 = ADVANCED_FACE('',(#1863),#1713,.T.);
#1863 = FACE_BOUND('',#1864,.T.);
#1864 = EDGE_LOOP('',(#1865,#1923,#1960,#1981,#1982,#1983,#1984,#1985,
    #1986));
#1865 = ORIENTED_EDGE('',*,*,#1866,.F.);
#1866 = EDGE_CURVE('',#1867,#1869,#1871,.T.);
#1867 = VERTEX_POINT('',#1868);
#1868 = CARTESIAN_POINT('',(-21.85,-127.8,46.8));
#1869 = VERTEX_POINT('',#1870);
#1870 = CARTESIAN_POINT('',(-20.55,-127.8,46.8));
#1871 = SURFACE_CURVE('',#1872,(#1877,#1884),.PCURVE_S1.);
#1872 = CIRCLE('',#1873,0.65);
#1873 = AXIS2_PLACEMENT_3D('',#1874,#1875,#1876);
#1874 = CARTESIAN_POINT('',(-21.2,-127.8,46.8));
#1875 = DIRECTION('',(0.,-0.640184399664,0.768221279597));
#1876 = DIRECTION('',(0.,0.768221279597,0.640184399664));
#1877 = PCURVE('',#1713,#1878);
#1878 = DEFINITIONAL_REPRESENTATION('',(#1879),#1883);
#1879 = LINE('',#1880,#1881);
#1880 = CARTESIAN_POINT('',(0.,6.248199740725));
#1881 = VECTOR('',#1882,1.);
#1882 = DIRECTION('',(1.,0.));
#1883 = ( GEOMETRIC_REPRESENTATION_CONTEXT(2) 
PARAMETRIC_REPRESENTATION_CONTEXT() REPRESENTATION_CONTEXT('2D SPACE',''
  ) );
#1884 = PCURVE('',#1885,#1890);
#1885 = SPHERICAL_SURFACE('',#1886,0.65);
#1886 = AXIS2_PLACEMENT_3D('',#1887,#1888,#1889);
#1887 = CARTESIAN_POINT('',(-21.2,-127.8,46.8));
#1888 = DIRECTION('',(0.,0.,1.));
#1889 = DIRECTION('',(1.,0.,-0.));
#1890 = DEFINITIONAL_REPRESENTATION('',(#1891),#1922);
#1891 = B_SPLINE_CURVE_WITH_KNOTS('',8,(#1892,#1893,#1894,#1895,#1896,
    #1897,#1898,#1899,#1900,#1901,#1902,#1903,#1904,#1905,#1906,#1907,
    #1908,#1909,#1910,#1911,#1912,#1913,#1914,#1915,#1916,#1917,#1918,
    #1919,#1920,#1921),.UNSPECIFIED.,.F.,.F.,(9,7,7,7,9),(1.570796326795
    ,2.356194490192,2.94524311274,3.828816046563,4.712388980385),
  .UNSPECIFIED.);
#1892 = CARTESIAN_POINT('',(3.14159265359,0.));
#1893 = CARTESIAN_POINT('',(3.21701260135,-6.284995646652E-02));
#1894 = CARTESIAN_POINT('',(3.292432797151,-0.125699720222));
#1895 = CARTESIAN_POINT('',(3.368759489364,-0.188005787953));
#1896 = CARTESIAN_POINT('',(3.446905564068,-0.249219950195));
#1897 = CARTESIAN_POINT('',(3.527796891579,-0.308757019064));
#1898 = CARTESIAN_POINT('',(3.612423905208,-0.365934756058));
#1899 = CARTESIAN_POINT('',(3.701795677057,-0.419926527595));
#1900 = CARTESIAN_POINT('',(3.867797314652,-0.507147732176));
#1901 = CARTESIAN_POINT('',(3.942026510266,-0.542193589746));
#1902 = CARTESIAN_POINT('',(4.019655821855,-0.574497068861));
#1903 = CARTESIAN_POINT('',(4.100904894767,-0.603613509857));
#1904 = CARTESIAN_POINT('',(4.18585745614,-0.629054840044));
#1905 = CARTESIAN_POINT('',(4.274305336456,-0.650330251192));
#1906 = CARTESIAN_POINT('',(4.365649163607,-0.667015308717));
#1907 = CARTESIAN_POINT('',(4.599094494943,-0.696553971143));
#1908 = CARTESIAN_POINT('',(4.743738318609,-0.703318246751));
#1909 = CARTESIAN_POINT('',(4.890056481005,-0.698192646583));
#1910 = CARTESIAN_POINT('',(5.033837489995,-0.680862801245));
#1911 = CARTESIAN_POINT('',(5.170280503789,-0.652439216536));
#1912 = CARTESIAN_POINT('',(5.298513080059,-0.614719433543));
#1913 = CARTESIAN_POINT('',(5.418424967886,-0.569303694026));
#1914 = CARTESIAN_POINT('',(5.643155313748,-0.466064985392));
#1915 = CARTESIAN_POINT('',(5.747970246432,-0.408239828898));
#1916 = CARTESIAN_POINT('',(5.845976500046,-0.345693247134));
#1917 = CARTESIAN_POINT('',(5.938621304366,-0.279719727354));
#1918 = CARTESIAN_POINT('',(6.02735219296,-0.21134500374));
#1919 = CARTESIAN_POINT('',(6.113489949722,-0.141411824167));
#1920 = CARTESIAN_POINT('',(6.19833786595,-7.070620102484E-02));
#1921 = CARTESIAN_POINT('',(6.28318530718,0.));
#1922 = ( GEOMETRIC_REPRESENTATION_CONTEXT(2) 
PARAMETRIC_REPRESENTATION_CONTEXT() REPRESENTATION_CONTEXT('2D SPACE',''
  ) );
#1923 = ORIENTED_EDGE('',*,*,#1924,.F.);
#1924 = EDGE_CURVE('',#1925,#1867,#1927,.T.);
#1925 = VERTEX_POINT('',#1926);
#1926 = CARTESIAN_POINT('',(-21.2,-127.2221399881,47.121900443707));
#1927 = SURFACE_CURVE('',#1928,(#1933,#1944),.PCURVE_S1.);
#1928 = ELLIPSE('',#1929,0.661469643217,0.65);
#1929 = AXIS2_PLACEMENT_3D('',#1930,#1931,#1932);
#1930 = CARTESIAN_POINT('',(-21.2,-127.8,46.8));
#1931 = DIRECTION('',(0.,-0.486644318463,0.87360019878));
#1932 = DIRECTION('',(0.,-0.87360019878,-0.486644318463));
#1933 = PCURVE('',#1713,#1934);
#1934 = DEFINITIONAL_REPRESENTATION('',(#1935),#1943);
#1935 = B_SPLINE_CURVE_WITH_KNOTS('',6,(#1936,#1937,#1938,#1939,#1940,
    #1941,#1942),.UNSPECIFIED.,.F.,.F.,(7,7),(3.14159265359,
    4.712388980385),.PIECEWISE_BEZIER_KNOTS.);
#1936 = CARTESIAN_POINT('',(0.,6.125553546748));
#1937 = CARTESIAN_POINT('',(0.261799387799,6.125553546748));
#1938 = CARTESIAN_POINT('',(0.523598775598,6.135638667474));
#1939 = CARTESIAN_POINT('',(0.785398163397,6.155823900663));
#1940 = CARTESIAN_POINT('',(1.047197551197,6.183984796327));
#1941 = CARTESIAN_POINT('',(1.308996938996,6.216091042226));
#1942 = CARTESIAN_POINT('',(1.570796326795,6.248199740725));
#1943 = ( GEOMETRIC_REPRESENTATION_CONTEXT(2) 
PARAMETRIC_REPRESENTATION_CONTEXT() REPRESENTATION_CONTEXT('2D SPACE',''
  ) );
#1944 = PCURVE('',#1945,#1950);
#1945 = CYLINDRICAL_SURFACE('',#1946,0.65);
#1946 = AXIS2_PLACEMENT_3D('',#1947,#1948,#1949);
#1947 = CARTESIAN_POINT('',(-21.2,-127.8,46.8));
#1948 = DIRECTION('',(0.,-0.316227766017,0.948683298051));
#1949 = DIRECTION('',(0.,0.948683298051,0.316227766017));
#1950 = DEFINITIONAL_REPRESENTATION('',(#1951),#1959);
#1951 = B_SPLINE_CURVE_WITH_KNOTS('',6,(#1952,#1953,#1954,#1955,#1956,
    #1957,#1958),.UNSPECIFIED.,.F.,.F.,(7,7),(3.14159265359,
    4.712388980385),.PIECEWISE_BEZIER_KNOTS.);
#1952 = CARTESIAN_POINT('',(0.,0.122646193977));
#1953 = CARTESIAN_POINT('',(0.261799387799,0.122646193977));
#1954 = CARTESIAN_POINT('',(0.523598775598,0.112561073251));
#1955 = CARTESIAN_POINT('',(0.785398163398,9.237584006195E-02));
#1956 = CARTESIAN_POINT('',(1.047197551197,6.421494439807E-02));
#1957 = CARTESIAN_POINT('',(1.308996938996,3.210869849919E-02));
#1958 = CARTESIAN_POINT('',(1.570796326795,0.));
#1959 = ( GEOMETRIC_REPRESENTATION_CONTEXT(2) 
PARAMETRIC_REPRESENTATION_CONTEXT() REPRESENTATION_CONTEXT('2D SPACE',''
  ) );
#1960 = ORIENTED_EDGE('',*,*,#1961,.F.);
#1961 = EDGE_CURVE('',#1755,#1925,#1962,.T.);
#1962 = SEAM_CURVE('',#1963,(#1967,#1974),.PCURVE_S1.);
#1963 = LINE('',#1964,#1965);
#1964 = CARTESIAN_POINT('',(-21.2,-123.3006561682,42.416119859782));
#1965 = VECTOR('',#1966,1.);
#1966 = DIRECTION('',(2.465190328816E-32,-0.640184399664,0.768221279597)
  );
#1967 = PCURVE('',#1713,#1968);
#1968 = DEFINITIONAL_REPRESENTATION('',(#1969),#1973);
#1969 = LINE('',#1970,#1971);
#1970 = CARTESIAN_POINT('',(0.,-0.));
#1971 = VECTOR('',#1972,1.);
#1972 = DIRECTION('',(0.,1.));
#1973 = ( GEOMETRIC_REPRESENTATION_CONTEXT(2) 
PARAMETRIC_REPRESENTATION_CONTEXT() REPRESENTATION_CONTEXT('2D SPACE',''
  ) );
#1974 = PCURVE('',#1713,#1975);
#1975 = DEFINITIONAL_REPRESENTATION('',(#1976),#1980);
#1976 = LINE('',#1977,#1978);
#1977 = CARTESIAN_POINT('',(6.28318530718,-0.));
#1978 = VECTOR('',#1979,1.);
#1979 = DIRECTION('',(0.,1.));
#1980 = ( GEOMETRIC_REPRESENTATION_CONTEXT(2) 
PARAMETRIC_REPRESENTATION_CONTEXT() REPRESENTATION_CONTEXT('2D SPACE',''
  ) );
#1981 = ORIENTED_EDGE('',*,*,#1754,.T.);
#1982 = ORIENTED_EDGE('',*,*,#1691,.T.);
#1983 = ORIENTED_EDGE('',*,*,#1818,.F.);
#1984 = ORIENTED_EDGE('',*,*,#1786,.T.);
#1985 = ORIENTED_EDGE('',*,*,#1961,.T.);
#1986 = ORIENTED_EDGE('',*,*,#1987,.F.);
#1987 = EDGE_CURVE('',#1869,#1925,#1988,.T.);
#1988 = SURFACE_CURVE('',#1989,(#1994,#2005),.PCURVE_S1.);
#1989 = ELLIPSE('',#1990,0.661469643217,0.65);
#1990 = AXIS2_PLACEMENT_3D('',#1991,#1992,#1993);
#1991 = CARTESIAN_POINT('',(-21.2,-127.8,46.8));
#1992 = DIRECTION('',(0.,-0.486644318463,0.87360019878));
#1993 = DIRECTION('',(0.,-0.87360019878,-0.486644318463));
#1994 = PCURVE('',#1713,#1995);
#1995 = DEFINITIONAL_REPRESENTATION('',(#1996),#2004);
#1996 = B_SPLINE_CURVE_WITH_KNOTS('',6,(#1997,#1998,#1999,#2000,#2001,
    #2002,#2003),.UNSPECIFIED.,.F.,.F.,(7,7),(1.570796326795,
    3.14159265359),.PIECEWISE_BEZIER_KNOTS.);
#1997 = CARTESIAN_POINT('',(4.712388980385,6.248199740725));
#1998 = CARTESIAN_POINT('',(4.974188368184,6.216091042226));
#1999 = CARTESIAN_POINT('',(5.235987755983,6.183984796327));
#2000 = CARTESIAN_POINT('',(5.497787143782,6.155823900663));
#2001 = CARTESIAN_POINT('',(5.759586531581,6.135638667474));
#2002 = CARTESIAN_POINT('',(6.02138591938,6.125553546748));
#2003 = CARTESIAN_POINT('',(6.28318530718,6.125553546748));
#2004 = ( GEOMETRIC_REPRESENTATION_CONTEXT(2) 
PARAMETRIC_REPRESENTATION_CONTEXT() REPRESENTATION_CONTEXT('2D SPACE',''
  ) );
#2005 = PCURVE('',#1945,#2006);
#2006 = DEFINITIONAL_REPRESENTATION('',(#2007),#2015);
#2007 = B_SPLINE_CURVE_WITH_KNOTS('',6,(#2008,#2009,#2010,#2011,#2012,
    #2013,#2014),.UNSPECIFIED.,.F.,.F.,(7,7),(1.570796326795,
    3.14159265359),.PIECEWISE_BEZIER_KNOTS.);
#2008 = CARTESIAN_POINT('',(4.712388980385,0.));
#2009 = CARTESIAN_POINT('',(4.974188368184,3.210869849919E-02));
#2010 = CARTESIAN_POINT('',(5.235987755983,6.421494439807E-02));
#2011 = CARTESIAN_POINT('',(5.497787143782,9.237584006195E-02));
#2012 = CARTESIAN_POINT('',(5.759586531581,0.112561073251));
#2013 = CARTESIAN_POINT('',(6.02138591938,0.122646193977));
#2014 = CARTESIAN_POINT('',(6.28318530718,0.122646193977));
#2015 = ( GEOMETRIC_REPRESENTATION_CONTEXT(2) 
PARAMETRIC_REPRESENTATION_CONTEXT() REPRESENTATION_CONTEXT('2D SPACE',''
  ) );
#2016 = ADVANCED_FACE('',(#2017),#1885,.T.);
#2017 = FACE_BOUND('',#2018,.T.);
#2018 = EDGE_LOOP('',(#2019,#2020));
#2019 = ORIENTED_EDGE('',*,*,#1866,.T.);
#2020 = ORIENTED_EDGE('',*,*,#2021,.F.);
#2021 = EDGE_CURVE('',#1867,#1869,#2022,.T.);
#2022 = SURFACE_CURVE('',#2023,(#2028,#2055),.PCURVE_S1.);
#2023 = CIRCLE('',#2024,0.65);
#2024 = AXIS2_PLACEMENT_3D('',#2025,#2026,#2027);
#2025 = CARTESIAN_POINT('',(-21.2,-127.8,46.8));
#2026 = DIRECTION('',(0.,-0.316227766017,0.948683298051));
#2027 = DIRECTION('',(0.,0.948683298051,0.316227766017));
#2028 = PCURVE('',#1885,#2029);
#2029 = DEFINITIONAL_REPRESENTATION('',(#2030),#2054);
#2030 = B_SPLINE_CURVE_WITH_KNOTS('',8,(#2031,#2032,#2033,#2034,#2035,
    #2036,#2037,#2038,#2039,#2040,#2041,#2042,#2043,#2044,#2045,#2046,
    #2047,#2048,#2049,#2050,#2051,#2052,#2053),.UNSPECIFIED.,.F.,.F.,(9,
    7,7,9),(1.570796326795,2.356194490192,3.534291735289,4.712388980385)
  ,.UNSPECIFIED.);
#2031 = CARTESIAN_POINT('',(3.14159265359,0.));
#2032 = CARTESIAN_POINT('',(3.234729418582,-3.104558833061E-02));
#2033 = CARTESIAN_POINT('',(3.327866316281,-6.209131356605E-02));
#2034 = CARTESIAN_POINT('',(3.421276350053,-9.272612181844E-02));
#2035 = CARTESIAN_POINT('',(3.515233835246,-0.122540930623));
#2036 = CARTESIAN_POINT('',(3.609989005439,-0.151125770485));
#2037 = CARTESIAN_POINT('',(3.705743132842,-0.178073567767));
#2038 = CARTESIAN_POINT('',(3.802624162865,-0.202990568894));
#2039 = CARTESIAN_POINT('',(4.047720912844,-0.259297661405));
#2040 = CARTESIAN_POINT('',(4.197384492819,-0.287695515879));
#2041 = CARTESIAN_POINT('',(4.349758998527,-0.309480293882));
#2042 = CARTESIAN_POINT('',(4.504485855017,-0.323596321343));
#2043 = CARTESIAN_POINT('',(4.660593632541,-0.329258121257));
#2044 = CARTESIAN_POINT('',(4.816587164231,-0.326298549902));
#2045 = CARTESIAN_POINT('',(4.971317544357,-0.315114733594));
#2046 = CARTESIAN_POINT('',(5.276802621686,-0.277846860506));
#2047 = CARTESIAN_POINT('',(5.427558612416,-0.25176370826));
#2048 = CARTESIAN_POINT('',(5.575602929643,-0.219001741103));
#2049 = CARTESIAN_POINT('',(5.720677123658,-0.180736007058));
#2050 = CARTESIAN_POINT('',(5.863142636373,-0.138318067372));
#2051 = CARTESIAN_POINT('',(6.003776026928,-9.313736057841E-02));
#2052 = CARTESIAN_POINT('',(6.143480159692,-4.656838249592E-02));
#2053 = CARTESIAN_POINT('',(6.28318530718,0.));
#2054 = ( GEOMETRIC_REPRESENTATION_CONTEXT(2) 
PARAMETRIC_REPRESENTATION_CONTEXT() REPRESENTATION_CONTEXT('2D SPACE',''
  ) );
#2055 = PCURVE('',#1945,#2056);
#2056 = DEFINITIONAL_REPRESENTATION('',(#2057),#2061);
#2057 = LINE('',#2058,#2059);
#2058 = CARTESIAN_POINT('',(0.,0.));
#2059 = VECTOR('',#2060,1.);
#2060 = DIRECTION('',(1.,0.));
#2061 = ( GEOMETRIC_REPRESENTATION_CONTEXT(2) 
PARAMETRIC_REPRESENTATION_CONTEXT() REPRESENTATION_CONTEXT('2D SPACE',''
  ) );
#2062 = ADVANCED_FACE('',(#2063),#1945,.T.);
#2063 = FACE_BOUND('',#2064,.T.);
#2064 = EDGE_LOOP('',(#2065,#2104,#2153,#2183,#2204,#2205,#2206,#2207));
#2065 = ORIENTED_EDGE('',*,*,#2066,.F.);
#2066 = EDGE_CURVE('',#2067,#2069,#2071,.T.);
#2067 = VERTEX_POINT('',#2068);
#2068 = CARTESIAN_POINT('',(-20.55,-128.6,49.2));
#2069 = VERTEX_POINT('',#2070);
#2070 = CARTESIAN_POINT('',(-21.2,-127.95,49.305480479114));
#2071 = SURFACE_CURVE('',#2072,(#2077,#2088),.PCURVE_S1.);
#2072 = ELLIPSE('',#2073,0.658502947202,0.65);
#2073 = AXIS2_PLACEMENT_3D('',#2074,#2075,#2076);
#2074 = CARTESIAN_POINT('',(-21.2,-128.6,49.2));
#2075 = DIRECTION('',(0.,-0.160182243007,0.987087457637));
#2076 = DIRECTION('',(0.,-0.987087457637,-0.160182243007));
#2077 = PCURVE('',#1945,#2078);
#2078 = DEFINITIONAL_REPRESENTATION('',(#2079),#2087);
#2079 = B_SPLINE_CURVE_WITH_KNOTS('',6,(#2080,#2081,#2082,#2083,#2084,
    #2085,#2086),.UNSPECIFIED.,.F.,.F.,(7,7),(1.570802197372,
    3.14159265359),.PIECEWISE_BEZIER_KNOTS.);
#2080 = CARTESIAN_POINT('',(4.712394850962,2.529821508903));
#2081 = CARTESIAN_POINT('',(4.974193260331,2.502206887254));
#2082 = CARTESIAN_POINT('',(5.235991669701,2.474594425804));
#2083 = CARTESIAN_POINT('',(5.497790079071,2.450375131554));
#2084 = CARTESIAN_POINT('',(5.75958848844,2.433015178835));
#2085 = CARTESIAN_POINT('',(6.02138689781,2.424341649025));
#2086 = CARTESIAN_POINT('',(6.28318530718,2.424341649025));
#2087 = ( GEOMETRIC_REPRESENTATION_CONTEXT(2) 
PARAMETRIC_REPRESENTATION_CONTEXT() REPRESENTATION_CONTEXT('2D SPACE',''
  ) );
#2088 = PCURVE('',#2089,#2094);
#2089 = CYLINDRICAL_SURFACE('',#2090,0.65);
#2090 = AXIS2_PLACEMENT_3D('',#2091,#2092,#2093);
#2091 = CARTESIAN_POINT('',(-21.2,-128.6,49.2));
#2092 = DIRECTION('',(0.,0.,1.));
#2093 = DIRECTION('',(1.,0.,-0.));
#2094 = DEFINITIONAL_REPRESENTATION('',(#2095),#2103);
#2095 = B_SPLINE_CURVE_WITH_KNOTS('',6,(#2096,#2097,#2098,#2099,#2100,
    #2101,#2102),.UNSPECIFIED.,.F.,.F.,(7,7),(1.570802197372,
    3.14159265359),.PIECEWISE_BEZIER_KNOTS.);
#2096 = CARTESIAN_POINT('',(5.870576798734E-06,6.192312582698E-07));
#2097 = CARTESIAN_POINT('',(0.261804279946,2.761524088119E-02));
#2098 = CARTESIAN_POINT('',(0.523602689316,5.522770233105E-02));
#2099 = CARTESIAN_POINT('',(0.785401098686,7.944699658078E-02));
#2100 = CARTESIAN_POINT('',(1.047199508056,9.68069492995E-02));
#2101 = CARTESIAN_POINT('',(1.308997917425,0.105480479109));
#2102 = CARTESIAN_POINT('',(1.570796326795,0.105480479109));
#2103 = ( GEOMETRIC_REPRESENTATION_CONTEXT(2) 
PARAMETRIC_REPRESENTATION_CONTEXT() REPRESENTATION_CONTEXT('2D SPACE',''
  ) );
#2104 = ORIENTED_EDGE('',*,*,#2105,.F.);
#2105 = EDGE_CURVE('',#2106,#2067,#2108,.T.);
#2106 = VERTEX_POINT('',#2107);
#2107 = CARTESIAN_POINT('',(-21.85,-128.6,49.2));
#2108 = SURFACE_CURVE('',#2109,(#2114,#2121),.PCURVE_S1.);
#2109 = CIRCLE('',#2110,0.65);
#2110 = AXIS2_PLACEMENT_3D('',#2111,#2112,#2113);
#2111 = CARTESIAN_POINT('',(-21.2,-128.6,49.2));
#2112 = DIRECTION('',(0.,-0.316227766017,0.948683298051));
#2113 = DIRECTION('',(0.,0.948683298051,0.316227766017));
#2114 = PCURVE('',#1945,#2115);
#2115 = DEFINITIONAL_REPRESENTATION('',(#2116),#2120);
#2116 = LINE('',#2117,#2118);
#2117 = CARTESIAN_POINT('',(0.,2.529822128135));
#2118 = VECTOR('',#2119,1.);
#2119 = DIRECTION('',(1.,0.));
#2120 = ( GEOMETRIC_REPRESENTATION_CONTEXT(2) 
PARAMETRIC_REPRESENTATION_CONTEXT() REPRESENTATION_CONTEXT('2D SPACE',''
  ) );
#2121 = PCURVE('',#2122,#2127);
#2122 = SPHERICAL_SURFACE('',#2123,0.65);
#2123 = AXIS2_PLACEMENT_3D('',#2124,#2125,#2126);
#2124 = CARTESIAN_POINT('',(-21.2,-128.6,49.2));
#2125 = DIRECTION('',(0.,0.,1.));
#2126 = DIRECTION('',(1.,0.,-0.));
#2127 = DEFINITIONAL_REPRESENTATION('',(#2128),#2152);
#2128 = B_SPLINE_CURVE_WITH_KNOTS('',8,(#2129,#2130,#2131,#2132,#2133,
    #2134,#2135,#2136,#2137,#2138,#2139,#2140,#2141,#2142,#2143,#2144,
    #2145,#2146,#2147,#2148,#2149,#2150,#2151),.UNSPECIFIED.,.F.,.F.,(9,
    7,7,9),(1.570796326795,2.356194490192,3.534291735289,4.712388980385)
  ,.UNSPECIFIED.);
#2129 = CARTESIAN_POINT('',(3.14159265359,0.));
#2130 = CARTESIAN_POINT('',(3.234729418582,-3.104558833061E-02));
#2131 = CARTESIAN_POINT('',(3.327866316281,-6.209131356606E-02));
#2132 = CARTESIAN_POINT('',(3.421276350053,-9.272612181844E-02));
#2133 = CARTESIAN_POINT('',(3.515233835246,-0.122540930623));
#2134 = CARTESIAN_POINT('',(3.609989005439,-0.151125770485));
#2135 = CARTESIAN_POINT('',(3.705743132842,-0.178073567767));
#2136 = CARTESIAN_POINT('',(3.802624162865,-0.202990568894));
#2137 = CARTESIAN_POINT('',(4.047720912844,-0.259297661405));
#2138 = CARTESIAN_POINT('',(4.197384492821,-0.287695515879));
#2139 = CARTESIAN_POINT('',(4.349758998529,-0.309480293879));
#2140 = CARTESIAN_POINT('',(4.504485855017,-0.323596321346));
#2141 = CARTESIAN_POINT('',(4.660593632529,-0.329258121255));
#2142 = CARTESIAN_POINT('',(4.816587164232,-0.326298549902));
#2143 = CARTESIAN_POINT('',(4.971317544357,-0.315114733594));
#2144 = CARTESIAN_POINT('',(5.276802621686,-0.277846860506));
#2145 = CARTESIAN_POINT('',(5.427558612416,-0.25176370826));
#2146 = CARTESIAN_POINT('',(5.575602929641,-0.219001741103));
#2147 = CARTESIAN_POINT('',(5.720677123657,-0.180736007058));
#2148 = CARTESIAN_POINT('',(5.863142636374,-0.138318067372));
#2149 = CARTESIAN_POINT('',(6.003776026927,-9.313736057838E-02));
#2150 = CARTESIAN_POINT('',(6.143480159692,-4.656838249592E-02));
#2151 = CARTESIAN_POINT('',(6.28318530718,0.));
#2152 = ( GEOMETRIC_REPRESENTATION_CONTEXT(2) 
PARAMETRIC_REPRESENTATION_CONTEXT() REPRESENTATION_CONTEXT('2D SPACE',''
  ) );
#2153 = ORIENTED_EDGE('',*,*,#2154,.F.);
#2154 = EDGE_CURVE('',#2069,#2106,#2155,.T.);
#2155 = SURFACE_CURVE('',#2156,(#2161,#2172),.PCURVE_S1.);
#2156 = ELLIPSE('',#2157,0.658502947202,0.65);
#2157 = AXIS2_PLACEMENT_3D('',#2158,#2159,#2160);
#2158 = CARTESIAN_POINT('',(-21.2,-128.6,49.2));
#2159 = DIRECTION('',(0.,-0.160182243007,0.987087457637));
#2160 = DIRECTION('',(0.,-0.987087457637,-0.160182243007));
#2161 = PCURVE('',#1945,#2162);
#2162 = DEFINITIONAL_REPRESENTATION('',(#2163),#2171);
#2163 = B_SPLINE_CURVE_WITH_KNOTS('',6,(#2164,#2165,#2166,#2167,#2168,
    #2169,#2170),.UNSPECIFIED.,.F.,.F.,(7,7),(3.14159265359,
    4.712388980385),.PIECEWISE_BEZIER_KNOTS.);
#2164 = CARTESIAN_POINT('',(0.,2.424341649025));
#2165 = CARTESIAN_POINT('',(0.261799387799,2.424341649025));
#2166 = CARTESIAN_POINT('',(0.523598775598,2.433015243628));
#2167 = CARTESIAN_POINT('',(0.785398163397,2.450375326307));
#2168 = CARTESIAN_POINT('',(1.047197551197,2.474594787755));
#2169 = CARTESIAN_POINT('',(1.308996938996,2.502207403279));
#2170 = CARTESIAN_POINT('',(1.570796326795,2.529822128135));
#2171 = ( GEOMETRIC_REPRESENTATION_CONTEXT(2) 
PARAMETRIC_REPRESENTATION_CONTEXT() REPRESENTATION_CONTEXT('2D SPACE',''
  ) );
#2172 = PCURVE('',#2089,#2173);
#2173 = DEFINITIONAL_REPRESENTATION('',(#2174),#2182);
#2174 = B_SPLINE_CURVE_WITH_KNOTS('',6,(#2175,#2176,#2177,#2178,#2179,
    #2180,#2181),.UNSPECIFIED.,.F.,.F.,(7,7),(3.14159265359,
    4.712388980385),.PIECEWISE_BEZIER_KNOTS.);
#2175 = CARTESIAN_POINT('',(1.570796326795,0.105480479109));
#2176 = CARTESIAN_POINT('',(1.832595714594,0.105480479109));
#2177 = CARTESIAN_POINT('',(2.094395102393,9.680688450696E-02));
#2178 = CARTESIAN_POINT('',(2.356194490192,7.9446801828E-02));
#2179 = CARTESIAN_POINT('',(2.617993877992,5.52273403799E-02));
#2180 = CARTESIAN_POINT('',(2.879793265791,2.761472485561E-02));
#2181 = CARTESIAN_POINT('',(3.14159265359,0.));
#2182 = ( GEOMETRIC_REPRESENTATION_CONTEXT(2) 
PARAMETRIC_REPRESENTATION_CONTEXT() REPRESENTATION_CONTEXT('2D SPACE',''
  ) );
#2183 = ORIENTED_EDGE('',*,*,#2184,.F.);
#2184 = EDGE_CURVE('',#1925,#2069,#2185,.T.);
#2185 = SEAM_CURVE('',#2186,(#2190,#2197),.PCURVE_S1.);
#2186 = LINE('',#2187,#2188);
#2187 = CARTESIAN_POINT('',(-21.2,-127.1833558562,47.005548047911));
#2188 = VECTOR('',#2189,1.);
#2189 = DIRECTION('',(-1.232595164408E-32,-0.316227766017,0.948683298051
    ));
#2190 = PCURVE('',#1945,#2191);
#2191 = DEFINITIONAL_REPRESENTATION('',(#2192),#2196);
#2192 = LINE('',#2193,#2194);
#2193 = CARTESIAN_POINT('',(6.28318530718,-0.));
#2194 = VECTOR('',#2195,1.);
#2195 = DIRECTION('',(0.,1.));
#2196 = ( GEOMETRIC_REPRESENTATION_CONTEXT(2) 
PARAMETRIC_REPRESENTATION_CONTEXT() REPRESENTATION_CONTEXT('2D SPACE',''
  ) );
#2197 = PCURVE('',#1945,#2198);
#2198 = DEFINITIONAL_REPRESENTATION('',(#2199),#2203);
#2199 = LINE('',#2200,#2201);
#2200 = CARTESIAN_POINT('',(0.,-0.));
#2201 = VECTOR('',#2202,1.);
#2202 = DIRECTION('',(0.,1.));
#2203 = ( GEOMETRIC_REPRESENTATION_CONTEXT(2) 
PARAMETRIC_REPRESENTATION_CONTEXT() REPRESENTATION_CONTEXT('2D SPACE',''
  ) );
#2204 = ORIENTED_EDGE('',*,*,#1924,.T.);
#2205 = ORIENTED_EDGE('',*,*,#2021,.T.);
#2206 = ORIENTED_EDGE('',*,*,#1987,.T.);
#2207 = ORIENTED_EDGE('',*,*,#2184,.T.);
#2208 = ADVANCED_FACE('',(#2209),#2089,.T.);
#2209 = FACE_BOUND('',#2210,.T.);
#2210 = EDGE_LOOP('',(#2211,#2242,#2283,#2313,#2334,#2335,#2336,#2358,
    #2359));
#2211 = ORIENTED_EDGE('',*,*,#2212,.F.);
#2212 = EDGE_CURVE('',#2213,#2215,#2217,.T.);
#2213 = VERTEX_POINT('',#2214);
#2214 = CARTESIAN_POINT('',(-21.60605178091,-128.0924352738,61.2));
#2215 = VERTEX_POINT('',#2216);
#2216 = CARTESIAN_POINT('',(-20.79394821909,-129.1075647261,61.2));
#2217 = SURFACE_CURVE('',#2218,(#2223,#2230),.PCURVE_S1.);
#2218 = CIRCLE('',#2219,0.65);
#2219 = AXIS2_PLACEMENT_3D('',#2220,#2221,#2222);
#2220 = CARTESIAN_POINT('',(-21.2,-128.6,61.2));
#2221 = DIRECTION('',(0.,0.,1.));
#2222 = DIRECTION('',(1.,0.,-0.));
#2223 = PCURVE('',#2089,#2224);
#2224 = DEFINITIONAL_REPRESENTATION('',(#2225),#2229);
#2225 = LINE('',#2226,#2227);
#2226 = CARTESIAN_POINT('',(0.,12.));
#2227 = VECTOR('',#2228,1.);
#2228 = DIRECTION('',(1.,0.));
#2229 = ( GEOMETRIC_REPRESENTATION_CONTEXT(2) 
PARAMETRIC_REPRESENTATION_CONTEXT() REPRESENTATION_CONTEXT('2D SPACE',''
  ) );
#2230 = PCURVE('',#2231,#2236);
#2231 = SPHERICAL_SURFACE('',#2232,0.65);
#2232 = AXIS2_PLACEMENT_3D('',#2233,#2234,#2235);
#2233 = CARTESIAN_POINT('',(-21.2,-128.6,61.2));
#2234 = DIRECTION('',(0.,0.,1.));
#2235 = DIRECTION('',(1.,0.,-0.));
#2236 = DEFINITIONAL_REPRESENTATION('',(#2237),#2241);
#2237 = LINE('',#2238,#2239);
#2238 = CARTESIAN_POINT('',(0.,0.));
#2239 = VECTOR('',#2240,1.);
#2240 = DIRECTION('',(1.,0.));
#2241 = ( GEOMETRIC_REPRESENTATION_CONTEXT(2) 
PARAMETRIC_REPRESENTATION_CONTEXT() REPRESENTATION_CONTEXT('2D SPACE',''
  ) );
#2242 = ORIENTED_EDGE('',*,*,#2243,.F.);
#2243 = EDGE_CURVE('',#2244,#2213,#2246,.T.);
#2244 = VERTEX_POINT('',#2245);
#2245 = CARTESIAN_POINT('',(-20.55117467961,-128.5609397436,
    61.067180768932));
#2246 = SURFACE_CURVE('',#2247,(#2252,#2265),.PCURVE_S1.);
#2247 = ELLIPSE('',#2248,0.670021642195,0.65);
#2248 = AXIS2_PLACEMENT_3D('',#2249,#2250,#2251);
#2249 = CARTESIAN_POINT('',(-21.2,-128.6,61.2));
#2250 = DIRECTION('',(0.189465272485,0.151572217988,0.970117917192));
#2251 = DIRECTION('',(-0.757534823017,-0.606027858413,0.24263393568));
#2252 = PCURVE('',#2089,#2253);
#2253 = DEFINITIONAL_REPRESENTATION('',(#2254),#2264);
#2254 = B_SPLINE_CURVE_WITH_KNOTS('',8,(#2255,#2256,#2257,#2258,#2259,
    #2260,#2261,#2262,#2263),.UNSPECIFIED.,.F.,.F.,(9,9),(2.526980639403
    ,4.712388980385),.PIECEWISE_BEZIER_KNOTS.);
#2255 = CARTESIAN_POINT('',(6.012892803648E-02,11.867180768932));
#2256 = CARTESIAN_POINT('',(0.333304970659,11.841571985949));
#2257 = CARTESIAN_POINT('',(0.60648101328,11.827290886169));
#2258 = CARTESIAN_POINT('',(0.879657055906,11.82724889442));
#2259 = CARTESIAN_POINT('',(1.152833098522,11.842557360331));
#2260 = CARTESIAN_POINT('',(1.426009141152,11.871820060682));
#2261 = CARTESIAN_POINT('',(1.699185183772,11.911179445726));
#2262 = CARTESIAN_POINT('',(1.972361226396,11.955589774019));
#2263 = CARTESIAN_POINT('',(2.245537269018,12.));
#2264 = ( GEOMETRIC_REPRESENTATION_CONTEXT(2) 
PARAMETRIC_REPRESENTATION_CONTEXT() REPRESENTATION_CONTEXT('2D SPACE',''
  ) );
#2265 = PCURVE('',#2266,#2271);
#2266 = CYLINDRICAL_SURFACE('',#2267,0.65);
#2267 = AXIS2_PLACEMENT_3D('',#2268,#2269,#2270);
#2268 = CARTESIAN_POINT('',(-21.2,-128.6,61.2));
#2269 = DIRECTION('',(0.367607311047,0.294085848838,0.882257546513));
#2270 = DIRECTION('',(0.923076923077,-1.387778780781E-17,-0.384615384615
    ));
#2271 = DEFINITIONAL_REPRESENTATION('',(#2272),#2282);
#2272 = B_SPLINE_CURVE_WITH_KNOTS('',8,(#2273,#2274,#2275,#2276,#2277,
    #2278,#2279,#2280,#2281),.UNSPECIFIED.,.F.,.F.,(9,9),(2.526980639403
    ,4.712388980385),.PIECEWISE_BEZIER_KNOTS.);
#2273 = CARTESIAN_POINT('',(0.,0.132819231068));
#2274 = CARTESIAN_POINT('',(0.273176042623,0.158428014051));
#2275 = CARTESIAN_POINT('',(0.546352085244,0.172709113828));
#2276 = CARTESIAN_POINT('',(0.819528127874,0.172751105601));
#2277 = CARTESIAN_POINT('',(1.092704170482,0.15744263963));
#2278 = CARTESIAN_POINT('',(1.365880213119,0.12817993933));
#2279 = CARTESIAN_POINT('',(1.639056255735,8.882055426832E-02));
#2280 = CARTESIAN_POINT('',(1.912232298359,4.441022598114E-02));
#2281 = CARTESIAN_POINT('',(2.185408340982,0.));
#2282 = ( GEOMETRIC_REPRESENTATION_CONTEXT(2) 
PARAMETRIC_REPRESENTATION_CONTEXT() REPRESENTATION_CONTEXT('2D SPACE',''
  ) );
#2283 = ORIENTED_EDGE('',*,*,#2284,.F.);
#2284 = EDGE_CURVE('',#2285,#2244,#2287,.T.);
#2285 = VERTEX_POINT('',#2286);
#2286 = CARTESIAN_POINT('',(-20.55,-128.6,61.073054166976));
#2287 = SURFACE_CURVE('',#2288,(#2293,#2303),.PCURVE_S1.);
#2288 = ELLIPSE('',#2289,0.670021642195,0.65);
#2289 = AXIS2_PLACEMENT_3D('',#2290,#2291,#2292);
#2290 = CARTESIAN_POINT('',(-21.2,-128.6,61.2));
#2291 = DIRECTION('',(0.189465272485,0.151572217988,0.970117917192));
#2292 = DIRECTION('',(-0.757534823017,-0.606027858413,0.24263393568));
#2293 = PCURVE('',#2089,#2294);
#2294 = DEFINITIONAL_REPRESENTATION('',(#2295),#2302);
#2295 = B_SPLINE_CURVE_WITH_KNOTS('',5,(#2296,#2297,#2298,#2299,#2300,
    #2301),.UNSPECIFIED.,.F.,.F.,(6,6),(2.466851711369,2.526980639403),
  .PIECEWISE_BEZIER_KNOTS.);
#2296 = CARTESIAN_POINT('',(3.235702304384E-12,11.87305416699));
#2297 = CARTESIAN_POINT('',(1.202578560988E-02,11.871832868293));
#2298 = CARTESIAN_POINT('',(2.405157121655E-02,11.870634518152));
#2299 = CARTESIAN_POINT('',(3.607735682313E-02,11.869459484535));
#2300 = CARTESIAN_POINT('',(4.810314242983E-02,11.868308121575));
#2301 = CARTESIAN_POINT('',(6.012892803648E-02,11.867180768932));
#2302 = ( GEOMETRIC_REPRESENTATION_CONTEXT(2) 
PARAMETRIC_REPRESENTATION_CONTEXT() REPRESENTATION_CONTEXT('2D SPACE',''
  ) );
#2303 = PCURVE('',#2266,#2304);
#2304 = DEFINITIONAL_REPRESENTATION('',(#2305),#2312);
#2305 = B_SPLINE_CURVE_WITH_KNOTS('',5,(#2306,#2307,#2308,#2309,#2310,
    #2311),.UNSPECIFIED.,.F.,.F.,(6,6),(2.466851711369,2.526980639403),
  .PIECEWISE_BEZIER_KNOTS.);
#2306 = CARTESIAN_POINT('',(6.223056379146,0.12694583301));
#2307 = CARTESIAN_POINT('',(6.235082164753,0.128167131707));
#2308 = CARTESIAN_POINT('',(6.24710795036,0.129365481848));
#2309 = CARTESIAN_POINT('',(6.259133735966,0.130540515465));
#2310 = CARTESIAN_POINT('',(6.271159521573,0.131691878425));
#2311 = CARTESIAN_POINT('',(6.28318530718,0.132819231068));
#2312 = ( GEOMETRIC_REPRESENTATION_CONTEXT(2) 
PARAMETRIC_REPRESENTATION_CONTEXT() REPRESENTATION_CONTEXT('2D SPACE',''
  ) );
#2313 = ORIENTED_EDGE('',*,*,#2314,.F.);
#2314 = EDGE_CURVE('',#2067,#2285,#2315,.T.);
#2315 = SEAM_CURVE('',#2316,(#2320,#2327),.PCURVE_S1.);
#2316 = LINE('',#2317,#2318);
#2317 = CARTESIAN_POINT('',(-20.55,-128.6,49.2));
#2318 = VECTOR('',#2319,1.);
#2319 = DIRECTION('',(0.,0.,1.));
#2320 = PCURVE('',#2089,#2321);
#2321 = DEFINITIONAL_REPRESENTATION('',(#2322),#2326);
#2322 = LINE('',#2323,#2324);
#2323 = CARTESIAN_POINT('',(6.28318530718,-0.));
#2324 = VECTOR('',#2325,1.);
#2325 = DIRECTION('',(0.,1.));
#2326 = ( GEOMETRIC_REPRESENTATION_CONTEXT(2) 
PARAMETRIC_REPRESENTATION_CONTEXT() REPRESENTATION_CONTEXT('2D SPACE',''
  ) );
#2327 = PCURVE('',#2089,#2328);
#2328 = DEFINITIONAL_REPRESENTATION('',(#2329),#2333);
#2329 = LINE('',#2330,#2331);
#2330 = CARTESIAN_POINT('',(0.,-0.));
#2331 = VECTOR('',#2332,1.);
#2332 = DIRECTION('',(0.,1.));
#2333 = ( GEOMETRIC_REPRESENTATION_CONTEXT(2) 
PARAMETRIC_REPRESENTATION_CONTEXT() REPRESENTATION_CONTEXT('2D SPACE',''
  ) );
#2334 = ORIENTED_EDGE('',*,*,#2066,.T.);
#2335 = ORIENTED_EDGE('',*,*,#2154,.T.);
#2336 = ORIENTED_EDGE('',*,*,#2337,.T.);
#2337 = EDGE_CURVE('',#2106,#2067,#2338,.T.);
#2338 = SURFACE_CURVE('',#2339,(#2344,#2351),.PCURVE_S1.);
#2339 = CIRCLE('',#2340,0.65);
#2340 = AXIS2_PLACEMENT_3D('',#2341,#2342,#2343);
#2341 = CARTESIAN_POINT('',(-21.2,-128.6,49.2));
#2342 = DIRECTION('',(0.,0.,1.));
#2343 = DIRECTION('',(1.,0.,-0.));
#2344 = PCURVE('',#2089,#2345);
#2345 = DEFINITIONAL_REPRESENTATION('',(#2346),#2350);
#2346 = LINE('',#2347,#2348);
#2347 = CARTESIAN_POINT('',(0.,0.));
#2348 = VECTOR('',#2349,1.);
#2349 = DIRECTION('',(1.,0.));
#2350 = ( GEOMETRIC_REPRESENTATION_CONTEXT(2) 
PARAMETRIC_REPRESENTATION_CONTEXT() REPRESENTATION_CONTEXT('2D SPACE',''
  ) );
#2351 = PCURVE('',#2122,#2352);
#2352 = DEFINITIONAL_REPRESENTATION('',(#2353),#2357);
#2353 = LINE('',#2354,#2355);
#2354 = CARTESIAN_POINT('',(0.,0.));
#2355 = VECTOR('',#2356,1.);
#2356 = DIRECTION('',(1.,0.));
#2357 = ( GEOMETRIC_REPRESENTATION_CONTEXT(2) 
PARAMETRIC_REPRESENTATION_CONTEXT() REPRESENTATION_CONTEXT('2D SPACE',''
  ) );
#2358 = ORIENTED_EDGE('',*,*,#2314,.T.);
#2359 = ORIENTED_EDGE('',*,*,#2360,.F.);
#2360 = EDGE_CURVE('',#2215,#2285,#2361,.T.);
#2361 = SURFACE_CURVE('',#2362,(#2367,#2377),.PCURVE_S1.);
#2362 = ELLIPSE('',#2363,0.670021642195,0.65);
#2363 = AXIS2_PLACEMENT_3D('',#2364,#2365,#2366);
#2364 = CARTESIAN_POINT('',(-21.2,-128.6,61.2));
#2365 = DIRECTION('',(0.189465272485,0.151572217988,0.970117917192));
#2366 = DIRECTION('',(-0.757534823017,-0.606027858413,0.24263393568));
#2367 = PCURVE('',#2089,#2368);
#2368 = DEFINITIONAL_REPRESENTATION('',(#2369),#2376);
#2369 = B_SPLINE_CURVE_WITH_KNOTS('',5,(#2370,#2371,#2372,#2373,#2374,
    #2375),.UNSPECIFIED.,.F.,.F.,(6,6),(1.570796310599,2.466851711369),
  .PIECEWISE_BEZIER_KNOTS.);
#2370 = CARTESIAN_POINT('',(5.387129906412,12.000000002633));
#2371 = CARTESIAN_POINT('',(5.566340986566,11.970865659476));
#2372 = CARTESIAN_POINT('',(5.74555206672,11.941730335269));
#2373 = CARTESIAN_POINT('',(5.924763146874,11.91454945306));
#2374 = CARTESIAN_POINT('',(6.103974227029,11.891254246874));
#2375 = CARTESIAN_POINT('',(6.283185307183,11.87305416699));
#2376 = ( GEOMETRIC_REPRESENTATION_CONTEXT(2) 
PARAMETRIC_REPRESENTATION_CONTEXT() REPRESENTATION_CONTEXT('2D SPACE',''
  ) );
#2377 = PCURVE('',#2266,#2378);
#2378 = DEFINITIONAL_REPRESENTATION('',(#2379),#2386);
#2379 = B_SPLINE_CURVE_WITH_KNOTS('',5,(#2380,#2381,#2382,#2383,#2384,
    #2385),.UNSPECIFIED.,.F.,.F.,(6,6),(1.570796310599,2.466851711369),
  .PIECEWISE_BEZIER_KNOTS.);
#2380 = CARTESIAN_POINT('',(5.327000978375,-2.633036899624E-09));
#2381 = CARTESIAN_POINT('',(5.50621205853,2.91343405237E-02));
#2382 = CARTESIAN_POINT('',(5.685423138684,5.82696647306E-02));
#2383 = CARTESIAN_POINT('',(5.864634218838,8.545054693987E-02));
#2384 = CARTESIAN_POINT('',(6.043845298992,0.108745753126));
#2385 = CARTESIAN_POINT('',(6.223056379146,0.12694583301));
#2386 = ( GEOMETRIC_REPRESENTATION_CONTEXT(2) 
PARAMETRIC_REPRESENTATION_CONTEXT() REPRESENTATION_CONTEXT('2D SPACE',''
  ) );
#2387 = ADVANCED_FACE('',(#2388),#2122,.T.);
#2388 = FACE_BOUND('',#2389,.T.);
#2389 = EDGE_LOOP('',(#2390,#2391));
#2390 = ORIENTED_EDGE('',*,*,#2105,.T.);
#2391 = ORIENTED_EDGE('',*,*,#2337,.F.);
#2392 = ADVANCED_FACE('',(#2393),#2231,.T.);
#2393 = FACE_BOUND('',#2394,.T.);
#2394 = EDGE_LOOP('',(#2395,#2437));
#2395 = ORIENTED_EDGE('',*,*,#2396,.F.);
#2396 = EDGE_CURVE('',#2213,#2215,#2397,.T.);
#2397 = SURFACE_CURVE('',#2398,(#2403,#2430),.PCURVE_S1.);
#2398 = CIRCLE('',#2399,0.65);
#2399 = AXIS2_PLACEMENT_3D('',#2400,#2401,#2402);
#2400 = CARTESIAN_POINT('',(-21.2,-128.6,61.2));
#2401 = DIRECTION('',(0.367607311047,0.294085848838,0.882257546513));
#2402 = DIRECTION('',(0.923076923077,-2.775557561563E-17,-0.384615384615
    ));
#2403 = PCURVE('',#2231,#2404);
#2404 = DEFINITIONAL_REPRESENTATION('',(#2405),#2429);
#2405 = B_SPLINE_CURVE_WITH_KNOTS('',8,(#2406,#2407,#2408,#2409,#2410,
    #2411,#2412,#2413,#2414,#2415,#2416,#2417,#2418,#2419,#2420,#2421,
    #2422,#2423,#2424,#2425,#2426,#2427,#2428),.UNSPECIFIED.,.F.,.F.,(9,
    7,7,9),(2.185408340982,2.970806504379,4.148903749476,5.327000994572)
  ,.UNSPECIFIED.);
#2406 = CARTESIAN_POINT('',(2.245537269018,-1.0931426704E-14));
#2407 = CARTESIAN_POINT('',(2.332152701103,4.621744770955E-02));
#2408 = CARTESIAN_POINT('',(2.418767705384,9.243540784244E-02));
#2409 = CARTESIAN_POINT('',(2.505948407485,0.138123073186));
#2410 = CARTESIAN_POINT('',(2.594253974941,0.182756226587));
#2411 = CARTESIAN_POINT('',(2.684229015872,0.225788543771));
#2412 = CARTESIAN_POINT('',(2.776368261296,0.266639891305));
#2413 = CARTESIAN_POINT('',(2.871053531086,0.304701619712));
#2414 = CARTESIAN_POINT('',(3.114577162326,0.391344699748));
#2415 = CARTESIAN_POINT('',(3.266821504668,0.435673605753));
#2416 = CARTESIAN_POINT('',(3.425789325398,0.470262151129));
#2417 = CARTESIAN_POINT('',(3.59105765001,0.49312460091));
#2418 = CARTESIAN_POINT('',(3.760618037571,0.502295168479));
#2419 = CARTESIAN_POINT('',(3.92959532884,0.497394567303));
#2420 = CARTESIAN_POINT('',(4.095045023291,0.479425398862));
#2421 = CARTESIAN_POINT('',(4.415512911787,0.420500225651));
#2422 = CARTESIAN_POINT('',(4.570535413569,0.379546404317));
#2423 = CARTESIAN_POINT('',(4.718691161386,0.328684770085));
#2424 = CARTESIAN_POINT('',(4.859810727427,0.270165876761));
#2425 = CARTESIAN_POINT('',(4.995462374613,0.206197696527));
#2426 = CARTESIAN_POINT('',(5.127282828378,0.138651915843));
#2427 = CARTESIAN_POINT('',(5.257206774482,6.932617156436E-02));
#2428 = CARTESIAN_POINT('',(5.387129922608,1.0931426704E-14));
#2429 = ( GEOMETRIC_REPRESENTATION_CONTEXT(2) 
PARAMETRIC_REPRESENTATION_CONTEXT() REPRESENTATION_CONTEXT('2D SPACE',''
  ) );
#2430 = PCURVE('',#2266,#2431);
#2431 = DEFINITIONAL_REPRESENTATION('',(#2432),#2436);
#2432 = LINE('',#2433,#2434);
#2433 = CARTESIAN_POINT('',(0.,0.));
#2434 = VECTOR('',#2435,1.);
#2435 = DIRECTION('',(1.,0.));
#2436 = ( GEOMETRIC_REPRESENTATION_CONTEXT(2) 
PARAMETRIC_REPRESENTATION_CONTEXT() REPRESENTATION_CONTEXT('2D SPACE',''
  ) );
#2437 = ORIENTED_EDGE('',*,*,#2212,.T.);
#2438 = ADVANCED_FACE('',(#2439),#2266,.T.);
#2439 = FACE_BOUND('',#2440,.T.);
#2440 = EDGE_LOOP('',(#2441,#2495,#2536,#2566,#2587,#2588,#2589,#2590,
    #2591,#2592));
#2441 = ORIENTED_EDGE('',*,*,#2442,.F.);
#2442 = EDGE_CURVE('',#2443,#2445,#2447,.T.);
#2443 = VERTEX_POINT('',#2444);
#2444 = CARTESIAN_POINT('',(-17.68702462202,-124.9738534557,
    70.860878077753));
#2445 = VERTEX_POINT('',#2446);
#2446 = CARTESIAN_POINT('',(-16.71297537797,-125.8261465442,
    70.739121922247));
#2447 = SURFACE_CURVE('',#2448,(#2453,#2460),.PCURVE_S1.);
#2448 = CIRCLE('',#2449,0.65);
#2449 = AXIS2_PLACEMENT_3D('',#2450,#2451,#2452);
#2450 = CARTESIAN_POINT('',(-17.2,-125.4,70.8));
#2451 = DIRECTION('',(0.367607311047,0.294085848838,0.882257546513));
#2452 = DIRECTION('',(0.923076923077,-2.775557561563E-17,-0.384615384615
    ));
#2453 = PCURVE('',#2266,#2454);
#2454 = DEFINITIONAL_REPRESENTATION('',(#2455),#2459);
#2455 = LINE('',#2456,#2457);
#2456 = CARTESIAN_POINT('',(0.,10.881176406988));
#2457 = VECTOR('',#2458,1.);
#2458 = DIRECTION('',(1.,0.));
#2459 = ( GEOMETRIC_REPRESENTATION_CONTEXT(2) 
PARAMETRIC_REPRESENTATION_CONTEXT() REPRESENTATION_CONTEXT('2D SPACE',''
  ) );
#2460 = PCURVE('',#2461,#2466);
#2461 = SPHERICAL_SURFACE('',#2462,0.65);
#2462 = AXIS2_PLACEMENT_3D('',#2463,#2464,#2465);
#2463 = CARTESIAN_POINT('',(-17.2,-125.4,70.8));
#2464 = DIRECTION('',(0.,0.,1.));
#2465 = DIRECTION('',(1.,0.,-0.));
#2466 = DEFINITIONAL_REPRESENTATION('',(#2467),#2494);
#2467 = B_SPLINE_CURVE_WITH_KNOTS('',7,(#2468,#2469,#2470,#2471,#2472,
    #2473,#2474,#2475,#2476,#2477,#2478,#2479,#2480,#2481,#2482,#2483,
    #2484,#2485,#2486,#2487,#2488,#2489,#2490,#2491,#2492,#2493),
  .UNSPECIFIED.,.F.,.F.,(8,6,6,6,8),(2.38569358956,3.171091752957,
    3.760140375505,4.643713309327,5.527286243149),.UNSPECIFIED.);
#2468 = CARTESIAN_POINT('',(2.422762653968,9.379605225181E-02));
#2469 = CARTESIAN_POINT('',(2.522627728634,0.145788654924));
#2470 = CARTESIAN_POINT('',(2.623633319183,0.196697050934));
#2471 = CARTESIAN_POINT('',(2.726652177804,0.245655108908));
#2472 = CARTESIAN_POINT('',(2.83251510559,0.291780496737));
#2473 = CARTESIAN_POINT('',(2.941917803392,0.334099019492));
#2474 = CARTESIAN_POINT('',(3.055235728266,0.371582333141));
#2475 = CARTESIAN_POINT('',(3.260005375951,0.427086559717));
#2476 = CARTESIAN_POINT('',(3.349842135625,0.447630296421));
#2477 = CARTESIAN_POINT('',(3.441667901776,0.464541385376));
#2478 = CARTESIAN_POINT('',(3.535219388299,0.477456571835));
#2479 = CARTESIAN_POINT('',(3.630014560206,0.48610157697));
#2480 = CARTESIAN_POINT('',(3.725414872052,0.490332588317));
#2481 = CARTESIAN_POINT('',(3.963864042684,0.489890789492));
#2482 = CARTESIAN_POINT('',(4.106883833445,0.479707853414));
#2483 = CARTESIAN_POINT('',(4.247755306953,0.459616190792));
#2484 = CARTESIAN_POINT('',(4.384281641048,0.430357398414));
#2485 = CARTESIAN_POINT('',(4.515664606261,0.393363360851));
#2486 = CARTESIAN_POINT('',(4.642101742959,0.350039705872));
#2487 = CARTESIAN_POINT('',(4.886408702126,0.25351333631));
#2488 = CARTESIAN_POINT('',(5.004280340101,0.200309819723));
#2489 = CARTESIAN_POINT('',(5.118541694723,0.143550709673));
#2490 = CARTESIAN_POINT('',(5.230388980246,8.45717012632E-02));
#2491 = CARTESIAN_POINT('',(5.341101482767,2.456036849578E-02));
#2492 = CARTESIAN_POINT('',(5.452007098559,-3.530437424599E-02));
#2493 = CARTESIAN_POINT('',(5.564355307558,-9.379605225185E-02));
#2494 = ( GEOMETRIC_REPRESENTATION_CONTEXT(2) 
PARAMETRIC_REPRESENTATION_CONTEXT() REPRESENTATION_CONTEXT('2D SPACE',''
  ) );
#2495 = ORIENTED_EDGE('',*,*,#2496,.F.);
#2496 = EDGE_CURVE('',#2497,#2443,#2499,.T.);
#2497 = VERTEX_POINT('',#2498);
#2498 = CARTESIAN_POINT('',(-16.66817573046,-125.3277951382,
    70.412585453992));
#2499 = SURFACE_CURVE('',#2500,(#2505,#2518),.PCURVE_S1.);
#2500 = ELLIPSE('',#2501,0.668400277086,0.65);
#2501 = AXIS2_PLACEMENT_3D('',#2502,#2503,#2504);
#2502 = CARTESIAN_POINT('',(-17.2,-125.4,70.8));
#2503 = DIRECTION('',(0.485853775742,0.448052417501,0.750463283425));
#2504 = DIRECTION('',(-0.45004733065,-0.607802985981,0.654242256666));
#2505 = PCURVE('',#2266,#2506);
#2506 = DEFINITIONAL_REPRESENTATION('',(#2507),#2517);
#2507 = B_SPLINE_CURVE_WITH_KNOTS('',8,(#2508,#2509,#2510,#2511,#2512,
    #2513,#2514,#2515,#2516),.UNSPECIFIED.,.F.,.F.,(9,9),(2.503032957493
    ,4.712388978884),.PIECEWISE_BEZIER_KNOTS.);
#2508 = CARTESIAN_POINT('',(0.176337566668,10.75611391787));
#2509 = CARTESIAN_POINT('',(0.452507069341,10.730475771176));
#2510 = CARTESIAN_POINT('',(0.728676572014,10.71573880697));
#2511 = CARTESIAN_POINT('',(1.004846074692,10.714882019121));
#2512 = CARTESIAN_POINT('',(1.28101557736,10.729114042333));
#2513 = CARTESIAN_POINT('',(1.557185080038,10.757133695814));
#2514 = CARTESIAN_POINT('',(1.83335458271,10.795147961713));
#2515 = CARTESIAN_POINT('',(2.109524085385,10.83816223725));
#2516 = CARTESIAN_POINT('',(2.385693588058,10.881176406755));
#2517 = ( GEOMETRIC_REPRESENTATION_CONTEXT(2) 
PARAMETRIC_REPRESENTATION_CONTEXT() REPRESENTATION_CONTEXT('2D SPACE',''
  ) );
#2518 = PCURVE('',#2519,#2524);
#2519 = CYLINDRICAL_SURFACE('',#2520,0.65);
#2520 = AXIS2_PLACEMENT_3D('',#2521,#2522,#2523);
#2521 = CARTESIAN_POINT('',(-17.2,-125.4,70.8));
#2522 = DIRECTION('',(0.57735026919,0.57735026919,0.57735026919));
#2523 = DIRECTION('',(0.707106781187,0.,-0.707106781187));
#2524 = DEFINITIONAL_REPRESENTATION('',(#2525),#2535);
#2525 = B_SPLINE_CURVE_WITH_KNOTS('',8,(#2526,#2527,#2528,#2529,#2530,
    #2531,#2532,#2533,#2534),.UNSPECIFIED.,.F.,.F.,(9,9),(2.503032957493
    ,4.712388978884),.PIECEWISE_BEZIER_KNOTS.);
#2526 = CARTESIAN_POINT('',(1.96765680672E-12,0.125062489118));
#2527 = CARTESIAN_POINT('',(0.276169502676,0.150700635812));
#2528 = CARTESIAN_POINT('',(0.552339005348,0.165437600009));
#2529 = CARTESIAN_POINT('',(0.828508508025,0.166294387867));
#2530 = CARTESIAN_POINT('',(1.104678010688,0.152062364594));
#2531 = CARTESIAN_POINT('',(1.380847513373,0.124042711171));
#2532 = CARTESIAN_POINT('',(1.657017016043,8.602844527286E-02));
#2533 = CARTESIAN_POINT('',(1.933186518719,4.301416973814E-02));
#2534 = CARTESIAN_POINT('',(2.209356021393,2.338040872019E-10));
#2535 = ( GEOMETRIC_REPRESENTATION_CONTEXT(2) 
PARAMETRIC_REPRESENTATION_CONTEXT() REPRESENTATION_CONTEXT('2D SPACE',''
  ) );
#2536 = ORIENTED_EDGE('',*,*,#2537,.F.);
#2537 = EDGE_CURVE('',#2538,#2497,#2540,.T.);
#2538 = VERTEX_POINT('',#2539);
#2539 = CARTESIAN_POINT('',(-16.63927426721,-125.4314194137,
    70.455741758673));
#2540 = SURFACE_CURVE('',#2541,(#2546,#2556),.PCURVE_S1.);
#2541 = ELLIPSE('',#2542,0.668400277086,0.65);
#2542 = AXIS2_PLACEMENT_3D('',#2543,#2544,#2545);
#2543 = CARTESIAN_POINT('',(-17.2,-125.4,70.8));
#2544 = DIRECTION('',(0.485853775742,0.448052417501,0.750463283425));
#2545 = DIRECTION('',(-0.45004733065,-0.607802985981,0.654242256666));
#2546 = PCURVE('',#2266,#2547);
#2547 = DEFINITIONAL_REPRESENTATION('',(#2548),#2555);
#2548 = B_SPLINE_CURVE_WITH_KNOTS('',5,(#2549,#2550,#2551,#2552,#2553,
    #2554),.UNSPECIFIED.,.F.,.F.,(6,6),(2.326695390826,2.503032957493),
  .PIECEWISE_BEZIER_KNOTS.);
#2549 = CARTESIAN_POINT('',(8.745141363201E-13,10.774338849524));
#2550 = CARTESIAN_POINT('',(3.526751333421E-02,10.770341830095));
#2551 = CARTESIAN_POINT('',(7.053502666743E-02,10.766510915919));
#2552 = CARTESIAN_POINT('',(0.105802540001,10.76285646494));
#2553 = CARTESIAN_POINT('',(0.141070053334,10.759387971202));
#2554 = CARTESIAN_POINT('',(0.176337566668,10.75611391787));
#2555 = ( GEOMETRIC_REPRESENTATION_CONTEXT(2) 
PARAMETRIC_REPRESENTATION_CONTEXT() REPRESENTATION_CONTEXT('2D SPACE',''
  ) );
#2556 = PCURVE('',#2519,#2557);
#2557 = DEFINITIONAL_REPRESENTATION('',(#2558),#2565);
#2558 = B_SPLINE_CURVE_WITH_KNOTS('',5,(#2559,#2560,#2561,#2562,#2563,
    #2564),.UNSPECIFIED.,.F.,.F.,(6,6),(2.326695390826,2.503032957493),
  .PIECEWISE_BEZIER_KNOTS.);
#2559 = CARTESIAN_POINT('',(6.106847740515,0.106837557464));
#2560 = CARTESIAN_POINT('',(6.142115253848,0.110834576893));
#2561 = CARTESIAN_POINT('',(6.177382767181,0.114665491069));
#2562 = CARTESIAN_POINT('',(6.212650280515,0.118319942048));
#2563 = CARTESIAN_POINT('',(6.247917793848,0.121788435786));
#2564 = CARTESIAN_POINT('',(6.283185307182,0.125062489118));
#2565 = ( GEOMETRIC_REPRESENTATION_CONTEXT(2) 
PARAMETRIC_REPRESENTATION_CONTEXT() REPRESENTATION_CONTEXT('2D SPACE',''
  ) );
#2566 = ORIENTED_EDGE('',*,*,#2567,.F.);
#2567 = EDGE_CURVE('',#2244,#2538,#2568,.T.);
#2568 = SEAM_CURVE('',#2569,(#2573,#2580),.PCURVE_S1.);
#2569 = LINE('',#2570,#2571);
#2570 = CARTESIAN_POINT('',(-20.6,-128.6,60.95));
#2571 = VECTOR('',#2572,1.);
#2572 = DIRECTION('',(0.367607311047,0.294085848838,0.882257546513));
#2573 = PCURVE('',#2266,#2574);
#2574 = DEFINITIONAL_REPRESENTATION('',(#2575),#2579);
#2575 = LINE('',#2576,#2577);
#2576 = CARTESIAN_POINT('',(6.28318530718,-0.));
#2577 = VECTOR('',#2578,1.);
#2578 = DIRECTION('',(0.,1.));
#2579 = ( GEOMETRIC_REPRESENTATION_CONTEXT(2) 
PARAMETRIC_REPRESENTATION_CONTEXT() REPRESENTATION_CONTEXT('2D SPACE',''
  ) );
#2580 = PCURVE('',#2266,#2581);
#2581 = DEFINITIONAL_REPRESENTATION('',(#2582),#2586);
#2582 = LINE('',#2583,#2584);
#2583 = CARTESIAN_POINT('',(0.,-0.));
#2584 = VECTOR('',#2585,1.);
#2585 = DIRECTION('',(0.,1.));
#2586 = ( GEOMETRIC_REPRESENTATION_CONTEXT(2) 
PARAMETRIC_REPRESENTATION_CONTEXT() REPRESENTATION_CONTEXT('2D SPACE',''
  ) );
#2587 = ORIENTED_EDGE('',*,*,#2243,.T.);
#2588 = ORIENTED_EDGE('',*,*,#2396,.T.);
#2589 = ORIENTED_EDGE('',*,*,#2360,.T.);
#2590 = ORIENTED_EDGE('',*,*,#2284,.T.);
#2591 = ORIENTED_EDGE('',*,*,#2567,.T.);
#2592 = ORIENTED_EDGE('',*,*,#2593,.F.);
#2593 = EDGE_CURVE('',#2445,#2538,#2594,.T.);
#2594 = SURFACE_CURVE('',#2595,(#2600,#2610),.PCURVE_S1.);
#2595 = ELLIPSE('',#2596,0.668400277086,0.65);
#2596 = AXIS2_PLACEMENT_3D('',#2597,#2598,#2599);
#2597 = CARTESIAN_POINT('',(-17.2,-125.4,70.8));
#2598 = DIRECTION('',(0.485853775742,0.448052417501,0.750463283425));
#2599 = DIRECTION('',(-0.45004733065,-0.607802985981,0.654242256666));
#2600 = PCURVE('',#2266,#2601);
#2601 = DEFINITIONAL_REPRESENTATION('',(#2602),#2609);
#2602 = B_SPLINE_CURVE_WITH_KNOTS('',5,(#2603,#2604,#2605,#2606,#2607,
    #2608),.UNSPECIFIED.,.F.,.F.,(6,6),(1.57079632233,2.326695390826),
  .PIECEWISE_BEZIER_KNOTS.);
#2603 = CARTESIAN_POINT('',(5.527286238685,10.881176407684));
#2604 = CARTESIAN_POINT('',(5.678466052384,10.857629730483));
#2605 = CARTESIAN_POINT('',(5.829645866083,10.834082764511));
#2606 = CARTESIAN_POINT('',(5.980825679782,10.81165847274));
#2607 = CARTESIAN_POINT('',(6.132005493481,10.791472709996));
#2608 = CARTESIAN_POINT('',(6.28318530718,10.774338849524));
#2609 = ( GEOMETRIC_REPRESENTATION_CONTEXT(2) 
PARAMETRIC_REPRESENTATION_CONTEXT() REPRESENTATION_CONTEXT('2D SPACE',''
  ) );
#2610 = PCURVE('',#2519,#2611);
#2611 = DEFINITIONAL_REPRESENTATION('',(#2612),#2619);
#2612 = B_SPLINE_CURVE_WITH_KNOTS('',5,(#2613,#2614,#2615,#2616,#2617,
    #2618),.UNSPECIFIED.,.F.,.F.,(6,6),(1.57079632233,2.326695390826),
  .PIECEWISE_BEZIER_KNOTS.);
#2613 = CARTESIAN_POINT('',(5.350948672019,-6.953939646337E-10));
#2614 = CARTESIAN_POINT('',(5.502128485718,2.354667650513E-02));
#2615 = CARTESIAN_POINT('',(5.653308299417,4.709364247714E-02));
#2616 = CARTESIAN_POINT('',(5.804488113116,6.951793424867E-02));
#2617 = CARTESIAN_POINT('',(5.955667926816,8.970369699193E-02));
#2618 = CARTESIAN_POINT('',(6.106847740515,0.106837557464));
#2619 = ( GEOMETRIC_REPRESENTATION_CONTEXT(2) 
PARAMETRIC_REPRESENTATION_CONTEXT() REPRESENTATION_CONTEXT('2D SPACE',''
  ) );
#2620 = ADVANCED_FACE('',(#2621),#2461,.T.);
#2621 = FACE_BOUND('',#2622,.T.);
#2622 = EDGE_LOOP('',(#2623,#2679));
#2623 = ORIENTED_EDGE('',*,*,#2624,.F.);
#2624 = EDGE_CURVE('',#2443,#2445,#2625,.T.);
#2625 = SURFACE_CURVE('',#2626,(#2631,#2672),.PCURVE_S1.);
#2626 = CIRCLE('',#2627,0.65);
#2627 = AXIS2_PLACEMENT_3D('',#2628,#2629,#2630);
#2628 = CARTESIAN_POINT('',(-17.2,-125.4,70.8));
#2629 = DIRECTION('',(0.57735026919,0.57735026919,0.57735026919));
#2630 = DIRECTION('',(0.707106781187,0.,-0.707106781187));
#2631 = PCURVE('',#2461,#2632);
#2632 = DEFINITIONAL_REPRESENTATION('',(#2633),#2671);
#2633 = B_SPLINE_CURVE_WITH_KNOTS('',8,(#2634,#2635,#2636,#2637,#2638,
    #2639,#2640,#2641,#2642,#2643,#2644,#2645,#2646,#2647,#2648,#2649,
    #2650,#2651,#2652,#2653,#2654,#2655,#2656,#2657,#2658,#2659,#2660,
    #2661,#2662,#2663,#2664,#2665,#2666,#2667,#2668,#2669,#2670),
  .UNSPECIFIED.,.F.,.F.,(9,7,7,7,7,9),(2.209356022894,2.994754186291,
    3.583802808839,4.025589275751,4.688268976117,5.350948676484),
  .UNSPECIFIED.);
#2634 = CARTESIAN_POINT('',(2.422762653968,9.379605225181E-02));
#2635 = CARTESIAN_POINT('',(2.479945487907,0.173777876298));
#2636 = CARTESIAN_POINT('',(2.538111157246,0.253411369334));
#2637 = CARTESIAN_POINT('',(2.598404232134,0.332289879096));
#2638 = CARTESIAN_POINT('',(2.662023994566,0.409976299646));
#2639 = CARTESIAN_POINT('',(2.730466536344,0.485918228401));
#2640 = CARTESIAN_POINT('',(2.805444332533,0.559414152988));
#2641 = CARTESIAN_POINT('',(2.889568647715,0.629391118377));
#2642 = CARTESIAN_POINT('',(3.057491844481,0.742795642581));
#2643 = CARTESIAN_POINT('',(3.136113304224,0.788486513237));
#2644 = CARTESIAN_POINT('',(3.222523228964,0.830574024733));
#2645 = CARTESIAN_POINT('',(3.317856358624,0.868157680949));
#2646 = CARTESIAN_POINT('',(3.423018425632,0.90019933784));
#2647 = CARTESIAN_POINT('',(3.538291038384,0.925267519873));
#2648 = CARTESIAN_POINT('',(3.66076950245,0.942240385346));
#2649 = CARTESIAN_POINT('',(3.881040091745,0.956958312737));
#2650 = CARTESIAN_POINT('',(3.977347640447,0.958449067931));
#2651 = CARTESIAN_POINT('',(4.07394154483,0.954925120444));
#2652 = CARTESIAN_POINT('',(4.168875143823,0.946381664463));
#2653 = CARTESIAN_POINT('',(4.260221271503,0.933098493161));
#2654 = CARTESIAN_POINT('',(4.346980664914,0.915541813639));
#2655 = CARTESIAN_POINT('',(4.428688650812,0.894201131183));
#2656 = CARTESIAN_POINT('',(4.620184019901,0.832586383424));
#2657 = CARTESIAN_POINT('',(4.723585805788,0.788178881011));
#2658 = CARTESIAN_POINT('',(4.815265102916,0.737955569676));
#2659 = CARTESIAN_POINT('',(4.897081282231,0.683413047522));
#2660 = CARTESIAN_POINT('',(4.970960123634,0.625604199088));
#2661 = CARTESIAN_POINT('',(5.03842716098,0.56525231314));
#2662 = CARTESIAN_POINT('',(5.100804754445,0.502958534706));
#2663 = CARTESIAN_POINT('',(5.21756176043,0.375370267298));
#2664 = CARTESIAN_POINT('',(5.271941295536,0.310077689249));
#2665 = CARTESIAN_POINT('',(5.323416760012,0.243735483809));
#2666 = CARTESIAN_POINT('',(5.372866820788,0.176675064138));
#2667 = CARTESIAN_POINT('',(5.42102752093,0.109159385863));
#2668 = CARTESIAN_POINT('',(5.468559280442,4.142091417422E-02));
#2669 = CARTESIAN_POINT('',(5.516107291422,-2.631138821248E-02));
#2670 = CARTESIAN_POINT('',(5.564355307558,-9.379605225187E-02));
#2671 = ( GEOMETRIC_REPRESENTATION_CONTEXT(2) 
PARAMETRIC_REPRESENTATION_CONTEXT() REPRESENTATION_CONTEXT('2D SPACE',''
  ) );
#2672 = PCURVE('',#2519,#2673);
#2673 = DEFINITIONAL_REPRESENTATION('',(#2674),#2678);
#2674 = LINE('',#2675,#2676);
#2675 = CARTESIAN_POINT('',(0.,0.));
#2676 = VECTOR('',#2677,1.);
#2677 = DIRECTION('',(1.,0.));
#2678 = ( GEOMETRIC_REPRESENTATION_CONTEXT(2) 
PARAMETRIC_REPRESENTATION_CONTEXT() REPRESENTATION_CONTEXT('2D SPACE',''
  ) );
#2679 = ORIENTED_EDGE('',*,*,#2442,.T.);
#2680 = ADVANCED_FACE('',(#2681),#2519,.T.);
#2681 = FACE_BOUND('',#2682,.T.);
#2682 = EDGE_LOOP('',(#2683,#2706,#2748,#2789,#2831,#2832,#2833,#2834,
    #2835));
#2683 = ORIENTED_EDGE('',*,*,#2684,.T.);
#2684 = EDGE_CURVE('',#2497,#2685,#2687,.T.);
#2685 = VERTEX_POINT('',#2686);
#2686 = CARTESIAN_POINT('',(-14.34038059222,-123.,72.740380592229));
#2687 = SEAM_CURVE('',#2688,(#2692,#2699),.PCURVE_S1.);
#2688 = LINE('',#2689,#2690);
#2689 = CARTESIAN_POINT('',(-16.74038059222,-125.4,70.340380592229));
#2690 = VECTOR('',#2691,1.);
#2691 = DIRECTION('',(0.57735026919,0.57735026919,0.57735026919));
#2692 = PCURVE('',#2519,#2693);
#2693 = DEFINITIONAL_REPRESENTATION('',(#2694),#2698);
#2694 = LINE('',#2695,#2696);
#2695 = CARTESIAN_POINT('',(6.28318530718,-0.));
#2696 = VECTOR('',#2697,1.);
#2697 = DIRECTION('',(0.,1.));
#2698 = ( GEOMETRIC_REPRESENTATION_CONTEXT(2) 
PARAMETRIC_REPRESENTATION_CONTEXT() REPRESENTATION_CONTEXT('2D SPACE',''
  ) );
#2699 = PCURVE('',#2519,#2700);
#2700 = DEFINITIONAL_REPRESENTATION('',(#2701),#2705);
#2701 = LINE('',#2702,#2703);
#2702 = CARTESIAN_POINT('',(0.,-0.));
#2703 = VECTOR('',#2704,1.);
#2704 = DIRECTION('',(0.,1.));
#2705 = ( GEOMETRIC_REPRESENTATION_CONTEXT(2) 
PARAMETRIC_REPRESENTATION_CONTEXT() REPRESENTATION_CONTEXT('2D SPACE',''
  ) );
#2706 = ORIENTED_EDGE('',*,*,#2707,.F.);
#2707 = EDGE_CURVE('',#2708,#2685,#2710,.T.);
#2708 = VERTEX_POINT('',#2709);
#2709 = CARTESIAN_POINT('',(-14.66528316575,-123.5119239701,
    73.577207135892));
#2710 = SURFACE_CURVE('',#2711,(#2716,#2723),.PCURVE_S1.);
#2711 = CIRCLE('',#2712,0.65);
#2712 = AXIS2_PLACEMENT_3D('',#2713,#2714,#2715);
#2713 = CARTESIAN_POINT('',(-14.8,-123.,73.2));
#2714 = DIRECTION('',(0.57735026919,0.57735026919,0.57735026919));
#2715 = DIRECTION('',(0.707106781187,0.,-0.707106781187));
#2716 = PCURVE('',#2519,#2717);
#2717 = DEFINITIONAL_REPRESENTATION('',(#2718),#2722);
#2718 = LINE('',#2719,#2720);
#2719 = CARTESIAN_POINT('',(0.,4.156921938165));
#2720 = VECTOR('',#2721,1.);
#2721 = DIRECTION('',(1.,0.));
#2722 = ( GEOMETRIC_REPRESENTATION_CONTEXT(2) 
PARAMETRIC_REPRESENTATION_CONTEXT() REPRESENTATION_CONTEXT('2D SPACE',''
  ) );
#2723 = PCURVE('',#2724,#2729);
#2724 = SPHERICAL_SURFACE('',#2725,0.65);
#2725 = AXIS2_PLACEMENT_3D('',#2726,#2727,#2728);
#2726 = CARTESIAN_POINT('',(-14.8,-123.,73.2));
#2727 = DIRECTION('',(0.,0.,1.));
#2728 = DIRECTION('',(1.,0.,-0.));
#2729 = DEFINITIONAL_REPRESENTATION('',(#2730),#2747);
#2730 = B_SPLINE_CURVE_WITH_KNOTS('',8,(#2731,#2732,#2733,#2734,#2735,
    #2736,#2737,#2738,#2739,#2740,#2741,#2742,#2743,#2744,#2745,#2746),
  .UNSPECIFIED.,.F.,.F.,(9,7,9),(4.445434862099,5.364310084639,
    6.28318530718),.UNSPECIFIED.);
#2731 = CARTESIAN_POINT('',(4.969712695356,0.619119936138));
#2732 = CARTESIAN_POINT('',(5.069699250674,0.538112755752));
#2733 = CARTESIAN_POINT('',(5.15649211827,0.451705626011));
#2734 = CARTESIAN_POINT('',(5.234124064025,0.361965786087));
#2735 = CARTESIAN_POINT('',(5.305834462779,0.270075718263));
#2736 = CARTESIAN_POINT('',(5.373683395264,0.176837405596));
#2737 = CARTESIAN_POINT('',(5.439560630646,8.290176329476E-02));
#2738 = CARTESIAN_POINT('',(5.50509998041,-1.115534133325E-02));
#2739 = CARTESIAN_POINT('',(5.639192162623,-0.198201653747));
#2740 = CARTESIAN_POINT('',(5.707741237967,-0.291191988581));
#2741 = CARTESIAN_POINT('',(5.779654565758,-0.38298606993));
#2742 = CARTESIAN_POINT('',(5.856834052007,-0.47288842323));
#2743 = CARTESIAN_POINT('',(5.942041264228,-0.55986583342));
#2744 = CARTESIAN_POINT('',(6.038034596329,-0.642716896151));
#2745 = CARTESIAN_POINT('',(6.150557092908,-0.719084056262));
#2746 = CARTESIAN_POINT('',(6.28318530718,-0.785398163397));
#2747 = ( GEOMETRIC_REPRESENTATION_CONTEXT(2) 
PARAMETRIC_REPRESENTATION_CONTEXT() REPRESENTATION_CONTEXT('2D SPACE',''
  ) );
#2748 = ORIENTED_EDGE('',*,*,#2749,.F.);
#2749 = EDGE_CURVE('',#2750,#2708,#2752,.T.);
#2750 = VERTEX_POINT('',#2751);
#2751 = CARTESIAN_POINT('',(-14.93471683424,-122.4880760298,
    72.822792864108));
#2752 = SURFACE_CURVE('',#2753,(#2758,#2771),.PCURVE_S1.);
#2753 = ELLIPSE('',#2754,0.672730048289,0.65);
#2754 = AXIS2_PLACEMENT_3D('',#2755,#2756,#2757);
#2755 = CARTESIAN_POINT('',(-14.8,-123.,73.2));
#2756 = DIRECTION('',(0.354285543623,0.613358531143,0.705884598114));
#2757 = DIRECTION('',(0.911880708821,-5.929922584016E-02,-0.406149202505
    ));
#2758 = PCURVE('',#2519,#2759);
#2759 = DEFINITIONAL_REPRESENTATION('',(#2760),#2770);
#2760 = B_SPLINE_CURVE_WITH_KNOTS('',8,(#2761,#2762,#2763,#2764,#2765,
    #2766,#2767,#2768,#2769),.UNSPECIFIED.,.F.,.F.,(9,9),(1.570796326351
    ,4.712388990132),.PIECEWISE_BEZIER_KNOTS.);
#2761 = CARTESIAN_POINT('',(1.303842208065,4.156921938242));
#2762 = CARTESIAN_POINT('',(1.696541291038,4.088830003222));
#2763 = CARTESIAN_POINT('',(2.089240374008,4.020737525253));
#2764 = CARTESIAN_POINT('',(2.48193945698,3.968651835978));
#2765 = CARTESIAN_POINT('',(2.874638539939,3.948536453765));
#2766 = CARTESIAN_POINT('',(3.267337622932,3.968651836733));
#2767 = CARTESIAN_POINT('',(3.6600367059,4.020737526583));
#2768 = CARTESIAN_POINT('',(4.052735788874,4.088830004835));
#2769 = CARTESIAN_POINT('',(4.445434871846,4.156921939855));
#2770 = ( GEOMETRIC_REPRESENTATION_CONTEXT(2) 
PARAMETRIC_REPRESENTATION_CONTEXT() REPRESENTATION_CONTEXT('2D SPACE',''
  ) );
#2771 = PCURVE('',#2772,#2777);
#2772 = CYLINDRICAL_SURFACE('',#2773,0.65);
#2773 = AXIS2_PLACEMENT_3D('',#2774,#2775,#2776);
#2774 = CARTESIAN_POINT('',(-14.8,-123.,73.2));
#2775 = DIRECTION('',(0.107279780978,0.607918758874,0.786718393837));
#2776 = DIRECTION('',(-6.938893903907E-18,0.791285001392,-0.611447501076
    ));
#2777 = DEFINITIONAL_REPRESENTATION('',(#2778),#2788);
#2778 = B_SPLINE_CURVE_WITH_KNOTS('',8,(#2779,#2780,#2781,#2782,#2783,
    #2784,#2785,#2786,#2787),.UNSPECIFIED.,.F.,.F.,(9,9),(1.570796326351
    ,4.712388990132),.PIECEWISE_BEZIER_KNOTS.);
#2779 = CARTESIAN_POINT('',(0.209999811493,-7.694467285546E-11));
#2780 = CARTESIAN_POINT('',(0.602698894466,6.809193494374E-02));
#2781 = CARTESIAN_POINT('',(0.995397977438,0.13618441291));
#2782 = CARTESIAN_POINT('',(1.388097060404,0.188270102181));
#2783 = CARTESIAN_POINT('',(1.780796143388,0.208385484391));
#2784 = CARTESIAN_POINT('',(2.173495226353,0.188270101421));
#2785 = CARTESIAN_POINT('',(2.566194309328,0.136184411581));
#2786 = CARTESIAN_POINT('',(2.958893392302,6.809193333056E-02));
#2787 = CARTESIAN_POINT('',(3.351592475274,-1.690125372988E-09));
#2788 = ( GEOMETRIC_REPRESENTATION_CONTEXT(2) 
PARAMETRIC_REPRESENTATION_CONTEXT() REPRESENTATION_CONTEXT('2D SPACE',''
  ) );
#2789 = ORIENTED_EDGE('',*,*,#2790,.F.);
#2790 = EDGE_CURVE('',#2685,#2750,#2791,.T.);
#2791 = SURFACE_CURVE('',#2792,(#2797,#2804),.PCURVE_S1.);
#2792 = CIRCLE('',#2793,0.65);
#2793 = AXIS2_PLACEMENT_3D('',#2794,#2795,#2796);
#2794 = CARTESIAN_POINT('',(-14.8,-123.,73.2));
#2795 = DIRECTION('',(0.57735026919,0.57735026919,0.57735026919));
#2796 = DIRECTION('',(0.707106781187,0.,-0.707106781187));
#2797 = PCURVE('',#2519,#2798);
#2798 = DEFINITIONAL_REPRESENTATION('',(#2799),#2803);
#2799 = LINE('',#2800,#2801);
#2800 = CARTESIAN_POINT('',(0.,4.156921938165));
#2801 = VECTOR('',#2802,1.);
#2802 = DIRECTION('',(1.,0.));
#2803 = ( GEOMETRIC_REPRESENTATION_CONTEXT(2) 
PARAMETRIC_REPRESENTATION_CONTEXT() REPRESENTATION_CONTEXT('2D SPACE',''
  ) );
#2804 = PCURVE('',#2724,#2805);
#2805 = DEFINITIONAL_REPRESENTATION('',(#2806),#2830);
#2806 = B_SPLINE_CURVE_WITH_KNOTS('',8,(#2807,#2808,#2809,#2810,#2811,
    #2812,#2813,#2814,#2815,#2816,#2817,#2818,#2819,#2820,#2821,#2822,
    #2823,#2824,#2825,#2826,#2827,#2828,#2829),.UNSPECIFIED.,.F.,.F.,(9,
    7,7,9),(0.,0.325960552127,0.814901380318,1.303842208509),
  .UNSPECIFIED.);
#2807 = CARTESIAN_POINT('',(6.28318530718,-0.785398163397));
#2808 = CARTESIAN_POINT('',(6.330233660309,-0.808922339962));
#2809 = CARTESIAN_POINT('',(6.37981283347,-0.831181662215));
#2810 = CARTESIAN_POINT('',(6.432076637954,-0.852017243937));
#2811 = CARTESIAN_POINT('',(6.48715558002,-0.871252972808));
#2812 = CARTESIAN_POINT('',(6.545104766506,-0.888695361181));
#2813 = CARTESIAN_POINT('',(6.60585967333,-0.904141796628));
#2814 = CARTESIAN_POINT('',(6.669199776878,-0.917397192273));
#2815 = CARTESIAN_POINT('',(6.833000455371,-0.944651803833));
#2816 = CARTESIAN_POINT('',(6.936191069231,-0.955708872824));
#2817 = CARTESIAN_POINT('',(7.042928672506,-0.960922062583));
#2818 = CARTESIAN_POINT('',(7.15110535062,-0.959899152319));
#2819 = CARTESIAN_POINT('',(7.257547187321,-0.952580119713));
#2820 = CARTESIAN_POINT('',(7.359837080101,-0.939424708023));
#2821 = CARTESIAN_POINT('',(7.456702200401,-0.921024568358));
#2822 = CARTESIAN_POINT('',(7.638439043382,-0.875026556506));
#2823 = CARTESIAN_POINT('',(7.723313875416,-0.847428398058));
#2824 = CARTESIAN_POINT('',(7.801623040581,-0.815874502575));
#2825 = CARTESIAN_POINT('',(7.873602799436,-0.781049563882));
#2826 = CARTESIAN_POINT('',(7.939879192679,-0.743536283814));
#2827 = CARTESIAN_POINT('',(8.001163950549,-0.703800085452));
#2828 = CARTESIAN_POINT('',(8.058101706094,-0.662224502347));
#2829 = CARTESIAN_POINT('',(8.111305348946,-0.619119936138));
#2830 = ( GEOMETRIC_REPRESENTATION_CONTEXT(2) 
PARAMETRIC_REPRESENTATION_CONTEXT() REPRESENTATION_CONTEXT('2D SPACE',''
  ) );
#2831 = ORIENTED_EDGE('',*,*,#2684,.F.);
#2832 = ORIENTED_EDGE('',*,*,#2496,.T.);
#2833 = ORIENTED_EDGE('',*,*,#2624,.T.);
#2834 = ORIENTED_EDGE('',*,*,#2593,.T.);
#2835 = ORIENTED_EDGE('',*,*,#2537,.T.);
#2836 = ADVANCED_FACE('',(#2837),#2724,.T.);
#2837 = FACE_BOUND('',#2838,.T.);
#2838 = EDGE_LOOP('',(#2839,#2889,#2890,#2891));
#2839 = ORIENTED_EDGE('',*,*,#2840,.T.);
#2840 = EDGE_CURVE('',#2841,#2708,#2843,.T.);
#2841 = VERTEX_POINT('',#2842);
#2842 = CARTESIAN_POINT('',(-14.8,-122.485664749,72.802559124301));
#2843 = SURFACE_CURVE('',#2844,(#2849,#2882),.PCURVE_S1.);
#2844 = CIRCLE('',#2845,0.65);
#2845 = AXIS2_PLACEMENT_3D('',#2846,#2847,#2848);
#2846 = CARTESIAN_POINT('',(-14.8,-123.,73.2));
#2847 = DIRECTION('',(-0.107279780978,-0.607918758874,-0.786718393837));
#2848 = DIRECTION('',(6.938893903907E-18,0.791285001392,-0.611447501076)
  );
#2849 = PCURVE('',#2724,#2850);
#2850 = DEFINITIONAL_REPRESENTATION('',(#2851),#2881);
#2851 = B_SPLINE_CURVE_WITH_KNOTS('',8,(#2852,#2853,#2854,#2855,#2856,
    #2857,#2858,#2859,#2860,#2861,#2862,#2863,#2864,#2865,#2866,#2867,
    #2868,#2869,#2870,#2871,#2872,#2873,#2874,#2875,#2876,#2877,#2878,
    #2879,#2880),.UNSPECIFIED.,.F.,.F.,(9,7,6,7,9),(0.,0.744043714501,
    1.488087429002,2.209840135328,2.931592841653),.UNSPECIFIED.);
#2852 = CARTESIAN_POINT('',(7.853981633974,-0.657888605182));
#2853 = CARTESIAN_POINT('',(7.737122704956,-0.667866211023));
#2854 = CARTESIAN_POINT('',(7.618204468254,-0.670292443614));
#2855 = CARTESIAN_POINT('',(7.498946216122,-0.664807271992));
#2856 = CARTESIAN_POINT('',(7.38147593633,-0.651395855061));
#2857 = CARTESIAN_POINT('',(7.267907004455,-0.630570288002));
#2858 = CARTESIAN_POINT('',(7.159173907863,-0.603171071631));
#2859 = CARTESIAN_POINT('',(7.055609342434,-0.570068084953));
#2860 = CARTESIAN_POINT('',(6.858544568727,-0.494160525676));
#2861 = CARTESIAN_POINT('',(6.765044356446,-0.451355536912));
#2862 = CARTESIAN_POINT('',(6.676447770685,-0.40455080732));
#2863 = CARTESIAN_POINT('',(6.59216755509,-0.35456542164));
#2864 = CARTESIAN_POINT('',(6.511458959889,-0.302101962326));
#2865 = CARTESIAN_POINT('',(6.433557869884,-0.247757235045));
#2866 = CARTESIAN_POINT('',(6.284143688561,-0.138046117353));
#2867 = CARTESIAN_POINT('',(6.139828543512,-2.503618229442E-02));
#2868 = CARTESIAN_POINT('',(6.069321943545,3.095612016474E-02));
#2869 = CARTESIAN_POINT('',(5.998706427929,8.687577691503E-02));
#2870 = CARTESIAN_POINT('',(5.927315452825,0.142309108288));
#2871 = CARTESIAN_POINT('',(5.854467944951,0.196820866511));
#2872 = CARTESIAN_POINT('',(5.779473486946,0.249928100248));
#2873 = CARTESIAN_POINT('',(5.623832345545,0.352222029337));
#2874 = CARTESIAN_POINT('',(5.543188025189,0.401409000182));
#2875 = CARTESIAN_POINT('',(5.45903815508,0.448080128242));
#2876 = CARTESIAN_POINT('',(5.370759045891,0.49161183693));
#2877 = CARTESIAN_POINT('',(5.277755022346,0.531288493993));
#2878 = CARTESIAN_POINT('',(5.179684000263,0.566298558677));
#2879 = CARTESIAN_POINT('',(5.076729854547,0.595802019276));
#2880 = CARTESIAN_POINT('',(4.969712695356,0.619119936138));
#2881 = ( GEOMETRIC_REPRESENTATION_CONTEXT(2) 
PARAMETRIC_REPRESENTATION_CONTEXT() REPRESENTATION_CONTEXT('2D SPACE',''
  ) );
#2882 = PCURVE('',#2772,#2883);
#2883 = DEFINITIONAL_REPRESENTATION('',(#2884),#2888);
#2884 = LINE('',#2885,#2886);
#2885 = CARTESIAN_POINT('',(6.28318530718,0.));
#2886 = VECTOR('',#2887,1.);
#2887 = DIRECTION('',(-1.,-0.));
#2888 = ( GEOMETRIC_REPRESENTATION_CONTEXT(2) 
PARAMETRIC_REPRESENTATION_CONTEXT() REPRESENTATION_CONTEXT('2D SPACE',''
  ) );
#2889 = ORIENTED_EDGE('',*,*,#2707,.T.);
#2890 = ORIENTED_EDGE('',*,*,#2790,.T.);
#2891 = ORIENTED_EDGE('',*,*,#2892,.F.);
#2892 = EDGE_CURVE('',#2841,#2750,#2893,.T.);
#2893 = SURFACE_CURVE('',#2894,(#2899,#2909),.PCURVE_S1.);
#2894 = CIRCLE('',#2895,0.65);
#2895 = AXIS2_PLACEMENT_3D('',#2896,#2897,#2898);
#2896 = CARTESIAN_POINT('',(-14.8,-123.,73.2));
#2897 = DIRECTION('',(0.107279780978,0.607918758874,0.786718393837));
#2898 = DIRECTION('',(-6.938893903907E-18,0.791285001392,-0.611447501076
    ));
#2899 = PCURVE('',#2724,#2900);
#2900 = DEFINITIONAL_REPRESENTATION('',(#2901),#2908);
#2901 = B_SPLINE_CURVE_WITH_KNOTS('',5,(#2902,#2903,#2904,#2905,#2906,
    #2907),.UNSPECIFIED.,.F.,.F.,(6,6),(0.,0.209999811937),
  .PIECEWISE_BEZIER_KNOTS.);
#2902 = CARTESIAN_POINT('',(7.853981633974,-0.657888605182));
#2903 = CARTESIAN_POINT('',(7.906753486249,-0.653382858416));
#2904 = CARTESIAN_POINT('',(7.959066175057,-0.647192886746));
#2905 = CARTESIAN_POINT('',(8.010702063226,-0.639364195486));
#2906 = CARTESIAN_POINT('',(8.0614853303,-0.629975195815));
#2907 = CARTESIAN_POINT('',(8.111305348946,-0.619119936138));
#2908 = ( GEOMETRIC_REPRESENTATION_CONTEXT(2) 
PARAMETRIC_REPRESENTATION_CONTEXT() REPRESENTATION_CONTEXT('2D SPACE',''
  ) );
#2909 = PCURVE('',#2772,#2910);
#2910 = DEFINITIONAL_REPRESENTATION('',(#2911),#2915);
#2911 = LINE('',#2912,#2913);
#2912 = CARTESIAN_POINT('',(0.,0.));
#2913 = VECTOR('',#2914,1.);
#2914 = DIRECTION('',(1.,0.));
#2915 = ( GEOMETRIC_REPRESENTATION_CONTEXT(2) 
PARAMETRIC_REPRESENTATION_CONTEXT() REPRESENTATION_CONTEXT('2D SPACE',''
  ) );
#2916 = ADVANCED_FACE('',(#2917),#2772,.T.);
#2917 = FACE_BOUND('',#2918,.T.);
#2918 = EDGE_LOOP('',(#2919,#2977,#3016,#3037,#3038,#3039,#3040,#3041));
#2919 = ORIENTED_EDGE('',*,*,#2920,.F.);
#2920 = EDGE_CURVE('',#2921,#2923,#2925,.T.);
#2921 = VERTEX_POINT('',#2922);
#2922 = CARTESIAN_POINT('',(-13.04604266368,-109.3703650154,
    90.86519696606));
#2923 = VERTEX_POINT('',#2924);
#2924 = CARTESIAN_POINT('',(-11.75395733631,-109.4296349845,
    90.73480303394));
#2925 = SURFACE_CURVE('',#2926,(#2931,#2938),.PCURVE_S1.);
#2926 = CIRCLE('',#2927,0.65);
#2927 = AXIS2_PLACEMENT_3D('',#2928,#2929,#2930);
#2928 = CARTESIAN_POINT('',(-12.4,-109.4,90.8));
#2929 = DIRECTION('',(0.107279780978,0.607918758874,0.786718393837));
#2930 = DIRECTION('',(-6.938893903907E-18,0.791285001392,-0.611447501076
    ));
#2931 = PCURVE('',#2772,#2932);
#2932 = DEFINITIONAL_REPRESENTATION('',(#2933),#2937);
#2933 = LINE('',#2934,#2935);
#2934 = CARTESIAN_POINT('',(0.,22.371410326575));
#2935 = VECTOR('',#2936,1.);
#2936 = DIRECTION('',(1.,0.));
#2937 = ( GEOMETRIC_REPRESENTATION_CONTEXT(2) 
PARAMETRIC_REPRESENTATION_CONTEXT() REPRESENTATION_CONTEXT('2D SPACE',''
  ) );
#2938 = PCURVE('',#2939,#2944);
#2939 = SPHERICAL_SURFACE('',#2940,0.65);
#2940 = AXIS2_PLACEMENT_3D('',#2941,#2942,#2943);
#2941 = CARTESIAN_POINT('',(-12.4,-109.4,90.8));
#2942 = DIRECTION('',(0.,0.,1.));
#2943 = DIRECTION('',(1.,0.,-0.));
#2944 = DEFINITIONAL_REPRESENTATION('',(#2945),#2976);
#2945 = B_SPLINE_CURVE_WITH_KNOTS('',8,(#2946,#2947,#2948,#2949,#2950,
    #2951,#2952,#2953,#2954,#2955,#2956,#2957,#2958,#2959,#2960,#2961,
    #2962,#2963,#2964,#2965,#2966,#2967,#2968,#2969,#2970,#2971,#2972,
    #2973,#2974,#2975),.UNSPECIFIED.,.F.,.F.,(9,7,7,7,9),(1.596052555103
    ,2.381450718501,2.970499341049,3.854072274871,4.737645208693),
  .UNSPECIFIED.);
#2946 = CARTESIAN_POINT('',(3.095753227709,0.100471977118));
#2947 = CARTESIAN_POINT('',(3.173774069443,0.160574188367));
#2948 = CARTESIAN_POINT('',(3.252875211212,0.219981895393));
#2949 = CARTESIAN_POINT('',(3.333928465591,0.278127923345));
#2950 = CARTESIAN_POINT('',(3.417812114299,0.334404892365));
#2951 = CARTESIAN_POINT('',(3.505425187964,0.38814127352));
#2952 = CARTESIAN_POINT('',(3.597668230245,0.43853906156));
#2953 = CARTESIAN_POINT('',(3.695289468748,0.484651815936));
#2954 = CARTESIAN_POINT('',(3.875899699998,0.556104325596));
#2955 = CARTESIAN_POINT('',(3.956446176901,0.583755553925));
#2956 = CARTESIAN_POINT('',(4.040220513086,0.608014223732));
#2957 = CARTESIAN_POINT('',(4.127152895393,0.628448686227));
#2958 = CARTESIAN_POINT('',(4.216916182226,0.644631018001));
#2959 = CARTESIAN_POINT('',(4.308861345023,0.656208797898));
#2960 = CARTESIAN_POINT('',(4.402069358824,0.662976771991));
#2961 = CARTESIAN_POINT('',(4.635892965384,0.6677613655));
#2962 = CARTESIAN_POINT('',(4.776905427318,0.65970963384));
#2963 = CARTESIAN_POINT('',(4.915473191149,0.640588475255));
#2964 = CARTESIAN_POINT('',(5.048063709801,0.611026848322));
#2965 = CARTESIAN_POINT('',(5.172783338672,0.572645281017));
#2966 = CARTESIAN_POINT('',(5.289902422437,0.527000125285));
#2967 = CARTESIAN_POINT('',(5.400018203507,0.475507777662));
#2968 = CARTESIAN_POINT('',(5.608344658265,0.363299538651));
#2969 = CARTESIAN_POINT('',(5.706551887982,0.302583223912));
#2970 = CARTESIAN_POINT('',(5.799829534713,0.238492460972));
#2971 = CARTESIAN_POINT('',(5.889514252487,0.172074991382));
#2972 = CARTESIAN_POINT('',(5.976889985985,0.104200231333));
#2973 = CARTESIAN_POINT('',(6.063166144652,3.56364219737E-02));
#2974 = CARTESIAN_POINT('',(6.149572434348,-3.285698946301E-02));
#2975 = CARTESIAN_POINT('',(6.237345881298,-0.100471977118));
#2976 = ( GEOMETRIC_REPRESENTATION_CONTEXT(2) 
PARAMETRIC_REPRESENTATION_CONTEXT() REPRESENTATION_CONTEXT('2D SPACE',''
  ) );
#2977 = ORIENTED_EDGE('',*,*,#2978,.F.);
#2978 = EDGE_CURVE('',#2979,#2921,#2981,.T.);
#2979 = VERTEX_POINT('',#2980);
#2980 = CARTESIAN_POINT('',(-12.45527846985,-109.1989094116,
    89.997183678679));
#2981 = SURFACE_CURVE('',#2982,(#2987,#2999),.PCURVE_S1.);
#2982 = ELLIPSE('',#2983,0.829564110081,0.65);
#2983 = AXIS2_PLACEMENT_3D('',#2984,#2985,#2986);
#2984 = CARTESIAN_POINT('',(-12.4,-109.4,90.8));
#2985 = DIRECTION('',(6.845804310504E-02,0.96885764687,0.2379671331));
#2986 = DIRECTION('',(8.632988738769E-02,-0.243384888079,0.966080196877)
  );
#2987 = PCURVE('',#2772,#2988);
#2988 = DEFINITIONAL_REPRESENTATION('',(#2989),#2998);
#2989 = B_SPLINE_CURVE_WITH_KNOTS('',7,(#2990,#2991,#2992,#2993,#2994,
    #2995,#2996,#2997),.UNSPECIFIED.,.F.,.F.,(8,8),(3.116336425281,
    4.712389562414),.PIECEWISE_BEZIER_KNOTS.);
#2990 = CARTESIAN_POINT('',(-3.819167204711E-14,21.856136438487));
#2991 = CARTESIAN_POINT('',(0.228007591019,21.85316854513));
#2992 = CARTESIAN_POINT('',(0.456015182038,21.881453671853));
#2993 = CARTESIAN_POINT('',(0.684022773057,21.941238785314));
#2994 = CARTESIAN_POINT('',(0.912030364076,22.028815661581));
#2995 = CARTESIAN_POINT('',(1.140037955094,22.136363470911));
#2996 = CARTESIAN_POINT('',(1.368045546114,22.253886787749));
#2997 = CARTESIAN_POINT('',(1.596053137133,22.371410626575));
#2998 = ( GEOMETRIC_REPRESENTATION_CONTEXT(2) 
PARAMETRIC_REPRESENTATION_CONTEXT() REPRESENTATION_CONTEXT('2D SPACE',''
  ) );
#2999 = PCURVE('',#3000,#3005);
#3000 = CYLINDRICAL_SURFACE('',#3001,0.65);
#3001 = AXIS2_PLACEMENT_3D('',#3002,#3003,#3004);
#3002 = CARTESIAN_POINT('',(-12.4,-109.4,90.8));
#3003 = DIRECTION('',(0.,0.910366477463,-0.413802944301));
#3004 = DIRECTION('',(0.,0.413802944301,0.910366477463));
#3005 = DEFINITIONAL_REPRESENTATION('',(#3006),#3015);
#3006 = B_SPLINE_CURVE_WITH_KNOTS('',7,(#3007,#3008,#3009,#3010,#3011,
    #3012,#3013,#3014),.UNSPECIFIED.,.F.,.F.,(8,8),(3.116336425281,
    4.712389562414),.PIECEWISE_BEZIER_KNOTS.);
#3007 = CARTESIAN_POINT('',(3.226739300927,0.515273888089));
#3008 = CARTESIAN_POINT('',(3.454746891945,0.518241781445));
#3009 = CARTESIAN_POINT('',(3.682754482966,0.489956654723));
#3010 = CARTESIAN_POINT('',(3.910762073981,0.430171541255));
#3011 = CARTESIAN_POINT('',(4.138769665006,0.342594664999));
#3012 = CARTESIAN_POINT('',(4.36677725602,0.235046855662));
#3013 = CARTESIAN_POINT('',(4.59478484704,0.117523538826));
#3014 = CARTESIAN_POINT('',(4.822792438059,-3.000000106113E-07));
#3015 = ( GEOMETRIC_REPRESENTATION_CONTEXT(2) 
PARAMETRIC_REPRESENTATION_CONTEXT() REPRESENTATION_CONTEXT('2D SPACE',''
  ) );
#3016 = ORIENTED_EDGE('',*,*,#3017,.F.);
#3017 = EDGE_CURVE('',#2841,#2979,#3018,.T.);
#3018 = SEAM_CURVE('',#3019,(#3023,#3030),.PCURVE_S1.);
#3019 = LINE('',#3020,#3021);
#3020 = CARTESIAN_POINT('',(-14.8,-122.485664749,72.802559124301));
#3021 = VECTOR('',#3022,1.);
#3022 = DIRECTION('',(0.107279780978,0.607918758874,0.786718393837));
#3023 = PCURVE('',#2772,#3024);
#3024 = DEFINITIONAL_REPRESENTATION('',(#3025),#3029);
#3025 = LINE('',#3026,#3027);
#3026 = CARTESIAN_POINT('',(0.,-0.));
#3027 = VECTOR('',#3028,1.);
#3028 = DIRECTION('',(0.,1.));
#3029 = ( GEOMETRIC_REPRESENTATION_CONTEXT(2) 
PARAMETRIC_REPRESENTATION_CONTEXT() REPRESENTATION_CONTEXT('2D SPACE',''
  ) );
#3030 = PCURVE('',#2772,#3031);
#3031 = DEFINITIONAL_REPRESENTATION('',(#3032),#3036);
#3032 = LINE('',#3033,#3034);
#3033 = CARTESIAN_POINT('',(6.28318530718,-0.));
#3034 = VECTOR('',#3035,1.);
#3035 = DIRECTION('',(0.,1.));
#3036 = ( GEOMETRIC_REPRESENTATION_CONTEXT(2) 
PARAMETRIC_REPRESENTATION_CONTEXT() REPRESENTATION_CONTEXT('2D SPACE',''
  ) );
#3037 = ORIENTED_EDGE('',*,*,#2892,.T.);
#3038 = ORIENTED_EDGE('',*,*,#2749,.T.);
#3039 = ORIENTED_EDGE('',*,*,#2840,.F.);
#3040 = ORIENTED_EDGE('',*,*,#3017,.T.);
#3041 = ORIENTED_EDGE('',*,*,#3042,.F.);
#3042 = EDGE_CURVE('',#2923,#2979,#3043,.T.);
#3043 = SURFACE_CURVE('',#3044,(#3049,#3061),.PCURVE_S1.);
#3044 = ELLIPSE('',#3045,0.829564110081,0.65);
#3045 = AXIS2_PLACEMENT_3D('',#3046,#3047,#3048);
#3046 = CARTESIAN_POINT('',(-12.4,-109.4,90.8));
#3047 = DIRECTION('',(6.845804310504E-02,0.96885764687,0.2379671331));
#3048 = DIRECTION('',(8.632988738769E-02,-0.243384888079,0.966080196877)
  );
#3049 = PCURVE('',#2772,#3050);
#3050 = DEFINITIONAL_REPRESENTATION('',(#3051),#3060);
#3051 = B_SPLINE_CURVE_WITH_KNOTS('',7,(#3052,#3053,#3054,#3055,#3056,
    #3057,#3058,#3059),.UNSPECIFIED.,.F.,.F.,(8,8),(1.570795162964,
    3.116336425281),.PIECEWISE_BEZIER_KNOTS.);
#3052 = CARTESIAN_POINT('',(4.737644044862,22.371410926459));
#3053 = CARTESIAN_POINT('',(4.958435653764,22.257606480988));
#3054 = CARTESIAN_POINT('',(5.179227262668,22.143802408777));
#3055 = CARTESIAN_POINT('',(5.40001887157,22.039056949574));
#3056 = CARTESIAN_POINT('',(5.620810480473,21.952443750348));
#3057 = CARTESIAN_POINT('',(5.841602089374,21.891190391184));
#3058 = CARTESIAN_POINT('',(6.062393698277,21.859010403982));
#3059 = CARTESIAN_POINT('',(6.28318530718,21.856136438487));
#3060 = ( GEOMETRIC_REPRESENTATION_CONTEXT(2) 
PARAMETRIC_REPRESENTATION_CONTEXT() REPRESENTATION_CONTEXT('2D SPACE',''
  ) );
#3061 = PCURVE('',#3000,#3062);
#3062 = DEFINITIONAL_REPRESENTATION('',(#3063),#3072);
#3063 = B_SPLINE_CURVE_WITH_KNOTS('',7,(#3064,#3065,#3066,#3067,#3068,
    #3069,#3070,#3071),.UNSPECIFIED.,.F.,.F.,(8,8),(1.570795162964,
    3.116336425281),.PIECEWISE_BEZIER_KNOTS.);
#3064 = CARTESIAN_POINT('',(1.681198038609,-5.998832079968E-07));
#3065 = CARTESIAN_POINT('',(1.901989647511,0.113803845587));
#3066 = CARTESIAN_POINT('',(2.122781256413,0.227607917797));
#3067 = CARTESIAN_POINT('',(2.343572865318,0.332353377001));
#3068 = CARTESIAN_POINT('',(2.564364474217,0.41896657623));
#3069 = CARTESIAN_POINT('',(2.785156083122,0.480219935392));
#3070 = CARTESIAN_POINT('',(3.005947692024,0.512399922593));
#3071 = CARTESIAN_POINT('',(3.226739300927,0.515273888089));
#3072 = ( GEOMETRIC_REPRESENTATION_CONTEXT(2) 
PARAMETRIC_REPRESENTATION_CONTEXT() REPRESENTATION_CONTEXT('2D SPACE',''
  ) );
#3073 = ADVANCED_FACE('',(#3074),#2939,.T.);
#3074 = FACE_BOUND('',#3075,.T.);
#3075 = EDGE_LOOP('',(#3076,#3102,#3103,#3150,#3192,#3193));
#3076 = ORIENTED_EDGE('',*,*,#3077,.T.);
#3077 = EDGE_CURVE('',#3078,#3080,#3082,.T.);
#3078 = VERTEX_POINT('',#3079);
#3079 = CARTESIAN_POINT('',(-11.75,-109.4,90.8));
#3080 = VERTEX_POINT('',#3081);
#3081 = CARTESIAN_POINT('',(-12.4,-109.4,91.45));
#3082 = SEAM_CURVE('',#3083,(#3088,#3095),.PCURVE_S1.);
#3083 = CIRCLE('',#3084,0.65);
#3084 = AXIS2_PLACEMENT_3D('',#3085,#3086,#3087);
#3085 = CARTESIAN_POINT('',(-12.4,-109.4,90.8));
#3086 = DIRECTION('',(-2.449293598295E-16,-1.,0.));
#3087 = DIRECTION('',(1.,-2.449293598295E-16,0.));
#3088 = PCURVE('',#2939,#3089);
#3089 = DEFINITIONAL_REPRESENTATION('',(#3090),#3094);
#3090 = LINE('',#3091,#3092);
#3091 = CARTESIAN_POINT('',(6.28318530718,-6.28318530718));
#3092 = VECTOR('',#3093,1.);
#3093 = DIRECTION('',(0.,1.));
#3094 = ( GEOMETRIC_REPRESENTATION_CONTEXT(2) 
PARAMETRIC_REPRESENTATION_CONTEXT() REPRESENTATION_CONTEXT('2D SPACE',''
  ) );
#3095 = PCURVE('',#2939,#3096);
#3096 = DEFINITIONAL_REPRESENTATION('',(#3097),#3101);
#3097 = LINE('',#3098,#3099);
#3098 = CARTESIAN_POINT('',(0.,-6.28318530718));
#3099 = VECTOR('',#3100,1.);
#3100 = DIRECTION('',(0.,1.));
#3101 = ( GEOMETRIC_REPRESENTATION_CONTEXT(2) 
PARAMETRIC_REPRESENTATION_CONTEXT() REPRESENTATION_CONTEXT('2D SPACE',''
  ) );
#3102 = ORIENTED_EDGE('',*,*,#3077,.F.);
#3103 = ORIENTED_EDGE('',*,*,#3104,.F.);
#3104 = EDGE_CURVE('',#3105,#3078,#3107,.T.);
#3105 = VERTEX_POINT('',#3106);
#3106 = CARTESIAN_POINT('',(-12.4,-109.1310280862,91.391738210351));
#3107 = SURFACE_CURVE('',#3108,(#3113,#3143),.PCURVE_S1.);
#3108 = CIRCLE('',#3109,0.65);
#3109 = AXIS2_PLACEMENT_3D('',#3110,#3111,#3112);
#3110 = CARTESIAN_POINT('',(-12.4,-109.4,90.8));
#3111 = DIRECTION('',(0.,0.910366477463,-0.413802944301));
#3112 = DIRECTION('',(0.,0.413802944301,0.910366477463));
#3113 = PCURVE('',#2939,#3114);
#3114 = DEFINITIONAL_REPRESENTATION('',(#3115),#3142);
#3115 = B_SPLINE_CURVE_WITH_KNOTS('',7,(#3116,#3117,#3118,#3119,#3120,
    #3121,#3122,#3123,#3124,#3125,#3126,#3127,#3128,#3129,#3130,#3131,
    #3132,#3133,#3134,#3135,#3136,#3137,#3138,#3139,#3140,#3141),
  .UNSPECIFIED.,.F.,.F.,(8,6,6,6,8),(0.,0.196349540849,0.539961237336,
    1.055378782065,1.570796326795),.UNSPECIFIED.);
#3116 = CARTESIAN_POINT('',(1.570796326795,1.144168833668));
#3117 = CARTESIAN_POINT('',(1.503010597396,1.144168833668));
#3118 = CARTESIAN_POINT('',(1.435225214087,1.142149613994));
#3119 = CARTESIAN_POINT('',(1.368280857733,1.138109843198));
#3120 = CARTESIAN_POINT('',(1.303029811393,1.132113088564));
#3121 = CARTESIAN_POINT('',(1.24012528903,1.124276685767));
#3122 = CARTESIAN_POINT('',(1.179954136109,1.114750808774));
#3123 = CARTESIAN_POINT('',(1.022540742541,1.084327369551));
#3124 = CARTESIAN_POINT('',(0.93133825092,1.060259979456));
#3125 = CARTESIAN_POINT('',(0.850179581826,1.032309191799));
#3126 = CARTESIAN_POINT('',(0.778166745832,1.001360139202));
#3127 = CARTESIAN_POINT('',(0.713918947576,0.968028719497));
#3128 = CARTESIAN_POINT('',(0.656292454456,0.932795791854));
#3129 = CARTESIAN_POINT('',(0.526176634333,0.840858989077));
#3130 = CARTESIAN_POINT('',(0.460669187493,0.782228154644));
#3131 = CARTESIAN_POINT('',(0.404237629509,0.721348244558));
#3132 = CARTESIAN_POINT('',(0.354348718423,0.658856286184));
#3133 = CARTESIAN_POINT('',(0.309477893017,0.595173623413));
#3134 = CARTESIAN_POINT('',(0.268409121114,0.530592414448));
#3135 = CARTESIAN_POINT('',(0.192108678579,0.400068151458));
#3136 = CARTESIAN_POINT('',(0.15687485128,0.334125303791));
#3137 = CARTESIAN_POINT('',(0.123665054932,0.267718144205));
#3138 = CARTESIAN_POINT('',(9.185211211704E-02,0.200992605465));
#3139 = CARTESIAN_POINT('',(6.093801551034E-02,0.134062361956));
#3140 = CARTESIAN_POINT('',(3.046875679335E-02,6.703126494537E-02));
#3141 = CARTESIAN_POINT('',(-2.22044604925E-14,-4.372570681601E-14));
#3142 = ( GEOMETRIC_REPRESENTATION_CONTEXT(2) 
PARAMETRIC_REPRESENTATION_CONTEXT() REPRESENTATION_CONTEXT('2D SPACE',''
  ) );
#3143 = PCURVE('',#3000,#3144);
#3144 = DEFINITIONAL_REPRESENTATION('',(#3145),#3149);
#3145 = LINE('',#3146,#3147);
#3146 = CARTESIAN_POINT('',(0.,0.));
#3147 = VECTOR('',#3148,1.);
#3148 = DIRECTION('',(1.,0.));
#3149 = ( GEOMETRIC_REPRESENTATION_CONTEXT(2) 
PARAMETRIC_REPRESENTATION_CONTEXT() REPRESENTATION_CONTEXT('2D SPACE',''
  ) );
#3150 = ORIENTED_EDGE('',*,*,#3151,.F.);
#3151 = EDGE_CURVE('',#2921,#3105,#3152,.T.);
#3152 = SURFACE_CURVE('',#3153,(#3158,#3185),.PCURVE_S1.);
#3153 = CIRCLE('',#3154,0.65);
#3154 = AXIS2_PLACEMENT_3D('',#3155,#3156,#3157);
#3155 = CARTESIAN_POINT('',(-12.4,-109.4,90.8));
#3156 = DIRECTION('',(0.,0.910366477463,-0.413802944301));
#3157 = DIRECTION('',(0.,0.413802944301,0.910366477463));
#3158 = PCURVE('',#2939,#3159);
#3159 = DEFINITIONAL_REPRESENTATION('',(#3160),#3184);
#3160 = B_SPLINE_CURVE_WITH_KNOTS('',8,(#3161,#3162,#3163,#3164,#3165,
    #3166,#3167,#3168,#3169,#3170,#3171,#3172,#3173,#3174,#3175,#3176,
    #3177,#3178,#3179,#3180,#3181,#3182,#3183),.UNSPECIFIED.,.F.,.F.,(9,
    7,7,9),(4.82279185603,5.552988581605,5.918086944392,6.28318530718),
  .UNSPECIFIED.);
#3161 = CARTESIAN_POINT('',(3.095753227709,0.100471977118));
#3162 = CARTESIAN_POINT('',(3.057599682085,0.183478019968));
#3163 = CARTESIAN_POINT('',(3.018716286514,0.266318537529));
#3164 = CARTESIAN_POINT('',(2.978279435891,0.34880241161));
#3165 = CARTESIAN_POINT('',(2.935388295915,0.430731544398));
#3166 = CARTESIAN_POINT('',(2.888922763359,0.51183339865));
#3167 = CARTESIAN_POINT('',(2.837398110876,0.591756742688));
#3168 = CARTESIAN_POINT('',(2.778581059689,0.669969214413));
#3169 = CARTESIAN_POINT('',(2.673657505381,0.783108370645));
#3170 = CARTESIAN_POINT('',(2.63589968744,0.82012456437));
#3171 = CARTESIAN_POINT('',(2.594882812177,0.856309661436));
#3172 = CARTESIAN_POINT('',(2.550020138181,0.891491673607));
#3173 = CARTESIAN_POINT('',(2.500629234825,0.925455225245));
#3174 = CARTESIAN_POINT('',(2.445866211912,0.957914202053));
#3175 = CARTESIAN_POINT('',(2.384763856787,0.988484007432));
#3176 = CARTESIAN_POINT('',(2.248353446037,1.044865488291));
#3177 = CARTESIAN_POINT('',(2.173048528787,1.070677261521));
#3178 = CARTESIAN_POINT('',(2.089860910867,1.093621823002));
#3179 = CARTESIAN_POINT('',(1.998336169499,1.11310594138));
#3180 = CARTESIAN_POINT('',(1.898290429388,1.128459754608));
#3181 = CARTESIAN_POINT('',(1.791368093675,1.138932066555));
#3182 = CARTESIAN_POINT('',(1.681083834356,1.144168833668));
#3183 = CARTESIAN_POINT('',(1.570796326795,1.144168833668));
#3184 = ( GEOMETRIC_REPRESENTATION_CONTEXT(2) 
PARAMETRIC_REPRESENTATION_CONTEXT() REPRESENTATION_CONTEXT('2D SPACE',''
  ) );
#3185 = PCURVE('',#3000,#3186);
#3186 = DEFINITIONAL_REPRESENTATION('',(#3187),#3191);
#3187 = LINE('',#3188,#3189);
#3188 = CARTESIAN_POINT('',(0.,0.));
#3189 = VECTOR('',#3190,1.);
#3190 = DIRECTION('',(1.,0.));
#3191 = ( GEOMETRIC_REPRESENTATION_CONTEXT(2) 
PARAMETRIC_REPRESENTATION_CONTEXT() REPRESENTATION_CONTEXT('2D SPACE',''
  ) );
#3192 = ORIENTED_EDGE('',*,*,#2920,.T.);
#3193 = ORIENTED_EDGE('',*,*,#3194,.F.);
#3194 = EDGE_CURVE('',#3078,#2923,#3195,.T.);
#3195 = SURFACE_CURVE('',#3196,(#3201,#3211),.PCURVE_S1.);
#3196 = CIRCLE('',#3197,0.65);
#3197 = AXIS2_PLACEMENT_3D('',#3198,#3199,#3200);
#3198 = CARTESIAN_POINT('',(-12.4,-109.4,90.8));
#3199 = DIRECTION('',(0.,0.910366477463,-0.413802944301));
#3200 = DIRECTION('',(0.,0.413802944301,0.910366477463));
#3201 = PCURVE('',#2939,#3202);
#3202 = DEFINITIONAL_REPRESENTATION('',(#3203),#3210);
#3203 = B_SPLINE_CURVE_WITH_KNOTS('',5,(#3204,#3205,#3206,#3207,#3208,
    #3209),.UNSPECIFIED.,.F.,.F.,(6,6),(1.570796326795,1.68119920244),
  .PIECEWISE_BEZIER_KNOTS.);
#3204 = CARTESIAN_POINT('',(6.28318530718,-4.372570681601E-14));
#3205 = CARTESIAN_POINT('',(6.274048300179,-2.010141540064E-02));
#3206 = CARTESIAN_POINT('',(6.264911293299,-4.020283083569E-02));
#3207 = CARTESIAN_POINT('',(6.255758902625,-6.030074991708E-02));
#3208 = CARTESIAN_POINT('',(6.246575747181,-8.039167709902E-02));
#3209 = CARTESIAN_POINT('',(6.237345881298,-0.100471977118));
#3210 = ( GEOMETRIC_REPRESENTATION_CONTEXT(2) 
PARAMETRIC_REPRESENTATION_CONTEXT() REPRESENTATION_CONTEXT('2D SPACE',''
  ) );
#3211 = PCURVE('',#3000,#3212);
#3212 = DEFINITIONAL_REPRESENTATION('',(#3213),#3217);
#3213 = LINE('',#3214,#3215);
#3214 = CARTESIAN_POINT('',(0.,0.));
#3215 = VECTOR('',#3216,1.);
#3216 = DIRECTION('',(1.,0.));
#3217 = ( GEOMETRIC_REPRESENTATION_CONTEXT(2) 
PARAMETRIC_REPRESENTATION_CONTEXT() REPRESENTATION_CONTEXT('2D SPACE',''
  ) );
#3218 = ADVANCED_FACE('',(#3219),#3000,.T.);
#3219 = FACE_BOUND('',#3220,.T.);
#3220 = EDGE_LOOP('',(#3221,#3255,#3292,#3313,#3314,#3315,#3316,#3317,
    #3318,#3319,#3353));
#3221 = ORIENTED_EDGE('',*,*,#3222,.F.);
#3222 = EDGE_CURVE('',#3223,#3225,#3227,.T.);
#3223 = VERTEX_POINT('',#3224);
#3224 = CARTESIAN_POINT('',(-11.8012439933,-100.4953223764,
    87.030290771805));
#3225 = VERTEX_POINT('',#3226);
#3226 = CARTESIAN_POINT('',(-11.75,-100.6,86.8));
#3227 = SURFACE_CURVE('',#3228,(#3233,#3240),.PCURVE_S1.);
#3228 = CIRCLE('',#3229,0.65);
#3229 = AXIS2_PLACEMENT_3D('',#3230,#3231,#3232);
#3230 = CARTESIAN_POINT('',(-12.4,-100.6,86.8));
#3231 = DIRECTION('',(0.,0.910366477463,-0.413802944301));
#3232 = DIRECTION('',(0.,0.413802944301,0.910366477463));
#3233 = PCURVE('',#3000,#3234);
#3234 = DEFINITIONAL_REPRESENTATION('',(#3235),#3239);
#3235 = LINE('',#3236,#3237);
#3236 = CARTESIAN_POINT('',(0.,9.666436778876));
#3237 = VECTOR('',#3238,1.);
#3238 = DIRECTION('',(1.,0.));
#3239 = ( GEOMETRIC_REPRESENTATION_CONTEXT(2) 
PARAMETRIC_REPRESENTATION_CONTEXT() REPRESENTATION_CONTEXT('2D SPACE',''
  ) );
#3240 = PCURVE('',#3241,#3246);
#3241 = SPHERICAL_SURFACE('',#3242,0.65);
#3242 = AXIS2_PLACEMENT_3D('',#3243,#3244,#3245);
#3243 = CARTESIAN_POINT('',(-12.4,-100.6,86.8));
#3244 = DIRECTION('',(0.,0.,1.));
#3245 = DIRECTION('',(1.,0.,-0.));
#3246 = DEFINITIONAL_REPRESENTATION('',(#3247),#3254);
#3247 = B_SPLINE_CURVE_WITH_KNOTS('',5,(#3248,#3249,#3250,#3251,#3252,
    #3253),.UNSPECIFIED.,.F.,.F.,(6,6),(1.171058576615,1.570796326795),
  .PIECEWISE_BEZIER_KNOTS.);
#3248 = CARTESIAN_POINT('',(0.17307603117,0.36215844731));
#3249 = CARTESIAN_POINT('',(0.135244773274,0.290464256666));
#3250 = CARTESIAN_POINT('',(9.998111940962E-02,0.218177769062));
#3251 = CARTESIAN_POINT('',(6.616399126462E-02,0.145563457773));
#3252 = CARTESIAN_POINT('',(3.308253159457E-02,7.278156950806E-02));
#3253 = CARTESIAN_POINT('',(-2.22044604925E-14,-4.372570681601E-14));
#3254 = ( GEOMETRIC_REPRESENTATION_CONTEXT(2) 
PARAMETRIC_REPRESENTATION_CONTEXT() REPRESENTATION_CONTEXT('2D SPACE',''
  ) );
#3255 = ORIENTED_EDGE('',*,*,#3256,.F.);
#3256 = EDGE_CURVE('',#3257,#3223,#3259,.T.);
#3257 = VERTEX_POINT('',#3258);
#3258 = CARTESIAN_POINT('',(-12.4,-100.4995891313,87.468356867239));
#3259 = SURFACE_CURVE('',#3260,(#3265,#3276),.PCURVE_S1.);
#3260 = ELLIPSE('',#3261,0.680369427636,0.65);
#3261 = AXIS2_PLACEMENT_3D('',#3262,#3263,#3264);
#3262 = CARTESIAN_POINT('',(-12.4,-100.6,86.8));
#3263 = DIRECTION('',(-0.114975832422,0.982344062047,-0.147582863907));
#3264 = DIRECTION('',(0.371805224149,-9.521269701869E-02,-0.923415084143
    ));
#3265 = PCURVE('',#3000,#3266);
#3266 = DEFINITIONAL_REPRESENTATION('',(#3267),#3275);
#3267 = B_SPLINE_CURVE_WITH_KNOTS('',6,(#3268,#3269,#3270,#3271,#3272,
    #3273,#3274),.UNSPECIFIED.,.F.,.F.,(7,7),(3.541330403769,
    4.712388978337),.PIECEWISE_BEZIER_KNOTS.);
#3268 = CARTESIAN_POINT('',(-7.43405337289E-13,9.481279428157));
#3269 = CARTESIAN_POINT('',(0.195176429094,9.496547307559));
#3270 = CARTESIAN_POINT('',(0.390352858189,9.520278659377));
#3271 = CARTESIAN_POINT('',(0.585529287283,9.551430554913));
#3272 = CARTESIAN_POINT('',(0.780705716378,9.587974934258));
#3273 = CARTESIAN_POINT('',(0.975882145473,9.627205559763));
#3274 = CARTESIAN_POINT('',(1.171058574567,9.666436778464));
#3275 = ( GEOMETRIC_REPRESENTATION_CONTEXT(2) 
PARAMETRIC_REPRESENTATION_CONTEXT() REPRESENTATION_CONTEXT('2D SPACE',''
  ) );
#3276 = PCURVE('',#3277,#3282);
#3277 = CYLINDRICAL_SURFACE('',#3278,0.65);
#3278 = AXIS2_PLACEMENT_3D('',#3279,#3280,#3281);
#3279 = CARTESIAN_POINT('',(-12.4,-100.6,86.8));
#3280 = DIRECTION('',(-0.219687387582,0.96662450536,0.131812432549));
#3281 = DIRECTION('',(0.975132855791,0.221621103589,-3.469446951954E-18)
  );
#3282 = DEFINITIONAL_REPRESENTATION('',(#3283),#3291);
#3283 = B_SPLINE_CURVE_WITH_KNOTS('',6,(#3284,#3285,#3286,#3287,#3288,
    #3289,#3290),.UNSPECIFIED.,.F.,.F.,(7,7),(3.541330403769,
    4.712388978337),.PIECEWISE_BEZIER_KNOTS.);
#3284 = CARTESIAN_POINT('',(4.746631314069,0.185157350719));
#3285 = CARTESIAN_POINT('',(4.941807743163,0.169889471316));
#3286 = CARTESIAN_POINT('',(5.136984172258,0.146158119499));
#3287 = CARTESIAN_POINT('',(5.332160601353,0.115006223962));
#3288 = CARTESIAN_POINT('',(5.527337030447,7.846184461828E-02));
#3289 = CARTESIAN_POINT('',(5.722513459542,3.923121911247E-02));
#3290 = CARTESIAN_POINT('',(5.917689888637,4.115179308428E-10));
#3291 = ( GEOMETRIC_REPRESENTATION_CONTEXT(2) 
PARAMETRIC_REPRESENTATION_CONTEXT() REPRESENTATION_CONTEXT('2D SPACE',''
  ) );
#3292 = ORIENTED_EDGE('',*,*,#3293,.F.);
#3293 = EDGE_CURVE('',#3105,#3257,#3294,.T.);
#3294 = SEAM_CURVE('',#3295,(#3299,#3306),.PCURVE_S1.);
#3295 = LINE('',#3296,#3297);
#3296 = CARTESIAN_POINT('',(-12.4,-109.1310280862,91.391738210351));
#3297 = VECTOR('',#3298,1.);
#3298 = DIRECTION('',(1.232595164408E-32,0.910366477463,-0.413802944301)
  );
#3299 = PCURVE('',#3000,#3300);
#3300 = DEFINITIONAL_REPRESENTATION('',(#3301),#3305);
#3301 = LINE('',#3302,#3303);
#3302 = CARTESIAN_POINT('',(6.28318530718,-0.));
#3303 = VECTOR('',#3304,1.);
#3304 = DIRECTION('',(0.,1.));
#3305 = ( GEOMETRIC_REPRESENTATION_CONTEXT(2) 
PARAMETRIC_REPRESENTATION_CONTEXT() REPRESENTATION_CONTEXT('2D SPACE',''
  ) );
#3306 = PCURVE('',#3000,#3307);
#3307 = DEFINITIONAL_REPRESENTATION('',(#3308),#3312);
#3308 = LINE('',#3309,#3310);
#3309 = CARTESIAN_POINT('',(0.,-0.));
#3310 = VECTOR('',#3311,1.);
#3311 = DIRECTION('',(0.,1.));
#3312 = ( GEOMETRIC_REPRESENTATION_CONTEXT(2) 
PARAMETRIC_REPRESENTATION_CONTEXT() REPRESENTATION_CONTEXT('2D SPACE',''
  ) );
#3313 = ORIENTED_EDGE('',*,*,#3104,.T.);
#3314 = ORIENTED_EDGE('',*,*,#3194,.T.);
#3315 = ORIENTED_EDGE('',*,*,#3042,.T.);
#3316 = ORIENTED_EDGE('',*,*,#2978,.T.);
#3317 = ORIENTED_EDGE('',*,*,#3151,.T.);
#3318 = ORIENTED_EDGE('',*,*,#3293,.T.);
#3319 = ORIENTED_EDGE('',*,*,#3320,.F.);
#3320 = EDGE_CURVE('',#3321,#3257,#3323,.T.);
#3321 = VERTEX_POINT('',#3322);
#3322 = CARTESIAN_POINT('',(-12.99875600669,-100.7046776235,
    86.569709228195));
#3323 = SURFACE_CURVE('',#3324,(#3329,#3341),.PCURVE_S1.);
#3324 = ELLIPSE('',#3325,0.680369427636,0.65);
#3325 = AXIS2_PLACEMENT_3D('',#3326,#3327,#3328);
#3326 = CARTESIAN_POINT('',(-12.4,-100.6,86.8));
#3327 = DIRECTION('',(-0.114975832422,0.982344062047,-0.147582863907));
#3328 = DIRECTION('',(0.371805224149,-9.521269701869E-02,-0.923415084143
    ));
#3329 = PCURVE('',#3000,#3330);
#3330 = DEFINITIONAL_REPRESENTATION('',(#3331),#3340);
#3331 = B_SPLINE_CURVE_WITH_KNOTS('',7,(#3332,#3333,#3334,#3335,#3336,
    #3337,#3338,#3339),.UNSPECIFIED.,.F.,.F.,(8,8),(1.570796327505,
    3.541330403769),.PIECEWISE_BEZIER_KNOTS.);
#3332 = CARTESIAN_POINT('',(4.312651230914,9.666436778733));
#3333 = CARTESIAN_POINT('',(4.594156098952,9.609853209218));
#3334 = CARTESIAN_POINT('',(4.87566096699,9.553270959808));
#3335 = CARTESIAN_POINT('',(5.15716583503,9.504003307559));
#3336 = CARTESIAN_POINT('',(5.438670703063,9.469413751079));
#3337 = CARTESIAN_POINT('',(5.720175571104,9.454357122131));
#3338 = CARTESIAN_POINT('',(6.001680439141,9.459258416725));
#3339 = CARTESIAN_POINT('',(6.283185307179,9.481279428157));
#3340 = ( GEOMETRIC_REPRESENTATION_CONTEXT(2) 
PARAMETRIC_REPRESENTATION_CONTEXT() REPRESENTATION_CONTEXT('2D SPACE',''
  ) );
#3341 = PCURVE('',#3277,#3342);
#3342 = DEFINITIONAL_REPRESENTATION('',(#3343),#3352);
#3343 = B_SPLINE_CURVE_WITH_KNOTS('',7,(#3344,#3345,#3346,#3347,#3348,
    #3349,#3350,#3351),.UNSPECIFIED.,.F.,.F.,(8,8),(1.570796327505,
    3.541330403769),.PIECEWISE_BEZIER_KNOTS.);
#3344 = CARTESIAN_POINT('',(2.776097237804,1.426627704859E-10));
#3345 = CARTESIAN_POINT('',(3.057602105842,5.658356965769E-02));
#3346 = CARTESIAN_POINT('',(3.339106973879,0.113165819067));
#3347 = CARTESIAN_POINT('',(3.620611841919,0.162433471321));
#3348 = CARTESIAN_POINT('',(3.902116709955,0.197023027795));
#3349 = CARTESIAN_POINT('',(4.183621577993,0.212079656746));
#3350 = CARTESIAN_POINT('',(4.465126446031,0.207178362151));
#3351 = CARTESIAN_POINT('',(4.746631314069,0.185157350719));
#3352 = ( GEOMETRIC_REPRESENTATION_CONTEXT(2) 
PARAMETRIC_REPRESENTATION_CONTEXT() REPRESENTATION_CONTEXT('2D SPACE',''
  ) );
#3353 = ORIENTED_EDGE('',*,*,#3354,.F.);
#3354 = EDGE_CURVE('',#3225,#3321,#3355,.T.);
#3355 = SURFACE_CURVE('',#3356,(#3361,#3368),.PCURVE_S1.);
#3356 = CIRCLE('',#3357,0.65);
#3357 = AXIS2_PLACEMENT_3D('',#3358,#3359,#3360);
#3358 = CARTESIAN_POINT('',(-12.4,-100.6,86.8));
#3359 = DIRECTION('',(0.,0.910366477463,-0.413802944301));
#3360 = DIRECTION('',(0.,0.413802944301,0.910366477463));
#3361 = PCURVE('',#3000,#3362);
#3362 = DEFINITIONAL_REPRESENTATION('',(#3363),#3367);
#3363 = LINE('',#3364,#3365);
#3364 = CARTESIAN_POINT('',(0.,9.666436778876));
#3365 = VECTOR('',#3366,1.);
#3366 = DIRECTION('',(1.,0.));
#3367 = ( GEOMETRIC_REPRESENTATION_CONTEXT(2) 
PARAMETRIC_REPRESENTATION_CONTEXT() REPRESENTATION_CONTEXT('2D SPACE',''
  ) );
#3368 = PCURVE('',#3241,#3369);
#3369 = DEFINITIONAL_REPRESENTATION('',(#3370),#3422);
#3370 = B_SPLINE_CURVE_WITH_KNOTS('',8,(#3371,#3372,#3373,#3374,#3375,
    #3376,#3377,#3378,#3379,#3380,#3381,#3382,#3383,#3384,#3385,#3386,
    #3387,#3388,#3389,#3390,#3391,#3392,#3393,#3394,#3395,#3396,#3397,
    #3398,#3399,#3400,#3401,#3402,#3403,#3404,#3405,#3406,#3407,#3408,
    #3409,#3410,#3411,#3412,#3413,#3414,#3415,#3416,#3417,#3418,#3419,
    #3420,#3421),.UNSPECIFIED.,.F.,.F.,(9,7,7,7,7,7,7,9),(1.570796326795
    ,2.256260052647,2.770357847037,2.963144519933,3.3005211975,
    3.553553705676,3.93310246794,4.312651230204),.UNSPECIFIED.);
#3371 = CARTESIAN_POINT('',(6.28318530718,-4.372570681601E-14));
#3372 = CARTESIAN_POINT('',(6.247729443683,-7.800289969162E-02));
#3373 = CARTESIAN_POINT('',(6.212273808057,-0.15600596522));
#3374 = CARTESIAN_POINT('',(6.176159406215,-0.233858693755));
#3375 = CARTESIAN_POINT('',(6.138733162689,-0.311414593673));
#3376 = CARTESIAN_POINT('',(6.099239179221,-0.388497583774));
#3377 = CARTESIAN_POINT('',(6.056748464804,-0.464891765908));
#3378 = CARTESIAN_POINT('',(6.00998392855,-0.540295807932));
#3379 = CARTESIAN_POINT('',(5.917082550428,-0.669598698448));
#3380 = CARTESIAN_POINT('',(5.873712091697,-0.724161158771));
#3381 = CARTESIAN_POINT('',(5.825915693982,-0.777646164225));
#3382 = CARTESIAN_POINT('',(5.772607819898,-0.829764161867));
#3383 = CARTESIAN_POINT('',(5.712263999332,-0.880091435967));
#3384 = CARTESIAN_POINT('',(5.643077245039,-0.928074009992));
#3385 = CARTESIAN_POINT('',(5.562136312478,-0.972779851057));
#3386 = CARTESIAN_POINT('',(5.431690018486,-1.027897619082));
#3387 = CARTESIAN_POINT('',(5.394154285717,-1.042279511985));
#3388 = CARTESIAN_POINT('',(5.354547505466,-1.055942199723));
#3389 = CARTESIAN_POINT('',(5.312767002424,-1.068805867849));
#3390 = CARTESIAN_POINT('',(5.268741674432,-1.080783098997));
#3391 = CARTESIAN_POINT('',(5.222454664231,-1.091782104887));
#3392 = CARTESIAN_POINT('',(5.173966031204,-1.101709958338));
#3393 = CARTESIAN_POINT('',(5.035006858999,-1.125816092423));
#3394 = CARTESIAN_POINT('',(4.940322630901,-1.137599728705));
#3395 = CARTESIAN_POINT('',(4.840258805316,-1.145349185238));
#3396 = CARTESIAN_POINT('',(4.736491581574,-1.148648094976));
#3397 = CARTESIAN_POINT('',(4.632123589068,-1.147224082213));
#3398 = CARTESIAN_POINT('',(4.530550858188,-1.141252180249));
#3399 = CARTESIAN_POINT('',(4.433743105409,-1.131104384346));
#3400 = CARTESIAN_POINT('',(4.274677218061,-1.106837631778));
#3401 = CARTESIAN_POINT('',(4.209830220615,-1.094345734974));
#3402 = CARTESIAN_POINT('',(4.148783982034,-1.079954364572));
#3403 = CARTESIAN_POINT('',(4.091704528032,-1.063883143521));
#3404 = CARTESIAN_POINT('',(4.03850477294,-1.046343942144));
#3405 = CARTESIAN_POINT('',(3.988960508308,-1.027525835017));
#3406 = CARTESIAN_POINT('',(3.942811333062,-1.007592632361));
#3407 = CARTESIAN_POINT('',(3.835215507352,-0.955325087364));
#3408 = CARTESIAN_POINT('',(3.777658860327,-0.921773307069));
#3409 = CARTESIAN_POINT('',(3.726147453778,-0.886507478839));
#3410 = CARTESIAN_POINT('',(3.679668528305,-0.849884750781));
#3411 = CARTESIAN_POINT('',(3.637387001158,-0.812166963122));
#3412 = CARTESIAN_POINT('',(3.598643481958,-0.773550765963));
#3413 = CARTESIAN_POINT('',(3.562877905338,-0.734191856518));
#3414 = CARTESIAN_POINT('',(3.496404514322,-0.654232317361));
#3415 = CARTESIAN_POINT('',(3.465696118249,-0.613631838426));
#3416 = CARTESIAN_POINT('',(3.437063463049,-0.572532707661));
#3417 = CARTESIAN_POINT('',(3.410151126702,-0.53102606969));
#3418 = CARTESIAN_POINT('',(3.384673979028,-0.489182454521));
#3419 = CARTESIAN_POINT('',(3.360396611255,-0.447059088573));
#3420 = CARTESIAN_POINT('',(3.337119039872,-0.404704218426));
#3421 = CARTESIAN_POINT('',(3.31466868476,-0.36215844731));
#3422 = ( GEOMETRIC_REPRESENTATION_CONTEXT(2) 
PARAMETRIC_REPRESENTATION_CONTEXT() REPRESENTATION_CONTEXT('2D SPACE',''
  ) );
#3423 = ADVANCED_FACE('',(#3424),#3241,.T.);
#3424 = FACE_BOUND('',#3425,.T.);
#3425 = EDGE_LOOP('',(#3426,#3427,#3451,#3452,#3453,#3548));
#3426 = ORIENTED_EDGE('',*,*,#3222,.T.);
#3427 = ORIENTED_EDGE('',*,*,#3428,.F.);
#3428 = EDGE_CURVE('',#3429,#3225,#3431,.T.);
#3429 = VERTEX_POINT('',#3430);
#3430 = CARTESIAN_POINT('',(-12.4,-100.6,86.15));
#3431 = SEAM_CURVE('',#3432,(#3437,#3444),.PCURVE_S1.);
#3432 = CIRCLE('',#3433,0.65);
#3433 = AXIS2_PLACEMENT_3D('',#3434,#3435,#3436);
#3434 = CARTESIAN_POINT('',(-12.4,-100.6,86.8));
#3435 = DIRECTION('',(-2.449293598295E-16,-1.,0.));
#3436 = DIRECTION('',(1.,-2.449293598295E-16,0.));
#3437 = PCURVE('',#3241,#3438);
#3438 = DEFINITIONAL_REPRESENTATION('',(#3439),#3443);
#3439 = LINE('',#3440,#3441);
#3440 = CARTESIAN_POINT('',(6.28318530718,-6.28318530718));
#3441 = VECTOR('',#3442,1.);
#3442 = DIRECTION('',(0.,1.));
#3443 = ( GEOMETRIC_REPRESENTATION_CONTEXT(2) 
PARAMETRIC_REPRESENTATION_CONTEXT() REPRESENTATION_CONTEXT('2D SPACE',''
  ) );
#3444 = PCURVE('',#3241,#3445);
#3445 = DEFINITIONAL_REPRESENTATION('',(#3446),#3450);
#3446 = LINE('',#3447,#3448);
#3447 = CARTESIAN_POINT('',(0.,-6.28318530718));
#3448 = VECTOR('',#3449,1.);
#3449 = DIRECTION('',(0.,1.));
#3450 = ( GEOMETRIC_REPRESENTATION_CONTEXT(2) 
PARAMETRIC_REPRESENTATION_CONTEXT() REPRESENTATION_CONTEXT('2D SPACE',''
  ) );
#3451 = ORIENTED_EDGE('',*,*,#3428,.T.);
#3452 = ORIENTED_EDGE('',*,*,#3354,.T.);
#3453 = ORIENTED_EDGE('',*,*,#3454,.F.);
#3454 = EDGE_CURVE('',#3455,#3321,#3457,.T.);
#3455 = VERTEX_POINT('',#3456);
#3456 = CARTESIAN_POINT('',(-11.76616364373,-100.4559462826,86.8));
#3457 = SURFACE_CURVE('',#3458,(#3463,#3541),.PCURVE_S1.);
#3458 = CIRCLE('',#3459,0.65);
#3459 = AXIS2_PLACEMENT_3D('',#3460,#3461,#3462);
#3460 = CARTESIAN_POINT('',(-12.4,-100.6,86.8));
#3461 = DIRECTION('',(-0.219687387582,0.96662450536,0.131812432549));
#3462 = DIRECTION('',(0.975132855791,0.221621103589,0.));
#3463 = PCURVE('',#3241,#3464);
#3464 = DEFINITIONAL_REPRESENTATION('',(#3465),#3540);
#3465 = B_SPLINE_CURVE_WITH_KNOTS('',7,(#3466,#3467,#3468,#3469,#3470,
    #3471,#3472,#3473,#3474,#3475,#3476,#3477,#3478,#3479,#3480,#3481,
    #3482,#3483,#3484,#3485,#3486,#3487,#3488,#3489,#3490,#3491,#3492,
    #3493,#3494,#3495,#3496,#3497,#3498,#3499,#3500,#3501,#3502,#3503,
    #3504,#3505,#3506,#3507,#3508,#3509,#3510,#3511,#3512,#3513,#3514,
    #3515,#3516,#3517,#3518,#3519,#3520,#3521,#3522,#3523,#3524,#3525,
    #3526,#3527,#3528,#3529,#3530,#3531,#3532,#3533,#3534,#3535,#3536,
    #3537,#3538,#3539),.UNSPECIFIED.,.F.,.F.,(8,6,6,6,6,6,6,6,6,6,6,6,8)
  ,(0.,0.694024309274,0.954283425251,1.182010151732,1.381271037402,
    1.468447674883,1.550175772521,1.626795864057,1.698627199872,
    1.833310954524,2.069007525167,2.422552381131,2.776097237094),
  .UNSPECIFIED.);
#3466 = CARTESIAN_POINT('',(0.223476601141,0.));
#3467 = CARTESIAN_POINT('',(0.236545320063,-9.828124601179E-02));
#3468 = CARTESIAN_POINT('',(0.249612514319,-0.196562598005));
#3469 = CARTESIAN_POINT('',(0.26310227639,-0.294815824548));
#3470 = CARTESIAN_POINT('',(0.277385269107,-0.393016404039));
#3471 = CARTESIAN_POINT('',(0.29309695639,-0.491121762046));
#3472 = CARTESIAN_POINT('',(0.310869243136,-0.589090159888));
#3473 = CARTESIAN_POINT('',(0.340919830994,-0.723421243769));
#3474 = CARTESIAN_POINT('',(0.349690191163,-0.760018550108));
#3475 = CARTESIAN_POINT('',(0.359141300204,-0.796570284901));
#3476 = CARTESIAN_POINT('',(0.369414304892,-0.833066901555));
#3477 = CARTESIAN_POINT('',(0.380686556983,-0.869496415242));
#3478 = CARTESIAN_POINT('',(0.393208726344,-0.90584179979));
#3479 = CARTESIAN_POINT('',(0.419776049615,-0.973780551785));
#3480 = CARTESIAN_POINT('',(0.433437166246,-1.005399856936));
#3481 = CARTESIAN_POINT('',(0.448619404943,-1.036916157498));
#3482 = CARTESIAN_POINT('',(0.46570264264,-1.068302900251));
#3483 = CARTESIAN_POINT('',(0.48516630129,-1.09952704383));
#3484 = CARTESIAN_POINT('',(0.507749319757,-1.130536896837));
#3485 = CARTESIAN_POINT('',(0.558454982555,-1.188096379864));
#3486 = CARTESIAN_POINT('',(0.58553578426,-1.214718999596));
#3487 = CARTESIAN_POINT('',(0.616928763575,-1.241036123995));
#3488 = CARTESIAN_POINT('',(0.65396693606,-1.266956746915));
#3489 = CARTESIAN_POINT('',(0.698495646109,-1.292324307465));
#3490 = CARTESIAN_POINT('',(0.753707509659,-1.316919296366));
#3491 = CARTESIAN_POINT('',(0.856937204508,-1.350350203752));
#3492 = CARTESIAN_POINT('',(0.891530042627,-1.360268644631));
#3493 = CARTESIAN_POINT('',(0.92979981694,-1.369882967324));
#3494 = CARTESIAN_POINT('',(0.97231107996,-1.379133749248));
#3495 = CARTESIAN_POINT('',(1.019771934056,-1.387942147515));
#3496 = CARTESIAN_POINT('',(1.072939152846,-1.396204969522));
#3497 = CARTESIAN_POINT('',(1.188043010183,-1.410906288254));
#3498 = CARTESIAN_POINT('',(1.249221862329,-1.417426688744));
#3499 = CARTESIAN_POINT('',(1.31632097576,-1.423247294758));
#3500 = CARTESIAN_POINT('',(1.389554563015,-1.428245534612));
#3501 = CARTESIAN_POINT('',(1.468760272489,-1.432277989244));
#3502 = CARTESIAN_POINT('',(1.552573996419,-1.435220839484));
#3503 = CARTESIAN_POINT('',(1.720160827552,-1.438687113215));
#3504 = CARTESIAN_POINT('',(1.80360774152,-1.439350134519));
#3505 = CARTESIAN_POINT('',(1.887835101268,-1.438946025548));
#3506 = CARTESIAN_POINT('',(1.97077962242,-1.437463112108));
#3507 = CARTESIAN_POINT('',(2.050463719049,-1.434962146853));
#3508 = CARTESIAN_POINT('',(2.125844648101,-1.431537527499));
#3509 = CARTESIAN_POINT('',(2.262520184153,-1.423310142647));
#3510 = CARTESIAN_POINT('',(2.324403531567,-1.418606862782));
#3511 = CARTESIAN_POINT('',(2.381598031979,-1.413265758523));
#3512 = CARTESIAN_POINT('',(2.434141862593,-1.407376887677));
#3513 = CARTESIAN_POINT('',(2.482319983244,-1.401020910576));
#3514 = CARTESIAN_POINT('',(2.526505175017,-1.394263966615));
#3515 = CARTESIAN_POINT('',(2.643130146704,-1.37384701949));
#3516 = CARTESIAN_POINT('',(2.706463743232,-1.359319787169));
#3517 = CARTESIAN_POINT('',(2.759578042413,-1.343950780591));
#3518 = CARTESIAN_POINT('',(2.805021181214,-1.327967628112));
#3519 = CARTESIAN_POINT('',(2.844300199891,-1.311511662741));
#3520 = CARTESIAN_POINT('',(2.878673827173,-1.294685702703));
#3521 = CARTESIAN_POINT('',(2.962149687911,-1.247596097023));
#3522 = CARTESIAN_POINT('',(3.002970186922,-1.216719244893));
#3523 = CARTESIAN_POINT('',(3.03631782054,-1.185320900367));
#3524 = CARTESIAN_POINT('',(3.064235850111,-1.153538937622));
#3525 = CARTESIAN_POINT('',(3.088163758644,-1.12148319458));
#3526 = CARTESIAN_POINT('',(3.108982355826,-1.089212934717));
#3527 = CARTESIAN_POINT('',(3.154878971897,-1.00811685441));
#3528 = CARTESIAN_POINT('',(3.176881145231,-0.959080515791));
#3529 = CARTESIAN_POINT('',(3.195501768981,-0.909816261825));
#3530 = CARTESIAN_POINT('',(3.211592038253,-0.860381176396));
#3531 = CARTESIAN_POINT('',(3.225824012388,-0.810821516718));
#3532 = CARTESIAN_POINT('',(3.238588187575,-0.761163400333));
#3533 = CARTESIAN_POINT('',(3.261796698192,-0.661691929078));
#3534 = CARTESIAN_POINT('',(3.272240404086,-0.611878521735));
#3535 = CARTESIAN_POINT('',(3.28182231426,-0.562007577442));
#3536 = CARTESIAN_POINT('',(3.290732025285,-0.512091805002));
#3537 = CARTESIAN_POINT('',(3.299105959498,-0.462140323823));
#3538 = CARTESIAN_POINT('',(3.307055700997,-0.412160595062));
#3539 = CARTESIAN_POINT('',(3.31466868476,-0.36215844731));
#3540 = ( GEOMETRIC_REPRESENTATION_CONTEXT(2) 
PARAMETRIC_REPRESENTATION_CONTEXT() REPRESENTATION_CONTEXT('2D SPACE',''
  ) );
#3541 = PCURVE('',#3277,#3542);
#3542 = DEFINITIONAL_REPRESENTATION('',(#3543),#3547);
#3543 = LINE('',#3544,#3545);
#3544 = CARTESIAN_POINT('',(0.,0.));
#3545 = VECTOR('',#3546,1.);
#3546 = DIRECTION('',(1.,0.));
#3547 = ( GEOMETRIC_REPRESENTATION_CONTEXT(2) 
PARAMETRIC_REPRESENTATION_CONTEXT() REPRESENTATION_CONTEXT('2D SPACE',''
  ) );
#3548 = ORIENTED_EDGE('',*,*,#3549,.F.);
#3549 = EDGE_CURVE('',#3223,#3455,#3550,.T.);
#3550 = SURFACE_CURVE('',#3551,(#3556,#3566),.PCURVE_S1.);
#3551 = CIRCLE('',#3552,0.65);
#3552 = AXIS2_PLACEMENT_3D('',#3553,#3554,#3555);
#3553 = CARTESIAN_POINT('',(-12.4,-100.6,86.8));
#3554 = DIRECTION('',(-0.219687387582,0.96662450536,0.131812432549));
#3555 = DIRECTION('',(0.975132855791,0.221621103589,0.));
#3556 = PCURVE('',#3241,#3557);
#3557 = DEFINITIONAL_REPRESENTATION('',(#3558),#3565);
#3558 = B_SPLINE_CURVE_WITH_KNOTS('',5,(#3559,#3560,#3561,#3562,#3563,
    #3564),.UNSPECIFIED.,.F.,.F.,(6,6),(5.917689890684,6.28318530718),
  .PIECEWISE_BEZIER_KNOTS.);
#3559 = CARTESIAN_POINT('',(0.17307603117,0.36215844731));
#3560 = CARTESIAN_POINT('',(0.18409447727,0.289789191432));
#3561 = CARTESIAN_POINT('',(0.194358270743,0.21736969841));
#3562 = CARTESIAN_POINT('',(0.204206326997,0.144922571442));
#3563 = CARTESIAN_POINT('',(0.213841233154,7.246127008912E-02));
#3564 = CARTESIAN_POINT('',(0.223476601141,0.));
#3565 = ( GEOMETRIC_REPRESENTATION_CONTEXT(2) 
PARAMETRIC_REPRESENTATION_CONTEXT() REPRESENTATION_CONTEXT('2D SPACE',''
  ) );
#3566 = PCURVE('',#3277,#3567);
#3567 = DEFINITIONAL_REPRESENTATION('',(#3568),#3572);
#3568 = LINE('',#3569,#3570);
#3569 = CARTESIAN_POINT('',(0.,0.));
#3570 = VECTOR('',#3571,1.);
#3571 = DIRECTION('',(1.,0.));
#3572 = ( GEOMETRIC_REPRESENTATION_CONTEXT(2) 
PARAMETRIC_REPRESENTATION_CONTEXT() REPRESENTATION_CONTEXT('2D SPACE',''
  ) );
#3573 = ADVANCED_FACE('',(#3574),#3277,.T.);
#3574 = FACE_BOUND('',#3575,.T.);
#3575 = EDGE_LOOP('',(#3576,#3690,#3729,#3750,#3751,#3752,#3753,#3754,
    #3755));
#3576 = ORIENTED_EDGE('',*,*,#3577,.F.);
#3577 = EDGE_CURVE('',#3578,#3580,#3582,.T.);
#3578 = VERTEX_POINT('',#3579);
#3579 = CARTESIAN_POINT('',(-12.98442224102,-99.5,86.392629598287));
#3580 = VERTEX_POINT('',#3581);
#3581 = CARTESIAN_POINT('',(-12.31557775897,-99.5,87.507370401713));
#3582 = SURFACE_CURVE('',#3583,(#3588,#3595),.PCURVE_S1.);
#3583 = CIRCLE('',#3584,0.65);
#3584 = AXIS2_PLACEMENT_3D('',#3585,#3586,#3587);
#3585 = CARTESIAN_POINT('',(-12.65,-99.5,86.95));
#3586 = DIRECTION('',(-0.219687387582,0.96662450536,0.131812432549));
#3587 = DIRECTION('',(0.975132855791,0.221621103589,0.));
#3588 = PCURVE('',#3277,#3589);
#3589 = DEFINITIONAL_REPRESENTATION('',(#3590),#3594);
#3590 = LINE('',#3591,#3592);
#3591 = CARTESIAN_POINT('',(0.,1.137980667674));
#3592 = VECTOR('',#3593,1.);
#3593 = DIRECTION('',(1.,0.));
#3594 = ( GEOMETRIC_REPRESENTATION_CONTEXT(2) 
PARAMETRIC_REPRESENTATION_CONTEXT() REPRESENTATION_CONTEXT('2D SPACE',''
  ) );
#3595 = PCURVE('',#3596,#3601);
#3596 = SPHERICAL_SURFACE('',#3597,0.65);
#3597 = AXIS2_PLACEMENT_3D('',#3598,#3599,#3600);
#3598 = CARTESIAN_POINT('',(-12.65,-99.5,86.95));
#3599 = DIRECTION('',(0.,0.,1.));
#3600 = DIRECTION('',(1.,0.,-0.));
#3601 = DEFINITIONAL_REPRESENTATION('',(#3602),#3689);
#3602 = B_SPLINE_CURVE_WITH_KNOTS('',8,(#3603,#3604,#3605,#3606,#3607,
    #3608,#3609,#3610,#3611,#3612,#3613,#3614,#3615,#3616,#3617,#3618,
    #3619,#3620,#3621,#3622,#3623,#3624,#3625,#3626,#3627,#3628,#3629,
    #3630,#3631,#3632,#3633,#3634,#3635,#3636,#3637,#3638,#3639,#3640,
    #3641,#3642,#3643,#3644,#3645,#3646,#3647,#3648,#3649,#3650,#3651,
    #3652,#3653,#3654,#3655,#3656,#3657,#3658,#3659,#3660,#3661,#3662,
    #3663,#3664,#3665,#3666,#3667,#3668,#3669,#3670,#3671,#3672,#3673,
    #3674,#3675,#3676,#3677,#3678,#3679,#3680,#3681,#3682,#3683,#3684,
    #3685,#3686,#3687,#3688),.UNSPECIFIED.,.F.,.F.,(9,7,7,7,7,7,7,7,7,7,
    7,7,9),(2.096361191088,2.489060272786,3.176283665759,3.691701210489,
    4.078264369036,4.368186737946,4.476907626288,4.572038403586,
    4.655277833723,4.728112335092,4.855572712488,5.046763278583,
    5.237953844677),.UNSPECIFIED.);
#3603 = CARTESIAN_POINT('',(3.14159265359,-1.030376826524));
#3604 = CARTESIAN_POINT('',(3.16603611361,-0.982927757074));
#3605 = CARTESIAN_POINT('',(3.186062563321,-0.935177541498));
#3606 = CARTESIAN_POINT('',(3.203194848717,-0.887232139404));
#3607 = CARTESIAN_POINT('',(3.218176685212,-0.839142004123));
#3608 = CARTESIAN_POINT('',(3.231500369072,-0.790940488932));
#3609 = CARTESIAN_POINT('',(3.243538219789,-0.742652945185));
#3610 = CARTESIAN_POINT('',(3.254529653791,-0.694295346401));
#3611 = CARTESIAN_POINT('',(3.28243152824,-0.561156642892));
#3612 = CARTESIAN_POINT('',(3.297596734976,-0.476258910008));
#3613 = CARTESIAN_POINT('',(3.311207151096,-0.391257673876));
#3614 = CARTESIAN_POINT('',(3.323759977084,-0.306186054774));
#3615 = CARTESIAN_POINT('',(3.335607962674,-0.221067543217));
#3616 = CARTESIAN_POINT('',(3.347047514035,-0.135921904223));
#3617 = CARTESIAN_POINT('',(3.358307290735,-5.076430034444E-02));
#3618 = CARTESIAN_POINT('',(3.378146120301,9.825257865137E-02));
#3619 = CARTESIAN_POINT('',(3.386691679179,0.162114081978));
#3620 = CARTESIAN_POINT('',(3.395384142893,0.225965821197));
#3621 = CARTESIAN_POINT('',(3.40433628336,0.2898002905));
#3622 = CARTESIAN_POINT('',(3.413669970558,0.353609380666));
#3623 = CARTESIAN_POINT('',(3.423530928486,0.417383389262));
#3624 = CARTESIAN_POINT('',(3.434118219454,0.481109029383));
#3625 = CARTESIAN_POINT('',(3.454436134661,0.592509492556));
#3626 = CARTESIAN_POINT('',(3.463719310876,0.640214162619));
#3627 = CARTESIAN_POINT('',(3.473706379188,0.687871833991));
#3628 = CARTESIAN_POINT('',(3.484553148284,0.735472082973));
#3629 = CARTESIAN_POINT('',(3.496477541724,0.783000213442));
#3630 = CARTESIAN_POINT('',(3.509766071523,0.830436913972));
#3631 = CARTESIAN_POINT('',(3.524832987459,0.877754188707));
#3632 = CARTESIAN_POINT('',(3.555598016907,0.960262362887));
#3633 = CARTESIAN_POINT('',(3.570195496984,0.995527647219));
#3634 = CARTESIAN_POINT('',(3.586525418734,1.030675372941));
#3635 = CARTESIAN_POINT('',(3.604979798067,1.065679259822));
#3636 = CARTESIAN_POINT('',(3.626168005484,1.100496209283));
#3637 = CARTESIAN_POINT('',(3.650911442765,1.135068999584));
#3638 = CARTESIAN_POINT('',(3.680475936659,1.169309348303));
#3639 = CARTESIAN_POINT('',(3.731288052603,1.21567012832));
#3640 = CARTESIAN_POINT('',(3.74618536917,1.22824033151));
#3641 = CARTESIAN_POINT('',(3.762258124582,1.24072681011));
#3642 = CARTESIAN_POINT('',(3.779669583764,1.253117164887));
#3643 = CARTESIAN_POINT('',(3.798616931756,1.265396316074));
#3644 = CARTESIAN_POINT('',(3.819342773814,1.277545392996));
#3645 = CARTESIAN_POINT('',(3.842151508312,1.289539873324));
#3646 = CARTESIAN_POINT('',(3.889549753613,1.311678183244));
#3647 = CARTESIAN_POINT('',(3.913559502088,1.32186592655));
#3648 = CARTESIAN_POINT('',(3.939723030099,1.331888154778));
#3649 = CARTESIAN_POINT('',(3.968342852109,1.341717909604));
#3650 = CARTESIAN_POINT('',(3.999787635864,1.351321690555));
#3651 = CARTESIAN_POINT('',(4.034501218807,1.36065705656));
#3652 = CARTESIAN_POINT('',(4.072993789903,1.369669459967));
#3653 = CARTESIAN_POINT('',(4.153284002939,1.385829809474));
#3654 = CARTESIAN_POINT('',(4.194067036645,1.393070141809));
#3655 = CARTESIAN_POINT('',(4.238526271423,1.399961444626));
#3656 = CARTESIAN_POINT('',(4.287042852407,1.406448407485));
#3657 = CARTESIAN_POINT('',(4.339982831395,1.412463412327));
#3658 = CARTESIAN_POINT('',(4.397611154616,1.417926760023));
#3659 = CARTESIAN_POINT('',(4.459953943282,1.422751986071));
#3660 = CARTESIAN_POINT('',(4.584932300122,1.430447509886));
#3661 = CARTESIAN_POINT('',(4.646559427329,1.43348686668));
#3662 = CARTESIAN_POINT('',(4.711222092302,1.43591932416));
#3663 = CARTESIAN_POINT('',(4.778443523656,1.437692730388));
#3664 = CARTESIAN_POINT('',(4.847421218808,1.438764763341));
#3665 = CARTESIAN_POINT('',(4.917122209592,1.439113266901));
#3666 = CARTESIAN_POINT('',(4.986482229691,1.438741872225));
#3667 = CARTESIAN_POINT('',(5.173806384137,1.435801989809));
#3668 = CARTESIAN_POINT('',(5.289203164954,1.431794885396));
#3669 = CARTESIAN_POINT('',(5.395964920244,1.425769662374));
#3670 = CARTESIAN_POINT('',(5.490411421288,1.418035314379));
#3671 = CARTESIAN_POINT('',(5.57339082527,1.408978137018));
#3672 = CARTESIAN_POINT('',(5.646059106715,1.398852918231));
#3673 = CARTESIAN_POINT('',(5.709832856699,1.387881269158));
#3674 = CARTESIAN_POINT('',(5.850279741248,1.358741024179));
#3675 = CARTESIAN_POINT('',(5.917456212166,1.339717273231));
#3676 = CARTESIAN_POINT('',(5.971952133736,1.319708361317));
#3677 = CARTESIAN_POINT('',(6.017543908532,1.299012607091));
#3678 = CARTESIAN_POINT('',(6.056150289485,1.27780390979));
#3679 = CARTESIAN_POINT('',(6.089447043981,1.256206491194));
#3680 = CARTESIAN_POINT('',(6.118467187557,1.234302319504));
#3681 = CARTESIAN_POINT('',(6.169604437932,1.190002959236));
#3682 = CARTESIAN_POINT('',(6.191720889729,1.167607827362));
#3683 = CARTESIAN_POINT('',(6.211189240466,1.145027412429));
#3684 = CARTESIAN_POINT('',(6.228545831771,1.122300601841));
#3685 = CARTESIAN_POINT('',(6.244166214548,1.099453991903));
#3686 = CARTESIAN_POINT('',(6.258335867801,1.076507701934));
#3687 = CARTESIAN_POINT('',(6.271284696314,1.053478012322));
#3688 = CARTESIAN_POINT('',(6.28318530718,1.030376826524));
#3689 = ( GEOMETRIC_REPRESENTATION_CONTEXT(2) 
PARAMETRIC_REPRESENTATION_CONTEXT() REPRESENTATION_CONTEXT('2D SPACE',''
  ) );
#3690 = ORIENTED_EDGE('',*,*,#3691,.F.);
#3691 = EDGE_CURVE('',#3692,#3578,#3694,.T.);
#3692 = VERTEX_POINT('',#3693);
#3693 = CARTESIAN_POINT('',(-12.00007171325,-99.4267507768,
    86.940344841709));
#3694 = SURFACE_CURVE('',#3695,(#3700,#3712),.PCURVE_S1.);
#3695 = ELLIPSE('',#3696,0.655492355561,0.65);
#3696 = AXIS2_PLACEMENT_3D('',#3697,#3698,#3699);
#3697 = CARTESIAN_POINT('',(-12.65,-99.5,86.95));
#3698 = DIRECTION('',(-0.110771848595,0.99162102271,6.646310915682E-02)
  );
#3699 = DIRECTION('',(-0.850308011962,-0.129181064092,0.510184807177));
#3700 = PCURVE('',#3277,#3701);
#3701 = DEFINITIONAL_REPRESENTATION('',(#3702),#3711);
#3702 = B_SPLINE_CURVE_WITH_KNOTS('',7,(#3703,#3704,#3705,#3706,#3707,
    #3708,#3709,#3710),.UNSPECIFIED.,.F.,.F.,(8,8),(2.616027789297,
    4.712388980385),.PIECEWISE_BEZIER_KNOTS.);
#3703 = CARTESIAN_POINT('',(-3.064215547965E-13,1.06473144448));
#3704 = CARTESIAN_POINT('',(0.299480170155,1.052008719308));
#3705 = CARTESIAN_POINT('',(0.59896034031,1.04695157126));
#3706 = CARTESIAN_POINT('',(0.898440510466,1.051415192757));
#3707 = CARTESIAN_POINT('',(1.197920680621,1.065613401833));
#3708 = CARTESIAN_POINT('',(1.497400850777,1.087263330952));
#3709 = CARTESIAN_POINT('',(1.796881020932,1.112621525411));
#3710 = CARTESIAN_POINT('',(2.096361191088,1.137980667674));
#3711 = ( GEOMETRIC_REPRESENTATION_CONTEXT(2) 
PARAMETRIC_REPRESENTATION_CONTEXT() REPRESENTATION_CONTEXT('2D SPACE',''
  ) );
#3712 = PCURVE('',#3713,#3718);
#3713 = CYLINDRICAL_SURFACE('',#3714,0.65);
#3714 = AXIS2_PLACEMENT_3D('',#3715,#3716,#3717);
#3715 = CARTESIAN_POINT('',(-12.65,-99.5,86.95));
#3716 = DIRECTION('',(0.,1.,0.));
#3717 = DIRECTION('',(0.,-0.,1.));
#3718 = DEFINITIONAL_REPRESENTATION('',(#3719),#3728);
#3719 = B_SPLINE_CURVE_WITH_KNOTS('',7,(#3720,#3721,#3722,#3723,#3724,
    #3725,#3726,#3727),.UNSPECIFIED.,.F.,.F.,(8,8),(2.616027789297,
    4.712388980385),.PIECEWISE_BEZIER_KNOTS.);
#3720 = CARTESIAN_POINT('',(1.585650962772,7.324922319445E-02));
#3721 = CARTESIAN_POINT('',(1.885131132928,8.597194836585E-02));
#3722 = CARTESIAN_POINT('',(2.184611303083,9.102909641458E-02));
#3723 = CARTESIAN_POINT('',(2.48409147324,8.656547491726E-02));
#3724 = CARTESIAN_POINT('',(2.783571643394,7.236726584136E-02));
#3725 = CARTESIAN_POINT('',(3.083051813549,5.071733672213E-02));
#3726 = CARTESIAN_POINT('',(3.382531983705,2.535914226291E-02));
#3727 = CARTESIAN_POINT('',(3.68201215386,0.));
#3728 = ( GEOMETRIC_REPRESENTATION_CONTEXT(2) 
PARAMETRIC_REPRESENTATION_CONTEXT() REPRESENTATION_CONTEXT('2D SPACE',''
  ) );
#3729 = ORIENTED_EDGE('',*,*,#3730,.F.);
#3730 = EDGE_CURVE('',#3455,#3692,#3731,.T.);
#3731 = SEAM_CURVE('',#3732,(#3736,#3743),.PCURVE_S1.);
#3732 = LINE('',#3733,#3734);
#3733 = CARTESIAN_POINT('',(-11.76616364373,-100.4559462826,86.8));
#3734 = VECTOR('',#3735,1.);
#3735 = DIRECTION('',(-0.219687387582,0.96662450536,0.131812432549));
#3736 = PCURVE('',#3277,#3737);
#3737 = DEFINITIONAL_REPRESENTATION('',(#3738),#3742);
#3738 = LINE('',#3739,#3740);
#3739 = CARTESIAN_POINT('',(6.28318530718,-0.));
#3740 = VECTOR('',#3741,1.);
#3741 = DIRECTION('',(0.,1.));
#3742 = ( GEOMETRIC_REPRESENTATION_CONTEXT(2) 
PARAMETRIC_REPRESENTATION_CONTEXT() REPRESENTATION_CONTEXT('2D SPACE',''
  ) );
#3743 = PCURVE('',#3277,#3744);
#3744 = DEFINITIONAL_REPRESENTATION('',(#3745),#3749);
#3745 = LINE('',#3746,#3747);
#3746 = CARTESIAN_POINT('',(0.,-0.));
#3747 = VECTOR('',#3748,1.);
#3748 = DIRECTION('',(0.,1.));
#3749 = ( GEOMETRIC_REPRESENTATION_CONTEXT(2) 
PARAMETRIC_REPRESENTATION_CONTEXT() REPRESENTATION_CONTEXT('2D SPACE',''
  ) );
#3750 = ORIENTED_EDGE('',*,*,#3454,.T.);
#3751 = ORIENTED_EDGE('',*,*,#3320,.T.);
#3752 = ORIENTED_EDGE('',*,*,#3256,.T.);
#3753 = ORIENTED_EDGE('',*,*,#3549,.T.);
#3754 = ORIENTED_EDGE('',*,*,#3730,.T.);
#3755 = ORIENTED_EDGE('',*,*,#3756,.F.);
#3756 = EDGE_CURVE('',#3580,#3692,#3757,.T.);
#3757 = SURFACE_CURVE('',#3758,(#3763,#3773),.PCURVE_S1.);
#3758 = ELLIPSE('',#3759,0.655492355561,0.65);
#3759 = AXIS2_PLACEMENT_3D('',#3760,#3761,#3762);
#3760 = CARTESIAN_POINT('',(-12.65,-99.5,86.95));
#3761 = DIRECTION('',(-0.110771848595,0.99162102271,6.646310915682E-02)
  );
#3762 = DIRECTION('',(-0.850308011962,-0.129181064092,0.510184807177));
#3763 = PCURVE('',#3277,#3764);
#3764 = DEFINITIONAL_REPRESENTATION('',(#3765),#3772);
#3765 = B_SPLINE_CURVE_WITH_KNOTS('',5,(#3766,#3767,#3768,#3769,#3770,
    #3771),.UNSPECIFIED.,.F.,.F.,(6,6),(1.570796310588,2.616027789297),
  .PIECEWISE_BEZIER_KNOTS.);
#3766 = CARTESIAN_POINT('',(5.237953828471,1.137980669046));
#3767 = CARTESIAN_POINT('',(5.447000124212,1.120279214054));
#3768 = CARTESIAN_POINT('',(5.656046419954,1.102576277258));
#3769 = CARTESIAN_POINT('',(5.865092715696,1.086492596964));
#3770 = CARTESIAN_POINT('',(6.074139011438,1.073612294813));
#3771 = CARTESIAN_POINT('',(6.283185307179,1.06473144448));
#3772 = ( GEOMETRIC_REPRESENTATION_CONTEXT(2) 
PARAMETRIC_REPRESENTATION_CONTEXT() REPRESENTATION_CONTEXT('2D SPACE',''
  ) );
#3773 = PCURVE('',#3713,#3774);
#3774 = DEFINITIONAL_REPRESENTATION('',(#3775),#3782);
#3775 = B_SPLINE_CURVE_WITH_KNOTS('',5,(#3776,#3777,#3778,#3779,#3780,
    #3781),.UNSPECIFIED.,.F.,.F.,(6,6),(1.570796310588,2.616027789297),
  .PIECEWISE_BEZIER_KNOTS.);
#3776 = CARTESIAN_POINT('',(0.540419484064,-1.372342239847E-09));
#3777 = CARTESIAN_POINT('',(0.749465779806,1.770145362048E-02));
#3778 = CARTESIAN_POINT('',(0.958512075547,3.540439041641E-02));
#3779 = CARTESIAN_POINT('',(1.167558371289,5.148807071053E-02));
#3780 = CARTESIAN_POINT('',(1.376604667031,6.436837286155E-02));
#3781 = CARTESIAN_POINT('',(1.585650962772,7.324922319445E-02));
#3782 = ( GEOMETRIC_REPRESENTATION_CONTEXT(2) 
PARAMETRIC_REPRESENTATION_CONTEXT() REPRESENTATION_CONTEXT('2D SPACE',''
  ) );
#3783 = ADVANCED_FACE('',(#3784),#3596,.T.);
#3784 = FACE_BOUND('',#3785,.T.);
#3785 = EDGE_LOOP('',(#3786,#3809,#3831));
#3786 = ORIENTED_EDGE('',*,*,#3787,.F.);
#3787 = EDGE_CURVE('',#3788,#3580,#3790,.T.);
#3788 = VERTEX_POINT('',#3789);
#3789 = CARTESIAN_POINT('',(-12.65,-99.5,87.6));
#3790 = SURFACE_CURVE('',#3791,(#3796,#3802),.PCURVE_S1.);
#3791 = CIRCLE('',#3792,0.65);
#3792 = AXIS2_PLACEMENT_3D('',#3793,#3794,#3795);
#3793 = CARTESIAN_POINT('',(-12.65,-99.5,86.95));
#3794 = DIRECTION('',(0.,1.,0.));
#3795 = DIRECTION('',(0.,-0.,1.));
#3796 = PCURVE('',#3596,#3797);
#3797 = DEFINITIONAL_REPRESENTATION('',(#3798),#3801);
#3798 = B_SPLINE_CURVE_WITH_KNOTS('',1,(#3799,#3800),.UNSPECIFIED.,.F.,
  .F.,(2,2),(0.,0.54041950027),.PIECEWISE_BEZIER_KNOTS.);
#3799 = CARTESIAN_POINT('',(6.28318530718,1.570796326795));
#3800 = CARTESIAN_POINT('',(6.28318530718,1.030376826524));
#3801 = ( GEOMETRIC_REPRESENTATION_CONTEXT(2) 
PARAMETRIC_REPRESENTATION_CONTEXT() REPRESENTATION_CONTEXT('2D SPACE',''
  ) );
#3802 = PCURVE('',#3713,#3803);
#3803 = DEFINITIONAL_REPRESENTATION('',(#3804),#3808);
#3804 = LINE('',#3805,#3806);
#3805 = CARTESIAN_POINT('',(0.,0.));
#3806 = VECTOR('',#3807,1.);
#3807 = DIRECTION('',(1.,0.));
#3808 = ( GEOMETRIC_REPRESENTATION_CONTEXT(2) 
PARAMETRIC_REPRESENTATION_CONTEXT() REPRESENTATION_CONTEXT('2D SPACE',''
  ) );
#3809 = ORIENTED_EDGE('',*,*,#3810,.F.);
#3810 = EDGE_CURVE('',#3578,#3788,#3811,.T.);
#3811 = SURFACE_CURVE('',#3812,(#3817,#3824),.PCURVE_S1.);
#3812 = CIRCLE('',#3813,0.65);
#3813 = AXIS2_PLACEMENT_3D('',#3814,#3815,#3816);
#3814 = CARTESIAN_POINT('',(-12.65,-99.5,86.95));
#3815 = DIRECTION('',(0.,1.,0.));
#3816 = DIRECTION('',(0.,-0.,1.));
#3817 = PCURVE('',#3596,#3818);
#3818 = DEFINITIONAL_REPRESENTATION('',(#3819),#3823);
#3819 = LINE('',#3820,#3821);
#3820 = CARTESIAN_POINT('',(3.14159265359,-4.712388980385));
#3821 = VECTOR('',#3822,1.);
#3822 = DIRECTION('',(-0.,1.));
#3823 = ( GEOMETRIC_REPRESENTATION_CONTEXT(2) 
PARAMETRIC_REPRESENTATION_CONTEXT() REPRESENTATION_CONTEXT('2D SPACE',''
  ) );
#3824 = PCURVE('',#3713,#3825);
#3825 = DEFINITIONAL_REPRESENTATION('',(#3826),#3830);
#3826 = LINE('',#3827,#3828);
#3827 = CARTESIAN_POINT('',(0.,0.));
#3828 = VECTOR('',#3829,1.);
#3829 = DIRECTION('',(1.,0.));
#3830 = ( GEOMETRIC_REPRESENTATION_CONTEXT(2) 
PARAMETRIC_REPRESENTATION_CONTEXT() REPRESENTATION_CONTEXT('2D SPACE',''
  ) );
#3831 = ORIENTED_EDGE('',*,*,#3577,.T.);
#3832 = ADVANCED_FACE('',(#3833),#3713,.T.);
#3833 = FACE_BOUND('',#3834,.T.);
#3834 = EDGE_LOOP('',(#3835,#3858,#3887,#3928,#3949,#3950,#3951,#3952,
    #3953));
#3835 = ORIENTED_EDGE('',*,*,#3836,.T.);
#3836 = EDGE_CURVE('',#3788,#3837,#3839,.T.);
#3837 = VERTEX_POINT('',#3838);
#3838 = CARTESIAN_POINT('',(-12.65,-90.5,87.6));
#3839 = SEAM_CURVE('',#3840,(#3844,#3851),.PCURVE_S1.);
#3840 = LINE('',#3841,#3842);
#3841 = CARTESIAN_POINT('',(-12.65,-99.5,87.6));
#3842 = VECTOR('',#3843,1.);
#3843 = DIRECTION('',(0.,1.,0.));
#3844 = PCURVE('',#3713,#3845);
#3845 = DEFINITIONAL_REPRESENTATION('',(#3846),#3850);
#3846 = LINE('',#3847,#3848);
#3847 = CARTESIAN_POINT('',(6.28318530718,-0.));
#3848 = VECTOR('',#3849,1.);
#3849 = DIRECTION('',(0.,1.));
#3850 = ( GEOMETRIC_REPRESENTATION_CONTEXT(2) 
PARAMETRIC_REPRESENTATION_CONTEXT() REPRESENTATION_CONTEXT('2D SPACE',''
  ) );
#3851 = PCURVE('',#3713,#3852);
#3852 = DEFINITIONAL_REPRESENTATION('',(#3853),#3857);
#3853 = LINE('',#3854,#3855);
#3854 = CARTESIAN_POINT('',(0.,-0.));
#3855 = VECTOR('',#3856,1.);
#3856 = DIRECTION('',(0.,1.));
#3857 = ( GEOMETRIC_REPRESENTATION_CONTEXT(2) 
PARAMETRIC_REPRESENTATION_CONTEXT() REPRESENTATION_CONTEXT('2D SPACE',''
  ) );
#3858 = ORIENTED_EDGE('',*,*,#3859,.F.);
#3859 = EDGE_CURVE('',#3860,#3837,#3862,.T.);
#3860 = VERTEX_POINT('',#3861);
#3861 = CARTESIAN_POINT('',(-13.29689854132,-90.5,86.88657857438));
#3862 = SURFACE_CURVE('',#3863,(#3868,#3875),.PCURVE_S1.);
#3863 = CIRCLE('',#3864,0.65);
#3864 = AXIS2_PLACEMENT_3D('',#3865,#3866,#3867);
#3865 = CARTESIAN_POINT('',(-12.65,-90.5,86.95));
#3866 = DIRECTION('',(0.,1.,0.));
#3867 = DIRECTION('',(0.,-0.,1.));
#3868 = PCURVE('',#3713,#3869);
#3869 = DEFINITIONAL_REPRESENTATION('',(#3870),#3874);
#3870 = LINE('',#3871,#3872);
#3871 = CARTESIAN_POINT('',(0.,9.));
#3872 = VECTOR('',#3873,1.);
#3873 = DIRECTION('',(1.,0.));
#3874 = ( GEOMETRIC_REPRESENTATION_CONTEXT(2) 
PARAMETRIC_REPRESENTATION_CONTEXT() REPRESENTATION_CONTEXT('2D SPACE',''
  ) );
#3875 = PCURVE('',#3876,#3881);
#3876 = SPHERICAL_SURFACE('',#3877,0.65);
#3877 = AXIS2_PLACEMENT_3D('',#3878,#3879,#3880);
#3878 = CARTESIAN_POINT('',(-12.65,-90.5,86.95));
#3879 = DIRECTION('',(0.,0.,1.));
#3880 = DIRECTION('',(1.,0.,-0.));
#3881 = DEFINITIONAL_REPRESENTATION('',(#3882),#3886);
#3882 = LINE('',#3883,#3884);
#3883 = CARTESIAN_POINT('',(3.14159265359,-4.712388980385));
#3884 = VECTOR('',#3885,1.);
#3885 = DIRECTION('',(-0.,1.));
#3886 = ( GEOMETRIC_REPRESENTATION_CONTEXT(2) 
PARAMETRIC_REPRESENTATION_CONTEXT() REPRESENTATION_CONTEXT('2D SPACE',''
  ) );
#3887 = ORIENTED_EDGE('',*,*,#3888,.F.);
#3888 = EDGE_CURVE('',#3889,#3860,#3891,.T.);
#3889 = VERTEX_POINT('',#3890);
#3890 = CARTESIAN_POINT('',(-12.00310145867,-90.5,87.01342142562));
#3891 = SURFACE_CURVE('',#3892,(#3897,#3910),.PCURVE_S1.);
#3892 = ELLIPSE('',#3893,0.650897721317,0.65);
#3893 = AXIS2_PLACEMENT_3D('',#3894,#3895,#3896);
#3894 = CARTESIAN_POINT('',(-12.65,-90.5,86.95));
#3895 = DIRECTION('',(5.122739097286E-03,0.998620795115,
    -5.225193879232E-02));
#3896 = DIRECTION('',(-9.743685304674E-02,5.25024529276E-02,
    0.993855901077));
#3897 = PCURVE('',#3713,#3898);
#3898 = DEFINITIONAL_REPRESENTATION('',(#3899),#3909);
#3899 = B_SPLINE_CURVE_WITH_KNOTS('',8,(#3900,#3901,#3902,#3903,#3904,
    #3905,#3906,#3907,#3908),.UNSPECIFIED.,.F.,.F.,(9,9),(1.570796326795
    ,4.712388981694),.PIECEWISE_BEZIER_KNOTS.);
#3900 = CARTESIAN_POINT('',(1.473069419436,9.));
#3901 = CARTESIAN_POINT('',(1.865768501299,8.986580008793));
#3902 = CARTESIAN_POINT('',(2.25846758316,8.973159910575));
#3903 = CARTESIAN_POINT('',(2.651166665024,8.962894531964));
#3904 = CARTESIAN_POINT('',(3.043865746873,8.958930064538));
#3905 = CARTESIAN_POINT('',(3.436564828746,8.962894531986));
#3906 = CARTESIAN_POINT('',(3.829263910608,8.973159910616));
#3907 = CARTESIAN_POINT('',(4.221962992473,8.986580008838));
#3908 = CARTESIAN_POINT('',(4.614662074335,9.000000000045));
#3909 = ( GEOMETRIC_REPRESENTATION_CONTEXT(2) 
PARAMETRIC_REPRESENTATION_CONTEXT() REPRESENTATION_CONTEXT('2D SPACE',''
  ) );
#3910 = PCURVE('',#3911,#3916);
#3911 = CYLINDRICAL_SURFACE('',#3912,0.65);
#3912 = AXIS2_PLACEMENT_3D('',#3913,#3914,#3915);
#3913 = CARTESIAN_POINT('',(-12.65,-90.5,86.95));
#3914 = DIRECTION('',(1.0231347581E-02,0.994486984873,-0.104359745326));
#3915 = DIRECTION('',(0.,0.104365207969,0.994539040644));
#3916 = DEFINITIONAL_REPRESENTATION('',(#3917),#3927);
#3917 = B_SPLINE_CURVE_WITH_KNOTS('',8,(#3918,#3919,#3920,#3921,#3922,
    #3923,#3924,#3925,#3926),.UNSPECIFIED.,.F.,.F.,(9,9),(1.570796326795
    ,4.712388981694),.PIECEWISE_BEZIER_KNOTS.);
#3918 = CARTESIAN_POINT('',(1.473604793584,0.));
#3919 = CARTESIAN_POINT('',(1.866303875446,1.341999120655E-02));
#3920 = CARTESIAN_POINT('',(2.259002957308,2.684008941767E-02));
#3921 = CARTESIAN_POINT('',(2.651702039157,3.710546802144E-02));
#3922 = CARTESIAN_POINT('',(3.044401121046,4.10699354058E-02));
#3923 = CARTESIAN_POINT('',(3.43710020288,3.710546800038E-02));
#3924 = CARTESIAN_POINT('',(3.829799284758,2.684008938072E-02));
#3925 = CARTESIAN_POINT('',(4.22249836662,1.341999116182E-02));
#3926 = CARTESIAN_POINT('',(4.615197448483,-4.473577064346E-11));
#3927 = ( GEOMETRIC_REPRESENTATION_CONTEXT(2) 
PARAMETRIC_REPRESENTATION_CONTEXT() REPRESENTATION_CONTEXT('2D SPACE',''
  ) );
#3928 = ORIENTED_EDGE('',*,*,#3929,.F.);
#3929 = EDGE_CURVE('',#3837,#3889,#3930,.T.);
#3930 = SURFACE_CURVE('',#3931,(#3936,#3943),.PCURVE_S1.);
#3931 = CIRCLE('',#3932,0.65);
#3932 = AXIS2_PLACEMENT_3D('',#3933,#3934,#3935);
#3933 = CARTESIAN_POINT('',(-12.65,-90.5,86.95));
#3934 = DIRECTION('',(0.,1.,0.));
#3935 = DIRECTION('',(0.,-0.,1.));
#3936 = PCURVE('',#3713,#3937);
#3937 = DEFINITIONAL_REPRESENTATION('',(#3938),#3942);
#3938 = LINE('',#3939,#3940);
#3939 = CARTESIAN_POINT('',(0.,9.));
#3940 = VECTOR('',#3941,1.);
#3941 = DIRECTION('',(1.,0.));
#3942 = ( GEOMETRIC_REPRESENTATION_CONTEXT(2) 
PARAMETRIC_REPRESENTATION_CONTEXT() REPRESENTATION_CONTEXT('2D SPACE',''
  ) );
#3943 = PCURVE('',#3876,#3944);
#3944 = DEFINITIONAL_REPRESENTATION('',(#3945),#3948);
#3945 = B_SPLINE_CURVE_WITH_KNOTS('',1,(#3946,#3947),.UNSPECIFIED.,.F.,
  .F.,(2,2),(0.,1.473069419436),.PIECEWISE_BEZIER_KNOTS.);
#3946 = CARTESIAN_POINT('',(0.,1.570796326795));
#3947 = CARTESIAN_POINT('',(0.,9.772690735874E-02));
#3948 = ( GEOMETRIC_REPRESENTATION_CONTEXT(2) 
PARAMETRIC_REPRESENTATION_CONTEXT() REPRESENTATION_CONTEXT('2D SPACE',''
  ) );
#3949 = ORIENTED_EDGE('',*,*,#3836,.F.);
#3950 = ORIENTED_EDGE('',*,*,#3787,.T.);
#3951 = ORIENTED_EDGE('',*,*,#3756,.T.);
#3952 = ORIENTED_EDGE('',*,*,#3691,.T.);
#3953 = ORIENTED_EDGE('',*,*,#3810,.T.);
#3954 = ADVANCED_FACE('',(#3955),#3876,.T.);
#3955 = FACE_BOUND('',#3956,.T.);
#3956 = EDGE_LOOP('',(#3957,#3958,#3959,#4024));
#3957 = ORIENTED_EDGE('',*,*,#3859,.T.);
#3958 = ORIENTED_EDGE('',*,*,#3929,.T.);
#3959 = ORIENTED_EDGE('',*,*,#3960,.F.);
#3960 = EDGE_CURVE('',#3961,#3889,#3963,.T.);
#3961 = VERTEX_POINT('',#3962);
#3962 = CARTESIAN_POINT('',(-12.65,-90.43216261482,87.596450376419));
#3963 = SURFACE_CURVE('',#3964,(#3969,#4017),.PCURVE_S1.);
#3964 = CIRCLE('',#3965,0.65);
#3965 = AXIS2_PLACEMENT_3D('',#3966,#3967,#3968);
#3966 = CARTESIAN_POINT('',(-12.65,-90.5,86.95));
#3967 = DIRECTION('',(1.0231347581E-02,0.994486984873,-0.104359745326));
#3968 = DIRECTION('',(0.,0.104365207969,0.994539040644));
#3969 = PCURVE('',#3876,#3970);
#3970 = DEFINITIONAL_REPRESENTATION('',(#3971),#4016);
#3971 = B_SPLINE_CURVE_WITH_KNOTS('',8,(#3972,#3973,#3974,#3975,#3976,
    #3977,#3978,#3979,#3980,#3981,#3982,#3983,#3984,#3985,#3986,#3987,
    #3988,#3989,#3990,#3991,#3992,#3993,#3994,#3995,#3996,#3997,#3998,
    #3999,#4000,#4001,#4002,#4003,#4004,#4005,#4006,#4007,#4008,#4009,
    #4010,#4011,#4012,#4013,#4014,#4015),.UNSPECIFIED.,.F.,.F.,(9,7,7,7,
    7,7,9),(0.,4.605014979949E-02,0.135272315036,0.302563874854,
    0.595324104537,1.03446444906,1.473604793584),.UNSPECIFIED.);
#3972 = CARTESIAN_POINT('',(1.570796326795,1.466240724815));
#3973 = CARTESIAN_POINT('',(1.51564415928,1.466299619201));
#3974 = CARTESIAN_POINT('',(1.460421574286,1.465997728006));
#3975 = CARTESIAN_POINT('',(1.405632193123,1.465334057212));
#3976 = CARTESIAN_POINT('',(1.351791624464,1.464315066862));
#3977 = CARTESIAN_POINT('',(1.299352105446,1.4629539005));
#3978 = CARTESIAN_POINT('',(1.248659758606,1.46126897034));
#3979 = CARTESIAN_POINT('',(1.199944464614,1.459281898149));
#3980 = CARTESIAN_POINT('',(1.063050755398,1.452622332175));
#3981 = CARTESIAN_POINT('',(0.980691094868,1.447178871763));
#3982 = CARTESIAN_POINT('',(0.907260924718,1.440846517195));
#3983 = CARTESIAN_POINT('',(0.84237588665,1.433802863846));
#3984 = CARTESIAN_POINT('',(0.784909292569,1.426187657841));
#3985 = CARTESIAN_POINT('',(0.733915216895,1.418108056279));
#3986 = CARTESIAN_POINT('',(0.688456902328,1.409647820877));
#3987 = CARTESIAN_POINT('',(0.571445878285,1.384417480607));
#3988 = CARTESIAN_POINT('',(0.511864265454,1.366853613075));
#3989 = CARTESIAN_POINT('',(0.463826216588,1.348610491011));
#3990 = CARTESIAN_POINT('',(0.423845119893,1.329890115189));
#3991 = CARTESIAN_POINT('',(0.390079212171,1.310819115804));
#3992 = CARTESIAN_POINT('',(0.361023379888,1.291480677351));
#3993 = CARTESIAN_POINT('',(0.335740893489,1.271932282459));
#3994 = CARTESIAN_POINT('',(0.274568747386,1.217711637062));
#3995 = CARTESIAN_POINT('',(0.244948614552,1.182692513133));
#3996 = CARTESIAN_POINT('',(0.220770504657,1.147380972196));
#3997 = CARTESIAN_POINT('',(0.200578482237,1.111853767553));
#3998 = CARTESIAN_POINT('',(0.183245557152,1.076174503314));
#3999 = CARTESIAN_POINT('',(0.168163822255,1.040374764652));
#4000 = CARTESIAN_POINT('',(0.154841025188,1.004481586268));
#4001 = CARTESIAN_POINT('',(0.125093151263,0.914559651221));
#4002 = CARTESIAN_POINT('',(0.110444885537,0.860436587133));
#4003 = CARTESIAN_POINT('',(9.78543200535E-02,0.806204881104));
#4004 = CARTESIAN_POINT('',(8.678331980271E-02,0.751893018521));
#4005 = CARTESIAN_POINT('',(7.687491961463E-02,0.697519886537));
#4006 = CARTESIAN_POINT('',(6.785582347993E-02,0.643099983942));
#4007 = CARTESIAN_POINT('',(5.955408039281E-02,0.588642336419));
#4008 = CARTESIAN_POINT('',(4.408824035713E-02,0.479667243916));
#4009 = CARTESIAN_POINT('',(3.692479596109E-02,0.42514976181));
#4010 = CARTESIAN_POINT('',(3.018880144837E-02,0.370609828075));
#4011 = CARTESIAN_POINT('',(2.377873610484E-02,0.316052783228));
#4012 = CARTESIAN_POINT('',(1.761692806117E-02,0.261482707925));
#4013 = CARTESIAN_POINT('',(1.163817375841E-02,0.206903026042));
#4014 = CARTESIAN_POINT('',(5.783633058508E-03,0.152316827004));
#4015 = CARTESIAN_POINT('',(0.,9.772690735874E-02));
#4016 = ( GEOMETRIC_REPRESENTATION_CONTEXT(2) 
PARAMETRIC_REPRESENTATION_CONTEXT() REPRESENTATION_CONTEXT('2D SPACE',''
  ) );
#4017 = PCURVE('',#3911,#4018);
#4018 = DEFINITIONAL_REPRESENTATION('',(#4019),#4023);
#4019 = LINE('',#4020,#4021);
#4020 = CARTESIAN_POINT('',(0.,0.));
#4021 = VECTOR('',#4022,1.);
#4022 = DIRECTION('',(1.,0.));
#4023 = ( GEOMETRIC_REPRESENTATION_CONTEXT(2) 
PARAMETRIC_REPRESENTATION_CONTEXT() REPRESENTATION_CONTEXT('2D SPACE',''
  ) );
#4024 = ORIENTED_EDGE('',*,*,#4025,.F.);
#4025 = EDGE_CURVE('',#3860,#3961,#4026,.T.);
#4026 = SURFACE_CURVE('',#4027,(#4032,#4080),.PCURVE_S1.);
#4027 = CIRCLE('',#4028,0.65);
#4028 = AXIS2_PLACEMENT_3D('',#4029,#4030,#4031);
#4029 = CARTESIAN_POINT('',(-12.65,-90.5,86.95));
#4030 = DIRECTION('',(1.0231347581E-02,0.994486984873,-0.104359745326));
#4031 = DIRECTION('',(0.,0.104365207969,0.994539040644));
#4032 = PCURVE('',#3876,#4033);
#4033 = DEFINITIONAL_REPRESENTATION('',(#4034),#4079);
#4034 = B_SPLINE_CURVE_WITH_KNOTS('',8,(#4035,#4036,#4037,#4038,#4039,
    #4040,#4041,#4042,#4043,#4044,#4045,#4046,#4047,#4048,#4049,#4050,
    #4051,#4052,#4053,#4054,#4055,#4056,#4057,#4058,#4059,#4060,#4061,
    #4062,#4063,#4064,#4065,#4066,#4067,#4068,#4069,#4070,#4071,#4072,
    #4073,#4074,#4075,#4076,#4077,#4078),.UNSPECIFIED.,.F.,.F.,(9,7,7,7,
    7,7,9),(4.615197447173,5.449191377176,5.866188342178,6.074686824679,
    6.178936065929,6.231060686554,6.28318530718),.UNSPECIFIED.);
#4035 = CARTESIAN_POINT('',(3.14159265359,-9.772690735876E-02));
#4036 = CARTESIAN_POINT('',(3.130608659693,5.947606247653E-03));
#4037 = CARTESIAN_POINT('',(3.119878947624,0.109635460196));
#4038 = CARTESIAN_POINT('',(3.109041141533,0.213317652574));
#4039 = CARTESIAN_POINT('',(3.097741439688,0.316975574908));
#4040 = CARTESIAN_POINT('',(3.085675459204,0.420593379004));
#4041 = CARTESIAN_POINT('',(3.072202001884,0.524137176285));
#4042 = CARTESIAN_POINT('',(3.056729443422,0.627576139215));
#4043 = CARTESIAN_POINT('',(3.027298719025,0.782406693925));
#4044 = CARTESIAN_POINT('',(3.016450041601,0.833962143193));
#4045 = CARTESIAN_POINT('',(3.004302175577,0.885449133411));
#4046 = CARTESIAN_POINT('',(2.990444337633,0.93684554919));
#4047 = CARTESIAN_POINT('',(2.974434072581,0.988128625157));
#4048 = CARTESIAN_POINT('',(2.955271362167,1.039243696028));
#4049 = CARTESIAN_POINT('',(2.93185667455,1.090133624997));
#4050 = CARTESIAN_POINT('',(2.884943766875,1.165833077437));
#4051 = CARTESIAN_POINT('',(2.867342212088,1.19096050161));
#4052 = CARTESIAN_POINT('',(2.847312800048,1.215955927132));
#4053 = CARTESIAN_POINT('',(2.824270308965,1.240788811438));
#4054 = CARTESIAN_POINT('',(2.797302693001,1.265405732685));
#4055 = CARTESIAN_POINT('',(2.765151919189,1.289735733259));
#4056 = CARTESIAN_POINT('',(2.725810377291,1.313666232359));
#4057 = CARTESIAN_POINT('',(2.649837898397,1.348571070575));
#4058 = CARTESIAN_POINT('',(2.621685475042,1.360040765736));
#4059 = CARTESIAN_POINT('',(2.590196262036,1.371312505669));
#4060 = CARTESIAN_POINT('',(2.554699795235,1.382343112008));
#4061 = CARTESIAN_POINT('',(2.514392903989,1.393076370938));
#4062 = CARTESIAN_POINT('',(2.468191842826,1.403434650634));
#4063 = CARTESIAN_POINT('',(2.414671224567,1.413306137382));
#4064 = CARTESIAN_POINT('',(2.32119487218,1.42714062662));
#4065 = CARTESIAN_POINT('',(2.287837112234,1.431590032905));
#4066 = CARTESIAN_POINT('',(2.252097359216,1.435857075499));
#4067 = CARTESIAN_POINT('',(2.213791399526,1.439918741973));
#4068 = CARTESIAN_POINT('',(2.172746993598,1.443748416546));
#4069 = CARTESIAN_POINT('',(2.128831252833,1.447315974131));
#4070 = CARTESIAN_POINT('',(2.081992223058,1.450588832913));
#4071 = CARTESIAN_POINT('',(1.982637126003,1.456479098014));
#4072 = CARTESIAN_POINT('',(1.930120150877,1.459096442546));
#4073 = CARTESIAN_POINT('',(1.874850735875,1.461353472236));
#4074 = CARTESIAN_POINT('',(1.817035746459,1.463216452039));
#4075 = CARTESIAN_POINT('',(1.757073875362,1.464654864839));
#4076 = CARTESIAN_POINT('',(1.695560237521,1.465645193907));
#4077 = CARTESIAN_POINT('',(1.633223611415,1.466174061676));
#4078 = CARTESIAN_POINT('',(1.570796326795,1.466240724815));
#4079 = ( GEOMETRIC_REPRESENTATION_CONTEXT(2) 
PARAMETRIC_REPRESENTATION_CONTEXT() REPRESENTATION_CONTEXT('2D SPACE',''
  ) );
#4080 = PCURVE('',#3911,#4081);
#4081 = DEFINITIONAL_REPRESENTATION('',(#4082),#4086);
#4082 = LINE('',#4083,#4084);
#4083 = CARTESIAN_POINT('',(0.,0.));
#4084 = VECTOR('',#4085,1.);
#4085 = DIRECTION('',(1.,0.));
#4086 = ( GEOMETRIC_REPRESENTATION_CONTEXT(2) 
PARAMETRIC_REPRESENTATION_CONTEXT() REPRESENTATION_CONTEXT('2D SPACE',''
  ) );
#4087 = ADVANCED_FACE('',(#4088),#3911,.T.);
#4088 = FACE_BOUND('',#4089,.T.);
#4089 = EDGE_LOOP('',(#4090,#4204,#4241,#4262,#4263,#4264,#4265,#4266,
    #4296));
#4090 = ORIENTED_EDGE('',*,*,#4091,.F.);
#4091 = EDGE_CURVE('',#4092,#4094,#4096,.T.);
#4092 = VERTEX_POINT('',#4093);
#4093 = CARTESIAN_POINT('',(-11.75310145867,-66.2,84.46342142562));
#4094 = VERTEX_POINT('',#4095);
#4095 = CARTESIAN_POINT('',(-13.04689854132,-66.2,84.33657857438));
#4096 = SURFACE_CURVE('',#4097,(#4102,#4109),.PCURVE_S1.);
#4097 = CIRCLE('',#4098,0.65);
#4098 = AXIS2_PLACEMENT_3D('',#4099,#4100,#4101);
#4099 = CARTESIAN_POINT('',(-12.4,-66.2,84.4));
#4100 = DIRECTION('',(1.0231347581E-02,0.994486984873,-0.104359745326));
#4101 = DIRECTION('',(0.,0.104365207969,0.994539040644));
#4102 = PCURVE('',#3911,#4103);
#4103 = DEFINITIONAL_REPRESENTATION('',(#4104),#4108);
#4104 = LINE('',#4105,#4106);
#4105 = CARTESIAN_POINT('',(0.,24.434708919895));
#4106 = VECTOR('',#4107,1.);
#4107 = DIRECTION('',(1.,0.));
#4108 = ( GEOMETRIC_REPRESENTATION_CONTEXT(2) 
PARAMETRIC_REPRESENTATION_CONTEXT() REPRESENTATION_CONTEXT('2D SPACE',''
  ) );
#4109 = PCURVE('',#4110,#4115);
#4110 = SPHERICAL_SURFACE('',#4111,0.65);
#4111 = AXIS2_PLACEMENT_3D('',#4112,#4113,#4114);
#4112 = CARTESIAN_POINT('',(-12.4,-66.2,84.4));
#4113 = DIRECTION('',(0.,0.,1.));
#4114 = DIRECTION('',(1.,0.,-0.));
#4115 = DEFINITIONAL_REPRESENTATION('',(#4116),#4203);
#4116 = B_SPLINE_CURVE_WITH_KNOTS('',8,(#4117,#4118,#4119,#4120,#4121,
    #4122,#4123,#4124,#4125,#4126,#4127,#4128,#4129,#4130,#4131,#4132,
    #4133,#4134,#4135,#4136,#4137,#4138,#4139,#4140,#4141,#4142,#4143,
    #4144,#4145,#4146,#4147,#4148,#4149,#4150,#4151,#4152,#4153,#4154,
    #4155,#4156,#4157,#4158,#4159,#4160,#4161,#4162,#4163,#4164,#4165,
    #4166,#4167,#4168,#4169,#4170,#4171,#4172,#4173,#4174,#4175,#4176,
    #4177,#4178,#4179,#4180,#4181,#4182,#4183,#4184,#4185,#4186,#4187,
    #4188,#4189,#4190,#4191,#4192,#4193,#4194,#4195,#4196,#4197,#4198,
    #4199,#4200,#4201,#4202),.UNSPECIFIED.,.F.,.F.,(9,7,7,7,7,7,7,7,7,7,
    7,7,9),(1.473604793584,2.259002956981,2.553527268255,2.81123604062,
    2.923983628529,3.029684492195,3.128779051881,3.175229626734,
    3.265227615511,3.433973844469,3.729279745145,4.172238596159,
    4.615197447173),.UNSPECIFIED.);
#4117 = CARTESIAN_POINT('',(6.28318530718,9.772690735834E-02));
#4118 = CARTESIAN_POINT('',(6.27284133665,9.337592808733E-05));
#4119 = CARTESIAN_POINT('',(6.262725502918,-9.75521281128E-02));
#4120 = CARTESIAN_POINT('',(6.252517068356,-0.195192758702));
#4121 = CARTESIAN_POINT('',(6.241974239872,-0.292815875541));
#4122 = CARTESIAN_POINT('',(6.230746900244,-0.39040305753));
#4123 = CARTESIAN_POINT('',(6.218439195997,-0.487933521066));
#4124 = CARTESIAN_POINT('',(6.204494584595,-0.585378077543));
#4125 = CARTESIAN_POINT('',(6.181093953408,-0.719141771988));
#4126 = CARTESIAN_POINT('',(6.174278728589,-0.755599964421));
#4127 = CARTESIAN_POINT('',(6.166955903315,-0.792031417002));
#4128 = CARTESIAN_POINT('',(6.159025261421,-0.82843081322));
#4129 = CARTESIAN_POINT('',(6.150364407115,-0.864791664844));
#4130 = CARTESIAN_POINT('',(6.140813605845,-0.90110549538));
#4131 = CARTESIAN_POINT('',(6.130141795457,-0.937359986891));
#4132 = CARTESIAN_POINT('',(6.107364243317,-1.005190180586));
#4133 = CARTESIAN_POINT('',(6.095605038612,-1.03678429845));
#4134 = CARTESIAN_POINT('',(6.082468542285,-1.068305060319));
#4135 = CARTESIAN_POINT('',(6.067654107434,-1.099736532709));
#4136 = CARTESIAN_POINT('',(6.050695450594,-1.131053188106));
#4137 = CARTESIAN_POINT('',(6.030969261724,-1.162221187136));
#4138 = CARTESIAN_POINT('',(6.007526842386,-1.193188929123));
#4139 = CARTESIAN_POINT('',(5.965729728753,-1.237261075052));
#4140 = CARTESIAN_POINT('',(5.951929950724,-1.25061516878));
#4141 = CARTESIAN_POINT('',(5.936891111208,-1.263901081528));
#4142 = CARTESIAN_POINT('',(5.920412285989,-1.277107212472));
#4143 = CARTESIAN_POINT('',(5.90224571654,-1.290219252951));
#4144 = CARTESIAN_POINT('',(5.882075098802,-1.30321874407));
#4145 = CARTESIAN_POINT('',(5.859478214982,-1.316080311809));
#4146 = CARTESIAN_POINT('',(5.809869870911,-1.340661893276));
#4147 = CARTESIAN_POINT('',(5.783221374813,-1.352402962279));
#4148 = CARTESIAN_POINT('',(5.753454489579,-1.363960770891));
#4149 = CARTESIAN_POINT('',(5.719946572287,-1.375295973167));
#4150 = CARTESIAN_POINT('',(5.681943405997,-1.386357016918));
#4151 = CARTESIAN_POINT('',(5.638427782919,-1.397073093286));
#4152 = CARTESIAN_POINT('',(5.58804316365,-1.407342237069));
#4153 = CARTESIAN_POINT('',(5.47418186893,-1.426081089572));
#4154 = CARTESIAN_POINT('',(5.411721314286,-1.434623022474));
#4155 = CARTESIAN_POINT('',(5.340657132387,-1.442517220494));
#4156 = CARTESIAN_POINT('',(5.259635212384,-1.449597520837));
#4157 = CARTESIAN_POINT('',(5.167561366303,-1.45567145542));
#4158 = CARTESIAN_POINT('',(5.06360893329,-1.460453241693));
#4159 = CARTESIAN_POINT('',(4.951053968027,-1.463706165337));
#4160 = CARTESIAN_POINT('',(4.779723605573,-1.466093037974));
#4161 = CARTESIAN_POINT('',(4.724145489771,-1.4664971159));
#4162 = CARTESIAN_POINT('',(4.668130007377,-1.466533083374));
#4163 = CARTESIAN_POINT('',(4.612221897794,-1.466197025741));
#4164 = CARTESIAN_POINT('',(4.556969252365,-1.465492756335));
#4165 = CARTESIAN_POINT('',(4.50286299761,-1.464431600422));
#4166 = CARTESIAN_POINT('',(4.450296402865,-1.463030740956));
#4167 = CARTESIAN_POINT('',(4.301213018128,-1.457976434963));
#4168 = CARTESIAN_POINT('',(4.209696772838,-1.453442575377));
#4169 = CARTESIAN_POINT('',(4.127035646572,-1.447854231977));
#4170 = CARTESIAN_POINT('',(4.053725289537,-1.441405047133));
#4171 = CARTESIAN_POINT('',(3.988732035092,-1.434266001193));
#4172 = CARTESIAN_POINT('',(3.931136303152,-1.426565367273));
#4173 = CARTESIAN_POINT('',(3.879911588791,-1.418406853491));
#4174 = CARTESIAN_POINT('',(3.748445552063,-1.393864384786));
#4175 = CARTESIAN_POINT('',(3.682033973917,-1.376529578865));
#4176 = CARTESIAN_POINT('',(3.629096219705,-1.358395462635));
#4177 = CARTESIAN_POINT('',(3.585310988128,-1.339711067936));
#4178 = CARTESIAN_POINT('',(3.548628219458,-1.320624478019));
#4179 = CARTESIAN_POINT('',(3.517225963468,-1.301235690116));
#4180 = CARTESIAN_POINT('',(3.490048652687,-1.281610897969));
#4181 = CARTESIAN_POINT('',(3.424590243718,-1.227126950967));
#4182 = CARTESIAN_POINT('',(3.393274979428,-1.191880954285));
#4183 = CARTESIAN_POINT('',(3.367865352597,-1.156317682876));
#4184 = CARTESIAN_POINT('',(3.346768670373,-1.12052045187));
#4185 = CARTESIAN_POINT('',(3.328727761824,-1.084560836304));
#4186 = CARTESIAN_POINT('',(3.313089007183,-1.048472466295));
#4187 = CARTESIAN_POINT('',(3.299314932918,-1.012285029207));
#4188 = CARTESIAN_POINT('',(3.26864064513,-0.921616642199));
#4189 = CARTESIAN_POINT('',(3.253617567657,-0.867036026497));
#4190 = CARTESIAN_POINT('',(3.240745064191,-0.812341856578));
#4191 = CARTESIAN_POINT('',(3.229455319385,-0.757564185525));
#4192 = CARTESIAN_POINT('',(3.219372975953,-0.70272287581));
#4193 = CARTESIAN_POINT('',(3.210209983873,-0.647833216653));
#4194 = CARTESIAN_POINT('',(3.20178832015,-0.592904547259));
#4195 = CARTESIAN_POINT('',(3.186117585328,-0.482985572871));
#4196 = CARTESIAN_POINT('',(3.178869272244,-0.427995224727));
#4197 = CARTESIAN_POINT('',(3.172060341087,-0.3729817979));
#4198 = CARTESIAN_POINT('',(3.165585777324,-0.317950816864));
#4199 = CARTESIAN_POINT('',(3.159365564856,-0.262906485447));
#4200 = CARTESIAN_POINT('',(3.153332656979,-0.207852324328));
#4201 = CARTESIAN_POINT('',(3.147426577724,-0.15279150888));
#4202 = CARTESIAN_POINT('',(3.14159265359,-9.772690735872E-02));
#4203 = ( GEOMETRIC_REPRESENTATION_CONTEXT(2) 
PARAMETRIC_REPRESENTATION_CONTEXT() REPRESENTATION_CONTEXT('2D SPACE',''
  ) );
#4204 = ORIENTED_EDGE('',*,*,#4205,.F.);
#4205 = EDGE_CURVE('',#4206,#4092,#4208,.T.);
#4206 = VERTEX_POINT('',#4207);
#4207 = CARTESIAN_POINT('',(-12.4015858443,-66.28630668141,
    85.062625988346));
#4208 = SURFACE_CURVE('',#4209,(#4214,#4225),.PCURVE_S1.);
#4209 = ELLIPSE('',#4210,0.66839579298,0.65);
#4210 = AXIS2_PLACEMENT_3D('',#4211,#4212,#4213);
#4211 = CARTESIAN_POINT('',(-12.4,-66.2,84.4));
#4212 = DIRECTION('',(-1.265866206575E-02,0.991548389729,0.129118353071)
  );
#4213 = DIRECTION('',(9.674678838192E-02,0.129737391777,-0.986817241496)
  );
#4214 = PCURVE('',#3911,#4215);
#4215 = DEFINITIONAL_REPRESENTATION('',(#4216),#4224);
#4216 = B_SPLINE_CURVE_WITH_KNOTS('',6,(#4217,#4218,#4219,#4220,#4221,
    #4222,#4223),.UNSPECIFIED.,.F.,.F.,(7,7),(3.238784186801,
    4.712388980385),.PIECEWISE_BEZIER_KNOTS.);
#4217 = CARTESIAN_POINT('',(5.465713352001E-14,24.279710343801));
#4218 = CARTESIAN_POINT('',(0.245600798931,24.283421903204));
#4219 = CARTESIAN_POINT('',(0.491201597861,24.298350999733));
#4220 = CARTESIAN_POINT('',(0.736802396792,24.324107662305));
#4221 = CARTESIAN_POINT('',(0.982403195722,24.35821442727));
#4222 = CARTESIAN_POINT('',(1.228003994653,24.396460637584));
#4223 = CARTESIAN_POINT('',(1.473604793584,24.434708919895));
#4224 = ( GEOMETRIC_REPRESENTATION_CONTEXT(2) 
PARAMETRIC_REPRESENTATION_CONTEXT() REPRESENTATION_CONTEXT('2D SPACE',''
  ) );
#4225 = PCURVE('',#4226,#4231);
#4226 = CYLINDRICAL_SURFACE('',#4227,0.65);
#4227 = AXIS2_PLACEMENT_3D('',#4228,#4229,#4230);
#4228 = CARTESIAN_POINT('',(-12.4,-66.2,84.4));
#4229 = DIRECTION('',(-3.4851880592E-02,0.934030399865,0.355489182038));
#4230 = DIRECTION('',(0.,-0.355705277023,0.934598178844));
#4231 = DEFINITIONAL_REPRESENTATION('',(#4232),#4240);
#4232 = B_SPLINE_CURVE_WITH_KNOTS('',6,(#4233,#4234,#4235,#4236,#4237,
    #4238,#4239),.UNSPECIFIED.,.F.,.F.,(7,7),(3.238784186801,
    4.712388980385),.PIECEWISE_BEZIER_KNOTS.);
#4233 = CARTESIAN_POINT('',(5.874598899643E-03,0.154998576094));
#4234 = CARTESIAN_POINT('',(0.25147539783,0.151287016691));
#4235 = CARTESIAN_POINT('',(0.497076196761,0.136357920162));
#4236 = CARTESIAN_POINT('',(0.742676995691,0.110601257591));
#4237 = CARTESIAN_POINT('',(0.988277794622,7.649449262391E-02));
#4238 = CARTESIAN_POINT('',(1.233878593553,3.82482823115E-02));
#4239 = CARTESIAN_POINT('',(1.479479392483,-1.7763568394E-14));
#4240 = ( GEOMETRIC_REPRESENTATION_CONTEXT(2) 
PARAMETRIC_REPRESENTATION_CONTEXT() REPRESENTATION_CONTEXT('2D SPACE',''
  ) );
#4241 = ORIENTED_EDGE('',*,*,#4242,.F.);
#4242 = EDGE_CURVE('',#3961,#4206,#4243,.T.);
#4243 = SEAM_CURVE('',#4244,(#4248,#4255),.PCURVE_S1.);
#4244 = LINE('',#4245,#4246);
#4245 = CARTESIAN_POINT('',(-12.65,-90.43216261482,87.596450376419));
#4246 = VECTOR('',#4247,1.);
#4247 = DIRECTION('',(1.0231347581E-02,0.994486984873,-0.104359745326));
#4248 = PCURVE('',#3911,#4249);
#4249 = DEFINITIONAL_REPRESENTATION('',(#4250),#4254);
#4250 = LINE('',#4251,#4252);
#4251 = CARTESIAN_POINT('',(6.28318530718,-0.));
#4252 = VECTOR('',#4253,1.);
#4253 = DIRECTION('',(0.,1.));
#4254 = ( GEOMETRIC_REPRESENTATION_CONTEXT(2) 
PARAMETRIC_REPRESENTATION_CONTEXT() REPRESENTATION_CONTEXT('2D SPACE',''
  ) );
#4255 = PCURVE('',#3911,#4256);
#4256 = DEFINITIONAL_REPRESENTATION('',(#4257),#4261);
#4257 = LINE('',#4258,#4259);
#4258 = CARTESIAN_POINT('',(0.,-0.));
#4259 = VECTOR('',#4260,1.);
#4260 = DIRECTION('',(0.,1.));
#4261 = ( GEOMETRIC_REPRESENTATION_CONTEXT(2) 
PARAMETRIC_REPRESENTATION_CONTEXT() REPRESENTATION_CONTEXT('2D SPACE',''
  ) );
#4262 = ORIENTED_EDGE('',*,*,#3960,.T.);
#4263 = ORIENTED_EDGE('',*,*,#3888,.T.);
#4264 = ORIENTED_EDGE('',*,*,#4025,.T.);
#4265 = ORIENTED_EDGE('',*,*,#4242,.T.);
#4266 = ORIENTED_EDGE('',*,*,#4267,.F.);
#4267 = EDGE_CURVE('',#4268,#4206,#4270,.T.);
#4268 = VERTEX_POINT('',#4269);
#4269 = CARTESIAN_POINT('',(-12.40540499271,-66.2863546254,
    85.062619741903));
#4270 = SURFACE_CURVE('',#4271,(#4276,#4286),.PCURVE_S1.);
#4271 = ELLIPSE('',#4272,0.66839579298,0.65);
#4272 = AXIS2_PLACEMENT_3D('',#4273,#4274,#4275);
#4273 = CARTESIAN_POINT('',(-12.4,-66.2,84.4));
#4274 = DIRECTION('',(-1.265866206575E-02,0.991548389729,0.129118353071)
  );
#4275 = DIRECTION('',(9.674678838192E-02,0.129737391777,-0.986817241496)
  );
#4276 = PCURVE('',#3911,#4277);
#4277 = DEFINITIONAL_REPRESENTATION('',(#4278),#4285);
#4278 = B_SPLINE_CURVE_WITH_KNOTS('',5,(#4279,#4280,#4281,#4282,#4283,
    #4284),.UNSPECIFIED.,.F.,.F.,(6,6),(3.232909587902,3.238784186801),
  .PIECEWISE_BEZIER_KNOTS.);
#4279 = CARTESIAN_POINT('',(6.27731070828,24.279624240977));
#4280 = CARTESIAN_POINT('',(6.27848562806,24.279640926428));
#4281 = CARTESIAN_POINT('',(6.27966054784,24.279657879485));
#4282 = CARTESIAN_POINT('',(6.28083546762,24.279675100099));
#4283 = CARTESIAN_POINT('',(6.2820103874,24.279692588222));
#4284 = CARTESIAN_POINT('',(6.28318530718,24.279710343801));
#4285 = ( GEOMETRIC_REPRESENTATION_CONTEXT(2) 
PARAMETRIC_REPRESENTATION_CONTEXT() REPRESENTATION_CONTEXT('2D SPACE',''
  ) );
#4286 = PCURVE('',#4226,#4287);
#4287 = DEFINITIONAL_REPRESENTATION('',(#4288),#4295);
#4288 = B_SPLINE_CURVE_WITH_KNOTS('',5,(#4289,#4290,#4291,#4292,#4293,
    #4294),.UNSPECIFIED.,.F.,.F.,(6,6),(3.232909587902,3.238784186801),
  .PIECEWISE_BEZIER_KNOTS.);
#4289 = CARTESIAN_POINT('',(4.919142016801E-14,0.155084678918));
#4290 = CARTESIAN_POINT('',(1.174919779968E-03,0.155067993467));
#4291 = CARTESIAN_POINT('',(2.349839559898E-03,0.15505104041));
#4292 = CARTESIAN_POINT('',(3.524759339791E-03,0.155033819796));
#4293 = CARTESIAN_POINT('',(4.699679119724E-03,0.155016331673));
#4294 = CARTESIAN_POINT('',(5.874598899643E-03,0.154998576094));
#4295 = ( GEOMETRIC_REPRESENTATION_CONTEXT(2) 
PARAMETRIC_REPRESENTATION_CONTEXT() REPRESENTATION_CONTEXT('2D SPACE',''
  ) );
#4296 = ORIENTED_EDGE('',*,*,#4297,.F.);
#4297 = EDGE_CURVE('',#4094,#4268,#4298,.T.);
#4298 = SURFACE_CURVE('',#4299,(#4304,#4316),.PCURVE_S1.);
#4299 = ELLIPSE('',#4300,0.66839579298,0.65);
#4300 = AXIS2_PLACEMENT_3D('',#4301,#4302,#4303);
#4301 = CARTESIAN_POINT('',(-12.4,-66.2,84.4));
#4302 = DIRECTION('',(-1.265866206575E-02,0.991548389729,0.129118353071)
  );
#4303 = DIRECTION('',(9.674678838192E-02,0.129737391777,-0.986817241496)
  );
#4304 = PCURVE('',#3911,#4305);
#4305 = DEFINITIONAL_REPRESENTATION('',(#4306),#4315);
#4306 = B_SPLINE_CURVE_WITH_KNOTS('',7,(#4307,#4308,#4309,#4310,#4311,
    #4312,#4313,#4314),.UNSPECIFIED.,.F.,.F.,(8,8),(1.570796328836,
    3.232909587902),.PIECEWISE_BEZIER_KNOTS.);
#4307 = CARTESIAN_POINT('',(4.615197449215,24.434708919577));
#4308 = CARTESIAN_POINT('',(4.85264220051,24.397730807452));
#4309 = CARTESIAN_POINT('',(5.090086951804,24.360752928144));
#4310 = CARTESIAN_POINT('',(5.327531703103,24.327178644573));
#4311 = CARTESIAN_POINT('',(5.564976454393,24.300420135143));
#4312 = CARTESIAN_POINT('',(5.802421205691,24.283081383762));
#4313 = CARTESIAN_POINT('',(6.039865956985,24.276252204151));
#4314 = CARTESIAN_POINT('',(6.27731070828,24.279624240977));
#4315 = ( GEOMETRIC_REPRESENTATION_CONTEXT(2) 
PARAMETRIC_REPRESENTATION_CONTEXT() REPRESENTATION_CONTEXT('2D SPACE',''
  ) );
#4316 = PCURVE('',#4226,#4317);
#4317 = DEFINITIONAL_REPRESENTATION('',(#4318),#4327);
#4318 = B_SPLINE_CURVE_WITH_KNOTS('',7,(#4319,#4320,#4321,#4322,#4323,
    #4324,#4325,#4326),.UNSPECIFIED.,.F.,.F.,(8,8),(1.570796328836,
    3.232909587902),.PIECEWISE_BEZIER_KNOTS.);
#4319 = CARTESIAN_POINT('',(4.621072048114,3.17864845556E-10));
#4320 = CARTESIAN_POINT('',(4.858516799409,3.697811244318E-02));
#4321 = CARTESIAN_POINT('',(5.095961550704,7.395599174883E-02));
#4322 = CARTESIAN_POINT('',(5.333406302,0.107530275329));
#4323 = CARTESIAN_POINT('',(5.570851053294,0.134288784747));
#4324 = CARTESIAN_POINT('',(5.80829580459,0.151627536136));
#4325 = CARTESIAN_POINT('',(6.045740555885,0.158456715744));
#4326 = CARTESIAN_POINT('',(6.28318530718,0.155084678918));
#4327 = ( GEOMETRIC_REPRESENTATION_CONTEXT(2) 
PARAMETRIC_REPRESENTATION_CONTEXT() REPRESENTATION_CONTEXT('2D SPACE',''
  ) );
#4328 = ADVANCED_FACE('',(#4329),#4110,.T.);
#4329 = FACE_BOUND('',#4330,.T.);
#4330 = EDGE_LOOP('',(#4331,#4408,#4432,#4433));
#4331 = ORIENTED_EDGE('',*,*,#4332,.F.);
#4332 = EDGE_CURVE('',#4092,#4094,#4333,.T.);
#4333 = SURFACE_CURVE('',#4334,(#4339,#4401),.PCURVE_S1.);
#4334 = CIRCLE('',#4335,0.65);
#4335 = AXIS2_PLACEMENT_3D('',#4336,#4337,#4338);
#4336 = CARTESIAN_POINT('',(-12.4,-66.2,84.4));
#4337 = DIRECTION('',(-3.4851880592E-02,0.934030399865,0.355489182038));
#4338 = DIRECTION('',(0.,-0.355705277023,0.934598178844));
#4339 = PCURVE('',#4110,#4340);
#4340 = DEFINITIONAL_REPRESENTATION('',(#4341),#4400);
#4341 = B_SPLINE_CURVE_WITH_KNOTS('',8,(#4342,#4343,#4344,#4345,#4346,
    #4347,#4348,#4349,#4350,#4351,#4352,#4353,#4354,#4355,#4356,#4357,
    #4358,#4359,#4360,#4361,#4362,#4363,#4364,#4365,#4366,#4367,#4368,
    #4369,#4370,#4371,#4372,#4373,#4374,#4375,#4376,#4377,#4378,#4379,
    #4380,#4381,#4382,#4383,#4384,#4385,#4386,#4387,#4388,#4389,#4390,
    #4391,#4392,#4393,#4394,#4395,#4396,#4397,#4398,#4399),
  .UNSPECIFIED.,.F.,.F.,(9,7,7,7,7,7,7,7,9),(1.479479392483,
    2.264877555881,2.559401867155,2.817110639519,3.042605815339,
    3.23991409418,3.585203582154,4.103137814113,4.621072046073),
  .UNSPECIFIED.);
#4342 = CARTESIAN_POINT('',(0.,9.772690735874E-02));
#4343 = CARTESIAN_POINT('',(3.523551740135E-02,6.028687282271E-03));
#4344 = CARTESIAN_POINT('',(6.974563858674E-02,-8.580774052627E-02));
#4345 = CARTESIAN_POINT('',(0.104466836972,-0.177602873382));
#4346 = CARTESIAN_POINT('',(0.140205844691,-0.269206786533));
#4347 = CARTESIAN_POINT('',(0.177917007588,-0.360434211724));
#4348 = CARTESIAN_POINT('',(0.218740905858,-0.451066402622));
#4349 = CARTESIAN_POINT('',(0.264289464657,-0.540793712528));
#4350 = CARTESIAN_POINT('',(0.337677771906,-0.662039971332));
#4351 = CARTESIAN_POINT('',(0.35879333949,-0.694889290358));
#4352 = CARTESIAN_POINT('',(0.381173767843,-0.7274867982));
#4353 = CARTESIAN_POINT('',(0.405013563221,-0.759791040312));
#4354 = CARTESIAN_POINT('',(0.430546465751,-0.791751750855));
#4355 = CARTESIAN_POINT('',(0.458058178473,-0.823306156301));
#4356 = CARTESIAN_POINT('',(0.487902811744,-0.85437290815));
#4357 = CARTESIAN_POINT('',(0.54906574531,-0.91150553921));
#4358 = CARTESIAN_POINT('',(0.579732310561,-0.937711167662));
#4359 = CARTESIAN_POINT('',(0.612824355539,-0.963387384118));
#4360 = CARTESIAN_POINT('',(0.648680600249,-0.988445848878));
#4361 = CARTESIAN_POINT('',(0.687710014465,-1.012776491813));
#4362 = CARTESIAN_POINT('',(0.730392219808,-1.03624048229));
#4363 = CARTESIAN_POINT('',(0.777245147315,-1.058662705691));
#4364 = CARTESIAN_POINT('',(0.87383540328,-1.098339657316));
#4365 = CARTESIAN_POINT('',(0.922478442436,-1.115890131918));
#4366 = CARTESIAN_POINT('',(0.97501739802,-1.132328366517));
#4367 = CARTESIAN_POINT('',(1.03173758518,-1.147484053754));
#4368 = CARTESIAN_POINT('',(1.092869352411,-1.161159432199));
#4369 = CARTESIAN_POINT('',(1.158429941831,-1.173135287313));
#4370 = CARTESIAN_POINT('',(1.228063726162,-1.18319266218));
#4371 = CARTESIAN_POINT('',(1.364866840481,-1.19812398851));
#4372 = CARTESIAN_POINT('',(1.431256976548,-1.20348858515));
#4373 = CARTESIAN_POINT('',(1.49969679476,-1.207132412476));
#4374 = CARTESIAN_POINT('',(1.569478198634,-1.208960230232));
#4375 = CARTESIAN_POINT('',(1.639661387227,-1.208922721179));
#4376 = CARTESIAN_POINT('',(1.709253538209,-1.207029453461));
#4377 = CARTESIAN_POINT('',(1.777411828634,-1.203345889211));
#4378 = CARTESIAN_POINT('',(1.959137358465,-1.188560194416));
#4379 = CARTESIAN_POINT('',(2.068422699328,-1.173966852339));
#4380 = CARTESIAN_POINT('',(2.167900734168,-1.15470952878));
#4381 = CARTESIAN_POINT('',(2.256008765829,-1.131650295002));
#4382 = CARTESIAN_POINT('',(2.334094190418,-1.105617535022));
#4383 = CARTESIAN_POINT('',(2.403257712029,-1.077191345486));
#4384 = CARTESIAN_POINT('',(2.464835244016,-1.046851489463));
#4385 = CARTESIAN_POINT('',(2.602605456367,-0.967111827734));
#4386 = CARTESIAN_POINT('',(2.670713401066,-0.915767639568));
#4387 = CARTESIAN_POINT('',(2.728099412538,-0.862141575848));
#4388 = CARTESIAN_POINT('',(2.777809670371,-0.806899840563));
#4389 = CARTESIAN_POINT('',(2.821553673746,-0.750452728609));
#4390 = CARTESIAN_POINT('',(2.860750026852,-0.69309084822));
#4391 = CARTESIAN_POINT('',(2.896340153727,-0.635015989613));
#4392 = CARTESIAN_POINT('',(2.961818366211,-0.517746942548));
#4393 = CARTESIAN_POINT('',(2.991706297491,-0.458552925655));
#4394 = CARTESIAN_POINT('',(3.019484546315,-0.398950787711));
#4395 = CARTESIAN_POINT('',(3.045676219168,-0.339044131215));
#4396 = CARTESIAN_POINT('',(3.070674630963,-0.278909152938));
#4397 = CARTESIAN_POINT('',(3.094804599298,-0.218608368448));
#4398 = CARTESIAN_POINT('',(3.118356438516,-0.158197697081));
#4399 = CARTESIAN_POINT('',(3.14159265359,-9.772690735872E-02));
#4400 = ( GEOMETRIC_REPRESENTATION_CONTEXT(2) 
PARAMETRIC_REPRESENTATION_CONTEXT() REPRESENTATION_CONTEXT('2D SPACE',''
  ) );
#4401 = PCURVE('',#4226,#4402);
#4402 = DEFINITIONAL_REPRESENTATION('',(#4403),#4407);
#4403 = LINE('',#4404,#4405);
#4404 = CARTESIAN_POINT('',(0.,0.));
#4405 = VECTOR('',#4406,1.);
#4406 = DIRECTION('',(1.,0.));
#4407 = ( GEOMETRIC_REPRESENTATION_CONTEXT(2) 
PARAMETRIC_REPRESENTATION_CONTEXT() REPRESENTATION_CONTEXT('2D SPACE',''
  ) );
#4408 = ORIENTED_EDGE('',*,*,#4409,.F.);
#4409 = EDGE_CURVE('',#4410,#4092,#4412,.T.);
#4410 = VERTEX_POINT('',#4411);
#4411 = CARTESIAN_POINT('',(-12.4,-66.2,83.75));
#4412 = SEAM_CURVE('',#4413,(#4418,#4425),.PCURVE_S1.);
#4413 = CIRCLE('',#4414,0.65);
#4414 = AXIS2_PLACEMENT_3D('',#4415,#4416,#4417);
#4415 = CARTESIAN_POINT('',(-12.4,-66.2,84.4));
#4416 = DIRECTION('',(-2.449293598295E-16,-1.,0.));
#4417 = DIRECTION('',(1.,-2.449293598295E-16,0.));
#4418 = PCURVE('',#4110,#4419);
#4419 = DEFINITIONAL_REPRESENTATION('',(#4420),#4424);
#4420 = LINE('',#4421,#4422);
#4421 = CARTESIAN_POINT('',(6.28318530718,-6.28318530718));
#4422 = VECTOR('',#4423,1.);
#4423 = DIRECTION('',(0.,1.));
#4424 = ( GEOMETRIC_REPRESENTATION_CONTEXT(2) 
PARAMETRIC_REPRESENTATION_CONTEXT() REPRESENTATION_CONTEXT('2D SPACE',''
  ) );
#4425 = PCURVE('',#4110,#4426);
#4426 = DEFINITIONAL_REPRESENTATION('',(#4427),#4431);
#4427 = LINE('',#4428,#4429);
#4428 = CARTESIAN_POINT('',(0.,-6.28318530718));
#4429 = VECTOR('',#4430,1.);
#4430 = DIRECTION('',(0.,1.));
#4431 = ( GEOMETRIC_REPRESENTATION_CONTEXT(2) 
PARAMETRIC_REPRESENTATION_CONTEXT() REPRESENTATION_CONTEXT('2D SPACE',''
  ) );
#4432 = ORIENTED_EDGE('',*,*,#4409,.T.);
#4433 = ORIENTED_EDGE('',*,*,#4091,.T.);
#4434 = ADVANCED_FACE('',(#4435),#4226,.T.);
#4435 = FACE_BOUND('',#4436,.T.);
#4436 = EDGE_LOOP('',(#4437,#4460,#4516,#4557,#4606,#4607,#4608,#4609,
    #4610));
#4437 = ORIENTED_EDGE('',*,*,#4438,.T.);
#4438 = EDGE_CURVE('',#4268,#4439,#4441,.T.);
#4439 = VERTEX_POINT('',#4440);
#4440 = CARTESIAN_POINT('',(-12.65,-59.73120843006,87.557488816249));
#4441 = SEAM_CURVE('',#4442,(#4446,#4453),.PCURVE_S1.);
#4442 = LINE('',#4443,#4444);
#4443 = CARTESIAN_POINT('',(-12.4,-66.43120843006,85.007488816249));
#4444 = VECTOR('',#4445,1.);
#4445 = DIRECTION('',(-3.4851880592E-02,0.934030399865,0.355489182038));
#4446 = PCURVE('',#4226,#4447);
#4447 = DEFINITIONAL_REPRESENTATION('',(#4448),#4452);
#4448 = LINE('',#4449,#4450);
#4449 = CARTESIAN_POINT('',(6.28318530718,-0.));
#4450 = VECTOR('',#4451,1.);
#4451 = DIRECTION('',(0.,1.));
#4452 = ( GEOMETRIC_REPRESENTATION_CONTEXT(2) 
PARAMETRIC_REPRESENTATION_CONTEXT() REPRESENTATION_CONTEXT('2D SPACE',''
  ) );
#4453 = PCURVE('',#4226,#4454);
#4454 = DEFINITIONAL_REPRESENTATION('',(#4455),#4459);
#4455 = LINE('',#4456,#4457);
#4456 = CARTESIAN_POINT('',(0.,-0.));
#4457 = VECTOR('',#4458,1.);
#4458 = DIRECTION('',(0.,1.));
#4459 = ( GEOMETRIC_REPRESENTATION_CONTEXT(2) 
PARAMETRIC_REPRESENTATION_CONTEXT() REPRESENTATION_CONTEXT('2D SPACE',''
  ) );
#4460 = ORIENTED_EDGE('',*,*,#4461,.F.);
#4461 = EDGE_CURVE('',#4462,#4439,#4464,.T.);
#4462 = VERTEX_POINT('',#4463);
#4463 = CARTESIAN_POINT('',(-13.29689854132,-59.5,86.88657857438));
#4464 = SURFACE_CURVE('',#4465,(#4470,#4477),.PCURVE_S1.);
#4465 = CIRCLE('',#4466,0.65);
#4466 = AXIS2_PLACEMENT_3D('',#4467,#4468,#4469);
#4467 = CARTESIAN_POINT('',(-12.65,-59.5,86.95));
#4468 = DIRECTION('',(-3.4851880592E-02,0.934030399865,0.355489182038));
#4469 = DIRECTION('',(0.,-0.355705277023,0.934598178844));
#4470 = PCURVE('',#4226,#4471);
#4471 = DEFINITIONAL_REPRESENTATION('',(#4472),#4476);
#4472 = LINE('',#4473,#4474);
#4473 = CARTESIAN_POINT('',(0.,7.173214063445));
#4474 = VECTOR('',#4475,1.);
#4475 = DIRECTION('',(1.,0.));
#4476 = ( GEOMETRIC_REPRESENTATION_CONTEXT(2) 
PARAMETRIC_REPRESENTATION_CONTEXT() REPRESENTATION_CONTEXT('2D SPACE',''
  ) );
#4477 = PCURVE('',#4478,#4483);
#4478 = SPHERICAL_SURFACE('',#4479,0.65);
#4479 = AXIS2_PLACEMENT_3D('',#4480,#4481,#4482);
#4480 = CARTESIAN_POINT('',(-12.65,-59.5,86.95));
#4481 = DIRECTION('',(0.,0.,1.));
#4482 = DIRECTION('',(1.,0.,-0.));
#4483 = DEFINITIONAL_REPRESENTATION('',(#4484),#4515);
#4484 = B_SPLINE_CURVE_WITH_KNOTS('',8,(#4485,#4486,#4487,#4488,#4489,
    #4490,#4491,#4492,#4493,#4494,#4495,#4496,#4497,#4498,#4499,#4500,
    #4501,#4502,#4503,#4504,#4505,#4506,#4507,#4508,#4509,#4510,#4511,
    #4512,#4513,#4514),.UNSPECIFIED.,.F.,.F.,(9,7,7,7,9),(4.621072046073
    ,5.452128676626,5.867656991903,6.075421149541,6.28318530718),
  .UNSPECIFIED.);
#4485 = CARTESIAN_POINT('',(3.14159265359,-9.772690735874E-02));
#4486 = CARTESIAN_POINT('',(3.178876558407,-6.978877404183E-04));
#4487 = CARTESIAN_POINT('',(3.215350155612,9.648524843604E-02));
#4488 = CARTESIAN_POINT('',(3.252109305275,0.193614393858));
#4489 = CARTESIAN_POINT('',(3.290144361476,0.290499345128));
#4490 = CARTESIAN_POINT('',(3.330526979702,0.386942618249));
#4491 = CARTESIAN_POINT('',(3.374741869759,0.482646110135));
#4492 = CARTESIAN_POINT('',(3.42476236807,0.577241520701));
#4493 = CARTESIAN_POINT('',(3.514899930038,0.716122099577));
#4494 = CARTESIAN_POINT('',(3.54746496378,0.761913442073));
#4495 = CARTESIAN_POINT('',(3.583074588522,0.80709007585));
#4496 = CARTESIAN_POINT('',(3.622428602553,0.851504763401));
#4497 = CARTESIAN_POINT('',(3.66637997183,0.894961119735));
#4498 = CARTESIAN_POINT('',(3.716108245456,0.937186921197));
#4499 = CARTESIAN_POINT('',(3.773259348928,0.977779050195));
#4500 = CARTESIAN_POINT('',(3.873105572702,1.035266427054));
#4501 = CARTESIAN_POINT('',(3.908740162072,1.053862243818));
#4502 = CARTESIAN_POINT('',(3.946975911036,1.071811693235));
#4503 = CARTESIAN_POINT('',(3.98807492101,1.089022572587));
#4504 = CARTESIAN_POINT('',(4.03231275154,1.105384496173));
#4505 = CARTESIAN_POINT('',(4.079949540822,1.120767203811));
#4506 = CARTESIAN_POINT('',(4.131172245223,1.135022883275));
#4507 = CARTESIAN_POINT('',(4.240843750367,1.160962130052));
#4508 = CARTESIAN_POINT('',(4.299292890003,1.172645912682));
#4509 = CARTESIAN_POINT('',(4.36137930266,1.182885145287));
#4510 = CARTESIAN_POINT('',(4.426977155207,1.191513814711));
#4511 = CARTESIAN_POINT('',(4.495705303779,1.198363901869));
#4512 = CARTESIAN_POINT('',(4.566852326713,1.203294706197));
#4513 = CARTESIAN_POINT('',(4.639421993397,1.206222615056));
#4514 = CARTESIAN_POINT('',(4.712388980385,1.207127736507));
#4515 = ( GEOMETRIC_REPRESENTATION_CONTEXT(2) 
PARAMETRIC_REPRESENTATION_CONTEXT() REPRESENTATION_CONTEXT('2D SPACE',''
  ) );
#4516 = ORIENTED_EDGE('',*,*,#4517,.F.);
#4517 = EDGE_CURVE('',#4518,#4462,#4520,.T.);
#4518 = VERTEX_POINT('',#4519);
#4519 = CARTESIAN_POINT('',(-12.00310145867,-59.5,87.01342142562));
#4520 = SURFACE_CURVE('',#4521,(#4526,#4539),.PCURVE_S1.);
#4521 = ELLIPSE('',#4522,0.660992765752,0.65);
#4522 = AXIS2_PLACEMENT_3D('',#4523,#4524,#4525);
#4523 = CARTESIAN_POINT('',(-12.65,-59.5,86.95));
#4524 = DIRECTION('',(-1.772064688011E-02,0.983369310042,0.180750598177)
  );
#4525 = DIRECTION('',(-9.594874392956E-02,-0.181617179989,0.978677188081
    ));
#4526 = PCURVE('',#4226,#4527);
#4527 = DEFINITIONAL_REPRESENTATION('',(#4528),#4538);
#4528 = B_SPLINE_CURVE_WITH_KNOTS('',8,(#4529,#4530,#4531,#4532,#4533,
    #4534,#4535,#4536,#4537),.UNSPECIFIED.,.F.,.F.,(9,9),(1.570796326795
    ,4.712388979299),.PIECEWISE_BEZIER_KNOTS.);
#4529 = CARTESIAN_POINT('',(1.479479392483,7.173214063445));
#4530 = CARTESIAN_POINT('',(1.872178474046,7.126071464645));
#4531 = CARTESIAN_POINT('',(2.264877555605,7.07892848995));
#4532 = CARTESIAN_POINT('',(2.657576637177,7.042867614964));
#4533 = CARTESIAN_POINT('',(3.050275718711,7.028940981683));
#4534 = CARTESIAN_POINT('',(3.442974800306,7.042867614902));
#4535 = CARTESIAN_POINT('',(3.835673881858,7.078928489839));
#4536 = CARTESIAN_POINT('',(4.228372963424,7.126071464514));
#4537 = CARTESIAN_POINT('',(4.621072044987,7.173214063314));
#4538 = ( GEOMETRIC_REPRESENTATION_CONTEXT(2) 
PARAMETRIC_REPRESENTATION_CONTEXT() REPRESENTATION_CONTEXT('2D SPACE',''
  ) );
#4539 = PCURVE('',#4540,#4545);
#4540 = CYLINDRICAL_SURFACE('',#4541,0.65);
#4541 = AXIS2_PLACEMENT_3D('',#4542,#4543,#4544);
#4542 = CARTESIAN_POINT('',(-12.65,-59.5,86.95));
#4543 = DIRECTION('',(0.,1.,0.));
#4544 = DIRECTION('',(0.,-0.,1.));
#4545 = DEFINITIONAL_REPRESENTATION('',(#4546),#4556);
#4546 = B_SPLINE_CURVE_WITH_KNOTS('',8,(#4547,#4548,#4549,#4550,#4551,
    #4552,#4553,#4554,#4555),.UNSPECIFIED.,.F.,.F.,(9,9),(1.570796326795
    ,4.712388979299),.PIECEWISE_BEZIER_KNOTS.);
#4547 = CARTESIAN_POINT('',(1.473069419436,0.));
#4548 = CARTESIAN_POINT('',(1.865768500999,4.714259880005E-02));
#4549 = CARTESIAN_POINT('',(2.258467582561,9.428557349212E-02));
#4550 = CARTESIAN_POINT('',(2.651166664124,0.130346448484));
#4551 = CARTESIAN_POINT('',(3.043865745691,0.144273081753));
#4552 = CARTESIAN_POINT('',(3.436564827251,0.130346448545));
#4553 = CARTESIAN_POINT('',(3.829263908813,9.428557359956E-02));
#4554 = CARTESIAN_POINT('',(4.221962990377,4.714259893041E-02));
#4555 = CARTESIAN_POINT('',(4.61466207194,1.303632757299E-10));
#4556 = ( GEOMETRIC_REPRESENTATION_CONTEXT(2) 
PARAMETRIC_REPRESENTATION_CONTEXT() REPRESENTATION_CONTEXT('2D SPACE',''
  ) );
#4557 = ORIENTED_EDGE('',*,*,#4558,.F.);
#4558 = EDGE_CURVE('',#4439,#4518,#4559,.T.);
#4559 = SURFACE_CURVE('',#4560,(#4565,#4572),.PCURVE_S1.);
#4560 = CIRCLE('',#4561,0.65);
#4561 = AXIS2_PLACEMENT_3D('',#4562,#4563,#4564);
#4562 = CARTESIAN_POINT('',(-12.65,-59.5,86.95));
#4563 = DIRECTION('',(-3.4851880592E-02,0.934030399865,0.355489182038));
#4564 = DIRECTION('',(0.,-0.355705277023,0.934598178844));
#4565 = PCURVE('',#4226,#4566);
#4566 = DEFINITIONAL_REPRESENTATION('',(#4567),#4571);
#4567 = LINE('',#4568,#4569);
#4568 = CARTESIAN_POINT('',(0.,7.173214063445));
#4569 = VECTOR('',#4570,1.);
#4570 = DIRECTION('',(1.,0.));
#4571 = ( GEOMETRIC_REPRESENTATION_CONTEXT(2) 
PARAMETRIC_REPRESENTATION_CONTEXT() REPRESENTATION_CONTEXT('2D SPACE',''
  ) );
#4572 = PCURVE('',#4478,#4573);
#4573 = DEFINITIONAL_REPRESENTATION('',(#4574),#4605);
#4574 = B_SPLINE_CURVE_WITH_KNOTS('',8,(#4575,#4576,#4577,#4578,#4579,
    #4580,#4581,#4582,#4583,#4584,#4585,#4586,#4587,#4588,#4589,#4590,
    #4591,#4592,#4593,#4594,#4595,#4596,#4597,#4598,#4599,#4600,#4601,
    #4602,#4603,#4604),.UNSPECIFIED.,.F.,.F.,(9,7,7,7,9),(0.,
    0.18493492406,0.508571041166,0.994025216825,1.479479392483),
  .UNSPECIFIED.);
#4575 = CARTESIAN_POINT('',(4.712388980385,1.207127736507));
#4576 = CARTESIAN_POINT('',(4.777338316935,1.207933402744));
#4577 = CARTESIAN_POINT('',(4.842601130958,1.207136657447));
#4578 = CARTESIAN_POINT('',(4.907455444933,1.20472182163));
#4579 = CARTESIAN_POINT('',(4.971132452651,1.200716486927));
#4580 = CARTESIAN_POINT('',(5.032964403428,1.195187208227));
#4581 = CARTESIAN_POINT('',(5.092465466979,1.188230681416));
#4582 = CARTESIAN_POINT('',(5.149345578972,1.179960406231));
#4583 = CARTESIAN_POINT('',(5.298152721727,1.153913583178));
#4584 = CARTESIAN_POINT('',(5.384370789588,1.133660367754));
#4585 = CARTESIAN_POINT('',(5.461315400371,1.110339284154));
#4586 = CARTESIAN_POINT('',(5.529615351039,1.084591993979));
#4587 = CARTESIAN_POINT('',(5.590504855292,1.056905381215));
#4588 = CARTESIAN_POINT('',(5.644994174572,1.027652464811));
#4589 = CARTESIAN_POINT('',(5.694052887196,0.997120998805));
#4590 = CARTESIAN_POINT('',(5.805109150658,0.918154178933));
#4591 = CARTESIAN_POINT('',(5.861311065734,0.868399837853));
#4592 = CARTESIAN_POINT('',(5.909799520893,0.817025196192));
#4593 = CARTESIAN_POINT('',(5.952501879744,0.764461188127));
#4594 = CARTESIAN_POINT('',(5.99072181399,0.710989847169));
#4595 = CARTESIAN_POINT('',(6.025384005282,0.656814800934));
#4596 = CARTESIAN_POINT('',(6.057224210093,0.602082152492));
#4597 = CARTESIAN_POINT('',(6.116361142697,0.491729355249));
#4598 = CARTESIAN_POINT('',(6.143659657321,0.436109267494));
#4599 = CARTESIAN_POINT('',(6.169243663691,0.380158023512));
#4600 = CARTESIAN_POINT('',(6.193519026595,0.323955742519));
#4601 = CARTESIAN_POINT('',(6.216799992935,0.267563297809));
#4602 = CARTESIAN_POINT('',(6.239350131693,0.211031390186));
#4603 = CARTESIAN_POINT('',(6.261406253126,0.154405527084));
#4604 = CARTESIAN_POINT('',(6.28318530718,9.772690735865E-02));
#4605 = ( GEOMETRIC_REPRESENTATION_CONTEXT(2) 
PARAMETRIC_REPRESENTATION_CONTEXT() REPRESENTATION_CONTEXT('2D SPACE',''
  ) );
#4606 = ORIENTED_EDGE('',*,*,#4438,.F.);
#4607 = ORIENTED_EDGE('',*,*,#4267,.T.);
#4608 = ORIENTED_EDGE('',*,*,#4205,.T.);
#4609 = ORIENTED_EDGE('',*,*,#4332,.T.);
#4610 = ORIENTED_EDGE('',*,*,#4297,.T.);
#4611 = ADVANCED_FACE('',(#4612),#4478,.T.);
#4612 = FACE_BOUND('',#4613,.T.);
#4613 = EDGE_LOOP('',(#4614,#4637,#4659,#4660));
#4614 = ORIENTED_EDGE('',*,*,#4615,.F.);
#4615 = EDGE_CURVE('',#4616,#4518,#4618,.T.);
#4616 = VERTEX_POINT('',#4617);
#4617 = CARTESIAN_POINT('',(-12.65,-59.5,87.6));
#4618 = SURFACE_CURVE('',#4619,(#4624,#4630),.PCURVE_S1.);
#4619 = CIRCLE('',#4620,0.65);
#4620 = AXIS2_PLACEMENT_3D('',#4621,#4622,#4623);
#4621 = CARTESIAN_POINT('',(-12.65,-59.5,86.95));
#4622 = DIRECTION('',(0.,1.,0.));
#4623 = DIRECTION('',(0.,-0.,1.));
#4624 = PCURVE('',#4478,#4625);
#4625 = DEFINITIONAL_REPRESENTATION('',(#4626),#4629);
#4626 = B_SPLINE_CURVE_WITH_KNOTS('',1,(#4627,#4628),.UNSPECIFIED.,.F.,
  .F.,(2,2),(0.,1.473069419436),.PIECEWISE_BEZIER_KNOTS.);
#4627 = CARTESIAN_POINT('',(6.28318530718,1.570796326795));
#4628 = CARTESIAN_POINT('',(6.28318530718,9.772690735865E-02));
#4629 = ( GEOMETRIC_REPRESENTATION_CONTEXT(2) 
PARAMETRIC_REPRESENTATION_CONTEXT() REPRESENTATION_CONTEXT('2D SPACE',''
  ) );
#4630 = PCURVE('',#4540,#4631);
#4631 = DEFINITIONAL_REPRESENTATION('',(#4632),#4636);
#4632 = LINE('',#4633,#4634);
#4633 = CARTESIAN_POINT('',(0.,0.));
#4634 = VECTOR('',#4635,1.);
#4635 = DIRECTION('',(1.,0.));
#4636 = ( GEOMETRIC_REPRESENTATION_CONTEXT(2) 
PARAMETRIC_REPRESENTATION_CONTEXT() REPRESENTATION_CONTEXT('2D SPACE',''
  ) );
#4637 = ORIENTED_EDGE('',*,*,#4638,.F.);
#4638 = EDGE_CURVE('',#4462,#4616,#4639,.T.);
#4639 = SURFACE_CURVE('',#4640,(#4645,#4652),.PCURVE_S1.);
#4640 = CIRCLE('',#4641,0.65);
#4641 = AXIS2_PLACEMENT_3D('',#4642,#4643,#4644);
#4642 = CARTESIAN_POINT('',(-12.65,-59.5,86.95));
#4643 = DIRECTION('',(0.,1.,0.));
#4644 = DIRECTION('',(0.,-0.,1.));
#4645 = PCURVE('',#4478,#4646);
#4646 = DEFINITIONAL_REPRESENTATION('',(#4647),#4651);
#4647 = LINE('',#4648,#4649);
#4648 = CARTESIAN_POINT('',(3.14159265359,-4.712388980385));
#4649 = VECTOR('',#4650,1.);
#4650 = DIRECTION('',(-0.,1.));
#4651 = ( GEOMETRIC_REPRESENTATION_CONTEXT(2) 
PARAMETRIC_REPRESENTATION_CONTEXT() REPRESENTATION_CONTEXT('2D SPACE',''
  ) );
#4652 = PCURVE('',#4540,#4653);
#4653 = DEFINITIONAL_REPRESENTATION('',(#4654),#4658);
#4654 = LINE('',#4655,#4656);
#4655 = CARTESIAN_POINT('',(0.,0.));
#4656 = VECTOR('',#4657,1.);
#4657 = DIRECTION('',(1.,0.));
#4658 = ( GEOMETRIC_REPRESENTATION_CONTEXT(2) 
PARAMETRIC_REPRESENTATION_CONTEXT() REPRESENTATION_CONTEXT('2D SPACE',''
  ) );
#4659 = ORIENTED_EDGE('',*,*,#4461,.T.);
#4660 = ORIENTED_EDGE('',*,*,#4558,.T.);
#4661 = ADVANCED_FACE('',(#4662),#4540,.T.);
#4662 = FACE_BOUND('',#4663,.T.);
#4663 = EDGE_LOOP('',(#4664,#4687,#4716,#4755,#4787,#4808,#4809,#4810,
    #4811));
#4664 = ORIENTED_EDGE('',*,*,#4665,.T.);
#4665 = EDGE_CURVE('',#4616,#4666,#4668,.T.);
#4666 = VERTEX_POINT('',#4667);
#4667 = CARTESIAN_POINT('',(-12.65,-50.5,87.6));
#4668 = SEAM_CURVE('',#4669,(#4673,#4680),.PCURVE_S1.);
#4669 = LINE('',#4670,#4671);
#4670 = CARTESIAN_POINT('',(-12.65,-59.5,87.6));
#4671 = VECTOR('',#4672,1.);
#4672 = DIRECTION('',(0.,1.,0.));
#4673 = PCURVE('',#4540,#4674);
#4674 = DEFINITIONAL_REPRESENTATION('',(#4675),#4679);
#4675 = LINE('',#4676,#4677);
#4676 = CARTESIAN_POINT('',(6.28318530718,-0.));
#4677 = VECTOR('',#4678,1.);
#4678 = DIRECTION('',(0.,1.));
#4679 = ( GEOMETRIC_REPRESENTATION_CONTEXT(2) 
PARAMETRIC_REPRESENTATION_CONTEXT() REPRESENTATION_CONTEXT('2D SPACE',''
  ) );
#4680 = PCURVE('',#4540,#4681);
#4681 = DEFINITIONAL_REPRESENTATION('',(#4682),#4686);
#4682 = LINE('',#4683,#4684);
#4683 = CARTESIAN_POINT('',(0.,-0.));
#4684 = VECTOR('',#4685,1.);
#4685 = DIRECTION('',(0.,1.));
#4686 = ( GEOMETRIC_REPRESENTATION_CONTEXT(2) 
PARAMETRIC_REPRESENTATION_CONTEXT() REPRESENTATION_CONTEXT('2D SPACE',''
  ) );
#4687 = ORIENTED_EDGE('',*,*,#4688,.F.);
#4688 = EDGE_CURVE('',#4689,#4666,#4691,.T.);
#4689 = VERTEX_POINT('',#4690);
#4690 = CARTESIAN_POINT('',(-12.82628490374,-50.5,86.324361420057));
#4691 = SURFACE_CURVE('',#4692,(#4697,#4704),.PCURVE_S1.);
#4692 = CIRCLE('',#4693,0.65);
#4693 = AXIS2_PLACEMENT_3D('',#4694,#4695,#4696);
#4694 = CARTESIAN_POINT('',(-12.65,-50.5,86.95));
#4695 = DIRECTION('',(0.,1.,0.));
#4696 = DIRECTION('',(0.,-0.,1.));
#4697 = PCURVE('',#4540,#4698);
#4698 = DEFINITIONAL_REPRESENTATION('',(#4699),#4703);
#4699 = LINE('',#4700,#4701);
#4700 = CARTESIAN_POINT('',(0.,9.));
#4701 = VECTOR('',#4702,1.);
#4702 = DIRECTION('',(1.,0.));
#4703 = ( GEOMETRIC_REPRESENTATION_CONTEXT(2) 
PARAMETRIC_REPRESENTATION_CONTEXT() REPRESENTATION_CONTEXT('2D SPACE',''
  ) );
#4704 = PCURVE('',#4705,#4710);
#4705 = SPHERICAL_SURFACE('',#4706,0.65);
#4706 = AXIS2_PLACEMENT_3D('',#4707,#4708,#4709);
#4707 = CARTESIAN_POINT('',(-12.65,-50.5,86.95));
#4708 = DIRECTION('',(0.,0.,1.));
#4709 = DIRECTION('',(1.,0.,-0.));
#4710 = DEFINITIONAL_REPRESENTATION('',(#4711),#4715);
#4711 = LINE('',#4712,#4713);
#4712 = CARTESIAN_POINT('',(3.14159265359,-4.712388980385));
#4713 = VECTOR('',#4714,1.);
#4714 = DIRECTION('',(-0.,1.));
#4715 = ( GEOMETRIC_REPRESENTATION_CONTEXT(2) 
PARAMETRIC_REPRESENTATION_CONTEXT() REPRESENTATION_CONTEXT('2D SPACE',''
  ) );
#4716 = ORIENTED_EDGE('',*,*,#4717,.F.);
#4717 = EDGE_CURVE('',#4718,#4689,#4720,.T.);
#4718 = VERTEX_POINT('',#4719);
#4719 = CARTESIAN_POINT('',(-12.002138621,-50.77034092335,
    86.897315717705));
#4720 = SURFACE_CURVE('',#4721,(#4726,#4738),.PCURVE_S1.);
#4721 = ELLIPSE('',#4722,0.705967848522,0.65);
#4722 = AXIS2_PLACEMENT_3D('',#4723,#4724,#4725);
#4723 = CARTESIAN_POINT('',(-12.65,-50.5,86.95));
#4724 = DIRECTION('',(0.375594517664,0.920721816667,-0.105830499452));
#4725 = DIRECTION('',(-0.886213984465,0.390219600114,0.249706702805));
#4726 = PCURVE('',#4540,#4727);
#4727 = DEFINITIONAL_REPRESENTATION('',(#4728),#4737);
#4728 = B_SPLINE_CURVE_WITH_KNOTS('',7,(#4729,#4730,#4731,#4732,#4733,
    #4734,#4735,#4736),.UNSPECIFIED.,.F.,.F.,(8,8),(2.948087031312,
    4.712388973488),.PIECEWISE_BEZIER_KNOTS.);
#4729 = CARTESIAN_POINT('',(1.651938078812,8.729659076649));
#4730 = CARTESIAN_POINT('',(1.903981213409,8.716307001948));
#4731 = CARTESIAN_POINT('',(2.156024348006,8.722991577518));
#4732 = CARTESIAN_POINT('',(2.4080674826,8.751091783782));
#4733 = CARTESIAN_POINT('',(2.6601106172,8.798900470726));
#4734 = CARTESIAN_POINT('',(2.912153751795,8.861133750121));
#4735 = CARTESIAN_POINT('',(3.164196886392,8.930566527405));
#4736 = CARTESIAN_POINT('',(3.416240020989,8.9999999981));
#4737 = ( GEOMETRIC_REPRESENTATION_CONTEXT(2) 
PARAMETRIC_REPRESENTATION_CONTEXT() REPRESENTATION_CONTEXT('2D SPACE',''
  ) );
#4738 = PCURVE('',#4739,#4744);
#4739 = CYLINDRICAL_SURFACE('',#4740,0.65);
#4740 = AXIS2_PLACEMENT_3D('',#4741,#4742,#4743);
#4741 = CARTESIAN_POINT('',(-12.65,-50.5,86.95));
#4742 = DIRECTION('',(0.691636133267,0.695457327373,-0.194880899429));
#4743 = DIRECTION('',(0.709052043245,-0.705156152898,0.));
#4744 = DEFINITIONAL_REPRESENTATION('',(#4745),#4754);
#4745 = B_SPLINE_CURVE_WITH_KNOTS('',7,(#4746,#4747,#4748,#4749,#4750,
    #4751,#4752,#4753),.UNSPECIFIED.,.F.,.F.,(8,8),(2.948087031312,
    4.712388973488),.PIECEWISE_BEZIER_KNOTS.);
#4746 = CARTESIAN_POINT('',(4.372570681601E-14,0.270340923351));
#4747 = CARTESIAN_POINT('',(0.252043134597,0.283692998052));
#4748 = CARTESIAN_POINT('',(0.504086269193,0.277008422482));
#4749 = CARTESIAN_POINT('',(0.75612940379,0.248908216216));
#4750 = CARTESIAN_POINT('',(1.008172538387,0.201099529277));
#4751 = CARTESIAN_POINT('',(1.260215672983,0.138866249879));
#4752 = CARTESIAN_POINT('',(1.51225880758,6.943347259505E-02));
#4753 = CARTESIAN_POINT('',(1.764301942177,1.899834956021E-09));
#4754 = ( GEOMETRIC_REPRESENTATION_CONTEXT(2) 
PARAMETRIC_REPRESENTATION_CONTEXT() REPRESENTATION_CONTEXT('2D SPACE',''
  ) );
#4755 = ORIENTED_EDGE('',*,*,#4756,.F.);
#4756 = EDGE_CURVE('',#4757,#4718,#4759,.T.);
#4757 = VERTEX_POINT('',#4758);
#4758 = CARTESIAN_POINT('',(-12.47371509625,-50.5,87.575638579943));
#4759 = SURFACE_CURVE('',#4760,(#4765,#4776),.PCURVE_S1.);
#4760 = ELLIPSE('',#4761,0.705967848522,0.65);
#4761 = AXIS2_PLACEMENT_3D('',#4762,#4763,#4764);
#4762 = CARTESIAN_POINT('',(-12.65,-50.5,86.95));
#4763 = DIRECTION('',(0.375594517664,0.920721816667,-0.105830499452));
#4764 = DIRECTION('',(-0.886213984465,0.390219600114,0.249706702805));
#4765 = PCURVE('',#4540,#4766);
#4766 = DEFINITIONAL_REPRESENTATION('',(#4767),#4775);
#4767 = B_SPLINE_CURVE_WITH_KNOTS('',6,(#4768,#4769,#4770,#4771,#4772,
    #4773,#4774),.UNSPECIFIED.,.F.,.F.,(7,7),(1.570796326795,
    2.948087031312),.PIECEWISE_BEZIER_KNOTS.);
#4768 = CARTESIAN_POINT('',(0.274647374295,9.));
#4769 = CARTESIAN_POINT('',(0.504195825048,8.936763420857));
#4770 = CARTESIAN_POINT('',(0.733744275801,8.873529208845));
#4771 = CARTESIAN_POINT('',(0.963292726553,8.816277525773));
#4772 = CARTESIAN_POINT('',(1.192841177306,8.77107168796));
#4773 = CARTESIAN_POINT('',(1.422389628059,8.741819487473));
#4774 = CARTESIAN_POINT('',(1.651938078812,8.729659076649));
#4775 = ( GEOMETRIC_REPRESENTATION_CONTEXT(2) 
PARAMETRIC_REPRESENTATION_CONTEXT() REPRESENTATION_CONTEXT('2D SPACE',''
  ) );
#4776 = PCURVE('',#4739,#4777);
#4777 = DEFINITIONAL_REPRESENTATION('',(#4778),#4786);
#4778 = B_SPLINE_CURVE_WITH_KNOTS('',6,(#4779,#4780,#4781,#4782,#4783,
    #4784,#4785),.UNSPECIFIED.,.F.,.F.,(7,7),(1.570796326795,
    2.948087031312),.PIECEWISE_BEZIER_KNOTS.);
#4779 = CARTESIAN_POINT('',(4.905894602663,7.105427357601E-15));
#4780 = CARTESIAN_POINT('',(5.135443053416,6.323657914342E-02));
#4781 = CARTESIAN_POINT('',(5.364991504168,0.126470791155));
#4782 = CARTESIAN_POINT('',(5.594539954921,0.183722474226));
#4783 = CARTESIAN_POINT('',(5.824088405674,0.22892831204));
#4784 = CARTESIAN_POINT('',(6.053636856427,0.258180512527));
#4785 = CARTESIAN_POINT('',(6.28318530718,0.270340923351));
#4786 = ( GEOMETRIC_REPRESENTATION_CONTEXT(2) 
PARAMETRIC_REPRESENTATION_CONTEXT() REPRESENTATION_CONTEXT('2D SPACE',''
  ) );
#4787 = ORIENTED_EDGE('',*,*,#4788,.F.);
#4788 = EDGE_CURVE('',#4666,#4757,#4789,.T.);
#4789 = SURFACE_CURVE('',#4790,(#4795,#4802),.PCURVE_S1.);
#4790 = CIRCLE('',#4791,0.65);
#4791 = AXIS2_PLACEMENT_3D('',#4792,#4793,#4794);
#4792 = CARTESIAN_POINT('',(-12.65,-50.5,86.95));
#4793 = DIRECTION('',(0.,1.,0.));
#4794 = DIRECTION('',(0.,-0.,1.));
#4795 = PCURVE('',#4540,#4796);
#4796 = DEFINITIONAL_REPRESENTATION('',(#4797),#4801);
#4797 = LINE('',#4798,#4799);
#4798 = CARTESIAN_POINT('',(0.,9.));
#4799 = VECTOR('',#4800,1.);
#4800 = DIRECTION('',(1.,0.));
#4801 = ( GEOMETRIC_REPRESENTATION_CONTEXT(2) 
PARAMETRIC_REPRESENTATION_CONTEXT() REPRESENTATION_CONTEXT('2D SPACE',''
  ) );
#4802 = PCURVE('',#4705,#4803);
#4803 = DEFINITIONAL_REPRESENTATION('',(#4804),#4807);
#4804 = B_SPLINE_CURVE_WITH_KNOTS('',1,(#4805,#4806),.UNSPECIFIED.,.F.,
  .F.,(2,2),(0.,0.274647374295),.PIECEWISE_BEZIER_KNOTS.);
#4805 = CARTESIAN_POINT('',(0.,1.570796326795));
#4806 = CARTESIAN_POINT('',(0.,1.2961489525));
#4807 = ( GEOMETRIC_REPRESENTATION_CONTEXT(2) 
PARAMETRIC_REPRESENTATION_CONTEXT() REPRESENTATION_CONTEXT('2D SPACE',''
  ) );
#4808 = ORIENTED_EDGE('',*,*,#4665,.F.);
#4809 = ORIENTED_EDGE('',*,*,#4615,.T.);
#4810 = ORIENTED_EDGE('',*,*,#4517,.T.);
#4811 = ORIENTED_EDGE('',*,*,#4638,.T.);
#4812 = ADVANCED_FACE('',(#4813),#4705,.T.);
#4813 = FACE_BOUND('',#4814,.T.);
#4814 = EDGE_LOOP('',(#4815,#4816,#4817));
#4815 = ORIENTED_EDGE('',*,*,#4688,.T.);
#4816 = ORIENTED_EDGE('',*,*,#4788,.T.);
#4817 = ORIENTED_EDGE('',*,*,#4818,.F.);
#4818 = EDGE_CURVE('',#4689,#4757,#4819,.T.);
#4819 = SURFACE_CURVE('',#4820,(#4825,#4901),.PCURVE_S1.);
#4820 = CIRCLE('',#4821,0.65);
#4821 = AXIS2_PLACEMENT_3D('',#4822,#4823,#4824);
#4822 = CARTESIAN_POINT('',(-12.65,-50.5,86.95));
#4823 = DIRECTION('',(0.691636133267,0.695457327373,-0.194880899429));
#4824 = DIRECTION('',(0.709052043245,-0.705156152898,0.));
#4825 = PCURVE('',#4705,#4826);
#4826 = DEFINITIONAL_REPRESENTATION('',(#4827),#4900);
#4827 = B_SPLINE_CURVE_WITH_KNOTS('',8,(#4828,#4829,#4830,#4831,#4832,
    #4833,#4834,#4835,#4836,#4837,#4838,#4839,#4840,#4841,#4842,#4843,
    #4844,#4845,#4846,#4847,#4848,#4849,#4850,#4851,#4852,#4853,#4854,
    #4855,#4856,#4857,#4858,#4859,#4860,#4861,#4862,#4863,#4864,#4865,
    #4866,#4867,#4868,#4869,#4870,#4871,#4872,#4873,#4874,#4875,#4876,
    #4877,#4878,#4879,#4880,#4881,#4882,#4883,#4884,#4885,#4886,#4887,
    #4888,#4889,#4890,#4891,#4892,#4893,#4894,#4895,#4896,#4897,#4898,
    #4899),.UNSPECIFIED.,.F.,.F.,(9,7,7,7,7,7,7,7,7,7,9),(1.764301949073
    ,1.960651489922,2.328806879015,2.973078809927,3.456282758111,
    3.818685719249,4.362290160956,4.498191271383,4.600117104203,
    4.753005853433,4.905894602663),.UNSPECIFIED.);
#4828 = CARTESIAN_POINT('',(3.14159265359,-1.2961489525));
#4829 = CARTESIAN_POINT('',(3.076563867647,-1.279079861636));
#4830 = CARTESIAN_POINT('',(3.020540859745,-1.260749088171));
#4831 = CARTESIAN_POINT('',(2.972049543809,-1.241471168716));
#4832 = CARTESIAN_POINT('',(2.929624446414,-1.221465028381));
#4833 = CARTESIAN_POINT('',(2.892146734397,-1.200882464006));
#4834 = CARTESIAN_POINT('',(2.85878837807,-1.179833073788));
#4835 = CARTESIAN_POINT('',(2.828855265146,-1.158401214962));
#4836 = CARTESIAN_POINT('',(2.751134859236,-1.095868114069));
#4837 = CARTESIAN_POINT('',(2.710637350106,-1.053965518255));
#4838 = CARTESIAN_POINT('',(2.676820342814,-1.011362679163));
#4839 = CARTESIAN_POINT('',(2.647867968411,-0.968252966852));
#4840 = CARTESIAN_POINT('',(2.622622412426,-0.924759611255));
#4841 = CARTESIAN_POINT('',(2.600245865871,-0.880974459109));
#4842 = CARTESIAN_POINT('',(2.580176102599,-0.836953485257));
#4843 = CARTESIAN_POINT('',(2.530115017237,-0.715375863374));
#4844 = CARTESIAN_POINT('',(2.503971973574,-0.637428768108));
#4845 = CARTESIAN_POINT('',(2.481238094644,-0.559140660449));
#4846 = CARTESIAN_POINT('',(2.460899873881,-0.480613053935));
#4847 = CARTESIAN_POINT('',(2.442279942916,-0.401913895037));
#4848 = CARTESIAN_POINT('',(2.424837222053,-0.323097916442));
#4849 = CARTESIAN_POINT('',(2.408222774722,-0.244199405919));
#4850 = CARTESIAN_POINT('',(2.37999342588,-0.106042981651));
#4851 = CARTESIAN_POINT('',(2.368168508134,-4.680591095559E-02));
#4852 = CARTESIAN_POINT('',(2.356476340491,1.244433893089E-02));
#4853 = CARTESIAN_POINT('',(2.344793388095,7.169549988028E-02));
#4854 = CARTESIAN_POINT('',(2.333001026831,0.130935800258));
#4855 = CARTESIAN_POINT('',(2.320973364409,0.190152734158));
#4856 = CARTESIAN_POINT('',(2.308565061449,0.249331830639));
#4857 = CARTESIAN_POINT('',(2.285874720904,0.352798117194));
#4858 = CARTESIAN_POINT('',(2.275836066257,0.397109530337));
#4859 = CARTESIAN_POINT('',(2.265408270815,0.441382187319));
#4860 = CARTESIAN_POINT('',(2.254502365887,0.485607170645));
#4861 = CARTESIAN_POINT('',(2.243014147308,0.52977402578));
#4862 = CARTESIAN_POINT('',(2.230815643017,0.573869880198));
#4863 = CARTESIAN_POINT('',(2.217739232779,0.617877776088));
#4864 = CARTESIAN_POINT('',(2.182277201046,0.727618877652));
#4865 = CARTESIAN_POINT('',(2.158504112882,0.793211834976));
#4866 = CARTESIAN_POINT('',(2.13146721866,0.858480912955));
#4867 = CARTESIAN_POINT('',(2.099986269306,0.923281106489));
#4868 = CARTESIAN_POINT('',(2.062559108694,0.987513294066));
#4869 = CARTESIAN_POINT('',(2.016009141109,1.050748806075));
#4870 = CARTESIAN_POINT('',(1.956303207787,1.112687086075));
#4871 = CARTESIAN_POINT('',(1.846792943726,1.186183969263));
#4872 = CARTESIAN_POINT('',(1.823147591083,1.200686978455));
#4873 = CARTESIAN_POINT('',(1.797526117594,1.214964606827));
#4874 = CARTESIAN_POINT('',(1.769661019406,1.228981608432));
#4875 = CARTESIAN_POINT('',(1.739229854203,1.242694564185));
#4876 = CARTESIAN_POINT('',(1.705847832044,1.25604902529));
#4877 = CARTESIAN_POINT('',(1.669073252662,1.268975740644));
#4878 = CARTESIAN_POINT('',(1.597940191643,1.290693638888));
#4879 = CARTESIAN_POINT('',(1.565276589068,1.299710842018));
#4880 = CARTESIAN_POINT('',(1.53023341894,1.308399955605));
#4881 = CARTESIAN_POINT('',(1.492602122146,1.316717896725));
#4882 = CARTESIAN_POINT('',(1.452173210625,1.324614102144));
#4883 = CARTESIAN_POINT('',(1.408761001343,1.332030191436));
#4884 = CARTESIAN_POINT('',(1.362247016634,1.338901312591));
#4885 = CARTESIAN_POINT('',(1.238234602296,1.354545956457));
#4886 = CARTESIAN_POINT('',(1.156872668696,1.362553169608));
#4887 = CARTESIAN_POINT('',(1.068587071899,1.36894979205));
#4888 = CARTESIAN_POINT('',(0.974083539577,1.37349793609));
#4889 = CARTESIAN_POINT('',(0.874999259233,1.375959199372));
#4890 = CARTESIAN_POINT('',(0.774890848625,1.376230720389));
#4891 = CARTESIAN_POINT('',(0.676699550463,1.374378411951));
#4892 = CARTESIAN_POINT('',(0.488431691356,1.366725254216));
#4893 = CARTESIAN_POINT('',(0.398354669895,1.360924615437));
#4894 = CARTESIAN_POINT('',(0.314462275851,1.353300336925));
#4895 = CARTESIAN_POINT('',(0.238048420614,1.344095947609));
#4896 = CARTESIAN_POINT('',(0.1689734656,1.333579272303));
#4897 = CARTESIAN_POINT('',(0.106729429549,1.321965895204));
#4898 = CARTESIAN_POINT('',(5.063505472847E-02,1.309439902615));
#4899 = CARTESIAN_POINT('',(8.061299869497E-14,1.2961489525));
#4900 = ( GEOMETRIC_REPRESENTATION_CONTEXT(2) 
PARAMETRIC_REPRESENTATION_CONTEXT() REPRESENTATION_CONTEXT('2D SPACE',''
  ) );
#4901 = PCURVE('',#4739,#4902);
#4902 = DEFINITIONAL_REPRESENTATION('',(#4903),#4907);
#4903 = LINE('',#4904,#4905);
#4904 = CARTESIAN_POINT('',(0.,0.));
#4905 = VECTOR('',#4906,1.);
#4906 = DIRECTION('',(1.,0.));
#4907 = ( GEOMETRIC_REPRESENTATION_CONTEXT(2) 
PARAMETRIC_REPRESENTATION_CONTEXT() REPRESENTATION_CONTEXT('2D SPACE',''
  ) );
#4908 = ADVANCED_FACE('',(#4909),#4739,.T.);
#4909 = FACE_BOUND('',#4910,.T.);
#4910 = EDGE_LOOP('',(#4911,#4934,#4966,#5007,#5084,#5085,#5086,#5087));
#4911 = ORIENTED_EDGE('',*,*,#4912,.T.);
#4912 = EDGE_CURVE('',#4718,#4913,#4915,.T.);
#4913 = VERTEX_POINT('',#4914);
#4914 = CARTESIAN_POINT('',(-3.139116171891,-41.85835149938,84.4));
#4915 = SEAM_CURVE('',#4916,(#4920,#4927),.PCURVE_S1.);
#4916 = LINE('',#4917,#4918);
#4917 = CARTESIAN_POINT('',(-12.18911617189,-50.95835149938,86.95));
#4918 = VECTOR('',#4919,1.);
#4919 = DIRECTION('',(0.691636133267,0.695457327373,-0.194880899429));
#4920 = PCURVE('',#4739,#4921);
#4921 = DEFINITIONAL_REPRESENTATION('',(#4922),#4926);
#4922 = LINE('',#4923,#4924);
#4923 = CARTESIAN_POINT('',(6.28318530718,-0.));
#4924 = VECTOR('',#4925,1.);
#4925 = DIRECTION('',(0.,1.));
#4926 = ( GEOMETRIC_REPRESENTATION_CONTEXT(2) 
PARAMETRIC_REPRESENTATION_CONTEXT() REPRESENTATION_CONTEXT('2D SPACE',''
  ) );
#4927 = PCURVE('',#4739,#4928);
#4928 = DEFINITIONAL_REPRESENTATION('',(#4929),#4933);
#4929 = LINE('',#4930,#4931);
#4930 = CARTESIAN_POINT('',(0.,-0.));
#4931 = VECTOR('',#4932,1.);
#4932 = DIRECTION('',(0.,1.));
#4933 = ( GEOMETRIC_REPRESENTATION_CONTEXT(2) 
PARAMETRIC_REPRESENTATION_CONTEXT() REPRESENTATION_CONTEXT('2D SPACE',''
  ) );
#4934 = ORIENTED_EDGE('',*,*,#4935,.F.);
#4935 = EDGE_CURVE('',#4936,#4913,#4938,.T.);
#4936 = VERTEX_POINT('',#4937);
#4937 = CARTESIAN_POINT('',(-3.132384002984,-41.81565866401,
    84.576247423712));
#4938 = SURFACE_CURVE('',#4939,(#4944,#4951),.PCURVE_S1.);
#4939 = CIRCLE('',#4940,0.65);
#4940 = AXIS2_PLACEMENT_3D('',#4941,#4942,#4943);
#4941 = CARTESIAN_POINT('',(-3.6,-41.4,84.4));
#4942 = DIRECTION('',(0.691636133267,0.695457327373,-0.194880899429));
#4943 = DIRECTION('',(0.709052043245,-0.705156152898,0.));
#4944 = PCURVE('',#4739,#4945);
#4945 = DEFINITIONAL_REPRESENTATION('',(#4946),#4950);
#4946 = LINE('',#4947,#4948);
#4947 = CARTESIAN_POINT('',(0.,13.084914978707));
#4948 = VECTOR('',#4949,1.);
#4949 = DIRECTION('',(1.,0.));
#4950 = ( GEOMETRIC_REPRESENTATION_CONTEXT(2) 
PARAMETRIC_REPRESENTATION_CONTEXT() REPRESENTATION_CONTEXT('2D SPACE',''
  ) );
#4951 = PCURVE('',#4952,#4957);
#4952 = SPHERICAL_SURFACE('',#4953,0.65);
#4953 = AXIS2_PLACEMENT_3D('',#4954,#4955,#4956);
#4954 = CARTESIAN_POINT('',(-3.6,-41.4,84.4));
#4955 = DIRECTION('',(0.,0.,1.));
#4956 = DIRECTION('',(1.,0.,-0.));
#4957 = DEFINITIONAL_REPRESENTATION('',(#4958),#4965);
#4958 = B_SPLINE_CURVE_WITH_KNOTS('',5,(#4959,#4960,#4961,#4962,#4963,
    #4964),.UNSPECIFIED.,.F.,.F.,(6,6),(6.003086831509,6.28318530718),
  .PIECEWISE_BEZIER_KNOTS.);
#4959 = CARTESIAN_POINT('',(5.556542966498,0.274587467963));
#4960 = CARTESIAN_POINT('',(5.54475944695,0.219727978596));
#4961 = CARTESIAN_POINT('',(5.533431070836,0.16482320237));
#4962 = CARTESIAN_POINT('',(5.522376205967,0.109891258579));
#4963 = CARTESIAN_POINT('',(5.511459126323,5.494562469627E-02));
#4964 = CARTESIAN_POINT('',(5.50054195775,0.));
#4965 = ( GEOMETRIC_REPRESENTATION_CONTEXT(2) 
PARAMETRIC_REPRESENTATION_CONTEXT() REPRESENTATION_CONTEXT('2D SPACE',''
  ) );
#4966 = ORIENTED_EDGE('',*,*,#4967,.F.);
#4967 = EDGE_CURVE('',#4968,#4936,#4970,.T.);
#4968 = VERTEX_POINT('',#4969);
#4969 = CARTESIAN_POINT('',(-4.067615997016,-40.98434133598,
    84.223752576288));
#4970 = SURFACE_CURVE('',#4971,(#4976,#4989),.PCURVE_S1.);
#4971 = ELLIPSE('',#4972,0.653391850553,0.65);
#4972 = AXIS2_PLACEMENT_3D('',#4973,#4974,#4975);
#4973 = CARTESIAN_POINT('',(-3.6,-41.4,84.4));
#4974 = DIRECTION('',(0.681537947014,0.725197929207,-9.794891655023E-02)
  );
#4975 = DIRECTION('',(0.134001462937,-0.255264288604,-0.957540469586));
#4976 = PCURVE('',#4739,#4977);
#4977 = DEFINITIONAL_REPRESENTATION('',(#4978),#4988);
#4978 = B_SPLINE_CURVE_WITH_KNOTS('',8,(#4979,#4980,#4981,#4982,#4983,
    #4984,#4985,#4986,#4987),.UNSPECIFIED.,.F.,.F.,(9,9),(1.570796332165
    ,4.712388979559),.PIECEWISE_BEZIER_KNOTS.);
#4979 = CARTESIAN_POINT('',(2.861494183289,13.08491497835));
#4980 = CARTESIAN_POINT('',(3.254193264213,13.058804445194));
#4981 = CARTESIAN_POINT('',(3.646892345141,13.032693703897));
#4982 = CARTESIAN_POINT('',(4.039591426046,13.012720925792));
#4983 = CARTESIAN_POINT('',(4.432290507011,13.005007481283));
#4984 = CARTESIAN_POINT('',(4.824989587894,13.012720925915));
#4985 = CARTESIAN_POINT('',(5.217688668835,13.032693704146));
#4986 = CARTESIAN_POINT('',(5.610387749759,13.058804445496));
#4987 = CARTESIAN_POINT('',(6.003086830683,13.084914978652));
#4988 = ( GEOMETRIC_REPRESENTATION_CONTEXT(2) 
PARAMETRIC_REPRESENTATION_CONTEXT() REPRESENTATION_CONTEXT('2D SPACE',''
  ) );
#4989 = PCURVE('',#4990,#4995);
#4990 = CYLINDRICAL_SURFACE('',#4991,0.65);
#4991 = AXIS2_PLACEMENT_3D('',#4992,#4993,#4994);
#4992 = CARTESIAN_POINT('',(-3.6,-41.4,84.4));
#4993 = DIRECTION('',(0.66436383883,0.747409318684,0.));
#4994 = DIRECTION('',(0.747409318684,-0.66436383883,0.));
#4995 = DEFINITIONAL_REPRESENTATION('',(#4996),#5006);
#4996 = B_SPLINE_CURVE_WITH_KNOTS('',8,(#4997,#4998,#4999,#5000,#5001,
    #5002,#5003,#5004,#5005),.UNSPECIFIED.,.F.,.F.,(9,9),(1.570796332165
    ,4.712388979559),.PIECEWISE_BEZIER_KNOTS.);
#4997 = CARTESIAN_POINT('',(2.867005190997,3.570335138647E-10));
#4998 = CARTESIAN_POINT('',(3.259704271921,2.611053351313E-02));
#4999 = CARTESIAN_POINT('',(3.652403352847,5.222127479893E-02));
#5000 = CARTESIAN_POINT('',(4.045102433754,7.219405294606E-02));
#5001 = CARTESIAN_POINT('',(4.437801514727,7.990749734432E-02));
#5002 = CARTESIAN_POINT('',(4.830500595601,7.219405280381E-02));
#5003 = CARTESIAN_POINT('',(5.223199676548,5.222127455001E-02));
#5004 = CARTESIAN_POINT('',(5.615898757467,2.611053321101E-02));
#5005 = CARTESIAN_POINT('',(6.008597838391,5.491074261954E-11));
#5006 = ( GEOMETRIC_REPRESENTATION_CONTEXT(2) 
PARAMETRIC_REPRESENTATION_CONTEXT() REPRESENTATION_CONTEXT('2D SPACE',''
  ) );
#5007 = ORIENTED_EDGE('',*,*,#5008,.F.);
#5008 = EDGE_CURVE('',#4913,#4968,#5009,.T.);
#5009 = SURFACE_CURVE('',#5010,(#5015,#5022),.PCURVE_S1.);
#5010 = CIRCLE('',#5011,0.65);
#5011 = AXIS2_PLACEMENT_3D('',#5012,#5013,#5014);
#5012 = CARTESIAN_POINT('',(-3.6,-41.4,84.4));
#5013 = DIRECTION('',(0.691636133267,0.695457327373,-0.194880899429));
#5014 = DIRECTION('',(0.709052043245,-0.705156152898,0.));
#5015 = PCURVE('',#4739,#5016);
#5016 = DEFINITIONAL_REPRESENTATION('',(#5017),#5021);
#5017 = LINE('',#5018,#5019);
#5018 = CARTESIAN_POINT('',(0.,13.084914978707));
#5019 = VECTOR('',#5020,1.);
#5020 = DIRECTION('',(1.,0.));
#5021 = ( GEOMETRIC_REPRESENTATION_CONTEXT(2) 
PARAMETRIC_REPRESENTATION_CONTEXT() REPRESENTATION_CONTEXT('2D SPACE',''
  ) );
#5022 = PCURVE('',#4952,#5023);
#5023 = DEFINITIONAL_REPRESENTATION('',(#5024),#5083);
#5024 = B_SPLINE_CURVE_WITH_KNOTS('',8,(#5025,#5026,#5027,#5028,#5029,
    #5030,#5031,#5032,#5033,#5034,#5035,#5036,#5037,#5038,#5039,#5040,
    #5041,#5042,#5043,#5044,#5045,#5046,#5047,#5048,#5049,#5050,#5051,
    #5052,#5053,#5054,#5055,#5056,#5057,#5058,#5059,#5060,#5061,#5062,
    #5063,#5064,#5065,#5066,#5067,#5068,#5069,#5070,#5071,#5072,#5073,
    #5074,#5075,#5076,#5077,#5078,#5079,#5080,#5081,#5082),
  .UNSPECIFIED.,.F.,.F.,(9,7,7,7,7,7,7,7,9),(0.,0.71537354448,
    1.25190370284,1.453102512224,1.629151470436,1.783194308872,
    2.052769276133,2.457131727026,2.861494177919),.UNSPECIFIED.);
#5025 = CARTESIAN_POINT('',(5.50054195775,0.));
#5026 = CARTESIAN_POINT('',(5.483115377778,-8.770720324005E-02));
#5027 = CARTESIAN_POINT('',(5.465690646374,-0.175414611106));
#5028 = CARTESIAN_POINT('',(5.44784735255,-0.263080324893));
#5029 = CARTESIAN_POINT('',(5.429208362089,-0.350667222169));
#5030 = CARTESIAN_POINT('',(5.40924580726,-0.438122322618));
#5031 = CARTESIAN_POINT('',(5.387325447784,-0.525382328714));
#5032 = CARTESIAN_POINT('',(5.362529514313,-0.612355731735));
#5033 = CARTESIAN_POINT('',(5.310499619127,-0.763688980039));
#5034 = CARTESIAN_POINT('',(5.285424008706,-0.828265139168));
#5035 = CARTESIAN_POINT('',(5.256690816746,-0.892479795655));
#5036 = CARTESIAN_POINT('',(5.223032525173,-0.956165033572));
#5037 = CARTESIAN_POINT('',(5.182571204074,-1.019213579474));
#5038 = CARTESIAN_POINT('',(5.131869189057,-1.081113041143));
#5039 = CARTESIAN_POINT('',(5.06592788617,-1.141528215279));
#5040 = CARTESIAN_POINT('',(4.930334727093,-1.219419463369));
#5041 = CARTESIAN_POINT('',(4.888759618877,-1.240132155338));
#5042 = CARTESIAN_POINT('',(4.841684458079,-1.26019630825));
#5043 = CARTESIAN_POINT('',(4.787921589382,-1.279443030937));
#5044 = CARTESIAN_POINT('',(4.7260930032,-1.297664212848));
#5045 = CARTESIAN_POINT('',(4.65435689645,-1.31455098036));
#5046 = CARTESIAN_POINT('',(4.57074654519,-1.32965244224));
#5047 = CARTESIAN_POINT('',(4.391408606326,-1.353644235807));
#5048 = CARTESIAN_POINT('',(4.298500752149,-1.363075913285));
#5049 = CARTESIAN_POINT('',(4.196267548763,-1.370392326528));
#5050 = CARTESIAN_POINT('',(4.085638936212,-1.375233942214));
#5051 = CARTESIAN_POINT('',(3.969223304352,-1.377199371431));
#5052 = CARTESIAN_POINT('',(3.853522567117,-1.376209416475));
#5053 = CARTESIAN_POINT('',(3.742453590351,-1.372468364797));
#5054 = CARTESIAN_POINT('',(3.547522457466,-1.360847101489));
#5055 = CARTESIAN_POINT('',(3.461990702109,-1.353543122914));
#5056 = CARTESIAN_POINT('',(3.383519580997,-1.344557451046));
#5057 = CARTESIAN_POINT('',(3.312705380486,-1.334154770948));
#5058 = CARTESIAN_POINT('',(3.249010915395,-1.322586217582));
#5059 = CARTESIAN_POINT('',(3.191787191173,-1.310049991533));
#5060 = CARTESIAN_POINT('',(3.140280662235,-1.296710456427));
#5061 = CARTESIAN_POINT('',(3.012453953658,-1.258176754767));
#5062 = CARTESIAN_POINT('',(2.946496486811,-1.231595119588));
#5063 = CARTESIAN_POINT('',(2.892176489386,-1.203656214803));
#5064 = CARTESIAN_POINT('',(2.846222304521,-1.174756744127));
#5065 = CARTESIAN_POINT('',(2.806856434499,-1.145133074294));
#5066 = CARTESIAN_POINT('',(2.772572001813,-1.114955208458));
#5067 = CARTESIAN_POINT('',(2.742396047391,-1.08433759262));
#5068 = CARTESIAN_POINT('',(2.675298646495,-1.006908957307));
#5069 = CARTESIAN_POINT('',(2.642549817461,-0.959655745499));
#5070 = CARTESIAN_POINT('',(2.614753907642,-0.911892722673));
#5071 = CARTESIAN_POINT('',(2.590608551701,-0.863755777761));
#5072 = CARTESIAN_POINT('',(2.5692636766,-0.815333367117));
#5073 = CARTESIAN_POINT('',(2.550089871949,-0.766691979738));
#5074 = CARTESIAN_POINT('',(2.532669666481,-0.717873329553));
#5075 = CARTESIAN_POINT('',(2.500658757132,-0.619951539768));
#5076 = CARTESIAN_POINT('',(2.486068750698,-0.570848264077));
#5077 = CARTESIAN_POINT('',(2.472565205073,-0.521636161974));
#5078 = CARTESIAN_POINT('',(2.459918857115,-0.472338415217));
#5079 = CARTESIAN_POINT('',(2.447960330617,-0.422972038418));
#5080 = CARTESIAN_POINT('',(2.436553537364,-0.373550669749));
#5081 = CARTESIAN_POINT('',(2.425582316601,-0.324085946851));
#5082 = CARTESIAN_POINT('',(2.414950312908,-0.274587467963));
#5083 = ( GEOMETRIC_REPRESENTATION_CONTEXT(2) 
PARAMETRIC_REPRESENTATION_CONTEXT() REPRESENTATION_CONTEXT('2D SPACE',''
  ) );
#5084 = ORIENTED_EDGE('',*,*,#4912,.F.);
#5085 = ORIENTED_EDGE('',*,*,#4717,.T.);
#5086 = ORIENTED_EDGE('',*,*,#4818,.T.);
#5087 = ORIENTED_EDGE('',*,*,#4756,.T.);
#5088 = ADVANCED_FACE('',(#5089),#4952,.T.);
#5089 = FACE_BOUND('',#5090,.T.);
#5090 = EDGE_LOOP('',(#5091,#5092,#5116,#5140,#5162));
#5091 = ORIENTED_EDGE('',*,*,#5008,.T.);
#5092 = ORIENTED_EDGE('',*,*,#5093,.F.);
#5093 = EDGE_CURVE('',#5094,#4968,#5096,.T.);
#5094 = VERTEX_POINT('',#5095);
#5095 = CARTESIAN_POINT('',(-3.6,-41.4,83.75));
#5096 = SURFACE_CURVE('',#5097,(#5102,#5109),.PCURVE_S1.);
#5097 = CIRCLE('',#5098,0.65);
#5098 = AXIS2_PLACEMENT_3D('',#5099,#5100,#5101);
#5099 = CARTESIAN_POINT('',(-3.6,-41.4,84.4));
#5100 = DIRECTION('',(0.66436383883,0.747409318684,0.));
#5101 = DIRECTION('',(0.747409318684,-0.66436383883,0.));
#5102 = PCURVE('',#4952,#5103);
#5103 = DEFINITIONAL_REPRESENTATION('',(#5104),#5108);
#5104 = LINE('',#5105,#5106);
#5105 = CARTESIAN_POINT('',(2.414950312908,-3.14159265359));
#5106 = VECTOR('',#5107,1.);
#5107 = DIRECTION('',(-0.,1.));
#5108 = ( GEOMETRIC_REPRESENTATION_CONTEXT(2) 
PARAMETRIC_REPRESENTATION_CONTEXT() REPRESENTATION_CONTEXT('2D SPACE',''
  ) );
#5109 = PCURVE('',#4990,#5110);
#5110 = DEFINITIONAL_REPRESENTATION('',(#5111),#5115);
#5111 = LINE('',#5112,#5113);
#5112 = CARTESIAN_POINT('',(0.,0.));
#5113 = VECTOR('',#5114,1.);
#5114 = DIRECTION('',(1.,0.));
#5115 = ( GEOMETRIC_REPRESENTATION_CONTEXT(2) 
PARAMETRIC_REPRESENTATION_CONTEXT() REPRESENTATION_CONTEXT('2D SPACE',''
  ) );
#5116 = ORIENTED_EDGE('',*,*,#5117,.F.);
#5117 = EDGE_CURVE('',#5118,#5094,#5120,.T.);
#5118 = VERTEX_POINT('',#5119);
#5119 = CARTESIAN_POINT('',(-3.114183942856,-41.83183649523,84.4));
#5120 = SURFACE_CURVE('',#5121,(#5126,#5133),.PCURVE_S1.);
#5121 = CIRCLE('',#5122,0.65);
#5122 = AXIS2_PLACEMENT_3D('',#5123,#5124,#5125);
#5123 = CARTESIAN_POINT('',(-3.6,-41.4,84.4));
#5124 = DIRECTION('',(0.66436383883,0.747409318684,0.));
#5125 = DIRECTION('',(0.747409318684,-0.66436383883,0.));
#5126 = PCURVE('',#4952,#5127);
#5127 = DEFINITIONAL_REPRESENTATION('',(#5128),#5132);
#5128 = LINE('',#5129,#5130);
#5129 = CARTESIAN_POINT('',(5.556542966498,0.));
#5130 = VECTOR('',#5131,1.);
#5131 = DIRECTION('',(0.,-1.));
#5132 = ( GEOMETRIC_REPRESENTATION_CONTEXT(2) 
PARAMETRIC_REPRESENTATION_CONTEXT() REPRESENTATION_CONTEXT('2D SPACE',''
  ) );
#5133 = PCURVE('',#4990,#5134);
#5134 = DEFINITIONAL_REPRESENTATION('',(#5135),#5139);
#5135 = LINE('',#5136,#5137);
#5136 = CARTESIAN_POINT('',(0.,0.));
#5137 = VECTOR('',#5138,1.);
#5138 = DIRECTION('',(1.,0.));
#5139 = ( GEOMETRIC_REPRESENTATION_CONTEXT(2) 
PARAMETRIC_REPRESENTATION_CONTEXT() REPRESENTATION_CONTEXT('2D SPACE',''
  ) );
#5140 = ORIENTED_EDGE('',*,*,#5141,.F.);
#5141 = EDGE_CURVE('',#4936,#5118,#5142,.T.);
#5142 = SURFACE_CURVE('',#5143,(#5148,#5155),.PCURVE_S1.);
#5143 = CIRCLE('',#5144,0.65);
#5144 = AXIS2_PLACEMENT_3D('',#5145,#5146,#5147);
#5145 = CARTESIAN_POINT('',(-3.6,-41.4,84.4));
#5146 = DIRECTION('',(0.66436383883,0.747409318684,0.));
#5147 = DIRECTION('',(0.747409318684,-0.66436383883,0.));
#5148 = PCURVE('',#4952,#5149);
#5149 = DEFINITIONAL_REPRESENTATION('',(#5150),#5154);
#5150 = LINE('',#5151,#5152);
#5151 = CARTESIAN_POINT('',(5.556542966498,6.28318530718));
#5152 = VECTOR('',#5153,1.);
#5153 = DIRECTION('',(0.,-1.));
#5154 = ( GEOMETRIC_REPRESENTATION_CONTEXT(2) 
PARAMETRIC_REPRESENTATION_CONTEXT() REPRESENTATION_CONTEXT('2D SPACE',''
  ) );
#5155 = PCURVE('',#4990,#5156);
#5156 = DEFINITIONAL_REPRESENTATION('',(#5157),#5161);
#5157 = LINE('',#5158,#5159);
#5158 = CARTESIAN_POINT('',(0.,0.));
#5159 = VECTOR('',#5160,1.);
#5160 = DIRECTION('',(1.,0.));
#5161 = ( GEOMETRIC_REPRESENTATION_CONTEXT(2) 
PARAMETRIC_REPRESENTATION_CONTEXT() REPRESENTATION_CONTEXT('2D SPACE',''
  ) );
#5162 = ORIENTED_EDGE('',*,*,#4935,.T.);
#5163 = ADVANCED_FACE('',(#5164),#4990,.T.);
#5164 = FACE_BOUND('',#5165,.T.);
#5165 = EDGE_LOOP('',(#5166,#5203,#5231,#5254,#5284,#5318,#5339,#5340,
    #5341,#5342,#5343));
#5166 = ORIENTED_EDGE('',*,*,#5167,.F.);
#5167 = EDGE_CURVE('',#5168,#5170,#5172,.T.);
#5168 = VERTEX_POINT('',#5169);
#5169 = CARTESIAN_POINT('',(3.284149444832,-34.63035506207,
    84.453794382759));
#5170 = VERTEX_POINT('',#5171);
#5171 = CARTESIAN_POINT('',(3.274408907967,-34.64466953806,84.4));
#5172 = SURFACE_CURVE('',#5173,(#5178,#5188),.PCURVE_S1.);
#5173 = ELLIPSE('',#5174,0.68230657767,0.65);
#5174 = AXIS2_PLACEMENT_3D('',#5175,#5176,#5177);
#5175 = CARTESIAN_POINT('',(2.8,-34.2,84.4));
#5176 = DIRECTION('',(0.651715156529,0.695301677414,-0.303022989452));
#5177 = DIRECTION('',(0.143083312104,0.279641579531,0.949382827312));
#5178 = PCURVE('',#4990,#5179);
#5179 = DEFINITIONAL_REPRESENTATION('',(#5180),#5187);
#5180 = B_SPLINE_CURVE_WITH_KNOTS('',5,(#5181,#5182,#5183,#5184,#5185,
    #5186),.UNSPECIFIED.,.F.,.F.,(6,6),(1.570796326795,1.653651683596),
  .PIECEWISE_BEZIER_KNOTS.);
#5181 = CARTESIAN_POINT('',(6.200329950377,9.633275663034));
#5182 = CARTESIAN_POINT('',(6.216901021737,9.62983772416));
#5183 = CARTESIAN_POINT('',(6.233472093097,9.626399785286));
#5184 = CARTESIAN_POINT('',(6.250043164458,9.622963813203));
#5185 = CARTESIAN_POINT('',(6.266614235818,9.619531774699));
#5186 = CARTESIAN_POINT('',(6.283185307178,9.616105629818));
#5187 = ( GEOMETRIC_REPRESENTATION_CONTEXT(2) 
PARAMETRIC_REPRESENTATION_CONTEXT() REPRESENTATION_CONTEXT('2D SPACE',''
  ) );
#5188 = PCURVE('',#5189,#5194);
#5189 = CYLINDRICAL_SURFACE('',#5190,0.65);
#5190 = AXIS2_PLACEMENT_3D('',#5191,#5192,#5193);
#5191 = CARTESIAN_POINT('',(2.8,-34.2,84.4));
#5192 = DIRECTION('',(0.57735026919,0.57735026919,-0.57735026919));
#5193 = DIRECTION('',(-0.707106781187,0.,-0.707106781187));
#5194 = DEFINITIONAL_REPRESENTATION('',(#5195),#5202);
#5195 = B_SPLINE_CURVE_WITH_KNOTS('',5,(#5196,#5197,#5198,#5199,#5200,
    #5201),.UNSPECIFIED.,.F.,.F.,(6,6),(1.570796326795,1.653651683596),
  .PIECEWISE_BEZIER_KNOTS.);
#5196 = CARTESIAN_POINT('',(4.087255227972,0.));
#5197 = CARTESIAN_POINT('',(4.103826299332,3.43793887398E-03));
#5198 = CARTESIAN_POINT('',(4.120397370692,6.87587774803E-03));
#5199 = CARTESIAN_POINT('',(4.136968442052,1.031184983126E-02));
#5200 = CARTESIAN_POINT('',(4.153539513413,1.37438883346E-02));
#5201 = CARTESIAN_POINT('',(4.170110584773,1.717003321542E-02));
#5202 = ( GEOMETRIC_REPRESENTATION_CONTEXT(2) 
PARAMETRIC_REPRESENTATION_CONTEXT() REPRESENTATION_CONTEXT('2D SPACE',''
  ) );
#5203 = ORIENTED_EDGE('',*,*,#5204,.F.);
#5204 = EDGE_CURVE('',#5205,#5168,#5207,.T.);
#5205 = VERTEX_POINT('',#5206);
#5206 = CARTESIAN_POINT('',(2.8,-34.2,85.05));
#5207 = SURFACE_CURVE('',#5208,(#5213,#5220),.PCURVE_S1.);
#5208 = CIRCLE('',#5209,0.65);
#5209 = AXIS2_PLACEMENT_3D('',#5210,#5211,#5212);
#5210 = CARTESIAN_POINT('',(2.8,-34.2,84.4));
#5211 = DIRECTION('',(0.66436383883,0.747409318684,0.));
#5212 = DIRECTION('',(0.747409318684,-0.66436383883,0.));
#5213 = PCURVE('',#4990,#5214);
#5214 = DEFINITIONAL_REPRESENTATION('',(#5215),#5219);
#5215 = LINE('',#5216,#5217);
#5216 = CARTESIAN_POINT('',(0.,9.633275663034));
#5217 = VECTOR('',#5218,1.);
#5218 = DIRECTION('',(1.,0.));
#5219 = ( GEOMETRIC_REPRESENTATION_CONTEXT(2) 
PARAMETRIC_REPRESENTATION_CONTEXT() REPRESENTATION_CONTEXT('2D SPACE',''
  ) );
#5220 = PCURVE('',#5221,#5226);
#5221 = SPHERICAL_SURFACE('',#5222,0.65);
#5222 = AXIS2_PLACEMENT_3D('',#5223,#5224,#5225);
#5223 = CARTESIAN_POINT('',(2.8,-34.2,84.4));
#5224 = DIRECTION('',(0.,0.,1.));
#5225 = DIRECTION('',(1.,0.,-0.));
#5226 = DEFINITIONAL_REPRESENTATION('',(#5227),#5230);
#5227 = B_SPLINE_CURVE_WITH_KNOTS('',1,(#5228,#5229),.UNSPECIFIED.,.F.,
  .F.,(2,2),(4.712388980385,6.200329950377),.PIECEWISE_BEZIER_KNOTS.);
#5228 = CARTESIAN_POINT('',(5.556542966498,1.570796326795));
#5229 = CARTESIAN_POINT('',(5.556542966498,8.285535680284E-02));
#5230 = ( GEOMETRIC_REPRESENTATION_CONTEXT(2) 
PARAMETRIC_REPRESENTATION_CONTEXT() REPRESENTATION_CONTEXT('2D SPACE',''
  ) );
#5231 = ORIENTED_EDGE('',*,*,#5232,.F.);
#5232 = EDGE_CURVE('',#5233,#5205,#5235,.T.);
#5233 = VERTEX_POINT('',#5234);
#5234 = CARTESIAN_POINT('',(2.315850555168,-33.76964493792,
    84.346205617241));
#5235 = SURFACE_CURVE('',#5236,(#5241,#5248),.PCURVE_S1.);
#5236 = CIRCLE('',#5237,0.65);
#5237 = AXIS2_PLACEMENT_3D('',#5238,#5239,#5240);
#5238 = CARTESIAN_POINT('',(2.8,-34.2,84.4));
#5239 = DIRECTION('',(0.66436383883,0.747409318684,0.));
#5240 = DIRECTION('',(0.747409318684,-0.66436383883,0.));
#5241 = PCURVE('',#4990,#5242);
#5242 = DEFINITIONAL_REPRESENTATION('',(#5243),#5247);
#5243 = LINE('',#5244,#5245);
#5244 = CARTESIAN_POINT('',(0.,9.633275663034));
#5245 = VECTOR('',#5246,1.);
#5246 = DIRECTION('',(1.,0.));
#5247 = ( GEOMETRIC_REPRESENTATION_CONTEXT(2) 
PARAMETRIC_REPRESENTATION_CONTEXT() REPRESENTATION_CONTEXT('2D SPACE',''
  ) );
#5248 = PCURVE('',#5221,#5249);
#5249 = DEFINITIONAL_REPRESENTATION('',(#5250),#5253);
#5250 = B_SPLINE_CURVE_WITH_KNOTS('',1,(#5251,#5252),.UNSPECIFIED.,.F.,
  .F.,(2,2),(3.058737296787,4.712388980385),.PIECEWISE_BEZIER_KNOTS.);
#5251 = CARTESIAN_POINT('',(8.698135620088,-8.285535680284E-02));
#5252 = CARTESIAN_POINT('',(8.698135620088,1.570796326795));
#5253 = ( GEOMETRIC_REPRESENTATION_CONTEXT(2) 
PARAMETRIC_REPRESENTATION_CONTEXT() REPRESENTATION_CONTEXT('2D SPACE',''
  ) );
#5254 = ORIENTED_EDGE('',*,*,#5255,.F.);
#5255 = EDGE_CURVE('',#5256,#5233,#5258,.T.);
#5256 = VERTEX_POINT('',#5257);
#5257 = CARTESIAN_POINT('',(2.437508967588,-34.10287162464,
    83.84325221687));
#5258 = SURFACE_CURVE('',#5259,(#5264,#5274),.PCURVE_S1.);
#5259 = ELLIPSE('',#5260,0.68230657767,0.65);
#5260 = AXIS2_PLACEMENT_3D('',#5261,#5262,#5263);
#5261 = CARTESIAN_POINT('',(2.8,-34.2,84.4));
#5262 = DIRECTION('',(0.651715156529,0.695301677414,-0.303022989452));
#5263 = DIRECTION('',(0.143083312104,0.279641579531,0.949382827312));
#5264 = PCURVE('',#4990,#5265);
#5265 = DEFINITIONAL_REPRESENTATION('',(#5266),#5273);
#5266 = B_SPLINE_CURVE_WITH_KNOTS('',5,(#5267,#5268,#5269,#5270,#5271,
    #5272),.UNSPECIFIED.,.F.,.F.,(6,6),(3.766726406003,4.712388980385),
  .PIECEWISE_BEZIER_KNOTS.);
#5267 = CARTESIAN_POINT('',(2.113074722406,9.465044382053));
#5268 = CARTESIAN_POINT('',(2.302207237282,9.488007049425));
#5269 = CARTESIAN_POINT('',(2.491339752158,9.518489750448));
#5270 = CARTESIAN_POINT('',(2.680472267034,9.554796598804));
#5271 = CARTESIAN_POINT('',(2.869604781911,9.594037039828));
#5272 = CARTESIAN_POINT('',(3.058737296787,9.633275663034));
#5273 = ( GEOMETRIC_REPRESENTATION_CONTEXT(2) 
PARAMETRIC_REPRESENTATION_CONTEXT() REPRESENTATION_CONTEXT('2D SPACE',''
  ) );
#5274 = PCURVE('',#5189,#5275);
#5275 = DEFINITIONAL_REPRESENTATION('',(#5276),#5283);
#5276 = B_SPLINE_CURVE_WITH_KNOTS('',5,(#5277,#5278,#5279,#5280,#5281,
    #5282),.UNSPECIFIED.,.F.,.F.,(6,6),(3.766726406003,4.712388980385),
  .PIECEWISE_BEZIER_KNOTS.);
#5277 = CARTESIAN_POINT('',(6.285570354801E-13,0.168231280981));
#5278 = CARTESIAN_POINT('',(0.189132514877,0.145268613609));
#5279 = CARTESIAN_POINT('',(0.378265029753,0.114785912586));
#5280 = CARTESIAN_POINT('',(0.567397544629,7.847906422938E-02));
#5281 = CARTESIAN_POINT('',(0.756530059506,3.923862320612E-02));
#5282 = CARTESIAN_POINT('',(0.945662574382,0.));
#5283 = ( GEOMETRIC_REPRESENTATION_CONTEXT(2) 
PARAMETRIC_REPRESENTATION_CONTEXT() REPRESENTATION_CONTEXT('2D SPACE',''
  ) );
#5284 = ORIENTED_EDGE('',*,*,#5285,.F.);
#5285 = EDGE_CURVE('',#5170,#5256,#5286,.T.);
#5286 = SURFACE_CURVE('',#5287,(#5292,#5305),.PCURVE_S1.);
#5287 = ELLIPSE('',#5288,0.68230657767,0.65);
#5288 = AXIS2_PLACEMENT_3D('',#5289,#5290,#5291);
#5289 = CARTESIAN_POINT('',(2.8,-34.2,84.4));
#5290 = DIRECTION('',(0.651715156529,0.695301677414,-0.303022989452));
#5291 = DIRECTION('',(0.143083312104,0.279641579531,0.949382827312));
#5292 = PCURVE('',#4990,#5293);
#5293 = DEFINITIONAL_REPRESENTATION('',(#5294),#5304);
#5294 = B_SPLINE_CURVE_WITH_KNOTS('',8,(#5295,#5296,#5297,#5298,#5299,
    #5300,#5301,#5302,#5303),.UNSPECIFIED.,.F.,.F.,(9,9),(1.653651683596
    ,3.766726406003),.PIECEWISE_BEZIER_KNOTS.);
#5295 = CARTESIAN_POINT('',(-1.573852159709E-12,9.616105629818));
#5296 = CARTESIAN_POINT('',(0.264134340299,9.56149464552));
#5297 = CARTESIAN_POINT('',(0.528268680601,9.508252601941));
#5298 = CARTESIAN_POINT('',(0.792403020894,9.462186111326));
#5299 = CARTESIAN_POINT('',(1.056537361208,9.428893390483));
#5300 = CARTESIAN_POINT('',(1.320671701497,9.412488351296));
#5301 = CARTESIAN_POINT('',(1.584806041805,9.414320794447));
#5302 = CARTESIAN_POINT('',(1.848940382105,9.432975707865));
#5303 = CARTESIAN_POINT('',(2.113074722406,9.465044382053));
#5304 = ( GEOMETRIC_REPRESENTATION_CONTEXT(2) 
PARAMETRIC_REPRESENTATION_CONTEXT() REPRESENTATION_CONTEXT('2D SPACE',''
  ) );
#5305 = PCURVE('',#5189,#5306);
#5306 = DEFINITIONAL_REPRESENTATION('',(#5307),#5317);
#5307 = B_SPLINE_CURVE_WITH_KNOTS('',8,(#5308,#5309,#5310,#5311,#5312,
    #5313,#5314,#5315,#5316),.UNSPECIFIED.,.F.,.F.,(9,9),(1.653651683596
    ,3.766726406003),.PIECEWISE_BEZIER_KNOTS.);
#5308 = CARTESIAN_POINT('',(4.170110584773,1.717003321542E-02));
#5309 = CARTESIAN_POINT('',(4.434244925074,7.178101751432E-02));
#5310 = CARTESIAN_POINT('',(4.698379265376,0.125023061094));
#5311 = CARTESIAN_POINT('',(4.962513605678,0.171089551688));
#5312 = CARTESIAN_POINT('',(5.226647945977,0.204382272557));
#5313 = CARTESIAN_POINT('',(5.49078228628,0.220787311704));
#5314 = CARTESIAN_POINT('',(5.754916626579,0.218954868589));
#5315 = CARTESIAN_POINT('',(6.019050966879,0.200299955169));
#5316 = CARTESIAN_POINT('',(6.28318530718,0.168231280981));
#5317 = ( GEOMETRIC_REPRESENTATION_CONTEXT(2) 
PARAMETRIC_REPRESENTATION_CONTEXT() REPRESENTATION_CONTEXT('2D SPACE',''
  ) );
#5318 = ORIENTED_EDGE('',*,*,#5319,.F.);
#5319 = EDGE_CURVE('',#5118,#5170,#5320,.T.);
#5320 = SEAM_CURVE('',#5321,(#5325,#5332),.PCURVE_S1.);
#5321 = LINE('',#5322,#5323);
#5322 = CARTESIAN_POINT('',(-3.114183942856,-41.83183649523,84.4));
#5323 = VECTOR('',#5324,1.);
#5324 = DIRECTION('',(0.66436383883,0.747409318684,0.));
#5325 = PCURVE('',#4990,#5326);
#5326 = DEFINITIONAL_REPRESENTATION('',(#5327),#5331);
#5327 = LINE('',#5328,#5329);
#5328 = CARTESIAN_POINT('',(6.28318530718,-0.));
#5329 = VECTOR('',#5330,1.);
#5330 = DIRECTION('',(0.,1.));
#5331 = ( GEOMETRIC_REPRESENTATION_CONTEXT(2) 
PARAMETRIC_REPRESENTATION_CONTEXT() REPRESENTATION_CONTEXT('2D SPACE',''
  ) );
#5332 = PCURVE('',#4990,#5333);
#5333 = DEFINITIONAL_REPRESENTATION('',(#5334),#5338);
#5334 = LINE('',#5335,#5336);
#5335 = CARTESIAN_POINT('',(0.,-0.));
#5336 = VECTOR('',#5337,1.);
#5337 = DIRECTION('',(0.,1.));
#5338 = ( GEOMETRIC_REPRESENTATION_CONTEXT(2) 
PARAMETRIC_REPRESENTATION_CONTEXT() REPRESENTATION_CONTEXT('2D SPACE',''
  ) );
#5339 = ORIENTED_EDGE('',*,*,#5117,.T.);
#5340 = ORIENTED_EDGE('',*,*,#5093,.T.);
#5341 = ORIENTED_EDGE('',*,*,#4967,.T.);
#5342 = ORIENTED_EDGE('',*,*,#5141,.T.);
#5343 = ORIENTED_EDGE('',*,*,#5319,.T.);
#5344 = ADVANCED_FACE('',(#5345),#5189,.T.);
#5345 = FACE_BOUND('',#5346,.T.);
#5346 = EDGE_LOOP('',(#5347,#5412,#5453,#5486,#5507,#5508,#5577,#5578,
    #5579));
#5347 = ORIENTED_EDGE('',*,*,#5348,.F.);
#5348 = EDGE_CURVE('',#5349,#5351,#5353,.T.);
#5349 = VERTEX_POINT('',#5350);
#5350 = CARTESIAN_POINT('',(5.659619407771,-32.25961940777,82.));
#5351 = VERTEX_POINT('',#5352);
#5352 = CARTESIAN_POINT('',(4.740380592229,-31.8,81.540380592229));
#5353 = SURFACE_CURVE('',#5354,(#5359,#5366),.PCURVE_S1.);
#5354 = CIRCLE('',#5355,0.65);
#5355 = AXIS2_PLACEMENT_3D('',#5356,#5357,#5358);
#5356 = CARTESIAN_POINT('',(5.2,-31.8,82.));
#5357 = DIRECTION('',(0.57735026919,0.57735026919,-0.57735026919));
#5358 = DIRECTION('',(-0.707106781187,2.775557561563E-17,-0.707106781187
    ));
#5359 = PCURVE('',#5189,#5360);
#5360 = DEFINITIONAL_REPRESENTATION('',(#5361),#5365);
#5361 = LINE('',#5362,#5363);
#5362 = CARTESIAN_POINT('',(0.,4.156921938165));
#5363 = VECTOR('',#5364,1.);
#5364 = DIRECTION('',(1.,0.));
#5365 = ( GEOMETRIC_REPRESENTATION_CONTEXT(2) 
PARAMETRIC_REPRESENTATION_CONTEXT() REPRESENTATION_CONTEXT('2D SPACE',''
  ) );
#5366 = PCURVE('',#5367,#5372);
#5367 = SPHERICAL_SURFACE('',#5368,0.65);
#5368 = AXIS2_PLACEMENT_3D('',#5369,#5370,#5371);
#5369 = CARTESIAN_POINT('',(5.2,-31.8,82.));
#5370 = DIRECTION('',(0.,0.,1.));
#5371 = DIRECTION('',(1.,0.,-0.));
#5372 = DEFINITIONAL_REPRESENTATION('',(#5373),#5411);
#5373 = B_SPLINE_CURVE_WITH_KNOTS('',8,(#5374,#5375,#5376,#5377,#5378,
    #5379,#5380,#5381,#5382,#5383,#5384,#5385,#5386,#5387,#5388,#5389,
    #5390,#5391,#5392,#5393,#5394,#5395,#5396,#5397,#5398,#5399,#5400,
    #5401,#5402,#5403,#5404,#5405,#5406,#5407,#5408,#5409,#5410),
  .UNSPECIFIED.,.F.,.F.,(9,7,7,7,7,9),(4.188790204786,4.712388980385,
    5.105088062083,5.694136684632,5.988660995906,6.28318530718),
  .UNSPECIFIED.);
#5374 = CARTESIAN_POINT('',(5.497787143782,0.));
#5375 = CARTESIAN_POINT('',(5.459999657027,-5.343957625674E-02));
#5376 = CARTESIAN_POINT('',(5.422212561107,-0.106879780027));
#5377 = CARTESIAN_POINT('',(5.384095716102,-0.160202412058));
#5378 = CARTESIAN_POINT('',(5.345321118062,-0.213292315578));
#5379 = CARTESIAN_POINT('',(5.305542840328,-0.266026775217));
#5380 = CARTESIAN_POINT('',(5.264376974846,-0.318264915914));
#5381 = CARTESIAN_POINT('',(5.221381573491,-0.369837101834));
#5382 = CARTESIAN_POINT('',(5.142027851306,-0.458557260371));
#5383 = CARTESIAN_POINT('',(5.10669764395,-0.496087610901));
#5384 = CARTESIAN_POINT('',(5.069824540045,-0.533035860188));
#5385 = CARTESIAN_POINT('',(5.031166431686,-0.569298729522));
#5386 = CARTESIAN_POINT('',(4.990448266433,-0.604754239676));
#5387 = CARTESIAN_POINT('',(4.947360834197,-0.639256106178));
#5388 = CARTESIAN_POINT('',(4.901570604888,-0.672627478311));
#5389 = CARTESIAN_POINT('',(4.779495634795,-0.752693837209));
#5390 = CARTESIAN_POINT('',(4.699413365005,-0.797707339107));
#5391 = CARTESIAN_POINT('',(4.611354666418,-0.83897749624));
#5392 = CARTESIAN_POINT('',(4.514231802728,-0.875574886715));
#5393 = CARTESIAN_POINT('',(4.407174286505,-0.906434499516));
#5394 = CARTESIAN_POINT('',(4.290176184511,-0.930099890171));
#5395 = CARTESIAN_POINT('',(4.166482428276,-0.945513643332));
#5396 = CARTESIAN_POINT('',(3.976805984847,-0.955685872112));
#5397 = CARTESIAN_POINT('',(3.912892990817,-0.956918605079));
#5398 = CARTESIAN_POINT('',(3.848783103039,-0.95594445321));
#5399 = CARTESIAN_POINT('',(3.785036744774,-0.952757651316));
#5400 = CARTESIAN_POINT('',(3.722195861373,-0.947399550963));
#5401 = CARTESIAN_POINT('',(3.660723099861,-0.93995482127));
#5402 = CARTESIAN_POINT('',(3.600968450168,-0.930539843437));
#5403 = CARTESIAN_POINT('',(3.485358245798,-0.908026754554));
#5404 = CARTESIAN_POINT('',(3.429502864403,-0.894928861001));
#5405 = CARTESIAN_POINT('',(3.375834810633,-0.880119408458));
#5406 = CARTESIAN_POINT('',(3.324472494447,-0.863743798675));
#5407 = CARTESIAN_POINT('',(3.275437775138,-0.845949391217));
#5408 = CARTESIAN_POINT('',(3.228680305818,-0.82687644065));
#5409 = CARTESIAN_POINT('',(3.184103576189,-0.806653624697));
#5410 = CARTESIAN_POINT('',(3.14159265359,-0.785398163397));
#5411 = ( GEOMETRIC_REPRESENTATION_CONTEXT(2) 
PARAMETRIC_REPRESENTATION_CONTEXT() REPRESENTATION_CONTEXT('2D SPACE',''
  ) );
#5412 = ORIENTED_EDGE('',*,*,#5413,.F.);
#5413 = EDGE_CURVE('',#5414,#5349,#5416,.T.);
#5414 = VERTEX_POINT('',#5415);
#5415 = CARTESIAN_POINT('',(4.740380592229,-31.34038059222,82.));
#5416 = SURFACE_CURVE('',#5417,(#5422,#5435),.PCURVE_S1.);
#5417 = ELLIPSE('',#5418,0.682041910258,0.65);
#5418 = AXIS2_PLACEMENT_3D('',#5419,#5420,#5421);
#5419 = CARTESIAN_POINT('',(5.2,-31.8,82.));
#5420 = DIRECTION('',(0.673887338679,0.673887338679,-0.302905446528));
#5421 = DIRECTION('',(-0.214186495298,-0.214186495298,-0.953020613871));
#5422 = PCURVE('',#5189,#5423);
#5423 = DEFINITIONAL_REPRESENTATION('',(#5424),#5434);
#5424 = B_SPLINE_CURVE_WITH_KNOTS('',8,(#5425,#5426,#5427,#5428,#5429,
    #5430,#5431,#5432,#5433),.UNSPECIFIED.,.F.,.F.,(9,9),(1.570796060326
    ,4.712387942924),.PIECEWISE_BEZIER_KNOTS.);
#5425 = CARTESIAN_POINT('',(1.047197284727,4.156921993216));
#5426 = CARTESIAN_POINT('',(1.439896270052,4.07579265682));
#5427 = CARTESIAN_POINT('',(1.832595255377,3.994662663833));
#5428 = CARTESIAN_POINT('',(2.225294240698,3.932604222284));
#5429 = CARTESIAN_POINT('',(2.617993226013,3.90863734117));
#5430 = CARTESIAN_POINT('',(3.010692211352,3.93260409528));
#5431 = CARTESIAN_POINT('',(3.403391196675,3.994662441931));
#5432 = CARTESIAN_POINT('',(3.796090182001,4.075792387436));
#5433 = CARTESIAN_POINT('',(4.188789167326,4.156921723832));
#5434 = ( GEOMETRIC_REPRESENTATION_CONTEXT(2) 
PARAMETRIC_REPRESENTATION_CONTEXT() REPRESENTATION_CONTEXT('2D SPACE',''
  ) );
#5435 = PCURVE('',#5436,#5441);
#5436 = CYLINDRICAL_SURFACE('',#5437,0.65);
#5437 = AXIS2_PLACEMENT_3D('',#5438,#5439,#5440);
#5438 = CARTESIAN_POINT('',(5.2,-31.8,82.));
#5439 = DIRECTION('',(0.707106781187,0.707106781187,0.));
#5440 = DIRECTION('',(0.707106781187,-0.707106781187,0.));
#5441 = DEFINITIONAL_REPRESENTATION('',(#5442),#5452);
#5442 = B_SPLINE_CURVE_WITH_KNOTS('',8,(#5443,#5444,#5445,#5446,#5447,
    #5448,#5449,#5450,#5451),.UNSPECIFIED.,.F.,.F.,(9,9),(1.570796060326
    ,4.712387942924),.PIECEWISE_BEZIER_KNOTS.);
#5443 = CARTESIAN_POINT('',(3.14159238712,-5.505102507186E-08));
#5444 = CARTESIAN_POINT('',(3.534291372445,8.11292813454E-02));
#5445 = CARTESIAN_POINT('',(3.926990357772,0.162259274333));
#5446 = CARTESIAN_POINT('',(4.319689343081,0.22431771589));
#5447 = CARTESIAN_POINT('',(4.712388328429,0.248284596986));
#5448 = CARTESIAN_POINT('',(5.105087313725,0.224317842892));
#5449 = CARTESIAN_POINT('',(5.497786299068,0.162259496232));
#5450 = CARTESIAN_POINT('',(5.890485284394,8.112955072979E-02));
#5451 = CARTESIAN_POINT('',(6.283184269719,2.143334079108E-07));
#5452 = ( GEOMETRIC_REPRESENTATION_CONTEXT(2) 
PARAMETRIC_REPRESENTATION_CONTEXT() REPRESENTATION_CONTEXT('2D SPACE',''
  ) );
#5453 = ORIENTED_EDGE('',*,*,#5454,.F.);
#5454 = EDGE_CURVE('',#5351,#5414,#5455,.T.);
#5455 = SURFACE_CURVE('',#5456,(#5461,#5468),.PCURVE_S1.);
#5456 = CIRCLE('',#5457,0.65);
#5457 = AXIS2_PLACEMENT_3D('',#5458,#5459,#5460);
#5458 = CARTESIAN_POINT('',(5.2,-31.8,82.));
#5459 = DIRECTION('',(0.57735026919,0.57735026919,-0.57735026919));
#5460 = DIRECTION('',(-0.707106781187,2.775557561563E-17,-0.707106781187
    ));
#5461 = PCURVE('',#5189,#5462);
#5462 = DEFINITIONAL_REPRESENTATION('',(#5463),#5467);
#5463 = LINE('',#5464,#5465);
#5464 = CARTESIAN_POINT('',(0.,4.156921938165));
#5465 = VECTOR('',#5466,1.);
#5466 = DIRECTION('',(1.,0.));
#5467 = ( GEOMETRIC_REPRESENTATION_CONTEXT(2) 
PARAMETRIC_REPRESENTATION_CONTEXT() REPRESENTATION_CONTEXT('2D SPACE',''
  ) );
#5468 = PCURVE('',#5367,#5469);
#5469 = DEFINITIONAL_REPRESENTATION('',(#5470),#5485);
#5470 = B_SPLINE_CURVE_WITH_KNOTS('',7,(#5471,#5472,#5473,#5474,#5475,
    #5476,#5477,#5478,#5479,#5480,#5481,#5482,#5483,#5484),
  .UNSPECIFIED.,.F.,.F.,(8,6,8),(0.,0.523598775598,1.047197551197),
  .UNSPECIFIED.);
#5471 = CARTESIAN_POINT('',(3.14159265359,-0.785398163397));
#5472 = CARTESIAN_POINT('',(3.055221255293,-0.742212464249));
#5473 = CARTESIAN_POINT('',(2.977553639977,-0.694674843058));
#5474 = CARTESIAN_POINT('',(2.907534108592,-0.643839777379));
#5475 = CARTESIAN_POINT('',(2.843644217352,-0.590512457654));
#5476 = CARTESIAN_POINT('',(2.784724411925,-0.535245854124));
#5477 = CARTESIAN_POINT('',(2.729767883567,-0.478474030655));
#5478 = CARTESIAN_POINT('',(2.626122205611,-0.362594639913));
#5479 = CARTESIAN_POINT('',(2.577432143634,-0.303488341248));
#5480 = CARTESIAN_POINT('',(2.531042783654,-0.243549835599));
#5481 = CARTESIAN_POINT('',(2.48627824817,-0.183034795558));
#5482 = CARTESIAN_POINT('',(2.442565367377,-0.122148439557));
#5483 = CARTESIAN_POINT('',(2.399380189341,-6.107380143628E-02));
#5484 = CARTESIAN_POINT('',(2.356194490192,0.));
#5485 = ( GEOMETRIC_REPRESENTATION_CONTEXT(2) 
PARAMETRIC_REPRESENTATION_CONTEXT() REPRESENTATION_CONTEXT('2D SPACE',''
  ) );
#5486 = ORIENTED_EDGE('',*,*,#5487,.F.);
#5487 = EDGE_CURVE('',#5256,#5351,#5488,.T.);
#5488 = SEAM_CURVE('',#5489,(#5493,#5500),.PCURVE_S1.);
#5489 = LINE('',#5490,#5491);
#5490 = CARTESIAN_POINT('',(2.340380592229,-34.2,83.940380592229));
#5491 = VECTOR('',#5492,1.);
#5492 = DIRECTION('',(0.57735026919,0.57735026919,-0.57735026919));
#5493 = PCURVE('',#5189,#5494);
#5494 = DEFINITIONAL_REPRESENTATION('',(#5495),#5499);
#5495 = LINE('',#5496,#5497);
#5496 = CARTESIAN_POINT('',(0.,-0.));
#5497 = VECTOR('',#5498,1.);
#5498 = DIRECTION('',(0.,1.));
#5499 = ( GEOMETRIC_REPRESENTATION_CONTEXT(2) 
PARAMETRIC_REPRESENTATION_CONTEXT() REPRESENTATION_CONTEXT('2D SPACE',''
  ) );
#5500 = PCURVE('',#5189,#5501);
#5501 = DEFINITIONAL_REPRESENTATION('',(#5502),#5506);
#5502 = LINE('',#5503,#5504);
#5503 = CARTESIAN_POINT('',(6.28318530718,-0.));
#5504 = VECTOR('',#5505,1.);
#5505 = DIRECTION('',(0.,1.));
#5506 = ( GEOMETRIC_REPRESENTATION_CONTEXT(2) 
PARAMETRIC_REPRESENTATION_CONTEXT() REPRESENTATION_CONTEXT('2D SPACE',''
  ) );
#5507 = ORIENTED_EDGE('',*,*,#5255,.T.);
#5508 = ORIENTED_EDGE('',*,*,#5509,.T.);
#5509 = EDGE_CURVE('',#5233,#5168,#5510,.T.);
#5510 = SURFACE_CURVE('',#5511,(#5516,#5523),.PCURVE_S1.);
#5511 = CIRCLE('',#5512,0.65);
#5512 = AXIS2_PLACEMENT_3D('',#5513,#5514,#5515);
#5513 = CARTESIAN_POINT('',(2.8,-34.2,84.4));
#5514 = DIRECTION('',(0.57735026919,0.57735026919,-0.57735026919));
#5515 = DIRECTION('',(-0.744845299742,0.662084710882,-8.276058886025E-02
    ));
#5516 = PCURVE('',#5189,#5517);
#5517 = DEFINITIONAL_REPRESENTATION('',(#5518),#5522);
#5518 = LINE('',#5519,#5520);
#5519 = CARTESIAN_POINT('',(0.945662574382,0.));
#5520 = VECTOR('',#5521,1.);
#5521 = DIRECTION('',(1.,0.));
#5522 = ( GEOMETRIC_REPRESENTATION_CONTEXT(2) 
PARAMETRIC_REPRESENTATION_CONTEXT() REPRESENTATION_CONTEXT('2D SPACE',''
  ) );
#5523 = PCURVE('',#5221,#5524);
#5524 = DEFINITIONAL_REPRESENTATION('',(#5525),#5576);
#5525 = B_SPLINE_CURVE_WITH_KNOTS('',8,(#5526,#5527,#5528,#5529,#5530,
    #5531,#5532,#5533,#5534,#5535,#5536,#5537,#5538,#5539,#5540,#5541,
    #5542,#5543,#5544,#5545,#5546,#5547,#5548,#5549,#5550,#5551,#5552,
    #5553,#5554,#5555,#5556,#5557,#5558,#5559,#5560,#5561,#5562,#5563,
    #5564,#5565,#5566,#5567,#5568,#5569,#5570,#5571,#5572,#5573,#5574,
    #5575),.UNSPECIFIED.,.F.,.F.,(9,7,7,7,7,6,7,9),(0.,0.548982519802,
    0.960719409653,1.578324744431,1.887127411819,2.195930079208,
    2.668761366399,3.14159265359),.UNSPECIFIED.);
#5526 = CARTESIAN_POINT('',(8.698135620088,-8.285535680284E-02));
#5527 = CARTESIAN_POINT('',(8.658242982143,-2.692175037991E-02));
#5528 = CARTESIAN_POINT('',(8.618774308529,2.916235694682E-02));
#5529 = CARTESIAN_POINT('',(8.579341455552,8.525801863211E-02));
#5530 = CARTESIAN_POINT('',(8.539575090521,0.14123593576));
#5531 = CARTESIAN_POINT('',(8.499100364995,0.196964715337));
#5532 = CARTESIAN_POINT('',(8.457512588038,0.252299128582));
#5533 = CARTESIAN_POINT('',(8.414352899463,0.307068369223));
#5534 = CARTESIAN_POINT('',(8.335132225803,0.401561268708));
#5535 = CARTESIAN_POINT('',(8.299994088725,0.44162285659));
#5536 = CARTESIAN_POINT('',(8.263440591511,0.481160109111));
#5537 = CARTESIAN_POINT('',(8.225221039562,0.520070770926));
#5538 = CARTESIAN_POINT('',(8.185049591965,0.558234543851));
#5539 = CARTESIAN_POINT('',(8.142600717325,0.59550687544));
#5540 = CARTESIAN_POINT('',(8.097513497474,0.631711289967));
#5541 = CARTESIAN_POINT('',(7.977241701434,0.719008719572));
#5542 = CARTESIAN_POINT('',(7.89828095233,0.768494173031));
#5543 = CARTESIAN_POINT('',(7.811240367386,0.814360560092));
#5544 = CARTESIAN_POINT('',(7.714726681361,0.855639556576));
#5545 = CARTESIAN_POINT('',(7.607612258233,0.891210888888));
#5546 = CARTESIAN_POINT('',(7.488999282902,0.919439890257));
#5547 = CARTESIAN_POINT('',(7.361859916738,0.938940406062));
#5548 = CARTESIAN_POINT('',(7.164760085227,0.95417925887));
#5549 = CARTESIAN_POINT('',(7.097997179637,0.956923510863));
#5550 = CARTESIAN_POINT('',(7.030698484315,0.957254084698));
#5551 = CARTESIAN_POINT('',(6.963504808458,0.955140195137));
#5552 = CARTESIAN_POINT('',(6.897062299867,0.950608700863));
#5553 = CARTESIAN_POINT('',(6.831942452929,0.943742531879));
#5554 = CARTESIAN_POINT('',(6.768590423127,0.934667427655));
#5555 = CARTESIAN_POINT('',(6.646012873076,0.91238654447));
#5556 = CARTESIAN_POINT('',(6.586787875341,0.899181030716));
#5557 = CARTESIAN_POINT('',(6.529932458949,0.884055300452));
#5558 = CARTESIAN_POINT('',(6.47560574158,0.867176357674));
#5559 = CARTESIAN_POINT('',(6.423845967337,0.848715204637));
#5560 = CARTESIAN_POINT('',(6.374600090891,0.828834793015));
#5561 = CARTESIAN_POINT('',(6.256032789082,0.775298656335));
#5562 = CARTESIAN_POINT('',(6.152013880515,0.714489213606));
#5563 = CARTESIAN_POINT('',(6.093927805587,0.67552731073));
#5564 = CARTESIAN_POINT('',(6.040038573713,0.634791863074));
#5565 = CARTESIAN_POINT('',(5.989738559173,0.59260133889));
#5566 = CARTESIAN_POINT('',(5.942496777299,0.549208565416));
#5567 = CARTESIAN_POINT('',(5.897839954965,0.504822877238));
#5568 = CARTESIAN_POINT('',(5.812872236947,0.414411206059));
#5569 = CARTESIAN_POINT('',(5.7725611629,0.368385859812));
#5570 = CARTESIAN_POINT('',(5.734009675483,0.321712347008));
#5571 = CARTESIAN_POINT('',(5.696862491691,0.27453094883));
#5572 = CARTESIAN_POINT('',(5.660809829515,0.226958212696));
#5573 = CARTESIAN_POINT('',(5.625574993606,0.179094281433));
#5574 = CARTESIAN_POINT('',(5.590901960944,0.131030222428));
#5575 = CARTESIAN_POINT('',(5.556542966498,8.285535680284E-02));
#5576 = ( GEOMETRIC_REPRESENTATION_CONTEXT(2) 
PARAMETRIC_REPRESENTATION_CONTEXT() REPRESENTATION_CONTEXT('2D SPACE',''
  ) );
#5577 = ORIENTED_EDGE('',*,*,#5167,.T.);
#5578 = ORIENTED_EDGE('',*,*,#5285,.T.);
#5579 = ORIENTED_EDGE('',*,*,#5487,.T.);
#5580 = ADVANCED_FACE('',(#5581),#5221,.T.);
#5581 = FACE_BOUND('',#5582,.T.);
#5582 = EDGE_LOOP('',(#5583,#5584,#5585));
#5583 = ORIENTED_EDGE('',*,*,#5232,.T.);
#5584 = ORIENTED_EDGE('',*,*,#5204,.T.);
#5585 = ORIENTED_EDGE('',*,*,#5509,.F.);
#5586 = ADVANCED_FACE('',(#5587),#5367,.T.);
#5587 = FACE_BOUND('',#5588,.T.);
#5588 = EDGE_LOOP('',(#5589,#5613,#5614,#5615));
#5589 = ORIENTED_EDGE('',*,*,#5590,.F.);
#5590 = EDGE_CURVE('',#5349,#5591,#5593,.T.);
#5591 = VERTEX_POINT('',#5592);
#5592 = CARTESIAN_POINT('',(5.2,-31.8,81.35));
#5593 = SURFACE_CURVE('',#5594,(#5599,#5606),.PCURVE_S1.);
#5594 = CIRCLE('',#5595,0.65);
#5595 = AXIS2_PLACEMENT_3D('',#5596,#5597,#5598);
#5596 = CARTESIAN_POINT('',(5.2,-31.8,82.));
#5597 = DIRECTION('',(0.707106781187,0.707106781187,0.));
#5598 = DIRECTION('',(0.707106781187,-0.707106781187,0.));
#5599 = PCURVE('',#5367,#5600);
#5600 = DEFINITIONAL_REPRESENTATION('',(#5601),#5605);
#5601 = LINE('',#5602,#5603);
#5602 = CARTESIAN_POINT('',(5.497787143782,0.));
#5603 = VECTOR('',#5604,1.);
#5604 = DIRECTION('',(0.,-1.));
#5605 = ( GEOMETRIC_REPRESENTATION_CONTEXT(2) 
PARAMETRIC_REPRESENTATION_CONTEXT() REPRESENTATION_CONTEXT('2D SPACE',''
  ) );
#5606 = PCURVE('',#5436,#5607);
#5607 = DEFINITIONAL_REPRESENTATION('',(#5608),#5612);
#5608 = LINE('',#5609,#5610);
#5609 = CARTESIAN_POINT('',(0.,0.));
#5610 = VECTOR('',#5611,1.);
#5611 = DIRECTION('',(1.,0.));
#5612 = ( GEOMETRIC_REPRESENTATION_CONTEXT(2) 
PARAMETRIC_REPRESENTATION_CONTEXT() REPRESENTATION_CONTEXT('2D SPACE',''
  ) );
#5613 = ORIENTED_EDGE('',*,*,#5348,.T.);
#5614 = ORIENTED_EDGE('',*,*,#5454,.T.);
#5615 = ORIENTED_EDGE('',*,*,#5616,.F.);
#5616 = EDGE_CURVE('',#5591,#5414,#5617,.T.);
#5617 = SURFACE_CURVE('',#5618,(#5623,#5630),.PCURVE_S1.);
#5618 = CIRCLE('',#5619,0.65);
#5619 = AXIS2_PLACEMENT_3D('',#5620,#5621,#5622);
#5620 = CARTESIAN_POINT('',(5.2,-31.8,82.));
#5621 = DIRECTION('',(0.707106781187,0.707106781187,0.));
#5622 = DIRECTION('',(0.707106781187,-0.707106781187,0.));
#5623 = PCURVE('',#5367,#5624);
#5624 = DEFINITIONAL_REPRESENTATION('',(#5625),#5629);
#5625 = LINE('',#5626,#5627);
#5626 = CARTESIAN_POINT('',(2.356194490192,-3.14159265359));
#5627 = VECTOR('',#5628,1.);
#5628 = DIRECTION('',(-0.,1.));
#5629 = ( GEOMETRIC_REPRESENTATION_CONTEXT(2) 
PARAMETRIC_REPRESENTATION_CONTEXT() REPRESENTATION_CONTEXT('2D SPACE',''
  ) );
#5630 = PCURVE('',#5436,#5631);
#5631 = DEFINITIONAL_REPRESENTATION('',(#5632),#5636);
#5632 = LINE('',#5633,#5634);
#5633 = CARTESIAN_POINT('',(0.,0.));
#5634 = VECTOR('',#5635,1.);
#5635 = DIRECTION('',(1.,0.));
#5636 = ( GEOMETRIC_REPRESENTATION_CONTEXT(2) 
PARAMETRIC_REPRESENTATION_CONTEXT() REPRESENTATION_CONTEXT('2D SPACE',''
  ) );
#5637 = ADVANCED_FACE('',(#5638),#5436,.T.);
#5638 = FACE_BOUND('',#5639,.T.);
#5639 = EDGE_LOOP('',(#5640,#5663,#5691,#5714,#5753,#5754,#5755,#5756));
#5640 = ORIENTED_EDGE('',*,*,#5641,.T.);
#5641 = EDGE_CURVE('',#5349,#5642,#5644,.T.);
#5642 = VERTEX_POINT('',#5643);
#5643 = CARTESIAN_POINT('',(11.259619407771,-26.65961940777,82.));
#5644 = SEAM_CURVE('',#5645,(#5649,#5656),.PCURVE_S1.);
#5645 = LINE('',#5646,#5647);
#5646 = CARTESIAN_POINT('',(5.659619407771,-32.25961940777,82.));
#5647 = VECTOR('',#5648,1.);
#5648 = DIRECTION('',(0.707106781187,0.707106781187,0.));
#5649 = PCURVE('',#5436,#5650);
#5650 = DEFINITIONAL_REPRESENTATION('',(#5651),#5655);
#5651 = LINE('',#5652,#5653);
#5652 = CARTESIAN_POINT('',(6.28318530718,-0.));
#5653 = VECTOR('',#5654,1.);
#5654 = DIRECTION('',(0.,1.));
#5655 = ( GEOMETRIC_REPRESENTATION_CONTEXT(2) 
PARAMETRIC_REPRESENTATION_CONTEXT() REPRESENTATION_CONTEXT('2D SPACE',''
  ) );
#5656 = PCURVE('',#5436,#5657);
#5657 = DEFINITIONAL_REPRESENTATION('',(#5658),#5662);
#5658 = LINE('',#5659,#5660);
#5659 = CARTESIAN_POINT('',(0.,-0.));
#5660 = VECTOR('',#5661,1.);
#5661 = DIRECTION('',(0.,1.));
#5662 = ( GEOMETRIC_REPRESENTATION_CONTEXT(2) 
PARAMETRIC_REPRESENTATION_CONTEXT() REPRESENTATION_CONTEXT('2D SPACE',''
  ) );
#5663 = ORIENTED_EDGE('',*,*,#5664,.F.);
#5664 = EDGE_CURVE('',#5665,#5642,#5667,.T.);
#5665 = VERTEX_POINT('',#5666);
#5666 = CARTESIAN_POINT('',(10.8,-26.2,82.65));
#5667 = SURFACE_CURVE('',#5668,(#5673,#5680),.PCURVE_S1.);
#5668 = CIRCLE('',#5669,0.65);
#5669 = AXIS2_PLACEMENT_3D('',#5670,#5671,#5672);
#5670 = CARTESIAN_POINT('',(10.8,-26.2,82.));
#5671 = DIRECTION('',(0.707106781187,0.707106781187,0.));
#5672 = DIRECTION('',(0.707106781187,-0.707106781187,0.));
#5673 = PCURVE('',#5436,#5674);
#5674 = DEFINITIONAL_REPRESENTATION('',(#5675),#5679);
#5675 = LINE('',#5676,#5677);
#5676 = CARTESIAN_POINT('',(0.,7.919595949289));
#5677 = VECTOR('',#5678,1.);
#5678 = DIRECTION('',(1.,0.));
#5679 = ( GEOMETRIC_REPRESENTATION_CONTEXT(2) 
PARAMETRIC_REPRESENTATION_CONTEXT() REPRESENTATION_CONTEXT('2D SPACE',''
  ) );
#5680 = PCURVE('',#5681,#5686);
#5681 = SPHERICAL_SURFACE('',#5682,0.65);
#5682 = AXIS2_PLACEMENT_3D('',#5683,#5684,#5685);
#5683 = CARTESIAN_POINT('',(10.8,-26.2,82.));
#5684 = DIRECTION('',(0.,0.,1.));
#5685 = DIRECTION('',(1.,0.,-0.));
#5686 = DEFINITIONAL_REPRESENTATION('',(#5687),#5690);
#5687 = B_SPLINE_CURVE_WITH_KNOTS('',1,(#5688,#5689),.UNSPECIFIED.,.F.,
  .F.,(2,2),(4.712388980385,6.28318530718),.PIECEWISE_BEZIER_KNOTS.);
#5688 = CARTESIAN_POINT('',(5.497787143782,1.570796326795));
#5689 = CARTESIAN_POINT('',(5.497787143782,0.));
#5690 = ( GEOMETRIC_REPRESENTATION_CONTEXT(2) 
PARAMETRIC_REPRESENTATION_CONTEXT() REPRESENTATION_CONTEXT('2D SPACE',''
  ) );
#5691 = ORIENTED_EDGE('',*,*,#5692,.F.);
#5692 = EDGE_CURVE('',#5693,#5665,#5695,.T.);
#5693 = VERTEX_POINT('',#5694);
#5694 = CARTESIAN_POINT('',(10.340380592229,-25.74038059222,82.));
#5695 = SURFACE_CURVE('',#5696,(#5701,#5708),.PCURVE_S1.);
#5696 = CIRCLE('',#5697,0.65);
#5697 = AXIS2_PLACEMENT_3D('',#5698,#5699,#5700);
#5698 = CARTESIAN_POINT('',(10.8,-26.2,82.));
#5699 = DIRECTION('',(0.707106781187,0.707106781187,0.));
#5700 = DIRECTION('',(0.707106781187,-0.707106781187,0.));
#5701 = PCURVE('',#5436,#5702);
#5702 = DEFINITIONAL_REPRESENTATION('',(#5703),#5707);
#5703 = LINE('',#5704,#5705);
#5704 = CARTESIAN_POINT('',(0.,7.919595949289));
#5705 = VECTOR('',#5706,1.);
#5706 = DIRECTION('',(1.,0.));
#5707 = ( GEOMETRIC_REPRESENTATION_CONTEXT(2) 
PARAMETRIC_REPRESENTATION_CONTEXT() REPRESENTATION_CONTEXT('2D SPACE',''
  ) );
#5708 = PCURVE('',#5681,#5709);
#5709 = DEFINITIONAL_REPRESENTATION('',(#5710),#5713);
#5710 = B_SPLINE_CURVE_WITH_KNOTS('',1,(#5711,#5712),.UNSPECIFIED.,.F.,
  .F.,(2,2),(3.14159265359,4.712388980385),.PIECEWISE_BEZIER_KNOTS.);
#5711 = CARTESIAN_POINT('',(8.639379797372,0.));
#5712 = CARTESIAN_POINT('',(8.639379797372,1.570796326795));
#5713 = ( GEOMETRIC_REPRESENTATION_CONTEXT(2) 
PARAMETRIC_REPRESENTATION_CONTEXT() REPRESENTATION_CONTEXT('2D SPACE',''
  ) );
#5714 = ORIENTED_EDGE('',*,*,#5715,.F.);
#5715 = EDGE_CURVE('',#5642,#5693,#5716,.T.);
#5716 = SURFACE_CURVE('',#5717,(#5722,#5735),.PCURVE_S1.);
#5717 = ELLIPSE('',#5718,0.669809113197,0.65);
#5718 = AXIS2_PLACEMENT_3D('',#5719,#5720,#5721);
#5719 = CARTESIAN_POINT('',(10.8,-26.2,82.));
#5720 = DIRECTION('',(0.686194616818,0.686194616818,-0.24139986682));
#5721 = DIRECTION('',(0.170695482806,0.170695482806,0.970425733531));
#5722 = PCURVE('',#5436,#5723);
#5723 = DEFINITIONAL_REPRESENTATION('',(#5724),#5734);
#5724 = B_SPLINE_CURVE_WITH_KNOTS('',8,(#5725,#5726,#5727,#5728,#5729,
    #5730,#5731,#5732,#5733),.UNSPECIFIED.,.F.,.F.,(9,9),(1.570798281473
    ,4.712389196625),.PIECEWISE_BEZIER_KNOTS.);
#5725 = CARTESIAN_POINT('',(1.954677748893E-06,7.919595633234));
#5726 = CARTESIAN_POINT('',(0.392700819072,7.856099434928));
#5727 = CARTESIAN_POINT('',(0.785399683465,7.792602786035));
#5728 = CARTESIAN_POINT('',(1.178098547861,7.744032616883));
#5729 = CARTESIAN_POINT('',(1.570797412252,7.725274983677));
#5730 = CARTESIAN_POINT('',(1.963496276649,7.744032782375));
#5731 = CARTESIAN_POINT('',(2.35619514104,7.792603075184));
#5732 = CARTESIAN_POINT('',(2.748894005436,7.856099785948));
#5733 = CARTESIAN_POINT('',(3.14159286983,7.919595984254));
#5734 = ( GEOMETRIC_REPRESENTATION_CONTEXT(2) 
PARAMETRIC_REPRESENTATION_CONTEXT() REPRESENTATION_CONTEXT('2D SPACE',''
  ) );
#5735 = PCURVE('',#5736,#5741);
#5736 = CYLINDRICAL_SURFACE('',#5737,0.65);
#5737 = AXIS2_PLACEMENT_3D('',#5738,#5739,#5740);
#5738 = CARTESIAN_POINT('',(10.8,-26.2,82.));
#5739 = DIRECTION('',(0.624695047554,0.624695047554,-0.468521285666));
#5740 = DIRECTION('',(0.707106781187,-0.707106781187,0.));
#5741 = DEFINITIONAL_REPRESENTATION('',(#5742),#5752);
#5742 = B_SPLINE_CURVE_WITH_KNOTS('',8,(#5743,#5744,#5745,#5746,#5747,
    #5748,#5749,#5750,#5751),.UNSPECIFIED.,.F.,.F.,(9,9),(1.570798281473
    ,4.712389196625),.PIECEWISE_BEZIER_KNOTS.);
#5743 = CARTESIAN_POINT('',(1.954677748893E-06,3.160554271631E-07));
#5744 = CARTESIAN_POINT('',(0.392700819072,6.349651436102E-02));
#5745 = CARTESIAN_POINT('',(0.785399683462,0.126993163244));
#5746 = CARTESIAN_POINT('',(1.178098547869,0.175563332406));
#5747 = CARTESIAN_POINT('',(1.57079741224,0.194320965609));
#5748 = CARTESIAN_POINT('',(1.963496276655,0.175563166917));
#5749 = CARTESIAN_POINT('',(2.356195141038,0.1269928741));
#5750 = CARTESIAN_POINT('',(2.748894005436,6.349616334138E-02));
#5751 = CARTESIAN_POINT('',(3.14159286983,-3.496433720329E-08));
#5752 = ( GEOMETRIC_REPRESENTATION_CONTEXT(2) 
PARAMETRIC_REPRESENTATION_CONTEXT() REPRESENTATION_CONTEXT('2D SPACE',''
  ) );
#5753 = ORIENTED_EDGE('',*,*,#5641,.F.);
#5754 = ORIENTED_EDGE('',*,*,#5590,.T.);
#5755 = ORIENTED_EDGE('',*,*,#5616,.T.);
#5756 = ORIENTED_EDGE('',*,*,#5413,.T.);
#5757 = ADVANCED_FACE('',(#5758),#5736,.T.);
#5758 = FACE_BOUND('',#5759,.T.);
#5759 = EDGE_LOOP('',(#5760,#5839,#5876,#5897,#5898,#5961,#5962));
#5760 = ORIENTED_EDGE('',*,*,#5761,.F.);
#5761 = EDGE_CURVE('',#5762,#5764,#5766,.T.);
#5762 = VERTEX_POINT('',#5763);
#5763 = CARTESIAN_POINT('',(14.018246624956,-23.40142574904,
    79.08909450122));
#5764 = VERTEX_POINT('',#5765);
#5765 = CARTESIAN_POINT('',(13.981753375044,-22.59857425095,
    80.11090549878));
#5766 = SURFACE_CURVE('',#5767,(#5772,#5779),.PCURVE_S1.);
#5767 = CIRCLE('',#5768,0.65);
#5768 = AXIS2_PLACEMENT_3D('',#5769,#5770,#5771);
#5769 = CARTESIAN_POINT('',(14.,-23.,79.6));
#5770 = DIRECTION('',(0.624695047554,0.624695047554,-0.468521285666));
#5771 = DIRECTION('',(0.707106781187,-0.707106781187,0.));
#5772 = PCURVE('',#5736,#5773);
#5773 = DEFINITIONAL_REPRESENTATION('',(#5774),#5778);
#5774 = LINE('',#5775,#5776);
#5775 = CARTESIAN_POINT('',(0.,5.122499389946));
#5776 = VECTOR('',#5777,1.);
#5777 = DIRECTION('',(1.,0.));
#5778 = ( GEOMETRIC_REPRESENTATION_CONTEXT(2) 
PARAMETRIC_REPRESENTATION_CONTEXT() REPRESENTATION_CONTEXT('2D SPACE',''
  ) );
#5779 = PCURVE('',#5780,#5785);
#5780 = SPHERICAL_SURFACE('',#5781,0.65);
#5781 = AXIS2_PLACEMENT_3D('',#5782,#5783,#5784);
#5782 = CARTESIAN_POINT('',(14.,-23.,79.6));
#5783 = DIRECTION('',(0.,0.,1.));
#5784 = DIRECTION('',(1.,0.,-0.));
#5785 = DEFINITIONAL_REPRESENTATION('',(#5786),#5838);
#5786 = B_SPLINE_CURVE_WITH_KNOTS('',8,(#5787,#5788,#5789,#5790,#5791,
    #5792,#5793,#5794,#5795,#5796,#5797,#5798,#5799,#5800,#5801,#5802,
    #5803,#5804,#5805,#5806,#5807,#5808,#5809,#5810,#5811,#5812,#5813,
    #5814,#5815,#5816,#5817,#5818,#5819,#5820,#5821,#5822,#5823,#5824,
    #5825,#5826,#5827,#5828,#5829,#5830,#5831,#5832,#5833,#5834,#5835,
    #5836,#5837),.UNSPECIFIED.,.F.,.F.,(9,7,7,7,7,7,7,9),(1.096690192626
    ,1.489389274325,1.833000970811,2.133661205237,2.659816615482,
    3.449049730849,3.843666288532,4.238282846216),.UNSPECIFIED.);
#5787 = CARTESIAN_POINT('',(4.757812259806,-0.904325681965));
#5788 = CARTESIAN_POINT('',(4.697636842798,-0.936351108923));
#5789 = CARTESIAN_POINT('',(4.631861270425,-0.966365467224));
#5790 = CARTESIAN_POINT('',(4.559793341516,-0.993974927449));
#5791 = CARTESIAN_POINT('',(4.480800937774,-1.018693388502));
#5792 = CARTESIAN_POINT('',(4.394458169922,-1.03996040543));
#5793 = CARTESIAN_POINT('',(4.300893943137,-1.057094200611));
#5794 = CARTESIAN_POINT('',(4.201764165777,-1.069531963984));
#5795 = CARTESIAN_POINT('',(4.009831316512,-1.083481535783));
#5796 = CARTESIAN_POINT('',(3.917786633353,-1.086164533132));
#5797 = CARTESIAN_POINT('',(3.824835106452,-1.084818833767));
#5798 = CARTESIAN_POINT('',(3.732950390957,-1.079386913276));
#5799 = CARTESIAN_POINT('',(3.644263565762,-1.070041007436));
#5800 = CARTESIAN_POINT('',(3.560001124837,-1.057136268402));
#5801 = CARTESIAN_POINT('',(3.480784826635,-1.041059554503));
#5802 = CARTESIAN_POINT('',(3.342040786024,-1.005695038372));
#5803 = CARTESIAN_POINT('',(3.281289443699,-0.987059396318));
#5804 = CARTESIAN_POINT('',(3.224653165555,-0.966552100072));
#5805 = CARTESIAN_POINT('',(3.171984081368,-0.944426394805));
#5806 = CARTESIAN_POINT('',(3.122999404501,-0.920909422758));
#5807 = CARTESIAN_POINT('',(3.077372382805,-0.896193625609));
#5808 = CARTESIAN_POINT('',(3.034782059055,-0.870438350326));
#5809 = CARTESIAN_POINT('',(2.92516645917,-0.797132447761));
#5810 = CARTESIAN_POINT('',(2.863773661582,-0.747721565762));
#5811 = CARTESIAN_POINT('',(2.809094795975,-0.696282138676));
#5812 = CARTESIAN_POINT('',(2.759686205668,-0.643306132673));
#5813 = CARTESIAN_POINT('',(2.714465051237,-0.589136931473));
#5814 = CARTESIAN_POINT('',(2.672616993948,-0.534028340734));
#5815 = CARTESIAN_POINT('',(2.633456311145,-0.478177919071));
#5816 = CARTESIAN_POINT('',(2.540913068101,-0.337089460284));
#5817 = CARTESIAN_POINT('',(2.49020742007,-0.251120508497));
#5818 = CARTESIAN_POINT('',(2.442465130192,-0.164365798363));
#5819 = CARTESIAN_POINT('',(2.396425033539,-7.716135011615E-02));
#5820 = CARTESIAN_POINT('',(2.351046265463,1.021771793765E-02));
#5821 = CARTESIAN_POINT('',(2.305348345732,9.751217708077E-02));
#5822 = CARTESIAN_POINT('',(2.258290011018,0.184449333825));
#5823 = CARTESIAN_POINT('',(2.183619972717,0.313760544854));
#5824 = CARTESIAN_POINT('',(2.158049541742,0.356681834299));
#5825 = CARTESIAN_POINT('',(2.131628620998,0.399374363479));
#5826 = CARTESIAN_POINT('',(2.104166984648,0.441785119292));
#5827 = CARTESIAN_POINT('',(2.075446707078,0.483852710275));
#5828 = CARTESIAN_POINT('',(2.045211275218,0.525503404486));
#5829 = CARTESIAN_POINT('',(2.013151358675,0.566644883201));
#5830 = CARTESIAN_POINT('',(1.944623116703,0.647670537697));
#5831 = CARTESIAN_POINT('',(1.908154537074,0.687554615466));
#5832 = CARTESIAN_POINT('',(1.869103652596,0.726690622497));
#5833 = CARTESIAN_POINT('',(1.827015865299,0.76493022332));
#5834 = CARTESIAN_POINT('',(1.781362761483,0.802089589347));
#5835 = CARTESIAN_POINT('',(1.731502516325,0.837931391208));
#5836 = CARTESIAN_POINT('',(1.676688848503,0.872143880852));
#5837 = CARTESIAN_POINT('',(1.616219606217,0.904325681965));
#5838 = ( GEOMETRIC_REPRESENTATION_CONTEXT(2) 
PARAMETRIC_REPRESENTATION_CONTEXT() REPRESENTATION_CONTEXT('2D SPACE',''
  ) );
#5839 = ORIENTED_EDGE('',*,*,#5840,.F.);
#5840 = EDGE_CURVE('',#5841,#5762,#5843,.T.);
#5841 = VERTEX_POINT('',#5842);
#5842 = CARTESIAN_POINT('',(14.315381156066,-23.60385765947,
    79.708178688779));
#5843 = SURFACE_CURVE('',#5844,(#5849,#5860),.PCURVE_S1.);
#5844 = ELLIPSE('',#5845,0.69989272203,0.65);
#5845 = AXIS2_PLACEMENT_3D('',#5846,#5847,#5848);
#5846 = CARTESIAN_POINT('',(14.,-23.,79.6));
#5847 = DIRECTION('',(0.86951989823,0.402972354673,-0.285566853735));
#5848 = DIRECTION('',(-0.493099507725,0.675433640037,-0.548308556734));
#5849 = PCURVE('',#5736,#5850);
#5850 = DEFINITIONAL_REPRESENTATION('',(#5851),#5859);
#5851 = B_SPLINE_CURVE_WITH_KNOTS('',6,(#5852,#5853,#5854,#5855,#5856,
    #5857,#5858),.UNSPECIFIED.,.F.,.F.,(7,7),(3.615698787759,
    4.712388980385),.PIECEWISE_BEZIER_KNOTS.);
#5852 = CARTESIAN_POINT('',(8.089255760961E-13,4.891605528578));
#5853 = CARTESIAN_POINT('',(0.182781698772,4.913261763989));
#5854 = CARTESIAN_POINT('',(0.365563397543,4.944174295643));
#5855 = CARTESIAN_POINT('',(0.548345096313,4.983044143488));
#5856 = CARTESIAN_POINT('',(0.731126795084,5.027629440159));
#5857 = CARTESIAN_POINT('',(0.913908493855,5.075064168039));
#5858 = CARTESIAN_POINT('',(1.096690192626,5.122499389946));
#5859 = ( GEOMETRIC_REPRESENTATION_CONTEXT(2) 
PARAMETRIC_REPRESENTATION_CONTEXT() REPRESENTATION_CONTEXT('2D SPACE',''
  ) );
#5860 = PCURVE('',#5861,#5866);
#5861 = CYLINDRICAL_SURFACE('',#5862,0.65);
#5862 = AXIS2_PLACEMENT_3D('',#5863,#5864,#5865);
#5863 = CARTESIAN_POINT('',(14.,-23.,79.6));
#5864 = DIRECTION('',(0.990375136944,0.123796892118,-6.189844605902E-02)
  );
#5865 = DIRECTION('',(-0.124034734589,0.992277876714,-8.673617379884E-19
    ));
#5866 = DEFINITIONAL_REPRESENTATION('',(#5867),#5875);
#5867 = B_SPLINE_CURVE_WITH_KNOTS('',6,(#5868,#5869,#5870,#5871,#5872,
    #5873,#5874),.UNSPECIFIED.,.F.,.F.,(7,7),(3.615698787759,
    4.712388980385),.PIECEWISE_BEZIER_KNOTS.);
#5868 = CARTESIAN_POINT('',(2.951674631689,0.230893861369));
#5869 = CARTESIAN_POINT('',(3.13445633046,0.209237625957));
#5870 = CARTESIAN_POINT('',(3.317238029231,0.178325094303));
#5871 = CARTESIAN_POINT('',(3.500019728002,0.139455246459));
#5872 = CARTESIAN_POINT('',(3.682801426772,9.486994978726E-02));
#5873 = CARTESIAN_POINT('',(3.865583125543,4.743522190687E-02));
#5874 = CARTESIAN_POINT('',(4.048364824314,-8.881784197001E-16));
#5875 = ( GEOMETRIC_REPRESENTATION_CONTEXT(2) 
PARAMETRIC_REPRESENTATION_CONTEXT() REPRESENTATION_CONTEXT('2D SPACE',''
  ) );
#5876 = ORIENTED_EDGE('',*,*,#5877,.F.);
#5877 = EDGE_CURVE('',#5642,#5841,#5878,.T.);
#5878 = SEAM_CURVE('',#5879,(#5883,#5890),.PCURVE_S1.);
#5879 = LINE('',#5880,#5881);
#5880 = CARTESIAN_POINT('',(11.259619407771,-26.65961940777,82.));
#5881 = VECTOR('',#5882,1.);
#5882 = DIRECTION('',(0.624695047554,0.624695047554,-0.468521285666));
#5883 = PCURVE('',#5736,#5884);
#5884 = DEFINITIONAL_REPRESENTATION('',(#5885),#5889);
#5885 = LINE('',#5886,#5887);
#5886 = CARTESIAN_POINT('',(0.,-0.));
#5887 = VECTOR('',#5888,1.);
#5888 = DIRECTION('',(0.,1.));
#5889 = ( GEOMETRIC_REPRESENTATION_CONTEXT(2) 
PARAMETRIC_REPRESENTATION_CONTEXT() REPRESENTATION_CONTEXT('2D SPACE',''
  ) );
#5890 = PCURVE('',#5736,#5891);
#5891 = DEFINITIONAL_REPRESENTATION('',(#5892),#5896);
#5892 = LINE('',#5893,#5894);
#5893 = CARTESIAN_POINT('',(6.28318530718,-0.));
#5894 = VECTOR('',#5895,1.);
#5895 = DIRECTION('',(0.,1.));
#5896 = ( GEOMETRIC_REPRESENTATION_CONTEXT(2) 
PARAMETRIC_REPRESENTATION_CONTEXT() REPRESENTATION_CONTEXT('2D SPACE',''
  ) );
#5897 = ORIENTED_EDGE('',*,*,#5715,.T.);
#5898 = ORIENTED_EDGE('',*,*,#5899,.T.);
#5899 = EDGE_CURVE('',#5693,#5642,#5900,.T.);
#5900 = SURFACE_CURVE('',#5901,(#5906,#5913),.PCURVE_S1.);
#5901 = CIRCLE('',#5902,0.65);
#5902 = AXIS2_PLACEMENT_3D('',#5903,#5904,#5905);
#5903 = CARTESIAN_POINT('',(10.8,-26.2,82.));
#5904 = DIRECTION('',(0.624695047554,0.624695047554,-0.468521285666));
#5905 = DIRECTION('',(-0.707106781187,0.707106781187,0.));
#5906 = PCURVE('',#5736,#5907);
#5907 = DEFINITIONAL_REPRESENTATION('',(#5908),#5912);
#5908 = LINE('',#5909,#5910);
#5909 = CARTESIAN_POINT('',(3.14159265359,0.));
#5910 = VECTOR('',#5911,1.);
#5911 = DIRECTION('',(1.,0.));
#5912 = ( GEOMETRIC_REPRESENTATION_CONTEXT(2) 
PARAMETRIC_REPRESENTATION_CONTEXT() REPRESENTATION_CONTEXT('2D SPACE',''
  ) );
#5913 = PCURVE('',#5681,#5914);
#5914 = DEFINITIONAL_REPRESENTATION('',(#5915),#5960);
#5915 = B_SPLINE_CURVE_WITH_KNOTS('',8,(#5916,#5917,#5918,#5919,#5920,
    #5921,#5922,#5923,#5924,#5925,#5926,#5927,#5928,#5929,#5930,#5931,
    #5932,#5933,#5934,#5935,#5936,#5937,#5938,#5939,#5940,#5941,#5942,
    #5943,#5944,#5945,#5946,#5947,#5948,#5949,#5950,#5951,#5952,#5953,
    #5954,#5955,#5956,#5957,#5958,#5959),.UNSPECIFIED.,.F.,.F.,(9,7,7,7,
    7,7,9),(0.,0.502236339345,1.255590848362,1.63226810287,
    2.008945357379,2.575269005484,3.14159265359),.UNSPECIFIED.);
#5916 = CARTESIAN_POINT('',(8.639379797372,0.));
#5917 = CARTESIAN_POINT('',(8.609966245445,5.546272540409E-02));
#5918 = CARTESIAN_POINT('',(8.580552490762,0.110925352616));
#5919 = CARTESIAN_POINT('',(8.550863768009,0.16631523067));
#5920 = CARTESIAN_POINT('',(8.520622622998,0.221558456967));
#5921 = CARTESIAN_POINT('',(8.489535508596,0.276576687276));
#5922 = CARTESIAN_POINT('',(8.457271772524,0.331280712254));
#5923 = CARTESIAN_POINT('',(8.423435037044,0.385560800462));
#5924 = CARTESIAN_POINT('',(8.333664870748,0.519843319034));
#5925 = CARTESIAN_POINT('',(8.27514449601,0.599138917189));
#5926 = CARTESIAN_POINT('',(8.210253931499,0.676655889059));
#5927 = CARTESIAN_POINT('',(8.136904115393,0.751810721171));
#5928 = CARTESIAN_POINT('',(8.051638350364,0.823441398441));
#5929 = CARTESIAN_POINT('',(7.95102286868,0.89040753042));
#5930 = CARTESIAN_POINT('',(7.826402365617,0.949624702271));
#5931 = CARTESIAN_POINT('',(7.601698227221,1.020910421518));
#5932 = CARTESIAN_POINT('',(7.520501696334,1.041749911427));
#5933 = CARTESIAN_POINT('',(7.432848988667,1.059175470226));
#5934 = CARTESIAN_POINT('',(7.339079160465,1.072659211906));
#5935 = CARTESIAN_POINT('',(7.240139864627,1.081656256697));
#5936 = CARTESIAN_POINT('',(7.138588857357,1.08579207886));
#5937 = CARTESIAN_POINT('',(7.037127764145,1.085048434198));
#5938 = CARTESIAN_POINT('',(6.838796515684,1.074212387137));
#5939 = CARTESIAN_POINT('',(6.741926232124,1.064121057659));
#5940 = CARTESIAN_POINT('',(6.649561994175,1.049558265465));
#5941 = CARTESIAN_POINT('',(6.563436252759,1.030983909811));
#5942 = CARTESIAN_POINT('',(6.484081926497,1.008970067747));
#5943 = CARTESIAN_POINT('',(6.411232870225,0.984063106662));
#5944 = CARTESIAN_POINT('',(6.344463540361,0.956708769929));
#5945 = CARTESIAN_POINT('',(6.191055208668,0.883072770716));
#5946 = CARTESIAN_POINT('',(6.111342146408,0.834193882891));
#5947 = CARTESIAN_POINT('',(6.042090683909,0.781964453905));
#5948 = CARTESIAN_POINT('',(5.980828529789,0.727302774462));
#5949 = CARTESIAN_POINT('',(5.925924014935,0.670779762944));
#5950 = CARTESIAN_POINT('',(5.876011261391,0.612831481865));
#5951 = CARTESIAN_POINT('',(5.83007872834,0.553766969846));
#5952 = CARTESIAN_POINT('',(5.744522504312,0.433892467804));
#5953 = CARTESIAN_POINT('',(5.704898770884,0.37308262758));
#5954 = CARTESIAN_POINT('',(5.667609771387,0.311640952721));
#5955 = CARTESIAN_POINT('',(5.632035836244,0.249740696284));
#5956 = CARTESIAN_POINT('',(5.597682123071,0.187515556963));
#5957 = CARTESIAN_POINT('',(5.564121288435,0.125079718984));
#5958 = CARTESIAN_POINT('',(5.530953979246,6.253998471255E-02));
#5959 = CARTESIAN_POINT('',(5.497787143782,0.));
#5960 = ( GEOMETRIC_REPRESENTATION_CONTEXT(2) 
PARAMETRIC_REPRESENTATION_CONTEXT() REPRESENTATION_CONTEXT('2D SPACE',''
  ) );
#5961 = ORIENTED_EDGE('',*,*,#5877,.T.);
#5962 = ORIENTED_EDGE('',*,*,#5963,.F.);
#5963 = EDGE_CURVE('',#5764,#5841,#5964,.T.);
#5964 = SURFACE_CURVE('',#5965,(#5970,#5982),.PCURVE_S1.);
#5965 = ELLIPSE('',#5966,0.69989272203,0.65);
#5966 = AXIS2_PLACEMENT_3D('',#5967,#5968,#5969);
#5967 = CARTESIAN_POINT('',(14.,-23.,79.6));
#5968 = DIRECTION('',(0.86951989823,0.402972354673,-0.285566853735));
#5969 = DIRECTION('',(-0.493099507725,0.675433640037,-0.548308556734));
#5970 = PCURVE('',#5736,#5971);
#5971 = DEFINITIONAL_REPRESENTATION('',(#5972),#5981);
#5972 = B_SPLINE_CURVE_WITH_KNOTS('',7,(#5973,#5974,#5975,#5976,#5977,
    #5978,#5979,#5980),.UNSPECIFIED.,.F.,.F.,(8,8),(1.570796326795,
    3.615698787759),.PIECEWISE_BEZIER_KNOTS.);
#5973 = CARTESIAN_POINT('',(4.238282846216,5.122499389946));
#5974 = CARTESIAN_POINT('',(4.530411769211,5.046686546643));
#5975 = CARTESIAN_POINT('',(4.822540692206,4.970876049257));
#5976 = CARTESIAN_POINT('',(5.114669615201,4.905616537234));
#5977 = CARTESIAN_POINT('',(5.406798538195,4.86154601157));
#5978 = CARTESIAN_POINT('',(5.698927461191,4.845372785932));
#5979 = CARTESIAN_POINT('',(5.991056384185,4.856993678653));
#5980 = CARTESIAN_POINT('',(6.28318530718,4.891605528578));
#5981 = ( GEOMETRIC_REPRESENTATION_CONTEXT(2) 
PARAMETRIC_REPRESENTATION_CONTEXT() REPRESENTATION_CONTEXT('2D SPACE',''
  ) );
#5982 = PCURVE('',#5861,#5983);
#5983 = DEFINITIONAL_REPRESENTATION('',(#5984),#5993);
#5984 = B_SPLINE_CURVE_WITH_KNOTS('',7,(#5985,#5986,#5987,#5988,#5989,
    #5990,#5991,#5992),.UNSPECIFIED.,.F.,.F.,(8,8),(1.570796326795,
    3.615698787759),.PIECEWISE_BEZIER_KNOTS.);
#5985 = CARTESIAN_POINT('',(0.906772170724,-3.552713678801E-15));
#5986 = CARTESIAN_POINT('',(1.198901093719,7.581284330357E-02));
#5987 = CARTESIAN_POINT('',(1.491030016714,0.15162334069));
#5988 = CARTESIAN_POINT('',(1.78315893971,0.216882852711));
#5989 = CARTESIAN_POINT('',(2.075287862703,0.260953378378));
#5990 = CARTESIAN_POINT('',(2.367416785699,0.277126604013));
#5991 = CARTESIAN_POINT('',(2.659545708694,0.265505711294));
#5992 = CARTESIAN_POINT('',(2.951674631689,0.230893861369));
#5993 = ( GEOMETRIC_REPRESENTATION_CONTEXT(2) 
PARAMETRIC_REPRESENTATION_CONTEXT() REPRESENTATION_CONTEXT('2D SPACE',''
  ) );
#5994 = ADVANCED_FACE('',(#5995),#5681,.T.);
#5995 = FACE_BOUND('',#5996,.T.);
#5996 = EDGE_LOOP('',(#5997,#5998,#5999));
#5997 = ORIENTED_EDGE('',*,*,#5692,.T.);
#5998 = ORIENTED_EDGE('',*,*,#5664,.T.);
#5999 = ORIENTED_EDGE('',*,*,#5899,.F.);
#6000 = ADVANCED_FACE('',(#6001),#5780,.T.);
#6001 = FACE_BOUND('',#6002,.T.);
#6002 = EDGE_LOOP('',(#6003,#6004,#6039));
#6003 = ORIENTED_EDGE('',*,*,#5761,.T.);
#6004 = ORIENTED_EDGE('',*,*,#6005,.F.);
#6005 = EDGE_CURVE('',#6006,#5764,#6008,.T.);
#6006 = VERTEX_POINT('',#6007);
#6007 = CARTESIAN_POINT('',(13.919377422517,-22.35501938013,79.6));
#6008 = SURFACE_CURVE('',#6009,(#6014,#6032),.PCURVE_S1.);
#6009 = CIRCLE('',#6010,0.65);
#6010 = AXIS2_PLACEMENT_3D('',#6011,#6012,#6013);
#6011 = CARTESIAN_POINT('',(14.,-23.,79.6));
#6012 = DIRECTION('',(0.990375136944,0.123796892118,-6.189844605902E-02)
  );
#6013 = DIRECTION('',(-0.124034734589,0.992277876714,-1.734723475977E-18
    ));
#6014 = PCURVE('',#5780,#6015);
#6015 = DEFINITIONAL_REPRESENTATION('',(#6016),#6031);
#6016 = B_SPLINE_CURVE_WITH_KNOTS('',7,(#6017,#6018,#6019,#6020,#6021,
    #6022,#6023,#6024,#6025,#6026,#6027,#6028,#6029,#6030),
  .UNSPECIFIED.,.F.,.F.,(8,6,8),(0.,0.453386085362,0.906772170724),
  .UNSPECIFIED.);
#6017 = CARTESIAN_POINT('',(1.695151321342,0.));
#6018 = CARTESIAN_POINT('',(1.691142193606,6.464524229937E-02));
#6019 = CARTESIAN_POINT('',(1.687133617939,0.129290501789));
#6020 = CARTESIAN_POINT('',(1.683068859728,0.193934018947));
#6021 = CARTESIAN_POINT('',(1.678895076742,0.258574155439));
#6022 = CARTESIAN_POINT('',(1.674551492229,0.32320902651));
#6023 = CARTESIAN_POINT('',(1.669957568021,0.387836133379));
#6024 = CARTESIAN_POINT('',(1.660044787245,0.51706785789));
#6025 = CARTESIAN_POINT('',(1.654725617313,0.58167246597));
#6026 = CARTESIAN_POINT('',(1.648924673581,0.646262124021));
#6027 = CARTESIAN_POINT('',(1.642499153643,0.710832403677));
#6028 = CARTESIAN_POINT('',(1.635194512656,0.775375381534));
#6029 = CARTESIAN_POINT('',(1.626709468271,0.839881712036));
#6030 = CARTESIAN_POINT('',(1.616219606216,0.904325681965));
#6031 = ( GEOMETRIC_REPRESENTATION_CONTEXT(2) 
PARAMETRIC_REPRESENTATION_CONTEXT() REPRESENTATION_CONTEXT('2D SPACE',''
  ) );
#6032 = PCURVE('',#5861,#6033);
#6033 = DEFINITIONAL_REPRESENTATION('',(#6034),#6038);
#6034 = LINE('',#6035,#6036);
#6035 = CARTESIAN_POINT('',(0.,0.));
#6036 = VECTOR('',#6037,1.);
#6037 = DIRECTION('',(1.,0.));
#6038 = ( GEOMETRIC_REPRESENTATION_CONTEXT(2) 
PARAMETRIC_REPRESENTATION_CONTEXT() REPRESENTATION_CONTEXT('2D SPACE',''
  ) );
#6039 = ORIENTED_EDGE('',*,*,#6040,.F.);
#6040 = EDGE_CURVE('',#5762,#6006,#6041,.T.);
#6041 = SURFACE_CURVE('',#6042,(#6047,#6137),.PCURVE_S1.);
#6042 = CIRCLE('',#6043,0.65);
#6043 = AXIS2_PLACEMENT_3D('',#6044,#6045,#6046);
#6044 = CARTESIAN_POINT('',(14.,-23.,79.6));
#6045 = DIRECTION('',(0.990375136944,0.123796892118,-6.189844605902E-02)
  );
#6046 = DIRECTION('',(-0.124034734589,0.992277876714,-1.734723475977E-18
    ));
#6047 = PCURVE('',#5780,#6048);
#6048 = DEFINITIONAL_REPRESENTATION('',(#6049),#6136);
#6049 = B_SPLINE_CURVE_WITH_KNOTS('',8,(#6050,#6051,#6052,#6053,#6054,
    #6055,#6056,#6057,#6058,#6059,#6060,#6061,#6062,#6063,#6064,#6065,
    #6066,#6067,#6068,#6069,#6070,#6071,#6072,#6073,#6074,#6075,#6076,
    #6077,#6078,#6079,#6080,#6081,#6082,#6083,#6084,#6085,#6086,#6087,
    #6088,#6089,#6090,#6091,#6092,#6093,#6094,#6095,#6096,#6097,#6098,
    #6099,#6100,#6101,#6102,#6103,#6104,#6105,#6106,#6107,#6108,#6109,
    #6110,#6111,#6112,#6113,#6114,#6115,#6116,#6117,#6118,#6119,#6120,
    #6121,#6122,#6123,#6124,#6125,#6126,#6127,#6128,#6129,#6130,#6131,
    #6132,#6133,#6134,#6135),.UNSPECIFIED.,.F.,.F.,(9,7,7,7,7,7,7,7,7,7,
    7,7,9),(4.048364824314,4.327717384672,4.449934129829,4.564512328413,
    4.618220859,4.670250998005,4.720655195167,4.769484261168,
    4.816787418855,5.000087154896,5.320861692967,5.802023500073,
    6.28318530718),.UNSPECIFIED.);
#6050 = CARTESIAN_POINT('',(4.757812259806,-0.904325681965));
#6051 = CARTESIAN_POINT('',(4.752156873199,-0.939069281312));
#6052 = CARTESIAN_POINT('',(4.745931207322,-0.973795143097));
#6053 = CARTESIAN_POINT('',(4.739009168774,-1.008499326388));
#6054 = CARTESIAN_POINT('',(4.731242120863,-1.043177210337));
#6055 = CARTESIAN_POINT('',(4.722391380663,-1.077821309858));
#6056 = CARTESIAN_POINT('',(4.712142878471,-1.112421797222));
#6057 = CARTESIAN_POINT('',(4.700021520881,-1.14696379976));
#6058 = CARTESIAN_POINT('',(4.67846085773,-1.196488181916));
#6059 = CARTESIAN_POINT('',(4.671347571217,-1.211543523323));
#6060 = CARTESIAN_POINT('',(4.663600045086,-1.226578951372));
#6061 = CARTESIAN_POINT('',(4.655109932021,-1.241591020936));
#6062 = CARTESIAN_POINT('',(4.645744317672,-1.256575507513));
#6063 = CARTESIAN_POINT('',(4.635331483063,-1.271526940859));
#6064 = CARTESIAN_POINT('',(4.62363154319,-1.286437623227));
#6065 = CARTESIAN_POINT('',(4.597786104272,-1.315225984365));
#6066 = CARTESIAN_POINT('',(4.583839347309,-1.329110000187));
#6067 = CARTESIAN_POINT('',(4.568154838076,-1.342938463275));
#6068 = CARTESIAN_POINT('',(4.550358419326,-1.356699408352));
#6069 = CARTESIAN_POINT('',(4.52990934831,-1.370374758444));
#6070 = CARTESIAN_POINT('',(4.506074073573,-1.383940223697));
#6071 = CARTESIAN_POINT('',(4.477749872,-1.397359034882));
#6072 = CARTESIAN_POINT('',(4.426601059315,-1.416747342339));
#6073 = CARTESIAN_POINT('',(4.408848578968,-1.422887118657));
#6074 = CARTESIAN_POINT('',(4.389459468462,-1.428971567266));
#6075 = CARTESIAN_POINT('',(4.368181600734,-1.434991420414));
#6076 = CARTESIAN_POINT('',(4.34470384514,-1.440935196512));
#6077 = CARTESIAN_POINT('',(4.318635324956,-1.446788156256));
#6078 = CARTESIAN_POINT('',(4.289479047866,-1.452530507292));
#6079 = CARTESIAN_POINT('',(4.224748244092,-1.463564071592));
#6080 = CARTESIAN_POINT('',(4.189402597745,-1.468863730419));
#6081 = CARTESIAN_POINT('',(4.149989537611,-1.474009071477));
#6082 = CARTESIAN_POINT('',(4.10580629721,-1.478967695568));
#6083 = CARTESIAN_POINT('',(4.056040224903,-1.483699187747));
#6084 = CARTESIAN_POINT('',(3.999712957984,-1.488149024478));
#6085 = CARTESIAN_POINT('',(3.935817858205,-1.492244283116));
#6086 = CARTESIAN_POINT('',(3.79426746274,-1.499438857093));
#6087 = CARTESIAN_POINT('',(3.717107137657,-1.502565379272));
#6088 = CARTESIAN_POINT('',(3.632019290462,-1.505199611472));
#6089 = CARTESIAN_POINT('',(3.539208371902,-1.507254002007));
#6090 = CARTESIAN_POINT('',(3.4394755675,-1.508632218399));
#6091 = CARTESIAN_POINT('',(3.336247870502,-1.509262150661));
#6092 = CARTESIAN_POINT('',(3.233196714886,-1.509142235428));
#6093 = CARTESIAN_POINT('',(3.03629938581,-1.507503413214));
#6094 = CARTESIAN_POINT('',(2.94226868829,-1.506028420297));
#6095 = CARTESIAN_POINT('',(2.853696129698,-1.503919221222));
#6096 = CARTESIAN_POINT('',(2.772574668103,-1.501248019693));
#6097 = CARTESIAN_POINT('',(2.699186204001,-1.49810778628));
#6098 = CARTESIAN_POINT('',(2.633121537038,-1.494574695052));
#6099 = CARTESIAN_POINT('',(2.573748473042,-1.490715016581));
#6100 = CARTESIAN_POINT('',(2.468621144226,-1.482578507889));
#6101 = CARTESIAN_POINT('',(2.422500042581,-1.478318493085));
#6102 = CARTESIAN_POINT('',(2.381337790755,-1.47385094749));
#6103 = CARTESIAN_POINT('',(2.344434216342,-1.469213961644));
#6104 = CARTESIAN_POINT('',(2.311184169256,-1.464436555155));
#6105 = CARTESIAN_POINT('',(2.281089892334,-1.459541140205));
#6106 = CARTESIAN_POINT('',(2.253725831576,-1.45454569468));
#6107 = CARTESIAN_POINT('',(2.131928583432,-1.429775039961));
#6108 = CARTESIAN_POINT('',(2.070851756473,-1.408799316974));
#6109 = CARTESIAN_POINT('',(2.024998782712,-1.387365812149));
#6110 = CARTESIAN_POINT('',(1.989844488142,-1.365550811245));
#6111 = CARTESIAN_POINT('',(1.961383000181,-1.343543935906));
#6112 = CARTESIAN_POINT('',(1.937966359038,-1.321364592869));
#6113 = CARTESIAN_POINT('',(1.918236484404,-1.299071377794));
#6114 = CARTESIAN_POINT('',(1.871824925437,-1.237515252034));
#6115 = CARTESIAN_POINT('',(1.851017330024,-1.198066712883));
#6116 = CARTESIAN_POINT('',(1.834388603714,-1.158487957055));
#6117 = CARTESIAN_POINT('',(1.820968794796,-1.118808250571));
#6118 = CARTESIAN_POINT('',(1.809565806216,-1.07906598791));
#6119 = CARTESIAN_POINT('',(1.799825540276,-1.039271683495));
#6120 = CARTESIAN_POINT('',(1.791306896703,-0.99943938024));
#6121 = CARTESIAN_POINT('',(1.772465749055,-0.899782161945));
#6122 = CARTESIAN_POINT('',(1.763364656498,-0.83991923193));
#6123 = CARTESIAN_POINT('',(1.755603853786,-0.780014664444));
#6124 = CARTESIAN_POINT('',(1.748817897772,-0.720079817504));
#6125 = CARTESIAN_POINT('',(1.742765903855,-0.660122179527));
#6126 = CARTESIAN_POINT('',(1.737259155729,-0.600147625101));
#6127 = CARTESIAN_POINT('',(1.732189268126,-0.540159512041));
#6128 = CARTESIAN_POINT('',(1.722723814655,-0.420162366281));
#6129 = CARTESIAN_POINT('',(1.71832819697,-0.360153334753));
#6130 = CARTESIAN_POINT('',(1.714178902093,-0.300136662915));
#6131 = CARTESIAN_POINT('',(1.710207361243,-0.240114478612));
#6132 = CARTESIAN_POINT('',(1.706360907884,-0.180088415511));
#6133 = CARTESIAN_POINT('',(1.702596462496,-0.120059809414));
#6134 = CARTESIAN_POINT('',(1.698874217362,-6.002989457242E-02));
#6135 = CARTESIAN_POINT('',(1.695151321342,0.));
#6136 = ( GEOMETRIC_REPRESENTATION_CONTEXT(2) 
PARAMETRIC_REPRESENTATION_CONTEXT() REPRESENTATION_CONTEXT('2D SPACE',''
  ) );
#6137 = PCURVE('',#5861,#6138);
#6138 = DEFINITIONAL_REPRESENTATION('',(#6139),#6143);
#6139 = LINE('',#6140,#6141);
#6140 = CARTESIAN_POINT('',(0.,0.));
#6141 = VECTOR('',#6142,1.);
#6142 = DIRECTION('',(1.,0.));
#6143 = ( GEOMETRIC_REPRESENTATION_CONTEXT(2) 
PARAMETRIC_REPRESENTATION_CONTEXT() REPRESENTATION_CONTEXT('2D SPACE',''
  ) );
#6144 = ADVANCED_FACE('',(#6145),#5861,.T.);
#6145 = FACE_BOUND('',#6146,.T.);
#6146 = EDGE_LOOP('',(#6147,#6170,#6282,#6323,#6353,#6388,#6389,#6390,
    #6391,#6392));
#6147 = ORIENTED_EDGE('',*,*,#6148,.T.);
#6148 = EDGE_CURVE('',#6006,#6149,#6151,.T.);
#6149 = VERTEX_POINT('',#6150);
#6150 = CARTESIAN_POINT('',(26.719377422517,-20.75501938013,78.8));
#6151 = SEAM_CURVE('',#6152,(#6156,#6163),.PCURVE_S1.);
#6152 = LINE('',#6153,#6154);
#6153 = CARTESIAN_POINT('',(13.919377422517,-22.35501938013,79.6));
#6154 = VECTOR('',#6155,1.);
#6155 = DIRECTION('',(0.990375136944,0.123796892118,-6.189844605902E-02)
  );
#6156 = PCURVE('',#5861,#6157);
#6157 = DEFINITIONAL_REPRESENTATION('',(#6158),#6162);
#6158 = LINE('',#6159,#6160);
#6159 = CARTESIAN_POINT('',(6.28318530718,-0.));
#6160 = VECTOR('',#6161,1.);
#6161 = DIRECTION('',(0.,1.));
#6162 = ( GEOMETRIC_REPRESENTATION_CONTEXT(2) 
PARAMETRIC_REPRESENTATION_CONTEXT() REPRESENTATION_CONTEXT('2D SPACE',''
  ) );
#6163 = PCURVE('',#5861,#6164);
#6164 = DEFINITIONAL_REPRESENTATION('',(#6165),#6169);
#6165 = LINE('',#6166,#6167);
#6166 = CARTESIAN_POINT('',(0.,-0.));
#6167 = VECTOR('',#6168,1.);
#6168 = DIRECTION('',(0.,1.));
#6169 = ( GEOMETRIC_REPRESENTATION_CONTEXT(2) 
PARAMETRIC_REPRESENTATION_CONTEXT() REPRESENTATION_CONTEXT('2D SPACE',''
  ) );
#6170 = ORIENTED_EDGE('',*,*,#6171,.F.);
#6171 = EDGE_CURVE('',#6172,#6149,#6174,.T.);
#6172 = VERTEX_POINT('',#6173);
#6173 = CARTESIAN_POINT('',(26.8,-21.69068883707,78.21862232585));
#6174 = SURFACE_CURVE('',#6175,(#6180,#6187),.PCURVE_S1.);
#6175 = CIRCLE('',#6176,0.65);
#6176 = AXIS2_PLACEMENT_3D('',#6177,#6178,#6179);
#6177 = CARTESIAN_POINT('',(26.8,-21.4,78.8));
#6178 = DIRECTION('',(0.990375136944,0.123796892118,-6.189844605902E-02)
  );
#6179 = DIRECTION('',(-0.124034734589,0.992277876714,-1.734723475977E-18
    ));
#6180 = PCURVE('',#5861,#6181);
#6181 = DEFINITIONAL_REPRESENTATION('',(#6182),#6186);
#6182 = LINE('',#6183,#6184);
#6183 = CARTESIAN_POINT('',(0.,12.924395537123));
#6184 = VECTOR('',#6185,1.);
#6185 = DIRECTION('',(1.,0.));
#6186 = ( GEOMETRIC_REPRESENTATION_CONTEXT(2) 
PARAMETRIC_REPRESENTATION_CONTEXT() REPRESENTATION_CONTEXT('2D SPACE',''
  ) );
#6187 = PCURVE('',#6188,#6193);
#6188 = SPHERICAL_SURFACE('',#6189,0.65);
#6189 = AXIS2_PLACEMENT_3D('',#6190,#6191,#6192);
#6190 = CARTESIAN_POINT('',(26.8,-21.4,78.8));
#6191 = DIRECTION('',(0.,0.,1.));
#6192 = DIRECTION('',(1.,0.,-0.));
#6193 = DEFINITIONAL_REPRESENTATION('',(#6194),#6281);
#6194 = B_SPLINE_CURVE_WITH_KNOTS('',8,(#6195,#6196,#6197,#6198,#6199,
    #6200,#6201,#6202,#6203,#6204,#6205,#6206,#6207,#6208,#6209,#6210,
    #6211,#6212,#6213,#6214,#6215,#6216,#6217,#6218,#6219,#6220,#6221,
    #6222,#6223,#6224,#6225,#6226,#6227,#6228,#6229,#6230,#6231,#6232,
    #6233,#6234,#6235,#6236,#6237,#6238,#6239,#6240,#6241,#6242,#6243,
    #6244,#6245,#6246,#6247,#6248,#6249,#6250,#6251,#6252,#6253,#6254,
    #6255,#6256,#6257,#6258,#6259,#6260,#6261,#6262,#6263,#6264,#6265,
    #6266,#6267,#6268,#6269,#6270,#6271,#6272,#6273,#6274,#6275,#6276,
    #6277,#6278,#6279,#6280),.UNSPECIFIED.,.F.,.F.,(9,7,7,7,7,7,7,7,7,7,
    7,7,9),(4.252598722807,4.379510384331,4.498490067009,4.610033519519,
    4.662319512884,4.712971568955,4.762040748275,4.809576515741,
    4.901677065206,5.074365595452,5.376570523384,5.829877915282,
    6.28318530718),.UNSPECIFIED.);
#6195 = CARTESIAN_POINT('',(4.712388980385,-1.107148717794));
#6196 = CARTESIAN_POINT('',(4.707479208738,-1.122859987064));
#6197 = CARTESIAN_POINT('',(4.702216683604,-1.13856023252));
#6198 = CARTESIAN_POINT('',(4.696554235839,-1.154247972349));
#6199 = CARTESIAN_POINT('',(4.69043302686,-1.169921352462));
#6200 = CARTESIAN_POINT('',(4.68378179232,-1.185578125976));
#6201 = CARTESIAN_POINT('',(4.67651102167,-1.201215465908));
#6202 = CARTESIAN_POINT('',(4.668502073623,-1.216829611083));
#6203 = CARTESIAN_POINT('',(4.651237309265,-1.247026971041));
#6204 = CARTESIAN_POINT('',(4.642089517051,-1.261613582462));
#6205 = CARTESIAN_POINT('',(4.632017249929,-1.276171042883));
#6206 = CARTESIAN_POINT('',(4.620840627612,-1.290693563454));
#6207 = CARTESIAN_POINT('',(4.608337840003,-1.305174030027));
#6208 = CARTESIAN_POINT('',(4.594215594637,-1.319603015547));
#6209 = CARTESIAN_POINT('',(4.578042662013,-1.333966477923));
#6210 = CARTESIAN_POINT('',(4.54143138458,-1.361625579705));
#6211 = CARTESIAN_POINT('',(4.521321751512,-1.374931932731));
#6212 = CARTESIAN_POINT('',(4.498255927316,-1.388141790239));
#6213 = CARTESIAN_POINT('',(4.47147811043,-1.40123186033));
#6214 = CARTESIAN_POINT('',(4.439892542184,-1.414162372624));
#6215 = CARTESIAN_POINT('',(4.401930549233,-1.426879528912));
#6216 = CARTESIAN_POINT('',(4.355038578219,-1.439296391291));
#6217 = CARTESIAN_POINT('',(4.26596879952,-1.456802722872));
#6218 = CARTESIAN_POINT('',(4.234520387379,-1.462280446228));
#6219 = CARTESIAN_POINT('',(4.199558275441,-1.467628452778));
#6220 = CARTESIAN_POINT('',(4.160468843318,-1.472820395516));
#6221 = CARTESIAN_POINT('',(4.116536262556,-1.477823126144));
#6222 = CARTESIAN_POINT('',(4.066867988083,-1.482592165484));
#6223 = CARTESIAN_POINT('',(4.010442914865,-1.487067250888));
#6224 = CARTESIAN_POINT('',(3.884553279513,-1.495148081568));
#6225 = CARTESIAN_POINT('',(3.815554330777,-1.498776646404));
#6226 = CARTESIAN_POINT('',(3.738790785679,-1.501988072728));
#6227 = CARTESIAN_POINT('',(3.65389975912,-1.50469892505));
#6228 = CARTESIAN_POINT('',(3.56081748509,-1.506815358081));
#6229 = CARTESIAN_POINT('',(3.461316374886,-1.508235836446));
#6230 = CARTESIAN_POINT('',(3.358815518926,-1.508915024905));
#6231 = CARTESIAN_POINT('',(3.157452555735,-1.508797932935));
#6232 = CARTESIAN_POINT('',(3.058581818702,-1.508047103825));
#6233 = CARTESIAN_POINT('',(2.962855915182,-1.506605776701));
#6234 = CARTESIAN_POINT('',(2.873260831268,-1.504519206323));
#6235 = CARTESIAN_POINT('',(2.79130130534,-1.501878594146));
#6236 = CARTESIAN_POINT('',(2.716958839918,-1.498768857021));
#6237 = CARTESIAN_POINT('',(2.649901843029,-1.495265939114));
#6238 = CARTESIAN_POINT('',(2.530978697667,-1.487720740302));
#6239 = CARTESIAN_POINT('',(2.478705312404,-1.48369872404));
#6240 = CARTESIAN_POINT('',(2.432113164498,-1.479425383209));
#6241 = CARTESIAN_POINT('',(2.390449264825,-1.474947705228));
#6242 = CARTESIAN_POINT('',(2.353025379669,-1.470301617564));
#6243 = CARTESIAN_POINT('',(2.319265536407,-1.465514690304));
#6244 = CARTESIAN_POINT('',(2.288671494988,-1.46060910309));
#6245 = CARTESIAN_POINT('',(2.206890846794,-1.445901811878));
#6246 = CARTESIAN_POINT('',(2.163288039429,-1.435821637162));
#6247 = CARTESIAN_POINT('',(2.127004638874,-1.42548942383));
#6248 = CARTESIAN_POINT('',(2.096176235993,-1.414972041436));
#6249 = CARTESIAN_POINT('',(2.069583623293,-1.404312528855));
#6250 = CARTESIAN_POINT('',(2.046365471975,-1.393542082246));
#6251 = CARTESIAN_POINT('',(2.025881609866,-1.382681656698));
#6252 = CARTESIAN_POINT('',(1.973483618359,-1.351246500613));
#6253 = CARTESIAN_POINT('',(1.947248698479,-1.330486655504));
#6254 = CARTESIAN_POINT('',(1.925803805947,-1.309574447617));
#6255 = CARTESIAN_POINT('',(1.907889664759,-1.288549506968));
#6256 = CARTESIAN_POINT('',(1.892551789549,-1.26744337529));
#6257 = CARTESIAN_POINT('',(1.879252154828,-1.246272777686));
#6258 = CARTESIAN_POINT('',(1.867562248384,-1.225051554772));
#6259 = CARTESIAN_POINT('',(1.839024218446,-1.166579772668));
#6260 = CARTESIAN_POINT('',(1.824878965405,-1.129244299176));
#6261 = CARTESIAN_POINT('',(1.813151317813,-1.091833334075));
#6262 = CARTESIAN_POINT('',(1.803188799211,-1.054367270735));
#6263 = CARTESIAN_POINT('',(1.794566984011,-1.016859391097));
#6264 = CARTESIAN_POINT('',(1.786954802236,-0.979320103857));
#6265 = CARTESIAN_POINT('',(1.780173140446,-0.941754952466));
#6266 = CARTESIAN_POINT('',(1.764884168409,-0.847790285696));
#6267 = CARTESIAN_POINT('',(1.757212797954,-0.791364765082));
#6268 = CARTESIAN_POINT('',(1.750528922045,-0.734908571522));
#6269 = CARTESIAN_POINT('',(1.744579116882,-0.678429583579));
#6270 = CARTESIAN_POINT('',(1.739192775576,-0.621933103694));
#6271 = CARTESIAN_POINT('',(1.73423887519,-0.565423206122));
#6272 = CARTESIAN_POINT('',(1.729631201333,-0.508902565137));
#6273 = CARTESIAN_POINT('',(1.720959685414,-0.395844412378));
#6274 = CARTESIAN_POINT('',(1.716895608207,-0.339306907778));
#6275 = CARTESIAN_POINT('',(1.713033184841,-0.282763148597));
#6276 = CARTESIAN_POINT('',(1.709318166954,-0.226214818143));
#6277 = CARTESIAN_POINT('',(1.705707654186,-0.169663247103));
#6278 = CARTESIAN_POINT('',(1.702165663621,-0.113109551258));
#6279 = CARTESIAN_POINT('',(1.698658699235,-5.655476919119E-02));
#6280 = CARTESIAN_POINT('',(1.695151321342,0.));
#6281 = ( GEOMETRIC_REPRESENTATION_CONTEXT(2) 
PARAMETRIC_REPRESENTATION_CONTEXT() REPRESENTATION_CONTEXT('2D SPACE',''
  ) );
#6282 = ORIENTED_EDGE('',*,*,#6283,.F.);
#6283 = EDGE_CURVE('',#6284,#6172,#6286,.T.);
#6284 = VERTEX_POINT('',#6285);
#6285 = CARTESIAN_POINT('',(26.820214274796,-21.4,79.45));
#6286 = SURFACE_CURVE('',#6287,(#6292,#6305),.PCURVE_S1.);
#6287 = ELLIPSE('',#6288,0.651569708109,0.65);
#6288 = AXIS2_PLACEMENT_3D('',#6289,#6290,#6291);
#6289 = CARTESIAN_POINT('',(26.8,-21.4,78.8));
#6290 = DIRECTION('',(0.997590882312,6.204792681701E-02,
    -3.102396340851E-02));
#6291 = DIRECTION('',(-6.937169111289E-02,0.892272410633,-0.446136205317
    ));
#6292 = PCURVE('',#5861,#6293);
#6293 = DEFINITIONAL_REPRESENTATION('',(#6294),#6304);
#6294 = B_SPLINE_CURVE_WITH_KNOTS('',8,(#6295,#6296,#6297,#6298,#6299,
    #6300,#6301,#6302,#6303),.UNSPECIFIED.,.F.,.F.,(9,9),(2.034443935797
    ,4.712388985443),.PIECEWISE_BEZIER_KNOTS.);
#6295 = CARTESIAN_POINT('',(1.57465367822,12.90418126234));
#6296 = CARTESIAN_POINT('',(1.909396809425,12.890648083069));
#6297 = CARTESIAN_POINT('',(2.244139940626,12.879703602255));
#6298 = CARTESIAN_POINT('',(2.578883071848,12.873658221593));
#6299 = CARTESIAN_POINT('',(2.913626203019,12.874204858112));
#6300 = CARTESIAN_POINT('',(3.248369334256,12.881588084041));
#6301 = CARTESIAN_POINT('',(3.58311246545,12.894134323882));
#6302 = CARTESIAN_POINT('',(3.91785559666,12.90926498295));
#6303 = CARTESIAN_POINT('',(4.252598727866,12.924395537351));
#6304 = ( GEOMETRIC_REPRESENTATION_CONTEXT(2) 
PARAMETRIC_REPRESENTATION_CONTEXT() REPRESENTATION_CONTEXT('2D SPACE',''
  ) );
#6305 = PCURVE('',#6306,#6311);
#6306 = CYLINDRICAL_SURFACE('',#6307,0.65);
#6307 = AXIS2_PLACEMENT_3D('',#6308,#6309,#6310);
#6308 = CARTESIAN_POINT('',(26.8,-21.4,78.8));
#6309 = DIRECTION('',(1.,0.,0.));
#6310 = DIRECTION('',(-0.,0.,1.));
#6311 = DEFINITIONAL_REPRESENTATION('',(#6312),#6322);
#6312 = B_SPLINE_CURVE_WITH_KNOTS('',8,(#6313,#6314,#6315,#6316,#6317,
    #6318,#6319,#6320,#6321),.UNSPECIFIED.,.F.,.F.,(9,9),(2.034443935797
    ,4.712388985443),.PIECEWISE_BEZIER_KNOTS.);
#6313 = CARTESIAN_POINT('',(1.328168344536E-12,2.021427478251E-02));
#6314 = CARTESIAN_POINT('',(0.334743131207,3.374745405397E-02));
#6315 = CARTESIAN_POINT('',(0.669486262412,4.469193486111E-02));
#6316 = CARTESIAN_POINT('',(1.004229393617,5.073731550027E-02));
#6317 = CARTESIAN_POINT('',(1.338972524823,5.019067901952E-02));
#6318 = CARTESIAN_POINT('',(1.673715656033,4.280745306721E-02));
#6319 = CARTESIAN_POINT('',(2.008458787235,3.026121324137E-02));
#6320 = CARTESIAN_POINT('',(2.343201918441,1.513055417271E-02));
#6321 = CARTESIAN_POINT('',(2.677945049647,-2.286348887992E-10));
#6322 = ( GEOMETRIC_REPRESENTATION_CONTEXT(2) 
PARAMETRIC_REPRESENTATION_CONTEXT() REPRESENTATION_CONTEXT('2D SPACE',''
  ) );
#6323 = ORIENTED_EDGE('',*,*,#6324,.F.);
#6324 = EDGE_CURVE('',#6325,#6284,#6327,.T.);
#6325 = VERTEX_POINT('',#6326);
#6326 = CARTESIAN_POINT('',(26.8,-21.10931116292,79.38137767415));
#6327 = SURFACE_CURVE('',#6328,(#6333,#6343),.PCURVE_S1.);
#6328 = ELLIPSE('',#6329,0.651569708109,0.65);
#6329 = AXIS2_PLACEMENT_3D('',#6330,#6331,#6332);
#6330 = CARTESIAN_POINT('',(26.8,-21.4,78.8));
#6331 = DIRECTION('',(0.997590882312,6.204792681701E-02,
    -3.102396340851E-02));
#6332 = DIRECTION('',(-6.937169111289E-02,0.892272410633,-0.446136205317
    ));
#6333 = PCURVE('',#5861,#6334);
#6334 = DEFINITIONAL_REPRESENTATION('',(#6335),#6342);
#6335 = B_SPLINE_CURVE_WITH_KNOTS('',5,(#6336,#6337,#6338,#6339,#6340,
    #6341),.UNSPECIFIED.,.F.,.F.,(6,6),(1.570796321275,2.034443935797),
  .PIECEWISE_BEZIER_KNOTS.);
#6336 = CARTESIAN_POINT('',(1.111006063698,12.924395537372));
#6337 = CARTESIAN_POINT('',(1.203735586602,12.920204117265));
#6338 = CARTESIAN_POINT('',(1.296465109506,12.916012694373));
#6339 = CARTESIAN_POINT('',(1.389194632411,12.911896371327));
#6340 = CARTESIAN_POINT('',(1.481924155315,12.907930182453));
#6341 = CARTESIAN_POINT('',(1.57465367822,12.90418126234));
#6342 = ( GEOMETRIC_REPRESENTATION_CONTEXT(2) 
PARAMETRIC_REPRESENTATION_CONTEXT() REPRESENTATION_CONTEXT('2D SPACE',''
  ) );
#6343 = PCURVE('',#6306,#6344);
#6344 = DEFINITIONAL_REPRESENTATION('',(#6345),#6352);
#6345 = B_SPLINE_CURVE_WITH_KNOTS('',5,(#6346,#6347,#6348,#6349,#6350,
    #6351),.UNSPECIFIED.,.F.,.F.,(6,6),(1.570796321275,2.034443935797),
  .PIECEWISE_BEZIER_KNOTS.);
#6346 = CARTESIAN_POINT('',(5.819537692659,-2.494999762348E-10));
#6347 = CARTESIAN_POINT('',(5.912267215563,4.191419857798E-03));
#6348 = CARTESIAN_POINT('',(6.004996738468,8.382842749635E-03));
#6349 = CARTESIAN_POINT('',(6.097726261372,1.249916579615E-02));
#6350 = CARTESIAN_POINT('',(6.190455784277,1.646535466964E-02));
#6351 = CARTESIAN_POINT('',(6.283185307181,2.021427478251E-02));
#6352 = ( GEOMETRIC_REPRESENTATION_CONTEXT(2) 
PARAMETRIC_REPRESENTATION_CONTEXT() REPRESENTATION_CONTEXT('2D SPACE',''
  ) );
#6353 = ORIENTED_EDGE('',*,*,#6354,.F.);
#6354 = EDGE_CURVE('',#6149,#6325,#6355,.T.);
#6355 = SURFACE_CURVE('',#6356,(#6361,#6368),.PCURVE_S1.);
#6356 = CIRCLE('',#6357,0.65);
#6357 = AXIS2_PLACEMENT_3D('',#6358,#6359,#6360);
#6358 = CARTESIAN_POINT('',(26.8,-21.4,78.8));
#6359 = DIRECTION('',(0.990375136944,0.123796892118,-6.189844605902E-02)
  );
#6360 = DIRECTION('',(-0.124034734589,0.992277876714,-1.734723475977E-18
    ));
#6361 = PCURVE('',#5861,#6362);
#6362 = DEFINITIONAL_REPRESENTATION('',(#6363),#6367);
#6363 = LINE('',#6364,#6365);
#6364 = CARTESIAN_POINT('',(0.,12.924395537123));
#6365 = VECTOR('',#6366,1.);
#6366 = DIRECTION('',(1.,0.));
#6367 = ( GEOMETRIC_REPRESENTATION_CONTEXT(2) 
PARAMETRIC_REPRESENTATION_CONTEXT() REPRESENTATION_CONTEXT('2D SPACE',''
  ) );
#6368 = PCURVE('',#6188,#6369);
#6369 = DEFINITIONAL_REPRESENTATION('',(#6370),#6387);
#6370 = B_SPLINE_CURVE_WITH_KNOTS('',8,(#6371,#6372,#6373,#6374,#6375,
    #6376,#6377,#6378,#6379,#6380,#6381,#6382,#6383,#6384,#6385,#6386),
  .UNSPECIFIED.,.F.,.F.,(9,7,9),(0.,0.555503034609,1.111006069218),
  .UNSPECIFIED.);
#6371 = CARTESIAN_POINT('',(1.695151321342,0.));
#6372 = CARTESIAN_POINT('',(1.690853224514,6.930472890765E-02));
#6373 = CARTESIAN_POINT('',(1.686554716856,0.138609445004));
#6374 = CARTESIAN_POINT('',(1.682194790375,0.20791225684));
#6375 = CARTESIAN_POINT('',(1.677707502382,0.277211119121));
#6376 = CARTESIAN_POINT('',(1.673023088416,0.346503868289));
#6377 = CARTESIAN_POINT('',(1.668058153595,0.415787917836));
#6378 = CARTESIAN_POINT('',(1.662694942374,0.485059613335));
#6379 = CARTESIAN_POINT('',(1.650804431112,0.623566881028));
#6380 = CARTESIAN_POINT('',(1.644273679708,0.692802342575));
#6381 = CARTESIAN_POINT('',(1.636995574135,0.762014632716));
#6382 = CARTESIAN_POINT('',(1.628611436611,0.831192496849));
#6383 = CARTESIAN_POINT('',(1.618968519842,0.900331435271));
#6384 = CARTESIAN_POINT('',(1.607026027069,0.969398647538));
#6385 = CARTESIAN_POINT('',(1.592286810935,1.038379168547));
#6386 = CARTESIAN_POINT('',(1.570796326795,1.107148717794));
#6387 = ( GEOMETRIC_REPRESENTATION_CONTEXT(2) 
PARAMETRIC_REPRESENTATION_CONTEXT() REPRESENTATION_CONTEXT('2D SPACE',''
  ) );
#6388 = ORIENTED_EDGE('',*,*,#6148,.F.);
#6389 = ORIENTED_EDGE('',*,*,#6005,.T.);
#6390 = ORIENTED_EDGE('',*,*,#5963,.T.);
#6391 = ORIENTED_EDGE('',*,*,#5840,.T.);
#6392 = ORIENTED_EDGE('',*,*,#6040,.T.);
#6393 = ADVANCED_FACE('',(#6394),#6188,.T.);
#6394 = FACE_BOUND('',#6395,.T.);
#6395 = EDGE_LOOP('',(#6396,#6420,#6421,#6422));
#6396 = ORIENTED_EDGE('',*,*,#6397,.F.);
#6397 = EDGE_CURVE('',#6172,#6398,#6400,.T.);
#6398 = VERTEX_POINT('',#6399);
#6399 = CARTESIAN_POINT('',(26.8,-21.4,78.15));
#6400 = SURFACE_CURVE('',#6401,(#6406,#6413),.PCURVE_S1.);
#6401 = CIRCLE('',#6402,0.65);
#6402 = AXIS2_PLACEMENT_3D('',#6403,#6404,#6405);
#6403 = CARTESIAN_POINT('',(26.8,-21.4,78.8));
#6404 = DIRECTION('',(1.,0.,0.));
#6405 = DIRECTION('',(-0.,0.,1.));
#6406 = PCURVE('',#6188,#6407);
#6407 = DEFINITIONAL_REPRESENTATION('',(#6408),#6412);
#6408 = LINE('',#6409,#6410);
#6409 = CARTESIAN_POINT('',(4.712388980385,1.570796326795));
#6410 = VECTOR('',#6411,1.);
#6411 = DIRECTION('',(0.,-1.));
#6412 = ( GEOMETRIC_REPRESENTATION_CONTEXT(2) 
PARAMETRIC_REPRESENTATION_CONTEXT() REPRESENTATION_CONTEXT('2D SPACE',''
  ) );
#6413 = PCURVE('',#6306,#6414);
#6414 = DEFINITIONAL_REPRESENTATION('',(#6415),#6419);
#6415 = LINE('',#6416,#6417);
#6416 = CARTESIAN_POINT('',(0.,0.));
#6417 = VECTOR('',#6418,1.);
#6418 = DIRECTION('',(1.,0.));
#6419 = ( GEOMETRIC_REPRESENTATION_CONTEXT(2) 
PARAMETRIC_REPRESENTATION_CONTEXT() REPRESENTATION_CONTEXT('2D SPACE',''
  ) );
#6420 = ORIENTED_EDGE('',*,*,#6171,.T.);
#6421 = ORIENTED_EDGE('',*,*,#6354,.T.);
#6422 = ORIENTED_EDGE('',*,*,#6423,.F.);
#6423 = EDGE_CURVE('',#6398,#6325,#6424,.T.);
#6424 = SURFACE_CURVE('',#6425,(#6430,#6437),.PCURVE_S1.);
#6425 = CIRCLE('',#6426,0.65);
#6426 = AXIS2_PLACEMENT_3D('',#6427,#6428,#6429);
#6427 = CARTESIAN_POINT('',(26.8,-21.4,78.8));
#6428 = DIRECTION('',(1.,0.,0.));
#6429 = DIRECTION('',(-0.,0.,1.));
#6430 = PCURVE('',#6188,#6431);
#6431 = DEFINITIONAL_REPRESENTATION('',(#6432),#6436);
#6432 = LINE('',#6433,#6434);
#6433 = CARTESIAN_POINT('',(1.570796326795,-4.712388980385));
#6434 = VECTOR('',#6435,1.);
#6435 = DIRECTION('',(-0.,1.));
#6436 = ( GEOMETRIC_REPRESENTATION_CONTEXT(2) 
PARAMETRIC_REPRESENTATION_CONTEXT() REPRESENTATION_CONTEXT('2D SPACE',''
  ) );
#6437 = PCURVE('',#6306,#6438);
#6438 = DEFINITIONAL_REPRESENTATION('',(#6439),#6443);
#6439 = LINE('',#6440,#6441);
#6440 = CARTESIAN_POINT('',(0.,0.));
#6441 = VECTOR('',#6442,1.);
#6442 = DIRECTION('',(1.,0.));
#6443 = ( GEOMETRIC_REPRESENTATION_CONTEXT(2) 
PARAMETRIC_REPRESENTATION_CONTEXT() REPRESENTATION_CONTEXT('2D SPACE',''
  ) );
#6444 = ADVANCED_FACE('',(#6445),#6306,.T.);
#6445 = FACE_BOUND('',#6446,.T.);
#6446 = EDGE_LOOP('',(#6447,#6470,#6499,#6538,#6572,#6600,#6601,#6602,
    #6603,#6604));
#6447 = ORIENTED_EDGE('',*,*,#6448,.T.);
#6448 = EDGE_CURVE('',#6284,#6449,#6451,.T.);
#6449 = VERTEX_POINT('',#6450);
#6450 = CARTESIAN_POINT('',(74.,-21.4,79.45));
#6451 = SEAM_CURVE('',#6452,(#6456,#6463),.PCURVE_S1.);
#6452 = LINE('',#6453,#6454);
#6453 = CARTESIAN_POINT('',(26.8,-21.4,79.45));
#6454 = VECTOR('',#6455,1.);
#6455 = DIRECTION('',(1.,0.,0.));
#6456 = PCURVE('',#6306,#6457);
#6457 = DEFINITIONAL_REPRESENTATION('',(#6458),#6462);
#6458 = LINE('',#6459,#6460);
#6459 = CARTESIAN_POINT('',(6.28318530718,-0.));
#6460 = VECTOR('',#6461,1.);
#6461 = DIRECTION('',(0.,1.));
#6462 = ( GEOMETRIC_REPRESENTATION_CONTEXT(2) 
PARAMETRIC_REPRESENTATION_CONTEXT() REPRESENTATION_CONTEXT('2D SPACE',''
  ) );
#6463 = PCURVE('',#6306,#6464);
#6464 = DEFINITIONAL_REPRESENTATION('',(#6465),#6469);
#6465 = LINE('',#6466,#6467);
#6466 = CARTESIAN_POINT('',(0.,-0.));
#6467 = VECTOR('',#6468,1.);
#6468 = DIRECTION('',(0.,1.));
#6469 = ( GEOMETRIC_REPRESENTATION_CONTEXT(2) 
PARAMETRIC_REPRESENTATION_CONTEXT() REPRESENTATION_CONTEXT('2D SPACE',''
  ) );
#6470 = ORIENTED_EDGE('',*,*,#6471,.F.);
#6471 = EDGE_CURVE('',#6472,#6449,#6474,.T.);
#6472 = VERTEX_POINT('',#6473);
#6473 = CARTESIAN_POINT('',(74.,-21.4,78.15));
#6474 = SURFACE_CURVE('',#6475,(#6480,#6487),.PCURVE_S1.);
#6475 = CIRCLE('',#6476,0.65);
#6476 = AXIS2_PLACEMENT_3D('',#6477,#6478,#6479);
#6477 = CARTESIAN_POINT('',(74.,-21.4,78.8));
#6478 = DIRECTION('',(1.,0.,0.));
#6479 = DIRECTION('',(-0.,0.,1.));
#6480 = PCURVE('',#6306,#6481);
#6481 = DEFINITIONAL_REPRESENTATION('',(#6482),#6486);
#6482 = LINE('',#6483,#6484);
#6483 = CARTESIAN_POINT('',(0.,47.2));
#6484 = VECTOR('',#6485,1.);
#6485 = DIRECTION('',(1.,0.));
#6486 = ( GEOMETRIC_REPRESENTATION_CONTEXT(2) 
PARAMETRIC_REPRESENTATION_CONTEXT() REPRESENTATION_CONTEXT('2D SPACE',''
  ) );
#6487 = PCURVE('',#6488,#6493);
#6488 = SPHERICAL_SURFACE('',#6489,0.65);
#6489 = AXIS2_PLACEMENT_3D('',#6490,#6491,#6492);
#6490 = CARTESIAN_POINT('',(74.,-21.4,78.8));
#6491 = DIRECTION('',(0.,0.,1.));
#6492 = DIRECTION('',(1.,0.,-0.));
#6493 = DEFINITIONAL_REPRESENTATION('',(#6494),#6498);
#6494 = LINE('',#6495,#6496);
#6495 = CARTESIAN_POINT('',(1.570796326795,-4.712388980385));
#6496 = VECTOR('',#6497,1.);
#6497 = DIRECTION('',(-0.,1.));
#6498 = ( GEOMETRIC_REPRESENTATION_CONTEXT(2) 
PARAMETRIC_REPRESENTATION_CONTEXT() REPRESENTATION_CONTEXT('2D SPACE',''
  ) );
#6499 = ORIENTED_EDGE('',*,*,#6500,.F.);
#6500 = EDGE_CURVE('',#6501,#6472,#6503,.T.);
#6501 = VERTEX_POINT('',#6502);
#6502 = CARTESIAN_POINT('',(73.730761184456,-22.04999999999,78.8));
#6503 = SURFACE_CURVE('',#6504,(#6509,#6521),.PCURVE_S1.);
#6504 = ELLIPSE('',#6505,0.70355493019,0.65);
#6505 = AXIS2_PLACEMENT_3D('',#6506,#6507,#6508);
#6506 = CARTESIAN_POINT('',(74.,-21.4,78.8));
#6507 = DIRECTION('',(0.923879532511,-0.382683432365,0.));
#6508 = DIRECTION('',(0.382683432365,0.923879532511,0.));
#6509 = PCURVE('',#6306,#6510);
#6510 = DEFINITIONAL_REPRESENTATION('',(#6511),#6520);
#6511 = B_SPLINE_CURVE_WITH_KNOTS('',7,(#6512,#6513,#6514,#6515,#6516,
    #6517,#6518,#6519),.UNSPECIFIED.,.F.,.F.,(8,8),(3.14159265359,
    4.71238899268),.PIECEWISE_BEZIER_KNOTS.);
#6512 = CARTESIAN_POINT('',(1.570796326795,46.930761184457));
#6513 = CARTESIAN_POINT('',(1.795195803808,46.930761184457));
#6514 = CARTESIAN_POINT('',(2.019595280821,46.946578607725));
#6515 = CARTESIAN_POINT('',(2.243994757833,46.97821115972));
#6516 = CARTESIAN_POINT('',(2.468394234848,47.023716741562));
#6517 = CARTESIAN_POINT('',(2.692793711859,47.079166149651));
#6518 = CARTESIAN_POINT('',(2.917193188872,47.139582953911));
#6519 = CARTESIAN_POINT('',(3.141592665885,47.20000000331));
#6520 = ( GEOMETRIC_REPRESENTATION_CONTEXT(2) 
PARAMETRIC_REPRESENTATION_CONTEXT() REPRESENTATION_CONTEXT('2D SPACE',''
  ) );
#6521 = PCURVE('',#6522,#6527);
#6522 = CYLINDRICAL_SURFACE('',#6523,0.65);
#6523 = AXIS2_PLACEMENT_3D('',#6524,#6525,#6526);
#6524 = CARTESIAN_POINT('',(74.,-21.4,78.8));
#6525 = DIRECTION('',(0.707106781187,-0.707106781187,0.));
#6526 = DIRECTION('',(-0.707106781187,-0.707106781187,0.));
#6527 = DEFINITIONAL_REPRESENTATION('',(#6528),#6537);
#6528 = B_SPLINE_CURVE_WITH_KNOTS('',7,(#6529,#6530,#6531,#6532,#6533,
    #6534,#6535,#6536),.UNSPECIFIED.,.F.,.F.,(8,8),(3.14159265359,
    4.71238899268),.PIECEWISE_BEZIER_KNOTS.);
#6529 = CARTESIAN_POINT('',(0.,0.269238815543));
#6530 = CARTESIAN_POINT('',(0.224399477013,0.269238815543));
#6531 = CARTESIAN_POINT('',(0.448798954026,0.253421392267));
#6532 = CARTESIAN_POINT('',(0.673198431038,0.221788840291));
#6533 = CARTESIAN_POINT('',(0.897597908052,0.176283258427));
#6534 = CARTESIAN_POINT('',(1.121997385064,0.120833850354));
#6535 = CARTESIAN_POINT('',(1.346396862077,6.041704608898E-02));
#6536 = CARTESIAN_POINT('',(1.57079633909,-3.310319129923E-09));
#6537 = ( GEOMETRIC_REPRESENTATION_CONTEXT(2) 
PARAMETRIC_REPRESENTATION_CONTEXT() REPRESENTATION_CONTEXT('2D SPACE',''
  ) );
#6538 = ORIENTED_EDGE('',*,*,#6539,.F.);
#6539 = EDGE_CURVE('',#6540,#6501,#6542,.T.);
#6540 = VERTEX_POINT('',#6541);
#6541 = CARTESIAN_POINT('',(73.999999400563,-21.40000144716,
    79.449999999998));
#6542 = SURFACE_CURVE('',#6543,(#6548,#6560),.PCURVE_S1.);
#6543 = ELLIPSE('',#6544,0.70355493019,0.65);
#6544 = AXIS2_PLACEMENT_3D('',#6545,#6546,#6547);
#6545 = CARTESIAN_POINT('',(74.,-21.4,78.8));
#6546 = DIRECTION('',(0.923879532511,-0.382683432365,0.));
#6547 = DIRECTION('',(0.382683432365,0.923879532511,0.));
#6548 = PCURVE('',#6306,#6549);
#6549 = DEFINITIONAL_REPRESENTATION('',(#6550),#6559);
#6550 = B_SPLINE_CURVE_WITH_KNOTS('',7,(#6551,#6552,#6553,#6554,#6555,
    #6556,#6557,#6558),.UNSPECIFIED.,.F.,.F.,(8,8),(1.570798553207,
    3.14159265359),.PIECEWISE_BEZIER_KNOTS.);
#6551 = CARTESIAN_POINT('',(2.226412050279E-06,47.199999400563));
#6552 = CARTESIAN_POINT('',(0.22440138361,47.139582437271));
#6553 = CARTESIAN_POINT('',(0.448800540807,47.079165754511));
#6554 = CARTESIAN_POINT('',(0.673199698005,47.023716482174));
#6555 = CARTESIAN_POINT('',(0.897598855202,46.978211024434));
#6556 = CARTESIAN_POINT('',(1.1219980124,46.946578562658));
#6557 = CARTESIAN_POINT('',(1.346397169597,46.930761184457));
#6558 = CARTESIAN_POINT('',(1.570796326795,46.930761184457));
#6559 = ( GEOMETRIC_REPRESENTATION_CONTEXT(2) 
PARAMETRIC_REPRESENTATION_CONTEXT() REPRESENTATION_CONTEXT('2D SPACE',''
  ) );
#6560 = PCURVE('',#6522,#6561);
#6561 = DEFINITIONAL_REPRESENTATION('',(#6562),#6571);
#6562 = B_SPLINE_CURVE_WITH_KNOTS('',7,(#6563,#6564,#6565,#6566,#6567,
    #6568,#6569,#6570),.UNSPECIFIED.,.F.,.F.,(8,8),(1.570798553207,
    3.14159265359),.PIECEWISE_BEZIER_KNOTS.);
#6563 = CARTESIAN_POINT('',(4.712391206797,5.994365324113E-07));
#6564 = CARTESIAN_POINT('',(4.936790363994,6.041756272899E-02));
#6565 = CARTESIAN_POINT('',(5.161189521192,0.12083424548));
#6566 = CARTESIAN_POINT('',(5.385588678389,0.176283517857));
#6567 = CARTESIAN_POINT('',(5.609987835587,0.221788975532));
#6568 = CARTESIAN_POINT('',(5.834386992784,0.253421437355));
#6569 = CARTESIAN_POINT('',(6.058786149982,0.269238815543));
#6570 = CARTESIAN_POINT('',(6.28318530718,0.269238815543));
#6571 = ( GEOMETRIC_REPRESENTATION_CONTEXT(2) 
PARAMETRIC_REPRESENTATION_CONTEXT() REPRESENTATION_CONTEXT('2D SPACE',''
  ) );
#6572 = ORIENTED_EDGE('',*,*,#6573,.F.);
#6573 = EDGE_CURVE('',#6449,#6540,#6574,.T.);
#6574 = SURFACE_CURVE('',#6575,(#6580,#6590),.PCURVE_S1.);
#6575 = ELLIPSE('',#6576,0.70355493019,0.65);
#6576 = AXIS2_PLACEMENT_3D('',#6577,#6578,#6579);
#6577 = CARTESIAN_POINT('',(74.,-21.4,78.8));
#6578 = DIRECTION('',(0.923879532511,-0.382683432365,0.));
#6579 = DIRECTION('',(0.382683432365,0.923879532511,0.));
#6580 = PCURVE('',#6306,#6581);
#6581 = DEFINITIONAL_REPRESENTATION('',(#6582),#6589);
#6582 = B_SPLINE_CURVE_WITH_KNOTS('',5,(#6583,#6584,#6585,#6586,#6587,
    #6588),.UNSPECIFIED.,.F.,.F.,(6,6),(1.570796314563,1.570798553207),
  .PIECEWISE_BEZIER_KNOTS.);
#6583 = CARTESIAN_POINT('',(-1.22322774132E-08,47.200000003293));
#6584 = CARTESIAN_POINT('',(4.354965883024E-07,47.199999882747));
#6585 = CARTESIAN_POINT('',(8.832254561173E-07,47.199999762201));
#6586 = CARTESIAN_POINT('',(1.330954320234E-06,47.199999641656));
#6587 = CARTESIAN_POINT('',(1.778683184563E-06,47.199999521109));
#6588 = CARTESIAN_POINT('',(2.226412050279E-06,47.199999400563));
#6589 = ( GEOMETRIC_REPRESENTATION_CONTEXT(2) 
PARAMETRIC_REPRESENTATION_CONTEXT() REPRESENTATION_CONTEXT('2D SPACE',''
  ) );
#6590 = PCURVE('',#6522,#6591);
#6591 = DEFINITIONAL_REPRESENTATION('',(#6592),#6599);
#6592 = B_SPLINE_CURVE_WITH_KNOTS('',5,(#6593,#6594,#6595,#6596,#6597,
    #6598),.UNSPECIFIED.,.F.,.F.,(6,6),(1.570796314563,1.570798553207),
  .PIECEWISE_BEZIER_KNOTS.);
#6593 = CARTESIAN_POINT('',(4.712388968152,-3.293408212812E-09));
#6594 = CARTESIAN_POINT('',(4.712389415881,1.172525812767E-07));
#6595 = CARTESIAN_POINT('',(4.71238986361,2.377985517306E-07));
#6596 = CARTESIAN_POINT('',(4.712390311339,3.583445947492E-07));
#6597 = CARTESIAN_POINT('',(4.712390759068,4.788905429222E-07));
#6598 = CARTESIAN_POINT('',(4.712391206797,5.994365324113E-07));
#6599 = ( GEOMETRIC_REPRESENTATION_CONTEXT(2) 
PARAMETRIC_REPRESENTATION_CONTEXT() REPRESENTATION_CONTEXT('2D SPACE',''
  ) );
#6600 = ORIENTED_EDGE('',*,*,#6448,.F.);
#6601 = ORIENTED_EDGE('',*,*,#6283,.T.);
#6602 = ORIENTED_EDGE('',*,*,#6397,.T.);
#6603 = ORIENTED_EDGE('',*,*,#6423,.T.);
#6604 = ORIENTED_EDGE('',*,*,#6324,.T.);
#6605 = ADVANCED_FACE('',(#6606),#6522,.T.);
#6606 = FACE_BOUND('',#6607,.T.);
#6607 = EDGE_LOOP('',(#6608,#6638,#6659,#6660,#6682,#6683,#6684,#6685,
    #6722,#6756));
#6608 = ORIENTED_EDGE('',*,*,#6609,.F.);
#6609 = EDGE_CURVE('',#6610,#6612,#6614,.T.);
#6610 = VERTEX_POINT('',#6611);
#6611 = CARTESIAN_POINT('',(77.540380592229,-25.85961940777,78.8));
#6612 = VERTEX_POINT('',#6613);
#6613 = CARTESIAN_POINT('',(78.,-25.4,78.15));
#6614 = SURFACE_CURVE('',#6615,(#6620,#6627),.PCURVE_S1.);
#6615 = CIRCLE('',#6616,0.65);
#6616 = AXIS2_PLACEMENT_3D('',#6617,#6618,#6619);
#6617 = CARTESIAN_POINT('',(78.,-25.4,78.8));
#6618 = DIRECTION('',(0.707106781187,-0.707106781187,0.));
#6619 = DIRECTION('',(-0.707106781187,-0.707106781187,0.));
#6620 = PCURVE('',#6522,#6621);
#6621 = DEFINITIONAL_REPRESENTATION('',(#6622),#6626);
#6622 = LINE('',#6623,#6624);
#6623 = CARTESIAN_POINT('',(0.,5.656854249492));
#6624 = VECTOR('',#6625,1.);
#6625 = DIRECTION('',(1.,0.));
#6626 = ( GEOMETRIC_REPRESENTATION_CONTEXT(2) 
PARAMETRIC_REPRESENTATION_CONTEXT() REPRESENTATION_CONTEXT('2D SPACE',''
  ) );
#6627 = PCURVE('',#6628,#6633);
#6628 = SPHERICAL_SURFACE('',#6629,0.65);
#6629 = AXIS2_PLACEMENT_3D('',#6630,#6631,#6632);
#6630 = CARTESIAN_POINT('',(78.,-25.4,78.8));
#6631 = DIRECTION('',(0.,0.,1.));
#6632 = DIRECTION('',(1.,0.,-0.));
#6633 = DEFINITIONAL_REPRESENTATION('',(#6634),#6637);
#6634 = B_SPLINE_CURVE_WITH_KNOTS('',1,(#6635,#6636),.UNSPECIFIED.,.F.,
  .F.,(2,2),(0.,1.570796326795),.PIECEWISE_BEZIER_KNOTS.);
#6635 = CARTESIAN_POINT('',(3.926990816987,0.));
#6636 = CARTESIAN_POINT('',(3.926990816987,-1.570796326795));
#6637 = ( GEOMETRIC_REPRESENTATION_CONTEXT(2) 
PARAMETRIC_REPRESENTATION_CONTEXT() REPRESENTATION_CONTEXT('2D SPACE',''
  ) );
#6638 = ORIENTED_EDGE('',*,*,#6639,.F.);
#6639 = EDGE_CURVE('',#6501,#6610,#6640,.T.);
#6640 = SEAM_CURVE('',#6641,(#6645,#6652),.PCURVE_S1.);
#6641 = LINE('',#6642,#6643);
#6642 = CARTESIAN_POINT('',(73.540380592229,-21.85961940777,78.8));
#6643 = VECTOR('',#6644,1.);
#6644 = DIRECTION('',(0.707106781187,-0.707106781187,0.));
#6645 = PCURVE('',#6522,#6646);
#6646 = DEFINITIONAL_REPRESENTATION('',(#6647),#6651);
#6647 = LINE('',#6648,#6649);
#6648 = CARTESIAN_POINT('',(6.28318530718,-0.));
#6649 = VECTOR('',#6650,1.);
#6650 = DIRECTION('',(0.,1.));
#6651 = ( GEOMETRIC_REPRESENTATION_CONTEXT(2) 
PARAMETRIC_REPRESENTATION_CONTEXT() REPRESENTATION_CONTEXT('2D SPACE',''
  ) );
#6652 = PCURVE('',#6522,#6653);
#6653 = DEFINITIONAL_REPRESENTATION('',(#6654),#6658);
#6654 = LINE('',#6655,#6656);
#6655 = CARTESIAN_POINT('',(0.,-0.));
#6656 = VECTOR('',#6657,1.);
#6657 = DIRECTION('',(0.,1.));
#6658 = ( GEOMETRIC_REPRESENTATION_CONTEXT(2) 
PARAMETRIC_REPRESENTATION_CONTEXT() REPRESENTATION_CONTEXT('2D SPACE',''
  ) );
#6659 = ORIENTED_EDGE('',*,*,#6500,.T.);
#6660 = ORIENTED_EDGE('',*,*,#6661,.T.);
#6661 = EDGE_CURVE('',#6472,#6449,#6662,.T.);
#6662 = SURFACE_CURVE('',#6663,(#6668,#6675),.PCURVE_S1.);
#6663 = CIRCLE('',#6664,0.65);
#6664 = AXIS2_PLACEMENT_3D('',#6665,#6666,#6667);
#6665 = CARTESIAN_POINT('',(74.,-21.4,78.8));
#6666 = DIRECTION('',(0.707106781187,-0.707106781187,0.));
#6667 = DIRECTION('',(-0.707106781187,-0.707106781187,0.));
#6668 = PCURVE('',#6522,#6669);
#6669 = DEFINITIONAL_REPRESENTATION('',(#6670),#6674);
#6670 = LINE('',#6671,#6672);
#6671 = CARTESIAN_POINT('',(0.,0.));
#6672 = VECTOR('',#6673,1.);
#6673 = DIRECTION('',(1.,0.));
#6674 = ( GEOMETRIC_REPRESENTATION_CONTEXT(2) 
PARAMETRIC_REPRESENTATION_CONTEXT() REPRESENTATION_CONTEXT('2D SPACE',''
  ) );
#6675 = PCURVE('',#6488,#6676);
#6676 = DEFINITIONAL_REPRESENTATION('',(#6677),#6681);
#6677 = LINE('',#6678,#6679);
#6678 = CARTESIAN_POINT('',(0.785398163397,-3.14159265359));
#6679 = VECTOR('',#6680,1.);
#6680 = DIRECTION('',(-0.,1.));
#6681 = ( GEOMETRIC_REPRESENTATION_CONTEXT(2) 
PARAMETRIC_REPRESENTATION_CONTEXT() REPRESENTATION_CONTEXT('2D SPACE',''
  ) );
#6682 = ORIENTED_EDGE('',*,*,#6573,.T.);
#6683 = ORIENTED_EDGE('',*,*,#6539,.T.);
#6684 = ORIENTED_EDGE('',*,*,#6639,.T.);
#6685 = ORIENTED_EDGE('',*,*,#6686,.F.);
#6686 = EDGE_CURVE('',#6687,#6610,#6689,.T.);
#6687 = VERTEX_POINT('',#6688);
#6688 = CARTESIAN_POINT('',(77.643677696914,-25.50329710468,
    79.362916512457));
#6689 = SURFACE_CURVE('',#6690,(#6695,#6706),.PCURVE_S1.);
#6690 = ELLIPSE('',#6691,0.682041910258,0.65);
#6691 = AXIS2_PLACEMENT_3D('',#6692,#6693,#6694);
#6692 = CARTESIAN_POINT('',(78.,-25.4,78.8));
#6693 = DIRECTION('',(0.673887338679,-0.673887338679,0.302905446528));
#6694 = DIRECTION('',(0.214186495298,-0.214186495298,-0.953020613871));
#6695 = PCURVE('',#6522,#6696);
#6696 = DEFINITIONAL_REPRESENTATION('',(#6697),#6705);
#6697 = B_SPLINE_CURVE_WITH_KNOTS('',6,(#6698,#6699,#6700,#6701,#6702,
    #6703,#6704),.UNSPECIFIED.,.F.,.F.,(7,7),(3.665191429189,
    4.712388474997),.PIECEWISE_BEZIER_KNOTS.);
#6698 = CARTESIAN_POINT('',(5.235987755984,5.477938415897));
#6699 = CARTESIAN_POINT('',(5.410520596952,5.495967153042));
#6700 = CARTESIAN_POINT('',(5.58505343792,5.520535716504));
#6701 = CARTESIAN_POINT('',(5.759586278888,5.550657540853));
#6702 = CARTESIAN_POINT('',(5.934119119856,5.584739488694));
#6703 = CARTESIAN_POINT('',(6.108651960824,5.620796670792));
#6704 = CARTESIAN_POINT('',(6.283184801792,5.656854145082));
#6705 = ( GEOMETRIC_REPRESENTATION_CONTEXT(2) 
PARAMETRIC_REPRESENTATION_CONTEXT() REPRESENTATION_CONTEXT('2D SPACE',''
  ) );
#6706 = PCURVE('',#6707,#6712);
#6707 = CYLINDRICAL_SURFACE('',#6708,0.65);
#6708 = AXIS2_PLACEMENT_3D('',#6709,#6710,#6711);
#6709 = CARTESIAN_POINT('',(78.,-25.4,78.8));
#6710 = DIRECTION('',(0.57735026919,-0.57735026919,0.57735026919));
#6711 = DIRECTION('',(-0.707106781187,-2.775557561563E-17,0.707106781187
    ));
#6712 = DEFINITIONAL_REPRESENTATION('',(#6713),#6721);
#6713 = B_SPLINE_CURVE_WITH_KNOTS('',6,(#6714,#6715,#6716,#6717,#6718,
    #6719,#6720),.UNSPECIFIED.,.F.,.F.,(7,7),(3.665191429189,
    4.712388474997),.PIECEWISE_BEZIER_KNOTS.);
#6714 = CARTESIAN_POINT('',(1.169662657328E-12,0.178915833595));
#6715 = CARTESIAN_POINT('',(0.174532840969,0.16088709645));
#6716 = CARTESIAN_POINT('',(0.349065681937,0.136318532989));
#6717 = CARTESIAN_POINT('',(0.523598522905,0.106196708639));
#6718 = CARTESIAN_POINT('',(0.698131363873,7.211476079779E-02));
#6719 = CARTESIAN_POINT('',(0.872664204841,3.605757870035E-02));
#6720 = CARTESIAN_POINT('',(1.047197045809,1.044102191372E-07));
#6721 = ( GEOMETRIC_REPRESENTATION_CONTEXT(2) 
PARAMETRIC_REPRESENTATION_CONTEXT() REPRESENTATION_CONTEXT('2D SPACE',''
  ) );
#6722 = ORIENTED_EDGE('',*,*,#6723,.F.);
#6723 = EDGE_CURVE('',#6724,#6687,#6726,.T.);
#6724 = VERTEX_POINT('',#6725);
#6725 = CARTESIAN_POINT('',(78.459619407771,-24.94038059222,78.8));
#6726 = SURFACE_CURVE('',#6727,(#6732,#6744),.PCURVE_S1.);
#6727 = ELLIPSE('',#6728,0.682041910258,0.65);
#6728 = AXIS2_PLACEMENT_3D('',#6729,#6730,#6731);
#6729 = CARTESIAN_POINT('',(78.,-25.4,78.8));
#6730 = DIRECTION('',(0.673887338679,-0.673887338679,0.302905446528));
#6731 = DIRECTION('',(0.214186495298,-0.214186495298,-0.953020613871));
#6732 = PCURVE('',#6522,#6733);
#6733 = DEFINITIONAL_REPRESENTATION('',(#6734),#6743);
#6734 = B_SPLINE_CURVE_WITH_KNOTS('',7,(#6735,#6736,#6737,#6738,#6739,
    #6740,#6741,#6742),.UNSPECIFIED.,.F.,.F.,(8,8),(1.570796060326,
    3.665191429189),.PIECEWISE_BEZIER_KNOTS.);
#6735 = CARTESIAN_POINT('',(3.14159238712,5.656854304543));
#6736 = CARTESIAN_POINT('',(3.44079172553,5.595041453779));
#6737 = CARTESIAN_POINT('',(3.739991063938,5.533230891145));
#6738 = CARTESIAN_POINT('',(4.039190402349,5.480442351358));
#6739 = CARTESIAN_POINT('',(4.338389740755,5.445783026675));
#6740 = CARTESIAN_POINT('',(4.637589079167,5.434814102071));
#6741 = CARTESIAN_POINT('',(4.936788417575,5.447031990515));
#6742 = CARTESIAN_POINT('',(5.235987755984,5.477938415897));
#6743 = ( GEOMETRIC_REPRESENTATION_CONTEXT(2) 
PARAMETRIC_REPRESENTATION_CONTEXT() REPRESENTATION_CONTEXT('2D SPACE',''
  ) );
#6744 = PCURVE('',#6707,#6745);
#6745 = DEFINITIONAL_REPRESENTATION('',(#6746),#6755);
#6746 = B_SPLINE_CURVE_WITH_KNOTS('',7,(#6747,#6748,#6749,#6750,#6751,
    #6752,#6753,#6754),.UNSPECIFIED.,.F.,.F.,(8,8),(1.570796060326,
    3.665191429189),.PIECEWISE_BEZIER_KNOTS.);
#6747 = CARTESIAN_POINT('',(4.188789938317,-5.505101796643E-08));
#6748 = CARTESIAN_POINT('',(4.487989276726,6.181279571381E-02));
#6749 = CARTESIAN_POINT('',(4.787188615135,0.123623358348));
#6750 = CARTESIAN_POINT('',(5.086387953544,0.176411898136));
#6751 = CARTESIAN_POINT('',(5.385587291953,0.211071222816));
#6752 = CARTESIAN_POINT('',(5.684786630362,0.222040147422));
#6753 = CARTESIAN_POINT('',(5.983985968772,0.209822258978));
#6754 = CARTESIAN_POINT('',(6.283185307181,0.178915833595));
#6755 = ( GEOMETRIC_REPRESENTATION_CONTEXT(2) 
PARAMETRIC_REPRESENTATION_CONTEXT() REPRESENTATION_CONTEXT('2D SPACE',''
  ) );
#6756 = ORIENTED_EDGE('',*,*,#6757,.F.);
#6757 = EDGE_CURVE('',#6612,#6724,#6758,.T.);
#6758 = SURFACE_CURVE('',#6759,(#6764,#6771),.PCURVE_S1.);
#6759 = CIRCLE('',#6760,0.65);
#6760 = AXIS2_PLACEMENT_3D('',#6761,#6762,#6763);
#6761 = CARTESIAN_POINT('',(78.,-25.4,78.8));
#6762 = DIRECTION('',(0.707106781187,-0.707106781187,0.));
#6763 = DIRECTION('',(-0.707106781187,-0.707106781187,0.));
#6764 = PCURVE('',#6522,#6765);
#6765 = DEFINITIONAL_REPRESENTATION('',(#6766),#6770);
#6766 = LINE('',#6767,#6768);
#6767 = CARTESIAN_POINT('',(0.,5.656854249492));
#6768 = VECTOR('',#6769,1.);
#6769 = DIRECTION('',(1.,0.));
#6770 = ( GEOMETRIC_REPRESENTATION_CONTEXT(2) 
PARAMETRIC_REPRESENTATION_CONTEXT() REPRESENTATION_CONTEXT('2D SPACE',''
  ) );
#6771 = PCURVE('',#6628,#6772);
#6772 = DEFINITIONAL_REPRESENTATION('',(#6773),#6776);
#6773 = B_SPLINE_CURVE_WITH_KNOTS('',1,(#6774,#6775),.UNSPECIFIED.,.F.,
  .F.,(2,2),(1.570796326795,3.14159265359),.PIECEWISE_BEZIER_KNOTS.);
#6774 = CARTESIAN_POINT('',(7.068583470577,-1.570796326795));
#6775 = CARTESIAN_POINT('',(7.068583470577,0.));
#6776 = ( GEOMETRIC_REPRESENTATION_CONTEXT(2) 
PARAMETRIC_REPRESENTATION_CONTEXT() REPRESENTATION_CONTEXT('2D SPACE',''
  ) );
#6777 = ADVANCED_FACE('',(#6778),#6488,.T.);
#6778 = FACE_BOUND('',#6779,.T.);
#6779 = EDGE_LOOP('',(#6780,#6781));
#6780 = ORIENTED_EDGE('',*,*,#6471,.T.);
#6781 = ORIENTED_EDGE('',*,*,#6661,.F.);
#6782 = ADVANCED_FACE('',(#6783),#6628,.T.);
#6783 = FACE_BOUND('',#6784,.T.);
#6784 = EDGE_LOOP('',(#6785,#6786,#6787));
#6785 = ORIENTED_EDGE('',*,*,#6609,.T.);
#6786 = ORIENTED_EDGE('',*,*,#6757,.T.);
#6787 = ORIENTED_EDGE('',*,*,#6788,.T.);
#6788 = EDGE_CURVE('',#6724,#6610,#6789,.T.);
#6789 = SURFACE_CURVE('',#6790,(#6795,#6850),.PCURVE_S1.);
#6790 = CIRCLE('',#6791,0.65);
#6791 = AXIS2_PLACEMENT_3D('',#6792,#6793,#6794);
#6792 = CARTESIAN_POINT('',(78.,-25.4,78.8));
#6793 = DIRECTION('',(-0.57735026919,0.57735026919,-0.57735026919));
#6794 = DIRECTION('',(0.707106781187,0.707106781187,0.));
#6795 = PCURVE('',#6628,#6796);
#6796 = DEFINITIONAL_REPRESENTATION('',(#6797),#6849);
#6797 = B_SPLINE_CURVE_WITH_KNOTS('',8,(#6798,#6799,#6800,#6801,#6802,
    #6803,#6804,#6805,#6806,#6807,#6808,#6809,#6810,#6811,#6812,#6813,
    #6814,#6815,#6816,#6817,#6818,#6819,#6820,#6821,#6822,#6823,#6824,
    #6825,#6826,#6827,#6828,#6829,#6830,#6831,#6832,#6833,#6834,#6835,
    #6836,#6837,#6838,#6839,#6840,#6841,#6842,#6843,#6844,#6845,#6846,
    #6847,#6848),.UNSPECIFIED.,.F.,.F.,(9,7,7,7,7,7,7,9),(0.,
    0.523598775598,1.047197551197,1.341721862471,1.636246173745,
    2.225294796293,2.617993877991,3.14159265359),.UNSPECIFIED.);
#6798 = CARTESIAN_POINT('',(7.068583470577,0.));
#6799 = CARTESIAN_POINT('',(7.030795983822,-5.343957625674E-02));
#6800 = CARTESIAN_POINT('',(6.993008887902,-0.106879780027));
#6801 = CARTESIAN_POINT('',(6.954892042897,-0.160202412058));
#6802 = CARTESIAN_POINT('',(6.916117444857,-0.213292315578));
#6803 = CARTESIAN_POINT('',(6.876339167123,-0.266026775217));
#6804 = CARTESIAN_POINT('',(6.835173301641,-0.318264915914));
#6805 = CARTESIAN_POINT('',(6.792177900286,-0.369837101834));
#6806 = CARTESIAN_POINT('',(6.701487932075,-0.471231568734));
#6807 = CARTESIAN_POINT('',(6.653792680934,-0.521052898256));
#6808 = CARTESIAN_POINT('',(6.603228670452,-0.56978748133));
#6809 = CARTESIAN_POINT('',(6.549188797798,-0.617176117517));
#6810 = CARTESIAN_POINT('',(6.490986527909,-0.662902927009));
#6811 = CARTESIAN_POINT('',(6.427807416963,-0.706559248356));
#6812 = CARTESIAN_POINT('',(6.358760280689,-0.747610676643));
#6813 = CARTESIAN_POINT('',(6.24067438458,-0.806653624697));
#6814 = CARTESIAN_POINT('',(6.196097654951,-0.82687644065));
#6815 = CARTESIAN_POINT('',(6.149340185631,-0.845949391217));
#6816 = CARTESIAN_POINT('',(6.100305466322,-0.863743798675));
#6817 = CARTESIAN_POINT('',(6.048943150136,-0.880119408458));
#6818 = CARTESIAN_POINT('',(5.995275096366,-0.894928861001));
#6819 = CARTESIAN_POINT('',(5.939419714972,-0.908026754554));
#6820 = CARTESIAN_POINT('',(5.823809510602,-0.930539843437));
#6821 = CARTESIAN_POINT('',(5.764054860908,-0.93995482127));
#6822 = CARTESIAN_POINT('',(5.702582099397,-0.947399550963));
#6823 = CARTESIAN_POINT('',(5.639741215995,-0.952757651316));
#6824 = CARTESIAN_POINT('',(5.575994857731,-0.95594445321));
#6825 = CARTESIAN_POINT('',(5.511884969952,-0.956918605079));
#6826 = CARTESIAN_POINT('',(5.447971975922,-0.955685872112));
#6827 = CARTESIAN_POINT('',(5.258295532493,-0.945513643332));
#6828 = CARTESIAN_POINT('',(5.134601776257,-0.930099890172));
#6829 = CARTESIAN_POINT('',(5.017603674227,-0.906434499514));
#6830 = CARTESIAN_POINT('',(4.910546158033,-0.875574886722));
#6831 = CARTESIAN_POINT('',(4.81342329433,-0.838977496236));
#6832 = CARTESIAN_POINT('',(4.725364595764,-0.797707339107));
#6833 = CARTESIAN_POINT('',(4.645282325975,-0.752693837209));
#6834 = CARTESIAN_POINT('',(4.523207355881,-0.672627478311));
#6835 = CARTESIAN_POINT('',(4.477417126572,-0.639256106178));
#6836 = CARTESIAN_POINT('',(4.434329694336,-0.604754239676));
#6837 = CARTESIAN_POINT('',(4.393611529084,-0.569298729522));
#6838 = CARTESIAN_POINT('',(4.354953420724,-0.533035860188));
#6839 = CARTESIAN_POINT('',(4.31808031682,-0.496087610901));
#6840 = CARTESIAN_POINT('',(4.282750109463,-0.458557260371));
#6841 = CARTESIAN_POINT('',(4.203396387278,-0.369837101834));
#6842 = CARTESIAN_POINT('',(4.160400985923,-0.318264915914));
#6843 = CARTESIAN_POINT('',(4.119235120441,-0.266026775217));
#6844 = CARTESIAN_POINT('',(4.079456842707,-0.213292315578));
#6845 = CARTESIAN_POINT('',(4.040682244668,-0.160202412058));
#6846 = CARTESIAN_POINT('',(4.002565399663,-0.106879780027));
#6847 = CARTESIAN_POINT('',(3.964778303742,-5.343957625674E-02));
#6848 = CARTESIAN_POINT('',(3.926990816987,0.));
#6849 = ( GEOMETRIC_REPRESENTATION_CONTEXT(2) 
PARAMETRIC_REPRESENTATION_CONTEXT() REPRESENTATION_CONTEXT('2D SPACE',''
  ) );
#6850 = PCURVE('',#6707,#6851);
#6851 = DEFINITIONAL_REPRESENTATION('',(#6852),#6856);
#6852 = LINE('',#6853,#6854);
#6853 = CARTESIAN_POINT('',(4.188790204786,0.));
#6854 = VECTOR('',#6855,1.);
#6855 = DIRECTION('',(-1.,-0.));
#6856 = ( GEOMETRIC_REPRESENTATION_CONTEXT(2) 
PARAMETRIC_REPRESENTATION_CONTEXT() REPRESENTATION_CONTEXT('2D SPACE',''
  ) );
#6857 = ADVANCED_FACE('',(#6858),#6707,.T.);
#6858 = FACE_BOUND('',#6859,.T.);
#6859 = EDGE_LOOP('',(#6860,#6883,#6932,#6967,#7003,#7038,#7039,#7040,
    #7041));
#6860 = ORIENTED_EDGE('',*,*,#6861,.T.);
#6861 = EDGE_CURVE('',#6687,#6862,#6864,.T.);
#6862 = VERTEX_POINT('',#6863);
#6863 = CARTESIAN_POINT('',(78.340380592229,-26.2,80.059619407771));
#6864 = SEAM_CURVE('',#6865,(#6869,#6876),.PCURVE_S1.);
#6865 = LINE('',#6866,#6867);
#6866 = CARTESIAN_POINT('',(77.540380592229,-25.4,79.259619407771));
#6867 = VECTOR('',#6868,1.);
#6868 = DIRECTION('',(0.57735026919,-0.57735026919,0.57735026919));
#6869 = PCURVE('',#6707,#6870);
#6870 = DEFINITIONAL_REPRESENTATION('',(#6871),#6875);
#6871 = LINE('',#6872,#6873);
#6872 = CARTESIAN_POINT('',(6.28318530718,-0.));
#6873 = VECTOR('',#6874,1.);
#6874 = DIRECTION('',(0.,1.));
#6875 = ( GEOMETRIC_REPRESENTATION_CONTEXT(2) 
PARAMETRIC_REPRESENTATION_CONTEXT() REPRESENTATION_CONTEXT('2D SPACE',''
  ) );
#6876 = PCURVE('',#6707,#6877);
#6877 = DEFINITIONAL_REPRESENTATION('',(#6878),#6882);
#6878 = LINE('',#6879,#6880);
#6879 = CARTESIAN_POINT('',(0.,-0.));
#6880 = VECTOR('',#6881,1.);
#6881 = DIRECTION('',(0.,1.));
#6882 = ( GEOMETRIC_REPRESENTATION_CONTEXT(2) 
PARAMETRIC_REPRESENTATION_CONTEXT() REPRESENTATION_CONTEXT('2D SPACE',''
  ) );
#6883 = ORIENTED_EDGE('',*,*,#6884,.F.);
#6884 = EDGE_CURVE('',#6885,#6862,#6887,.T.);
#6885 = VERTEX_POINT('',#6886);
#6886 = CARTESIAN_POINT('',(78.947196014439,-25.68481394946,
    79.967990036097));
#6887 = SURFACE_CURVE('',#6888,(#6893,#6900),.PCURVE_S1.);
#6888 = CIRCLE('',#6889,0.65);
#6889 = AXIS2_PLACEMENT_3D('',#6890,#6891,#6892);
#6890 = CARTESIAN_POINT('',(78.8,-26.2,79.6));
#6891 = DIRECTION('',(0.57735026919,-0.57735026919,0.57735026919));
#6892 = DIRECTION('',(-0.707106781187,-2.775557561563E-17,0.707106781187
    ));
#6893 = PCURVE('',#6707,#6894);
#6894 = DEFINITIONAL_REPRESENTATION('',(#6895),#6899);
#6895 = LINE('',#6896,#6897);
#6896 = CARTESIAN_POINT('',(0.,1.385640646055));
#6897 = VECTOR('',#6898,1.);
#6898 = DIRECTION('',(1.,0.));
#6899 = ( GEOMETRIC_REPRESENTATION_CONTEXT(2) 
PARAMETRIC_REPRESENTATION_CONTEXT() REPRESENTATION_CONTEXT('2D SPACE',''
  ) );
#6900 = PCURVE('',#6901,#6906);
#6901 = SPHERICAL_SURFACE('',#6902,0.65);
#6902 = AXIS2_PLACEMENT_3D('',#6903,#6904,#6905);
#6903 = CARTESIAN_POINT('',(78.8,-26.2,79.6));
#6904 = DIRECTION('',(0.,0.,1.));
#6905 = DIRECTION('',(1.,0.,-0.));
#6906 = DEFINITIONAL_REPRESENTATION('',(#6907),#6931);
#6907 = B_SPLINE_CURVE_WITH_KNOTS('',8,(#6908,#6909,#6910,#6911,#6912,
    #6913,#6914,#6915,#6916,#6917,#6918,#6919,#6920,#6921,#6922,#6923,
    #6924,#6925,#6926,#6927,#6928,#6929,#6930),.UNSPECIFIED.,.F.,.F.,(9,
    7,7,9),(4.95495285448,5.61906908083,5.951127194005,6.28318530718),
  .UNSPECIFIED.);
#6908 = CARTESIAN_POINT('',(1.29249666779,0.601813775203));
#6909 = CARTESIAN_POINT('',(1.363032892319,0.661065098174));
#6910 = CARTESIAN_POINT('',(1.440133396388,0.717661805083));
#6911 = CARTESIAN_POINT('',(1.525247118823,0.77087572088));
#6912 = CARTESIAN_POINT('',(1.620202338377,0.819709154813));
#6913 = CARTESIAN_POINT('',(1.726427953428,0.862971260661));
#6914 = CARTESIAN_POINT('',(1.846218709832,0.898845089419));
#6915 = CARTESIAN_POINT('',(1.977571637414,0.925382743653));
#6916 = CARTESIAN_POINT('',(2.1851078398,0.949576562093));
#6917 = CARTESIAN_POINT('',(2.256038098295,0.955038601996));
#6918 = CARTESIAN_POINT('',(2.328152086092,0.95776306502));
#6919 = CARTESIAN_POINT('',(2.40072407442,0.957662521258));
#6920 = CARTESIAN_POINT('',(2.472919067243,0.954727011479));
#6921 = CARTESIAN_POINT('',(2.543946980151,0.949027291064));
#6922 = CARTESIAN_POINT('',(2.613197585625,0.940698007937));
#6923 = CARTESIAN_POINT('',(2.747265371594,0.919116780996));
#6924 = CARTESIAN_POINT('',(2.812084251071,0.905864972944));
#6925 = CARTESIAN_POINT('',(2.87424292325,0.89032049498));
#6926 = CARTESIAN_POINT('',(2.933495337416,0.872688942312));
#6927 = CARTESIAN_POINT('',(2.989765616065,0.853185030091));
#6928 = CARTESIAN_POINT('',(3.043109212133,0.832014001357));
#6929 = CARTESIAN_POINT('',(3.093664193333,0.809362393526));
#6930 = CARTESIAN_POINT('',(3.14159265359,0.785398163397));
#6931 = ( GEOMETRIC_REPRESENTATION_CONTEXT(2) 
PARAMETRIC_REPRESENTATION_CONTEXT() REPRESENTATION_CONTEXT('2D SPACE',''
  ) );
#6932 = ORIENTED_EDGE('',*,*,#6933,.F.);
#6933 = EDGE_CURVE('',#6934,#6885,#6936,.T.);
#6934 = VERTEX_POINT('',#6935);
#6935 = CARTESIAN_POINT('',(79.141356920657,-25.63380854093,
    79.614140835453));
#6936 = SURFACE_CURVE('',#6937,(#6942,#6952),.PCURVE_S1.);
#6937 = ELLIPSE('',#6938,0.684137138776,0.65);
#6938 = AXIS2_PLACEMENT_3D('',#6939,#6940,#6941);
#6939 = CARTESIAN_POINT('',(78.8,-26.2,79.6));
#6940 = DIRECTION('',(0.793247213009,-0.487365186241,0.365012375534));
#6941 = DIRECTION('',(-0.565222794808,-0.366428774846,0.739089402707));
#6942 = PCURVE('',#6707,#6943);
#6943 = DEFINITIONAL_REPRESENTATION('',(#6944),#6951);
#6944 = B_SPLINE_CURVE_WITH_KNOTS('',5,(#6945,#6946,#6947,#6948,#6949,
    #6950),.UNSPECIFIED.,.F.,.F.,(6,6),(4.10587948774,4.712388980385),
  .PIECEWISE_BEZIER_KNOTS.);
#6945 = CARTESIAN_POINT('',(4.348443361836,1.26399657994));
#6946 = CARTESIAN_POINT('',(4.469745260365,1.285266426262));
#6947 = CARTESIAN_POINT('',(4.591047158894,1.308773527541));
#6948 = CARTESIAN_POINT('',(4.712349057422,1.33386659987));
#6949 = CARTESIAN_POINT('',(4.833650955951,1.35975366571));
#6950 = CARTESIAN_POINT('',(4.95495285448,1.385640646055));
#6951 = ( GEOMETRIC_REPRESENTATION_CONTEXT(2) 
PARAMETRIC_REPRESENTATION_CONTEXT() REPRESENTATION_CONTEXT('2D SPACE',''
  ) );
#6952 = PCURVE('',#6953,#6958);
#6953 = CYLINDRICAL_SURFACE('',#6954,0.65);
#6954 = AXIS2_PLACEMENT_3D('',#6955,#6956,#6957);
#6955 = CARTESIAN_POINT('',(78.8,-26.2,79.6));
#6956 = DIRECTION('',(0.929981109951,-0.348742916231,0.116247638744));
#6957 = DIRECTION('',(0.351123441588,0.936329177569,0.));
#6958 = DEFINITIONAL_REPRESENTATION('',(#6959),#6966);
#6959 = B_SPLINE_CURVE_WITH_KNOTS('',5,(#6960,#6961,#6962,#6963,#6964,
    #6965),.UNSPECIFIED.,.F.,.F.,(6,6),(4.10587948774,4.712388980385),
  .PIECEWISE_BEZIER_KNOTS.);
#6960 = CARTESIAN_POINT('',(-1.971756091734E-13,0.121644066115));
#6961 = CARTESIAN_POINT('',(0.121301898529,0.100374219793));
#6962 = CARTESIAN_POINT('',(0.242603797058,7.68671185143E-02));
#6963 = CARTESIAN_POINT('',(0.363905695586,5.177404618515E-02));
#6964 = CARTESIAN_POINT('',(0.485207594115,2.588698034533E-02));
#6965 = CARTESIAN_POINT('',(0.606509492644,1.42108547152E-14));
#6966 = ( GEOMETRIC_REPRESENTATION_CONTEXT(2) 
PARAMETRIC_REPRESENTATION_CONTEXT() REPRESENTATION_CONTEXT('2D SPACE',''
  ) );
#6967 = ORIENTED_EDGE('',*,*,#6968,.F.);
#6968 = EDGE_CURVE('',#6969,#6934,#6971,.T.);
#6969 = VERTEX_POINT('',#6970);
#6970 = CARTESIAN_POINT('',(78.652803985561,-26.71518605053,
    79.232009963903));
#6971 = SURFACE_CURVE('',#6972,(#6977,#6990),.PCURVE_S1.);
#6972 = ELLIPSE('',#6973,0.684137138776,0.65);
#6973 = AXIS2_PLACEMENT_3D('',#6974,#6975,#6976);
#6974 = CARTESIAN_POINT('',(78.8,-26.2,79.6));
#6975 = DIRECTION('',(0.793247213009,-0.487365186241,0.365012375534));
#6976 = DIRECTION('',(-0.565222794808,-0.366428774846,0.739089402707));
#6977 = PCURVE('',#6707,#6978);
#6978 = DEFINITIONAL_REPRESENTATION('',(#6979),#6989);
#6979 = B_SPLINE_CURVE_WITH_KNOTS('',8,(#6980,#6981,#6982,#6983,#6984,
    #6985,#6986,#6987,#6988),.UNSPECIFIED.,.F.,.F.,(9,9),(1.570796326795
    ,4.10587948774),.PIECEWISE_BEZIER_KNOTS.);
#6980 = CARTESIAN_POINT('',(1.81336020089,1.385640646055));
#6981 = CARTESIAN_POINT('',(2.130245596009,1.318014284929));
#6982 = CARTESIAN_POINT('',(2.447130991125,1.250387560032));
#6983 = CARTESIAN_POINT('',(2.764016386245,1.193111837581));
#6984 = CARTESIAN_POINT('',(3.080901781368,1.156518594746));
#6985 = CARTESIAN_POINT('',(3.397787176475,1.147683855839));
#6986 = CARTESIAN_POINT('',(3.714672571596,1.166827450877));
#6987 = CARTESIAN_POINT('',(4.031557966718,1.20843187949));
#6988 = CARTESIAN_POINT('',(4.348443361836,1.26399657994));
#6989 = ( GEOMETRIC_REPRESENTATION_CONTEXT(2) 
PARAMETRIC_REPRESENTATION_CONTEXT() REPRESENTATION_CONTEXT('2D SPACE',''
  ) );
#6990 = PCURVE('',#6953,#6991);
#6991 = DEFINITIONAL_REPRESENTATION('',(#6992),#7002);
#6992 = B_SPLINE_CURVE_WITH_KNOTS('',8,(#6993,#6994,#6995,#6996,#6997,
    #6998,#6999,#7000,#7001),.UNSPECIFIED.,.F.,.F.,(9,9),(1.570796326795
    ,4.10587948774),.PIECEWISE_BEZIER_KNOTS.);
#6993 = CARTESIAN_POINT('',(3.748102146234,0.));
#6994 = CARTESIAN_POINT('',(4.064987541352,6.762636112567E-02));
#6995 = CARTESIAN_POINT('',(4.381872936468,0.135253086022));
#6996 = CARTESIAN_POINT('',(4.698758331584,0.192528808471));
#6997 = CARTESIAN_POINT('',(5.015643726689,0.229122051304));
#6998 = CARTESIAN_POINT('',(5.332529121817,0.237956790215));
#6999 = CARTESIAN_POINT('',(5.649414516942,0.218813195178));
#7000 = CARTESIAN_POINT('',(5.966299912061,0.177208766565));
#7001 = CARTESIAN_POINT('',(6.283185307179,0.121644066115));
#7002 = ( GEOMETRIC_REPRESENTATION_CONTEXT(2) 
PARAMETRIC_REPRESENTATION_CONTEXT() REPRESENTATION_CONTEXT('2D SPACE',''
  ) );
#7003 = ORIENTED_EDGE('',*,*,#7004,.F.);
#7004 = EDGE_CURVE('',#6862,#6969,#7005,.T.);
#7005 = SURFACE_CURVE('',#7006,(#7011,#7018),.PCURVE_S1.);
#7006 = CIRCLE('',#7007,0.65);
#7007 = AXIS2_PLACEMENT_3D('',#7008,#7009,#7010);
#7008 = CARTESIAN_POINT('',(78.8,-26.2,79.6));
#7009 = DIRECTION('',(0.57735026919,-0.57735026919,0.57735026919));
#7010 = DIRECTION('',(-0.707106781187,-2.775557561563E-17,0.707106781187
    ));
#7011 = PCURVE('',#6707,#7012);
#7012 = DEFINITIONAL_REPRESENTATION('',(#7013),#7017);
#7013 = LINE('',#7014,#7015);
#7014 = CARTESIAN_POINT('',(0.,1.385640646055));
#7015 = VECTOR('',#7016,1.);
#7016 = DIRECTION('',(1.,0.));
#7017 = ( GEOMETRIC_REPRESENTATION_CONTEXT(2) 
PARAMETRIC_REPRESENTATION_CONTEXT() REPRESENTATION_CONTEXT('2D SPACE',''
  ) );
#7018 = PCURVE('',#6901,#7019);
#7019 = DEFINITIONAL_REPRESENTATION('',(#7020),#7037);
#7020 = B_SPLINE_CURVE_WITH_KNOTS('',8,(#7021,#7022,#7023,#7024,#7025,
    #7026,#7027,#7028,#7029,#7030,#7031,#7032,#7033,#7034,#7035,#7036),
  .UNSPECIFIED.,.F.,.F.,(9,7,9),(0.,0.906680100445,1.81336020089),
  .UNSPECIFIED.);
#7021 = CARTESIAN_POINT('',(3.14159265359,0.785398163397));
#7022 = CARTESIAN_POINT('',(3.272460653605,0.71996416339));
#7023 = CARTESIAN_POINT('',(3.383753317048,0.64474227407));
#7024 = CARTESIAN_POINT('',(3.478904788839,0.563160718142));
#7025 = CARTESIAN_POINT('',(3.563411267274,0.477502249512));
#7026 = CARTESIAN_POINT('',(3.639985476222,0.388945912887));
#7027 = CARTESIAN_POINT('',(3.711297215079,0.298496964733));
#7028 = CARTESIAN_POINT('',(3.779204626958,0.206836141743));
#7029 = CARTESIAN_POINT('',(3.911806667265,2.237493587338E-02));
#7030 = CARTESIAN_POINT('',(3.976498026074,-7.042646065287E-02));
#7031 = CARTESIAN_POINT('',(4.041361797343,-0.163164155881));
#7032 = CARTESIAN_POINT('',(4.107971082281,-0.255285137419));
#7033 = CARTESIAN_POINT('',(4.178105657689,-0.346175399855));
#7034 = CARTESIAN_POINT('',(4.253721023947,-0.435082764834));
#7035 = CARTESIAN_POINT('',(4.337790227029,-0.520921314921));
#7036 = CARTESIAN_POINT('',(4.43408932138,-0.601813775203));
#7037 = ( GEOMETRIC_REPRESENTATION_CONTEXT(2) 
PARAMETRIC_REPRESENTATION_CONTEXT() REPRESENTATION_CONTEXT('2D SPACE',''
  ) );
#7038 = ORIENTED_EDGE('',*,*,#6861,.F.);
#7039 = ORIENTED_EDGE('',*,*,#6686,.T.);
#7040 = ORIENTED_EDGE('',*,*,#6788,.F.);
#7041 = ORIENTED_EDGE('',*,*,#6723,.T.);
#7042 = ADVANCED_FACE('',(#7043),#6901,.T.);
#7043 = FACE_BOUND('',#7044,.T.);
#7044 = EDGE_LOOP('',(#7045,#7046,#7151));
#7045 = ORIENTED_EDGE('',*,*,#7004,.T.);
#7046 = ORIENTED_EDGE('',*,*,#7047,.F.);
#7047 = EDGE_CURVE('',#6885,#6969,#7048,.T.);
#7048 = SURFACE_CURVE('',#7049,(#7054,#7144),.PCURVE_S1.);
#7049 = CIRCLE('',#7050,0.65);
#7050 = AXIS2_PLACEMENT_3D('',#7051,#7052,#7053);
#7051 = CARTESIAN_POINT('',(78.8,-26.2,79.6));
#7052 = DIRECTION('',(0.929981109951,-0.348742916231,0.116247638744));
#7053 = DIRECTION('',(0.351123441588,0.936329177569,6.938893903907E-18)
  );
#7054 = PCURVE('',#6901,#7055);
#7055 = DEFINITIONAL_REPRESENTATION('',(#7056),#7143);
#7056 = B_SPLINE_CURVE_WITH_KNOTS('',8,(#7057,#7058,#7059,#7060,#7061,
    #7062,#7063,#7064,#7065,#7066,#7067,#7068,#7069,#7070,#7071,#7072,
    #7073,#7074,#7075,#7076,#7077,#7078,#7079,#7080,#7081,#7082,#7083,
    #7084,#7085,#7086,#7087,#7088,#7089,#7090,#7091,#7092,#7093,#7094,
    #7095,#7096,#7097,#7098,#7099,#7100,#7101,#7102,#7103,#7104,#7105,
    #7106,#7107,#7108,#7109,#7110,#7111,#7112,#7113,#7114,#7115,#7116,
    #7117,#7118,#7119,#7120,#7121,#7122,#7123,#7124,#7125,#7126,#7127,
    #7128,#7129,#7130,#7131,#7132,#7133,#7134,#7135,#7136,#7137,#7138,
    #7139,#7140,#7141,#7142),.UNSPECIFIED.,.F.,.F.,(9,7,7,7,7,7,7,7,7,7,
    7,7,9),(0.606509492644,0.999208574343,1.171014422586,1.332082405314,
    1.483083639122,1.553865467469,1.62243536368,1.688862450635,
    1.81756493161,2.058882083438,2.481187099137,3.114644622685,
    3.748102146234),.UNSPECIFIED.);
#7057 = CARTESIAN_POINT('',(1.29249666779,0.601813775203));
#7058 = CARTESIAN_POINT('',(1.300894607877,0.650410588714));
#7059 = CARTESIAN_POINT('',(1.309932638969,0.698969825404));
#7060 = CARTESIAN_POINT('',(1.319759908094,0.747482673821));
#7061 = CARTESIAN_POINT('',(1.330555185122,0.79593863167));
#7062 = CARTESIAN_POINT('',(1.342586388311,0.844321785773));
#7063 = CARTESIAN_POINT('',(1.35620711187,0.892611179499));
#7064 = CARTESIAN_POINT('',(1.371943622823,0.940775573192));
#7065 = CARTESIAN_POINT('',(1.399086744557,1.009742985012));
#7066 = CARTESIAN_POINT('',(1.407950187891,1.030697234531));
#7067 = CARTESIAN_POINT('',(1.417501726617,1.051610503111));
#7068 = CARTESIAN_POINT('',(1.427849285055,1.072476243069));
#7069 = CARTESIAN_POINT('',(1.439124451569,1.09328646522));
#7070 = CARTESIAN_POINT('',(1.451494094799,1.11403099743));
#7071 = CARTESIAN_POINT('',(1.465182254243,1.134696044146));
#7072 = CARTESIAN_POINT('',(1.494864852957,1.174542674506));
#7073 = CARTESIAN_POINT('',(1.510663326729,1.193736075586));
#7074 = CARTESIAN_POINT('',(1.52815062725,1.212826775398));
#7075 = CARTESIAN_POINT('',(1.547669474425,1.231792700046));
#7076 = CARTESIAN_POINT('',(1.569651048585,1.25060645774));
#7077 = CARTESIAN_POINT('',(1.594673763618,1.269231145857));
#7078 = CARTESIAN_POINT('',(1.623582171949,1.287610683814));
#7079 = CARTESIAN_POINT('',(1.689619591499,1.322570910462));
#7080 = CARTESIAN_POINT('',(1.726121898237,1.339192197734));
#7081 = CARTESIAN_POINT('',(1.768254643472,1.355441951535));
#7082 = CARTESIAN_POINT('',(1.81739308447,1.371220874734));
#7083 = CARTESIAN_POINT('',(1.875643294343,1.386367241187));
#7084 = CARTESIAN_POINT('',(1.945381659171,1.400680417524));
#7085 = CARTESIAN_POINT('',(2.031119401918,1.413769035382));
#7086 = CARTESIAN_POINT('',(2.183973598025,1.430380838595));
#7087 = CARTESIAN_POINT('',(2.236784733114,1.4352917862));
#7088 = CARTESIAN_POINT('',(2.293865568367,1.439754909913));
#7089 = CARTESIAN_POINT('',(2.355343670648,1.443706708732));
#7090 = CARTESIAN_POINT('',(2.421167738423,1.447076106523));
#7091 = CARTESIAN_POINT('',(2.490903161034,1.449792891856));
#7092 = CARTESIAN_POINT('',(2.563629358681,1.451800401666));
#7093 = CARTESIAN_POINT('',(2.710401934754,1.454294108476));
#7094 = CARTESIAN_POINT('',(2.784334700714,1.454825808313));
#7095 = CARTESIAN_POINT('',(2.858926202571,1.454633422739));
#7096 = CARTESIAN_POINT('',(2.932872128258,1.4537081613));
#7097 = CARTESIAN_POINT('',(3.004871234381,1.452071834445));
#7098 = CARTESIAN_POINT('',(3.073919650576,1.449770298536));
#7099 = CARTESIAN_POINT('',(3.139458101574,1.446860495537));
#7100 = CARTESIAN_POINT('',(3.260983793807,1.440051395851));
#7101 = CARTESIAN_POINT('',(3.317207899283,1.436185824066));
#7102 = CARTESIAN_POINT('',(3.369586959338,1.431859638626));
#7103 = CARTESIAN_POINT('',(3.418129358183,1.427129135868));
#7104 = CARTESIAN_POINT('',(3.463009431709,1.422046813009));
#7105 = CARTESIAN_POINT('',(3.504482126293,1.416658358007));
#7106 = CARTESIAN_POINT('',(3.542825543332,1.411002275977));
#7107 = CARTESIAN_POINT('',(3.647065157754,1.393700037254));
#7108 = CARTESIAN_POINT('',(3.705090986822,1.381409035255));
#7109 = CARTESIAN_POINT('',(3.754400344476,1.368481954837));
#7110 = CARTESIAN_POINT('',(3.796893037852,1.355077942043));
#7111 = CARTESIAN_POINT('',(3.833939858144,1.341303030367));
#7112 = CARTESIAN_POINT('',(3.866510849559,1.32723202453));
#7113 = CARTESIAN_POINT('',(3.895420360164,1.312921417453));
#7114 = CARTESIAN_POINT('',(3.969709474932,1.271209831998));
#7115 = CARTESIAN_POINT('',(4.007376128548,1.243311831191));
#7116 = CARTESIAN_POINT('',(4.038233855877,1.214994590441));
#7117 = CARTESIAN_POINT('',(4.064178659796,1.186375794713));
#7118 = CARTESIAN_POINT('',(4.0864027779,1.157529878012));
#7119 = CARTESIAN_POINT('',(4.105777963962,1.128513162409));
#7120 = CARTESIAN_POINT('',(4.122852883924,1.099357538314));
#7121 = CARTESIAN_POINT('',(4.164698671994,1.018873747369));
#7122 = CARTESIAN_POINT('',(4.185631638855,0.967315555935));
#7123 = CARTESIAN_POINT('',(4.203163656164,0.915556222112));
#7124 = CARTESIAN_POINT('',(4.218180443968,0.863647834212));
#7125 = CARTESIAN_POINT('',(4.231382296541,0.81163264248));
#7126 = CARTESIAN_POINT('',(4.243152400223,0.759533029614));
#7127 = CARTESIAN_POINT('',(4.253807225109,0.707367855585));
#7128 = CARTESIAN_POINT('',(4.278205643013,0.576823369889));
#7129 = CARTESIAN_POINT('',(4.290831610267,0.498378393717));
#7130 = CARTESIAN_POINT('',(4.302194389307,0.41985939422));
#7131 = CARTESIAN_POINT('',(4.312674771647,0.341288707058));
#7132 = CARTESIAN_POINT('',(4.322542249418,0.262682130155));
#7133 = CARTESIAN_POINT('',(4.332018389876,0.18405266101));
#7134 = CARTESIAN_POINT('',(4.341273576963,0.105410256262));
#7135 = CARTESIAN_POINT('',(4.359696256801,-5.18796832743E-02));
#7136 = CARTESIAN_POINT('',(4.368862946273,-0.1305272666));
#7137 = CARTESIAN_POINT('',(4.378161053567,-0.209167156051));
#7138 = CARTESIAN_POINT('',(4.387754432066,-0.287789773691));
#7139 = CARTESIAN_POINT('',(4.39784235945,-0.366383439966));
#7140 = CARTESIAN_POINT('',(4.408662712732,-0.444934217336));
#7141 = CARTESIAN_POINT('',(4.42054271896,-0.523422919269));
#7142 = CARTESIAN_POINT('',(4.43408932138,-0.601813775203));
#7143 = ( GEOMETRIC_REPRESENTATION_CONTEXT(2) 
PARAMETRIC_REPRESENTATION_CONTEXT() REPRESENTATION_CONTEXT('2D SPACE',''
  ) );
#7144 = PCURVE('',#6953,#7145);
#7145 = DEFINITIONAL_REPRESENTATION('',(#7146),#7150);
#7146 = LINE('',#7147,#7148);
#7147 = CARTESIAN_POINT('',(0.,0.));
#7148 = VECTOR('',#7149,1.);
#7149 = DIRECTION('',(1.,0.));
#7150 = ( GEOMETRIC_REPRESENTATION_CONTEXT(2) 
PARAMETRIC_REPRESENTATION_CONTEXT() REPRESENTATION_CONTEXT('2D SPACE',''
  ) );
#7151 = ORIENTED_EDGE('',*,*,#6884,.T.);
#7152 = ADVANCED_FACE('',(#7153),#6953,.T.);
#7153 = FACE_BOUND('',#7154,.T.);
#7154 = EDGE_LOOP('',(#7155,#7178,#7276,#7317,#7347,#7374,#7375,#7376,
    #7377));
#7155 = ORIENTED_EDGE('',*,*,#7156,.T.);
#7156 = EDGE_CURVE('',#6934,#7157,#7159,.T.);
#7157 = VERTEX_POINT('',#7158);
#7158 = CARTESIAN_POINT('',(85.428230237032,-27.99138603458,80.4));
#7159 = SEAM_CURVE('',#7160,(#7164,#7171),.PCURVE_S1.);
#7160 = LINE('',#7161,#7162);
#7161 = CARTESIAN_POINT('',(79.028230237032,-25.59138603458,79.6));
#7162 = VECTOR('',#7163,1.);
#7163 = DIRECTION('',(0.929981109951,-0.348742916231,0.116247638744));
#7164 = PCURVE('',#6953,#7165);
#7165 = DEFINITIONAL_REPRESENTATION('',(#7166),#7170);
#7166 = LINE('',#7167,#7168);
#7167 = CARTESIAN_POINT('',(6.28318530718,-0.));
#7168 = VECTOR('',#7169,1.);
#7169 = DIRECTION('',(0.,1.));
#7170 = ( GEOMETRIC_REPRESENTATION_CONTEXT(2) 
PARAMETRIC_REPRESENTATION_CONTEXT() REPRESENTATION_CONTEXT('2D SPACE',''
  ) );
#7171 = PCURVE('',#6953,#7172);
#7172 = DEFINITIONAL_REPRESENTATION('',(#7173),#7177);
#7173 = LINE('',#7174,#7175);
#7174 = CARTESIAN_POINT('',(0.,-0.));
#7175 = VECTOR('',#7176,1.);
#7176 = DIRECTION('',(0.,1.));
#7177 = ( GEOMETRIC_REPRESENTATION_CONTEXT(2) 
PARAMETRIC_REPRESENTATION_CONTEXT() REPRESENTATION_CONTEXT('2D SPACE',''
  ) );
#7178 = ORIENTED_EDGE('',*,*,#7179,.T.);
#7179 = EDGE_CURVE('',#7157,#7180,#7182,.T.);
#7180 = VERTEX_POINT('',#7181);
#7181 = CARTESIAN_POINT('',(85.052803985561,-29.11518605053,
    80.032009963903));
#7182 = SURFACE_CURVE('',#7183,(#7188,#7195),.PCURVE_S1.);
#7183 = CIRCLE('',#7184,0.65);
#7184 = AXIS2_PLACEMENT_3D('',#7185,#7186,#7187);
#7185 = CARTESIAN_POINT('',(85.2,-28.6,80.4));
#7186 = DIRECTION('',(-0.929981109951,0.348742916231,-0.116247638744));
#7187 = DIRECTION('',(0.351123441588,0.936329177569,0.));
#7188 = PCURVE('',#6953,#7189);
#7189 = DEFINITIONAL_REPRESENTATION('',(#7190),#7194);
#7190 = LINE('',#7191,#7192);
#7191 = CARTESIAN_POINT('',(6.28318530718,6.881860213634));
#7192 = VECTOR('',#7193,1.);
#7193 = DIRECTION('',(-1.,-0.));
#7194 = ( GEOMETRIC_REPRESENTATION_CONTEXT(2) 
PARAMETRIC_REPRESENTATION_CONTEXT() REPRESENTATION_CONTEXT('2D SPACE',''
  ) );
#7195 = PCURVE('',#7196,#7201);
#7196 = SPHERICAL_SURFACE('',#7197,0.65);
#7197 = AXIS2_PLACEMENT_3D('',#7198,#7199,#7200);
#7198 = CARTESIAN_POINT('',(85.2,-28.6,80.4));
#7199 = DIRECTION('',(0.,0.,1.));
#7200 = DIRECTION('',(1.,0.,-0.));
#7201 = DEFINITIONAL_REPRESENTATION('',(#7202),#7275);
#7202 = B_SPLINE_CURVE_WITH_KNOTS('',8,(#7203,#7204,#7205,#7206,#7207,
    #7208,#7209,#7210,#7211,#7212,#7213,#7214,#7215,#7216,#7217,#7218,
    #7219,#7220,#7221,#7222,#7223,#7224,#7225,#7226,#7227,#7228,#7229,
    #7230,#7231,#7232,#7233,#7234,#7235,#7236,#7237,#7238,#7239,#7240,
    #7241,#7242,#7243,#7244,#7245,#7246,#7247,#7248,#7249,#7250,#7251,
    #7252,#7253,#7254,#7255,#7256,#7257,#7258,#7259,#7260,#7261,#7262,
    #7263,#7264,#7265,#7266,#7267,#7268,#7269,#7270,#7271,#7272,#7273,
    #7274),.UNSPECIFIED.,.F.,.F.,(9,7,7,7,7,7,7,7,7,7,9),(0.,
    0.469802518586,0.939605037172,1.25280671623,1.431779104262,
    1.527231044547,1.590221801822,1.653212559097,1.779194073646,
    2.031157102746,2.535083160946),.UNSPECIFIED.);
#7203 = CARTESIAN_POINT('',(7.495210963704,0.));
#7204 = CARTESIAN_POINT('',(7.488384284521,-5.8327172505E-02));
#7205 = CARTESIAN_POINT('',(7.481557428856,-0.116654334493));
#7206 = CARTESIAN_POINT('',(7.474660445914,-0.174977393278));
#7207 = CARTESIAN_POINT('',(7.467621203713,-0.233292126283));
#7208 = CARTESIAN_POINT('',(7.460363276362,-0.291594059526));
#7209 = CARTESIAN_POINT('',(7.452798618702,-0.349878036258));
#7210 = CARTESIAN_POINT('',(7.444815028289,-0.408137475764));
#7211 = CARTESIAN_POINT('',(7.427701761174,-0.524589168906));
#7212 = CARTESIAN_POINT('',(7.418572771104,-0.582781466504));
#7213 = CARTESIAN_POINT('',(7.40871035021,-0.640930724805));
#7214 = CARTESIAN_POINT('',(7.397929608128,-0.69902612605));
#7215 = CARTESIAN_POINT('',(7.385938664104,-0.757050390344));
#7216 = CARTESIAN_POINT('',(7.372357463682,-0.814981083895));
#7217 = CARTESIAN_POINT('',(7.356614016329,-0.872784427706));
#7218 = CARTESIAN_POINT('',(7.324746462293,-0.968789821948));
#7219 = CARTESIAN_POINT('',(7.310497272168,-1.007102945281));
#7220 = CARTESIAN_POINT('',(7.294388985205,-1.045305830089));
#7221 = CARTESIAN_POINT('',(7.275900173822,-1.083366392174));
#7222 = CARTESIAN_POINT('',(7.254379873219,-1.121246977633));
#7223 = CARTESIAN_POINT('',(7.228637432298,-1.158872052244));
#7224 = CARTESIAN_POINT('',(7.197113131566,-1.196149938941));
#7225 = CARTESIAN_POINT('',(7.132065960339,-1.253766994171));
#7226 = CARTESIAN_POINT('',(7.105191191235,-1.274518654949));
#7227 = CARTESIAN_POINT('',(7.074316477721,-1.295020424509));
#7228 = CARTESIAN_POINT('',(7.038460086935,-1.315204468351));
#7229 = CARTESIAN_POINT('',(6.996024408786,-1.334970318331));
#7230 = CARTESIAN_POINT('',(6.945124384979,-1.35417058205));
#7231 = CARTESIAN_POINT('',(6.882088864898,-1.372561887173));
#7232 = CARTESIAN_POINT('',(6.75922433786,-1.398767958945));
#7233 = CARTESIAN_POINT('',(6.711626777331,-1.407513224623));
#7234 = CARTESIAN_POINT('',(6.658424299312,-1.415814307163));
#7235 = CARTESIAN_POINT('',(6.598752251018,-1.423576382902));
#7236 = CARTESIAN_POINT('',(6.531788266255,-1.43068124966));
#7237 = CARTESIAN_POINT('',(6.456637279986,-1.436976033124));
#7238 = CARTESIAN_POINT('',(6.373340816386,-1.442280308746));
#7239 = CARTESIAN_POINT('',(6.223689776963,-1.449187279797));
#7240 = CARTESIAN_POINT('',(6.161206221047,-1.451435313686));
#7241 = CARTESIAN_POINT('',(6.096107300254,-1.453141577295));
#7242 = CARTESIAN_POINT('',(6.028977848553,-1.454266736191));
#7243 = CARTESIAN_POINT('',(5.960695860391,-1.454783039693));
#7244 = CARTESIAN_POINT('',(5.892291683624,-1.454681345808));
#7245 = CARTESIAN_POINT('',(5.824737575303,-1.453973346275));
#7246 = CARTESIAN_POINT('',(5.692901979777,-1.451395110704));
#7247 = CARTESIAN_POINT('',(5.628621034492,-1.449524918498));
#7248 = CARTESIAN_POINT('',(5.566765763579,-1.44709890034));
#7249 = CARTESIAN_POINT('',(5.507952588322,-1.444157014518));
#7250 = CARTESIAN_POINT('',(5.452508563735,-1.440747515961));
#7251 = CARTESIAN_POINT('',(5.400520225545,-1.436919940996));
#7252 = CARTESIAN_POINT('',(5.351937595424,-1.432720173391));
#7253 = CARTESIAN_POINT('',(5.21599287943,-1.419130478476));
#7254 = CARTESIAN_POINT('',(5.138433864548,-1.408750040622));
#7255 = CARTESIAN_POINT('',(5.072851298872,-1.397385028557));
#7256 = CARTESIAN_POINT('',(5.016758282476,-1.385301097972));
#7257 = CARTESIAN_POINT('',(4.968349969709,-1.372659366713));
#7258 = CARTESIAN_POINT('',(4.926164647476,-1.35958390834));
#7259 = CARTESIAN_POINT('',(4.889087144531,-1.34616021082));
#7260 = CARTESIAN_POINT('',(4.790559459024,-1.305040826621));
#7261 = CARTESIAN_POINT('',(4.741814803501,-1.27649678697));
#7262 = CARTESIAN_POINT('',(4.703022959877,-1.247341095));
#7263 = CARTESIAN_POINT('',(4.67118609001,-1.217746280923));
#7264 = CARTESIAN_POINT('',(4.64439367846,-1.187848696455));
#7265 = CARTESIAN_POINT('',(4.621432512168,-1.157715832919));
#7266 = CARTESIAN_POINT('',(4.601462350165,-1.127403175089));
#7267 = CARTESIAN_POINT('',(4.548712294418,-1.036034502479));
#7268 = CARTESIAN_POINT('',(4.523090215994,-0.974548385261));
#7269 = CARTESIAN_POINT('',(4.502213327134,-0.912783085323));
#7270 = CARTESIAN_POINT('',(4.484900711428,-0.850805719475));
#7271 = CARTESIAN_POINT('',(4.469880082523,-0.788694319328));
#7272 = CARTESIAN_POINT('',(4.45669939208,-0.72647417499));
#7273 = CARTESIAN_POINT('',(4.444865870249,-0.664175012636));
#7274 = CARTESIAN_POINT('',(4.43408932138,-0.601813775203));
#7275 = ( GEOMETRIC_REPRESENTATION_CONTEXT(2) 
PARAMETRIC_REPRESENTATION_CONTEXT() REPRESENTATION_CONTEXT('2D SPACE',''
  ) );
#7276 = ORIENTED_EDGE('',*,*,#7277,.F.);
#7277 = EDGE_CURVE('',#7278,#7180,#7280,.T.);
#7278 = VERTEX_POINT('',#7279);
#7279 = CARTESIAN_POINT('',(85.234172872972,-28.1745534652,
    80.893792280743));
#7280 = SURFACE_CURVE('',#7281,(#7286,#7299),.PCURVE_S1.);
#7281 = ELLIPSE('',#7282,0.684137138776,0.65);
#7282 = AXIS2_PLACEMENT_3D('',#7283,#7284,#7285);
#7283 = CARTESIAN_POINT('',(85.2,-28.6,80.4));
#7284 = DIRECTION('',(0.793247213009,-0.487365186241,0.365012375534));
#7285 = DIRECTION('',(0.565222794808,0.366428774846,-0.739089402707));
#7286 = PCURVE('',#6953,#7287);
#7287 = DEFINITIONAL_REPRESENTATION('',(#7288),#7298);
#7288 = B_SPLINE_CURVE_WITH_KNOTS('',8,(#7289,#7290,#7291,#7292,#7293,
    #7294,#7295,#7296,#7297),.UNSPECIFIED.,.F.,.F.,(9,9),(1.851831228294
    ,4.712388980065),.PIECEWISE_BEZIER_KNOTS.);
#7289 = CARTESIAN_POINT('',(0.887544394143,6.822671061398));
#7290 = CARTESIAN_POINT('',(1.245114113115,6.749355953877));
#7291 = CARTESIAN_POINT('',(1.60268383209,6.684689771179));
#7292 = CARTESIAN_POINT('',(1.960253551045,6.64295590554));
#7293 = CARTESIAN_POINT('',(2.317823270045,6.636076196894));
#7294 = CARTESIAN_POINT('',(2.675392988984,6.667805639532));
#7295 = CARTESIAN_POINT('',(3.032962707976,6.729241990904));
#7296 = CARTESIAN_POINT('',(3.390532426943,6.805551430279));
#7297 = CARTESIAN_POINT('',(3.748102145914,6.881860213566));
#7298 = ( GEOMETRIC_REPRESENTATION_CONTEXT(2) 
PARAMETRIC_REPRESENTATION_CONTEXT() REPRESENTATION_CONTEXT('2D SPACE',''
  ) );
#7299 = PCURVE('',#7300,#7305);
#7300 = CYLINDRICAL_SURFACE('',#7301,0.65);
#7301 = AXIS2_PLACEMENT_3D('',#7302,#7303,#7304);
#7302 = CARTESIAN_POINT('',(85.2,-28.6,80.4));
#7303 = DIRECTION('',(0.57735026919,-0.57735026919,0.57735026919));
#7304 = DIRECTION('',(0.,0.707106781187,0.707106781187));
#7305 = DEFINITIONAL_REPRESENTATION('',(#7306),#7316);
#7306 = B_SPLINE_CURVE_WITH_KNOTS('',8,(#7307,#7308,#7309,#7310,#7311,
    #7312,#7313,#7314,#7315),.UNSPECIFIED.,.F.,.F.,(9,9),(1.851831228294
    ,4.712388980065),.PIECEWISE_BEZIER_KNOTS.);
#7307 = CARTESIAN_POINT('',(-3.684164084916E-12,5.918915223583E-02));
#7308 = CARTESIAN_POINT('',(0.357569718968,0.132504259757));
#7309 = CARTESIAN_POINT('',(0.715139437938,0.197170442457));
#7310 = CARTESIAN_POINT('',(1.072709156906,0.238904308086));
#7311 = CARTESIAN_POINT('',(1.430278875879,0.245784016717));
#7312 = CARTESIAN_POINT('',(1.787848594854,0.214054574071));
#7313 = CARTESIAN_POINT('',(2.145418313824,0.152618222732));
#7314 = CARTESIAN_POINT('',(2.502988032796,7.630878335479E-02));
#7315 = CARTESIAN_POINT('',(2.860557751767,6.818368092354E-11));
#7316 = ( GEOMETRIC_REPRESENTATION_CONTEXT(2) 
PARAMETRIC_REPRESENTATION_CONTEXT() REPRESENTATION_CONTEXT('2D SPACE',''
  ) );
#7317 = ORIENTED_EDGE('',*,*,#7318,.F.);
#7318 = EDGE_CURVE('',#7319,#7278,#7321,.T.);
#7319 = VERTEX_POINT('',#7320);
#7320 = CARTESIAN_POINT('',(85.347196014439,-28.08481394946,
    80.767990036097));
#7321 = SURFACE_CURVE('',#7322,(#7327,#7337),.PCURVE_S1.);
#7322 = ELLIPSE('',#7323,0.684137138776,0.65);
#7323 = AXIS2_PLACEMENT_3D('',#7324,#7325,#7326);
#7324 = CARTESIAN_POINT('',(85.2,-28.6,80.4));
#7325 = DIRECTION('',(0.793247213009,-0.487365186241,0.365012375534));
#7326 = DIRECTION('',(0.565222794808,0.366428774846,-0.739089402707));
#7327 = PCURVE('',#6953,#7328);
#7328 = DEFINITIONAL_REPRESENTATION('',(#7329),#7336);
#7329 = B_SPLINE_CURVE_WITH_KNOTS('',5,(#7330,#7331,#7332,#7333,#7334,
    #7335),.UNSPECIFIED.,.F.,.F.,(6,6),(1.570796334479,1.851831228294),
  .PIECEWISE_BEZIER_KNOTS.);
#7330 = CARTESIAN_POINT('',(0.606509500328,6.881860211994));
#7331 = CARTESIAN_POINT('',(0.662716479091,6.869865107448));
#7332 = CARTESIAN_POINT('',(0.718923457854,6.857870002511));
#7333 = CARTESIAN_POINT('',(0.775130436617,6.845953848021));
#7334 = CARTESIAN_POINT('',(0.83133741538,6.834195585072));
#7335 = CARTESIAN_POINT('',(0.887544394143,6.822671061398));
#7336 = ( GEOMETRIC_REPRESENTATION_CONTEXT(2) 
PARAMETRIC_REPRESENTATION_CONTEXT() REPRESENTATION_CONTEXT('2D SPACE',''
  ) );
#7337 = PCURVE('',#7300,#7338);
#7338 = DEFINITIONAL_REPRESENTATION('',(#7339),#7346);
#7339 = B_SPLINE_CURVE_WITH_KNOTS('',5,(#7340,#7341,#7342,#7343,#7344,
    #7345),.UNSPECIFIED.,.F.,.F.,(6,6),(1.570796334479,1.851831228294),
  .PIECEWISE_BEZIER_KNOTS.);
#7340 = CARTESIAN_POINT('',(6.002150413361,1.639790525587E-09));
#7341 = CARTESIAN_POINT('',(6.058357392124,1.199510618601E-02));
#7342 = CARTESIAN_POINT('',(6.114564370887,2.399021112316E-02));
#7343 = CARTESIAN_POINT('',(6.17077134965,3.590636561264E-02));
#7344 = CARTESIAN_POINT('',(6.226978328413,4.766462856171E-02));
#7345 = CARTESIAN_POINT('',(6.283185307176,5.918915223583E-02));
#7346 = ( GEOMETRIC_REPRESENTATION_CONTEXT(2) 
PARAMETRIC_REPRESENTATION_CONTEXT() REPRESENTATION_CONTEXT('2D SPACE',''
  ) );
#7347 = ORIENTED_EDGE('',*,*,#7348,.F.);
#7348 = EDGE_CURVE('',#7157,#7319,#7349,.T.);
#7349 = SURFACE_CURVE('',#7350,(#7355,#7362),.PCURVE_S1.);
#7350 = CIRCLE('',#7351,0.65);
#7351 = AXIS2_PLACEMENT_3D('',#7352,#7353,#7354);
#7352 = CARTESIAN_POINT('',(85.2,-28.6,80.4));
#7353 = DIRECTION('',(0.929981109951,-0.348742916231,0.116247638744));
#7354 = DIRECTION('',(0.351123441588,0.936329177569,6.938893903907E-18)
  );
#7355 = PCURVE('',#6953,#7356);
#7356 = DEFINITIONAL_REPRESENTATION('',(#7357),#7361);
#7357 = LINE('',#7358,#7359);
#7358 = CARTESIAN_POINT('',(0.,6.881860213634));
#7359 = VECTOR('',#7360,1.);
#7360 = DIRECTION('',(1.,0.));
#7361 = ( GEOMETRIC_REPRESENTATION_CONTEXT(2) 
PARAMETRIC_REPRESENTATION_CONTEXT() REPRESENTATION_CONTEXT('2D SPACE',''
  ) );
#7362 = PCURVE('',#7196,#7363);
#7363 = DEFINITIONAL_REPRESENTATION('',(#7364),#7373);
#7364 = B_SPLINE_CURVE_WITH_KNOTS('',7,(#7365,#7366,#7367,#7368,#7369,
    #7370,#7371,#7372),.UNSPECIFIED.,.F.,.F.,(8,8),(0.,0.606509492644),
  .PIECEWISE_BEZIER_KNOTS.);
#7365 = CARTESIAN_POINT('',(7.495210963704,0.));
#7366 = CARTESIAN_POINT('',(7.505283148903,8.605678806695E-02));
#7367 = CARTESIAN_POINT('',(7.515355002352,0.172113596152));
#7368 = CARTESIAN_POINT('',(7.525672760215,0.258156009744));
#7369 = CARTESIAN_POINT('',(7.53647087113,0.344170325141));
#7370 = CARTESIAN_POINT('',(7.548072722717,0.43013756321));
#7371 = CARTESIAN_POINT('',(7.560858759016,0.516035470774));
#7372 = CARTESIAN_POINT('',(7.575681974969,0.601813775203));
#7373 = ( GEOMETRIC_REPRESENTATION_CONTEXT(2) 
PARAMETRIC_REPRESENTATION_CONTEXT() REPRESENTATION_CONTEXT('2D SPACE',''
  ) );
#7374 = ORIENTED_EDGE('',*,*,#7156,.F.);
#7375 = ORIENTED_EDGE('',*,*,#6933,.T.);
#7376 = ORIENTED_EDGE('',*,*,#7047,.T.);
#7377 = ORIENTED_EDGE('',*,*,#6968,.T.);
#7378 = ADVANCED_FACE('',(#7379),#7196,.T.);
#7379 = FACE_BOUND('',#7380,.T.);
#7380 = EDGE_LOOP('',(#7381,#7437,#7438));
#7381 = ORIENTED_EDGE('',*,*,#7382,.T.);
#7382 = EDGE_CURVE('',#7319,#7180,#7383,.T.);
#7383 = SURFACE_CURVE('',#7384,(#7389,#7430),.PCURVE_S1.);
#7384 = CIRCLE('',#7385,0.65);
#7385 = AXIS2_PLACEMENT_3D('',#7386,#7387,#7388);
#7386 = CARTESIAN_POINT('',(85.2,-28.6,80.4));
#7387 = DIRECTION('',(-0.57735026919,0.57735026919,-0.57735026919));
#7388 = DIRECTION('',(0.226455406829,0.792593923901,0.566138517072));
#7389 = PCURVE('',#7196,#7390);
#7390 = DEFINITIONAL_REPRESENTATION('',(#7391),#7429);
#7391 = B_SPLINE_CURVE_WITH_KNOTS('',8,(#7392,#7393,#7394,#7395,#7396,
    #7397,#7398,#7399,#7400,#7401,#7402,#7403,#7404,#7405,#7406,#7407,
    #7408,#7409,#7410,#7411,#7412,#7413,#7414,#7415,#7416,#7417,#7418,
    #7419,#7420,#7421,#7422,#7423,#7424,#7425,#7426,#7427,#7428),
  .UNSPECIFIED.,.F.,.F.,(9,7,7,7,7,9),(0.,0.906680100445,1.81336020089,
    2.145418314065,2.47747642724,3.14159265359),.UNSPECIFIED.);
#7392 = CARTESIAN_POINT('',(7.575681974969,0.601813775203));
#7393 = CARTESIAN_POINT('',(7.479382880619,0.520921314921));
#7394 = CARTESIAN_POINT('',(7.395313677543,0.435082764834));
#7395 = CARTESIAN_POINT('',(7.319698311258,0.346175399855));
#7396 = CARTESIAN_POINT('',(7.249563735903,0.255285137418));
#7397 = CARTESIAN_POINT('',(7.182954450913,0.163164155882));
#7398 = CARTESIAN_POINT('',(7.118090679669,7.04264606529E-02));
#7399 = CARTESIAN_POINT('',(7.053399320855,-2.237493587336E-02));
#7400 = CARTESIAN_POINT('',(6.920797280548,-0.206836141743));
#7401 = CARTESIAN_POINT('',(6.852889868666,-0.298496964733));
#7402 = CARTESIAN_POINT('',(6.781578129835,-0.388945912886));
#7403 = CARTESIAN_POINT('',(6.705003920855,-0.477502249513));
#7404 = CARTESIAN_POINT('',(6.62049744245,-0.563160718141));
#7405 = CARTESIAN_POINT('',(6.525345970634,-0.64474227407));
#7406 = CARTESIAN_POINT('',(6.414053307195,-0.71996416339));
#7407 = CARTESIAN_POINT('',(6.235256846923,-0.809362393526));
#7408 = CARTESIAN_POINT('',(6.184701865723,-0.832014001358));
#7409 = CARTESIAN_POINT('',(6.131358269655,-0.853185030091));
#7410 = CARTESIAN_POINT('',(6.075087991006,-0.872688942312));
#7411 = CARTESIAN_POINT('',(6.01583557684,-0.89032049498));
#7412 = CARTESIAN_POINT('',(5.953676904661,-0.905864972944));
#7413 = CARTESIAN_POINT('',(5.888858025183,-0.919116780996));
#7414 = CARTESIAN_POINT('',(5.754790239214,-0.940698007937));
#7415 = CARTESIAN_POINT('',(5.685539633741,-0.949027291065));
#7416 = CARTESIAN_POINT('',(5.614511720833,-0.954727011478));
#7417 = CARTESIAN_POINT('',(5.54231672801,-0.957662521257));
#7418 = CARTESIAN_POINT('',(5.469744739682,-0.957763065019));
#7419 = CARTESIAN_POINT('',(5.397630751885,-0.955038601996));
#7420 = CARTESIAN_POINT('',(5.326700493389,-0.949576562093));
#7421 = CARTESIAN_POINT('',(5.119164291004,-0.925382743653));
#7422 = CARTESIAN_POINT('',(4.987811363421,-0.898845089419));
#7423 = CARTESIAN_POINT('',(4.868020607017,-0.862971260662));
#7424 = CARTESIAN_POINT('',(4.761794991977,-0.819709154812));
#7425 = CARTESIAN_POINT('',(4.666839772406,-0.770875720884));
#7426 = CARTESIAN_POINT('',(4.581726049977,-0.717661805083));
#7427 = CARTESIAN_POINT('',(4.504625545909,-0.661065098174));
#7428 = CARTESIAN_POINT('',(4.43408932138,-0.601813775203));
#7429 = ( GEOMETRIC_REPRESENTATION_CONTEXT(2) 
PARAMETRIC_REPRESENTATION_CONTEXT() REPRESENTATION_CONTEXT('2D SPACE',''
  ) );
#7430 = PCURVE('',#7300,#7431);
#7431 = DEFINITIONAL_REPRESENTATION('',(#7432),#7436);
#7432 = LINE('',#7433,#7434);
#7433 = CARTESIAN_POINT('',(6.002150405677,0.));
#7434 = VECTOR('',#7435,1.);
#7435 = DIRECTION('',(-1.,-0.));
#7436 = ( GEOMETRIC_REPRESENTATION_CONTEXT(2) 
PARAMETRIC_REPRESENTATION_CONTEXT() REPRESENTATION_CONTEXT('2D SPACE',''
  ) );
#7437 = ORIENTED_EDGE('',*,*,#7179,.F.);
#7438 = ORIENTED_EDGE('',*,*,#7348,.T.);
#7439 = ADVANCED_FACE('',(#7440),#7300,.T.);
#7440 = FACE_BOUND('',#7441,.T.);
#7441 = EDGE_LOOP('',(#7442,#7465,#7498,#7533,#7569,#7618,#7619,#7620,
    #7621));
#7442 = ORIENTED_EDGE('',*,*,#7443,.T.);
#7443 = EDGE_CURVE('',#7278,#7444,#7446,.T.);
#7444 = VERTEX_POINT('',#7445);
#7445 = CARTESIAN_POINT('',(86.,-28.94038059222,81.659619407771));
#7446 = SEAM_CURVE('',#7447,(#7451,#7458),.PCURVE_S1.);
#7447 = LINE('',#7448,#7449);
#7448 = CARTESIAN_POINT('',(85.2,-28.14038059222,80.859619407771));
#7449 = VECTOR('',#7450,1.);
#7450 = DIRECTION('',(0.57735026919,-0.57735026919,0.57735026919));
#7451 = PCURVE('',#7300,#7452);
#7452 = DEFINITIONAL_REPRESENTATION('',(#7453),#7457);
#7453 = LINE('',#7454,#7455);
#7454 = CARTESIAN_POINT('',(6.28318530718,-0.));
#7455 = VECTOR('',#7456,1.);
#7456 = DIRECTION('',(0.,1.));
#7457 = ( GEOMETRIC_REPRESENTATION_CONTEXT(2) 
PARAMETRIC_REPRESENTATION_CONTEXT() REPRESENTATION_CONTEXT('2D SPACE',''
  ) );
#7458 = PCURVE('',#7300,#7459);
#7459 = DEFINITIONAL_REPRESENTATION('',(#7460),#7464);
#7460 = LINE('',#7461,#7462);
#7461 = CARTESIAN_POINT('',(0.,-0.));
#7462 = VECTOR('',#7463,1.);
#7463 = DIRECTION('',(0.,1.));
#7464 = ( GEOMETRIC_REPRESENTATION_CONTEXT(2) 
PARAMETRIC_REPRESENTATION_CONTEXT() REPRESENTATION_CONTEXT('2D SPACE',''
  ) );
#7465 = ORIENTED_EDGE('',*,*,#7466,.F.);
#7466 = EDGE_CURVE('',#7467,#7444,#7469,.T.);
#7467 = VERTEX_POINT('',#7468);
#7468 = CARTESIAN_POINT('',(86.183027841976,-28.87706330863,
    81.539908849385));
#7469 = SURFACE_CURVE('',#7470,(#7475,#7482),.PCURVE_S1.);
#7470 = CIRCLE('',#7471,0.65);
#7471 = AXIS2_PLACEMENT_3D('',#7472,#7473,#7474);
#7472 = CARTESIAN_POINT('',(86.,-29.4,81.2));
#7473 = DIRECTION('',(0.57735026919,-0.57735026919,0.57735026919));
#7474 = DIRECTION('',(0.,0.707106781187,0.707106781187));
#7475 = PCURVE('',#7300,#7476);
#7476 = DEFINITIONAL_REPRESENTATION('',(#7477),#7481);
#7477 = LINE('',#7478,#7479);
#7478 = CARTESIAN_POINT('',(0.,1.385640646055));
#7479 = VECTOR('',#7480,1.);
#7480 = DIRECTION('',(1.,0.));
#7481 = ( GEOMETRIC_REPRESENTATION_CONTEXT(2) 
PARAMETRIC_REPRESENTATION_CONTEXT() REPRESENTATION_CONTEXT('2D SPACE',''
  ) );
#7482 = PCURVE('',#7483,#7488);
#7483 = SPHERICAL_SURFACE('',#7484,0.65);
#7484 = AXIS2_PLACEMENT_3D('',#7485,#7486,#7487);
#7485 = CARTESIAN_POINT('',(86.,-29.4,81.2));
#7486 = DIRECTION('',(0.,0.,1.));
#7487 = DIRECTION('',(1.,0.,-0.));
#7488 = DEFINITIONAL_REPRESENTATION('',(#7489),#7497);
#7489 = B_SPLINE_CURVE_WITH_KNOTS('',6,(#7490,#7491,#7492,#7493,#7494,
    #7495,#7496),.UNSPECIFIED.,.F.,.F.,(7,7),(5.931090085584,
    6.28318530718),.PIECEWISE_BEZIER_KNOTS.);
#7490 = CARTESIAN_POINT('',(1.234121507408,0.550292642392));
#7491 = CARTESIAN_POINT('',(1.280754188722,0.593463318177));
#7492 = CARTESIAN_POINT('',(1.330350521618,0.635470981388));
#7493 = CARTESIAN_POINT('',(1.383480940417,0.67605318829));
#7494 = CARTESIAN_POINT('',(1.440785232776,0.714882306746));
#7495 = CARTESIAN_POINT('',(1.503035569805,0.751517784903));
#7496 = CARTESIAN_POINT('',(1.570796326795,0.785398163397));
#7497 = ( GEOMETRIC_REPRESENTATION_CONTEXT(2) 
PARAMETRIC_REPRESENTATION_CONTEXT() REPRESENTATION_CONTEXT('2D SPACE',''
  ) );
#7498 = ORIENTED_EDGE('',*,*,#7499,.F.);
#7499 = EDGE_CURVE('',#7500,#7467,#7502,.T.);
#7500 = VERTEX_POINT('',#7501);
#7501 = CARTESIAN_POINT('',(86.339930530889,-28.83031303254,81.2));
#7502 = SURFACE_CURVE('',#7503,(#7508,#7518),.PCURVE_S1.);
#7503 = ELLIPSE('',#7504,0.697742904406,0.65);
#7504 = AXIS2_PLACEMENT_3D('',#7505,#7506,#7507);
#7505 = CARTESIAN_POINT('',(86.,-29.4,81.2));
#7506 = DIRECTION('',(0.816471172771,-0.487185937312,0.309878502834));
#7507 = DIRECTION('',(-0.50407023136,-0.339706743452,0.794048191428));
#7508 = PCURVE('',#7300,#7509);
#7509 = DEFINITIONAL_REPRESENTATION('',(#7510),#7517);
#7510 = B_SPLINE_CURVE_WITH_KNOTS('',5,(#7511,#7512,#7513,#7514,#7515,
    #7516),.UNSPECIFIED.,.F.,.F.,(6,6),(4.162096337992,4.712388987052),
  .PIECEWISE_BEZIER_KNOTS.);
#7511 = CARTESIAN_POINT('',(5.380797443191,1.252990705554));
#7512 = CARTESIAN_POINT('',(5.490855973003,1.276787068532));
#7513 = CARTESIAN_POINT('',(5.600914502815,1.302591833224));
#7514 = CARTESIAN_POINT('',(5.710973032627,1.329804936969));
#7515 = CARTESIAN_POINT('',(5.821031562439,1.357722818165));
#7516 = CARTESIAN_POINT('',(5.931090092251,1.385640647746));
#7517 = ( GEOMETRIC_REPRESENTATION_CONTEXT(2) 
PARAMETRIC_REPRESENTATION_CONTEXT() REPRESENTATION_CONTEXT('2D SPACE',''
  ) );
#7518 = PCURVE('',#7519,#7524);
#7519 = CYLINDRICAL_SURFACE('',#7520,0.65);
#7520 = AXIS2_PLACEMENT_3D('',#7521,#7522,#7523);
#7521 = CARTESIAN_POINT('',(86.,-29.4,81.2));
#7522 = DIRECTION('',(0.943858356366,-0.330350424728,0.));
#7523 = DIRECTION('',(0.330350424728,0.943858356366,0.));
#7524 = DEFINITIONAL_REPRESENTATION('',(#7525),#7532);
#7525 = B_SPLINE_CURVE_WITH_KNOTS('',5,(#7526,#7527,#7528,#7529,#7530,
    #7531),.UNSPECIFIED.,.F.,.F.,(6,6),(4.162096337992,4.712388987052),
  .PIECEWISE_BEZIER_KNOTS.);
#7526 = CARTESIAN_POINT('',(-1.355360268462E-12,0.132649940501));
#7527 = CARTESIAN_POINT('',(0.110058529811,0.108853577523));
#7528 = CARTESIAN_POINT('',(0.220117059623,8.304881283076E-02));
#7529 = CARTESIAN_POINT('',(0.330175589435,5.583570908577E-02));
#7530 = CARTESIAN_POINT('',(0.440234119247,2.791782788994E-02));
#7531 = CARTESIAN_POINT('',(0.550292649059,-1.691148554528E-09));
#7532 = ( GEOMETRIC_REPRESENTATION_CONTEXT(2) 
PARAMETRIC_REPRESENTATION_CONTEXT() REPRESENTATION_CONTEXT('2D SPACE',''
  ) );
#7533 = ORIENTED_EDGE('',*,*,#7534,.F.);
#7534 = EDGE_CURVE('',#7535,#7500,#7537,.T.);
#7535 = VERTEX_POINT('',#7536);
#7536 = CARTESIAN_POINT('',(85.816972158024,-29.92293669136,
    80.860091150615));
#7537 = SURFACE_CURVE('',#7538,(#7543,#7556),.PCURVE_S1.);
#7538 = ELLIPSE('',#7539,0.697742904406,0.65);
#7539 = AXIS2_PLACEMENT_3D('',#7540,#7541,#7542);
#7540 = CARTESIAN_POINT('',(86.,-29.4,81.2));
#7541 = DIRECTION('',(0.816471172771,-0.487185937312,0.309878502834));
#7542 = DIRECTION('',(-0.50407023136,-0.339706743452,0.794048191428));
#7543 = PCURVE('',#7300,#7544);
#7544 = DEFINITIONAL_REPRESENTATION('',(#7545),#7555);
#7545 = B_SPLINE_CURVE_WITH_KNOTS('',8,(#7546,#7547,#7548,#7549,#7550,
    #7551,#7552,#7553,#7554),.UNSPECIFIED.,.F.,.F.,(9,9),(1.570796327768
    ,4.162096337992),.PIECEWISE_BEZIER_KNOTS.);
#7546 = CARTESIAN_POINT('',(2.789497432967,1.385640645808));
#7547 = CARTESIAN_POINT('',(3.113409934245,1.303475873797));
#7548 = CARTESIAN_POINT('',(3.437322435522,1.221310610325));
#7549 = CARTESIAN_POINT('',(3.761234936799,1.15228586185));
#7550 = CARTESIAN_POINT('',(4.085147438058,1.109515420962));
#7551 = CARTESIAN_POINT('',(4.40905993936,1.10179894741));
#7552 = CARTESIAN_POINT('',(4.732972440634,1.128826904922));
#7553 = CARTESIAN_POINT('',(5.056884941913,1.182955793525));
#7554 = CARTESIAN_POINT('',(5.380797443191,1.252990705554));
#7555 = ( GEOMETRIC_REPRESENTATION_CONTEXT(2) 
PARAMETRIC_REPRESENTATION_CONTEXT() REPRESENTATION_CONTEXT('2D SPACE',''
  ) );
#7556 = PCURVE('',#7519,#7557);
#7557 = DEFINITIONAL_REPRESENTATION('',(#7558),#7568);
#7558 = B_SPLINE_CURVE_WITH_KNOTS('',8,(#7559,#7560,#7561,#7562,#7563,
    #7564,#7565,#7566,#7567),.UNSPECIFIED.,.F.,.F.,(9,9),(1.570796327768
    ,4.162096337992),.PIECEWISE_BEZIER_KNOTS.);
#7559 = CARTESIAN_POINT('',(3.691885296954,2.467430704201E-10));
#7560 = CARTESIAN_POINT('',(4.015797798232,8.21647722577E-02));
#7561 = CARTESIAN_POINT('',(4.339710299505,0.16433003573));
#7562 = CARTESIAN_POINT('',(4.663622800812,0.233354784202));
#7563 = CARTESIAN_POINT('',(4.987535302018,0.276125225087));
#7564 = CARTESIAN_POINT('',(5.311447803357,0.283841698642));
#7565 = CARTESIAN_POINT('',(5.635360304614,0.256813741133));
#7566 = CARTESIAN_POINT('',(5.9592728059,0.20268485253));
#7567 = CARTESIAN_POINT('',(6.283185307178,0.132649940501));
#7568 = ( GEOMETRIC_REPRESENTATION_CONTEXT(2) 
PARAMETRIC_REPRESENTATION_CONTEXT() REPRESENTATION_CONTEXT('2D SPACE',''
  ) );
#7569 = ORIENTED_EDGE('',*,*,#7570,.F.);
#7570 = EDGE_CURVE('',#7444,#7535,#7571,.T.);
#7571 = SURFACE_CURVE('',#7572,(#7577,#7584),.PCURVE_S1.);
#7572 = CIRCLE('',#7573,0.65);
#7573 = AXIS2_PLACEMENT_3D('',#7574,#7575,#7576);
#7574 = CARTESIAN_POINT('',(86.,-29.4,81.2));
#7575 = DIRECTION('',(0.57735026919,-0.57735026919,0.57735026919));
#7576 = DIRECTION('',(0.,0.707106781187,0.707106781187));
#7577 = PCURVE('',#7300,#7578);
#7578 = DEFINITIONAL_REPRESENTATION('',(#7579),#7583);
#7579 = LINE('',#7580,#7581);
#7580 = CARTESIAN_POINT('',(0.,1.385640646055));
#7581 = VECTOR('',#7582,1.);
#7582 = DIRECTION('',(1.,0.));
#7583 = ( GEOMETRIC_REPRESENTATION_CONTEXT(2) 
PARAMETRIC_REPRESENTATION_CONTEXT() REPRESENTATION_CONTEXT('2D SPACE',''
  ) );
#7584 = PCURVE('',#7483,#7585);
#7585 = DEFINITIONAL_REPRESENTATION('',(#7586),#7617);
#7586 = B_SPLINE_CURVE_WITH_KNOTS('',8,(#7587,#7588,#7589,#7590,#7591,
    #7592,#7593,#7594,#7595,#7596,#7597,#7598,#7599,#7600,#7601,#7602,
    #7603,#7604,#7605,#7606,#7607,#7608,#7609,#7610,#7611,#7612,#7613,
    #7614,#7615,#7616),.UNSPECIFIED.,.F.,.F.,(9,7,7,7,9),(0.,
    0.348687178999,0.958889742248,1.874193587121,2.789497431994),
  .UNSPECIFIED.);
#7587 = CARTESIAN_POINT('',(1.570796326795,0.785398163397));
#7588 = CARTESIAN_POINT('',(1.621124985959,0.81056249298));
#7589 = CARTESIAN_POINT('',(1.674348274129,0.834279460707));
#7590 = CARTESIAN_POINT('',(1.730661813065,0.856354472531));
#7591 = CARTESIAN_POINT('',(1.790208860781,0.876570716973));
#7592 = CARTESIAN_POINT('',(1.853054054227,0.894688168336));
#7593 = CARTESIAN_POINT('',(1.919093813681,0.910456536395));
#7594 = CARTESIAN_POINT('',(1.987984047308,0.923640609671));
#7595 = CARTESIAN_POINT('',(2.183733851554,0.952284141337));
#7596 = CARTESIAN_POINT('',(2.31532311131,0.962031747437));
#7597 = CARTESIAN_POINT('',(2.45090878615,0.962329904371));
#7598 = CARTESIAN_POINT('',(2.585718785773,0.952577771567));
#7599 = CARTESIAN_POINT('',(2.712565575828,0.933397169527));
#7600 = CARTESIAN_POINT('',(2.829770935358,0.906333593849));
#7601 = CARTESIAN_POINT('',(2.936808495347,0.872666767994));
#7602 = CARTESIAN_POINT('',(3.180447736196,0.77499986617));
#7603 = CARTESIAN_POINT('',(3.305066875279,0.704243110311));
#7604 = CARTESIAN_POINT('',(3.409986888837,0.625349172947));
#7605 = CARTESIAN_POINT('',(3.501884001347,0.541386879964));
#7606 = CARTESIAN_POINT('',(3.583996991749,0.453736726891));
#7607 = CARTESIAN_POINT('',(3.659404409397,0.36366642842));
#7608 = CARTESIAN_POINT('',(3.730247749081,0.271950925552));
#7609 = CARTESIAN_POINT('',(3.866700593007,8.665612595357E-02));
#7610 = CARTESIAN_POINT('',(3.932310129632,-6.924929612383E-03));
#7611 = CARTESIAN_POINT('',(3.997221278927,-0.100739965318));
#7612 = CARTESIAN_POINT('',(4.063100691259,-0.194225649039));
#7613 = CARTESIAN_POINT('',(4.131582801062,-0.286791055193));
#7614 = CARTESIAN_POINT('',(4.20460966252,-0.377742496335));
#7615 = CARTESIAN_POINT('',(4.284794709629,-0.466123041866));
#7616 = CARTESIAN_POINT('',(4.375714160998,-0.550292642392));
#7617 = ( GEOMETRIC_REPRESENTATION_CONTEXT(2) 
PARAMETRIC_REPRESENTATION_CONTEXT() REPRESENTATION_CONTEXT('2D SPACE',''
  ) );
#7618 = ORIENTED_EDGE('',*,*,#7443,.F.);
#7619 = ORIENTED_EDGE('',*,*,#7277,.T.);
#7620 = ORIENTED_EDGE('',*,*,#7382,.F.);
#7621 = ORIENTED_EDGE('',*,*,#7318,.T.);
#7622 = ADVANCED_FACE('',(#7623),#7483,.T.);
#7623 = FACE_BOUND('',#7624,.T.);
#7624 = EDGE_LOOP('',(#7625,#7649,#7671,#7672));
#7625 = ORIENTED_EDGE('',*,*,#7626,.F.);
#7626 = EDGE_CURVE('',#7627,#7535,#7629,.T.);
#7627 = VERTEX_POINT('',#7628);
#7628 = CARTESIAN_POINT('',(86.,-29.4,81.85));
#7629 = SURFACE_CURVE('',#7630,(#7635,#7642),.PCURVE_S1.);
#7630 = CIRCLE('',#7631,0.65);
#7631 = AXIS2_PLACEMENT_3D('',#7632,#7633,#7634);
#7632 = CARTESIAN_POINT('',(86.,-29.4,81.2));
#7633 = DIRECTION('',(0.943858356366,-0.330350424728,0.));
#7634 = DIRECTION('',(0.330350424728,0.943858356366,0.));
#7635 = PCURVE('',#7483,#7636);
#7636 = DEFINITIONAL_REPRESENTATION('',(#7637),#7641);
#7637 = LINE('',#7638,#7639);
#7638 = CARTESIAN_POINT('',(4.375714160998,3.14159265359));
#7639 = VECTOR('',#7640,1.);
#7640 = DIRECTION('',(0.,-1.));
#7641 = ( GEOMETRIC_REPRESENTATION_CONTEXT(2) 
PARAMETRIC_REPRESENTATION_CONTEXT() REPRESENTATION_CONTEXT('2D SPACE',''
  ) );
#7642 = PCURVE('',#7519,#7643);
#7643 = DEFINITIONAL_REPRESENTATION('',(#7644),#7648);
#7644 = LINE('',#7645,#7646);
#7645 = CARTESIAN_POINT('',(0.,0.));
#7646 = VECTOR('',#7647,1.);
#7647 = DIRECTION('',(1.,0.));
#7648 = ( GEOMETRIC_REPRESENTATION_CONTEXT(2) 
PARAMETRIC_REPRESENTATION_CONTEXT() REPRESENTATION_CONTEXT('2D SPACE',''
  ) );
#7649 = ORIENTED_EDGE('',*,*,#7650,.F.);
#7650 = EDGE_CURVE('',#7467,#7627,#7651,.T.);
#7651 = SURFACE_CURVE('',#7652,(#7657,#7664),.PCURVE_S1.);
#7652 = CIRCLE('',#7653,0.65);
#7653 = AXIS2_PLACEMENT_3D('',#7654,#7655,#7656);
#7654 = CARTESIAN_POINT('',(86.,-29.4,81.2));
#7655 = DIRECTION('',(0.943858356366,-0.330350424728,0.));
#7656 = DIRECTION('',(0.330350424728,0.943858356366,0.));
#7657 = PCURVE('',#7483,#7658);
#7658 = DEFINITIONAL_REPRESENTATION('',(#7659),#7663);
#7659 = LINE('',#7660,#7661);
#7660 = CARTESIAN_POINT('',(1.234121507408,0.));
#7661 = VECTOR('',#7662,1.);
#7662 = DIRECTION('',(0.,1.));
#7663 = ( GEOMETRIC_REPRESENTATION_CONTEXT(2) 
PARAMETRIC_REPRESENTATION_CONTEXT() REPRESENTATION_CONTEXT('2D SPACE',''
  ) );
#7664 = PCURVE('',#7519,#7665);
#7665 = DEFINITIONAL_REPRESENTATION('',(#7666),#7670);
#7666 = LINE('',#7667,#7668);
#7667 = CARTESIAN_POINT('',(0.,0.));
#7668 = VECTOR('',#7669,1.);
#7669 = DIRECTION('',(1.,0.));
#7670 = ( GEOMETRIC_REPRESENTATION_CONTEXT(2) 
PARAMETRIC_REPRESENTATION_CONTEXT() REPRESENTATION_CONTEXT('2D SPACE',''
  ) );
#7671 = ORIENTED_EDGE('',*,*,#7466,.T.);
#7672 = ORIENTED_EDGE('',*,*,#7570,.T.);
#7673 = ADVANCED_FACE('',(#7674),#7519,.T.);
#7674 = FACE_BOUND('',#7675,.T.);
#7675 = EDGE_LOOP('',(#7676,#7713,#7741,#7764,#7796,#7828,#7849,#7850,
    #7851,#7852,#7853));
#7676 = ORIENTED_EDGE('',*,*,#7677,.F.);
#7677 = EDGE_CURVE('',#7678,#7680,#7682,.T.);
#7678 = VERTEX_POINT('',#7679);
#7679 = CARTESIAN_POINT('',(102.19914336054,-34.43101896986,
    80.956889923489));
#7680 = VERTEX_POINT('',#7681);
#7681 = CARTESIAN_POINT('',(102.12717616235,-34.35584900355,81.2));
#7682 = SURFACE_CURVE('',#7683,(#7688,#7698),.PCURVE_S1.);
#7683 = ELLIPSE('',#7684,0.695707226468,0.65);
#7684 = AXIS2_PLACEMENT_3D('',#7685,#7686,#7687);
#7685 = CARTESIAN_POINT('',(102.,-35.,81.2));
#7686 = DIRECTION('',(0.925893783959,-0.182801266839,0.33061215596));
#7687 = DIRECTION('',(0.221032638622,-0.447589729899,-0.866491780892));
#7688 = PCURVE('',#7519,#7689);
#7689 = DEFINITIONAL_REPRESENTATION('',(#7690),#7697);
#7690 = B_SPLINE_CURVE_WITH_KNOTS('',5,(#7691,#7692,#7693,#7694,#7695,
    #7696),.UNSPECIFIED.,.F.,.F.,(6,6),(1.570796326795,1.954131331992),
  .PIECEWISE_BEZIER_KNOTS.);
#7691 = CARTESIAN_POINT('',(5.899850301981,16.951696080334));
#7692 = CARTESIAN_POINT('',(5.976517303021,16.932681961572));
#7693 = CARTESIAN_POINT('',(6.05318430406,16.913667838767));
#7694 = CARTESIAN_POINT('',(6.129851305099,16.894886573786));
#7695 = CARTESIAN_POINT('',(6.206518306139,16.876570929273));
#7696 = CARTESIAN_POINT('',(6.283185307178,16.858936808633));
#7697 = ( GEOMETRIC_REPRESENTATION_CONTEXT(2) 
PARAMETRIC_REPRESENTATION_CONTEXT() REPRESENTATION_CONTEXT('2D SPACE',''
  ) );
#7698 = PCURVE('',#7699,#7704);
#7699 = CYLINDRICAL_SURFACE('',#7700,0.65);
#7700 = AXIS2_PLACEMENT_3D('',#7701,#7702,#7703);
#7701 = CARTESIAN_POINT('',(102.,-35.,81.2));
#7702 = DIRECTION('',(0.786268733527,-1.123241047896E-02,0.617782576343)
  );
#7703 = DIRECTION('',(-0.617821551932,0.,0.786318338822));
#7704 = DEFINITIONAL_REPRESENTATION('',(#7705),#7712);
#7705 = B_SPLINE_CURVE_WITH_KNOTS('',5,(#7706,#7707,#7708,#7709,#7710,
    #7711),.UNSPECIFIED.,.F.,.F.,(6,6),(1.570796326795,1.954131331992),
  .PIECEWISE_BEZIER_KNOTS.);
#7706 = CARTESIAN_POINT('',(4.207877370269,0.));
#7707 = CARTESIAN_POINT('',(4.284544371309,1.901411876179E-02));
#7708 = CARTESIAN_POINT('',(4.361211372348,3.802824156682E-02));
#7709 = CARTESIAN_POINT('',(4.437878373387,5.680950654775E-02));
#7710 = CARTESIAN_POINT('',(4.514545374427,7.512515106098E-02));
#7711 = CARTESIAN_POINT('',(4.591212375466,9.275927170103E-02));
#7712 = ( GEOMETRIC_REPRESENTATION_CONTEXT(2) 
PARAMETRIC_REPRESENTATION_CONTEXT() REPRESENTATION_CONTEXT('2D SPACE',''
  ) );
#7713 = ORIENTED_EDGE('',*,*,#7714,.F.);
#7714 = EDGE_CURVE('',#7715,#7678,#7717,.T.);
#7715 = VERTEX_POINT('',#7716);
#7716 = CARTESIAN_POINT('',(102.,-35.,80.55));
#7717 = SURFACE_CURVE('',#7718,(#7723,#7730),.PCURVE_S1.);
#7718 = CIRCLE('',#7719,0.65);
#7719 = AXIS2_PLACEMENT_3D('',#7720,#7721,#7722);
#7720 = CARTESIAN_POINT('',(102.,-35.,81.2));
#7721 = DIRECTION('',(0.943858356366,-0.330350424728,0.));
#7722 = DIRECTION('',(0.330350424728,0.943858356366,0.));
#7723 = PCURVE('',#7519,#7724);
#7724 = DEFINITIONAL_REPRESENTATION('',(#7725),#7729);
#7725 = LINE('',#7726,#7727);
#7726 = CARTESIAN_POINT('',(0.,16.951696080334));
#7727 = VECTOR('',#7728,1.);
#7728 = DIRECTION('',(1.,0.));
#7729 = ( GEOMETRIC_REPRESENTATION_CONTEXT(2) 
PARAMETRIC_REPRESENTATION_CONTEXT() REPRESENTATION_CONTEXT('2D SPACE',''
  ) );
#7730 = PCURVE('',#7731,#7736);
#7731 = SPHERICAL_SURFACE('',#7732,0.65);
#7732 = AXIS2_PLACEMENT_3D('',#7733,#7734,#7735);
#7733 = CARTESIAN_POINT('',(102.,-35.,81.2));
#7734 = DIRECTION('',(0.,0.,1.));
#7735 = DIRECTION('',(1.,0.,-0.));
#7736 = DEFINITIONAL_REPRESENTATION('',(#7737),#7740);
#7737 = B_SPLINE_CURVE_WITH_KNOTS('',1,(#7738,#7739),.UNSPECIFIED.,.F.,
  .F.,(2,2),(4.712388980385,5.899850301981),.PIECEWISE_BEZIER_KNOTS.);
#7738 = CARTESIAN_POINT('',(7.517306814588,-1.570796326795));
#7739 = CARTESIAN_POINT('',(7.517306814588,-0.383335005198));
#7740 = ( GEOMETRIC_REPRESENTATION_CONTEXT(2) 
PARAMETRIC_REPRESENTATION_CONTEXT() REPRESENTATION_CONTEXT('2D SPACE',''
  ) );
#7741 = ORIENTED_EDGE('',*,*,#7742,.F.);
#7742 = EDGE_CURVE('',#7743,#7715,#7745,.T.);
#7743 = VERTEX_POINT('',#7744);
#7744 = CARTESIAN_POINT('',(101.80085663945,-35.56898103013,
    81.443110076511));
#7745 = SURFACE_CURVE('',#7746,(#7751,#7758),.PCURVE_S1.);
#7746 = CIRCLE('',#7747,0.65);
#7747 = AXIS2_PLACEMENT_3D('',#7748,#7749,#7750);
#7748 = CARTESIAN_POINT('',(102.,-35.,81.2));
#7749 = DIRECTION('',(0.943858356366,-0.330350424728,0.));
#7750 = DIRECTION('',(0.330350424728,0.943858356366,0.));
#7751 = PCURVE('',#7519,#7752);
#7752 = DEFINITIONAL_REPRESENTATION('',(#7753),#7757);
#7753 = LINE('',#7754,#7755);
#7754 = CARTESIAN_POINT('',(0.,16.951696080334));
#7755 = VECTOR('',#7756,1.);
#7756 = DIRECTION('',(1.,0.));
#7757 = ( GEOMETRIC_REPRESENTATION_CONTEXT(2) 
PARAMETRIC_REPRESENTATION_CONTEXT() REPRESENTATION_CONTEXT('2D SPACE',''
  ) );
#7758 = PCURVE('',#7731,#7759);
#7759 = DEFINITIONAL_REPRESENTATION('',(#7760),#7763);
#7760 = B_SPLINE_CURVE_WITH_KNOTS('',1,(#7761,#7762),.UNSPECIFIED.,.F.,
  .F.,(2,2),(2.758257648391,4.712388980385),.PIECEWISE_BEZIER_KNOTS.);
#7761 = CARTESIAN_POINT('',(4.375714160998,0.383335005198));
#7762 = CARTESIAN_POINT('',(4.375714160998,-1.570796326795));
#7763 = ( GEOMETRIC_REPRESENTATION_CONTEXT(2) 
PARAMETRIC_REPRESENTATION_CONTEXT() REPRESENTATION_CONTEXT('2D SPACE',''
  ) );
#7764 = ORIENTED_EDGE('',*,*,#7765,.F.);
#7765 = EDGE_CURVE('',#7766,#7743,#7768,.T.);
#7766 = VERTEX_POINT('',#7767);
#7767 = CARTESIAN_POINT('',(101.76912268928,-35.00243866711,
    81.845233611551));
#7768 = SURFACE_CURVE('',#7769,(#7774,#7785),.PCURVE_S1.);
#7769 = ELLIPSE('',#7770,0.695707226468,0.65);
#7770 = AXIS2_PLACEMENT_3D('',#7771,#7772,#7773);
#7771 = CARTESIAN_POINT('',(102.,-35.,81.2));
#7772 = DIRECTION('',(0.925893783959,-0.182801266839,0.33061215596));
#7773 = DIRECTION('',(0.221032638622,-0.447589729899,-0.866491780892));
#7774 = PCURVE('',#7519,#7775);
#7775 = DEFINITIONAL_REPRESENTATION('',(#7776),#7784);
#7776 = B_SPLINE_CURVE_WITH_KNOTS('',6,(#7777,#7778,#7779,#7780,#7781,
    #7782,#7783),.UNSPECIFIED.,.F.,.F.,(7,7),(3.646104263705,
    4.712388980385),.PIECEWISE_BEZIER_KNOTS.);
#7777 = CARTESIAN_POINT('',(1.691972931712,16.734586216035));
#7778 = CARTESIAN_POINT('',(1.869687051158,16.755891057109));
#7779 = CARTESIAN_POINT('',(2.047401170605,16.785423725841));
#7780 = CARTESIAN_POINT('',(2.225115290052,16.821975743976));
#7781 = CARTESIAN_POINT('',(2.402829409498,16.863547011192));
#7782 = CARTESIAN_POINT('',(2.580543528945,16.907621350307));
#7783 = CARTESIAN_POINT('',(2.758257648391,16.951696080334));
#7784 = ( GEOMETRIC_REPRESENTATION_CONTEXT(2) 
PARAMETRIC_REPRESENTATION_CONTEXT() REPRESENTATION_CONTEXT('2D SPACE',''
  ) );
#7785 = PCURVE('',#7699,#7786);
#7786 = DEFINITIONAL_REPRESENTATION('',(#7787),#7795);
#7787 = B_SPLINE_CURVE_WITH_KNOTS('',6,(#7788,#7789,#7790,#7791,#7792,
    #7793,#7794),.UNSPECIFIED.,.F.,.F.,(7,7),(3.646104263705,
    4.712388980385),.PIECEWISE_BEZIER_KNOTS.);
#7788 = CARTESIAN_POINT('',(-1.643130076445E-13,0.217109864299));
#7789 = CARTESIAN_POINT('',(0.177714119446,0.195805023225));
#7790 = CARTESIAN_POINT('',(0.355428238893,0.166272354492));
#7791 = CARTESIAN_POINT('',(0.533142358339,0.129720336356));
#7792 = CARTESIAN_POINT('',(0.710856477786,8.81490691416E-02));
#7793 = CARTESIAN_POINT('',(0.888570597233,4.407473002717E-02));
#7794 = CARTESIAN_POINT('',(1.066284716679,0.));
#7795 = ( GEOMETRIC_REPRESENTATION_CONTEXT(2) 
PARAMETRIC_REPRESENTATION_CONTEXT() REPRESENTATION_CONTEXT('2D SPACE',''
  ) );
#7796 = ORIENTED_EDGE('',*,*,#7797,.F.);
#7797 = EDGE_CURVE('',#7680,#7766,#7798,.T.);
#7798 = SURFACE_CURVE('',#7799,(#7804,#7816),.PCURVE_S1.);
#7799 = ELLIPSE('',#7800,0.695707226468,0.65);
#7800 = AXIS2_PLACEMENT_3D('',#7801,#7802,#7803);
#7801 = CARTESIAN_POINT('',(102.,-35.,81.2));
#7802 = DIRECTION('',(0.925893783959,-0.182801266839,0.33061215596));
#7803 = DIRECTION('',(0.221032638622,-0.447589729899,-0.866491780892));
#7804 = PCURVE('',#7519,#7805);
#7805 = DEFINITIONAL_REPRESENTATION('',(#7806),#7815);
#7806 = B_SPLINE_CURVE_WITH_KNOTS('',7,(#7807,#7808,#7809,#7810,#7811,
    #7812,#7813,#7814),.UNSPECIFIED.,.F.,.F.,(8,8),(1.954131331992,
    3.646104263705),.PIECEWISE_BEZIER_KNOTS.);
#7807 = CARTESIAN_POINT('',(-1.398881011028E-12,16.858936808633));
#7808 = CARTESIAN_POINT('',(0.241710418815,16.803341172602));
#7809 = CARTESIAN_POINT('',(0.483420837631,16.754068689283));
#7810 = CARTESIAN_POINT('',(0.725131256447,16.716420055487));
#7811 = CARTESIAN_POINT('',(0.966841675263,16.694813058033));
#7812 = CARTESIAN_POINT('',(1.208552094079,16.69143151169));
#7813 = CARTESIAN_POINT('',(1.450262512896,16.705609328465));
#7814 = CARTESIAN_POINT('',(1.691972931712,16.734586216035));
#7815 = ( GEOMETRIC_REPRESENTATION_CONTEXT(2) 
PARAMETRIC_REPRESENTATION_CONTEXT() REPRESENTATION_CONTEXT('2D SPACE',''
  ) );
#7816 = PCURVE('',#7699,#7817);
#7817 = DEFINITIONAL_REPRESENTATION('',(#7818),#7827);
#7818 = B_SPLINE_CURVE_WITH_KNOTS('',7,(#7819,#7820,#7821,#7822,#7823,
    #7824,#7825,#7826),.UNSPECIFIED.,.F.,.F.,(8,8),(1.954131331992,
    3.646104263705),.PIECEWISE_BEZIER_KNOTS.);
#7819 = CARTESIAN_POINT('',(4.591212375466,9.275927170103E-02));
#7820 = CARTESIAN_POINT('',(4.832922794282,0.148354907732));
#7821 = CARTESIAN_POINT('',(5.074633213099,0.197627391053));
#7822 = CARTESIAN_POINT('',(5.316343631916,0.235276024845));
#7823 = CARTESIAN_POINT('',(5.558054050729,0.256883022302));
#7824 = CARTESIAN_POINT('',(5.799764469548,0.260264568643));
#7825 = CARTESIAN_POINT('',(6.041474888363,0.246086751868));
#7826 = CARTESIAN_POINT('',(6.283185307179,0.217109864299));
#7827 = ( GEOMETRIC_REPRESENTATION_CONTEXT(2) 
PARAMETRIC_REPRESENTATION_CONTEXT() REPRESENTATION_CONTEXT('2D SPACE',''
  ) );
#7828 = ORIENTED_EDGE('',*,*,#7829,.F.);
#7829 = EDGE_CURVE('',#7500,#7680,#7830,.T.);
#7830 = SEAM_CURVE('',#7831,(#7835,#7842),.PCURVE_S1.);
#7831 = LINE('',#7832,#7833);
#7832 = CARTESIAN_POINT('',(86.214727776073,-28.78649206836,81.2));
#7833 = VECTOR('',#7834,1.);
#7834 = DIRECTION('',(0.943858356366,-0.330350424728,-1.232595164408E-32
    ));
#7835 = PCURVE('',#7519,#7836);
#7836 = DEFINITIONAL_REPRESENTATION('',(#7837),#7841);
#7837 = LINE('',#7838,#7839);
#7838 = CARTESIAN_POINT('',(6.28318530718,-0.));
#7839 = VECTOR('',#7840,1.);
#7840 = DIRECTION('',(0.,1.));
#7841 = ( GEOMETRIC_REPRESENTATION_CONTEXT(2) 
PARAMETRIC_REPRESENTATION_CONTEXT() REPRESENTATION_CONTEXT('2D SPACE',''
  ) );
#7842 = PCURVE('',#7519,#7843);
#7843 = DEFINITIONAL_REPRESENTATION('',(#7844),#7848);
#7844 = LINE('',#7845,#7846);
#7845 = CARTESIAN_POINT('',(0.,-0.));
#7846 = VECTOR('',#7847,1.);
#7847 = DIRECTION('',(0.,1.));
#7848 = ( GEOMETRIC_REPRESENTATION_CONTEXT(2) 
PARAMETRIC_REPRESENTATION_CONTEXT() REPRESENTATION_CONTEXT('2D SPACE',''
  ) );
#7849 = ORIENTED_EDGE('',*,*,#7499,.T.);
#7850 = ORIENTED_EDGE('',*,*,#7650,.T.);
#7851 = ORIENTED_EDGE('',*,*,#7626,.T.);
#7852 = ORIENTED_EDGE('',*,*,#7534,.T.);
#7853 = ORIENTED_EDGE('',*,*,#7829,.T.);
#7854 = ADVANCED_FACE('',(#7855),#7699,.T.);
#7855 = FACE_BOUND('',#7856,.T.);
#7856 = EDGE_LOOP('',(#7857,#7880,#7926,#7967,#8006,#8007,#8008,#8064,
    #8065));
#7857 = ORIENTED_EDGE('',*,*,#7858,.T.);
#7858 = EDGE_CURVE('',#7766,#7859,#7861,.T.);
#7859 = VERTEX_POINT('',#7860);
#7860 = CARTESIAN_POINT('',(105.09841599124,-35.05,84.461106920235));
#7861 = SEAM_CURVE('',#7862,(#7866,#7873),.PCURVE_S1.);
#7862 = LINE('',#7863,#7864);
#7863 = CARTESIAN_POINT('',(101.59841599124,-35.,81.711106920235));
#7864 = VECTOR('',#7865,1.);
#7865 = DIRECTION('',(0.786268733527,-1.123241047896E-02,0.617782576343)
  );
#7866 = PCURVE('',#7699,#7867);
#7867 = DEFINITIONAL_REPRESENTATION('',(#7868),#7872);
#7868 = LINE('',#7869,#7870);
#7869 = CARTESIAN_POINT('',(6.28318530718,-0.));
#7870 = VECTOR('',#7871,1.);
#7871 = DIRECTION('',(0.,1.));
#7872 = ( GEOMETRIC_REPRESENTATION_CONTEXT(2) 
PARAMETRIC_REPRESENTATION_CONTEXT() REPRESENTATION_CONTEXT('2D SPACE',''
  ) );
#7873 = PCURVE('',#7699,#7874);
#7874 = DEFINITIONAL_REPRESENTATION('',(#7875),#7879);
#7875 = LINE('',#7876,#7877);
#7876 = CARTESIAN_POINT('',(0.,-0.));
#7877 = VECTOR('',#7878,1.);
#7878 = DIRECTION('',(0.,1.));
#7879 = ( GEOMETRIC_REPRESENTATION_CONTEXT(2) 
PARAMETRIC_REPRESENTATION_CONTEXT() REPRESENTATION_CONTEXT('2D SPACE',''
  ) );
#7880 = ORIENTED_EDGE('',*,*,#7881,.F.);
#7881 = EDGE_CURVE('',#7882,#7859,#7884,.T.);
#7882 = VERTEX_POINT('',#7883);
#7883 = CARTESIAN_POINT('',(105.5,-34.40010741138,83.961816228884));
#7884 = SURFACE_CURVE('',#7885,(#7890,#7897),.PCURVE_S1.);
#7885 = CIRCLE('',#7886,0.65);
#7886 = AXIS2_PLACEMENT_3D('',#7887,#7888,#7889);
#7887 = CARTESIAN_POINT('',(105.5,-35.05,83.95));
#7888 = DIRECTION('',(0.786268733527,-1.123241047896E-02,0.617782576343)
  );
#7889 = DIRECTION('',(-0.617821551932,-8.673617379884E-19,0.786318338822
    ));
#7890 = PCURVE('',#7699,#7891);
#7891 = DEFINITIONAL_REPRESENTATION('',(#7892),#7896);
#7892 = LINE('',#7893,#7894);
#7893 = CARTESIAN_POINT('',(0.,4.451404272811));
#7894 = VECTOR('',#7895,1.);
#7895 = DIRECTION('',(1.,0.));
#7896 = ( GEOMETRIC_REPRESENTATION_CONTEXT(2) 
PARAMETRIC_REPRESENTATION_CONTEXT() REPRESENTATION_CONTEXT('2D SPACE',''
  ) );
#7897 = PCURVE('',#7898,#7903);
#7898 = SPHERICAL_SURFACE('',#7899,0.65);
#7899 = AXIS2_PLACEMENT_3D('',#7900,#7901,#7902);
#7900 = CARTESIAN_POINT('',(105.5,-35.05,83.95));
#7901 = DIRECTION('',(0.,0.,1.));
#7902 = DIRECTION('',(1.,0.,-0.));
#7903 = DEFINITIONAL_REPRESENTATION('',(#7904),#7925);
#7904 = B_SPLINE_CURVE_WITH_KNOTS('',7,(#7905,#7906,#7907,#7908,#7909,
    #7910,#7911,#7912,#7913,#7914,#7915,#7916,#7917,#7918,#7919,#7920,
    #7921,#7922,#7923,#7924),.UNSPECIFIED.,.F.,.F.,(8,6,6,8),(
    4.726683801783,5.504934554481,5.89405993083,6.28318530718),
  .UNSPECIFIED.);
#7905 = CARTESIAN_POINT('',(1.570796326795,1.817981507298E-02));
#7906 = CARTESIAN_POINT('',(1.639503283053,0.105596134172));
#7907 = CARTESIAN_POINT('',(1.708467047677,0.192912094694));
#7908 = CARTESIAN_POINT('',(1.779388542128,0.279455158428));
#7909 = CARTESIAN_POINT('',(1.854066464895,0.364530524973));
#7910 = CARTESIAN_POINT('',(1.934437795618,0.447293807779));
#7911 = CARTESIAN_POINT('',(2.023425917861,0.526534628962));
#7912 = CARTESIAN_POINT('',(2.174723314743,0.637096600099));
#7913 = CARTESIAN_POINT('',(2.228124300962,0.672567797242));
#7914 = CARTESIAN_POINT('',(2.284898677657,0.706403652458));
#7915 = CARTESIAN_POINT('',(2.345462516981,0.738308922469));
#7916 = CARTESIAN_POINT('',(2.410216062786,0.767920834257));
#7917 = CARTESIAN_POINT('',(2.479420892025,0.794818442459));
#7918 = CARTESIAN_POINT('',(2.62654164428,0.842313916143));
#7919 = CARTESIAN_POINT('',(2.704459323987,0.862910871613));
#7920 = CARTESIAN_POINT('',(2.786630902344,0.879930352017));
#7921 = CARTESIAN_POINT('',(2.872647503958,0.892914522226));
#7922 = CARTESIAN_POINT('',(2.961484652168,0.901489351426));
#7923 = CARTESIAN_POINT('',(3.05162196153,0.905451491695));
#7924 = CARTESIAN_POINT('',(3.14159265359,0.904827089416));
#7925 = ( GEOMETRIC_REPRESENTATION_CONTEXT(2) 
PARAMETRIC_REPRESENTATION_CONTEXT() REPRESENTATION_CONTEXT('2D SPACE',''
  ) );
#7926 = ORIENTED_EDGE('',*,*,#7927,.F.);
#7927 = EDGE_CURVE('',#7928,#7882,#7930,.T.);
#7928 = VERTEX_POINT('',#7929);
#7929 = CARTESIAN_POINT('',(105.5,-35.69989258861,83.938183771116));
#7930 = SURFACE_CURVE('',#7931,(#7936,#7949),.PCURVE_S1.);
#7931 = ELLIPSE('',#7932,0.68778857316,0.65);
#7932 = AXIS2_PLACEMENT_3D('',#7933,#7934,#7935);
#7933 = CARTESIAN_POINT('',(105.5,-35.05,83.95));
#7934 = DIRECTION('',(0.945057864241,-5.94271044344E-03,0.326849074389)
  );
#7935 = DIRECTION('',(-0.326903094565,-1.718003081906E-02,0.944901695048
    ));
#7936 = PCURVE('',#7699,#7937);
#7937 = DEFINITIONAL_REPRESENTATION('',(#7938),#7948);
#7938 = B_SPLINE_CURVE_WITH_KNOTS('',8,(#7939,#7940,#7941,#7942,#7943,
    #7944,#7945,#7946,#7947),.UNSPECIFIED.,.F.,.F.,(9,9),(1.570796321766
    ,4.712388980385),.PIECEWISE_BEZIER_KNOTS.);
#7939 = CARTESIAN_POINT('',(1.585091143165,4.451404273942));
#7940 = CARTESIAN_POINT('',(1.977790225492,4.363109728637));
#7941 = CARTESIAN_POINT('',(2.370489307817,4.274814479114));
#7942 = CARTESIAN_POINT('',(2.763188390141,4.207275169507));
#7943 = CARTESIAN_POINT('',(3.155887472485,4.181191631556));
#7944 = CARTESIAN_POINT('',(3.548586554789,4.207275168974));
#7945 = CARTESIAN_POINT('',(3.941285637125,4.274814478184));
#7946 = CARTESIAN_POINT('',(4.333984719456,4.363109727506));
#7947 = CARTESIAN_POINT('',(4.726683801783,4.451404272811));
#7948 = ( GEOMETRIC_REPRESENTATION_CONTEXT(2) 
PARAMETRIC_REPRESENTATION_CONTEXT() REPRESENTATION_CONTEXT('2D SPACE',''
  ) );
#7949 = PCURVE('',#7950,#7955);
#7950 = CYLINDRICAL_SURFACE('',#7951,0.65);
#7951 = AXIS2_PLACEMENT_3D('',#7952,#7953,#7954);
#7952 = CARTESIAN_POINT('',(105.5,-35.05,83.95));
#7953 = DIRECTION('',(1.,0.,0.));
#7954 = DIRECTION('',(-0.,0.,1.));
#7955 = DEFINITIONAL_REPRESENTATION('',(#7956),#7966);
#7956 = B_SPLINE_CURVE_WITH_KNOTS('',8,(#7957,#7958,#7959,#7960,#7961,
    #7962,#7963,#7964,#7965),.UNSPECIFIED.,.F.,.F.,(9,9),(1.570796321766
    ,4.712388980385),.PIECEWISE_BEZIER_KNOTS.);
#7957 = CARTESIAN_POINT('',(1.588976136839,-1.130615601141E-09));
#7958 = CARTESIAN_POINT('',(1.981675219167,8.829454417408E-02));
#7959 = CARTESIAN_POINT('',(2.374374301495,0.176589793696));
#7960 = CARTESIAN_POINT('',(2.76707338382,0.244129103294));
#7961 = CARTESIAN_POINT('',(3.15977246615,0.270212641268));
#7962 = CARTESIAN_POINT('',(3.552471548472,0.244129103826));
#7963 = CARTESIAN_POINT('',(3.945170630802,0.176589794627));
#7964 = CARTESIAN_POINT('',(4.33786971313,8.82945453047E-02));
#7965 = CARTESIAN_POINT('',(4.730568795458,0.));
#7966 = ( GEOMETRIC_REPRESENTATION_CONTEXT(2) 
PARAMETRIC_REPRESENTATION_CONTEXT() REPRESENTATION_CONTEXT('2D SPACE',''
  ) );
#7967 = ORIENTED_EDGE('',*,*,#7968,.F.);
#7968 = EDGE_CURVE('',#7859,#7928,#7969,.T.);
#7969 = SURFACE_CURVE('',#7970,(#7975,#7982),.PCURVE_S1.);
#7970 = CIRCLE('',#7971,0.65);
#7971 = AXIS2_PLACEMENT_3D('',#7972,#7973,#7974);
#7972 = CARTESIAN_POINT('',(105.5,-35.05,83.95));
#7973 = DIRECTION('',(0.786268733527,-1.123241047896E-02,0.617782576343)
  );
#7974 = DIRECTION('',(-0.617821551932,-8.673617379884E-19,0.786318338822
    ));
#7975 = PCURVE('',#7699,#7976);
#7976 = DEFINITIONAL_REPRESENTATION('',(#7977),#7981);
#7977 = LINE('',#7978,#7979);
#7978 = CARTESIAN_POINT('',(0.,4.451404272811));
#7979 = VECTOR('',#7980,1.);
#7980 = DIRECTION('',(1.,0.));
#7981 = ( GEOMETRIC_REPRESENTATION_CONTEXT(2) 
PARAMETRIC_REPRESENTATION_CONTEXT() REPRESENTATION_CONTEXT('2D SPACE',''
  ) );
#7982 = PCURVE('',#7898,#7983);
#7983 = DEFINITIONAL_REPRESENTATION('',(#7984),#8005);
#7984 = B_SPLINE_CURVE_WITH_KNOTS('',7,(#7985,#7986,#7987,#7988,#7989,
    #7990,#7991,#7992,#7993,#7994,#7995,#7996,#7997,#7998,#7999,#8000,
    #8001,#8002,#8003,#8004),.UNSPECIFIED.,.F.,.F.,(8,6,6,8),(0.,
    0.396272787048,0.990681967621,1.585091148193),.UNSPECIFIED.);
#7985 = CARTESIAN_POINT('',(3.14159265359,0.904827089416));
#7986 = CARTESIAN_POINT('',(3.233215917098,0.904191218186));
#7987 = CARTESIAN_POINT('',(3.32466522006,0.898797462136));
#7988 = CARTESIAN_POINT('',(3.414395681109,0.888664888472));
#7989 = CARTESIAN_POINT('',(3.50085380418,0.874032806629));
#7990 = CARTESIAN_POINT('',(3.583119403019,0.855351419012));
#7991 = CARTESIAN_POINT('',(3.660865613034,0.833091330017));
#7992 = CARTESIAN_POINT('',(3.843894108946,0.769632634048));
#7993 = CARTESIAN_POINT('',(3.943510879571,0.724529032854));
#7994 = CARTESIAN_POINT('',(4.032880478032,0.673934500106));
#7995 = CARTESIAN_POINT('',(4.113734012112,0.619265097351));
#7996 = CARTESIAN_POINT('',(4.187668692709,0.561451037086));
#7997 = CARTESIAN_POINT('',(4.256060724425,0.501233438969));
#7998 = CARTESIAN_POINT('',(4.384133559247,0.377114977391));
#7999 = CARTESIAN_POINT('',(4.443813336781,0.313214808845));
#8000 = CARTESIAN_POINT('',(4.500323973811,0.248038562521));
#8001 = CARTESIAN_POINT('',(4.554639270257,0.181994883142));
#8002 = CARTESIAN_POINT('',(4.607584501374,0.1154113351));
#8003 = CARTESIAN_POINT('',(4.659912262017,4.858666401353E-02));
#8004 = CARTESIAN_POINT('',(4.712388980385,-1.817981507298E-02));
#8005 = ( GEOMETRIC_REPRESENTATION_CONTEXT(2) 
PARAMETRIC_REPRESENTATION_CONTEXT() REPRESENTATION_CONTEXT('2D SPACE',''
  ) );
#8006 = ORIENTED_EDGE('',*,*,#7858,.F.);
#8007 = ORIENTED_EDGE('',*,*,#7765,.T.);
#8008 = ORIENTED_EDGE('',*,*,#8009,.T.);
#8009 = EDGE_CURVE('',#7743,#7678,#8010,.T.);
#8010 = SURFACE_CURVE('',#8011,(#8016,#8023),.PCURVE_S1.);
#8011 = CIRCLE('',#8012,0.65);
#8012 = AXIS2_PLACEMENT_3D('',#8013,#8014,#8015);
#8013 = CARTESIAN_POINT('',(102.,-35.,81.2));
#8014 = DIRECTION('',(0.786268733527,-1.123241047898E-02,0.617782576343)
  );
#8015 = DIRECTION('',(-0.30637440084,-0.875355430971,0.374015502324));
#8016 = PCURVE('',#7699,#8017);
#8017 = DEFINITIONAL_REPRESENTATION('',(#8018),#8022);
#8018 = LINE('',#8019,#8020);
#8019 = CARTESIAN_POINT('',(1.066284716679,0.));
#8020 = VECTOR('',#8021,1.);
#8021 = DIRECTION('',(1.,0.));
#8022 = ( GEOMETRIC_REPRESENTATION_CONTEXT(2) 
PARAMETRIC_REPRESENTATION_CONTEXT() REPRESENTATION_CONTEXT('2D SPACE',''
  ) );
#8023 = PCURVE('',#7731,#8024);
#8024 = DEFINITIONAL_REPRESENTATION('',(#8025),#8063);
#8025 = B_SPLINE_CURVE_WITH_KNOTS('',8,(#8026,#8027,#8028,#8029,#8030,
    #8031,#8032,#8033,#8034,#8035,#8036,#8037,#8038,#8039,#8040,#8041,
    #8042,#8043,#8044,#8045,#8046,#8047,#8048,#8049,#8050,#8051,#8052,
    #8053,#8054,#8055,#8056,#8057,#8058,#8059,#8060,#8061,#8062),
  .UNSPECIFIED.,.F.,.F.,(9,7,7,7,7,9),(0.,1.037653968455,1.556480952683,
    2.07530793691,2.60845029525,3.14159265359),.UNSPECIFIED.);
#8026 = CARTESIAN_POINT('',(4.375714160998,0.383335005198));
#8027 = CARTESIAN_POINT('',(4.468877063165,0.286594921836));
#8028 = CARTESIAN_POINT('',(4.553731881583,0.186414153293));
#8029 = CARTESIAN_POINT('',(4.633891858459,8.443012368769E-02));
#8030 = CARTESIAN_POINT('',(4.712077928205,-1.832220911749E-02));
#8031 = CARTESIAN_POINT('',(4.790571516137,-0.120954802169));
#8032 = CARTESIAN_POINT('',(4.871697926764,-0.22256457729));
#8033 = CARTESIAN_POINT('',(4.958306922371,-0.322057772194));
#8034 = CARTESIAN_POINT('',(5.102172177795,-0.465451053222));
#8035 = CARTESIAN_POINT('',(5.152452301647,-0.512274288869));
#8036 = CARTESIAN_POINT('',(5.205532635176,-0.557901116053));
#8037 = CARTESIAN_POINT('',(5.261948114943,-0.602064028238));
#8038 = CARTESIAN_POINT('',(5.322289740212,-0.644442422301));
#8039 = CARTESIAN_POINT('',(5.387212184856,-0.684633779205));
#8040 = CARTESIAN_POINT('',(5.45735649623,-0.722134768967));
#8041 = CARTESIAN_POINT('',(5.608826810072,-0.790592330474));
#8042 = CARTESIAN_POINT('',(5.690151819629,-0.821549090739));
#8043 = CARTESIAN_POINT('',(5.777444664789,-0.848652377887));
#8044 = CARTESIAN_POINT('',(5.870767542259,-0.871247609148));
#8045 = CARTESIAN_POINT('',(5.969797122991,-0.888635110663));
#8046 = CARTESIAN_POINT('',(6.07303501755,-0.900166879508));
#8047 = CARTESIAN_POINT('',(6.178220885791,-0.905555549123));
#8048 = CARTESIAN_POINT('',(6.391045886645,-0.904078530189));
#8049 = CARTESIAN_POINT('',(6.498670309734,-0.896870657931));
#8050 = CARTESIAN_POINT('',(6.603706594258,-0.883234293837));
#8051 = CARTESIAN_POINT('',(6.703795176211,-0.863551575894));
#8052 = CARTESIAN_POINT('',(6.797590329831,-0.838578154269));
#8053 = CARTESIAN_POINT('',(6.884947524943,-0.809071934892));
#8054 = CARTESIAN_POINT('',(6.966070293508,-0.77572853239));
#8055 = CARTESIAN_POINT('',(7.1168291946,-0.702575732806));
#8056 = CARTESIAN_POINT('',(7.186464069142,-0.662766181338));
#8057 = CARTESIAN_POINT('',(7.250836029091,-0.620328572025));
#8058 = CARTESIAN_POINT('',(7.310661913371,-0.575773044112));
#8059 = CARTESIAN_POINT('',(7.366638473258,-0.529502422346));
#8060 = CARTESIAN_POINT('',(7.41938007266,-0.481835912643));
#8061 = CARTESIAN_POINT('',(7.469440097088,-0.433039663743));
#8062 = CARTESIAN_POINT('',(7.517306814588,-0.383335005198));
#8063 = ( GEOMETRIC_REPRESENTATION_CONTEXT(2) 
PARAMETRIC_REPRESENTATION_CONTEXT() REPRESENTATION_CONTEXT('2D SPACE',''
  ) );
#8064 = ORIENTED_EDGE('',*,*,#7677,.T.);
#8065 = ORIENTED_EDGE('',*,*,#7797,.T.);
#8066 = ADVANCED_FACE('',(#8067),#7731,.T.);
#8067 = FACE_BOUND('',#8068,.T.);
#8068 = EDGE_LOOP('',(#8069,#8070,#8071));
#8069 = ORIENTED_EDGE('',*,*,#7742,.T.);
#8070 = ORIENTED_EDGE('',*,*,#7714,.T.);
#8071 = ORIENTED_EDGE('',*,*,#8009,.F.);
#8072 = ADVANCED_FACE('',(#8073),#7898,.T.);
#8073 = FACE_BOUND('',#8074,.T.);
#8074 = EDGE_LOOP('',(#8075,#8099,#8121,#8122));
#8075 = ORIENTED_EDGE('',*,*,#8076,.F.);
#8076 = EDGE_CURVE('',#8077,#7928,#8079,.T.);
#8077 = VERTEX_POINT('',#8078);
#8078 = CARTESIAN_POINT('',(105.5,-35.05,84.6));
#8079 = SURFACE_CURVE('',#8080,(#8085,#8092),.PCURVE_S1.);
#8080 = CIRCLE('',#8081,0.65);
#8081 = AXIS2_PLACEMENT_3D('',#8082,#8083,#8084);
#8082 = CARTESIAN_POINT('',(105.5,-35.05,83.95));
#8083 = DIRECTION('',(1.,0.,0.));
#8084 = DIRECTION('',(-0.,0.,1.));
#8085 = PCURVE('',#7898,#8086);
#8086 = DEFINITIONAL_REPRESENTATION('',(#8087),#8091);
#8087 = LINE('',#8088,#8089);
#8088 = CARTESIAN_POINT('',(4.712388980385,1.570796326795));
#8089 = VECTOR('',#8090,1.);
#8090 = DIRECTION('',(0.,-1.));
#8091 = ( GEOMETRIC_REPRESENTATION_CONTEXT(2) 
PARAMETRIC_REPRESENTATION_CONTEXT() REPRESENTATION_CONTEXT('2D SPACE',''
  ) );
#8092 = PCURVE('',#7950,#8093);
#8093 = DEFINITIONAL_REPRESENTATION('',(#8094),#8098);
#8094 = LINE('',#8095,#8096);
#8095 = CARTESIAN_POINT('',(0.,0.));
#8096 = VECTOR('',#8097,1.);
#8097 = DIRECTION('',(1.,0.));
#8098 = ( GEOMETRIC_REPRESENTATION_CONTEXT(2) 
PARAMETRIC_REPRESENTATION_CONTEXT() REPRESENTATION_CONTEXT('2D SPACE',''
  ) );
#8099 = ORIENTED_EDGE('',*,*,#8100,.F.);
#8100 = EDGE_CURVE('',#7882,#8077,#8101,.T.);
#8101 = SURFACE_CURVE('',#8102,(#8107,#8114),.PCURVE_S1.);
#8102 = CIRCLE('',#8103,0.65);
#8103 = AXIS2_PLACEMENT_3D('',#8104,#8105,#8106);
#8104 = CARTESIAN_POINT('',(105.5,-35.05,83.95));
#8105 = DIRECTION('',(1.,0.,0.));
#8106 = DIRECTION('',(-0.,0.,1.));
#8107 = PCURVE('',#7898,#8108);
#8108 = DEFINITIONAL_REPRESENTATION('',(#8109),#8113);
#8109 = LINE('',#8110,#8111);
#8110 = CARTESIAN_POINT('',(1.570796326795,-4.712388980385));
#8111 = VECTOR('',#8112,1.);
#8112 = DIRECTION('',(-0.,1.));
#8113 = ( GEOMETRIC_REPRESENTATION_CONTEXT(2) 
PARAMETRIC_REPRESENTATION_CONTEXT() REPRESENTATION_CONTEXT('2D SPACE',''
  ) );
#8114 = PCURVE('',#7950,#8115);
#8115 = DEFINITIONAL_REPRESENTATION('',(#8116),#8120);
#8116 = LINE('',#8117,#8118);
#8117 = CARTESIAN_POINT('',(0.,0.));
#8118 = VECTOR('',#8119,1.);
#8119 = DIRECTION('',(1.,0.));
#8120 = ( GEOMETRIC_REPRESENTATION_CONTEXT(2) 
PARAMETRIC_REPRESENTATION_CONTEXT() REPRESENTATION_CONTEXT('2D SPACE',''
  ) );
#8121 = ORIENTED_EDGE('',*,*,#7881,.T.);
#8122 = ORIENTED_EDGE('',*,*,#7968,.T.);
#8123 = ADVANCED_FACE('',(#8124),#7950,.T.);
#8124 = FACE_BOUND('',#8125,.T.);
#8125 = EDGE_LOOP('',(#8126,#8156,#8197,#8218,#8239,#8240,#8241,#8242));
#8126 = ORIENTED_EDGE('',*,*,#8127,.F.);
#8127 = EDGE_CURVE('',#8128,#8130,#8132,.T.);
#8128 = VERTEX_POINT('',#8129);
#8129 = CARTESIAN_POINT('',(144.5,-34.99403575271,84.597586290023));
#8130 = VERTEX_POINT('',#8131);
#8131 = CARTESIAN_POINT('',(144.5,-35.05,84.6));
#8132 = SURFACE_CURVE('',#8133,(#8138,#8145),.PCURVE_S1.);
#8133 = CIRCLE('',#8134,0.65);
#8134 = AXIS2_PLACEMENT_3D('',#8135,#8136,#8137);
#8135 = CARTESIAN_POINT('',(144.5,-35.05,83.95));
#8136 = DIRECTION('',(1.,0.,0.));
#8137 = DIRECTION('',(-0.,0.,1.));
#8138 = PCURVE('',#7950,#8139);
#8139 = DEFINITIONAL_REPRESENTATION('',(#8140),#8144);
#8140 = LINE('',#8141,#8142);
#8141 = CARTESIAN_POINT('',(0.,39.));
#8142 = VECTOR('',#8143,1.);
#8143 = DIRECTION('',(1.,0.));
#8144 = ( GEOMETRIC_REPRESENTATION_CONTEXT(2) 
PARAMETRIC_REPRESENTATION_CONTEXT() REPRESENTATION_CONTEXT('2D SPACE',''
  ) );
#8145 = PCURVE('',#8146,#8151);
#8146 = SPHERICAL_SURFACE('',#8147,0.65);
#8147 = AXIS2_PLACEMENT_3D('',#8148,#8149,#8150);
#8148 = CARTESIAN_POINT('',(144.5,-35.05,83.95));
#8149 = DIRECTION('',(0.,0.,1.));
#8150 = DIRECTION('',(1.,0.,-0.));
#8151 = DEFINITIONAL_REPRESENTATION('',(#8152),#8155);
#8152 = B_SPLINE_CURVE_WITH_KNOTS('',1,(#8153,#8154),.UNSPECIFIED.,.F.,
  .F.,(2,2),(6.196979733504,6.28318530718),.PIECEWISE_BEZIER_KNOTS.);
#8153 = CARTESIAN_POINT('',(7.853981633974,1.484590753119));
#8154 = CARTESIAN_POINT('',(7.853981633974,1.570796326795));
#8155 = ( GEOMETRIC_REPRESENTATION_CONTEXT(2) 
PARAMETRIC_REPRESENTATION_CONTEXT() REPRESENTATION_CONTEXT('2D SPACE',''
  ) );
#8156 = ORIENTED_EDGE('',*,*,#8157,.F.);
#8157 = EDGE_CURVE('',#8158,#8128,#8160,.T.);
#8158 = VERTEX_POINT('',#8159);
#8159 = CARTESIAN_POINT('',(144.5,-35.10596424728,83.302413709977));
#8160 = SURFACE_CURVE('',#8161,(#8166,#8179),.PCURVE_S1.);
#8161 = ELLIPSE('',#8162,0.930754723539,0.65);
#8162 = AXIS2_PLACEMENT_3D('',#8163,#8164,#8165);
#8163 = CARTESIAN_POINT('',(144.5,-35.05,83.95));
#8164 = DIRECTION('',(0.698357992241,0.713090778337,-6.16251289921E-02)
  );
#8165 = DIRECTION('',(0.715748639309,-0.695764709698,6.012781441831E-02)
  );
#8166 = PCURVE('',#7950,#8167);
#8167 = DEFINITIONAL_REPRESENTATION('',(#8168),#8178);
#8168 = B_SPLINE_CURVE_WITH_KNOTS('',8,(#8169,#8170,#8171,#8172,#8173,
    #8174,#8175,#8176,#8177),.UNSPECIFIED.,.F.,.F.,(9,9),(1.570795865396
    ,4.712387513193),.PIECEWISE_BEZIER_KNOTS.);
#8169 = CARTESIAN_POINT('',(3.055386618515,39.000000307378));
#8170 = CARTESIAN_POINT('',(3.44808557449,38.738389593048));
#8171 = CARTESIAN_POINT('',(3.840784530466,38.476776738527));
#8172 = CARTESIAN_POINT('',(4.233483486429,38.276662224976));
#8173 = CARTESIAN_POINT('',(4.626182442407,38.19937821952));
#8174 = CARTESIAN_POINT('',(5.018881398377,38.276661619311));
#8175 = CARTESIAN_POINT('',(5.411580354365,38.476775680232));
#8176 = CARTESIAN_POINT('',(5.804279310338,38.738388308248));
#8177 = CARTESIAN_POINT('',(6.196978266313,38.999999022577));
#8178 = ( GEOMETRIC_REPRESENTATION_CONTEXT(2) 
PARAMETRIC_REPRESENTATION_CONTEXT() REPRESENTATION_CONTEXT('2D SPACE',''
  ) );
#8179 = PCURVE('',#8180,#8185);
#8180 = CYLINDRICAL_SURFACE('',#8181,0.65);
#8181 = AXIS2_PLACEMENT_3D('',#8182,#8183,#8184);
#8182 = CARTESIAN_POINT('',(144.5,-35.05,83.95));
#8183 = DIRECTION('',(-2.459222934544E-02,0.995985288491,
    -8.607280270906E-02));
#8184 = DIRECTION('',(4.336808689942E-19,8.609884197836E-02,
    0.996286600035));
#8185 = DEFINITIONAL_REPRESENTATION('',(#8186),#8196);
#8186 = B_SPLINE_CURVE_WITH_KNOTS('',8,(#8187,#8188,#8189,#8190,#8191,
    #8192,#8193,#8194,#8195),.UNSPECIFIED.,.F.,.F.,(9,9),(1.570795865396
    ,4.712387513193),.PIECEWISE_BEZIER_KNOTS.);
#8187 = CARTESIAN_POINT('',(3.141592192191,-3.073776611018E-07));
#8188 = CARTESIAN_POINT('',(3.534291148166,0.261610406952));
#8189 = CARTESIAN_POINT('',(3.926990104136,0.523223261425));
#8190 = CARTESIAN_POINT('',(4.319689060123,0.723337774912));
#8191 = CARTESIAN_POINT('',(4.712388016062,0.800621780494));
#8192 = CARTESIAN_POINT('',(5.105086972068,0.723338380635));
#8193 = CARTESIAN_POINT('',(5.497785928035,0.52322431975));
#8194 = CARTESIAN_POINT('',(5.890484884014,0.261611691752));
#8195 = CARTESIAN_POINT('',(6.283183839988,9.774229070558E-07));
#8196 = ( GEOMETRIC_REPRESENTATION_CONTEXT(2) 
PARAMETRIC_REPRESENTATION_CONTEXT() REPRESENTATION_CONTEXT('2D SPACE',''
  ) );
#8197 = ORIENTED_EDGE('',*,*,#8198,.F.);
#8198 = EDGE_CURVE('',#8130,#8158,#8199,.T.);
#8199 = SURFACE_CURVE('',#8200,(#8205,#8212),.PCURVE_S1.);
#8200 = CIRCLE('',#8201,0.65);
#8201 = AXIS2_PLACEMENT_3D('',#8202,#8203,#8204);
#8202 = CARTESIAN_POINT('',(144.5,-35.05,83.95));
#8203 = DIRECTION('',(1.,0.,0.));
#8204 = DIRECTION('',(-0.,0.,1.));
#8205 = PCURVE('',#7950,#8206);
#8206 = DEFINITIONAL_REPRESENTATION('',(#8207),#8211);
#8207 = LINE('',#8208,#8209);
#8208 = CARTESIAN_POINT('',(0.,39.));
#8209 = VECTOR('',#8210,1.);
#8210 = DIRECTION('',(1.,0.));
#8211 = ( GEOMETRIC_REPRESENTATION_CONTEXT(2) 
PARAMETRIC_REPRESENTATION_CONTEXT() REPRESENTATION_CONTEXT('2D SPACE',''
  ) );
#8212 = PCURVE('',#8146,#8213);
#8213 = DEFINITIONAL_REPRESENTATION('',(#8214),#8217);
#8214 = B_SPLINE_CURVE_WITH_KNOTS('',1,(#8215,#8216),.UNSPECIFIED.,.F.,
  .F.,(2,2),(0.,3.055387079914),.PIECEWISE_BEZIER_KNOTS.);
#8215 = CARTESIAN_POINT('',(4.712388980385,1.570796326795));
#8216 = CARTESIAN_POINT('',(4.712388980385,-1.484590753119));
#8217 = ( GEOMETRIC_REPRESENTATION_CONTEXT(2) 
PARAMETRIC_REPRESENTATION_CONTEXT() REPRESENTATION_CONTEXT('2D SPACE',''
  ) );
#8218 = ORIENTED_EDGE('',*,*,#8219,.F.);
#8219 = EDGE_CURVE('',#8077,#8130,#8220,.T.);
#8220 = SEAM_CURVE('',#8221,(#8225,#8232),.PCURVE_S1.);
#8221 = LINE('',#8222,#8223);
#8222 = CARTESIAN_POINT('',(105.5,-35.05,84.6));
#8223 = VECTOR('',#8224,1.);
#8224 = DIRECTION('',(1.,0.,0.));
#8225 = PCURVE('',#7950,#8226);
#8226 = DEFINITIONAL_REPRESENTATION('',(#8227),#8231);
#8227 = LINE('',#8228,#8229);
#8228 = CARTESIAN_POINT('',(6.28318530718,-0.));
#8229 = VECTOR('',#8230,1.);
#8230 = DIRECTION('',(0.,1.));
#8231 = ( GEOMETRIC_REPRESENTATION_CONTEXT(2) 
PARAMETRIC_REPRESENTATION_CONTEXT() REPRESENTATION_CONTEXT('2D SPACE',''
  ) );
#8232 = PCURVE('',#7950,#8233);
#8233 = DEFINITIONAL_REPRESENTATION('',(#8234),#8238);
#8234 = LINE('',#8235,#8236);
#8235 = CARTESIAN_POINT('',(0.,-0.));
#8236 = VECTOR('',#8237,1.);
#8237 = DIRECTION('',(0.,1.));
#8238 = ( GEOMETRIC_REPRESENTATION_CONTEXT(2) 
PARAMETRIC_REPRESENTATION_CONTEXT() REPRESENTATION_CONTEXT('2D SPACE',''
  ) );
#8239 = ORIENTED_EDGE('',*,*,#8076,.T.);
#8240 = ORIENTED_EDGE('',*,*,#7927,.T.);
#8241 = ORIENTED_EDGE('',*,*,#8100,.T.);
#8242 = ORIENTED_EDGE('',*,*,#8219,.T.);
#8243 = ADVANCED_FACE('',(#8244),#8146,.T.);
#8244 = FACE_BOUND('',#8245,.T.);
#8245 = EDGE_LOOP('',(#8246,#8247,#8248));
#8246 = ORIENTED_EDGE('',*,*,#8127,.T.);
#8247 = ORIENTED_EDGE('',*,*,#8198,.T.);
#8248 = ORIENTED_EDGE('',*,*,#8249,.T.);
#8249 = EDGE_CURVE('',#8158,#8128,#8250,.T.);
#8250 = SURFACE_CURVE('',#8251,(#8256,#8344),.PCURVE_S1.);
#8251 = CIRCLE('',#8252,0.65);
#8252 = AXIS2_PLACEMENT_3D('',#8253,#8254,#8255);
#8253 = CARTESIAN_POINT('',(144.5,-35.05,83.95));
#8254 = DIRECTION('',(2.459222934545E-02,-0.995985288491,
    8.607280270906E-02));
#8255 = DIRECTION('',(-4.336808689942E-19,-8.609884197836E-02,
    -0.996286600035));
#8256 = PCURVE('',#8146,#8257);
#8257 = DEFINITIONAL_REPRESENTATION('',(#8258),#8343);
#8258 = B_SPLINE_CURVE_WITH_KNOTS('',8,(#8259,#8260,#8261,#8262,#8263,
    #8264,#8265,#8266,#8267,#8268,#8269,#8270,#8271,#8272,#8273,#8274,
    #8275,#8276,#8277,#8278,#8279,#8280,#8281,#8282,#8283,#8284,#8285,
    #8286,#8287,#8288,#8289,#8290,#8291,#8292,#8293,#8294,#8295,#8296,
    #8297,#8298,#8299,#8300,#8301,#8302,#8303,#8304,#8305,#8306,#8307,
    #8308,#8309,#8310,#8311,#8312,#8313,#8314,#8315,#8316,#8317,#8318,
    #8319,#8320,#8321,#8322,#8323,#8324,#8325,#8326,#8327,#8328,#8329,
    #8330,#8331,#8332,#8333,#8334,#8335,#8336,#8337,#8338,#8339,#8340,
    #8341,#8342),.UNSPECIFIED.,.F.,.F.,(9,7,7,7,7,7,5,7,7,7,7,7,9),(0.,
    4.042367120773E-02,8.084734241546E-02,0.161694684831,0.323389369662,
    0.646778739324,1.293557478647,1.844279630848,2.395001783049,
    2.762149884516,2.97194879964,3.083841554373,3.14159265359),
  .UNSPECIFIED.);
#8259 = CARTESIAN_POINT('',(4.712388980385,-1.484590753119));
#8260 = CARTESIAN_POINT('',(4.771059115723,-1.484715016643));
#8261 = CARTESIAN_POINT('',(4.829921543982,-1.4845018794));
#8262 = CARTESIAN_POINT('',(4.888369557456,-1.48394916696));
#8263 = CARTESIAN_POINT('',(4.945769021358,-1.483062692313));
#8264 = CARTESIAN_POINT('',(5.001565310596,-1.481855471909));
#8265 = CARTESIAN_POINT('',(5.055343082038,-1.480346165841));
#8266 = CARTESIAN_POINT('',(5.10683888227,-1.478556742188));
#8267 = CARTESIAN_POINT('',(5.204974299412,-1.474461988818));
#8268 = CARTESIAN_POINT('',(5.251614265975,-1.472156698229));
#8269 = CARTESIAN_POINT('',(5.295678441955,-1.469615940322));
#8270 = CARTESIAN_POINT('',(5.337144715121,-1.466862884712));
#8271 = CARTESIAN_POINT('',(5.376076433437,-1.463919707156));
#8272 = CARTESIAN_POINT('',(5.41258901892,-1.460806577129));
#8273 = CARTESIAN_POINT('',(5.446823671529,-1.457541349871));
#8274 = CARTESIAN_POINT('',(5.54313714613,-1.447337188993));
#8275 = CARTESIAN_POINT('',(5.598825339254,-1.439989686272));
#8276 = CARTESIAN_POINT('',(5.647192456532,-1.432224833486));
#8277 = CARTESIAN_POINT('',(5.689554577487,-1.424135437242));
#8278 = CARTESIAN_POINT('',(5.726961000066,-1.415787181815));
#8279 = CARTESIAN_POINT('',(5.760207475779,-1.407227907189));
#8280 = CARTESIAN_POINT('',(5.789966725627,-1.398494916097));
#8281 = CARTESIAN_POINT('',(5.870337955065,-1.371859700402));
#8282 = CARTESIAN_POINT('',(5.912048241259,-1.353521565668));
#8283 = CARTESIAN_POINT('',(5.946084593965,-1.334828616596));
#8284 = CARTESIAN_POINT('',(5.974587116778,-1.315881069414));
#8285 = CARTESIAN_POINT('',(5.99889378609,-1.29674184995));
#8286 = CARTESIAN_POINT('',(6.019961307533,-1.277457863388));
#8287 = CARTESIAN_POINT('',(6.038426224646,-1.258056618247));
#8288 = CARTESIAN_POINT('',(6.087487684762,-1.199570640534));
#8289 = CARTESIAN_POINT('',(6.111748454696,-1.160203120508));
#8290 = CARTESIAN_POINT('',(6.13142132003,-1.120635011651));
#8291 = CARTESIAN_POINT('',(6.147693984453,-1.08091714144));
#8292 = CARTESIAN_POINT('',(6.161632160133,-1.041097851698));
#8293 = CARTESIAN_POINT('',(6.173711683336,-1.001197275397));
#8294 = CARTESIAN_POINT('',(6.184368682326,-0.961234853988));
#8295 = CARTESIAN_POINT('',(6.212900659386,-0.841198034272));
#8296 = CARTESIAN_POINT('',(6.22734267181,-0.760974387149));
#8297 = CARTESIAN_POINT('',(6.239479331814,-0.680651061508));
#8298 = CARTESIAN_POINT('',(6.249900440501,-0.600253363396));
#8299 = CARTESIAN_POINT('',(6.259237678547,-0.519808879669));
#8300 = CARTESIAN_POINT('',(6.274970172008,-0.370799843813));
#8301 = CARTESIAN_POINT('',(6.288732805965,-0.221705712626));
#8302 = CARTESIAN_POINT('',(6.301665080694,-7.257569208323E-02));
#8303 = CARTESIAN_POINT('',(6.30753066076,-3.988321301321E-03));
#8304 = CARTESIAN_POINT('',(6.313392790308,6.4599198495E-02));
#8305 = CARTESIAN_POINT('',(6.319330651243,0.1331834477));
#8306 = CARTESIAN_POINT('',(6.325434041163,0.201760546729));
#8307 = CARTESIAN_POINT('',(6.338194586189,0.338890817215));
#8308 = CARTESIAN_POINT('',(6.344851313287,0.407444007839));
#8309 = CARTESIAN_POINT('',(6.35190097583,0.475980213708));
#8310 = CARTESIAN_POINT('',(6.359469830481,0.544493985559));
#8311 = CARTESIAN_POINT('',(6.367751610393,0.612976924081));
#8312 = CARTESIAN_POINT('',(6.376992957328,0.681418347741));
#8313 = CARTESIAN_POINT('',(6.387559941889,0.749802400038));
#8314 = CARTESIAN_POINT('',(6.408691752959,0.863623111462));
#8315 = CARTESIAN_POINT('',(6.418084490278,0.909110611425));
#8316 = CARTESIAN_POINT('',(6.428644533553,0.954547469123));
#8317 = CARTESIAN_POINT('',(6.440726508167,0.999918042113));
#8318 = CARTESIAN_POINT('',(6.454719554611,1.045205719856));
#8319 = CARTESIAN_POINT('',(6.471477071602,1.090372400391));
#8320 = CARTESIAN_POINT('',(6.491956036926,1.135376924707));
#8321 = CARTESIAN_POINT('',(6.534752549636,1.205629354693));
#8322 = CARTESIAN_POINT('',(6.552521819205,1.231078114296));
#8323 = CARTESIAN_POINT('',(6.573060163313,1.256404697507));
#8324 = CARTESIAN_POINT('',(6.597192445637,1.281569179984));
#8325 = CARTESIAN_POINT('',(6.626013685252,1.306527894386));
#8326 = CARTESIAN_POINT('',(6.661505500087,1.331178420034));
#8327 = CARTESIAN_POINT('',(6.706441719947,1.355406135435));
#8328 = CARTESIAN_POINT('',(6.801507200739,1.391293863788));
#8329 = CARTESIAN_POINT('',(6.83942604568,1.403542634538));
#8330 = CARTESIAN_POINT('',(6.883363664417,1.415495472516));
#8331 = CARTESIAN_POINT('',(6.934823277373,1.427072358264));
#8332 = CARTESIAN_POINT('',(6.996060323167,1.438139970712));
#8333 = CARTESIAN_POINT('',(7.069669084276,1.448537050017));
#8334 = CARTESIAN_POINT('',(7.160495409873,1.457936246931));
#8335 = CARTESIAN_POINT('',(7.326985699494,1.470010676151));
#8336 = CARTESIAN_POINT('',(7.388722051154,1.473738906381));
#8337 = CARTESIAN_POINT('',(7.455755775659,1.477024542962));
#8338 = CARTESIAN_POINT('',(7.528127173034,1.479801781832));
#8339 = CARTESIAN_POINT('',(7.605475101246,1.48199742451));
#8340 = CARTESIAN_POINT('',(7.686739564473,1.483547010434));
#8341 = CARTESIAN_POINT('',(7.770162804418,1.484413224585));
#8342 = CARTESIAN_POINT('',(7.853981633974,1.484590753119));
#8343 = ( GEOMETRIC_REPRESENTATION_CONTEXT(2) 
PARAMETRIC_REPRESENTATION_CONTEXT() REPRESENTATION_CONTEXT('2D SPACE',''
  ) );
#8344 = PCURVE('',#8180,#8345);
#8345 = DEFINITIONAL_REPRESENTATION('',(#8346),#8350);
#8346 = LINE('',#8347,#8348);
#8347 = CARTESIAN_POINT('',(3.14159265359,0.));
#8348 = VECTOR('',#8349,1.);
#8349 = DIRECTION('',(-1.,-0.));
#8350 = ( GEOMETRIC_REPRESENTATION_CONTEXT(2) 
PARAMETRIC_REPRESENTATION_CONTEXT() REPRESENTATION_CONTEXT('2D SPACE',''
  ) );
#8351 = ADVANCED_FACE('',(#8352),#8180,.T.);
#8352 = FACE_BOUND('',#8353,.T.);
#8353 = EDGE_LOOP('',(#8354,#8391,#8510,#8542,#8574,#8595,#8596,#8597));
#8354 = ORIENTED_EDGE('',*,*,#8355,.F.);
#8355 = EDGE_CURVE('',#8356,#8358,#8360,.T.);
#8356 = VERTEX_POINT('',#8357);
#8357 = CARTESIAN_POINT('',(144.22553119498,-30.95036663305,
    84.224177190357));
#8358 = VERTEX_POINT('',#8359);
#8359 = CARTESIAN_POINT('',(144.40191457388,-31.02157599521,
    84.254287298634));
#8360 = SURFACE_CURVE('',#8361,(#8366,#8376),.PCURVE_S1.);
#8361 = ELLIPSE('',#8362,0.711742183012,0.65);
#8362 = AXIS2_PLACEMENT_3D('',#8363,#8364,#8365);
#8363 = CARTESIAN_POINT('',(144.4,-31.,83.6));
#8364 = DIRECTION('',(0.369858365321,0.928618419535,2.954015068102E-02)
  );
#8365 = DIRECTION('',(-0.889471167509,0.363093830901,-0.277495787592));
#8366 = PCURVE('',#8180,#8367);
#8367 = DEFINITIONAL_REPRESENTATION('',(#8368),#8375);
#8368 = B_SPLINE_CURVE_WITH_KNOTS('',5,(#8369,#8370,#8371,#8372,#8373,
    #8374),.UNSPECIFIED.,.F.,.F.,(6,6),(1.570796337765,1.842626387498),
  .PIECEWISE_BEZIER_KNOTS.);
#8369 = CARTESIAN_POINT('',(6.011355257457,4.066325119089));
#8370 = CARTESIAN_POINT('',(6.065721267403,4.050561138331));
#8371 = CARTESIAN_POINT('',(6.120087277349,4.034797157158));
#8372 = CARTESIAN_POINT('',(6.174453287297,4.019130246984));
#8373 = CARTESIAN_POINT('',(6.228819297243,4.003657468738));
#8374 = CARTESIAN_POINT('',(6.28318530719,3.988472323256));
#8375 = ( GEOMETRIC_REPRESENTATION_CONTEXT(2) 
PARAMETRIC_REPRESENTATION_CONTEXT() REPRESENTATION_CONTEXT('2D SPACE',''
  ) );
#8376 = PCURVE('',#8377,#8382);
#8377 = CYLINDRICAL_SURFACE('',#8378,0.65);
#8378 = AXIS2_PLACEMENT_3D('',#8379,#8380,#8381);
#8379 = CARTESIAN_POINT('',(144.4,-31.,83.6));
#8380 = DIRECTION('',(0.700140042014,0.700140042014,0.140028008403));
#8381 = DIRECTION('',(0.707106781187,-0.707106781187,0.));
#8382 = DEFINITIONAL_REPRESENTATION('',(#8383),#8390);
#8383 = B_SPLINE_CURVE_WITH_KNOTS('',5,(#8384,#8385,#8386,#8387,#8388,
    #8389),.UNSPECIFIED.,.F.,.F.,(6,6),(1.570796337765,1.842626387498),
  .PIECEWISE_BEZIER_KNOTS.);
#8384 = CARTESIAN_POINT('',(4.466116083055,3.180886665177E-09));
#8385 = CARTESIAN_POINT('',(4.520482093001,1.57639839383E-02));
#8386 = CARTESIAN_POINT('',(4.574848102948,3.152796511157E-02));
#8387 = CARTESIAN_POINT('',(4.629214112895,4.719487528504E-02));
#8388 = CARTESIAN_POINT('',(4.683580122841,6.266765353171E-02));
#8389 = CARTESIAN_POINT('',(4.737946132788,7.785279901316E-02));
#8390 = ( GEOMETRIC_REPRESENTATION_CONTEXT(2) 
PARAMETRIC_REPRESENTATION_CONTEXT() REPRESENTATION_CONTEXT('2D SPACE',''
  ) );
#8391 = ORIENTED_EDGE('',*,*,#8392,.F.);
#8392 = EDGE_CURVE('',#8393,#8356,#8395,.T.);
#8393 = VERTEX_POINT('',#8394);
#8394 = CARTESIAN_POINT('',(144.57446880501,-31.04963336694,
    82.975822809643));
#8395 = SURFACE_CURVE('',#8396,(#8401,#8408),.PCURVE_S1.);
#8396 = CIRCLE('',#8397,0.65);
#8397 = AXIS2_PLACEMENT_3D('',#8398,#8399,#8400);
#8398 = CARTESIAN_POINT('',(144.4,-31.,83.6));
#8399 = DIRECTION('',(-2.459222934544E-02,0.995985288491,
    -8.607280270906E-02));
#8400 = DIRECTION('',(8.673617379884E-19,8.609884197836E-02,
    0.996286600035));
#8401 = PCURVE('',#8180,#8402);
#8402 = DEFINITIONAL_REPRESENTATION('',(#8403),#8407);
#8403 = LINE('',#8404,#8405);
#8404 = CARTESIAN_POINT('',(0.,4.066325122269));
#8405 = VECTOR('',#8406,1.);
#8406 = DIRECTION('',(1.,0.));
#8407 = ( GEOMETRIC_REPRESENTATION_CONTEXT(2) 
PARAMETRIC_REPRESENTATION_CONTEXT() REPRESENTATION_CONTEXT('2D SPACE',''
  ) );
#8408 = PCURVE('',#8409,#8414);
#8409 = SPHERICAL_SURFACE('',#8410,0.65);
#8410 = AXIS2_PLACEMENT_3D('',#8411,#8412,#8413);
#8411 = CARTESIAN_POINT('',(144.4,-31.,83.6));
#8412 = DIRECTION('',(0.,0.,1.));
#8413 = DIRECTION('',(1.,0.,-0.));
#8414 = DEFINITIONAL_REPRESENTATION('',(#8415),#8509);
#8415 = B_SPLINE_CURVE_WITH_KNOTS('',8,(#8416,#8417,#8418,#8419,#8420,
    #8421,#8422,#8423,#8424,#8425,#8426,#8427,#8428,#8429,#8430,#8431,
    #8432,#8433,#8434,#8435,#8436,#8437,#8438,#8439,#8440,#8441,#8442,
    #8443,#8444,#8445,#8446,#8447,#8448,#8449,#8450,#8451,#8452,#8453,
    #8454,#8455,#8456,#8457,#8458,#8459,#8460,#8461,#8462,#8463,#8464,
    #8465,#8466,#8467,#8468,#8469,#8470,#8471,#8472,#8473,#8474,#8475,
    #8476,#8477,#8478,#8479,#8480,#8481,#8482,#8483,#8484,#8485,#8486,
    #8487,#8488,#8489,#8490,#8491,#8492,#8493,#8494,#8495,#8496,#8497,
    #8498,#8499,#8500,#8501,#8502,#8503,#8504,#8505,#8506,#8507,#8508),
  .UNSPECIFIED.,.F.,.F.,(9,7,7,7,7,7,7,7,7,7,7,7,7,9),(2.869762592897,
    2.967937363321,3.06304417217,3.109111532706,3.154459090734,
    3.243737095602,3.330225162817,3.497795793046,3.811990724726,
    4.361831855166,5.186593550826,5.598974398656,5.805164822571,
    6.011355246486),.UNSPECIFIED.);
#8416 = CARTESIAN_POINT('',(6.006024599846,-1.287977421457));
#8417 = CARTESIAN_POINT('',(5.992461178749,-1.299650961921));
#8418 = CARTESIAN_POINT('',(5.977651992019,-1.311268117905));
#8419 = CARTESIAN_POINT('',(5.961400402292,-1.322819783387));
#8420 = CARTESIAN_POINT('',(5.94345539681,-1.334293929725));
#8421 = CARTESIAN_POINT('',(5.923504284166,-1.345675623455));
#8422 = CARTESIAN_POINT('',(5.901141380496,-1.356945295898));
#8423 = CARTESIAN_POINT('',(5.875812685098,-1.368075264546));
#8424 = CARTESIAN_POINT('',(5.818569035271,-1.389631584123));
#8425 = CARTESIAN_POINT('',(5.786884604354,-1.40006902593));
#8426 = CARTESIAN_POINT('',(5.750967070391,-1.410299105391));
#8427 = CARTESIAN_POINT('',(5.709912956987,-1.42027258286));
#8428 = CARTESIAN_POINT('',(5.662480079925,-1.429919179505));
#8429 = CARTESIAN_POINT('',(5.607163649772,-1.439145572698));
#8430 = CARTESIAN_POINT('',(5.541680062094,-1.447802431008));
#8431 = CARTESIAN_POINT('',(5.426563296963,-1.459488185853));
#8432 = CARTESIAN_POINT('',(5.386166272858,-1.463117437021));
#8433 = CARTESIAN_POINT('',(5.342726002537,-1.466538200732));
#8434 = CARTESIAN_POINT('',(5.296041115533,-1.469722787417));
#8435 = CARTESIAN_POINT('',(5.245972025634,-1.472639548384));
#8436 = CARTESIAN_POINT('',(5.19249829699,-1.475253841661));
#8437 = CARTESIAN_POINT('',(5.135780861801,-1.477530725555));
#8438 = CARTESIAN_POINT('',(5.017607813843,-1.481318211588));
#8439 = CARTESIAN_POINT('',(4.956238062624,-1.482840229984));
#8440 = CARTESIAN_POINT('',(4.892506114061,-1.483976167789));
#8441 = CARTESIAN_POINT('',(4.826994593208,-1.484700394958));
#8442 = CARTESIAN_POINT('',(4.760539407134,-1.484995706967));
#8443 = CARTESIAN_POINT('',(4.694095473918,-1.484857531588));
#8444 = CARTESIAN_POINT('',(4.628549500221,-1.484294936567));
#8445 = CARTESIAN_POINT('',(4.438753043202,-1.481417873397));
#8446 = CARTESIAN_POINT('',(4.319146561224,-1.477934591318));
#8447 = CARTESIAN_POINT('',(4.211282620616,-1.473011012568));
#8448 = CARTESIAN_POINT('',(4.118249497282,-1.466934843522));
#8449 = CARTESIAN_POINT('',(4.037627567974,-1.459994776123));
#8450 = CARTESIAN_POINT('',(3.968000497699,-1.452368738483));
#8451 = CARTESIAN_POINT('',(3.907473511565,-1.444208898414));
#8452 = CARTESIAN_POINT('',(3.803345174279,-1.42730331546));
#8453 = CARTESIAN_POINT('',(3.759271445486,-1.418584037824));
#8454 = CARTESIAN_POINT('',(3.720995577594,-1.409562800732));
#8455 = CARTESIAN_POINT('',(3.687392930131,-1.400305769847));
#8456 = CARTESIAN_POINT('',(3.657622745269,-1.390859503306));
#8457 = CARTESIAN_POINT('',(3.631052914804,-1.381258430169));
#8458 = CARTESIAN_POINT('',(3.607169752923,-1.371528787587));
#8459 = CARTESIAN_POINT('',(3.543736262162,-1.342630056951));
#8460 = CARTESIAN_POINT('',(3.510485691845,-1.323163075506));
#8461 = CARTESIAN_POINT('',(3.482913886706,-1.303437204595));
#8462 = CARTESIAN_POINT('',(3.459527707528,-1.283521606827));
#8463 = CARTESIAN_POINT('',(3.439362991514,-1.263460840797));
#8464 = CARTESIAN_POINT('',(3.421714569437,-1.243288168568));
#8465 = CARTESIAN_POINT('',(3.406114892446,-1.223024130611));
#8466 = CARTESIAN_POINT('',(3.366087155267,-1.164551454921));
#8467 = CARTESIAN_POINT('',(3.345881022,-1.126155649014));
#8468 = CARTESIAN_POINT('',(3.329178782395,-1.087606586872));
#8469 = CARTESIAN_POINT('',(3.315075318567,-1.04894360346));
#8470 = CARTESIAN_POINT('',(3.302849697662,-1.01019890466));
#8471 = CARTESIAN_POINT('',(3.292115496871,-0.971389167248));
#8472 = CARTESIAN_POINT('',(3.282552655136,-0.932528511768));
#8473 = CARTESIAN_POINT('',(3.258874869767,-0.825547863662));
#8474 = CARTESIAN_POINT('',(3.246721580708,-0.757342646549));
#8475 = CARTESIAN_POINT('',(3.236302282176,-0.689062349277));
#8476 = CARTESIAN_POINT('',(3.227128634054,-0.620728125223));
#8477 = CARTESIAN_POINT('',(3.218877437986,-0.552353982044));
#8478 = CARTESIAN_POINT('',(3.211291990943,-0.483951071338));
#8479 = CARTESIAN_POINT('',(3.204224827865,-0.415525747538));
#8480 = CARTESIAN_POINT('',(3.187500180006,-0.244421676821));
#8481 = CARTESIAN_POINT('',(3.178317336889,-0.141722415061));
#8482 = CARTESIAN_POINT('',(3.169537139049,-3.900576761465E-02));
#8483 = CARTESIAN_POINT('',(3.160893803651,6.371679300404E-02));
#8484 = CARTESIAN_POINT('',(3.152129185228,0.166434114596));
#8485 = CARTESIAN_POINT('',(3.142976036253,0.269134654093));
#8486 = CARTESIAN_POINT('',(3.133112319255,0.37180450591));
#8487 = CARTESIAN_POINT('',(3.116291562345,0.525721716672));
#8488 = CARTESIAN_POINT('',(3.110345745273,0.577012798432));
#8489 = CARTESIAN_POINT('',(3.103986264312,0.628285993926));
#8490 = CARTESIAN_POINT('',(3.097102837609,0.679536515851));
#8491 = CARTESIAN_POINT('',(3.089564321658,0.730758678491));
#8492 = CARTESIAN_POINT('',(3.081197144853,0.781944956328));
#8493 = CARTESIAN_POINT('',(3.071727520194,0.833083443472));
#8494 = CARTESIAN_POINT('',(3.055167395605,0.909688849144));
#8495 = CARTESIAN_POINT('',(3.049254061122,0.935206899553));
#8496 = CARTESIAN_POINT('',(3.042888945656,0.960705314415));
#8497 = CARTESIAN_POINT('',(3.035996660382,0.986180793315));
#8498 = CARTESIAN_POINT('',(3.028485166013,1.011629306795));
#8499 = CARTESIAN_POINT('',(3.020236560441,1.03704568565));
#8500 = CARTESIAN_POINT('',(3.011088403676,1.06242277888));
#8501 = CARTESIAN_POINT('',(2.990522756533,1.113077581752));
#8502 = CARTESIAN_POINT('',(2.979105932134,1.138355331978));
#8503 = CARTESIAN_POINT('',(2.966312005226,1.163572592187));
#8504 = CARTESIAN_POINT('',(2.951843911903,1.188716358154));
#8505 = CARTESIAN_POINT('',(2.93524711863,1.21376610066));
#8506 = CARTESIAN_POINT('',(2.915912944385,1.238694539734));
#8507 = CARTESIAN_POINT('',(2.89291836424,1.263460203373));
#8508 = CARTESIAN_POINT('',(2.864431946256,1.287977421457));
#8509 = ( GEOMETRIC_REPRESENTATION_CONTEXT(2) 
PARAMETRIC_REPRESENTATION_CONTEXT() REPRESENTATION_CONTEXT('2D SPACE',''
  ) );
#8510 = ORIENTED_EDGE('',*,*,#8511,.F.);
#8511 = EDGE_CURVE('',#8512,#8393,#8514,.T.);
#8512 = VERTEX_POINT('',#8513);
#8513 = CARTESIAN_POINT('',(145.05650683105,-31.26273198448,
    83.639377484657));
#8514 = SURFACE_CURVE('',#8515,(#8520,#8531),.PCURVE_S1.);
#8515 = ELLIPSE('',#8516,0.711742183012,0.65);
#8516 = AXIS2_PLACEMENT_3D('',#8517,#8518,#8519);
#8517 = CARTESIAN_POINT('',(144.4,-31.,83.6));
#8518 = DIRECTION('',(0.369858365321,0.928618419535,2.954015068102E-02)
  );
#8519 = DIRECTION('',(-0.889471167509,0.363093830901,-0.277495787592));
#8520 = PCURVE('',#8180,#8521);
#8521 = DEFINITIONAL_REPRESENTATION('',(#8522),#8530);
#8522 = B_SPLINE_CURVE_WITH_KNOTS('',6,(#8523,#8524,#8525,#8526,#8527,
    #8528,#8529),.UNSPECIFIED.,.F.,.F.,(7,7),(3.387865561891,
    4.7123889809),.PIECEWISE_BEZIER_KNOTS.);
#8523 = CARTESIAN_POINT('',(1.545239174403,3.785113633887));
#8524 = CARTESIAN_POINT('',(1.765993077571,3.800718661379));
#8525 = CARTESIAN_POINT('',(1.986746980739,3.832766826292));
#8526 = CARTESIAN_POINT('',(2.207500883907,3.8799018424));
#8527 = CARTESIAN_POINT('',(2.428254787075,3.938307347808));
#8528 = CARTESIAN_POINT('',(2.649008690243,4.002315269846));
#8529 = CARTESIAN_POINT('',(2.869762593412,4.066325122419));
#8530 = ( GEOMETRIC_REPRESENTATION_CONTEXT(2) 
PARAMETRIC_REPRESENTATION_CONTEXT() REPRESENTATION_CONTEXT('2D SPACE',''
  ) );
#8531 = PCURVE('',#8377,#8532);
#8532 = DEFINITIONAL_REPRESENTATION('',(#8533),#8541);
#8533 = B_SPLINE_CURVE_WITH_KNOTS('',6,(#8534,#8535,#8536,#8537,#8538,
    #8539,#8540),.UNSPECIFIED.,.F.,.F.,(7,7),(3.387865561891,
    4.7123889809),.PIECEWISE_BEZIER_KNOTS.);
#8534 = CARTESIAN_POINT('',(1.027554110176E-12,0.281211488383));
#8535 = CARTESIAN_POINT('',(0.220753903169,0.26560646089));
#8536 = CARTESIAN_POINT('',(0.441507806337,0.233558295978));
#8537 = CARTESIAN_POINT('',(0.662261709505,0.186423279869));
#8538 = CARTESIAN_POINT('',(0.883015612673,0.128017774461));
#8539 = CARTESIAN_POINT('',(1.103769515841,6.400985242374E-02));
#8540 = CARTESIAN_POINT('',(1.32452341901,-1.492566070738E-10));
#8541 = ( GEOMETRIC_REPRESENTATION_CONTEXT(2) 
PARAMETRIC_REPRESENTATION_CONTEXT() REPRESENTATION_CONTEXT('2D SPACE',''
  ) );
#8542 = ORIENTED_EDGE('',*,*,#8543,.F.);
#8543 = EDGE_CURVE('',#8358,#8512,#8544,.T.);
#8544 = SURFACE_CURVE('',#8545,(#8550,#8562),.PCURVE_S1.);
#8545 = ELLIPSE('',#8546,0.711742183012,0.65);
#8546 = AXIS2_PLACEMENT_3D('',#8547,#8548,#8549);
#8547 = CARTESIAN_POINT('',(144.4,-31.,83.6));
#8548 = DIRECTION('',(0.369858365321,0.928618419535,2.954015068102E-02)
  );
#8549 = DIRECTION('',(-0.889471167509,0.363093830901,-0.277495787592));
#8550 = PCURVE('',#8180,#8551);
#8551 = DEFINITIONAL_REPRESENTATION('',(#8552),#8561);
#8552 = B_SPLINE_CURVE_WITH_KNOTS('',7,(#8553,#8554,#8555,#8556,#8557,
    #8558,#8559,#8560),.UNSPECIFIED.,.F.,.F.,(8,8),(1.842626387498,
    3.387865561891),.PIECEWISE_BEZIER_KNOTS.);
#8553 = CARTESIAN_POINT('',(1.01006382745E-11,3.988472323256));
#8554 = CARTESIAN_POINT('',(0.220748453495,3.926814361154));
#8555 = CARTESIAN_POINT('',(0.44149690698,3.869582740807));
#8556 = CARTESIAN_POINT('',(0.662245360463,3.821682609849));
#8557 = CARTESIAN_POINT('',(0.88299381395,3.787501989318));
#8558 = CARTESIAN_POINT('',(1.103742267433,3.769891963677));
#8559 = CARTESIAN_POINT('',(1.324490720918,3.769508991631));
#8560 = CARTESIAN_POINT('',(1.545239174403,3.785113633887));
#8561 = ( GEOMETRIC_REPRESENTATION_CONTEXT(2) 
PARAMETRIC_REPRESENTATION_CONTEXT() REPRESENTATION_CONTEXT('2D SPACE',''
  ) );
#8562 = PCURVE('',#8377,#8563);
#8563 = DEFINITIONAL_REPRESENTATION('',(#8564),#8573);
#8564 = B_SPLINE_CURVE_WITH_KNOTS('',7,(#8565,#8566,#8567,#8568,#8569,
    #8570,#8571,#8572),.UNSPECIFIED.,.F.,.F.,(8,8),(1.842626387498,
    3.387865561891),.PIECEWISE_BEZIER_KNOTS.);
#8565 = CARTESIAN_POINT('',(4.737946132788,7.785279901316E-02));
#8566 = CARTESIAN_POINT('',(4.958694586272,0.139510761116));
#8567 = CARTESIAN_POINT('',(5.179443039757,0.196742381462));
#8568 = CARTESIAN_POINT('',(5.400191493242,0.244642512422));
#8569 = CARTESIAN_POINT('',(5.620939946726,0.278823132952));
#8570 = CARTESIAN_POINT('',(5.841688400211,0.296433158592));
#8571 = CARTESIAN_POINT('',(6.062436853696,0.296816130638));
#8572 = CARTESIAN_POINT('',(6.283185307181,0.281211488383));
#8573 = ( GEOMETRIC_REPRESENTATION_CONTEXT(2) 
PARAMETRIC_REPRESENTATION_CONTEXT() REPRESENTATION_CONTEXT('2D SPACE',''
  ) );
#8574 = ORIENTED_EDGE('',*,*,#8575,.F.);
#8575 = EDGE_CURVE('',#8128,#8358,#8576,.T.);
#8576 = SEAM_CURVE('',#8577,(#8581,#8588),.PCURVE_S1.);
#8577 = LINE('',#8578,#8579);
#8578 = CARTESIAN_POINT('',(144.5,-34.99403575271,84.597586290023));
#8579 = VECTOR('',#8580,1.);
#8580 = DIRECTION('',(-2.459222934544E-02,0.995985288491,
    -8.607280270906E-02));
#8581 = PCURVE('',#8180,#8582);
#8582 = DEFINITIONAL_REPRESENTATION('',(#8583),#8587);
#8583 = LINE('',#8584,#8585);
#8584 = CARTESIAN_POINT('',(0.,-0.));
#8585 = VECTOR('',#8586,1.);
#8586 = DIRECTION('',(0.,1.));
#8587 = ( GEOMETRIC_REPRESENTATION_CONTEXT(2) 
PARAMETRIC_REPRESENTATION_CONTEXT() REPRESENTATION_CONTEXT('2D SPACE',''
  ) );
#8588 = PCURVE('',#8180,#8589);
#8589 = DEFINITIONAL_REPRESENTATION('',(#8590),#8594);
#8590 = LINE('',#8591,#8592);
#8591 = CARTESIAN_POINT('',(6.28318530718,-0.));
#8592 = VECTOR('',#8593,1.);
#8593 = DIRECTION('',(0.,1.));
#8594 = ( GEOMETRIC_REPRESENTATION_CONTEXT(2) 
PARAMETRIC_REPRESENTATION_CONTEXT() REPRESENTATION_CONTEXT('2D SPACE',''
  ) );
#8595 = ORIENTED_EDGE('',*,*,#8249,.F.);
#8596 = ORIENTED_EDGE('',*,*,#8157,.T.);
#8597 = ORIENTED_EDGE('',*,*,#8575,.T.);
#8598 = ADVANCED_FACE('',(#8599),#8377,.T.);
#8599 = FACE_BOUND('',#8600,.T.);
#8600 = EDGE_LOOP('',(#8601,#8642,#8740,#8772,#8793,#8794,#8822,#8913,
    #8914,#8915));
#8601 = ORIENTED_EDGE('',*,*,#8602,.F.);
#8602 = EDGE_CURVE('',#8603,#8605,#8607,.T.);
#8603 = VERTEX_POINT('',#8604);
#8604 = CARTESIAN_POINT('',(148.4,-27.12747548784,85.037377439199));
#8605 = VERTEX_POINT('',#8606);
#8606 = CARTESIAN_POINT('',(148.67034208736,-27.64889672817,
    84.362144535919));
#8607 = SURFACE_CURVE('',#8608,(#8613,#8625),.PCURVE_S1.);
#8608 = ELLIPSE('',#8609,0.704994950593,0.65);
#8609 = AXIS2_PLACEMENT_3D('',#8610,#8611,#8612);
#8610 = CARTESIAN_POINT('',(148.4,-27.,84.4));
#8611 = DIRECTION('',(0.92199241917,0.379688611021,7.59377222043E-02));
#8612 = DIRECTION('',(-0.387207927337,0.904087949372,0.180817589874));
#8613 = PCURVE('',#8377,#8614);
#8614 = DEFINITIONAL_REPRESENTATION('',(#8615),#8624);
#8615 = B_SPLINE_CURVE_WITH_KNOTS('',7,(#8616,#8617,#8618,#8619,#8620,
    #8621,#8622,#8623),.UNSPECIFIED.,.F.,.F.,(8,8),(1.570796325582,
    3.002469242222),.PIECEWISE_BEZIER_KNOTS.);
#8616 = CARTESIAN_POINT('',(4.851512390539,5.713142743165));
#8617 = CARTESIAN_POINT('',(5.056037092916,5.657311664848));
#8618 = CARTESIAN_POINT('',(5.260561795293,5.601480696552));
#8619 = CARTESIAN_POINT('',(5.465086497672,5.549463505133));
#8620 = CARTESIAN_POINT('',(5.669611200048,5.505077912397));
#8621 = CARTESIAN_POINT('',(5.874135902425,5.47147879134));
#8622 = CARTESIAN_POINT('',(6.078660604802,5.450543032994));
#8623 = CARTESIAN_POINT('',(6.283185307179,5.442800655469));
#8624 = ( GEOMETRIC_REPRESENTATION_CONTEXT(2) 
PARAMETRIC_REPRESENTATION_CONTEXT() REPRESENTATION_CONTEXT('2D SPACE',''
  ) );
#8625 = PCURVE('',#8626,#8631);
#8626 = CYLINDRICAL_SURFACE('',#8627,0.65);
#8627 = AXIS2_PLACEMENT_3D('',#8628,#8629,#8630);
#8628 = CARTESIAN_POINT('',(148.4,-27.,84.4));
#8629 = DIRECTION('',(1.,0.,0.));
#8630 = DIRECTION('',(-0.,0.,1.));
#8631 = DEFINITIONAL_REPRESENTATION('',(#8632),#8641);
#8632 = B_SPLINE_CURVE_WITH_KNOTS('',7,(#8633,#8634,#8635,#8636,#8637,
    #8638,#8639,#8640),.UNSPECIFIED.,.F.,.F.,(8,8),(1.570796325582,
    3.002469242222),.PIECEWISE_BEZIER_KNOTS.);
#8633 = CARTESIAN_POINT('',(0.197395558637,-3.311413365736E-10));
#8634 = CARTESIAN_POINT('',(0.401920261014,5.583107798646E-02));
#8635 = CARTESIAN_POINT('',(0.606444963391,0.111662046283));
#8636 = CARTESIAN_POINT('',(0.810969665768,0.1636792377));
#8637 = CARTESIAN_POINT('',(1.015494368146,0.208064830441));
#8638 = CARTESIAN_POINT('',(1.220019070523,0.241663951493));
#8639 = CARTESIAN_POINT('',(1.4245437729,0.262599709841));
#8640 = CARTESIAN_POINT('',(1.629068475277,0.270342087365));
#8641 = ( GEOMETRIC_REPRESENTATION_CONTEXT(2) 
PARAMETRIC_REPRESENTATION_CONTEXT() REPRESENTATION_CONTEXT('2D SPACE',''
  ) );
#8642 = ORIENTED_EDGE('',*,*,#8643,.F.);
#8643 = EDGE_CURVE('',#8644,#8603,#8646,.T.);
#8644 = VERTEX_POINT('',#8645);
#8645 = CARTESIAN_POINT('',(148.4,-26.87252451216,83.762622560801));
#8646 = SURFACE_CURVE('',#8647,(#8652,#8659),.PCURVE_S1.);
#8647 = CIRCLE('',#8648,0.65);
#8648 = AXIS2_PLACEMENT_3D('',#8649,#8650,#8651);
#8649 = CARTESIAN_POINT('',(148.4,-27.,84.4));
#8650 = DIRECTION('',(0.700140042014,0.700140042014,0.140028008403));
#8651 = DIRECTION('',(0.707106781187,-0.707106781187,0.));
#8652 = PCURVE('',#8377,#8653);
#8653 = DEFINITIONAL_REPRESENTATION('',(#8654),#8658);
#8654 = LINE('',#8655,#8656);
#8655 = CARTESIAN_POINT('',(0.,5.713142742834));
#8656 = VECTOR('',#8657,1.);
#8657 = DIRECTION('',(1.,0.));
#8658 = ( GEOMETRIC_REPRESENTATION_CONTEXT(2) 
PARAMETRIC_REPRESENTATION_CONTEXT() REPRESENTATION_CONTEXT('2D SPACE',''
  ) );
#8659 = PCURVE('',#8660,#8665);
#8660 = SPHERICAL_SURFACE('',#8661,0.65);
#8661 = AXIS2_PLACEMENT_3D('',#8662,#8663,#8664);
#8662 = CARTESIAN_POINT('',(148.4,-27.,84.4));
#8663 = DIRECTION('',(0.,0.,1.));
#8664 = DIRECTION('',(1.,0.,-0.));
#8665 = DEFINITIONAL_REPRESENTATION('',(#8666),#8739);
#8666 = B_SPLINE_CURVE_WITH_KNOTS('',8,(#8667,#8668,#8669,#8670,#8671,
    #8672,#8673,#8674,#8675,#8676,#8677,#8678,#8679,#8680,#8681,#8682,
    #8683,#8684,#8685,#8686,#8687,#8688,#8689,#8690,#8691,#8692,#8693,
    #8694,#8695,#8696,#8697,#8698,#8699,#8700,#8701,#8702,#8703,#8704,
    #8705,#8706,#8707,#8708,#8709,#8710,#8711,#8712,#8713,#8714,#8715,
    #8716,#8717,#8718,#8719,#8720,#8721,#8722,#8723,#8724,#8725,#8726,
    #8727,#8728,#8729,#8730,#8731,#8732,#8733,#8734,#8735,#8736,#8737,
    #8738),.UNSPECIFIED.,.F.,.F.,(9,7,7,7,7,7,7,7,7,7,9),(1.709919738162
    ,1.906269279012,2.274424668104,2.918696599016,3.885104495384,
    4.126706469476,4.489109430614,4.579710170899,4.647660726112,
    4.749586558932,4.851512391752),.UNSPECIFIED.);
#8667 = CARTESIAN_POINT('',(1.570796326795,-1.373400766945));
#8668 = CARTESIAN_POINT('',(1.660153241052,-1.356216744973));
#8669 = CARTESIAN_POINT('',(1.731958995551,-1.337277708006));
#8670 = CARTESIAN_POINT('',(1.790257255319,-1.317196231207));
#8671 = CARTESIAN_POINT('',(1.839056825116,-1.296323446405));
#8672 = CARTESIAN_POINT('',(1.880361799796,-1.274856613856));
#8673 = CARTESIAN_POINT('',(1.915968057456,-1.25294183515));
#8674 = CARTESIAN_POINT('',(1.946980584732,-1.230673334144));
#8675 = CARTESIAN_POINT('',(2.025483391349,-1.165839069665));
#8676 = CARTESIAN_POINT('',(2.063642155551,-1.122562388009));
#8677 = CARTESIAN_POINT('',(2.09448493887,-1.078754645192));
#8678 = CARTESIAN_POINT('',(2.120052493286,-1.034557387385));
#8679 = CARTESIAN_POINT('',(2.141914263774,-0.990095005464));
#8680 = CARTESIAN_POINT('',(2.160893919955,-0.945423297802));
#8681 = CARTESIAN_POINT('',(2.177654213149,-0.900592563711));
#8682 = CARTESIAN_POINT('',(2.218866440362,-0.77695824794));
#8683 = CARTESIAN_POINT('',(2.239663280339,-0.697892782649));
#8684 = CARTESIAN_POINT('',(2.257452649559,-0.618613964587));
#8685 = CARTESIAN_POINT('',(2.273064320916,-0.539180188775));
#8686 = CARTESIAN_POINT('',(2.28722066051,-0.459643523596));
#8687 = CARTESIAN_POINT('',(2.300292517756,-0.380029944556));
#8688 = CARTESIAN_POINT('',(2.31262162637,-0.30036383726));
#8689 = CARTESIAN_POINT('',(2.342232746827,-0.101112837387));
#8690 = CARTESIAN_POINT('',(2.35891325844,1.851459243039E-02));
#8691 = CARTESIAN_POINT('',(2.375372801451,0.138157686266));
#8692 = CARTESIAN_POINT('',(2.392317011141,0.257766241987));
#8693 = CARTESIAN_POINT('',(2.410214155794,0.377308061915));
#8694 = CARTESIAN_POINT('',(2.430348499384,0.496690752035));
#8695 = CARTESIAN_POINT('',(2.453542970238,0.615857922058));
#8696 = CARTESIAN_POINT('',(2.491930041161,0.764147169648));
#8697 = CARTESIAN_POINT('',(2.500077636095,0.793771496098));
#8698 = CARTESIAN_POINT('',(2.508764789864,0.8233573173));
#8699 = CARTESIAN_POINT('',(2.518078548254,0.852898346329));
#8700 = CARTESIAN_POINT('',(2.528124520384,0.882386950489));
#8701 = CARTESIAN_POINT('',(2.539036074701,0.911813463775));
#8702 = CARTESIAN_POINT('',(2.550991835328,0.941164852814));
#8703 = CARTESIAN_POINT('',(2.584115943942,1.014309561563));
#8704 = CARTESIAN_POINT('',(2.606900683206,1.057985404294));
#8705 = CARTESIAN_POINT('',(2.633453808064,1.101392674519));
#8706 = CARTESIAN_POINT('',(2.664967718003,1.144420940492));
#8707 = CARTESIAN_POINT('',(2.703346036194,1.186979752084));
#8708 = CARTESIAN_POINT('',(2.751698439031,1.228742759505));
#8709 = CARTESIAN_POINT('',(2.815063477258,1.269442207579));
#8710 = CARTESIAN_POINT('',(2.932224747832,1.317164881911));
#8711 = CARTESIAN_POINT('',(2.957553713991,1.326551811487));
#8712 = CARTESIAN_POINT('',(2.985021299255,1.335758171967));
#8713 = CARTESIAN_POINT('',(3.014899768615,1.344756433482));
#8714 = CARTESIAN_POINT('',(3.047511736821,1.35351280676));
#8715 = CARTESIAN_POINT('',(3.083230272,1.3619853881));
#8716 = CARTESIAN_POINT('',(3.122459111072,1.370122142625));
#8717 = CARTESIAN_POINT('',(3.197943393881,1.383661163263));
#8718 = CARTESIAN_POINT('',(3.23249017901,1.389238544044));
#8719 = CARTESIAN_POINT('',(3.269397122812,1.394563674958));
#8720 = CARTESIAN_POINT('',(3.30882387905,1.399605935478));
#8721 = CARTESIAN_POINT('',(3.350907317292,1.404330419159));
#8722 = CARTESIAN_POINT('',(3.395733196843,1.408698356761));
#8723 = CARTESIAN_POINT('',(3.443298172095,1.412668821134));
#8724 = CARTESIAN_POINT('',(3.568708065133,1.421501052973));
#8725 = CARTESIAN_POINT('',(3.649803464784,1.425815959566));
#8726 = CARTESIAN_POINT('',(3.736275838462,1.429010920709));
#8727 = CARTESIAN_POINT('',(3.827024931601,1.430958716836));
#8728 = CARTESIAN_POINT('',(3.919987920548,1.431554699478));
#8729 = CARTESIAN_POINT('',(4.012239721809,1.430791592121));
#8730 = CARTESIAN_POINT('',(4.101650451484,1.428737198631));
#8731 = CARTESIAN_POINT('',(4.271854655326,1.422256762267));
#8732 = CARTESIAN_POINT('',(4.352651796066,1.417830862349));
#8733 = CARTESIAN_POINT('',(4.427673906141,1.412324297556));
#8734 = CARTESIAN_POINT('',(4.496241058016,1.405884455885));
#8735 = CARTESIAN_POINT('',(4.558475343368,1.398657313644));
#8736 = CARTESIAN_POINT('',(4.614891318488,1.390768536166));
#8737 = CARTESIAN_POINT('',(4.666003448417,1.382321061554));
#8738 = CARTESIAN_POINT('',(4.712388980384,1.373400766945));
#8739 = ( GEOMETRIC_REPRESENTATION_CONTEXT(2) 
PARAMETRIC_REPRESENTATION_CONTEXT() REPRESENTATION_CONTEXT('2D SPACE',''
  ) );
#8740 = ORIENTED_EDGE('',*,*,#8741,.F.);
#8741 = EDGE_CURVE('',#8605,#8644,#8742,.T.);
#8742 = SURFACE_CURVE('',#8743,(#8748,#8760),.PCURVE_S1.);
#8743 = ELLIPSE('',#8744,0.704994950593,0.65);
#8744 = AXIS2_PLACEMENT_3D('',#8745,#8746,#8747);
#8745 = CARTESIAN_POINT('',(148.4,-27.,84.4));
#8746 = DIRECTION('',(0.92199241917,0.379688611021,7.59377222043E-02));
#8747 = DIRECTION('',(-0.387207927337,0.904087949372,0.180817589874));
#8748 = PCURVE('',#8377,#8749);
#8749 = DEFINITIONAL_REPRESENTATION('',(#8750),#8759);
#8750 = B_SPLINE_CURVE_WITH_KNOTS('',7,(#8751,#8752,#8753,#8754,#8755,
    #8756,#8757,#8758),.UNSPECIFIED.,.F.,.F.,(8,8),(3.002469242222,
    4.712388977152),.PIECEWISE_BEZIER_KNOTS.);
#8751 = CARTESIAN_POINT('',(-8.704148513061E-14,5.442800655469));
#8752 = CARTESIAN_POINT('',(0.244274247847,5.433553540454));
#8753 = CARTESIAN_POINT('',(0.488548495694,5.443126846628));
#8754 = CARTESIAN_POINT('',(0.732822743541,5.472416953341));
#8755 = CARTESIAN_POINT('',(0.977096991389,5.519593337096));
#8756 = CARTESIAN_POINT('',(1.221371239235,5.579779475474));
#8757 = CARTESIAN_POINT('',(1.465645487082,5.646460847276));
#8758 = CARTESIAN_POINT('',(1.709919734929,5.713142741952));
#8759 = ( GEOMETRIC_REPRESENTATION_CONTEXT(2) 
PARAMETRIC_REPRESENTATION_CONTEXT() REPRESENTATION_CONTEXT('2D SPACE',''
  ) );
#8760 = PCURVE('',#8626,#8761);
#8761 = DEFINITIONAL_REPRESENTATION('',(#8762),#8771);
#8762 = B_SPLINE_CURVE_WITH_KNOTS('',7,(#8763,#8764,#8765,#8766,#8767,
    #8768,#8769,#8770),.UNSPECIFIED.,.F.,.F.,(8,8),(3.002469242222,
    4.712388977152),.PIECEWISE_BEZIER_KNOTS.);
#8763 = CARTESIAN_POINT('',(1.629068475277,0.270342087365));
#8764 = CARTESIAN_POINT('',(1.873342723124,0.279589202381));
#8765 = CARTESIAN_POINT('',(2.117616970971,0.270015896206));
#8766 = CARTESIAN_POINT('',(2.36189121882,0.240725789493));
#8767 = CARTESIAN_POINT('',(2.606165466665,0.193549405738));
#8768 = CARTESIAN_POINT('',(2.850439714513,0.133363267361));
#8769 = CARTESIAN_POINT('',(3.09471396236,6.668189555835E-02));
#8770 = CARTESIAN_POINT('',(3.338988210207,8.825224995235E-10));
#8771 = ( GEOMETRIC_REPRESENTATION_CONTEXT(2) 
PARAMETRIC_REPRESENTATION_CONTEXT() REPRESENTATION_CONTEXT('2D SPACE',''
  ) );
#8772 = ORIENTED_EDGE('',*,*,#8773,.F.);
#8773 = EDGE_CURVE('',#8512,#8605,#8774,.T.);
#8774 = SEAM_CURVE('',#8775,(#8779,#8786),.PCURVE_S1.);
#8775 = LINE('',#8776,#8777);
#8776 = CARTESIAN_POINT('',(144.85961940777,-31.45961940777,83.6));
#8777 = VECTOR('',#8778,1.);
#8778 = DIRECTION('',(0.700140042014,0.700140042014,0.140028008403));
#8779 = PCURVE('',#8377,#8780);
#8780 = DEFINITIONAL_REPRESENTATION('',(#8781),#8785);
#8781 = LINE('',#8782,#8783);
#8782 = CARTESIAN_POINT('',(6.28318530718,-0.));
#8783 = VECTOR('',#8784,1.);
#8784 = DIRECTION('',(0.,1.));
#8785 = ( GEOMETRIC_REPRESENTATION_CONTEXT(2) 
PARAMETRIC_REPRESENTATION_CONTEXT() REPRESENTATION_CONTEXT('2D SPACE',''
  ) );
#8786 = PCURVE('',#8377,#8787);
#8787 = DEFINITIONAL_REPRESENTATION('',(#8788),#8792);
#8788 = LINE('',#8789,#8790);
#8789 = CARTESIAN_POINT('',(0.,-0.));
#8790 = VECTOR('',#8791,1.);
#8791 = DIRECTION('',(0.,1.));
#8792 = ( GEOMETRIC_REPRESENTATION_CONTEXT(2) 
PARAMETRIC_REPRESENTATION_CONTEXT() REPRESENTATION_CONTEXT('2D SPACE',''
  ) );
#8793 = ORIENTED_EDGE('',*,*,#8511,.T.);
#8794 = ORIENTED_EDGE('',*,*,#8795,.T.);
#8795 = EDGE_CURVE('',#8393,#8796,#8798,.T.);
#8796 = VERTEX_POINT('',#8797);
#8797 = CARTESIAN_POINT('',(144.52747548784,-31.,82.962622560801));
#8798 = SURFACE_CURVE('',#8799,(#8804,#8811),.PCURVE_S1.);
#8799 = CIRCLE('',#8800,0.65);
#8800 = AXIS2_PLACEMENT_3D('',#8801,#8802,#8803);
#8801 = CARTESIAN_POINT('',(144.4,-31.,83.6));
#8802 = DIRECTION('',(0.700140042014,0.700140042014,0.140028008403));
#8803 = DIRECTION('',(0.707106781187,-0.707106781187,0.));
#8804 = PCURVE('',#8377,#8805);
#8805 = DEFINITIONAL_REPRESENTATION('',(#8806),#8810);
#8806 = LINE('',#8807,#8808);
#8807 = CARTESIAN_POINT('',(0.,0.));
#8808 = VECTOR('',#8809,1.);
#8809 = DIRECTION('',(1.,0.));
#8810 = ( GEOMETRIC_REPRESENTATION_CONTEXT(2) 
PARAMETRIC_REPRESENTATION_CONTEXT() REPRESENTATION_CONTEXT('2D SPACE',''
  ) );
#8811 = PCURVE('',#8409,#8812);
#8812 = DEFINITIONAL_REPRESENTATION('',(#8813),#8821);
#8813 = B_SPLINE_CURVE_WITH_KNOTS('',6,(#8814,#8815,#8816,#8817,#8818,
    #8819,#8820),.UNSPECIFIED.,.F.,.F.,(7,7),(1.324523418495,
    1.431672915427),.PIECEWISE_BEZIER_KNOTS.);
#8814 = CARTESIAN_POINT('',(6.006024599846,-1.287977421457));
#8815 = CARTESIAN_POINT('',(6.038135108942,-1.303424743754));
#8816 = CARTESIAN_POINT('',(6.074339320697,-1.318540544816));
#8817 = CARTESIAN_POINT('',(6.115553518314,-1.333242979652));
#8818 = CARTESIAN_POINT('',(6.162909856884,-1.347418614091));
#8819 = CARTESIAN_POINT('',(6.218168274333,-1.360897491398));
#8820 = CARTESIAN_POINT('',(6.283185307179,-1.373400766945));
#8821 = ( GEOMETRIC_REPRESENTATION_CONTEXT(2) 
PARAMETRIC_REPRESENTATION_CONTEXT() REPRESENTATION_CONTEXT('2D SPACE',''
  ) );
#8822 = ORIENTED_EDGE('',*,*,#8823,.T.);
#8823 = EDGE_CURVE('',#8796,#8356,#8824,.T.);
#8824 = SURFACE_CURVE('',#8825,(#8830,#8837),.PCURVE_S1.);
#8825 = CIRCLE('',#8826,0.65);
#8826 = AXIS2_PLACEMENT_3D('',#8827,#8828,#8829);
#8827 = CARTESIAN_POINT('',(144.4,-31.,83.6));
#8828 = DIRECTION('',(0.700140042014,0.700140042014,0.140028008403));
#8829 = DIRECTION('',(0.707106781187,-0.707106781187,0.));
#8830 = PCURVE('',#8377,#8831);
#8831 = DEFINITIONAL_REPRESENTATION('',(#8832),#8836);
#8832 = LINE('',#8833,#8834);
#8833 = CARTESIAN_POINT('',(0.,0.));
#8834 = VECTOR('',#8835,1.);
#8835 = DIRECTION('',(1.,0.));
#8836 = ( GEOMETRIC_REPRESENTATION_CONTEXT(2) 
PARAMETRIC_REPRESENTATION_CONTEXT() REPRESENTATION_CONTEXT('2D SPACE',''
  ) );
#8837 = PCURVE('',#8409,#8838);
#8838 = DEFINITIONAL_REPRESENTATION('',(#8839),#8912);
#8839 = B_SPLINE_CURVE_WITH_KNOTS('',8,(#8840,#8841,#8842,#8843,#8844,
    #8845,#8846,#8847,#8848,#8849,#8850,#8851,#8852,#8853,#8854,#8855,
    #8856,#8857,#8858,#8859,#8860,#8861,#8862,#8863,#8864,#8865,#8866,
    #8867,#8868,#8869,#8870,#8871,#8872,#8873,#8874,#8875,#8876,#8877,
    #8878,#8879,#8880,#8881,#8882,#8883,#8884,#8885,#8886,#8887,#8888,
    #8889,#8890,#8891,#8892,#8893,#8894,#8895,#8896,#8897,#8898,#8899,
    #8900,#8901,#8902,#8903,#8904,#8905,#8906,#8907,#8908,#8909,#8910,
    #8911),.UNSPECIFIED.,.F.,.F.,(9,7,7,7,7,7,7,7,7,7,9),(1.431672915427
    ,1.526499264073,1.618362289323,1.707354595035,1.87977718735,
    2.203069547942,2.768831178978,3.617473625531,4.041794848808,
    4.253955460446,4.466116072084),.UNSPECIFIED.);
#8840 = CARTESIAN_POINT('',(-2.779998453661E-13,-1.373400766945));
#8841 = CARTESIAN_POINT('',(4.315462042076E-02,-1.381699732411));
#8842 = CARTESIAN_POINT('',(9.040103827713E-02,-1.389589422236));
#8843 = CARTESIAN_POINT('',(0.142200186366,-1.397000839632));
#8844 = CARTESIAN_POINT('',(0.198977800874,-1.403851732935));
#8845 = CARTESIAN_POINT('',(0.261142776632,-1.410043662258));
#8846 = CARTESIAN_POINT('',(0.328850965095,-1.415462684482));
#8847 = CARTESIAN_POINT('',(0.40173573655,-1.419990439693));
#8848 = CARTESIAN_POINT('',(0.553508429129,-1.426963717595));
#8849 = CARTESIAN_POINT('',(0.632139203749,-1.429469682735));
#8850 = CARTESIAN_POINT('',(0.713840826627,-1.430965170834));
#8851 = CARTESIAN_POINT('',(0.79725820527,-1.431380593822));
#8852 = CARTESIAN_POINT('',(0.880473235079,-1.430693182315));
#8853 = CARTESIAN_POINT('',(0.961609413124,-1.428935322495));
#8854 = CARTESIAN_POINT('',(1.039411881033,-1.426182456423));
#8855 = CARTESIAN_POINT('',(1.184461085608,-1.41897796534));
#8856 = CARTESIAN_POINT('',(1.251963450351,-1.414582288636));
#8857 = CARTESIAN_POINT('',(1.314875608856,-1.409417162051));
#8858 = CARTESIAN_POINT('',(1.372941118634,-1.403579481503));
#8859 = CARTESIAN_POINT('',(1.426287830241,-1.397162323168));
#8860 = CARTESIAN_POINT('',(1.475237201511,-1.390247110576));
#8861 = CARTESIAN_POINT('',(1.52013949044,-1.382902910483));
#8862 = CARTESIAN_POINT('',(1.641262847791,-1.360241134417));
#8863 = CARTESIAN_POINT('',(1.707376659412,-1.343903258218));
#8864 = CARTESIAN_POINT('',(1.762438690851,-1.326600413592));
#8865 = CARTESIAN_POINT('',(1.809262560379,-1.30860209515));
#8866 = CARTESIAN_POINT('',(1.849512311591,-1.290070660816));
#8867 = CARTESIAN_POINT('',(1.884581839922,-1.271126545221));
#8868 = CARTESIAN_POINT('',(1.915424670159,-1.251851901946));
#8869 = CARTESIAN_POINT('',(1.994115205529,-1.195666448693));
#8870 = CARTESIAN_POINT('',(2.033225765602,-1.158081087403));
#8871 = CARTESIAN_POINT('',(2.065050133479,-1.119960765087));
#8872 = CARTESIAN_POINT('',(2.0916273546,-1.081450684631));
#8873 = CARTESIAN_POINT('',(2.11439616645,-1.042665651431));
#8874 = CARTESIAN_POINT('',(2.134207721962,-1.003664907834));
#8875 = CARTESIAN_POINT('',(2.151703406577,-0.964497274117));
#8876 = CARTESIAN_POINT('',(2.194689105203,-0.856417020575));
#8877 = CARTESIAN_POINT('',(2.216335680879,-0.787227764891));
#8878 = CARTESIAN_POINT('',(2.234705905718,-0.717805437613));
#8879 = CARTESIAN_POINT('',(2.250681063929,-0.64821225877));
#8880 = CARTESIAN_POINT('',(2.264991368353,-0.57850114978));
#8881 = CARTESIAN_POINT('',(2.27802227399,-0.508699162401));
#8882 = CARTESIAN_POINT('',(2.290109111236,-0.438830318689));
#8883 = CARTESIAN_POINT('',(2.318566529975,-0.264033581728));
#8884 = CARTESIAN_POINT('',(2.334058343213,-0.159043461992));
#8885 = CARTESIAN_POINT('',(2.348795176614,-5.400001798469E-02));
#8886 = CARTESIAN_POINT('',(2.363247592931,5.106354506212E-02));
#8887 = CARTESIAN_POINT('',(2.377865723014,0.156115389781));
#8888 = CARTESIAN_POINT('',(2.393111892481,0.261122832816));
#8889 = CARTESIAN_POINT('',(2.409535713748,0.366047062489));
#8890 = CARTESIAN_POINT('',(2.43758936158,0.523191098505));
#8891 = CARTESIAN_POINT('',(2.447510089676,0.575532071171));
#8892 = CARTESIAN_POINT('',(2.458141073851,0.627822639821));
#8893 = CARTESIAN_POINT('',(2.469651035786,0.68005081976));
#8894 = CARTESIAN_POINT('',(2.48227812099,0.732199543605));
#8895 = CARTESIAN_POINT('',(2.496334720486,0.78424644348));
#8896 = CARTESIAN_POINT('',(2.512275069172,0.836158914377));
#8897 = CARTESIAN_POINT('',(2.540249998265,0.913735785349));
#8898 = CARTESIAN_POINT('',(2.550252854422,0.939546062052));
#8899 = CARTESIAN_POINT('',(2.561035569493,0.965300255905));
#8900 = CARTESIAN_POINT('',(2.572728666157,0.990988786998));
#8901 = CARTESIAN_POINT('',(2.585492016178,1.016599921388));
#8902 = CARTESIAN_POINT('',(2.599530402782,1.042118565947));
#8903 = CARTESIAN_POINT('',(2.61512383988,1.067523834732));
#8904 = CARTESIAN_POINT('',(2.650221456397,1.118046939032));
#8905 = CARTESIAN_POINT('',(2.669726055509,1.143164810944));
#8906 = CARTESIAN_POINT('',(2.691589371365,1.16810795357));
#8907 = CARTESIAN_POINT('',(2.716339512296,1.192837137758));
#8908 = CARTESIAN_POINT('',(2.744697952193,1.217294627376));
#8909 = CARTESIAN_POINT('',(2.777665578501,1.241401574446));
#8910 = CARTESIAN_POINT('',(2.816746804622,1.265037649638));
#8911 = CARTESIAN_POINT('',(2.864431946256,1.287977421457));
#8912 = ( GEOMETRIC_REPRESENTATION_CONTEXT(2) 
PARAMETRIC_REPRESENTATION_CONTEXT() REPRESENTATION_CONTEXT('2D SPACE',''
  ) );
#8913 = ORIENTED_EDGE('',*,*,#8355,.T.);
#8914 = ORIENTED_EDGE('',*,*,#8543,.T.);
#8915 = ORIENTED_EDGE('',*,*,#8773,.T.);
#8916 = ADVANCED_FACE('',(#8917),#8409,.T.);
#8917 = FACE_BOUND('',#8918,.T.);
#8918 = EDGE_LOOP('',(#8919,#8920,#8944,#8945,#8946));
#8919 = ORIENTED_EDGE('',*,*,#8823,.F.);
#8920 = ORIENTED_EDGE('',*,*,#8921,.F.);
#8921 = EDGE_CURVE('',#8922,#8796,#8924,.T.);
#8922 = VERTEX_POINT('',#8923);
#8923 = CARTESIAN_POINT('',(144.4,-31.,82.95));
#8924 = SEAM_CURVE('',#8925,(#8930,#8937),.PCURVE_S1.);
#8925 = CIRCLE('',#8926,0.65);
#8926 = AXIS2_PLACEMENT_3D('',#8927,#8928,#8929);
#8927 = CARTESIAN_POINT('',(144.4,-31.,83.6));
#8928 = DIRECTION('',(-2.449293598295E-16,-1.,0.));
#8929 = DIRECTION('',(1.,-2.449293598295E-16,0.));
#8930 = PCURVE('',#8409,#8931);
#8931 = DEFINITIONAL_REPRESENTATION('',(#8932),#8936);
#8932 = LINE('',#8933,#8934);
#8933 = CARTESIAN_POINT('',(6.28318530718,-6.28318530718));
#8934 = VECTOR('',#8935,1.);
#8935 = DIRECTION('',(0.,1.));
#8936 = ( GEOMETRIC_REPRESENTATION_CONTEXT(2) 
PARAMETRIC_REPRESENTATION_CONTEXT() REPRESENTATION_CONTEXT('2D SPACE',''
  ) );
#8937 = PCURVE('',#8409,#8938);
#8938 = DEFINITIONAL_REPRESENTATION('',(#8939),#8943);
#8939 = LINE('',#8940,#8941);
#8940 = CARTESIAN_POINT('',(0.,-6.28318530718));
#8941 = VECTOR('',#8942,1.);
#8942 = DIRECTION('',(0.,1.));
#8943 = ( GEOMETRIC_REPRESENTATION_CONTEXT(2) 
PARAMETRIC_REPRESENTATION_CONTEXT() REPRESENTATION_CONTEXT('2D SPACE',''
  ) );
#8944 = ORIENTED_EDGE('',*,*,#8921,.T.);
#8945 = ORIENTED_EDGE('',*,*,#8795,.F.);
#8946 = ORIENTED_EDGE('',*,*,#8392,.T.);
#8947 = ADVANCED_FACE('',(#8948),#8626,.T.);
#8948 = FACE_BOUND('',#8949,.T.);
#8949 = EDGE_LOOP('',(#8950,#8975,#9003,#9044,#9065,#9066,#9088,#9089,
    #9090));
#8950 = ORIENTED_EDGE('',*,*,#8951,.T.);
#8951 = EDGE_CURVE('',#8952,#8954,#8956,.T.);
#8952 = VERTEX_POINT('',#8953);
#8953 = CARTESIAN_POINT('',(148.4,-27.,85.05));
#8954 = VERTEX_POINT('',#8955);
#8955 = CARTESIAN_POINT('',(186.8,-27.,85.05));
#8956 = SEAM_CURVE('',#8957,(#8961,#8968),.PCURVE_S1.);
#8957 = LINE('',#8958,#8959);
#8958 = CARTESIAN_POINT('',(148.4,-27.,85.05));
#8959 = VECTOR('',#8960,1.);
#8960 = DIRECTION('',(1.,0.,0.));
#8961 = PCURVE('',#8626,#8962);
#8962 = DEFINITIONAL_REPRESENTATION('',(#8963),#8967);
#8963 = LINE('',#8964,#8965);
#8964 = CARTESIAN_POINT('',(6.28318530718,-0.));
#8965 = VECTOR('',#8966,1.);
#8966 = DIRECTION('',(0.,1.));
#8967 = ( GEOMETRIC_REPRESENTATION_CONTEXT(2) 
PARAMETRIC_REPRESENTATION_CONTEXT() REPRESENTATION_CONTEXT('2D SPACE',''
  ) );
#8968 = PCURVE('',#8626,#8969);
#8969 = DEFINITIONAL_REPRESENTATION('',(#8970),#8974);
#8970 = LINE('',#8971,#8972);
#8971 = CARTESIAN_POINT('',(0.,-0.));
#8972 = VECTOR('',#8973,1.);
#8973 = DIRECTION('',(0.,1.));
#8974 = ( GEOMETRIC_REPRESENTATION_CONTEXT(2) 
PARAMETRIC_REPRESENTATION_CONTEXT() REPRESENTATION_CONTEXT('2D SPACE',''
  ) );
#8975 = ORIENTED_EDGE('',*,*,#8976,.F.);
#8976 = EDGE_CURVE('',#8977,#8954,#8979,.T.);
#8977 = VERTEX_POINT('',#8978);
#8978 = CARTESIAN_POINT('',(186.8,-26.35,84.4));
#8979 = SURFACE_CURVE('',#8980,(#8985,#8992),.PCURVE_S1.);
#8980 = CIRCLE('',#8981,0.65);
#8981 = AXIS2_PLACEMENT_3D('',#8982,#8983,#8984);
#8982 = CARTESIAN_POINT('',(186.8,-27.,84.4));
#8983 = DIRECTION('',(1.,0.,0.));
#8984 = DIRECTION('',(-0.,0.,1.));
#8985 = PCURVE('',#8626,#8986);
#8986 = DEFINITIONAL_REPRESENTATION('',(#8987),#8991);
#8987 = LINE('',#8988,#8989);
#8988 = CARTESIAN_POINT('',(0.,38.4));
#8989 = VECTOR('',#8990,1.);
#8990 = DIRECTION('',(1.,0.));
#8991 = ( GEOMETRIC_REPRESENTATION_CONTEXT(2) 
PARAMETRIC_REPRESENTATION_CONTEXT() REPRESENTATION_CONTEXT('2D SPACE',''
  ) );
#8992 = PCURVE('',#8993,#8998);
#8993 = SPHERICAL_SURFACE('',#8994,0.65);
#8994 = AXIS2_PLACEMENT_3D('',#8995,#8996,#8997);
#8995 = CARTESIAN_POINT('',(186.8,-27.,84.4));
#8996 = DIRECTION('',(0.,0.,1.));
#8997 = DIRECTION('',(1.,0.,-0.));
#8998 = DEFINITIONAL_REPRESENTATION('',(#8999),#9002);
#8999 = B_SPLINE_CURVE_WITH_KNOTS('',1,(#9000,#9001),.UNSPECIFIED.,.F.,
  .F.,(2,2),(4.712388980385,6.28318530718),.PIECEWISE_BEZIER_KNOTS.);
#9000 = CARTESIAN_POINT('',(7.853981633974,-2.22044604925E-14));
#9001 = CARTESIAN_POINT('',(7.853981633974,1.570796326795));
#9002 = ( GEOMETRIC_REPRESENTATION_CONTEXT(2) 
PARAMETRIC_REPRESENTATION_CONTEXT() REPRESENTATION_CONTEXT('2D SPACE',''
  ) );
#9003 = ORIENTED_EDGE('',*,*,#9004,.F.);
#9004 = EDGE_CURVE('',#9005,#8977,#9007,.T.);
#9005 = VERTEX_POINT('',#9006);
#9006 = CARTESIAN_POINT('',(186.8,-27.65,84.4));
#9007 = SURFACE_CURVE('',#9008,(#9013,#9026),.PCURVE_S1.);
#9008 = ELLIPSE('',#9009,0.658502947202,0.65);
#9009 = AXIS2_PLACEMENT_3D('',#9010,#9011,#9012);
#9010 = CARTESIAN_POINT('',(186.8,-27.,84.4));
#9011 = DIRECTION('',(0.987087457637,0.,-0.160182243007));
#9012 = DIRECTION('',(0.160182243007,0.,0.987087457637));
#9013 = PCURVE('',#8626,#9014);
#9014 = DEFINITIONAL_REPRESENTATION('',(#9015),#9025);
#9015 = B_SPLINE_CURVE_WITH_KNOTS('',8,(#9016,#9017,#9018,#9019,#9020,
    #9021,#9022,#9023,#9024),.UNSPECIFIED.,.F.,.F.,(9,9),(1.570796326795
    ,4.712388980385),.PIECEWISE_BEZIER_KNOTS.);
#9016 = CARTESIAN_POINT('',(1.570796326795,38.4));
#9017 = CARTESIAN_POINT('',(1.963495408494,38.358577912717));
#9018 = CARTESIAN_POINT('',(2.356194490192,38.317155495126));
#9019 = CARTESIAN_POINT('',(2.748893571885,38.285470421528));
#9020 = CARTESIAN_POINT('',(3.141592653586,38.273233713582));
#9021 = CARTESIAN_POINT('',(3.534291735281,38.285470421601));
#9022 = CARTESIAN_POINT('',(3.926990816987,38.317155495126));
#9023 = CARTESIAN_POINT('',(4.319689898686,38.358577912717));
#9024 = CARTESIAN_POINT('',(4.712388980385,38.4));
#9025 = ( GEOMETRIC_REPRESENTATION_CONTEXT(2) 
PARAMETRIC_REPRESENTATION_CONTEXT() REPRESENTATION_CONTEXT('2D SPACE',''
  ) );
#9026 = PCURVE('',#9027,#9032);
#9027 = CYLINDRICAL_SURFACE('',#9028,0.65);
#9028 = AXIS2_PLACEMENT_3D('',#9029,#9030,#9031);
#9029 = CARTESIAN_POINT('',(186.8,-27.,84.4));
#9030 = DIRECTION('',(0.948683298051,0.,-0.316227766017));
#9031 = DIRECTION('',(0.316227766017,0.,0.948683298051));
#9032 = DEFINITIONAL_REPRESENTATION('',(#9033),#9043);
#9033 = B_SPLINE_CURVE_WITH_KNOTS('',8,(#9034,#9035,#9036,#9037,#9038,
    #9039,#9040,#9041,#9042),.UNSPECIFIED.,.F.,.F.,(9,9),(1.570796326795
    ,4.712388980385),.PIECEWISE_BEZIER_KNOTS.);
#9034 = CARTESIAN_POINT('',(1.570796326795,0.));
#9035 = CARTESIAN_POINT('',(1.963495408494,4.142208728342E-02));
#9036 = CARTESIAN_POINT('',(2.356194490189,8.284450484666E-02));
#9037 = CARTESIAN_POINT('',(2.748893571899,0.114529578412));
#9038 = CARTESIAN_POINT('',(3.141592653572,0.126766286458));
#9039 = CARTESIAN_POINT('',(3.53429173529,0.114529578412));
#9040 = CARTESIAN_POINT('',(3.926990816987,8.284450484662E-02));
#9041 = CARTESIAN_POINT('',(4.319689898686,4.142208728342E-02));
#9042 = CARTESIAN_POINT('',(4.712388980385,0.));
#9043 = ( GEOMETRIC_REPRESENTATION_CONTEXT(2) 
PARAMETRIC_REPRESENTATION_CONTEXT() REPRESENTATION_CONTEXT('2D SPACE',''
  ) );
#9044 = ORIENTED_EDGE('',*,*,#9045,.F.);
#9045 = EDGE_CURVE('',#8954,#9005,#9046,.T.);
#9046 = SURFACE_CURVE('',#9047,(#9052,#9059),.PCURVE_S1.);
#9047 = CIRCLE('',#9048,0.65);
#9048 = AXIS2_PLACEMENT_3D('',#9049,#9050,#9051);
#9049 = CARTESIAN_POINT('',(186.8,-27.,84.4));
#9050 = DIRECTION('',(1.,0.,0.));
#9051 = DIRECTION('',(-0.,0.,1.));
#9052 = PCURVE('',#8626,#9053);
#9053 = DEFINITIONAL_REPRESENTATION('',(#9054),#9058);
#9054 = LINE('',#9055,#9056);
#9055 = CARTESIAN_POINT('',(0.,38.4));
#9056 = VECTOR('',#9057,1.);
#9057 = DIRECTION('',(1.,0.));
#9058 = ( GEOMETRIC_REPRESENTATION_CONTEXT(2) 
PARAMETRIC_REPRESENTATION_CONTEXT() REPRESENTATION_CONTEXT('2D SPACE',''
  ) );
#9059 = PCURVE('',#8993,#9060);
#9060 = DEFINITIONAL_REPRESENTATION('',(#9061),#9064);
#9061 = B_SPLINE_CURVE_WITH_KNOTS('',1,(#9062,#9063),.UNSPECIFIED.,.F.,
  .F.,(2,2),(0.,1.570796326795),.PIECEWISE_BEZIER_KNOTS.);
#9062 = CARTESIAN_POINT('',(4.712388980385,1.570796326795));
#9063 = CARTESIAN_POINT('',(4.712388980385,4.374278717023E-14));
#9064 = ( GEOMETRIC_REPRESENTATION_CONTEXT(2) 
PARAMETRIC_REPRESENTATION_CONTEXT() REPRESENTATION_CONTEXT('2D SPACE',''
  ) );
#9065 = ORIENTED_EDGE('',*,*,#8951,.F.);
#9066 = ORIENTED_EDGE('',*,*,#9067,.T.);
#9067 = EDGE_CURVE('',#8952,#8603,#9068,.T.);
#9068 = SURFACE_CURVE('',#9069,(#9074,#9081),.PCURVE_S1.);
#9069 = CIRCLE('',#9070,0.65);
#9070 = AXIS2_PLACEMENT_3D('',#9071,#9072,#9073);
#9071 = CARTESIAN_POINT('',(148.4,-27.,84.4));
#9072 = DIRECTION('',(1.,0.,0.));
#9073 = DIRECTION('',(-0.,0.,1.));
#9074 = PCURVE('',#8626,#9075);
#9075 = DEFINITIONAL_REPRESENTATION('',(#9076),#9080);
#9076 = LINE('',#9077,#9078);
#9077 = CARTESIAN_POINT('',(0.,0.));
#9078 = VECTOR('',#9079,1.);
#9079 = DIRECTION('',(1.,0.));
#9080 = ( GEOMETRIC_REPRESENTATION_CONTEXT(2) 
PARAMETRIC_REPRESENTATION_CONTEXT() REPRESENTATION_CONTEXT('2D SPACE',''
  ) );
#9081 = PCURVE('',#8660,#9082);
#9082 = DEFINITIONAL_REPRESENTATION('',(#9083),#9087);
#9083 = LINE('',#9084,#9085);
#9084 = CARTESIAN_POINT('',(4.712388980385,1.570796326795));
#9085 = VECTOR('',#9086,1.);
#9086 = DIRECTION('',(0.,-1.));
#9087 = ( GEOMETRIC_REPRESENTATION_CONTEXT(2) 
PARAMETRIC_REPRESENTATION_CONTEXT() REPRESENTATION_CONTEXT('2D SPACE',''
  ) );
#9088 = ORIENTED_EDGE('',*,*,#8602,.T.);
#9089 = ORIENTED_EDGE('',*,*,#8741,.T.);
#9090 = ORIENTED_EDGE('',*,*,#9091,.T.);
#9091 = EDGE_CURVE('',#8644,#8952,#9092,.T.);
#9092 = SURFACE_CURVE('',#9093,(#9098,#9105),.PCURVE_S1.);
#9093 = CIRCLE('',#9094,0.65);
#9094 = AXIS2_PLACEMENT_3D('',#9095,#9096,#9097);
#9095 = CARTESIAN_POINT('',(148.4,-27.,84.4));
#9096 = DIRECTION('',(1.,0.,0.));
#9097 = DIRECTION('',(-0.,0.,1.));
#9098 = PCURVE('',#8626,#9099);
#9099 = DEFINITIONAL_REPRESENTATION('',(#9100),#9104);
#9100 = LINE('',#9101,#9102);
#9101 = CARTESIAN_POINT('',(0.,0.));
#9102 = VECTOR('',#9103,1.);
#9103 = DIRECTION('',(1.,0.));
#9104 = ( GEOMETRIC_REPRESENTATION_CONTEXT(2) 
PARAMETRIC_REPRESENTATION_CONTEXT() REPRESENTATION_CONTEXT('2D SPACE',''
  ) );
#9105 = PCURVE('',#8660,#9106);
#9106 = DEFINITIONAL_REPRESENTATION('',(#9107),#9111);
#9107 = LINE('',#9108,#9109);
#9108 = CARTESIAN_POINT('',(1.570796326795,-4.712388980385));
#9109 = VECTOR('',#9110,1.);
#9110 = DIRECTION('',(-0.,1.));
#9111 = ( GEOMETRIC_REPRESENTATION_CONTEXT(2) 
PARAMETRIC_REPRESENTATION_CONTEXT() REPRESENTATION_CONTEXT('2D SPACE',''
  ) );
#9112 = ADVANCED_FACE('',(#9113),#8660,.T.);
#9113 = FACE_BOUND('',#9114,.T.);
#9114 = EDGE_LOOP('',(#9115,#9116,#9117));
#9115 = ORIENTED_EDGE('',*,*,#9067,.F.);
#9116 = ORIENTED_EDGE('',*,*,#9091,.F.);
#9117 = ORIENTED_EDGE('',*,*,#8643,.T.);
#9118 = ADVANCED_FACE('',(#9119),#8993,.T.);
#9119 = FACE_BOUND('',#9120,.T.);
#9120 = EDGE_LOOP('',(#9121,#9168,#9217,#9218));
#9121 = ORIENTED_EDGE('',*,*,#9122,.F.);
#9122 = EDGE_CURVE('',#9123,#9005,#9125,.T.);
#9123 = VERTEX_POINT('',#9124);
#9124 = CARTESIAN_POINT('',(187.00554804791,-27.,85.016644143733));
#9125 = SURFACE_CURVE('',#9126,(#9131,#9161),.PCURVE_S1.);
#9126 = CIRCLE('',#9127,0.65);
#9127 = AXIS2_PLACEMENT_3D('',#9128,#9129,#9130);
#9128 = CARTESIAN_POINT('',(186.8,-27.,84.4));
#9129 = DIRECTION('',(0.948683298051,0.,-0.316227766017));
#9130 = DIRECTION('',(0.316227766017,0.,0.948683298051));
#9131 = PCURVE('',#8993,#9132);
#9132 = DEFINITIONAL_REPRESENTATION('',(#9133),#9160);
#9133 = B_SPLINE_CURVE_WITH_KNOTS('',7,(#9134,#9135,#9136,#9137,#9138,
    #9139,#9140,#9141,#9142,#9143,#9144,#9145,#9146,#9147,#9148,#9149,
    #9150,#9151,#9152,#9153,#9154,#9155,#9156,#9157,#9158,#9159),
  .UNSPECIFIED.,.F.,.F.,(8,6,6,6,8),(0.,0.196349540849,0.539961237336,
    1.055378782065,1.570796326795),.UNSPECIFIED.);
#9134 = CARTESIAN_POINT('',(6.28318530718,1.249045772398));
#9135 = CARTESIAN_POINT('',(6.194483626235,1.249045772398));
#9136 = CARTESIAN_POINT('',(6.105783705978,1.246292047934));
#9137 = CARTESIAN_POINT('',(6.019122479883,1.240784103956));
#9138 = CARTESIAN_POINT('',(5.936613429813,1.232671888881));
#9139 = CARTESIAN_POINT('',(5.8593910559,1.222252557515));
#9140 = CARTESIAN_POINT('',(5.787773139111,1.20982016471));
#9141 = CARTESIAN_POINT('',(5.606080794472,1.170856700126));
#9142 = CARTESIAN_POINT('',(5.507445337565,1.140743060347));
#9143 = CARTESIAN_POINT('',(5.425450337497,1.106801385486));
#9144 = CARTESIAN_POINT('',(5.355764782998,1.07025505977));
#9145 = CARTESIAN_POINT('',(5.295936993432,1.031720364609));
#9146 = CARTESIAN_POINT('',(5.243810340922,0.991698777896));
#9147 = CARTESIAN_POINT('',(5.12895309774,0.888730055423));
#9148 = CARTESIAN_POINT('',(5.07394685582,0.824328586402));
#9149 = CARTESIAN_POINT('',(5.027636103992,0.758417099367));
#9150 = CARTESIAN_POINT('',(4.987464411634,0.691422735783));
#9151 = CARTESIAN_POINT('',(4.951779129009,0.623666713891));
#9152 = CARTESIAN_POINT('',(4.919449668751,0.555336565393));
#9153 = CARTESIAN_POINT('',(4.859849480746,0.41782053676));
#9154 = CARTESIAN_POINT('',(4.83257765206,0.348634467226));
#9155 = CARTESIAN_POINT('',(4.807011798181,0.279162581871));
#9156 = CARTESIAN_POINT('',(4.782610737508,0.209496250861));
#9157 = CARTESIAN_POINT('',(4.758958095252,0.139705001731));
#9158 = CARTESIAN_POINT('',(4.735673171633,6.985257374392E-02));
#9159 = CARTESIAN_POINT('',(4.712388980385,4.372570681601E-14));
#9160 = ( GEOMETRIC_REPRESENTATION_CONTEXT(2) 
PARAMETRIC_REPRESENTATION_CONTEXT() REPRESENTATION_CONTEXT('2D SPACE',''
  ) );
#9161 = PCURVE('',#9027,#9162);
#9162 = DEFINITIONAL_REPRESENTATION('',(#9163),#9167);
#9163 = LINE('',#9164,#9165);
#9164 = CARTESIAN_POINT('',(0.,0.));
#9165 = VECTOR('',#9166,1.);
#9166 = DIRECTION('',(1.,0.));
#9167 = ( GEOMETRIC_REPRESENTATION_CONTEXT(2) 
PARAMETRIC_REPRESENTATION_CONTEXT() REPRESENTATION_CONTEXT('2D SPACE',''
  ) );
#9168 = ORIENTED_EDGE('',*,*,#9169,.F.);
#9169 = EDGE_CURVE('',#8977,#9123,#9170,.T.);
#9170 = SURFACE_CURVE('',#9171,(#9176,#9210),.PCURVE_S1.);
#9171 = CIRCLE('',#9172,0.65);
#9172 = AXIS2_PLACEMENT_3D('',#9173,#9174,#9175);
#9173 = CARTESIAN_POINT('',(186.8,-27.,84.4));
#9174 = DIRECTION('',(0.948683298051,0.,-0.316227766017));
#9175 = DIRECTION('',(0.316227766017,0.,0.948683298051));
#9176 = PCURVE('',#8993,#9177);
#9177 = DEFINITIONAL_REPRESENTATION('',(#9178),#9209);
#9178 = B_SPLINE_CURVE_WITH_KNOTS('',8,(#9179,#9180,#9181,#9182,#9183,
    #9184,#9185,#9186,#9187,#9188,#9189,#9190,#9191,#9192,#9193,#9194,
    #9195,#9196,#9197,#9198,#9199,#9200,#9201,#9202,#9203,#9204,#9205,
    #9206,#9207,#9208),.UNSPECIFIED.,.F.,.F.,(9,7,7,7,9),(4.712388980385
    ,5.497787143782,5.890486225481,6.08683576633,6.28318530718),
  .UNSPECIFIED.);
#9179 = CARTESIAN_POINT('',(7.853981633974,-2.1862853408E-14));
#9180 = CARTESIAN_POINT('',(7.822936045644,9.313676499182E-02));
#9181 = CARTESIAN_POINT('',(7.791889949329,0.186273368551));
#9182 = CARTESIAN_POINT('',(7.760027082333,0.279274424313));
#9183 = CARTESIAN_POINT('',(7.72650830004,0.371997479866));
#9184 = CARTESIAN_POINT('',(7.690389123301,0.464290220751));
#9185 = CARTESIAN_POINT('',(7.650234362202,0.555898267916));
#9186 = CARTESIAN_POINT('',(7.604150789042,0.646512031714));
#9187 = CARTESIAN_POINT('',(7.519481002686,0.779715663368));
#9188 = CARTESIAN_POINT('',(7.488665302523,0.823663969972));
#9189 = CARTESIAN_POINT('',(7.454712076027,0.867057018906));
#9190 = CARTESIAN_POINT('',(7.416879805817,0.909759994132));
#9191 = CARTESIAN_POINT('',(7.37425531414,0.951589017374));
#9192 = CARTESIAN_POINT('',(7.325548667224,0.992286887612));
#9193 = CARTESIAN_POINT('',(7.268899170268,1.031464178371));
#9194 = CARTESIAN_POINT('',(7.168450526924,1.08698597768));
#9195 = CARTESIAN_POINT('',(7.132389710868,1.104952752679));
#9196 = CARTESIAN_POINT('',(7.093453586394,1.122298000626));
#9197 = CARTESIAN_POINT('',(7.051325496441,1.138927302798));
#9198 = CARTESIAN_POINT('',(7.005662287379,1.15472553235));
#9199 = CARTESIAN_POINT('',(6.956129450686,1.169554299389));
#9200 = CARTESIAN_POINT('',(6.90247861932,1.18325416613));
#9201 = CARTESIAN_POINT('',(6.786856218186,1.208049098138));
#9202 = CARTESIAN_POINT('',(6.724884037657,1.219144459313));
#9203 = CARTESIAN_POINT('',(6.658715574762,1.228764639619));
#9204 = CARTESIAN_POINT('',(6.588502659511,1.236727996418));
#9205 = CARTESIAN_POINT('',(6.514750174692,1.242849582947));
#9206 = CARTESIAN_POINT('',(6.438411928317,1.24698047905));
#9207 = CARTESIAN_POINT('',(6.360799278006,1.249045772398));
#9208 = CARTESIAN_POINT('',(6.28318530718,1.249045772398));
#9209 = ( GEOMETRIC_REPRESENTATION_CONTEXT(2) 
PARAMETRIC_REPRESENTATION_CONTEXT() REPRESENTATION_CONTEXT('2D SPACE',''
  ) );
#9210 = PCURVE('',#9027,#9211);
#9211 = DEFINITIONAL_REPRESENTATION('',(#9212),#9216);
#9212 = LINE('',#9213,#9214);
#9213 = CARTESIAN_POINT('',(0.,0.));
#9214 = VECTOR('',#9215,1.);
#9215 = DIRECTION('',(1.,0.));
#9216 = ( GEOMETRIC_REPRESENTATION_CONTEXT(2) 
PARAMETRIC_REPRESENTATION_CONTEXT() REPRESENTATION_CONTEXT('2D SPACE',''
  ) );
#9217 = ORIENTED_EDGE('',*,*,#8976,.T.);
#9218 = ORIENTED_EDGE('',*,*,#9045,.T.);
#9219 = ADVANCED_FACE('',(#9220),#9027,.T.);
#9220 = FACE_BOUND('',#9221,.T.);
#9221 = EDGE_LOOP('',(#9222,#9301,#9336,#9357,#9358,#9359,#9360,#9361));
#9222 = ORIENTED_EDGE('',*,*,#9223,.F.);
#9223 = EDGE_CURVE('',#9224,#9226,#9228,.T.);
#9224 = VERTEX_POINT('',#9225);
#9225 = CARTESIAN_POINT('',(196.605138181,-27.0410276362,81.81541454302)
  );
#9226 = VERTEX_POINT('',#9227);
#9227 = CARTESIAN_POINT('',(196.19486181899,-26.95897236379,
    80.58458545698));
#9228 = SURFACE_CURVE('',#9229,(#9234,#9241),.PCURVE_S1.);
#9229 = CIRCLE('',#9230,0.65);
#9230 = AXIS2_PLACEMENT_3D('',#9231,#9232,#9233);
#9231 = CARTESIAN_POINT('',(196.4,-27.,81.2));
#9232 = DIRECTION('',(0.948683298051,0.,-0.316227766017));
#9233 = DIRECTION('',(0.316227766017,0.,0.948683298051));
#9234 = PCURVE('',#9027,#9235);
#9235 = DEFINITIONAL_REPRESENTATION('',(#9236),#9240);
#9236 = LINE('',#9237,#9238);
#9237 = CARTESIAN_POINT('',(0.,10.119288512539));
#9238 = VECTOR('',#9239,1.);
#9239 = DIRECTION('',(1.,0.));
#9240 = ( GEOMETRIC_REPRESENTATION_CONTEXT(2) 
PARAMETRIC_REPRESENTATION_CONTEXT() REPRESENTATION_CONTEXT('2D SPACE',''
  ) );
#9241 = PCURVE('',#9242,#9247);
#9242 = SPHERICAL_SURFACE('',#9243,0.65);
#9243 = AXIS2_PLACEMENT_3D('',#9244,#9245,#9246);
#9244 = CARTESIAN_POINT('',(196.4,-27.,81.2));
#9245 = DIRECTION('',(0.,0.,1.));
#9246 = DIRECTION('',(1.,0.,-0.));
#9247 = DEFINITIONAL_REPRESENTATION('',(#9248),#9300);
#9248 = B_SPLINE_CURVE_WITH_KNOTS('',8,(#9249,#9250,#9251,#9252,#9253,
    #9254,#9255,#9256,#9257,#9258,#9259,#9260,#9261,#9262,#9263,#9264,
    #9265,#9266,#9267,#9268,#9269,#9270,#9271,#9272,#9273,#9274,#9275,
    #9276,#9277,#9278,#9279,#9280,#9281,#9282,#9283,#9284,#9285,#9286,
    #9287,#9288,#9289,#9290,#9291,#9292,#9293,#9294,#9295,#9296,#9297,
    #9298,#9299),.UNSPECIFIED.,.F.,.F.,(9,7,7,7,7,7,7,9),(
    6.316142760842E-02,0.259510968458,0.62766635755,1.271938288462,
    2.23834618483,2.721550133014,2.963152107106,3.204754081198),
  .UNSPECIFIED.);
#9249 = CARTESIAN_POINT('',(6.08578974733,1.243116413652));
#9250 = CARTESIAN_POINT('',(6.010862413955,1.238550008055));
#9251 = CARTESIAN_POINT('',(5.938235459961,1.232028570508));
#9252 = CARTESIAN_POINT('',(5.86893085882,1.223660492047));
#9253 = CARTESIAN_POINT('',(5.803671624195,1.213612675956));
#9254 = CARTESIAN_POINT('',(5.74273338894,1.20207601511));
#9255 = CARTESIAN_POINT('',(5.686070582511,1.189236269354));
#9256 = CARTESIAN_POINT('',(5.633506027649,1.175257569053));
#9257 = CARTESIAN_POINT('',(5.493397932614,1.132213649462));
#9258 = CARTESIAN_POINT('',(5.415494181126,1.100649695666));
#9259 = CARTESIAN_POINT('',(5.349320337398,1.066553171481));
#9260 = CARTESIAN_POINT('',(5.292178318236,1.030622776449));
#9261 = CARTESIAN_POINT('',(5.242300997004,0.993277284619));
#9262 = CARTESIAN_POINT('',(5.198221489542,0.954837426765));
#9263 = CARTESIAN_POINT('',(5.158872650482,0.915522506536));
#9264 = CARTESIAN_POINT('',(5.061355008394,0.805462796807));
#9265 = CARTESIAN_POINT('',(5.011204730047,0.733260784296));
#9266 = CARTESIAN_POINT('',(4.968473033783,0.659783680068));
#9267 = CARTESIAN_POINT('',(4.930934246342,0.585415915753));
#9268 = CARTESIAN_POINT('',(4.897174943632,0.51040321048));
#9269 = CARTESIAN_POINT('',(4.866147009336,0.434935057731));
#9270 = CARTESIAN_POINT('',(4.837129811406,0.359127000333));
#9271 = CARTESIAN_POINT('',(4.768074425856,0.169023935551));
#9272 = CARTESIAN_POINT('',(4.729782072845,5.443623818533E-02));
#9273 = CARTESIAN_POINT('',(4.692600476885,-6.033538991107E-02));
#9274 = CARTESIAN_POINT('',(4.655166404962,-0.175063071297));
#9275 = CARTESIAN_POINT('',(4.61621964386,-0.289544370364));
#9276 = CARTESIAN_POINT('',(4.573968774843,-0.403468004706));
#9277 = CARTESIAN_POINT('',(4.526407718125,-0.516513985717));
#9278 = CARTESIAN_POINT('',(4.438936609176,-0.683312666309));
#9279 = CARTESIAN_POINT('',(4.40709175545,-0.738450422419));
#9280 = CARTESIAN_POINT('',(4.371868861172,-0.79300444451));
#9281 = CARTESIAN_POINT('',(4.33239485629,-0.846811569052));
#9282 = CARTESIAN_POINT('',(4.287356589981,-0.899640621085));
#9283 = CARTESIAN_POINT('',(4.235113429691,-0.951152518057));
#9284 = CARTESIAN_POINT('',(4.172788925401,-1.000813007746));
#9285 = CARTESIAN_POINT('',(4.05803567598,-1.070961134197));
#9286 = CARTESIAN_POINT('',(4.01624091441,-1.09362001413));
#9287 = CARTESIAN_POINT('',(3.970389663224,-1.115425230108));
#9288 = CARTESIAN_POINT('',(3.919905601219,-1.13621331691));
#9289 = CARTESIAN_POINT('',(3.864142481458,-1.155784201692));
#9290 = CARTESIAN_POINT('',(3.802441057749,-1.173882200463));
#9291 = CARTESIAN_POINT('',(3.734326252366,-1.190192805899));
#9292 = CARTESIAN_POINT('',(3.58551667584,-1.21858136185));
#9293 = CARTESIAN_POINT('',(3.504821300862,-1.230659552377));
#9294 = CARTESIAN_POINT('',(3.417950934558,-1.240291654827));
#9295 = CARTESIAN_POINT('',(3.325611246128,-1.247142622969));
#9296 = CARTESIAN_POINT('',(3.229327748335,-1.250890055649));
#9297 = CARTESIAN_POINT('',(3.132072392953,-1.251393706393));
#9298 = CARTESIAN_POINT('',(3.036392835978,-1.24873523304));
#9299 = CARTESIAN_POINT('',(2.94419709374,-1.243116413652));
#9300 = ( GEOMETRIC_REPRESENTATION_CONTEXT(2) 
PARAMETRIC_REPRESENTATION_CONTEXT() REPRESENTATION_CONTEXT('2D SPACE',''
  ) );
#9301 = ORIENTED_EDGE('',*,*,#9302,.F.);
#9302 = EDGE_CURVE('',#9303,#9224,#9305,.T.);
#9303 = VERTEX_POINT('',#9304);
#9304 = CARTESIAN_POINT('',(196.58713740844,-27.,81.822781023557));
#9305 = SURFACE_CURVE('',#9306,(#9311,#9321),.PCURVE_S1.);
#9306 = ELLIPSE('',#9307,0.719047875526,0.65);
#9307 = AXIS2_PLACEMENT_3D('',#9308,#9309,#9310);
#9308 = CARTESIAN_POINT('',(196.4,-27.,81.2));
#9309 = DIRECTION('',(0.866118995321,0.426736522988,-0.260257230241));
#9310 = DIRECTION('',(0.387603266651,-0.902170646942,-0.18934579868));
#9311 = PCURVE('',#9027,#9312);
#9312 = DEFINITIONAL_REPRESENTATION('',(#9313),#9320);
#9313 = B_SPLINE_CURVE_WITH_KNOTS('',5,(#9314,#9315,#9316,#9317,#9318,
    #9319),.UNSPECIFIED.,.F.,.F.,(6,6),(4.649227552742,4.712388980679),
  .PIECEWISE_BEZIER_KNOTS.);
#9314 = CARTESIAN_POINT('',(-3.460876030204E-11,10.099881994617));
#9315 = CARTESIAN_POINT('',(1.263228555282E-02,10.103758135533));
#9316 = CARTESIAN_POINT('',(2.526457114025E-02,10.107638147434));
#9317 = CARTESIAN_POINT('',(3.789685672769E-02,10.111520741708));
#9318 = CARTESIAN_POINT('',(5.05291423151E-02,10.115404627168));
#9319 = CARTESIAN_POINT('',(6.316142790253E-02,10.119288512629));
#9320 = ( GEOMETRIC_REPRESENTATION_CONTEXT(2) 
PARAMETRIC_REPRESENTATION_CONTEXT() REPRESENTATION_CONTEXT('2D SPACE',''
  ) );
#9321 = PCURVE('',#9322,#9327);
#9322 = CYLINDRICAL_SURFACE('',#9323,0.65);
#9323 = AXIS2_PLACEMENT_3D('',#9324,#9325,#9326);
#9324 = CARTESIAN_POINT('',(196.4,-27.,81.2));
#9325 = DIRECTION('',(0.617213399848,0.77151674981,-0.154303349962));
#9326 = DIRECTION('',(0.780868809443,-0.624695047554,1.387778780781E-17)
  );
#9327 = DEFINITIONAL_REPRESENTATION('',(#9328),#9335);
#9328 = B_SPLINE_CURVE_WITH_KNOTS('',5,(#9329,#9330,#9331,#9332,#9333,
    #9334),.UNSPECIFIED.,.F.,.F.,(6,6),(4.649227552742,4.712388980679),
  .PIECEWISE_BEZIER_KNOTS.);
#9329 = CARTESIAN_POINT('',(4.939142176501,1.940651792195E-02));
#9330 = CARTESIAN_POINT('',(4.951774462088,1.553037700616E-02));
#9331 = CARTESIAN_POINT('',(4.964406747676,1.165036510532E-02));
#9332 = CARTESIAN_POINT('',(4.977039033263,7.767770831221E-03));
#9333 = CARTESIAN_POINT('',(4.989671318851,3.883885370373E-03));
#9334 = CARTESIAN_POINT('',(5.002303604438,-9.043787940755E-11));
#9335 = ( GEOMETRIC_REPRESENTATION_CONTEXT(2) 
PARAMETRIC_REPRESENTATION_CONTEXT() REPRESENTATION_CONTEXT('2D SPACE',''
  ) );
#9336 = ORIENTED_EDGE('',*,*,#9337,.F.);
#9337 = EDGE_CURVE('',#9123,#9303,#9338,.T.);
#9338 = SEAM_CURVE('',#9339,(#9343,#9350),.PCURVE_S1.);
#9339 = LINE('',#9340,#9341);
#9340 = CARTESIAN_POINT('',(187.00554804791,-27.,85.016644143733));
#9341 = VECTOR('',#9342,1.);
#9342 = DIRECTION('',(0.948683298051,0.,-0.316227766017));
#9343 = PCURVE('',#9027,#9344);
#9344 = DEFINITIONAL_REPRESENTATION('',(#9345),#9349);
#9345 = LINE('',#9346,#9347);
#9346 = CARTESIAN_POINT('',(6.28318530718,-0.));
#9347 = VECTOR('',#9348,1.);
#9348 = DIRECTION('',(0.,1.));
#9349 = ( GEOMETRIC_REPRESENTATION_CONTEXT(2) 
PARAMETRIC_REPRESENTATION_CONTEXT() REPRESENTATION_CONTEXT('2D SPACE',''
  ) );
#9350 = PCURVE('',#9027,#9351);
#9351 = DEFINITIONAL_REPRESENTATION('',(#9352),#9356);
#9352 = LINE('',#9353,#9354);
#9353 = CARTESIAN_POINT('',(0.,-0.));
#9354 = VECTOR('',#9355,1.);
#9355 = DIRECTION('',(0.,1.));
#9356 = ( GEOMETRIC_REPRESENTATION_CONTEXT(2) 
PARAMETRIC_REPRESENTATION_CONTEXT() REPRESENTATION_CONTEXT('2D SPACE',''
  ) );
#9357 = ORIENTED_EDGE('',*,*,#9122,.T.);
#9358 = ORIENTED_EDGE('',*,*,#9004,.T.);
#9359 = ORIENTED_EDGE('',*,*,#9169,.T.);
#9360 = ORIENTED_EDGE('',*,*,#9337,.T.);
#9361 = ORIENTED_EDGE('',*,*,#9362,.F.);
#9362 = EDGE_CURVE('',#9226,#9303,#9363,.T.);
#9363 = SURFACE_CURVE('',#9364,(#9369,#9382),.PCURVE_S1.);
#9364 = ELLIPSE('',#9365,0.719047875526,0.65);
#9365 = AXIS2_PLACEMENT_3D('',#9366,#9367,#9368);
#9366 = CARTESIAN_POINT('',(196.4,-27.,81.2));
#9367 = DIRECTION('',(0.866118995321,0.426736522988,-0.260257230241));
#9368 = DIRECTION('',(0.387603266651,-0.902170646942,-0.18934579868));
#9369 = PCURVE('',#9027,#9370);
#9370 = DEFINITIONAL_REPRESENTATION('',(#9371),#9381);
#9371 = B_SPLINE_CURVE_WITH_KNOTS('',8,(#9372,#9373,#9374,#9375,#9376,
    #9377,#9378,#9379,#9380),.UNSPECIFIED.,.F.,.F.,(9,9),(1.57079535105,
    4.649227552742),.PIECEWISE_BEZIER_KNOTS.);
#9372 = CARTESIAN_POINT('',(3.204753105453,10.119288812539));
#9373 = CARTESIAN_POINT('',(3.589557130665,10.000978096047));
#9374 = CARTESIAN_POINT('',(3.974361155868,9.882666296237));
#9375 = CARTESIAN_POINT('',(4.359165181102,9.791060108786));
#9376 = CARTESIAN_POINT('',(4.743969206258,9.752791044491));
#9377 = CARTESIAN_POINT('',(5.128773231529,9.782157365371));
#9378 = CARTESIAN_POINT('',(5.513577256714,9.867015964903));
#9379 = CARTESIAN_POINT('',(5.898381281933,9.981807192052));
#9380 = CARTESIAN_POINT('',(6.283185307145,10.099881994617));
#9381 = ( GEOMETRIC_REPRESENTATION_CONTEXT(2) 
PARAMETRIC_REPRESENTATION_CONTEXT() REPRESENTATION_CONTEXT('2D SPACE',''
  ) );
#9382 = PCURVE('',#9322,#9383);
#9383 = DEFINITIONAL_REPRESENTATION('',(#9384),#9394);
#9384 = B_SPLINE_CURVE_WITH_KNOTS('',8,(#9385,#9386,#9387,#9388,#9389,
    #9390,#9391,#9392,#9393),.UNSPECIFIED.,.F.,.F.,(9,9),(1.57079535105,
    4.649227552742),.PIECEWISE_BEZIER_KNOTS.);
#9385 = CARTESIAN_POINT('',(1.860709974809,-2.999997548159E-07));
#9386 = CARTESIAN_POINT('',(2.24551400002,0.118310416492));
#9387 = CARTESIAN_POINT('',(2.630318025234,0.236622216291));
#9388 = CARTESIAN_POINT('',(3.015122050438,0.328228403775));
#9389 = CARTESIAN_POINT('',(3.399926075665,0.366497467989));
#9390 = CARTESIAN_POINT('',(3.784730100862,0.337131147203));
#9391 = CARTESIAN_POINT('',(4.169534126078,0.25227254763));
#9392 = CARTESIAN_POINT('',(4.554338151289,0.137481320487));
#9393 = CARTESIAN_POINT('',(4.939142176501,1.940651792195E-02));
#9394 = ( GEOMETRIC_REPRESENTATION_CONTEXT(2) 
PARAMETRIC_REPRESENTATION_CONTEXT() REPRESENTATION_CONTEXT('2D SPACE',''
  ) );
#9395 = ADVANCED_FACE('',(#9396),#9242,.T.);
#9396 = FACE_BOUND('',#9397,.T.);
#9397 = EDGE_LOOP('',(#9398,#9399,#9485));
#9398 = ORIENTED_EDGE('',*,*,#9223,.T.);
#9399 = ORIENTED_EDGE('',*,*,#9400,.F.);
#9400 = EDGE_CURVE('',#9401,#9226,#9403,.T.);
#9401 = VERTEX_POINT('',#9402);
#9402 = CARTESIAN_POINT('',(196.90756472613,-27.40605178091,81.2));
#9403 = SURFACE_CURVE('',#9404,(#9409,#9478),.PCURVE_S1.);
#9404 = CIRCLE('',#9405,0.65);
#9405 = AXIS2_PLACEMENT_3D('',#9406,#9407,#9408);
#9406 = CARTESIAN_POINT('',(196.4,-27.,81.2));
#9407 = DIRECTION('',(0.617213399848,0.77151674981,-0.154303349962));
#9408 = DIRECTION('',(0.780868809443,-0.624695047554,1.387778780781E-17)
  );
#9409 = PCURVE('',#9242,#9410);
#9410 = DEFINITIONAL_REPRESENTATION('',(#9411),#9477);
#9411 = B_SPLINE_CURVE_WITH_KNOTS('',8,(#9412,#9413,#9414,#9415,#9416,
    #9417,#9418,#9419,#9420,#9421,#9422,#9423,#9424,#9425,#9426,#9427,
    #9428,#9429,#9430,#9431,#9432,#9433,#9434,#9435,#9436,#9437,#9438,
    #9439,#9440,#9441,#9442,#9443,#9444,#9445,#9446,#9447,#9448,#9449,
    #9450,#9451,#9452,#9453,#9454,#9455,#9456,#9457,#9458,#9459,#9460,
    #9461,#9462,#9463,#9464,#9465,#9466,#9467,#9468,#9469,#9470,#9471,
    #9472,#9473,#9474,#9475,#9476),.UNSPECIFIED.,.F.,.F.,(9,7,7,7,7,7,7,
    7,7,9),(0.,0.465177737639,0.814061040867,1.075723518289,
    1.271970376355,1.419155519905,1.529544377567,1.612336020814,
    1.736523485684,1.860710950554),.UNSPECIFIED.);
#9412 = CARTESIAN_POINT('',(5.608444364956,0.));
#9413 = CARTESIAN_POINT('',(5.59947205455,-5.745081822436E-02));
#9414 = CARTESIAN_POINT('',(5.590499541897,-0.114901620134));
#9415 = CARTESIAN_POINT('',(5.581437526798,-0.17234543497));
#9416 = CARTESIAN_POINT('',(5.572194200627,-0.229775089885));
#9417 = CARTESIAN_POINT('',(5.562672339387,-0.28718298853));
#9418 = CARTESIAN_POINT('',(5.552760346542,-0.344560403811));
#9419 = CARTESIAN_POINT('',(5.542317245599,-0.401896284839));
#9420 = CARTESIAN_POINT('',(5.522777405111,-0.502135047977));
#9421 = CARTESIAN_POINT('',(5.51399626041,-0.545062644641));
#9422 = CARTESIAN_POINT('',(5.504728615766,-0.587952119411));
#9423 = CARTESIAN_POINT('',(5.494873285678,-0.630795482871));
#9424 = CARTESIAN_POINT('',(5.484308384259,-0.673583111902));
#9425 = CARTESIAN_POINT('',(5.472878577737,-0.716302719816));
#9426 = CARTESIAN_POINT('',(5.460368676935,-0.758937189547));
#9427 = CARTESIAN_POINT('',(5.436034739324,-0.833354330169));
#9428 = CARTESIAN_POINT('',(5.424820077057,-0.865185199781));
#9429 = CARTESIAN_POINT('',(5.412689167138,-0.896943480967));
#9430 = CARTESIAN_POINT('',(5.399468427995,-0.928615115298));
#9431 = CARTESIAN_POINT('',(5.38494408176,-0.960182828773));
#9432 = CARTESIAN_POINT('',(5.368836740613,-0.991623969997));
#9433 = CARTESIAN_POINT('',(5.350747610007,-1.022905741482));
#9434 = CARTESIAN_POINT('',(5.314572832796,-1.077281885972));
#9435 = CARTESIAN_POINT('',(5.297615457094,-1.100467782882));
#9436 = CARTESIAN_POINT('',(5.278953018976,-1.123514828332));
#9437 = CARTESIAN_POINT('',(5.258254476275,-1.146394360298));
#9438 = CARTESIAN_POINT('',(5.235102688565,-1.169070671033));
#9439 = CARTESIAN_POINT('',(5.208943204983,-1.191495963792));
#9440 = CARTESIAN_POINT('',(5.178988058621,-1.213599336434));
#9441 = CARTESIAN_POINT('',(5.11788944914,-1.251522633487));
#9442 = CARTESIAN_POINT('',(5.088913835368,-1.267531805047));
#9443 = CARTESIAN_POINT('',(5.056661323439,-1.283250303919));
#9444 = CARTESIAN_POINT('',(5.020500939975,-1.298616541781));
#9445 = CARTESIAN_POINT('',(4.97967998117,-1.313551106054));
#9446 = CARTESIAN_POINT('',(4.933202940231,-1.327945435147));
#9447 = CARTESIAN_POINT('',(4.879797245744,-1.341645939004));
#9448 = CARTESIAN_POINT('',(4.771996001342,-1.36403046445));
#9449 = CARTESIAN_POINT('',(4.72118835237,-1.37311242312));
#9450 = CARTESIAN_POINT('',(4.665229677967,-1.3815918483));
#9451 = CARTESIAN_POINT('',(4.60363754128,-1.38935998404));
#9452 = CARTESIAN_POINT('',(4.535943475005,-1.396284842365));
#9453 = CARTESIAN_POINT('',(4.462053529224,-1.40221426884));
#9454 = CARTESIAN_POINT('',(4.382619510498,-1.406995421325));
#9455 = CARTESIAN_POINT('',(4.236326583671,-1.413160650335));
#9456 = CARTESIAN_POINT('',(4.171287288386,-1.415095078242));
#9457 = CARTESIAN_POINT('',(4.104484241881,-1.416275272054));
#9458 = CARTESIAN_POINT('',(4.036705848737,-1.416666417983));
#9459 = CARTESIAN_POINT('',(3.96893771932,-1.416255898078));
#9460 = CARTESIAN_POINT('',(3.902164096715,-1.41505676394));
#9461 = CARTESIAN_POINT('',(3.837169915792,-1.413104152967));
#9462 = CARTESIAN_POINT('',(3.68057031701,-1.406455531964));
#9463 = CARTESIAN_POINT('',(3.591907390094,-1.400876114013));
#9464 = CARTESIAN_POINT('',(3.510478570306,-1.393864217218));
#9465 = CARTESIAN_POINT('',(3.43712822106,-1.385643395697));
#9466 = CARTESIAN_POINT('',(3.371324496691,-1.37643235724));
#9467 = CARTESIAN_POINT('',(3.312391606165,-1.366401787152));
#9468 = CARTESIAN_POINT('',(3.259523486916,-1.355693826764));
#9469 = CARTESIAN_POINT('',(3.164426869904,-1.333147548223));
#9470 = CARTESIAN_POINT('',(3.122199819359,-1.32130924487));
#9471 = CARTESIAN_POINT('',(3.084535707075,-1.30901855136));
#9472 = CARTESIAN_POINT('',(3.050745530179,-1.296359624428));
#9473 = CARTESIAN_POINT('',(3.020244754864,-1.28339591644));
#9474 = CARTESIAN_POINT('',(2.992561981499,-1.270176308932));
#9475 = CARTESIAN_POINT('',(2.96732112261,-1.256739466875));
#9476 = CARTESIAN_POINT('',(2.94419709374,-1.243116413652));
#9477 = ( GEOMETRIC_REPRESENTATION_CONTEXT(2) 
PARAMETRIC_REPRESENTATION_CONTEXT() REPRESENTATION_CONTEXT('2D SPACE',''
  ) );
#9478 = PCURVE('',#9322,#9479);
#9479 = DEFINITIONAL_REPRESENTATION('',(#9480),#9484);
#9480 = LINE('',#9481,#9482);
#9481 = CARTESIAN_POINT('',(0.,0.));
#9482 = VECTOR('',#9483,1.);
#9483 = DIRECTION('',(1.,0.));
#9484 = ( GEOMETRIC_REPRESENTATION_CONTEXT(2) 
PARAMETRIC_REPRESENTATION_CONTEXT() REPRESENTATION_CONTEXT('2D SPACE',''
  ) );
#9485 = ORIENTED_EDGE('',*,*,#9486,.F.);
#9486 = EDGE_CURVE('',#9224,#9401,#9487,.T.);
#9487 = SURFACE_CURVE('',#9488,(#9493,#9517),.PCURVE_S1.);
#9488 = CIRCLE('',#9489,0.65);
#9489 = AXIS2_PLACEMENT_3D('',#9490,#9491,#9492);
#9490 = CARTESIAN_POINT('',(196.4,-27.,81.2));
#9491 = DIRECTION('',(0.617213399848,0.77151674981,-0.154303349962));
#9492 = DIRECTION('',(0.780868809443,-0.624695047554,1.387778780781E-17)
  );
#9493 = PCURVE('',#9242,#9494);
#9494 = DEFINITIONAL_REPRESENTATION('',(#9495),#9516);
#9495 = B_SPLINE_CURVE_WITH_KNOTS('',7,(#9496,#9497,#9498,#9499,#9500,
    #9501,#9502,#9503,#9504,#9505,#9506,#9507,#9508,#9509,#9510,#9511,
    #9512,#9513,#9514,#9515),.UNSPECIFIED.,.F.,.F.,(8,6,6,8),(
    5.002303604144,5.322524029903,5.802854668541,6.28318530718),
  .UNSPECIFIED.);
#9496 = CARTESIAN_POINT('',(6.08578974733,1.243116413652));
#9497 = CARTESIAN_POINT('',(6.017645889145,1.202970839884));
#9498 = CARTESIAN_POINT('',(5.968277306966,1.161175323073));
#9499 = CARTESIAN_POINT('',(5.928956622934,1.118572525019));
#9500 = CARTESIAN_POINT('',(5.896791435616,1.075369462954));
#9501 = CARTESIAN_POINT('',(5.869587152475,1.031773612415));
#9502 = CARTESIAN_POINT('',(5.846174474402,0.987870265504));
#9503 = CARTESIAN_POINT('',(5.794919801349,0.877531048318));
#9504 = CARTESIAN_POINT('',(5.770720373276,0.810803498937));
#9505 = CARTESIAN_POINT('',(5.750202405507,0.743786302418));
#9506 = CARTESIAN_POINT('',(5.732407529166,0.676553902548));
#9507 = CARTESIAN_POINT('',(5.716501236494,0.609173566716));
#9508 = CARTESIAN_POINT('',(5.702044686541,0.541679391874));
#9509 = CARTESIAN_POINT('',(5.675292652384,0.406521789064));
#9510 = CARTESIAN_POINT('',(5.662998495358,0.338858237157));
#9511 = CARTESIAN_POINT('',(5.651433332443,0.271137698187));
#9512 = CARTESIAN_POINT('',(5.640366688538,0.203378218198));
#9513 = CARTESIAN_POINT('',(5.629620894524,0.135593676957));
#9514 = CARTESIAN_POINT('',(5.619032454475,6.779685262569E-02));
#9515 = CARTESIAN_POINT('',(5.608444364956,0.));
#9516 = ( GEOMETRIC_REPRESENTATION_CONTEXT(2) 
PARAMETRIC_REPRESENTATION_CONTEXT() REPRESENTATION_CONTEXT('2D SPACE',''
  ) );
#9517 = PCURVE('',#9322,#9518);
#9518 = DEFINITIONAL_REPRESENTATION('',(#9519),#9523);
#9519 = LINE('',#9520,#9521);
#9520 = CARTESIAN_POINT('',(0.,0.));
#9521 = VECTOR('',#9522,1.);
#9522 = DIRECTION('',(1.,0.));
#9523 = ( GEOMETRIC_REPRESENTATION_CONTEXT(2) 
PARAMETRIC_REPRESENTATION_CONTEXT() REPRESENTATION_CONTEXT('2D SPACE',''
  ) );
#9524 = ADVANCED_FACE('',(#9525),#9322,.T.);
#9525 = FACE_BOUND('',#9526,.T.);
#9526 = EDGE_LOOP('',(#9527,#9550,#9655,#9696,#9724,#9725,#9726,#9727,
    #9728));
#9527 = ORIENTED_EDGE('',*,*,#9528,.T.);
#9528 = EDGE_CURVE('',#9401,#9529,#9531,.T.);
#9529 = VERTEX_POINT('',#9530);
#9530 = CARTESIAN_POINT('',(200.10756472613,-23.40605178091,80.4));
#9531 = SEAM_CURVE('',#9532,(#9536,#9543),.PCURVE_S1.);
#9532 = LINE('',#9533,#9534);
#9533 = CARTESIAN_POINT('',(196.90756472613,-27.40605178091,81.2));
#9534 = VECTOR('',#9535,1.);
#9535 = DIRECTION('',(0.617213399848,0.77151674981,-0.154303349962));
#9536 = PCURVE('',#9322,#9537);
#9537 = DEFINITIONAL_REPRESENTATION('',(#9538),#9542);
#9538 = LINE('',#9539,#9540);
#9539 = CARTESIAN_POINT('',(6.28318530718,-0.));
#9540 = VECTOR('',#9541,1.);
#9541 = DIRECTION('',(0.,1.));
#9542 = ( GEOMETRIC_REPRESENTATION_CONTEXT(2) 
PARAMETRIC_REPRESENTATION_CONTEXT() REPRESENTATION_CONTEXT('2D SPACE',''
  ) );
#9543 = PCURVE('',#9322,#9544);
#9544 = DEFINITIONAL_REPRESENTATION('',(#9545),#9549);
#9545 = LINE('',#9546,#9547);
#9546 = CARTESIAN_POINT('',(0.,-0.));
#9547 = VECTOR('',#9548,1.);
#9548 = DIRECTION('',(0.,1.));
#9549 = ( GEOMETRIC_REPRESENTATION_CONTEXT(2) 
PARAMETRIC_REPRESENTATION_CONTEXT() REPRESENTATION_CONTEXT('2D SPACE',''
  ) );
#9550 = ORIENTED_EDGE('',*,*,#9551,.T.);
#9551 = EDGE_CURVE('',#9529,#9552,#9554,.T.);
#9552 = VERTEX_POINT('',#9553);
#9553 = CARTESIAN_POINT('',(199.26224541445,-22.64446885731,
    80.826637371221));
#9554 = SURFACE_CURVE('',#9555,(#9560,#9567),.PCURVE_S1.);
#9555 = CIRCLE('',#9556,0.65);
#9556 = AXIS2_PLACEMENT_3D('',#9557,#9558,#9559);
#9557 = CARTESIAN_POINT('',(199.6,-23.,80.4));
#9558 = DIRECTION('',(-0.617213399848,-0.77151674981,0.154303349962));
#9559 = DIRECTION('',(0.780868809443,-0.624695047554,0.));
#9560 = PCURVE('',#9322,#9561);
#9561 = DEFINITIONAL_REPRESENTATION('',(#9562),#9566);
#9562 = LINE('',#9563,#9564);
#9563 = CARTESIAN_POINT('',(6.28318530718,5.184592558726));
#9564 = VECTOR('',#9565,1.);
#9565 = DIRECTION('',(-1.,-0.));
#9566 = ( GEOMETRIC_REPRESENTATION_CONTEXT(2) 
PARAMETRIC_REPRESENTATION_CONTEXT() REPRESENTATION_CONTEXT('2D SPACE',''
  ) );
#9567 = PCURVE('',#9568,#9573);
#9568 = SPHERICAL_SURFACE('',#9569,0.65);
#9569 = AXIS2_PLACEMENT_3D('',#9570,#9571,#9572);
#9570 = CARTESIAN_POINT('',(199.6,-23.,80.4));
#9571 = DIRECTION('',(0.,0.,1.));
#9572 = DIRECTION('',(1.,0.,-0.));
#9573 = DEFINITIONAL_REPRESENTATION('',(#9574),#9654);
#9574 = B_SPLINE_CURVE_WITH_KNOTS('',8,(#9575,#9576,#9577,#9578,#9579,
    #9580,#9581,#9582,#9583,#9584,#9585,#9586,#9587,#9588,#9589,#9590,
    #9591,#9592,#9593,#9594,#9595,#9596,#9597,#9598,#9599,#9600,#9601,
    #9602,#9603,#9604,#9605,#9606,#9607,#9608,#9609,#9610,#9611,#9612,
    #9613,#9614,#9615,#9616,#9617,#9618,#9619,#9620,#9621,#9622,#9623,
    #9624,#9625,#9626,#9627,#9628,#9629,#9630,#9631,#9632,#9633,#9634,
    #9635,#9636,#9637,#9638,#9639,#9640,#9641,#9642,#9643,#9644,#9645,
    #9646,#9647,#9648,#9649,#9650,#9651,#9652,#9653),.UNSPECIFIED.,.F.,
  .F.,(9,7,7,7,7,7,7,7,7,7,7,9),(0.,0.452896822748,0.905793645497,
    1.207724860663,1.380256983614,1.503032506296,1.625808028978,
    1.707658377433,1.816792175373,1.962303905959,2.156319546741,
    2.415007067783),.UNSPECIFIED.);
#9575 = CARTESIAN_POINT('',(5.608444364956,0.));
#9576 = CARTESIAN_POINT('',(5.617179802073,5.593408912945E-02));
#9577 = CARTESIAN_POINT('',(5.625915401937,0.111868165138));
#9578 = CARTESIAN_POINT('',(5.634733688492,0.167795785902));
#9579 = CARTESIAN_POINT('',(5.643719211401,0.223710346178));
#9580 = CARTESIAN_POINT('',(5.652961387628,0.279604859749));
#9581 = CARTESIAN_POINT('',(5.662562275347,0.33547134565));
#9582 = CARTESIAN_POINT('',(5.672649280167,0.391299818476));
#9583 = CARTESIAN_POINT('',(5.694136307164,0.502853947074));
#9584 = CARTESIAN_POINT('',(5.705535970903,0.558579636179));
#9585 = CARTESIAN_POINT('',(5.717766799895,0.614240152979));
#9586 = CARTESIAN_POINT('',(5.731036461188,0.669819225649));
#9587 = CARTESIAN_POINT('',(5.745645972638,0.725292954055));
#9588 = CARTESIAN_POINT('',(5.761990548896,0.78063002882));
#9589 = CARTESIAN_POINT('',(5.780652646022,0.835784194845));
#9590 = CARTESIAN_POINT('',(5.817463662834,0.927253588555));
#9591 = CARTESIAN_POINT('',(5.833709462254,0.963720323076));
#9592 = CARTESIAN_POINT('',(5.85181252963,1.000038477927));
#9593 = CARTESIAN_POINT('',(5.87219358386,1.036174673314));
#9594 = CARTESIAN_POINT('',(5.89547822173,1.072076381052));
#9595 = CARTESIAN_POINT('',(5.922517059314,1.107673233148));
#9596 = CARTESIAN_POINT('',(5.954610731373,1.142857180054));
#9597 = CARTESIAN_POINT('',(6.016892367303,1.197147733973));
#9598 = CARTESIAN_POINT('',(6.042003577499,1.216682209044));
#9599 = CARTESIAN_POINT('',(6.070037659374,1.235967403996));
#9600 = CARTESIAN_POINT('',(6.101604767147,1.254948764525));
#9601 = CARTESIAN_POINT('',(6.137461763373,1.273553018596));
#9602 = CARTESIAN_POINT('',(6.178648091258,1.291679166983));
#9603 = CARTESIAN_POINT('',(6.226612952516,1.309178735826));
#9604 = CARTESIAN_POINT('',(6.323442740371,1.337658085195));
#9605 = CARTESIAN_POINT('',(6.368056606434,1.34906265223));
#9606 = CARTESIAN_POINT('',(6.417692930636,1.359947415217));
#9607 = CARTESIAN_POINT('',(6.473068244732,1.370205315943));
#9608 = CARTESIAN_POINT('',(6.535010202765,1.37970421408));
#9609 = CARTESIAN_POINT('',(6.604275476253,1.388273210107));
#9610 = CARTESIAN_POINT('',(6.681152118081,1.395706120606));
#9611 = CARTESIAN_POINT('',(6.848595050719,1.407915803196));
#9612 = CARTESIAN_POINT('',(6.939166791098,1.412692673846));
#9613 = CARTESIAN_POINT('',(7.035815496619,1.415948845929));
#9614 = CARTESIAN_POINT('',(7.136912951824,1.417510314518));
#9615 = CARTESIAN_POINT('',(7.239210916124,1.417248216188));
#9616 = CARTESIAN_POINT('',(7.338826664658,1.415219359976));
#9617 = CARTESIAN_POINT('',(7.433537659946,1.411567103427));
#9618 = CARTESIAN_POINT('',(7.581022430528,1.403072864309));
#9619 = CARTESIAN_POINT('',(7.637254813142,1.399033251443));
#9620 = CARTESIAN_POINT('',(7.690337859864,1.394404890767));
#9621 = CARTESIAN_POINT('',(7.740117208775,1.389247850478));
#9622 = CARTESIAN_POINT('',(7.786609883843,1.383621718936));
#9623 = CARTESIAN_POINT('',(7.82994642485,1.377581086068));
#9624 = CARTESIAN_POINT('',(7.870317209733,1.371173884809));
#9625 = CARTESIAN_POINT('',(7.958063982093,1.355467536263));
#9626 = CARTESIAN_POINT('',(8.003289623609,1.345916180486));
#9627 = CARTESIAN_POINT('',(8.044094973762,1.335889191527));
#9628 = CARTESIAN_POINT('',(8.081021056928,1.325467086633));
#9629 = CARTESIAN_POINT('',(8.114574888492,1.314713616479));
#9630 = CARTESIAN_POINT('',(8.145188786392,1.303679090535));
#9631 = CARTESIAN_POINT('',(8.173218947646,1.292403645338));
#9632 = CARTESIAN_POINT('',(8.233335746235,1.265609536059));
#9633 = CARTESIAN_POINT('',(8.263657509333,1.249929258999));
#9634 = CARTESIAN_POINT('',(8.290688308083,1.233957446502));
#9635 = CARTESIAN_POINT('',(8.314991071789,1.217748947785));
#9636 = CARTESIAN_POINT('',(8.336998940458,1.201343794582));
#9637 = CARTESIAN_POINT('',(8.35705195939,1.184772839348));
#9638 = CARTESIAN_POINT('',(8.375423458049,1.168060876333));
#9639 = CARTESIAN_POINT('',(8.414886320175,1.128782404458));
#9640 = CARTESIAN_POINT('',(8.434843409038,1.106121410805));
#9641 = CARTESIAN_POINT('',(8.452732533288,1.083290375155));
#9642 = CARTESIAN_POINT('',(8.468925298422,1.06032103384));
#9643 = CARTESIAN_POINT('',(8.48369518398,1.037236271521));
#9644 = CARTESIAN_POINT('',(8.497255414895,1.014053807884));
#9645 = CARTESIAN_POINT('',(8.509779282215,0.990788048439));
#9646 = CARTESIAN_POINT('',(8.536901087785,0.936332834108));
#9647 = CARTESIAN_POINT('',(8.550799899059,0.905087347092));
#9648 = CARTESIAN_POINT('',(8.56342448184,0.873740298842));
#9649 = CARTESIAN_POINT('',(8.575003341766,0.842310210789));
#9650 = CARTESIAN_POINT('',(8.585704551846,0.810810588059));
#9651 = CARTESIAN_POINT('',(8.595660082507,0.779252000476));
#9652 = CARTESIAN_POINT('',(8.604978265097,0.747643121849));
#9653 = CARTESIAN_POINT('',(8.61374438885,0.715990727549));
#9654 = ( GEOMETRIC_REPRESENTATION_CONTEXT(2) 
PARAMETRIC_REPRESENTATION_CONTEXT() REPRESENTATION_CONTEXT('2D SPACE',''
  ) );
#9655 = ORIENTED_EDGE('',*,*,#9656,.F.);
#9656 = EDGE_CURVE('',#9657,#9552,#9659,.T.);
#9657 = VERTEX_POINT('',#9658);
#9658 = CARTESIAN_POINT('',(199.93775458555,-23.35553114268,
    79.973362628779));
#9659 = SURFACE_CURVE('',#9660,(#9665,#9678),.PCURVE_S1.);
#9660 = ELLIPSE('',#9661,0.706797743462,0.65);
#9661 = AXIS2_PLACEMENT_3D('',#9662,#9663,#9664);
#9662 = CARTESIAN_POINT('',(199.6,-23.,80.4));
#9663 = DIRECTION('',(0.335573106344,0.837141049776,-0.431955498957));
#9664 = DIRECTION('',(0.785737367615,4.195265512575E-03,0.618546028102)
  );
#9665 = PCURVE('',#9322,#9666);
#9666 = DEFINITIONAL_REPRESENTATION('',(#9667),#9677);
#9667 = B_SPLINE_CURVE_WITH_KNOTS('',8,(#9668,#9669,#9670,#9671,#9672,
    #9673,#9674,#9675,#9676),.UNSPECIFIED.,.F.,.F.,(9,9),(1.570796319063
    ,4.712388970804),.PIECEWISE_BEZIER_KNOTS.);
#9668 = CARTESIAN_POINT('',(0.726585578076,5.184592560873));
#9669 = CARTESIAN_POINT('',(1.119284659543,5.075578383314));
#9670 = CARTESIAN_POINT('',(1.51198374101,4.966563336152));
#9671 = CARTESIAN_POINT('',(1.904682822477,4.883174919609));
#9672 = CARTESIAN_POINT('',(2.297381903943,4.850970489639));
#9673 = CARTESIAN_POINT('',(2.690080985416,4.883174917344));
#9674 = CARTESIAN_POINT('',(3.08278006688,4.966563332195));
#9675 = CARTESIAN_POINT('',(3.475479148349,5.075578378509));
#9676 = CARTESIAN_POINT('',(3.868178229816,5.184592556067));
#9677 = ( GEOMETRIC_REPRESENTATION_CONTEXT(2) 
PARAMETRIC_REPRESENTATION_CONTEXT() REPRESENTATION_CONTEXT('2D SPACE',''
  ) );
#9678 = PCURVE('',#9679,#9684);
#9679 = CYLINDRICAL_SURFACE('',#9680,0.65);
#9680 = AXIS2_PLACEMENT_3D('',#9681,#9682,#9683);
#9681 = CARTESIAN_POINT('',(199.6,-23.,80.4));
#9682 = DIRECTION('',(0.,0.768221279597,-0.640184399664));
#9683 = DIRECTION('',(0.,0.640184399664,0.768221279597));
#9684 = DEFINITIONAL_REPRESENTATION('',(#9685),#9695);
#9685 = B_SPLINE_CURVE_WITH_KNOTS('',8,(#9686,#9687,#9688,#9689,#9690,
    #9691,#9692,#9693,#9694),.UNSPECIFIED.,.F.,.F.,(9,9),(1.570796319063
    ,4.712388970804),.PIECEWISE_BEZIER_KNOTS.);
#9686 = CARTESIAN_POINT('',(2.595183658205,-2.146251176782E-09));
#9687 = CARTESIAN_POINT('',(2.987882739672,0.109014175412));
#9688 = CARTESIAN_POINT('',(3.380581821134,0.218029222575));
#9689 = CARTESIAN_POINT('',(3.773280902622,0.301417639111));
#9690 = CARTESIAN_POINT('',(4.165979984042,0.333622069083));
#9691 = CARTESIAN_POINT('',(4.558679065554,0.301417641377));
#9692 = CARTESIAN_POINT('',(4.951378147006,0.218029226533));
#9693 = CARTESIAN_POINT('',(5.344077228478,0.109014180218));
#9694 = CARTESIAN_POINT('',(5.736776309945,2.659575670805E-09));
#9695 = ( GEOMETRIC_REPRESENTATION_CONTEXT(2) 
PARAMETRIC_REPRESENTATION_CONTEXT() REPRESENTATION_CONTEXT('2D SPACE',''
  ) );
#9696 = ORIENTED_EDGE('',*,*,#9697,.F.);
#9697 = EDGE_CURVE('',#9529,#9657,#9698,.T.);
#9698 = SURFACE_CURVE('',#9699,(#9704,#9711),.PCURVE_S1.);
#9699 = CIRCLE('',#9700,0.65);
#9700 = AXIS2_PLACEMENT_3D('',#9701,#9702,#9703);
#9701 = CARTESIAN_POINT('',(199.6,-23.,80.4));
#9702 = DIRECTION('',(0.617213399848,0.77151674981,-0.154303349962));
#9703 = DIRECTION('',(0.780868809443,-0.624695047554,1.387778780781E-17)
  );
#9704 = PCURVE('',#9322,#9705);
#9705 = DEFINITIONAL_REPRESENTATION('',(#9706),#9710);
#9706 = LINE('',#9707,#9708);
#9707 = CARTESIAN_POINT('',(0.,5.184592558726));
#9708 = VECTOR('',#9709,1.);
#9709 = DIRECTION('',(1.,0.));
#9710 = ( GEOMETRIC_REPRESENTATION_CONTEXT(2) 
PARAMETRIC_REPRESENTATION_CONTEXT() REPRESENTATION_CONTEXT('2D SPACE',''
  ) );
#9711 = PCURVE('',#9568,#9712);
#9712 = DEFINITIONAL_REPRESENTATION('',(#9713),#9723);
#9713 = B_SPLINE_CURVE_WITH_KNOTS('',8,(#9714,#9715,#9716,#9717,#9718,
    #9719,#9720,#9721,#9722),.UNSPECIFIED.,.F.,.F.,(9,9),(0.,
    0.726585585807),.PIECEWISE_BEZIER_KNOTS.);
#9714 = CARTESIAN_POINT('',(5.608444364956,0.));
#9715 = CARTESIAN_POINT('',(5.594430041215,-8.973545601419E-02));
#9716 = CARTESIAN_POINT('',(5.580415286945,-0.179470875542));
#9717 = CARTESIAN_POINT('',(5.566059902696,-0.26917971799));
#9718 = CARTESIAN_POINT('',(5.551005040586,-0.358833865468));
#9719 = CARTESIAN_POINT('',(5.534874336361,-0.448404114307));
#9720 = CARTESIAN_POINT('',(5.517042967906,-0.537841102238));
#9721 = CARTESIAN_POINT('',(5.496773484066,-0.627087430776));
#9722 = CARTESIAN_POINT('',(5.47215173526,-0.715990727549));
#9723 = ( GEOMETRIC_REPRESENTATION_CONTEXT(2) 
PARAMETRIC_REPRESENTATION_CONTEXT() REPRESENTATION_CONTEXT('2D SPACE',''
  ) );
#9724 = ORIENTED_EDGE('',*,*,#9528,.F.);
#9725 = ORIENTED_EDGE('',*,*,#9400,.T.);
#9726 = ORIENTED_EDGE('',*,*,#9362,.T.);
#9727 = ORIENTED_EDGE('',*,*,#9302,.T.);
#9728 = ORIENTED_EDGE('',*,*,#9486,.T.);
#9729 = ADVANCED_FACE('',(#9730),#9568,.T.);
#9730 = FACE_BOUND('',#9731,.T.);
#9731 = EDGE_LOOP('',(#9732,#9781,#9809,#9810));
#9732 = ORIENTED_EDGE('',*,*,#9733,.T.);
#9733 = EDGE_CURVE('',#9657,#9734,#9736,.T.);
#9734 = VERTEX_POINT('',#9735);
#9735 = CARTESIAN_POINT('',(199.6,-22.58388014021,80.899343831738));
#9736 = SURFACE_CURVE('',#9737,(#9742,#9774),.PCURVE_S1.);
#9737 = CIRCLE('',#9738,0.65);
#9738 = AXIS2_PLACEMENT_3D('',#9739,#9740,#9741);
#9739 = CARTESIAN_POINT('',(199.6,-23.,80.4));
#9740 = DIRECTION('',(-2.775557561563E-17,-0.768221279597,0.640184399664
    ));
#9741 = DIRECTION('',(0.519622439307,-0.546970988744,-0.656365186493));
#9742 = PCURVE('',#9568,#9743);
#9743 = DEFINITIONAL_REPRESENTATION('',(#9744),#9773);
#9744 = B_SPLINE_CURVE_WITH_KNOTS('',8,(#9745,#9746,#9747,#9748,#9749,
    #9750,#9751,#9752,#9753,#9754,#9755,#9756,#9757,#9758,#9759,#9760,
    #9761,#9762,#9763,#9764,#9765,#9766,#9767,#9768,#9769,#9770,#9771,
    #9772),.UNSPECIFIED.,.F.,.F.,(9,5,7,7,9),(0.,1.024387339141,
    1.613435961689,2.202484584237,2.595183665936),.UNSPECIFIED.);
#9745 = CARTESIAN_POINT('',(5.47215173526,-0.715990727549));
#9746 = CARTESIAN_POINT('',(5.616172811676,-0.648238774228));
#9747 = CARTESIAN_POINT('',(5.740789215102,-0.568746545305));
#9748 = CARTESIAN_POINT('',(5.848672027871,-0.481516285854));
#9749 = CARTESIAN_POINT('',(5.94565262266,-0.389467423011));
#9750 = CARTESIAN_POINT('',(6.034832195972,-0.294094152276));
#9751 = CARTESIAN_POINT('',(6.167773488699,-0.140759371997));
#9752 = CARTESIAN_POINT('',(6.294682359866,1.509524696533E-02));
#9753 = CARTESIAN_POINT('',(6.425057872002,0.169503570714));
#9754 = CARTESIAN_POINT('',(6.473574071466,0.225493744918));
#9755 = CARTESIAN_POINT('',(6.523492874207,0.280895100627));
#9756 = CARTESIAN_POINT('',(6.575350352146,0.335473596217));
#9757 = CARTESIAN_POINT('',(6.629752827548,0.388945593563));
#9758 = CARTESIAN_POINT('',(6.745025763511,0.492959025255));
#9759 = CARTESIAN_POINT('',(6.805895029526,0.543500125308));
#9760 = CARTESIAN_POINT('',(6.87068744869,0.592218133504));
#9761 = CARTESIAN_POINT('',(6.940153747217,0.638672847154));
#9762 = CARTESIAN_POINT('',(7.015127790745,0.682334043896));
#9763 = CARTESIAN_POINT('',(7.096453112603,0.722523545966));
#9764 = CARTESIAN_POINT('',(7.184717829387,0.758406861858));
#9765 = CARTESIAN_POINT('',(7.343025732474,0.809619801111));
#9766 = CARTESIAN_POINT('',(7.409336977555,0.827812984079));
#9767 = CARTESIAN_POINT('',(7.478569289041,0.843466355146));
#9768 = CARTESIAN_POINT('',(7.550520185814,0.8563209536));
#9769 = CARTESIAN_POINT('',(7.624760487473,0.866142929785));
#9770 = CARTESIAN_POINT('',(7.70062779491,0.872754278128));
#9771 = CARTESIAN_POINT('',(7.777304687085,0.876058050598));
#9772 = CARTESIAN_POINT('',(7.853981633974,0.876058050598));
#9773 = ( GEOMETRIC_REPRESENTATION_CONTEXT(2) 
PARAMETRIC_REPRESENTATION_CONTEXT() REPRESENTATION_CONTEXT('2D SPACE',''
  ) );
#9774 = PCURVE('',#9679,#9775);
#9775 = DEFINITIONAL_REPRESENTATION('',(#9776),#9780);
#9776 = LINE('',#9777,#9778);
#9777 = CARTESIAN_POINT('',(2.595183665936,0.));
#9778 = VECTOR('',#9779,1.);
#9779 = DIRECTION('',(-1.,-0.));
#9780 = ( GEOMETRIC_REPRESENTATION_CONTEXT(2) 
PARAMETRIC_REPRESENTATION_CONTEXT() REPRESENTATION_CONTEXT('2D SPACE',''
  ) );
#9781 = ORIENTED_EDGE('',*,*,#9782,.F.);
#9782 = EDGE_CURVE('',#9552,#9734,#9783,.T.);
#9783 = SURFACE_CURVE('',#9784,(#9789,#9802),.PCURVE_S1.);
#9784 = CIRCLE('',#9785,0.65);
#9785 = AXIS2_PLACEMENT_3D('',#9786,#9787,#9788);
#9786 = CARTESIAN_POINT('',(199.6,-23.,80.4));
#9787 = DIRECTION('',(0.,0.768221279597,-0.640184399664));
#9788 = DIRECTION('',(0.,0.640184399664,0.768221279597));
#9789 = PCURVE('',#9568,#9790);
#9790 = DEFINITIONAL_REPRESENTATION('',(#9791),#9801);
#9791 = B_SPLINE_CURVE_WITH_KNOTS('',8,(#9792,#9793,#9794,#9795,#9796,
    #9797,#9798,#9799,#9800),.UNSPECIFIED.,.F.,.F.,(9,9),(5.736776319526
    ,6.28318530718),.PIECEWISE_BEZIER_KNOTS.);
#9792 = CARTESIAN_POINT('',(8.61374438885,0.715990727549));
#9793 = CARTESIAN_POINT('',(8.536923436894,0.752129671102));
#9794 = CARTESIAN_POINT('',(8.454582745901,0.784928837373));
#9795 = CARTESIAN_POINT('',(8.36630878228,0.813782898839));
#9796 = CARTESIAN_POINT('',(8.271987325922,0.838006948592));
#9797 = CARTESIAN_POINT('',(8.171872711018,0.856865613813));
#9798 = CARTESIAN_POINT('',(8.067360141508,0.869660149389));
#9799 = CARTESIAN_POINT('',(7.960671399443,0.876058050598));
#9800 = CARTESIAN_POINT('',(7.853981633974,0.876058050598));
#9801 = ( GEOMETRIC_REPRESENTATION_CONTEXT(2) 
PARAMETRIC_REPRESENTATION_CONTEXT() REPRESENTATION_CONTEXT('2D SPACE',''
  ) );
#9802 = PCURVE('',#9679,#9803);
#9803 = DEFINITIONAL_REPRESENTATION('',(#9804),#9808);
#9804 = LINE('',#9805,#9806);
#9805 = CARTESIAN_POINT('',(0.,0.));
#9806 = VECTOR('',#9807,1.);
#9807 = DIRECTION('',(1.,0.));
#9808 = ( GEOMETRIC_REPRESENTATION_CONTEXT(2) 
PARAMETRIC_REPRESENTATION_CONTEXT() REPRESENTATION_CONTEXT('2D SPACE',''
  ) );
#9809 = ORIENTED_EDGE('',*,*,#9551,.F.);
#9810 = ORIENTED_EDGE('',*,*,#9697,.T.);
#9811 = ADVANCED_FACE('',(#9812),#9679,.T.);
#9812 = FACE_BOUND('',#9813,.T.);
#9813 = EDGE_LOOP('',(#9814,#9837,#9869,#9904,#9940,#9994,#9995,#9996,
    #9997));
#9814 = ORIENTED_EDGE('',*,*,#9815,.T.);
#9815 = EDGE_CURVE('',#9734,#9816,#9818,.T.);
#9816 = VERTEX_POINT('',#9817);
#9817 = CARTESIAN_POINT('',(199.6,-17.78388014021,76.899343831738));
#9818 = SEAM_CURVE('',#9819,(#9823,#9830),.PCURVE_S1.);
#9819 = LINE('',#9820,#9821);
#9820 = CARTESIAN_POINT('',(199.6,-22.58388014021,80.899343831738));
#9821 = VECTOR('',#9822,1.);
#9822 = DIRECTION('',(0.,0.768221279597,-0.640184399664));
#9823 = PCURVE('',#9679,#9824);
#9824 = DEFINITIONAL_REPRESENTATION('',(#9825),#9829);
#9825 = LINE('',#9826,#9827);
#9826 = CARTESIAN_POINT('',(6.28318530718,-0.));
#9827 = VECTOR('',#9828,1.);
#9828 = DIRECTION('',(0.,1.));
#9829 = ( GEOMETRIC_REPRESENTATION_CONTEXT(2) 
PARAMETRIC_REPRESENTATION_CONTEXT() REPRESENTATION_CONTEXT('2D SPACE',''
  ) );
#9830 = PCURVE('',#9679,#9831);
#9831 = DEFINITIONAL_REPRESENTATION('',(#9832),#9836);
#9832 = LINE('',#9833,#9834);
#9833 = CARTESIAN_POINT('',(0.,-0.));
#9834 = VECTOR('',#9835,1.);
#9835 = DIRECTION('',(0.,1.));
#9836 = ( GEOMETRIC_REPRESENTATION_CONTEXT(2) 
PARAMETRIC_REPRESENTATION_CONTEXT() REPRESENTATION_CONTEXT('2D SPACE',''
  ) );
#9837 = ORIENTED_EDGE('',*,*,#9838,.F.);
#9838 = EDGE_CURVE('',#9839,#9816,#9841,.T.);
#9839 = VERTEX_POINT('',#9840);
#9840 = CARTESIAN_POINT('',(199.46129953827,-17.7934641639,
    76.887843003317));
#9841 = SURFACE_CURVE('',#9842,(#9847,#9854),.PCURVE_S1.);
#9842 = CIRCLE('',#9843,0.65);
#9843 = AXIS2_PLACEMENT_3D('',#9844,#9845,#9846);
#9844 = CARTESIAN_POINT('',(199.6,-18.2,76.4));
#9845 = DIRECTION('',(0.,0.768221279597,-0.640184399664));
#9846 = DIRECTION('',(0.,0.640184399664,0.768221279597));
#9847 = PCURVE('',#9679,#9848);
#9848 = DEFINITIONAL_REPRESENTATION('',(#9849),#9853);
#9849 = LINE('',#9850,#9851);
#9850 = CARTESIAN_POINT('',(0.,6.248199740725));
#9851 = VECTOR('',#9852,1.);
#9852 = DIRECTION('',(1.,0.));
#9853 = ( GEOMETRIC_REPRESENTATION_CONTEXT(2) 
PARAMETRIC_REPRESENTATION_CONTEXT() REPRESENTATION_CONTEXT('2D SPACE',''
  ) );
#9854 = PCURVE('',#9855,#9860);
#9855 = SPHERICAL_SURFACE('',#9856,0.65);
#9856 = AXIS2_PLACEMENT_3D('',#9857,#9858,#9859);
#9857 = CARTESIAN_POINT('',(199.6,-18.2,76.4));
#9858 = DIRECTION('',(0.,0.,1.));
#9859 = DIRECTION('',(1.,0.,-0.));
#9860 = DEFINITIONAL_REPRESENTATION('',(#9861),#9868);
#9861 = B_SPLINE_CURVE_WITH_KNOTS('',5,(#9862,#9863,#9864,#9865,#9866,
    #9867),.UNSPECIFIED.,.F.,.F.,(6,6),(6.068146516484,6.28318530718),
  .PIECEWISE_BEZIER_KNOTS.);
#9862 = CARTESIAN_POINT('',(8.182774325479,0.848860243744));
#9863 = CARTESIAN_POINT('',(8.119727885374,0.859528710952));
#9864 = CARTESIAN_POINT('',(8.054773062132,0.867733178336));
#9865 = CARTESIAN_POINT('',(7.988343338324,0.873283909985));
#9866 = CARTESIAN_POINT('',(7.921161899788,0.876058050598));
#9867 = CARTESIAN_POINT('',(7.853981633974,0.876058050598));
#9868 = ( GEOMETRIC_REPRESENTATION_CONTEXT(2) 
PARAMETRIC_REPRESENTATION_CONTEXT() REPRESENTATION_CONTEXT('2D SPACE',''
  ) );
#9869 = ORIENTED_EDGE('',*,*,#9870,.F.);
#9870 = EDGE_CURVE('',#9871,#9839,#9873,.T.);
#9871 = VERTEX_POINT('',#9872);
#9872 = CARTESIAN_POINT('',(199.03116074567,-18.11556759946,
    76.739051034527));
#9873 = SURFACE_CURVE('',#9874,(#9879,#9889),.PCURVE_S1.);
#9874 = ELLIPSE('',#9875,0.680799953109,0.65);
#9875 = AXIS2_PLACEMENT_3D('',#9876,#9877,#9878);
#9876 = CARTESIAN_POINT('',(199.6,-18.2,76.4));
#9877 = DIRECTION('',(-0.290530873678,0.692842420699,-0.659970598981));
#9878 = DIRECTION('',(0.932769271686,0.358879508887,-3.386715075023E-02)
  );
#9879 = PCURVE('',#9679,#9880);
#9880 = DEFINITIONAL_REPRESENTATION('',(#9881),#9888);
#9881 = B_SPLINE_CURVE_WITH_KNOTS('',5,(#9882,#9883,#9884,#9885,#9886,
    #9887),.UNSPECIFIED.,.F.,.F.,(6,6),(3.861708246484,4.712388965694),
  .PIECEWISE_BEZIER_KNOTS.);
#9882 = CARTESIAN_POINT('',(5.217465782583,6.096007324535));
#9883 = CARTESIAN_POINT('',(5.387601926425,6.118722917586));
#9884 = CARTESIAN_POINT('',(5.557738070267,6.146944217478));
#9885 = CARTESIAN_POINT('',(5.727874214109,6.179308598217));
#9886 = CARTESIAN_POINT('',(5.898010357951,6.213754594016));
#9887 = CARTESIAN_POINT('',(6.068146501793,6.248199737751));
#9888 = ( GEOMETRIC_REPRESENTATION_CONTEXT(2) 
PARAMETRIC_REPRESENTATION_CONTEXT() REPRESENTATION_CONTEXT('2D SPACE',''
  ) );
#9889 = PCURVE('',#9890,#9895);
#9890 = CYLINDRICAL_SURFACE('',#9891,0.65);
#9891 = AXIS2_PLACEMENT_3D('',#9892,#9893,#9894);
#9892 = CARTESIAN_POINT('',(199.6,-18.2,76.4));
#9893 = DIRECTION('',(-0.55477403319,0.55477403319,-0.620041566507));
#9894 = DIRECTION('',(-0.745241313525,0.,0.66679485947));
#9895 = DEFINITIONAL_REPRESENTATION('',(#9896),#9903);
#9896 = B_SPLINE_CURVE_WITH_KNOTS('',5,(#9897,#9898,#9899,#9900,#9901,
    #9902),.UNSPECIFIED.,.F.,.F.,(6,6),(3.861708246484,4.712388965694),
  .PIECEWISE_BEZIER_KNOTS.);
#9897 = CARTESIAN_POINT('',(8.089255760961E-12,0.152192416191));
#9898 = CARTESIAN_POINT('',(0.17013614385,0.12947682314));
#9899 = CARTESIAN_POINT('',(0.340272287692,0.101255523247));
#9900 = CARTESIAN_POINT('',(0.510408431534,6.889114250802E-02));
#9901 = CARTESIAN_POINT('',(0.680544575375,3.444514670901E-02));
#9902 = CARTESIAN_POINT('',(0.850680719217,2.974331891892E-09));
#9903 = ( GEOMETRIC_REPRESENTATION_CONTEXT(2) 
PARAMETRIC_REPRESENTATION_CONTEXT() REPRESENTATION_CONTEXT('2D SPACE',''
  ) );
#9904 = ORIENTED_EDGE('',*,*,#9905,.F.);
#9905 = EDGE_CURVE('',#9906,#9871,#9908,.T.);
#9906 = VERTEX_POINT('',#9907);
#9907 = CARTESIAN_POINT('',(199.73870046172,-18.60653583609,
    75.912156996683));
#9908 = SURFACE_CURVE('',#9909,(#9914,#9927),.PCURVE_S1.);
#9909 = ELLIPSE('',#9910,0.680799953109,0.65);
#9910 = AXIS2_PLACEMENT_3D('',#9911,#9912,#9913);
#9911 = CARTESIAN_POINT('',(199.6,-18.2,76.4));
#9912 = DIRECTION('',(-0.290530873678,0.692842420699,-0.659970598981));
#9913 = DIRECTION('',(0.932769271686,0.358879508887,-3.386715075023E-02)
  );
#9914 = PCURVE('',#9679,#9915);
#9915 = DEFINITIONAL_REPRESENTATION('',(#9916),#9926);
#9916 = B_SPLINE_CURVE_WITH_KNOTS('',8,(#9917,#9918,#9919,#9920,#9921,
    #9922,#9923,#9924,#9925),.UNSPECIFIED.,.F.,.F.,(9,9),(1.570796320676
    ,3.861708246484),.PIECEWISE_BEZIER_KNOTS.);
#9917 = CARTESIAN_POINT('',(2.926553856775,6.248199741964));
#9918 = CARTESIAN_POINT('',(3.212917847501,6.190223531864));
#9919 = CARTESIAN_POINT('',(3.499281838227,6.132247143438));
#9920 = CARTESIAN_POINT('',(3.785645828957,6.081516903938));
#9921 = CARTESIAN_POINT('',(4.072009819654,6.045269784518));
#9922 = CARTESIAN_POINT('',(4.358373810404,6.028873350479));
#9923 = CARTESIAN_POINT('',(4.644737801131,6.033803484837));
#9924 = CARTESIAN_POINT('',(4.931101791857,6.057773662181));
#9925 = CARTESIAN_POINT('',(5.217465782583,6.096007324535));
#9926 = ( GEOMETRIC_REPRESENTATION_CONTEXT(2) 
PARAMETRIC_REPRESENTATION_CONTEXT() REPRESENTATION_CONTEXT('2D SPACE',''
  ) );
#9927 = PCURVE('',#9890,#9928);
#9928 = DEFINITIONAL_REPRESENTATION('',(#9929),#9939);
#9929 = B_SPLINE_CURVE_WITH_KNOTS('',8,(#9930,#9931,#9932,#9933,#9934,
    #9935,#9936,#9937,#9938),.UNSPECIFIED.,.F.,.F.,(9,9),(1.570796320676
    ,3.861708246484),.PIECEWISE_BEZIER_KNOTS.);
#9930 = CARTESIAN_POINT('',(3.992273381379,-1.238788627234E-09));
#9931 = CARTESIAN_POINT('',(4.278637372105,5.797620886131E-02));
#9932 = CARTESIAN_POINT('',(4.565001362831,0.115952597283));
#9933 = CARTESIAN_POINT('',(4.851365353564,0.166682836767));
#9934 = CARTESIAN_POINT('',(5.137729344284,0.202929956209));
#9935 = CARTESIAN_POINT('',(5.424093335012,0.219326390228));
#9936 = CARTESIAN_POINT('',(5.710457325736,0.214396255885));
#9937 = CARTESIAN_POINT('',(5.996821316462,0.190426078544));
#9938 = CARTESIAN_POINT('',(6.283185307188,0.152192416191));
#9939 = ( GEOMETRIC_REPRESENTATION_CONTEXT(2) 
PARAMETRIC_REPRESENTATION_CONTEXT() REPRESENTATION_CONTEXT('2D SPACE',''
  ) );
#9940 = ORIENTED_EDGE('',*,*,#9941,.T.);
#9941 = EDGE_CURVE('',#9906,#9816,#9942,.T.);
#9942 = SURFACE_CURVE('',#9943,(#9948,#9955),.PCURVE_S1.);
#9943 = CIRCLE('',#9944,0.65);
#9944 = AXIS2_PLACEMENT_3D('',#9945,#9946,#9947);
#9945 = CARTESIAN_POINT('',(199.6,-18.2,76.4));
#9946 = DIRECTION('',(0.,-0.768221279597,0.640184399664));
#9947 = DIRECTION('',(0.213385325734,-0.625439747842,-0.750527697411));
#9948 = PCURVE('',#9679,#9949);
#9949 = DEFINITIONAL_REPRESENTATION('',(#9950),#9954);
#9950 = LINE('',#9951,#9952);
#9951 = CARTESIAN_POINT('',(2.926553862894,6.248199740725));
#9952 = VECTOR('',#9953,1.);
#9953 = DIRECTION('',(-1.,-0.));
#9954 = ( GEOMETRIC_REPRESENTATION_CONTEXT(2) 
PARAMETRIC_REPRESENTATION_CONTEXT() REPRESENTATION_CONTEXT('2D SPACE',''
  ) );
#9955 = PCURVE('',#9855,#9956);
#9956 = DEFINITIONAL_REPRESENTATION('',(#9957),#9993);
#9957 = B_SPLINE_CURVE_WITH_KNOTS('',8,(#9958,#9959,#9960,#9961,#9962,
    #9963,#9964,#9965,#9966,#9967,#9968,#9969,#9970,#9971,#9972,#9973,
    #9974,#9975,#9976,#9977,#9978,#9979,#9980,#9981,#9982,#9983,#9984,
    #9985,#9986,#9987,#9988,#9989,#9990,#9991,#9992),.UNSPECIFIED.,.F.,
  .F.,(9,7,5,7,7,9),(0.,0.67787876805,1.355757536099,1.944806158647,
    2.533854781195,2.926553862894),.UNSPECIFIED.);
#9958 = CARTESIAN_POINT('',(5.04118167189,-0.848860243744));
#9959 = CARTESIAN_POINT('',(5.16539717683,-0.827840991285));
#9960 = CARTESIAN_POINT('',(5.282835949125,-0.798076335967));
#9961 = CARTESIAN_POINT('',(5.391013938883,-0.760612290783));
#9962 = CARTESIAN_POINT('',(5.489230766034,-0.716940791755));
#9963 = CARTESIAN_POINT('',(5.578796938291,-0.668406187435));
#9964 = CARTESIAN_POINT('',(5.660829297402,-0.616002871046));
#9965 = CARTESIAN_POINT('',(5.7366106792,-0.56055027112));
#9966 = CARTESIAN_POINT('',(5.877897417255,-0.444828551081));
#9967 = CARTESIAN_POINT('',(5.943402089879,-0.384559942337));
#9968 = CARTESIAN_POINT('',(6.004903809206,-0.322527366526));
#9969 = CARTESIAN_POINT('',(6.063398252614,-0.259212778996));
#9970 = CARTESIAN_POINT('',(6.11974502707,-0.194993934693));
#9971 = CARTESIAN_POINT('',(6.222443831368,-7.387804974059E-02));
#9972 = CARTESIAN_POINT('',(6.32268251969,4.825457235073E-02));
#9973 = CARTESIAN_POINT('',(6.425057872002,0.169503570714));
#9974 = CARTESIAN_POINT('',(6.473574071466,0.225493744918));
#9975 = CARTESIAN_POINT('',(6.523492874207,0.280895100627));
#9976 = CARTESIAN_POINT('',(6.575350352146,0.335473596217));
#9977 = CARTESIAN_POINT('',(6.629752827548,0.388945593563));
#9978 = CARTESIAN_POINT('',(6.745025763511,0.492959025255));
#9979 = CARTESIAN_POINT('',(6.805895029526,0.543500125308));
#9980 = CARTESIAN_POINT('',(6.87068744869,0.592218133504));
#9981 = CARTESIAN_POINT('',(6.940153747217,0.638672847154));
#9982 = CARTESIAN_POINT('',(7.015127790745,0.682334043896));
#9983 = CARTESIAN_POINT('',(7.096453112603,0.722523545966));
#9984 = CARTESIAN_POINT('',(7.184717829387,0.758406861858));
#9985 = CARTESIAN_POINT('',(7.343025732474,0.809619801111));
#9986 = CARTESIAN_POINT('',(7.409336977555,0.827812984079));
#9987 = CARTESIAN_POINT('',(7.478569289041,0.843466355146));
#9988 = CARTESIAN_POINT('',(7.550520185814,0.8563209536));
#9989 = CARTESIAN_POINT('',(7.624760487473,0.866142929785));
#9990 = CARTESIAN_POINT('',(7.70062779491,0.872754278128));
#9991 = CARTESIAN_POINT('',(7.777304687085,0.876058050598));
#9992 = CARTESIAN_POINT('',(7.853981633974,0.876058050598));
#9993 = ( GEOMETRIC_REPRESENTATION_CONTEXT(2) 
PARAMETRIC_REPRESENTATION_CONTEXT() REPRESENTATION_CONTEXT('2D SPACE',''
  ) );
#9994 = ORIENTED_EDGE('',*,*,#9815,.F.);
#9995 = ORIENTED_EDGE('',*,*,#9733,.F.);
#9996 = ORIENTED_EDGE('',*,*,#9656,.T.);
#9997 = ORIENTED_EDGE('',*,*,#9782,.T.);
#9998 = ADVANCED_FACE('',(#9999),#9855,.T.);
#9999 = FACE_BOUND('',#10000,.T.);
#10000 = EDGE_LOOP('',(#10001,#10002,#10058));
#10001 = ORIENTED_EDGE('',*,*,#9941,.F.);
#10002 = ORIENTED_EDGE('',*,*,#10003,.T.);
#10003 = EDGE_CURVE('',#9906,#9839,#10004,.T.);
#10004 = SURFACE_CURVE('',#10005,(#10010,#10051),.PCURVE_S1.);
#10005 = CIRCLE('',#10006,0.65);
#10006 = AXIS2_PLACEMENT_3D('',#10007,#10008,#10009);
#10007 = CARTESIAN_POINT('',(199.6,-18.2,76.4));
#10008 = DIRECTION('',(0.55477403319,-0.55477403319,0.620041566507));
#10009 = DIRECTION('',(0.213385325734,-0.625439747842,-0.750527697411));
#10010 = PCURVE('',#9855,#10011);
#10011 = DEFINITIONAL_REPRESENTATION('',(#10012),#10050);
#10012 = B_SPLINE_CURVE_WITH_KNOTS('',8,(#10013,#10014,#10015,#10016,
    #10017,#10018,#10019,#10020,#10021,#10022,#10023,#10024,#10025,
    #10026,#10027,#10028,#10029,#10030,#10031,#10032,#10033,#10034,
    #10035,#10036,#10037,#10038,#10039,#10040,#10041,#10042,#10043,
    #10044,#10045,#10046,#10047,#10048,#10049),.UNSPECIFIED.,.F.,.F.,(9,
    7,7,7,7,9),(0.,0.425340366954,0.850680733908,1.709772703789,
    2.568864673669,3.14159265359),.UNSPECIFIED.);
#10013 = CARTESIAN_POINT('',(5.04118167189,-0.848860243744));
#10014 = CARTESIAN_POINT('',(5.116669355161,-0.86725193458));
#10015 = CARTESIAN_POINT('',(5.195762399593,-0.882413408853));
#10016 = CARTESIAN_POINT('',(5.2780922381,-0.894006206374));
#10017 = CARTESIAN_POINT('',(5.363014809824,-0.90171671909));
#10018 = CARTESIAN_POINT('',(5.449442859715,-0.905314791031));
#10019 = CARTESIAN_POINT('',(5.536048878213,-0.904721099308));
#10020 = CARTESIAN_POINT('',(5.621589421147,-0.900031351281));
#10021 = CARTESIAN_POINT('',(5.78861367883,-0.882859314761));
#10022 = CARTESIAN_POINT('',(5.870096474432,-0.870377487319));
#10023 = CARTESIAN_POINT('',(5.948580339206,-0.854200256393));
#10024 = CARTESIAN_POINT('',(6.023353625768,-0.834645130271));
#10025 = CARTESIAN_POINT('',(6.09411865736,-0.812085069219));
#10026 = CARTESIAN_POINT('',(6.16089057026,-0.78689085905));
#10027 = CARTESIAN_POINT('',(6.223828084248,-0.759395632008));
#10028 = CARTESIAN_POINT('',(6.403073560298,-0.670324418525));
#10029 = CARTESIAN_POINT('',(6.508354624787,-0.602585918025));
#10030 = CARTESIAN_POINT('',(6.6011058349,-0.529154385614));
#10031 = CARTESIAN_POINT('',(6.684845511567,-0.451856669093));
#10032 = CARTESIAN_POINT('',(6.761854757106,-0.371775918718));
#10033 = CARTESIAN_POINT('',(6.834153001484,-0.289798327246));
#10034 = CARTESIAN_POINT('',(6.903347675032,-0.206581566691));
#10035 = CARTESIAN_POINT('',(7.038542064118,-3.887990543059E-02));
#10036 = CARTESIAN_POINT('',(7.104542636275,4.560533491586E-02));
#10037 = CARTESIAN_POINT('',(7.170437746859,0.130124195207));
#10038 = CARTESIAN_POINT('',(7.237620050514,0.214145534778));
#10039 = CARTESIAN_POINT('',(7.307479340502,0.297108919633));
#10040 = CARTESIAN_POINT('',(7.381661032777,0.37834717489));
#10041 = CARTESIAN_POINT('',(7.462280593925,0.45695914941));
#10042 = CARTESIAN_POINT('',(7.611624633339,0.581296250293));
#10043 = CARTESIAN_POINT('',(7.675355892091,0.62924902173));
#10044 = CARTESIAN_POINT('',(7.743827313828,0.675010854588));
#10045 = CARTESIAN_POINT('',(7.817877932634,0.718076519144));
#10046 = CARTESIAN_POINT('',(7.898322227045,0.757825333561));
#10047 = CARTESIAN_POINT('',(7.986017488862,0.793474513142));
#10048 = CARTESIAN_POINT('',(8.08112888642,0.824095521752));
#10049 = CARTESIAN_POINT('',(8.182774325479,0.848860243744));
#10050 = ( GEOMETRIC_REPRESENTATION_CONTEXT(2) 
PARAMETRIC_REPRESENTATION_CONTEXT() REPRESENTATION_CONTEXT('2D SPACE',''
  ) );
#10051 = PCURVE('',#9890,#10052);
#10052 = DEFINITIONAL_REPRESENTATION('',(#10053),#10057);
#10053 = LINE('',#10054,#10055);
#10054 = CARTESIAN_POINT('',(3.992273387498,0.));
#10055 = VECTOR('',#10056,1.);
#10056 = DIRECTION('',(-1.,-0.));
#10057 = ( GEOMETRIC_REPRESENTATION_CONTEXT(2) 
PARAMETRIC_REPRESENTATION_CONTEXT() REPRESENTATION_CONTEXT('2D SPACE',''
  ) );
#10058 = ORIENTED_EDGE('',*,*,#9838,.T.);
#10059 = ADVANCED_FACE('',(#10060),#9890,.T.);
#10060 = FACE_BOUND('',#10061,.T.);
#10061 = EDGE_LOOP('',(#10062,#10085,#10127,#10168,#10200,#10235,#10236,
    #10237,#10238));
#10062 = ORIENTED_EDGE('',*,*,#10063,.T.);
#10063 = EDGE_CURVE('',#9871,#10064,#10066,.T.);
#10064 = VERTEX_POINT('',#10065);
#10065 = CARTESIAN_POINT('',(197.4155931462,-16.5,74.933416658655));
#10066 = SEAM_CURVE('',#10067,(#10071,#10078),.PCURVE_S1.);
#10067 = LINE('',#10068,#10069);
#10068 = CARTESIAN_POINT('',(199.1155931462,-18.2,76.833416658655));
#10069 = VECTOR('',#10070,1.);
#10070 = DIRECTION('',(-0.55477403319,0.55477403319,-0.620041566507));
#10071 = PCURVE('',#9890,#10072);
#10072 = DEFINITIONAL_REPRESENTATION('',(#10073),#10077);
#10073 = LINE('',#10074,#10075);
#10074 = CARTESIAN_POINT('',(6.28318530718,-0.));
#10075 = VECTOR('',#10076,1.);
#10076 = DIRECTION('',(0.,1.));
#10077 = ( GEOMETRIC_REPRESENTATION_CONTEXT(2) 
PARAMETRIC_REPRESENTATION_CONTEXT() REPRESENTATION_CONTEXT('2D SPACE',''
  ) );
#10078 = PCURVE('',#9890,#10079);
#10079 = DEFINITIONAL_REPRESENTATION('',(#10080),#10084);
#10080 = LINE('',#10081,#10082);
#10081 = CARTESIAN_POINT('',(0.,-0.));
#10082 = VECTOR('',#10083,1.);
#10083 = DIRECTION('',(0.,1.));
#10084 = ( GEOMETRIC_REPRESENTATION_CONTEXT(2) 
PARAMETRIC_REPRESENTATION_CONTEXT() REPRESENTATION_CONTEXT('2D SPACE',''
  ) );
#10085 = ORIENTED_EDGE('',*,*,#10086,.F.);
#10086 = EDGE_CURVE('',#10087,#10064,#10089,.T.);
#10087 = VERTEX_POINT('',#10088);
#10088 = CARTESIAN_POINT('',(197.9,-16.98440685379,74.066583341345));
#10089 = SURFACE_CURVE('',#10090,(#10095,#10102),.PCURVE_S1.);
#10090 = CIRCLE('',#10091,0.65);
#10091 = AXIS2_PLACEMENT_3D('',#10092,#10093,#10094);
#10092 = CARTESIAN_POINT('',(197.9,-16.5,74.5));
#10093 = DIRECTION('',(-0.55477403319,0.55477403319,-0.620041566507));
#10094 = DIRECTION('',(-0.745241313525,0.,0.66679485947));
#10095 = PCURVE('',#9890,#10096);
#10096 = DEFINITIONAL_REPRESENTATION('',(#10097),#10101);
#10097 = LINE('',#10098,#10099);
#10098 = CARTESIAN_POINT('',(0.,3.064310689209));
#10099 = VECTOR('',#10100,1.);
#10100 = DIRECTION('',(1.,0.));
#10101 = ( GEOMETRIC_REPRESENTATION_CONTEXT(2) 
PARAMETRIC_REPRESENTATION_CONTEXT() REPRESENTATION_CONTEXT('2D SPACE',''
  ) );
#10102 = PCURVE('',#10103,#10108);
#10103 = SPHERICAL_SURFACE('',#10104,0.65);
#10104 = AXIS2_PLACEMENT_3D('',#10105,#10106,#10107);
#10105 = CARTESIAN_POINT('',(197.9,-16.5,74.5));
#10106 = DIRECTION('',(0.,0.,1.));
#10107 = DIRECTION('',(1.,0.,-0.));
#10108 = DEFINITIONAL_REPRESENTATION('',(#10109),#10126);
#10109 = B_SPLINE_CURVE_WITH_KNOTS('',8,(#10110,#10111,#10112,#10113,
    #10114,#10115,#10116,#10117,#10118,#10119,#10120,#10121,#10122,
    #10123,#10124,#10125),.UNSPECIFIED.,.F.,.F.,(9,7,9),(4.251644157,
    5.26741473209,6.28318530718),.UNSPECIFIED.);
#10110 = CARTESIAN_POINT('',(4.712388980385,-0.729899658152));
#10111 = CARTESIAN_POINT('',(4.57063586886,-0.659459265809));
#10112 = CARTESIAN_POINT('',(4.449305841217,-0.577605447376));
#10113 = CARTESIAN_POINT('',(4.344948397249,-0.488430346959));
#10114 = CARTESIAN_POINT('',(4.251376054151,-0.39472604181));
#10115 = CARTESIAN_POINT('',(4.165571552787,-0.29790519929));
#10116 = CARTESIAN_POINT('',(4.084442924413,-0.199236807553));
#10117 = CARTESIAN_POINT('',(4.005718314311,-9.961775818938E-02));
#10118 = CARTESIAN_POINT('',(3.848263319663,9.961775818938E-02));
#10119 = CARTESIAN_POINT('',(3.769538709555,0.199236807553));
#10120 = CARTESIAN_POINT('',(3.688410081195,0.297905199289));
#10121 = CARTESIAN_POINT('',(3.602605579777,0.394726041811));
#10122 = CARTESIAN_POINT('',(3.509033236733,0.488430346958));
#10123 = CARTESIAN_POINT('',(3.40467579275,0.577605447376));
#10124 = CARTESIAN_POINT('',(3.283345765115,0.659459265809));
#10125 = CARTESIAN_POINT('',(3.14159265359,0.729899658152));
#10126 = ( GEOMETRIC_REPRESENTATION_CONTEXT(2) 
PARAMETRIC_REPRESENTATION_CONTEXT() REPRESENTATION_CONTEXT('2D SPACE',''
  ) );
#10127 = ORIENTED_EDGE('',*,*,#10128,.F.);
#10128 = EDGE_CURVE('',#10129,#10087,#10131,.T.);
#10129 = VERTEX_POINT('',#10130);
#10130 = CARTESIAN_POINT('',(198.80521903094,-16.5,75.15));
#10131 = SURFACE_CURVE('',#10132,(#10137,#10150),.PCURVE_S1.);
#10132 = ELLIPSE('',#10133,1.377647510184,0.65);
#10133 = AXIS2_PLACEMENT_3D('',#10134,#10135,#10136);
#10134 = CARTESIAN_POINT('',(197.9,-16.5,74.5));
#10135 = DIRECTION('',(0.471818803573,0.587910050415,-0.657075938699));
#10136 = DIRECTION('',(-0.881695535089,0.314606352824,-0.35161886492));
#10137 = PCURVE('',#9890,#10138);
#10138 = DEFINITIONAL_REPRESENTATION('',(#10139),#10149);
#10139 = B_SPLINE_CURVE_WITH_KNOTS('',8,(#10140,#10141,#10142,#10143,
    #10144,#10145,#10146,#10147,#10148),.UNSPECIFIED.,.F.,.F.,(9,9),(
    2.411692995436,4.712389227365),.PIECEWISE_BEZIER_KNOTS.);
#10140 = CARTESIAN_POINT('',(1.950948172051,2.159091658261));
#10141 = CARTESIAN_POINT('',(2.238535201042,1.926165485689));
#10142 = CARTESIAN_POINT('',(2.526122230033,1.778802742666));
#10143 = CARTESIAN_POINT('',(2.813709259015,1.746352163522));
#10144 = CARTESIAN_POINT('',(3.101296288023,1.843097852379));
#10145 = CARTESIAN_POINT('',(3.388883316999,2.060376307066));
#10146 = CARTESIAN_POINT('',(3.676470345995,2.365665683573));
#10147 = CARTESIAN_POINT('',(3.964057374989,2.714988901217));
#10148 = CARTESIAN_POINT('',(4.25164440398,3.064310989208));
#10149 = ( GEOMETRIC_REPRESENTATION_CONTEXT(2) 
PARAMETRIC_REPRESENTATION_CONTEXT() REPRESENTATION_CONTEXT('2D SPACE',''
  ) );
#10150 = PCURVE('',#10151,#10156);
#10151 = CYLINDRICAL_SURFACE('',#10152,0.65);
#10152 = AXIS2_PLACEMENT_3D('',#10153,#10154,#10155);
#10153 = CARTESIAN_POINT('',(197.9,-16.5,74.5));
#10154 = DIRECTION('',(1.,0.,0.));
#10155 = DIRECTION('',(-0.,0.,1.));
#10156 = DEFINITIONAL_REPRESENTATION('',(#10157),#10167);
#10157 = B_SPLINE_CURVE_WITH_KNOTS('',8,(#10158,#10159,#10160,#10161,
    #10162,#10163,#10164,#10165,#10166),.UNSPECIFIED.,.F.,.F.,(9,9),(
    2.411692995436,4.712389227365),.PIECEWISE_BEZIER_KNOTS.);
#10158 = CARTESIAN_POINT('',(-2.443378832595E-12,0.905219030948));
#10159 = CARTESIAN_POINT('',(0.287587028989,1.138145203519));
#10160 = CARTESIAN_POINT('',(0.575174057979,1.285507946545));
#10161 = CARTESIAN_POINT('',(0.86276108697,1.317958525672));
#10162 = CARTESIAN_POINT('',(1.150348115953,1.22121283685));
#10163 = CARTESIAN_POINT('',(1.437935144953,1.003934382125));
#10164 = CARTESIAN_POINT('',(1.725522173944,0.698645005638));
#10165 = CARTESIAN_POINT('',(2.013109202936,0.349321787992));
#10166 = CARTESIAN_POINT('',(2.300696231927,-2.999986179475E-07));
#10167 = ( GEOMETRIC_REPRESENTATION_CONTEXT(2) 
PARAMETRIC_REPRESENTATION_CONTEXT() REPRESENTATION_CONTEXT('2D SPACE',''
  ) );
#10168 = ORIENTED_EDGE('',*,*,#10169,.F.);
#10169 = EDGE_CURVE('',#10170,#10129,#10172,.T.);
#10170 = VERTEX_POINT('',#10171);
#10171 = CARTESIAN_POINT('',(197.9,-16.0155931462,74.933416658655));
#10172 = SURFACE_CURVE('',#10173,(#10178,#10189),.PCURVE_S1.);
#10173 = ELLIPSE('',#10174,1.377647510184,0.65);
#10174 = AXIS2_PLACEMENT_3D('',#10175,#10176,#10177);
#10175 = CARTESIAN_POINT('',(197.9,-16.5,74.5));
#10176 = DIRECTION('',(0.471818803573,0.587910050415,-0.657075938699));
#10177 = DIRECTION('',(-0.881695535089,0.314606352824,-0.35161886492));
#10178 = PCURVE('',#9890,#10179);
#10179 = DEFINITIONAL_REPRESENTATION('',(#10180),#10188);
#10180 = B_SPLINE_CURVE_WITH_KNOTS('',6,(#10181,#10182,#10183,#10184,
    #10185,#10186,#10187),.UNSPECIFIED.,.F.,.F.,(7,7),(1.570796079813,
    2.411692995436),.PIECEWISE_BEZIER_KNOTS.);
#10181 = CARTESIAN_POINT('',(1.110051256428,3.06431098921));
#10182 = CARTESIAN_POINT('',(1.250200742365,2.894076221564));
#10183 = CARTESIAN_POINT('',(1.390350228302,2.723841829389));
#10184 = CARTESIAN_POINT('',(1.530499714239,2.559623714133));
#10185 = CARTESIAN_POINT('',(1.670649200176,2.407450867096));
#10186 = CARTESIAN_POINT('',(1.810798686113,2.272603326231));
#10187 = CARTESIAN_POINT('',(1.950948172051,2.159091658261));
#10188 = ( GEOMETRIC_REPRESENTATION_CONTEXT(2) 
PARAMETRIC_REPRESENTATION_CONTEXT() REPRESENTATION_CONTEXT('2D SPACE',''
  ) );
#10189 = PCURVE('',#10151,#10190);
#10190 = DEFINITIONAL_REPRESENTATION('',(#10191),#10199);
#10191 = B_SPLINE_CURVE_WITH_KNOTS('',6,(#10192,#10193,#10194,#10195,
    #10196,#10197,#10198),.UNSPECIFIED.,.F.,.F.,(7,7),(1.570796079813,
    2.411692995436),.PIECEWISE_BEZIER_KNOTS.);
#10192 = CARTESIAN_POINT('',(5.442288391554,-3.00000920106E-07));
#10193 = CARTESIAN_POINT('',(5.582437877491,0.170234467645));
#10194 = CARTESIAN_POINT('',(5.722587363428,0.34046885982));
#10195 = CARTESIAN_POINT('',(5.862736849365,0.504686975076));
#10196 = CARTESIAN_POINT('',(6.002886335303,0.656859822113));
#10197 = CARTESIAN_POINT('',(6.14303582124,0.791707362978));
#10198 = CARTESIAN_POINT('',(6.283185307177,0.905219030948));
#10199 = ( GEOMETRIC_REPRESENTATION_CONTEXT(2) 
PARAMETRIC_REPRESENTATION_CONTEXT() REPRESENTATION_CONTEXT('2D SPACE',''
  ) );
#10200 = ORIENTED_EDGE('',*,*,#10201,.F.);
#10201 = EDGE_CURVE('',#10064,#10170,#10202,.T.);
#10202 = SURFACE_CURVE('',#10203,(#10208,#10215),.PCURVE_S1.);
#10203 = CIRCLE('',#10204,0.65);
#10204 = AXIS2_PLACEMENT_3D('',#10205,#10206,#10207);
#10205 = CARTESIAN_POINT('',(197.9,-16.5,74.5));
#10206 = DIRECTION('',(-0.55477403319,0.55477403319,-0.620041566507));
#10207 = DIRECTION('',(-0.745241313525,0.,0.66679485947));
#10208 = PCURVE('',#9890,#10209);
#10209 = DEFINITIONAL_REPRESENTATION('',(#10210),#10214);
#10210 = LINE('',#10211,#10212);
#10211 = CARTESIAN_POINT('',(0.,3.064310689209));
#10212 = VECTOR('',#10213,1.);
#10213 = DIRECTION('',(1.,0.));
#10214 = ( GEOMETRIC_REPRESENTATION_CONTEXT(2) 
PARAMETRIC_REPRESENTATION_CONTEXT() REPRESENTATION_CONTEXT('2D SPACE',''
  ) );
#10215 = PCURVE('',#10103,#10216);
#10216 = DEFINITIONAL_REPRESENTATION('',(#10217),#10234);
#10217 = B_SPLINE_CURVE_WITH_KNOTS('',8,(#10218,#10219,#10220,#10221,
    #10222,#10223,#10224,#10225,#10226,#10227,#10228,#10229,#10230,
    #10231,#10232,#10233),.UNSPECIFIED.,.F.,.F.,(9,7,9),(0.,
    0.555025751705,1.11005150341),.UNSPECIFIED.);
#10218 = CARTESIAN_POINT('',(3.14159265359,0.729899658152));
#10219 = CARTESIAN_POINT('',(3.064137538025,0.768388892501));
#10220 = CARTESIAN_POINT('',(2.980587097691,0.803471077179));
#10221 = CARTESIAN_POINT('',(2.890367952694,0.834481403203));
#10222 = CARTESIAN_POINT('',(2.793225200763,0.860647315104));
#10223 = CARTESIAN_POINT('',(2.689255257714,0.881119880367));
#10224 = CARTESIAN_POINT('',(2.579978479231,0.895039860874));
#10225 = CARTESIAN_POINT('',(2.468087341754,0.902000644647));
#10226 = CARTESIAN_POINT('',(2.244301638631,0.902000644647));
#10227 = CARTESIAN_POINT('',(2.132410501152,0.895039860875));
#10228 = CARTESIAN_POINT('',(2.023133722667,0.881119880366));
#10229 = CARTESIAN_POINT('',(1.919163779616,0.860647315111));
#10230 = CARTESIAN_POINT('',(1.822021027694,0.834481403199));
#10231 = CARTESIAN_POINT('',(1.731801882693,0.80347107718));
#10232 = CARTESIAN_POINT('',(1.648251442359,0.768388892501));
#10233 = CARTESIAN_POINT('',(1.570796326795,0.729899658152));
#10234 = ( GEOMETRIC_REPRESENTATION_CONTEXT(2) 
PARAMETRIC_REPRESENTATION_CONTEXT() REPRESENTATION_CONTEXT('2D SPACE',''
  ) );
#10235 = ORIENTED_EDGE('',*,*,#10063,.F.);
#10236 = ORIENTED_EDGE('',*,*,#9870,.T.);
#10237 = ORIENTED_EDGE('',*,*,#10003,.F.);
#10238 = ORIENTED_EDGE('',*,*,#9905,.T.);
#10239 = ADVANCED_FACE('',(#10240),#10103,.T.);
#10240 = FACE_BOUND('',#10241,.T.);
#10241 = EDGE_LOOP('',(#10242,#10266,#10267,#10268));
#10242 = ORIENTED_EDGE('',*,*,#10243,.F.);
#10243 = EDGE_CURVE('',#10087,#10244,#10246,.T.);
#10244 = VERTEX_POINT('',#10245);
#10245 = CARTESIAN_POINT('',(197.9,-16.5,73.85));
#10246 = SURFACE_CURVE('',#10247,(#10252,#10259),.PCURVE_S1.);
#10247 = CIRCLE('',#10248,0.65);
#10248 = AXIS2_PLACEMENT_3D('',#10249,#10250,#10251);
#10249 = CARTESIAN_POINT('',(197.9,-16.5,74.5));
#10250 = DIRECTION('',(1.,0.,0.));
#10251 = DIRECTION('',(-0.,0.,1.));
#10252 = PCURVE('',#10103,#10253);
#10253 = DEFINITIONAL_REPRESENTATION('',(#10254),#10258);
#10254 = LINE('',#10255,#10256);
#10255 = CARTESIAN_POINT('',(4.712388980385,1.570796326795));
#10256 = VECTOR('',#10257,1.);
#10257 = DIRECTION('',(0.,-1.));
#10258 = ( GEOMETRIC_REPRESENTATION_CONTEXT(2) 
PARAMETRIC_REPRESENTATION_CONTEXT() REPRESENTATION_CONTEXT('2D SPACE',''
  ) );
#10259 = PCURVE('',#10151,#10260);
#10260 = DEFINITIONAL_REPRESENTATION('',(#10261),#10265);
#10261 = LINE('',#10262,#10263);
#10262 = CARTESIAN_POINT('',(0.,0.));
#10263 = VECTOR('',#10264,1.);
#10264 = DIRECTION('',(1.,0.));
#10265 = ( GEOMETRIC_REPRESENTATION_CONTEXT(2) 
PARAMETRIC_REPRESENTATION_CONTEXT() REPRESENTATION_CONTEXT('2D SPACE',''
  ) );
#10266 = ORIENTED_EDGE('',*,*,#10086,.T.);
#10267 = ORIENTED_EDGE('',*,*,#10201,.T.);
#10268 = ORIENTED_EDGE('',*,*,#10269,.F.);
#10269 = EDGE_CURVE('',#10244,#10170,#10270,.T.);
#10270 = SURFACE_CURVE('',#10271,(#10276,#10283),.PCURVE_S1.);
#10271 = CIRCLE('',#10272,0.65);
#10272 = AXIS2_PLACEMENT_3D('',#10273,#10274,#10275);
#10273 = CARTESIAN_POINT('',(197.9,-16.5,74.5));
#10274 = DIRECTION('',(1.,0.,0.));
#10275 = DIRECTION('',(-0.,0.,1.));
#10276 = PCURVE('',#10103,#10277);
#10277 = DEFINITIONAL_REPRESENTATION('',(#10278),#10282);
#10278 = LINE('',#10279,#10280);
#10279 = CARTESIAN_POINT('',(1.570796326795,-4.712388980385));
#10280 = VECTOR('',#10281,1.);
#10281 = DIRECTION('',(-0.,1.));
#10282 = ( GEOMETRIC_REPRESENTATION_CONTEXT(2) 
PARAMETRIC_REPRESENTATION_CONTEXT() REPRESENTATION_CONTEXT('2D SPACE',''
  ) );
#10283 = PCURVE('',#10151,#10284);
#10284 = DEFINITIONAL_REPRESENTATION('',(#10285),#10289);
#10285 = LINE('',#10286,#10287);
#10286 = CARTESIAN_POINT('',(0.,0.));
#10287 = VECTOR('',#10288,1.);
#10288 = DIRECTION('',(1.,0.));
#10289 = ( GEOMETRIC_REPRESENTATION_CONTEXT(2) 
PARAMETRIC_REPRESENTATION_CONTEXT() REPRESENTATION_CONTEXT('2D SPACE',''
  ) );
#10290 = ADVANCED_FACE('',(#10291),#10151,.T.);
#10291 = FACE_BOUND('',#10292,.T.);
#10292 = EDGE_LOOP('',(#10293,#10316,#10343,#10344,#10345,#10346,#10347)
  );
#10293 = ORIENTED_EDGE('',*,*,#10294,.T.);
#10294 = EDGE_CURVE('',#10129,#10295,#10297,.T.);
#10295 = VERTEX_POINT('',#10296);
#10296 = CARTESIAN_POINT('',(200.9,-16.5,75.15));
#10297 = SEAM_CURVE('',#10298,(#10302,#10309),.PCURVE_S1.);
#10298 = LINE('',#10299,#10300);
#10299 = CARTESIAN_POINT('',(197.9,-16.5,75.15));
#10300 = VECTOR('',#10301,1.);
#10301 = DIRECTION('',(1.,0.,0.));
#10302 = PCURVE('',#10151,#10303);
#10303 = DEFINITIONAL_REPRESENTATION('',(#10304),#10308);
#10304 = LINE('',#10305,#10306);
#10305 = CARTESIAN_POINT('',(6.28318530718,-0.));
#10306 = VECTOR('',#10307,1.);
#10307 = DIRECTION('',(0.,1.));
#10308 = ( GEOMETRIC_REPRESENTATION_CONTEXT(2) 
PARAMETRIC_REPRESENTATION_CONTEXT() REPRESENTATION_CONTEXT('2D SPACE',''
  ) );
#10309 = PCURVE('',#10151,#10310);
#10310 = DEFINITIONAL_REPRESENTATION('',(#10311),#10315);
#10311 = LINE('',#10312,#10313);
#10312 = CARTESIAN_POINT('',(0.,-0.));
#10313 = VECTOR('',#10314,1.);
#10314 = DIRECTION('',(0.,1.));
#10315 = ( GEOMETRIC_REPRESENTATION_CONTEXT(2) 
PARAMETRIC_REPRESENTATION_CONTEXT() REPRESENTATION_CONTEXT('2D SPACE',''
  ) );
#10316 = ORIENTED_EDGE('',*,*,#10317,.F.);
#10317 = EDGE_CURVE('',#10295,#10295,#10318,.T.);
#10318 = SURFACE_CURVE('',#10319,(#10324,#10331),.PCURVE_S1.);
#10319 = CIRCLE('',#10320,0.65);
#10320 = AXIS2_PLACEMENT_3D('',#10321,#10322,#10323);
#10321 = CARTESIAN_POINT('',(200.9,-16.5,74.5));
#10322 = DIRECTION('',(1.,0.,0.));
#10323 = DIRECTION('',(-0.,0.,1.));
#10324 = PCURVE('',#10151,#10325);
#10325 = DEFINITIONAL_REPRESENTATION('',(#10326),#10330);
#10326 = LINE('',#10327,#10328);
#10327 = CARTESIAN_POINT('',(0.,3.));
#10328 = VECTOR('',#10329,1.);
#10329 = DIRECTION('',(1.,0.));
#10330 = ( GEOMETRIC_REPRESENTATION_CONTEXT(2) 
PARAMETRIC_REPRESENTATION_CONTEXT() REPRESENTATION_CONTEXT('2D SPACE',''
  ) );
#10331 = PCURVE('',#10332,#10337);
#10332 = PLANE('',#10333);
#10333 = AXIS2_PLACEMENT_3D('',#10334,#10335,#10336);
#10334 = CARTESIAN_POINT('',(200.9,-16.5,74.5));
#10335 = DIRECTION('',(1.,0.,0.));
#10336 = DIRECTION('',(-0.,0.,1.));
#10337 = DEFINITIONAL_REPRESENTATION('',(#10338),#10342);
#10338 = CIRCLE('',#10339,0.65);
#10339 = AXIS2_PLACEMENT_2D('',#10340,#10341);
#10340 = CARTESIAN_POINT('',(0.,0.));
#10341 = DIRECTION('',(1.,0.));
#10342 = ( GEOMETRIC_REPRESENTATION_CONTEXT(2) 
PARAMETRIC_REPRESENTATION_CONTEXT() REPRESENTATION_CONTEXT('2D SPACE',''
  ) );
#10343 = ORIENTED_EDGE('',*,*,#10294,.F.);
#10344 = ORIENTED_EDGE('',*,*,#10128,.T.);
#10345 = ORIENTED_EDGE('',*,*,#10243,.T.);
#10346 = ORIENTED_EDGE('',*,*,#10269,.T.);
#10347 = ORIENTED_EDGE('',*,*,#10169,.T.);
#10348 = ADVANCED_FACE('',(#10349),#10332,.T.);
#10349 = FACE_BOUND('',#10350,.T.);
#10350 = EDGE_LOOP('',(#10351));
#10351 = ORIENTED_EDGE('',*,*,#10317,.T.);
#10352 = ( GEOMETRIC_REPRESENTATION_CONTEXT(3) 
GLOBAL_UNCERTAINTY_ASSIGNED_CONTEXT((#10356)) 
GLOBAL_UNIT_ASSIGNED_CONTEXT((#10353,#10354,#10355)) 
REPRESENTATION_CONTEXT('Context #1',
  '3D Context with UNIT and UNCERTAINTY') );
#10353 = ( LENGTH_UNIT() NAMED_UNIT(*) SI_UNIT(.MILLI.,.METRE.) );
#10354 = ( NAMED_UNIT(*) PLANE_ANGLE_UNIT() SI_UNIT($,.RADIAN.) );
#10355 = ( NAMED_UNIT(*) SI_UNIT($,.STERADIAN.) SOLID_ANGLE_UNIT() );
#10356 = UNCERTAINTY_MEASURE_WITH_UNIT(LENGTH_MEASURE(2.E-07),#10353,
  'distance_accuracy_value','confusion accuracy');
#10357 = PRODUCT_RELATED_PRODUCT_CATEGORY('part',$,(#7));
ENDSEC;
END-ISO-10303-21;
