ISO-10303-21;
HEADER;
FILE_DESCRIPTION(('Open CASCADE Model'),'2;1');
FILE_NAME('Open CASCADE Shape Model','2026-10-01T17:02:38',('Author'),(
    'Open CASCADE'),'Open CASCADE STEP processor 7.8','Open CASCADE 7.8'
  ,'Unknown');
FILE_SCHEMA(('AUTOMOTIVE_DESIGN { 1 0 10303 214 1 1 1 1 }'));
ENDSEC;
DATA;
#1 = APPLICATION_PROTOCOL_DEFINITION('international standard',
  'automotive_design',2000,#2);
#2 = APPLICATION_CONTEXT(
  'core data for automotive mechanical design processes');
#3 = SHAPE_DEFINITION_REPRESENTATION(#4,#10);
#4 = PRODUCT_DEFINITION_SHAPE('','',#5);
#5 = PRODUCT_DEFINITION('design','',#6,#9);
#6 = PRODUCT_DEFINITION_FORMATION('','',#7);
#7 = PRODUCT('Open CASCADE STEP translator 7.8 37',
  'Open CASCADE STEP translator 7.8 37','',(#8));
#8 = PRODUCT_CONTEXT('',#2,'mechanical');
#9 = PRODUCT_DEFINITION_CONTEXT('part definition',#2,'design');
#10 = SHAPE_REPRESENTATION('',(#11,#15,#19,#23,#27,#31,#35,#39,#43,#47,
    #51,#55,#59,#63,#67,#71,#75,#79,#83,#87,#91,#95,#99,#103,#107,#111,
    #115,#119,#123,#127,#131,#135,#139,#143,#147,#151,#155,#159),#163);
#11 = AXIS2_PLACEMENT_3D('',#12,#13,#14);
#12 = CARTESIAN_POINT('',(0.,0.,0.));
#13 = DIRECTION('',(0.,0.,1.));
#14 = DIRECTION('',(1.,0.,-0.));
#15 = AXIS2_PLACEMENT_3D('',#16,#17,#18);
#16 = CARTESIAN_POINT('',(0.,0.,0.));
#17 = DIRECTION('',(0.,0.,1.));
#18 = DIRECTION('',(1.,0.,-0.));
#19 = AXIS2_PLACEMENT_3D('',#20,#21,#22);
#20 = CARTESIAN_POINT('',(0.,0.,0.));
#21 = DIRECTION('',(0.,0.,1.));
#22 = DIRECTION('',(1.,0.,-0.));
#23 = AXIS2_PLACEMENT_3D('',#24,#25,#26);
#24 = CARTESIAN_POINT('',(0.,0.,0.));
#25 = DIRECTION('',(0.,0.,1.));
#26 = DIRECTION('',(1.,0.,-0.));
#27 = AXIS2_PLACEMENT_3D('',#28,#29,#30);
#28 = CARTESIAN_POINT('',(0.,0.,0.));
#29 = DIRECTION('',(0.,0.,1.));
#30 = DIRECTION('',(1.,0.,-0.));
#31 = AXIS2_PLACEMENT_3D('',#32,#33,#34);
#32 = CARTESIAN_POINT('',(0.,0.,0.));
#33 = DIRECTION('',(0.,0.,1.));
#34 = DIRECTION('',(1.,0.,-0.));
#35 = AXIS2_PLACEMENT_3D('',#36,#37,#38);
#36 = CARTESIAN_POINT('',(0.,0.,0.));
#37 = DIRECTION('',(0.,0.,1.));
#38 = DIRECTION('',(1.,0.,-0.));
#39 = AXIS2_PLACEMENT_3D('',#40,#41,#42);
#40 = CARTESIAN_POINT('',(0.,0.,0.));
#41 = DIRECTION('',(0.,0.,1.));
#42 = DIRECTION('',(1.,0.,-0.));
#43 = AXIS2_PLACEMENT_3D('',#44,#45,#46);
#44 = CARTESIAN_POINT('',(0.,0.,0.));
#45 = DIRECTION('',(0.,0.,1.));
#46 = DIRECTION('',(1.,0.,-0.));
#47 = AXIS2_PLACEMENT_3D('',#48,#49,#50);
#48 = CARTESIAN_POINT('',(0.,0.,0.));
#49 = DIRECTION('',(0.,0.,1.));
#50 = DIRECTION('',(1.,0.,-0.));
#51 = AXIS2_PLACEMENT_3D('',#52,#53,#54);
#52 = CARTESIAN_POINT('',(0.,0.,0.));
#53 = DIRECTION('',(0.,0.,1.));
#54 = DIRECTION('',(1.,0.,-0.));
#55 = AXIS2_PLACEMENT_3D('',#56,#57,#58);
#56 = CARTESIAN_POINT('',(0.,0.,0.));
#57 = DIRECTION('',(0.,0.,1.));
#58 = DIRECTION('',(1.,0.,-0.));
#59 = AXIS2_PLACEMENT_3D('',#60,#61,#62);
#60 = CARTESIAN_POINT('',(0.,0.,0.));
#61 = DIRECTION('',(0.,0.,1.));
#62 = DIRECTION('',(1.,0.,-0.));
#63 = AXIS2_PLACEMENT_3D('',#64,#65,#66);
#64 = CARTESIAN_POINT('',(0.,0.,0.));
#65 = DIRECTION('',(0.,0.,1.));
#66 = DIRECTION('',(1.,0.,-0.));
#67 = AXIS2_PLACEMENT_3D('',#68,#69,#70);
#68 = CARTESIAN_POINT('',(0.,0.,0.));
#69 = DIRECTION('',(0.,0.,1.));
#70 = DIRECTION('',(1.,0.,-0.));
#71 = AXIS2_PLACEMENT_3D('',#72,#73,#74);
#72 = CARTESIAN_POINT('',(0.,0.,0.));
#73 = DIRECTION('',(0.,0.,1.));
#74 = DIRECTION('',(1.,0.,-0.));
#75 = AXIS2_PLACEMENT_3D('',#76,#77,#78);
#76 = CARTESIAN_POINT('',(0.,0.,0.));
#77 = DIRECTION('',(0.,0.,1.));
#78 = DIRECTION('',(1.,0.,-0.));
#79 = AXIS2_PLACEMENT_3D('',#80,#81,#82);
#80 = CARTESIAN_POINT('',(0.,0.,0.));
#81 = DIRECTION('',(0.,0.,1.));
#82 = DIRECTION('',(1.,0.,-0.));
#83 = AXIS2_PLACEMENT_3D('',#84,#85,#86);
#84 = CARTESIAN_POINT('',(0.,0.,0.));
#85 = DIRECTION('',(0.,0.,1.));
#86 = DIRECTION('',(1.,0.,-0.));
#87 = AXIS2_PLACEMENT_3D('',#88,#89,#90);
#88 = CARTESIAN_POINT('',(0.,0.,0.));
#89 = DIRECTION('',(0.,0.,1.));
#90 = DIRECTION('',(1.,0.,-0.));
#91 = AXIS2_PLACEMENT_3D('',#92,#93,#94);
#92 = CARTESIAN_POINT('',(0.,0.,0.));
#93 = DIRECTION('',(0.,0.,1.));
#94 = DIRECTION('',(1.,0.,-0.));
#95 = AXIS2_PLACEMENT_3D('',#96,#97,#98);
#96 = CARTESIAN_POINT('',(0.,0.,0.));
#97 = DIRECTION('',(0.,0.,1.));
#98 = DIRECTION('',(1.,0.,-0.));
#99 = AXIS2_PLACEMENT_3D('',#100,#101,#102);
#100 = CARTESIAN_POINT('',(0.,0.,0.));
#101 = DIRECTION('',(0.,0.,1.));
#102 = DIRECTION('',(1.,0.,-0.));
#103 = AXIS2_PLACEMENT_3D('',#104,#105,#106);
#104 = CARTESIAN_POINT('',(0.,0.,0.));
#105 = DIRECTION('',(0.,0.,1.));
#106 = DIRECTION('',(1.,0.,-0.));
#107 = AXIS2_PLACEMENT_3D('',#108,#109,#110);
#108 = CARTESIAN_POINT('',(0.,0.,0.));
#109 = DIRECTION('',(0.,0.,1.));
#110 = DIRECTION('',(1.,0.,-0.));
#111 = AXIS2_PLACEMENT_3D('',#112,#113,#114);
#112 = CARTESIAN_POINT('',(0.,0.,0.));
#113 = DIRECTION('',(0.,0.,1.));
#114 = DIRECTION('',(1.,0.,-0.));
#115 = AXIS2_PLACEMENT_3D('',#116,#117,#118);
#116 = CARTESIAN_POINT('',(0.,0.,0.));
#117 = DIRECTION('',(0.,0.,1.));
#118 = DIRECTION('',(1.,0.,-0.));
#119 = AXIS2_PLACEMENT_3D('',#120,#121,#122);
#120 = CARTESIAN_POINT('',(0.,0.,0.));
#121 = DIRECTION('',(0.,0.,1.));
#122 = DIRECTION('',(1.,0.,-0.));
#123 = AXIS2_PLACEMENT_3D('',#124,#125,#126);
#124 = CARTESIAN_POINT('',(0.,0.,0.));
#125 = DIRECTION('',(0.,0.,1.));
#126 = DIRECTION('',(1.,0.,-0.));
#127 = AXIS2_PLACEMENT_3D('',#128,#129,#130);
#128 = CARTESIAN_POINT('',(0.,0.,0.));
#129 = DIRECTION('',(0.,0.,1.));
#130 = DIRECTION('',(1.,0.,-0.));
#131 = AXIS2_PLACEMENT_3D('',#132,#133,#134);
#132 = CARTESIAN_POINT('',(0.,0.,0.));
#133 = DIRECTION('',(0.,0.,1.));
#134 = DIRECTION('',(1.,0.,-0.));
#135 = AXIS2_PLACEMENT_3D('',#136,#137,#138);
#136 = CARTESIAN_POINT('',(0.,0.,0.));
#137 = DIRECTION('',(0.,0.,1.));
#138 = DIRECTION('',(1.,0.,-0.));
#139 = AXIS2_PLACEMENT_3D('',#140,#141,#142);
#140 = CARTESIAN_POINT('',(0.,0.,0.));
#141 = DIRECTION('',(0.,0.,1.));
#142 = DIRECTION('',(1.,0.,-0.));
#143 = AXIS2_PLACEMENT_3D('',#144,#145,#146);
#144 = CARTESIAN_POINT('',(0.,0.,0.));
#145 = DIRECTION('',(0.,0.,1.));
#146 = DIRECTION('',(1.,0.,-0.));
#147 = AXIS2_PLACEMENT_3D('',#148,#149,#150);
#148 = CARTESIAN_POINT('',(0.,0.,0.));
#149 = DIRECTION('',(0.,0.,1.));
#150 = DIRECTION('',(1.,0.,-0.));
#151 = AXIS2_PLACEMENT_3D('',#152,#153,#154);
#152 = CARTESIAN_POINT('',(0.,0.,0.));
#153 = DIRECTION('',(0.,0.,1.));
#154 = DIRECTION('',(1.,0.,-0.));
#155 = AXIS2_PLACEMENT_3D('',#156,#157,#158);
#156 = CARTESIAN_POINT('',(0.,0.,0.));
#157 = DIRECTION('',(0.,0.,1.));
#158 = DIRECTION('',(1.,0.,-0.));
#159 = AXIS2_PLACEMENT_3D('',#160,#161,#162);
#160 = CARTESIAN_POINT('',(0.,0.,0.));
#161 = DIRECTION('',(0.,0.,1.));
#162 = DIRECTION('',(1.,0.,-0.));
#163 = ( GEOMETRIC_REPRESENTATION_CONTEXT(3) 
GLOBAL_UNCERTAINTY_ASSIGNED_CONTEXT((#167)) GLOBAL_UNIT_ASSIGNED_CONTEXT
((#164,#165,#166)) REPRESENTATION_CONTEXT('Context #1',
  '3D Context with UNIT and UNCERTAINTY') );
#164 = ( LENGTH_UNIT() NAMED_UNIT(*) SI_UNIT(.MILLI.,.METRE.) );
#165 = ( NAMED_UNIT(*) PLANE_ANGLE_UNIT() SI_UNIT($,.RADIAN.) );
#166 = ( NAMED_UNIT(*) SI_UNIT($,.STERADIAN.) SOLID_ANGLE_UNIT() );
#167 = UNCERTAINTY_MEASURE_WITH_UNIT(LENGTH_MEASURE(1.E-06),#164,
  'distance_accuracy_value','confusion accuracy');
#168 = PRODUCT_RELATED_PRODUCT_CATEGORY('part',$,(#7));
#169 = SHAPE_DEFINITION_REPRESENTATION(#170,#176);
#170 = PRODUCT_DEFINITION_SHAPE('','',#171);
#171 = PRODUCT_DEFINITION('design','',#172,#175);
#172 = PRODUCT_DEFINITION_FORMATION('','',#173);
#173 = PRODUCT('Open CASCADE STEP translator 7.8 37.1',
  'Open CASCADE STEP translator 7.8 37.1','',(#174));
#174 = PRODUCT_CONTEXT('',#2,'mechanical');
#175 = PRODUCT_DEFINITION_CONTEXT('part definition',#2,'design');
#176 = ADVANCED_BREP_SHAPE_REPRESENTATION('',(#11,#177),#275);
#177 = MANIFOLD_SOLID_BREP('',#178);
#178 = CLOSED_SHELL('',(#179,#267,#271));
#179 = ADVANCED_FACE('',(#180),#193,.T.);
#180 = FACE_BOUND('',#181,.T.);
#181 = EDGE_LOOP('',(#182,#216,#239,#266));
#182 = ORIENTED_EDGE('',*,*,#183,.F.);
#183 = EDGE_CURVE('',#184,#184,#186,.T.);
#184 = VERTEX_POINT('',#185);
#185 = CARTESIAN_POINT('',(268.,-1.2,45.9));
#186 = SURFACE_CURVE('',#187,(#192,#204),.PCURVE_S1.);
#187 = CIRCLE('',#188,1.1);
#188 = AXIS2_PLACEMENT_3D('',#189,#190,#191);
#189 = CARTESIAN_POINT('',(268.,-1.2,47.));
#190 = DIRECTION('',(0.,-1.,0.));
#191 = DIRECTION('',(0.,-0.,-1.));
#192 = PCURVE('',#193,#198);
#193 = CYLINDRICAL_SURFACE('',#194,1.1);
#194 = AXIS2_PLACEMENT_3D('',#195,#196,#197);
#195 = CARTESIAN_POINT('',(268.,0.3,47.));
#196 = DIRECTION('',(0.,-1.,0.));
#197 = DIRECTION('',(0.,-0.,-1.));
#198 = DEFINITIONAL_REPRESENTATION('',(#199),#203);
#199 = LINE('',#200,#201);
#200 = CARTESIAN_POINT('',(0.,1.5));
#201 = VECTOR('',#202,1.);
#202 = DIRECTION('',(1.,0.));
#203 = ( GEOMETRIC_REPRESENTATION_CONTEXT(2) 
PARAMETRIC_REPRESENTATION_CONTEXT() REPRESENTATION_CONTEXT('2D SPACE',''
  ) );
#204 = PCURVE('',#205,#210);
#205 = PLANE('',#206);
#206 = AXIS2_PLACEMENT_3D('',#207,#208,#209);
#207 = CARTESIAN_POINT('',(268.,-1.2,47.));
#208 = DIRECTION('',(0.,-1.,0.));
#209 = DIRECTION('',(0.,-0.,-1.));
#210 = DEFINITIONAL_REPRESENTATION('',(#211),#215);
#211 = CIRCLE('',#212,1.1);
#212 = AXIS2_PLACEMENT_2D('',#213,#214);
#213 = CARTESIAN_POINT('',(0.,0.));
#214 = DIRECTION('',(1.,0.));
#215 = ( GEOMETRIC_REPRESENTATION_CONTEXT(2) 
PARAMETRIC_REPRESENTATION_CONTEXT() REPRESENTATION_CONTEXT('2D SPACE',''
  ) );
#216 = ORIENTED_EDGE('',*,*,#217,.F.);
#217 = EDGE_CURVE('',#218,#184,#220,.T.);
#218 = VERTEX_POINT('',#219);
#219 = CARTESIAN_POINT('',(268.,0.3,45.9));
#220 = SEAM_CURVE('',#221,(#225,#232),.PCURVE_S1.);
#221 = LINE('',#222,#223);
#222 = CARTESIAN_POINT('',(268.,0.3,45.9));
#223 = VECTOR('',#224,1.);
#224 = DIRECTION('',(0.,-1.,0.));
#225 = PCURVE('',#193,#226);
#226 = DEFINITIONAL_REPRESENTATION('',(#227),#231);
#227 = LINE('',#228,#229);
#228 = CARTESIAN_POINT('',(6.28318530718,-0.));
#229 = VECTOR('',#230,1.);
#230 = DIRECTION('',(0.,1.));
#231 = ( GEOMETRIC_REPRESENTATION_CONTEXT(2) 
PARAMETRIC_REPRESENTATION_CONTEXT() REPRESENTATION_CONTEXT('2D SPACE',''
  ) );
#232 = PCURVE('',#193,#233);
#233 = DEFINITIONAL_REPRESENTATION('',(#234),#238);
#234 = LINE('',#235,#236);
#235 = CARTESIAN_POINT('',(0.,-0.));
#236 = VECTOR('',#237,1.);
#237 = DIRECTION('',(0.,1.));
#238 = ( GEOMETRIC_REPRESENTATION_CONTEXT(2) 
PARAMETRIC_REPRESENTATION_CONTEXT() REPRESENTATION_CONTEXT('2D SPACE',''
  ) );
#239 = ORIENTED_EDGE('',*,*,#240,.T.);
#240 = EDGE_CURVE('',#218,#218,#241,.T.);
#241 = SURFACE_CURVE('',#242,(#247,#254),.PCURVE_S1.);
#242 = CIRCLE('',#243,1.1);
#243 = AXIS2_PLACEMENT_3D('',#244,#245,#246);
#244 = CARTESIAN_POINT('',(268.,0.3,47.));
#245 = DIRECTION('',(0.,-1.,0.));
#246 = DIRECTION('',(0.,-0.,-1.));
#247 = PCURVE('',#193,#248);
#248 = DEFINITIONAL_REPRESENTATION('',(#249),#253);
#249 = LINE('',#250,#251);
#250 = CARTESIAN_POINT('',(0.,0.));
#251 = VECTOR('',#252,1.);
#252 = DIRECTION('',(1.,0.));
#253 = ( GEOMETRIC_REPRESENTATION_CONTEXT(2) 
PARAMETRIC_REPRESENTATION_CONTEXT() REPRESENTATION_CONTEXT('2D SPACE',''
  ) );
#254 = PCURVE('',#255,#260);
#255 = PLANE('',#256);
#256 = AXIS2_PLACEMENT_3D('',#257,#258,#259);
#257 = CARTESIAN_POINT('',(268.,0.3,47.));
#258 = DIRECTION('',(0.,-1.,0.));
#259 = DIRECTION('',(0.,-0.,-1.));
#260 = DEFINITIONAL_REPRESENTATION('',(#261),#265);
#261 = CIRCLE('',#262,1.1);
#262 = AXIS2_PLACEMENT_2D('',#263,#264);
#263 = CARTESIAN_POINT('',(0.,0.));
#264 = DIRECTION('',(1.,0.));
#265 = ( GEOMETRIC_REPRESENTATION_CONTEXT(2) 
PARAMETRIC_REPRESENTATION_CONTEXT() REPRESENTATION_CONTEXT('2D SPACE',''
  ) );
#266 = ORIENTED_EDGE('',*,*,#217,.T.);
#267 = ADVANCED_FACE('',(#268),#205,.T.);
#268 = FACE_BOUND('',#269,.T.);
#269 = EDGE_LOOP('',(#270));
#270 = ORIENTED_EDGE('',*,*,#183,.T.);
#271 = ADVANCED_FACE('',(#272),#255,.F.);
#272 = FACE_BOUND('',#273,.T.);
#273 = EDGE_LOOP('',(#274));
#274 = ORIENTED_EDGE('',*,*,#240,.F.);
#275 = ( GEOMETRIC_REPRESENTATION_CONTEXT(3) 
GLOBAL_UNCERTAINTY_ASSIGNED_CONTEXT((#279)) GLOBAL_UNIT_ASSIGNED_CONTEXT
((#276,#277,#278)) REPRESENTATION_CONTEXT('Context #1',
  '3D Context with UNIT and UNCERTAINTY') );
#276 = ( LENGTH_UNIT() NAMED_UNIT(*) SI_UNIT(.MILLI.,.METRE.) );
#277 = ( NAMED_UNIT(*) PLANE_ANGLE_UNIT() SI_UNIT($,.RADIAN.) );
#278 = ( NAMED_UNIT(*) SI_UNIT($,.STERADIAN.) SOLID_ANGLE_UNIT() );
#279 = UNCERTAINTY_MEASURE_WITH_UNIT(LENGTH_MEASURE(1.E-07),#276,
  'distance_accuracy_value','confusion accuracy');
#280 = CONTEXT_DEPENDENT_SHAPE_REPRESENTATION(#281,#283);
#281 = ( REPRESENTATION_RELATIONSHIP('','',#176,#10) 
REPRESENTATION_RELATIONSHIP_WITH_TRANSFORMATION(#282) 
SHAPE_REPRESENTATION_RELATIONSHIP() );
#282 = ITEM_DEFINED_TRANSFORMATION('','',#11,#15);
#283 = PRODUCT_DEFINITION_SHAPE('Placement','Placement of an item',#284
  );
#284 = NEXT_ASSEMBLY_USAGE_OCCURRENCE('11','','',#5,#171,$);
#285 = PRODUCT_RELATED_PRODUCT_CATEGORY('part',$,(#173));
#286 = SHAPE_DEFINITION_REPRESENTATION(#287,#293);
#287 = PRODUCT_DEFINITION_SHAPE('','',#288);
#288 = PRODUCT_DEFINITION('design','',#289,#292);
#289 = PRODUCT_DEFINITION_FORMATION('','',#290);
#290 = PRODUCT('Open CASCADE STEP translator 7.8 37.2',
  'Open CASCADE STEP translator 7.8 37.2','',(#291));
#291 = PRODUCT_CONTEXT('',#2,'mechanical');
#292 = PRODUCT_DEFINITION_CONTEXT('part definition',#2,'design');
#293 = ADVANCED_BREP_SHAPE_REPRESENTATION('',(#11,#294),#392);
#294 = MANIFOLD_SOLID_BREP('',#295);
#295 = CLOSED_SHELL('',(#296,#384,#388));
#296 = ADVANCED_FACE('',(#297),#310,.T.);
#297 = FACE_BOUND('',#298,.T.);
#298 = EDGE_LOOP('',(#299,#333,#356,#383));
#299 = ORIENTED_EDGE('',*,*,#300,.F.);
#300 = EDGE_CURVE('',#301,#301,#303,.T.);
#301 = VERTEX_POINT('',#302);
#302 = CARTESIAN_POINT('',(268.4,-1.671830315264,44.152654542631));
#303 = SURFACE_CURVE('',#304,(#309,#321),.PCURVE_S1.);
#304 = CIRCLE('',#305,1.1);
#305 = AXIS2_PLACEMENT_3D('',#306,#307,#308);
#306 = CARTESIAN_POINT('',(268.4,-0.6,44.4));
#307 = DIRECTION('',(0.148249863332,0.222374794998,-0.963624111659));
#308 = DIRECTION('',(6.938893903907E-18,-0.974391195695,-0.224859506699)
  );
#309 = PCURVE('',#310,#315);
#310 = CYLINDRICAL_SURFACE('',#311,1.1);
#311 = AXIS2_PLACEMENT_3D('',#312,#313,#314);
#312 = CARTESIAN_POINT('',(268.,-1.2,47.));
#313 = DIRECTION('',(0.148249863332,0.222374794998,-0.963624111659));
#314 = DIRECTION('',(0.,-0.974391195695,-0.224859506699));
#315 = DEFINITIONAL_REPRESENTATION('',(#316),#320);
#316 = LINE('',#317,#318);
#317 = CARTESIAN_POINT('',(0.,2.698147512646));
#318 = VECTOR('',#319,1.);
#319 = DIRECTION('',(1.,0.));
#320 = ( GEOMETRIC_REPRESENTATION_CONTEXT(2) 
PARAMETRIC_REPRESENTATION_CONTEXT() REPRESENTATION_CONTEXT('2D SPACE',''
  ) );
#321 = PCURVE('',#322,#327);
#322 = PLANE('',#323);
#323 = AXIS2_PLACEMENT_3D('',#324,#325,#326);
#324 = CARTESIAN_POINT('',(268.4,-0.6,44.4));
#325 = DIRECTION('',(0.148249863332,0.222374794998,-0.963624111659));
#326 = DIRECTION('',(0.,-0.974391195695,-0.224859506699));
#327 = DEFINITIONAL_REPRESENTATION('',(#328),#332);
#328 = CIRCLE('',#329,1.1);
#329 = AXIS2_PLACEMENT_2D('',#330,#331);
#330 = CARTESIAN_POINT('',(0.,0.));
#331 = DIRECTION('',(1.,0.));
#332 = ( GEOMETRIC_REPRESENTATION_CONTEXT(2) 
PARAMETRIC_REPRESENTATION_CONTEXT() REPRESENTATION_CONTEXT('2D SPACE',''
  ) );
#333 = ORIENTED_EDGE('',*,*,#334,.F.);
#334 = EDGE_CURVE('',#335,#301,#337,.T.);
#335 = VERTEX_POINT('',#336);
#336 = CARTESIAN_POINT('',(268.,-2.271830315264,46.752654542631));
#337 = SEAM_CURVE('',#338,(#342,#349),.PCURVE_S1.);
#338 = LINE('',#339,#340);
#339 = CARTESIAN_POINT('',(268.,-2.271830315264,46.752654542631));
#340 = VECTOR('',#341,1.);
#341 = DIRECTION('',(0.148249863332,0.222374794998,-0.963624111659));
#342 = PCURVE('',#310,#343);
#343 = DEFINITIONAL_REPRESENTATION('',(#344),#348);
#344 = LINE('',#345,#346);
#345 = CARTESIAN_POINT('',(6.28318530718,-0.));
#346 = VECTOR('',#347,1.);
#347 = DIRECTION('',(0.,1.));
#348 = ( GEOMETRIC_REPRESENTATION_CONTEXT(2) 
PARAMETRIC_REPRESENTATION_CONTEXT() REPRESENTATION_CONTEXT('2D SPACE',''
  ) );
#349 = PCURVE('',#310,#350);
#350 = DEFINITIONAL_REPRESENTATION('',(#351),#355);
#351 = LINE('',#352,#353);
#352 = CARTESIAN_POINT('',(0.,-0.));
#353 = VECTOR('',#354,1.);
#354 = DIRECTION('',(0.,1.));
#355 = ( GEOMETRIC_REPRESENTATION_CONTEXT(2) 
PARAMETRIC_REPRESENTATION_CONTEXT() REPRESENTATION_CONTEXT('2D SPACE',''
  ) );
#356 = ORIENTED_EDGE('',*,*,#357,.T.);
#357 = EDGE_CURVE('',#335,#335,#358,.T.);
#358 = SURFACE_CURVE('',#359,(#364,#371),.PCURVE_S1.);
#359 = CIRCLE('',#360,1.1);
#360 = AXIS2_PLACEMENT_3D('',#361,#362,#363);
#361 = CARTESIAN_POINT('',(268.,-1.2,47.));
#362 = DIRECTION('',(0.148249863332,0.222374794998,-0.963624111659));
#363 = DIRECTION('',(6.938893903907E-18,-0.974391195695,-0.224859506699)
  );
#364 = PCURVE('',#310,#365);
#365 = DEFINITIONAL_REPRESENTATION('',(#366),#370);
#366 = LINE('',#367,#368);
#367 = CARTESIAN_POINT('',(0.,0.));
#368 = VECTOR('',#369,1.);
#369 = DIRECTION('',(1.,0.));
#370 = ( GEOMETRIC_REPRESENTATION_CONTEXT(2) 
PARAMETRIC_REPRESENTATION_CONTEXT() REPRESENTATION_CONTEXT('2D SPACE',''
  ) );
#371 = PCURVE('',#372,#377);
#372 = PLANE('',#373);
#373 = AXIS2_PLACEMENT_3D('',#374,#375,#376);
#374 = CARTESIAN_POINT('',(268.,-1.2,47.));
#375 = DIRECTION('',(0.148249863332,0.222374794998,-0.963624111659));
#376 = DIRECTION('',(0.,-0.974391195695,-0.224859506699));
#377 = DEFINITIONAL_REPRESENTATION('',(#378),#382);
#378 = CIRCLE('',#379,1.1);
#379 = AXIS2_PLACEMENT_2D('',#380,#381);
#380 = CARTESIAN_POINT('',(0.,0.));
#381 = DIRECTION('',(1.,0.));
#382 = ( GEOMETRIC_REPRESENTATION_CONTEXT(2) 
PARAMETRIC_REPRESENTATION_CONTEXT() REPRESENTATION_CONTEXT('2D SPACE',''
  ) );
#383 = ORIENTED_EDGE('',*,*,#334,.T.);
#384 = ADVANCED_FACE('',(#385),#322,.T.);
#385 = FACE_BOUND('',#386,.T.);
#386 = EDGE_LOOP('',(#387));
#387 = ORIENTED_EDGE('',*,*,#300,.T.);
#388 = ADVANCED_FACE('',(#389),#372,.F.);
#389 = FACE_BOUND('',#390,.T.);
#390 = EDGE_LOOP('',(#391));
#391 = ORIENTED_EDGE('',*,*,#357,.F.);
#392 = ( GEOMETRIC_REPRESENTATION_CONTEXT(3) 
GLOBAL_UNCERTAINTY_ASSIGNED_CONTEXT((#396)) GLOBAL_UNIT_ASSIGNED_CONTEXT
((#393,#394,#395)) REPRESENTATION_CONTEXT('Context #1',
  '3D Context with UNIT and UNCERTAINTY') );
#393 = ( LENGTH_UNIT() NAMED_UNIT(*) SI_UNIT(.MILLI.,.METRE.) );
#394 = ( NAMED_UNIT(*) PLANE_ANGLE_UNIT() SI_UNIT($,.RADIAN.) );
#395 = ( NAMED_UNIT(*) SI_UNIT($,.STERADIAN.) SOLID_ANGLE_UNIT() );
#396 = UNCERTAINTY_MEASURE_WITH_UNIT(LENGTH_MEASURE(1.E-07),#393,
  'distance_accuracy_value','confusion accuracy');
#397 = CONTEXT_DEPENDENT_SHAPE_REPRESENTATION(#398,#400);
#398 = ( REPRESENTATION_RELATIONSHIP('','',#293,#10) 
REPRESENTATION_RELATIONSHIP_WITH_TRANSFORMATION(#399) 
SHAPE_REPRESENTATION_RELATIONSHIP() );
#399 = ITEM_DEFINED_TRANSFORMATION('','',#11,#19);
#400 = PRODUCT_DEFINITION_SHAPE('Placement','Placement of an item',#401
  );
#401 = NEXT_ASSEMBLY_USAGE_OCCURRENCE('12','','',#5,#288,$);
#402 = PRODUCT_RELATED_PRODUCT_CATEGORY('part',$,(#290));
#403 = SHAPE_DEFINITION_REPRESENTATION(#404,#410);
#404 = PRODUCT_DEFINITION_SHAPE('','',#405);
#405 = PRODUCT_DEFINITION('design','',#406,#409);
#406 = PRODUCT_DEFINITION_FORMATION('','',#407);
#407 = PRODUCT('Open CASCADE STEP translator 7.8 37.3',
  'Open CASCADE STEP translator 7.8 37.3','',(#408));
#408 = PRODUCT_CONTEXT('',#2,'mechanical');
#409 = PRODUCT_DEFINITION_CONTEXT('part definition',#2,'design');
#410 = ADVANCED_BREP_SHAPE_REPRESENTATION('',(#11,#411),#509);
#411 = MANIFOLD_SOLID_BREP('',#412);
#412 = CLOSED_SHELL('',(#413,#501,#505));
#413 = ADVANCED_FACE('',(#414),#427,.T.);
#414 = FACE_BOUND('',#415,.T.);
#415 = EDGE_LOOP('',(#416,#450,#473,#500));
#416 = ORIENTED_EDGE('',*,*,#417,.F.);
#417 = EDGE_CURVE('',#418,#418,#420,.T.);
#418 = VERTEX_POINT('',#419);
#419 = CARTESIAN_POINT('',(266.53284324984,0.2,41.46678918754));
#420 = SURFACE_CURVE('',#421,(#426,#438),.PCURVE_S1.);
#421 = CIRCLE('',#422,1.1);
#422 = AXIS2_PLACEMENT_3D('',#423,#424,#425);
#423 = CARTESIAN_POINT('',(267.6,0.2,41.2));
#424 = DIRECTION('',(-0.235702260396,0.235702260396,-0.942809041582));
#425 = DIRECTION('',(-0.970142500145,6.938893903907E-18,0.242535625036)
  );
#426 = PCURVE('',#427,#432);
#427 = CYLINDRICAL_SURFACE('',#428,1.1);
#428 = AXIS2_PLACEMENT_3D('',#429,#430,#431);
#429 = CARTESIAN_POINT('',(268.4,-0.6,44.4));
#430 = DIRECTION('',(-0.235702260396,0.235702260396,-0.942809041582));
#431 = DIRECTION('',(-0.970142500145,0.,0.242535625036));
#432 = DEFINITIONAL_REPRESENTATION('',(#433),#437);
#433 = LINE('',#434,#435);
#434 = CARTESIAN_POINT('',(0.,3.394112549695));
#435 = VECTOR('',#436,1.);
#436 = DIRECTION('',(1.,0.));
#437 = ( GEOMETRIC_REPRESENTATION_CONTEXT(2) 
PARAMETRIC_REPRESENTATION_CONTEXT() REPRESENTATION_CONTEXT('2D SPACE',''
  ) );
#438 = PCURVE('',#439,#444);
#439 = PLANE('',#440);
#440 = AXIS2_PLACEMENT_3D('',#441,#442,#443);
#441 = CARTESIAN_POINT('',(267.6,0.2,41.2));
#442 = DIRECTION('',(-0.235702260396,0.235702260396,-0.942809041582));
#443 = DIRECTION('',(-0.970142500145,0.,0.242535625036));
#444 = DEFINITIONAL_REPRESENTATION('',(#445),#449);
#445 = CIRCLE('',#446,1.1);
#446 = AXIS2_PLACEMENT_2D('',#447,#448);
#447 = CARTESIAN_POINT('',(0.,0.));
#448 = DIRECTION('',(1.,0.));
#449 = ( GEOMETRIC_REPRESENTATION_CONTEXT(2) 
PARAMETRIC_REPRESENTATION_CONTEXT() REPRESENTATION_CONTEXT('2D SPACE',''
  ) );
#450 = ORIENTED_EDGE('',*,*,#451,.F.);
#451 = EDGE_CURVE('',#452,#418,#454,.T.);
#452 = VERTEX_POINT('',#453);
#453 = CARTESIAN_POINT('',(267.33284324984,-0.6,44.66678918754));
#454 = SEAM_CURVE('',#455,(#459,#466),.PCURVE_S1.);
#455 = LINE('',#456,#457);
#456 = CARTESIAN_POINT('',(267.33284324984,-0.6,44.66678918754));
#457 = VECTOR('',#458,1.);
#458 = DIRECTION('',(-0.235702260396,0.235702260396,-0.942809041582));
#459 = PCURVE('',#427,#460);
#460 = DEFINITIONAL_REPRESENTATION('',(#461),#465);
#461 = LINE('',#462,#463);
#462 = CARTESIAN_POINT('',(6.28318530718,-0.));
#463 = VECTOR('',#464,1.);
#464 = DIRECTION('',(0.,1.));
#465 = ( GEOMETRIC_REPRESENTATION_CONTEXT(2) 
PARAMETRIC_REPRESENTATION_CONTEXT() REPRESENTATION_CONTEXT('2D SPACE',''
  ) );
#466 = PCURVE('',#427,#467);
#467 = DEFINITIONAL_REPRESENTATION('',(#468),#472);
#468 = LINE('',#469,#470);
#469 = CARTESIAN_POINT('',(0.,-0.));
#470 = VECTOR('',#471,1.);
#471 = DIRECTION('',(0.,1.));
#472 = ( GEOMETRIC_REPRESENTATION_CONTEXT(2) 
PARAMETRIC_REPRESENTATION_CONTEXT() REPRESENTATION_CONTEXT('2D SPACE',''
  ) );
#473 = ORIENTED_EDGE('',*,*,#474,.T.);
#474 = EDGE_CURVE('',#452,#452,#475,.T.);
#475 = SURFACE_CURVE('',#476,(#481,#488),.PCURVE_S1.);
#476 = CIRCLE('',#477,1.1);
#477 = AXIS2_PLACEMENT_3D('',#478,#479,#480);
#478 = CARTESIAN_POINT('',(268.4,-0.6,44.4));
#479 = DIRECTION('',(-0.235702260396,0.235702260396,-0.942809041582));
#480 = DIRECTION('',(-0.970142500145,6.938893903907E-18,0.242535625036)
  );
#481 = PCURVE('',#427,#482);
#482 = DEFINITIONAL_REPRESENTATION('',(#483),#487);
#483 = LINE('',#484,#485);
#484 = CARTESIAN_POINT('',(0.,0.));
#485 = VECTOR('',#486,1.);
#486 = DIRECTION('',(1.,0.));
#487 = ( GEOMETRIC_REPRESENTATION_CONTEXT(2) 
PARAMETRIC_REPRESENTATION_CONTEXT() REPRESENTATION_CONTEXT('2D SPACE',''
  ) );
#488 = PCURVE('',#489,#494);
#489 = PLANE('',#490);
#490 = AXIS2_PLACEMENT_3D('',#491,#492,#493);
#491 = CARTESIAN_POINT('',(268.4,-0.6,44.4));
#492 = DIRECTION('',(-0.235702260396,0.235702260396,-0.942809041582));
#493 = DIRECTION('',(-0.970142500145,0.,0.242535625036));
#494 = DEFINITIONAL_REPRESENTATION('',(#495),#499);
#495 = CIRCLE('',#496,1.1);
#496 = AXIS2_PLACEMENT_2D('',#497,#498);
#497 = CARTESIAN_POINT('',(0.,0.));
#498 = DIRECTION('',(1.,0.));
#499 = ( GEOMETRIC_REPRESENTATION_CONTEXT(2) 
PARAMETRIC_REPRESENTATION_CONTEXT() REPRESENTATION_CONTEXT('2D SPACE',''
  ) );
#500 = ORIENTED_EDGE('',*,*,#451,.T.);
#501 = ADVANCED_FACE('',(#502),#439,.T.);
#502 = FACE_BOUND('',#503,.T.);
#503 = EDGE_LOOP('',(#504));
#504 = ORIENTED_EDGE('',*,*,#417,.T.);
#505 = ADVANCED_FACE('',(#506),#489,.F.);
#506 = FACE_BOUND('',#507,.T.);
#507 = EDGE_LOOP('',(#508));
#508 = ORIENTED_EDGE('',*,*,#474,.F.);
#509 = ( GEOMETRIC_REPRESENTATION_CONTEXT(3) 
GLOBAL_UNCERTAINTY_ASSIGNED_CONTEXT((#513)) GLOBAL_UNIT_ASSIGNED_CONTEXT
((#510,#511,#512)) REPRESENTATION_CONTEXT('Context #1',
  '3D Context with UNIT and UNCERTAINTY') );
#510 = ( LENGTH_UNIT() NAMED_UNIT(*) SI_UNIT(.MILLI.,.METRE.) );
#511 = ( NAMED_UNIT(*) PLANE_ANGLE_UNIT() SI_UNIT($,.RADIAN.) );
#512 = ( NAMED_UNIT(*) SI_UNIT($,.STERADIAN.) SOLID_ANGLE_UNIT() );
#513 = UNCERTAINTY_MEASURE_WITH_UNIT(LENGTH_MEASURE(1.E-07),#510,
  'distance_accuracy_value','confusion accuracy');
#514 = CONTEXT_DEPENDENT_SHAPE_REPRESENTATION(#515,#517);
#515 = ( REPRESENTATION_RELATIONSHIP('','',#410,#10) 
REPRESENTATION_RELATIONSHIP_WITH_TRANSFORMATION(#516) 
SHAPE_REPRESENTATION_RELATIONSHIP() );
#516 = ITEM_DEFINED_TRANSFORMATION('','',#11,#23);
#517 = PRODUCT_DEFINITION_SHAPE('Placement','Placement of an item',#518
  );
#518 = NEXT_ASSEMBLY_USAGE_OCCURRENCE('13','','',#5,#405,$);
#519 = PRODUCT_RELATED_PRODUCT_CATEGORY('part',$,(#407));
#520 = SHAPE_DEFINITION_REPRESENTATION(#521,#527);
#521 = PRODUCT_DEFINITION_SHAPE('','',#522);
#522 = PRODUCT_DEFINITION('design','',#523,#526);
#523 = PRODUCT_DEFINITION_FORMATION('','',#524);
#524 = PRODUCT('Open CASCADE STEP translator 7.8 37.4',
  'Open CASCADE STEP translator 7.8 37.4','',(#525));
#525 = PRODUCT_CONTEXT('',#2,'mechanical');
#526 = PRODUCT_DEFINITION_CONTEXT('part definition',#2,'design');
#527 = ADVANCED_BREP_SHAPE_REPRESENTATION('',(#11,#528),#626);
#528 = MANIFOLD_SOLID_BREP('',#529);
#529 = CLOSED_SHELL('',(#530,#618,#622));
#530 = ADVANCED_FACE('',(#531),#544,.T.);
#531 = FACE_BOUND('',#532,.T.);
#532 = EDGE_LOOP('',(#533,#567,#590,#617));
#533 = ORIENTED_EDGE('',*,*,#534,.F.);
#534 = EDGE_CURVE('',#535,#535,#537,.T.);
#535 = VERTEX_POINT('',#536);
#536 = CARTESIAN_POINT('',(264.42218254069,2.6,39.577817459305));
#537 = SURFACE_CURVE('',#538,(#543,#555),.PCURVE_S1.);
#538 = CIRCLE('',#539,1.1);
#539 = AXIS2_PLACEMENT_3D('',#540,#541,#542);
#540 = CARTESIAN_POINT('',(265.2,2.6,38.8));
#541 = DIRECTION('',(-0.57735026919,0.57735026919,-0.57735026919));
#542 = DIRECTION('',(-0.707106781187,2.775557561563E-17,0.707106781187)
  );
#543 = PCURVE('',#544,#549);
#544 = CYLINDRICAL_SURFACE('',#545,1.1);
#545 = AXIS2_PLACEMENT_3D('',#546,#547,#548);
#546 = CARTESIAN_POINT('',(267.6,0.2,41.2));
#547 = DIRECTION('',(-0.57735026919,0.57735026919,-0.57735026919));
#548 = DIRECTION('',(-0.707106781187,-2.775557561563E-17,0.707106781187)
  );
#549 = DEFINITIONAL_REPRESENTATION('',(#550),#554);
#550 = LINE('',#551,#552);
#551 = CARTESIAN_POINT('',(0.,4.156921938165));
#552 = VECTOR('',#553,1.);
#553 = DIRECTION('',(1.,0.));
#554 = ( GEOMETRIC_REPRESENTATION_CONTEXT(2) 
PARAMETRIC_REPRESENTATION_CONTEXT() REPRESENTATION_CONTEXT('2D SPACE',''
  ) );
#555 = PCURVE('',#556,#561);
#556 = PLANE('',#557);
#557 = AXIS2_PLACEMENT_3D('',#558,#559,#560);
#558 = CARTESIAN_POINT('',(265.2,2.6,38.8));
#559 = DIRECTION('',(-0.57735026919,0.57735026919,-0.57735026919));
#560 = DIRECTION('',(-0.707106781187,-2.775557561563E-17,0.707106781187)
  );
#561 = DEFINITIONAL_REPRESENTATION('',(#562),#566);
#562 = CIRCLE('',#563,1.1);
#563 = AXIS2_PLACEMENT_2D('',#564,#565);
#564 = CARTESIAN_POINT('',(0.,0.));
#565 = DIRECTION('',(1.,0.));
#566 = ( GEOMETRIC_REPRESENTATION_CONTEXT(2) 
PARAMETRIC_REPRESENTATION_CONTEXT() REPRESENTATION_CONTEXT('2D SPACE',''
  ) );
#567 = ORIENTED_EDGE('',*,*,#568,.F.);
#568 = EDGE_CURVE('',#569,#535,#571,.T.);
#569 = VERTEX_POINT('',#570);
#570 = CARTESIAN_POINT('',(266.82218254069,0.2,41.977817459305));
#571 = SEAM_CURVE('',#572,(#576,#583),.PCURVE_S1.);
#572 = LINE('',#573,#574);
#573 = CARTESIAN_POINT('',(266.82218254069,0.2,41.977817459305));
#574 = VECTOR('',#575,1.);
#575 = DIRECTION('',(-0.57735026919,0.57735026919,-0.57735026919));
#576 = PCURVE('',#544,#577);
#577 = DEFINITIONAL_REPRESENTATION('',(#578),#582);
#578 = LINE('',#579,#580);
#579 = CARTESIAN_POINT('',(6.28318530718,-0.));
#580 = VECTOR('',#581,1.);
#581 = DIRECTION('',(0.,1.));
#582 = ( GEOMETRIC_REPRESENTATION_CONTEXT(2) 
PARAMETRIC_REPRESENTATION_CONTEXT() REPRESENTATION_CONTEXT('2D SPACE',''
  ) );
#583 = PCURVE('',#544,#584);
#584 = DEFINITIONAL_REPRESENTATION('',(#585),#589);
#585 = LINE('',#586,#587);
#586 = CARTESIAN_POINT('',(0.,-0.));
#587 = VECTOR('',#588,1.);
#588 = DIRECTION('',(0.,1.));
#589 = ( GEOMETRIC_REPRESENTATION_CONTEXT(2) 
PARAMETRIC_REPRESENTATION_CONTEXT() REPRESENTATION_CONTEXT('2D SPACE',''
  ) );
#590 = ORIENTED_EDGE('',*,*,#591,.T.);
#591 = EDGE_CURVE('',#569,#569,#592,.T.);
#592 = SURFACE_CURVE('',#593,(#598,#605),.PCURVE_S1.);
#593 = CIRCLE('',#594,1.1);
#594 = AXIS2_PLACEMENT_3D('',#595,#596,#597);
#595 = CARTESIAN_POINT('',(267.6,0.2,41.2));
#596 = DIRECTION('',(-0.57735026919,0.57735026919,-0.57735026919));
#597 = DIRECTION('',(-0.707106781187,2.775557561563E-17,0.707106781187)
  );
#598 = PCURVE('',#544,#599);
#599 = DEFINITIONAL_REPRESENTATION('',(#600),#604);
#600 = LINE('',#601,#602);
#601 = CARTESIAN_POINT('',(0.,0.));
#602 = VECTOR('',#603,1.);
#603 = DIRECTION('',(1.,0.));
#604 = ( GEOMETRIC_REPRESENTATION_CONTEXT(2) 
PARAMETRIC_REPRESENTATION_CONTEXT() REPRESENTATION_CONTEXT('2D SPACE',''
  ) );
#605 = PCURVE('',#606,#611);
#606 = PLANE('',#607);
#607 = AXIS2_PLACEMENT_3D('',#608,#609,#610);
#608 = CARTESIAN_POINT('',(267.6,0.2,41.2));
#609 = DIRECTION('',(-0.57735026919,0.57735026919,-0.57735026919));
#610 = DIRECTION('',(-0.707106781187,-2.775557561563E-17,0.707106781187)
  );
#611 = DEFINITIONAL_REPRESENTATION('',(#612),#616);
#612 = CIRCLE('',#613,1.1);
#613 = AXIS2_PLACEMENT_2D('',#614,#615);
#614 = CARTESIAN_POINT('',(0.,0.));
#615 = DIRECTION('',(1.,0.));
#616 = ( GEOMETRIC_REPRESENTATION_CONTEXT(2) 
PARAMETRIC_REPRESENTATION_CONTEXT() REPRESENTATION_CONTEXT('2D SPACE',''
  ) );
#617 = ORIENTED_EDGE('',*,*,#568,.T.);
#618 = ADVANCED_FACE('',(#619),#556,.T.);
#619 = FACE_BOUND('',#620,.T.);
#620 = EDGE_LOOP('',(#621));
#621 = ORIENTED_EDGE('',*,*,#534,.T.);
#622 = ADVANCED_FACE('',(#623),#606,.F.);
#623 = FACE_BOUND('',#624,.T.);
#624 = EDGE_LOOP('',(#625));
#625 = ORIENTED_EDGE('',*,*,#591,.F.);
#626 = ( GEOMETRIC_REPRESENTATION_CONTEXT(3) 
GLOBAL_UNCERTAINTY_ASSIGNED_CONTEXT((#630)) GLOBAL_UNIT_ASSIGNED_CONTEXT
((#627,#628,#629)) REPRESENTATION_CONTEXT('Context #1',
  '3D Context with UNIT and UNCERTAINTY') );
#627 = ( LENGTH_UNIT() NAMED_UNIT(*) SI_UNIT(.MILLI.,.METRE.) );
#628 = ( NAMED_UNIT(*) PLANE_ANGLE_UNIT() SI_UNIT($,.RADIAN.) );
#629 = ( NAMED_UNIT(*) SI_UNIT($,.STERADIAN.) SOLID_ANGLE_UNIT() );
#630 = UNCERTAINTY_MEASURE_WITH_UNIT(LENGTH_MEASURE(2.E-06),#627,
  'distance_accuracy_value','confusion accuracy');
#631 = CONTEXT_DEPENDENT_SHAPE_REPRESENTATION(#632,#634);
#632 = ( REPRESENTATION_RELATIONSHIP('','',#527,#10) 
REPRESENTATION_RELATIONSHIP_WITH_TRANSFORMATION(#633) 
SHAPE_REPRESENTATION_RELATIONSHIP() );
#633 = ITEM_DEFINED_TRANSFORMATION('','',#11,#27);
#634 = PRODUCT_DEFINITION_SHAPE('Placement','Placement of an item',#635
  );
#635 = NEXT_ASSEMBLY_USAGE_OCCURRENCE('14','','',#5,#522,$);
#636 = PRODUCT_RELATED_PRODUCT_CATEGORY('part',$,(#524));
#637 = SHAPE_DEFINITION_REPRESENTATION(#638,#644);
#638 = PRODUCT_DEFINITION_SHAPE('','',#639);
#639 = PRODUCT_DEFINITION('design','',#640,#643);
#640 = PRODUCT_DEFINITION_FORMATION('','',#641);
#641 = PRODUCT('Open CASCADE STEP translator 7.8 37.5',
  'Open CASCADE STEP translator 7.8 37.5','',(#642));
#642 = PRODUCT_CONTEXT('',#2,'mechanical');
#643 = PRODUCT_DEFINITION_CONTEXT('part definition',#2,'design');
#644 = ADVANCED_BREP_SHAPE_REPRESENTATION('',(#11,#645),#743);
#645 = MANIFOLD_SOLID_BREP('',#646);
#646 = CLOSED_SHELL('',(#647,#735,#739));
#647 = ADVANCED_FACE('',(#648),#661,.T.);
#648 = FACE_BOUND('',#649,.T.);
#649 = EDGE_LOOP('',(#650,#684,#707,#734));
#650 = ORIENTED_EDGE('',*,*,#651,.F.);
#651 = EDGE_CURVE('',#652,#652,#654,.T.);
#652 = VERTEX_POINT('',#653);
#653 = CARTESIAN_POINT('',(264.62132435997,7.00852974399,40.4));
#654 = SURFACE_CURVE('',#655,(#660,#672),.PCURVE_S1.);
#655 = CIRCLE('',#656,1.1);
#656 = AXIS2_PLACEMENT_3D('',#657,#658,#659);
#657 = CARTESIAN_POINT('',(263.6,6.6,40.4));
#658 = DIRECTION('',(-0.348155311911,0.870388279778,0.348155311911));
#659 = DIRECTION('',(0.928476690885,0.371390676354,0.));
#660 = PCURVE('',#661,#666);
#661 = CYLINDRICAL_SURFACE('',#662,1.1);
#662 = AXIS2_PLACEMENT_3D('',#663,#664,#665);
#663 = CARTESIAN_POINT('',(265.2,2.6,38.8));
#664 = DIRECTION('',(-0.348155311911,0.870388279778,0.348155311911));
#665 = DIRECTION('',(0.928476690885,0.371390676354,0.));
#666 = DEFINITIONAL_REPRESENTATION('',(#667),#671);
#667 = LINE('',#668,#669);
#668 = CARTESIAN_POINT('',(0.,4.59565011723));
#669 = VECTOR('',#670,1.);
#670 = DIRECTION('',(1.,0.));
#671 = ( GEOMETRIC_REPRESENTATION_CONTEXT(2) 
PARAMETRIC_REPRESENTATION_CONTEXT() REPRESENTATION_CONTEXT('2D SPACE',''
  ) );
#672 = PCURVE('',#673,#678);
#673 = PLANE('',#674);
#674 = AXIS2_PLACEMENT_3D('',#675,#676,#677);
#675 = CARTESIAN_POINT('',(263.6,6.6,40.4));
#676 = DIRECTION('',(-0.348155311911,0.870388279778,0.348155311911));
#677 = DIRECTION('',(0.928476690885,0.371390676354,0.));
#678 = DEFINITIONAL_REPRESENTATION('',(#679),#683);
#679 = CIRCLE('',#680,1.1);
#680 = AXIS2_PLACEMENT_2D('',#681,#682);
#681 = CARTESIAN_POINT('',(0.,0.));
#682 = DIRECTION('',(1.,0.));
#683 = ( GEOMETRIC_REPRESENTATION_CONTEXT(2) 
PARAMETRIC_REPRESENTATION_CONTEXT() REPRESENTATION_CONTEXT('2D SPACE',''
  ) );
#684 = ORIENTED_EDGE('',*,*,#685,.F.);
#685 = EDGE_CURVE('',#686,#652,#688,.T.);
#686 = VERTEX_POINT('',#687);
#687 = CARTESIAN_POINT('',(266.22132435997,3.00852974399,38.8));
#688 = SEAM_CURVE('',#689,(#693,#700),.PCURVE_S1.);
#689 = LINE('',#690,#691);
#690 = CARTESIAN_POINT('',(266.22132435997,3.00852974399,38.8));
#691 = VECTOR('',#692,1.);
#692 = DIRECTION('',(-0.348155311911,0.870388279778,0.348155311911));
#693 = PCURVE('',#661,#694);
#694 = DEFINITIONAL_REPRESENTATION('',(#695),#699);
#695 = LINE('',#696,#697);
#696 = CARTESIAN_POINT('',(6.28318530718,-0.));
#697 = VECTOR('',#698,1.);
#698 = DIRECTION('',(0.,1.));
#699 = ( GEOMETRIC_REPRESENTATION_CONTEXT(2) 
PARAMETRIC_REPRESENTATION_CONTEXT() REPRESENTATION_CONTEXT('2D SPACE',''
  ) );
#700 = PCURVE('',#661,#701);
#701 = DEFINITIONAL_REPRESENTATION('',(#702),#706);
#702 = LINE('',#703,#704);
#703 = CARTESIAN_POINT('',(0.,-0.));
#704 = VECTOR('',#705,1.);
#705 = DIRECTION('',(0.,1.));
#706 = ( GEOMETRIC_REPRESENTATION_CONTEXT(2) 
PARAMETRIC_REPRESENTATION_CONTEXT() REPRESENTATION_CONTEXT('2D SPACE',''
  ) );
#707 = ORIENTED_EDGE('',*,*,#708,.T.);
#708 = EDGE_CURVE('',#686,#686,#709,.T.);
#709 = SURFACE_CURVE('',#710,(#715,#722),.PCURVE_S1.);
#710 = CIRCLE('',#711,1.1);
#711 = AXIS2_PLACEMENT_3D('',#712,#713,#714);
#712 = CARTESIAN_POINT('',(265.2,2.6,38.8));
#713 = DIRECTION('',(-0.348155311911,0.870388279778,0.348155311911));
#714 = DIRECTION('',(0.928476690885,0.371390676354,0.));
#715 = PCURVE('',#661,#716);
#716 = DEFINITIONAL_REPRESENTATION('',(#717),#721);
#717 = LINE('',#718,#719);
#718 = CARTESIAN_POINT('',(0.,0.));
#719 = VECTOR('',#720,1.);
#720 = DIRECTION('',(1.,0.));
#721 = ( GEOMETRIC_REPRESENTATION_CONTEXT(2) 
PARAMETRIC_REPRESENTATION_CONTEXT() REPRESENTATION_CONTEXT('2D SPACE',''
  ) );
#722 = PCURVE('',#723,#728);
#723 = PLANE('',#724);
#724 = AXIS2_PLACEMENT_3D('',#725,#726,#727);
#725 = CARTESIAN_POINT('',(265.2,2.6,38.8));
#726 = DIRECTION('',(-0.348155311911,0.870388279778,0.348155311911));
#727 = DIRECTION('',(0.928476690885,0.371390676354,0.));
#728 = DEFINITIONAL_REPRESENTATION('',(#729),#733);
#729 = CIRCLE('',#730,1.1);
#730 = AXIS2_PLACEMENT_2D('',#731,#732);
#731 = CARTESIAN_POINT('',(0.,0.));
#732 = DIRECTION('',(1.,0.));
#733 = ( GEOMETRIC_REPRESENTATION_CONTEXT(2) 
PARAMETRIC_REPRESENTATION_CONTEXT() REPRESENTATION_CONTEXT('2D SPACE',''
  ) );
#734 = ORIENTED_EDGE('',*,*,#685,.T.);
#735 = ADVANCED_FACE('',(#736),#673,.T.);
#736 = FACE_BOUND('',#737,.T.);
#737 = EDGE_LOOP('',(#738));
#738 = ORIENTED_EDGE('',*,*,#651,.T.);
#739 = ADVANCED_FACE('',(#740),#723,.F.);
#740 = FACE_BOUND('',#741,.T.);
#741 = EDGE_LOOP('',(#742));
#742 = ORIENTED_EDGE('',*,*,#708,.F.);
#743 = ( GEOMETRIC_REPRESENTATION_CONTEXT(3) 
GLOBAL_UNCERTAINTY_ASSIGNED_CONTEXT((#747)) GLOBAL_UNIT_ASSIGNED_CONTEXT
((#744,#745,#746)) REPRESENTATION_CONTEXT('Context #1',
  '3D Context with UNIT and UNCERTAINTY') );
#744 = ( LENGTH_UNIT() NAMED_UNIT(*) SI_UNIT(.MILLI.,.METRE.) );
#745 = ( NAMED_UNIT(*) PLANE_ANGLE_UNIT() SI_UNIT($,.RADIAN.) );
#746 = ( NAMED_UNIT(*) SI_UNIT($,.STERADIAN.) SOLID_ANGLE_UNIT() );
#747 = UNCERTAINTY_MEASURE_WITH_UNIT(LENGTH_MEASURE(1.E-07),#744,
  'distance_accuracy_value','confusion accuracy');
#748 = CONTEXT_DEPENDENT_SHAPE_REPRESENTATION(#749,#751);
#749 = ( REPRESENTATION_RELATIONSHIP('','',#644,#10) 
REPRESENTATION_RELATIONSHIP_WITH_TRANSFORMATION(#750) 
SHAPE_REPRESENTATION_RELATIONSHIP() );
#750 = ITEM_DEFINED_TRANSFORMATION('','',#11,#31);
#751 = PRODUCT_DEFINITION_SHAPE('Placement','Placement of an item',#752
  );
#752 = NEXT_ASSEMBLY_USAGE_OCCURRENCE('15','','',#5,#639,$);
#753 = PRODUCT_RELATED_PRODUCT_CATEGORY('part',$,(#641));
#754 = SHAPE_DEFINITION_REPRESENTATION(#755,#761);
#755 = PRODUCT_DEFINITION_SHAPE('','',#756);
#756 = PRODUCT_DEFINITION('design','',#757,#760);
#757 = PRODUCT_DEFINITION_FORMATION('','',#758);
#758 = PRODUCT('Open CASCADE STEP translator 7.8 37.6',
  'Open CASCADE STEP translator 7.8 37.6','',(#759));
#759 = PRODUCT_CONTEXT('',#2,'mechanical');
#760 = PRODUCT_DEFINITION_CONTEXT('part definition',#2,'design');
#761 = ADVANCED_BREP_SHAPE_REPRESENTATION('',(#11,#762),#860);
#762 = MANIFOLD_SOLID_BREP('',#763);
#763 = CLOSED_SHELL('',(#764,#852,#856));
#764 = ADVANCED_FACE('',(#765),#778,.T.);
#765 = FACE_BOUND('',#766,.T.);
#766 = EDGE_LOOP('',(#767,#801,#824,#851));
#767 = ORIENTED_EDGE('',*,*,#768,.F.);
#768 = EDGE_CURVE('',#769,#769,#771,.T.);
#769 = VERTEX_POINT('',#770);
#770 = CARTESIAN_POINT('',(260.3778174593,10.6,45.177817459305));
#771 = SURFACE_CURVE('',#772,(#777,#789),.PCURVE_S1.);
#772 = CIRCLE('',#773,1.1);
#773 = AXIS2_PLACEMENT_3D('',#774,#775,#776);
#774 = CARTESIAN_POINT('',(259.6,10.6,44.4));
#775 = DIRECTION('',(-0.57735026919,0.57735026919,0.57735026919));
#776 = DIRECTION('',(0.707106781187,0.,0.707106781187));
#777 = PCURVE('',#778,#783);
#778 = CYLINDRICAL_SURFACE('',#779,1.1);
#779 = AXIS2_PLACEMENT_3D('',#780,#781,#782);
#780 = CARTESIAN_POINT('',(263.6,6.6,40.4));
#781 = DIRECTION('',(-0.57735026919,0.57735026919,0.57735026919));
#782 = DIRECTION('',(0.707106781187,0.,0.707106781187));
#783 = DEFINITIONAL_REPRESENTATION('',(#784),#788);
#784 = LINE('',#785,#786);
#785 = CARTESIAN_POINT('',(0.,6.928203230276));
#786 = VECTOR('',#787,1.);
#787 = DIRECTION('',(1.,0.));
#788 = ( GEOMETRIC_REPRESENTATION_CONTEXT(2) 
PARAMETRIC_REPRESENTATION_CONTEXT() REPRESENTATION_CONTEXT('2D SPACE',''
  ) );
#789 = PCURVE('',#790,#795);
#790 = PLANE('',#791);
#791 = AXIS2_PLACEMENT_3D('',#792,#793,#794);
#792 = CARTESIAN_POINT('',(259.6,10.6,44.4));
#793 = DIRECTION('',(-0.57735026919,0.57735026919,0.57735026919));
#794 = DIRECTION('',(0.707106781187,0.,0.707106781187));
#795 = DEFINITIONAL_REPRESENTATION('',(#796),#800);
#796 = CIRCLE('',#797,1.1);
#797 = AXIS2_PLACEMENT_2D('',#798,#799);
#798 = CARTESIAN_POINT('',(0.,0.));
#799 = DIRECTION('',(1.,0.));
#800 = ( GEOMETRIC_REPRESENTATION_CONTEXT(2) 
PARAMETRIC_REPRESENTATION_CONTEXT() REPRESENTATION_CONTEXT('2D SPACE',''
  ) );
#801 = ORIENTED_EDGE('',*,*,#802,.F.);
#802 = EDGE_CURVE('',#803,#769,#805,.T.);
#803 = VERTEX_POINT('',#804);
#804 = CARTESIAN_POINT('',(264.3778174593,6.6,41.177817459305));
#805 = SEAM_CURVE('',#806,(#810,#817),.PCURVE_S1.);
#806 = LINE('',#807,#808);
#807 = CARTESIAN_POINT('',(264.3778174593,6.6,41.177817459305));
#808 = VECTOR('',#809,1.);
#809 = DIRECTION('',(-0.57735026919,0.57735026919,0.57735026919));
#810 = PCURVE('',#778,#811);
#811 = DEFINITIONAL_REPRESENTATION('',(#812),#816);
#812 = LINE('',#813,#814);
#813 = CARTESIAN_POINT('',(6.28318530718,-0.));
#814 = VECTOR('',#815,1.);
#815 = DIRECTION('',(0.,1.));
#816 = ( GEOMETRIC_REPRESENTATION_CONTEXT(2) 
PARAMETRIC_REPRESENTATION_CONTEXT() REPRESENTATION_CONTEXT('2D SPACE',''
  ) );
#817 = PCURVE('',#778,#818);
#818 = DEFINITIONAL_REPRESENTATION('',(#819),#823);
#819 = LINE('',#820,#821);
#820 = CARTESIAN_POINT('',(0.,-0.));
#821 = VECTOR('',#822,1.);
#822 = DIRECTION('',(0.,1.));
#823 = ( GEOMETRIC_REPRESENTATION_CONTEXT(2) 
PARAMETRIC_REPRESENTATION_CONTEXT() REPRESENTATION_CONTEXT('2D SPACE',''
  ) );
#824 = ORIENTED_EDGE('',*,*,#825,.T.);
#825 = EDGE_CURVE('',#803,#803,#826,.T.);
#826 = SURFACE_CURVE('',#827,(#832,#839),.PCURVE_S1.);
#827 = CIRCLE('',#828,1.1);
#828 = AXIS2_PLACEMENT_3D('',#829,#830,#831);
#829 = CARTESIAN_POINT('',(263.6,6.6,40.4));
#830 = DIRECTION('',(-0.57735026919,0.57735026919,0.57735026919));
#831 = DIRECTION('',(0.707106781187,0.,0.707106781187));
#832 = PCURVE('',#778,#833);
#833 = DEFINITIONAL_REPRESENTATION('',(#834),#838);
#834 = LINE('',#835,#836);
#835 = CARTESIAN_POINT('',(0.,0.));
#836 = VECTOR('',#837,1.);
#837 = DIRECTION('',(1.,0.));
#838 = ( GEOMETRIC_REPRESENTATION_CONTEXT(2) 
PARAMETRIC_REPRESENTATION_CONTEXT() REPRESENTATION_CONTEXT('2D SPACE',''
  ) );
#839 = PCURVE('',#840,#845);
#840 = PLANE('',#841);
#841 = AXIS2_PLACEMENT_3D('',#842,#843,#844);
#842 = CARTESIAN_POINT('',(263.6,6.6,40.4));
#843 = DIRECTION('',(-0.57735026919,0.57735026919,0.57735026919));
#844 = DIRECTION('',(0.707106781187,0.,0.707106781187));
#845 = DEFINITIONAL_REPRESENTATION('',(#846),#850);
#846 = CIRCLE('',#847,1.1);
#847 = AXIS2_PLACEMENT_2D('',#848,#849);
#848 = CARTESIAN_POINT('',(0.,0.));
#849 = DIRECTION('',(1.,0.));
#850 = ( GEOMETRIC_REPRESENTATION_CONTEXT(2) 
PARAMETRIC_REPRESENTATION_CONTEXT() REPRESENTATION_CONTEXT('2D SPACE',''
  ) );
#851 = ORIENTED_EDGE('',*,*,#802,.T.);
#852 = ADVANCED_FACE('',(#853),#790,.T.);
#853 = FACE_BOUND('',#854,.T.);
#854 = EDGE_LOOP('',(#855));
#855 = ORIENTED_EDGE('',*,*,#768,.T.);
#856 = ADVANCED_FACE('',(#857),#840,.F.);
#857 = FACE_BOUND('',#858,.T.);
#858 = EDGE_LOOP('',(#859));
#859 = ORIENTED_EDGE('',*,*,#825,.F.);
#860 = ( GEOMETRIC_REPRESENTATION_CONTEXT(3) 
GLOBAL_UNCERTAINTY_ASSIGNED_CONTEXT((#864)) GLOBAL_UNIT_ASSIGNED_CONTEXT
((#861,#862,#863)) REPRESENTATION_CONTEXT('Context #1',
  '3D Context with UNIT and UNCERTAINTY') );
#861 = ( LENGTH_UNIT() NAMED_UNIT(*) SI_UNIT(.MILLI.,.METRE.) );
#862 = ( NAMED_UNIT(*) PLANE_ANGLE_UNIT() SI_UNIT($,.RADIAN.) );
#863 = ( NAMED_UNIT(*) SI_UNIT($,.STERADIAN.) SOLID_ANGLE_UNIT() );
#864 = UNCERTAINTY_MEASURE_WITH_UNIT(LENGTH_MEASURE(2.E-06),#861,
  'distance_accuracy_value','confusion accuracy');
#865 = CONTEXT_DEPENDENT_SHAPE_REPRESENTATION(#866,#868);
#866 = ( REPRESENTATION_RELATIONSHIP('','',#761,#10) 
REPRESENTATION_RELATIONSHIP_WITH_TRANSFORMATION(#867) 
SHAPE_REPRESENTATION_RELATIONSHIP() );
#867 = ITEM_DEFINED_TRANSFORMATION('','',#11,#35);
#868 = PRODUCT_DEFINITION_SHAPE('Placement','Placement of an item',#869
  );
#869 = NEXT_ASSEMBLY_USAGE_OCCURRENCE('16','','',#5,#756,$);
#870 = PRODUCT_RELATED_PRODUCT_CATEGORY('part',$,(#758));
#871 = SHAPE_DEFINITION_REPRESENTATION(#872,#878);
#872 = PRODUCT_DEFINITION_SHAPE('','',#873);
#873 = PRODUCT_DEFINITION('design','',#874,#877);
#874 = PRODUCT_DEFINITION_FORMATION('','',#875);
#875 = PRODUCT('Open CASCADE STEP translator 7.8 37.7',
  'Open CASCADE STEP translator 7.8 37.7','',(#876));
#876 = PRODUCT_CONTEXT('',#2,'mechanical');
#877 = PRODUCT_DEFINITION_CONTEXT('part definition',#2,'design');
#878 = ADVANCED_BREP_SHAPE_REPRESENTATION('',(#11,#879),#977);
#879 = MANIFOLD_SOLID_BREP('',#880);
#880 = CLOSED_SHELL('',(#881,#969,#973));
#881 = ADVANCED_FACE('',(#882),#895,.T.);
#882 = FACE_BOUND('',#883,.T.);
#883 = EDGE_LOOP('',(#884,#918,#941,#968));
#884 = ORIENTED_EDGE('',*,*,#885,.F.);
#885 = EDGE_CURVE('',#886,#886,#888,.T.);
#886 = VERTEX_POINT('',#887);
#887 = CARTESIAN_POINT('',(259.04355162785,11.4,49.547850542619));
#888 = SURFACE_CURVE('',#889,(#894,#906),.PCURVE_S1.);
#889 = CIRCLE('',#890,1.1);
#890 = AXIS2_PLACEMENT_3D('',#891,#892,#893);
#891 = CARTESIAN_POINT('',(258.,11.4,49.2));
#892 = DIRECTION('',(-0.312347523777,0.156173761889,0.937042571332));
#893 = DIRECTION('',(0.948683298051,-6.938893903907E-18,0.316227766017)
  );
#894 = PCURVE('',#895,#900);
#895 = CYLINDRICAL_SURFACE('',#896,1.1);
#896 = AXIS2_PLACEMENT_3D('',#897,#898,#899);
#897 = CARTESIAN_POINT('',(259.6,10.6,44.4));
#898 = DIRECTION('',(-0.312347523777,0.156173761889,0.937042571332));
#899 = DIRECTION('',(0.948683298051,0.,0.316227766017));
#900 = DEFINITIONAL_REPRESENTATION('',(#901),#905);
#901 = LINE('',#902,#903);
#902 = CARTESIAN_POINT('',(0.,5.122499389946));
#903 = VECTOR('',#904,1.);
#904 = DIRECTION('',(1.,0.));
#905 = ( GEOMETRIC_REPRESENTATION_CONTEXT(2) 
PARAMETRIC_REPRESENTATION_CONTEXT() REPRESENTATION_CONTEXT('2D SPACE',''
  ) );
#906 = PCURVE('',#907,#912);
#907 = PLANE('',#908);
#908 = AXIS2_PLACEMENT_3D('',#909,#910,#911);
#909 = CARTESIAN_POINT('',(258.,11.4,49.2));
#910 = DIRECTION('',(-0.312347523777,0.156173761889,0.937042571332));
#911 = DIRECTION('',(0.948683298051,0.,0.316227766017));
#912 = DEFINITIONAL_REPRESENTATION('',(#913),#917);
#913 = CIRCLE('',#914,1.1);
#914 = AXIS2_PLACEMENT_2D('',#915,#916);
#915 = CARTESIAN_POINT('',(0.,0.));
#916 = DIRECTION('',(1.,0.));
#917 = ( GEOMETRIC_REPRESENTATION_CONTEXT(2) 
PARAMETRIC_REPRESENTATION_CONTEXT() REPRESENTATION_CONTEXT('2D SPACE',''
  ) );
#918 = ORIENTED_EDGE('',*,*,#919,.F.);
#919 = EDGE_CURVE('',#920,#886,#922,.T.);
#920 = VERTEX_POINT('',#921);
#921 = CARTESIAN_POINT('',(260.64355162785,10.6,44.747850542619));
#922 = SEAM_CURVE('',#923,(#927,#934),.PCURVE_S1.);
#923 = LINE('',#924,#925);
#924 = CARTESIAN_POINT('',(260.64355162785,10.6,44.747850542619));
#925 = VECTOR('',#926,1.);
#926 = DIRECTION('',(-0.312347523777,0.156173761889,0.937042571332));
#927 = PCURVE('',#895,#928);
#928 = DEFINITIONAL_REPRESENTATION('',(#929),#933);
#929 = LINE('',#930,#931);
#930 = CARTESIAN_POINT('',(6.28318530718,-0.));
#931 = VECTOR('',#932,1.);
#932 = DIRECTION('',(0.,1.));
#933 = ( GEOMETRIC_REPRESENTATION_CONTEXT(2) 
PARAMETRIC_REPRESENTATION_CONTEXT() REPRESENTATION_CONTEXT('2D SPACE',''
  ) );
#934 = PCURVE('',#895,#935);
#935 = DEFINITIONAL_REPRESENTATION('',(#936),#940);
#936 = LINE('',#937,#938);
#937 = CARTESIAN_POINT('',(0.,-0.));
#938 = VECTOR('',#939,1.);
#939 = DIRECTION('',(0.,1.));
#940 = ( GEOMETRIC_REPRESENTATION_CONTEXT(2) 
PARAMETRIC_REPRESENTATION_CONTEXT() REPRESENTATION_CONTEXT('2D SPACE',''
  ) );
#941 = ORIENTED_EDGE('',*,*,#942,.T.);
#942 = EDGE_CURVE('',#920,#920,#943,.T.);
#943 = SURFACE_CURVE('',#944,(#949,#956),.PCURVE_S1.);
#944 = CIRCLE('',#945,1.1);
#945 = AXIS2_PLACEMENT_3D('',#946,#947,#948);
#946 = CARTESIAN_POINT('',(259.6,10.6,44.4));
#947 = DIRECTION('',(-0.312347523777,0.156173761889,0.937042571332));
#948 = DIRECTION('',(0.948683298051,-6.938893903907E-18,0.316227766017)
  );
#949 = PCURVE('',#895,#950);
#950 = DEFINITIONAL_REPRESENTATION('',(#951),#955);
#951 = LINE('',#952,#953);
#952 = CARTESIAN_POINT('',(0.,0.));
#953 = VECTOR('',#954,1.);
#954 = DIRECTION('',(1.,0.));
#955 = ( GEOMETRIC_REPRESENTATION_CONTEXT(2) 
PARAMETRIC_REPRESENTATION_CONTEXT() REPRESENTATION_CONTEXT('2D SPACE',''
  ) );
#956 = PCURVE('',#957,#962);
#957 = PLANE('',#958);
#958 = AXIS2_PLACEMENT_3D('',#959,#960,#961);
#959 = CARTESIAN_POINT('',(259.6,10.6,44.4));
#960 = DIRECTION('',(-0.312347523777,0.156173761889,0.937042571332));
#961 = DIRECTION('',(0.948683298051,0.,0.316227766017));
#962 = DEFINITIONAL_REPRESENTATION('',(#963),#967);
#963 = CIRCLE('',#964,1.1);
#964 = AXIS2_PLACEMENT_2D('',#965,#966);
#965 = CARTESIAN_POINT('',(0.,0.));
#966 = DIRECTION('',(1.,0.));
#967 = ( GEOMETRIC_REPRESENTATION_CONTEXT(2) 
PARAMETRIC_REPRESENTATION_CONTEXT() REPRESENTATION_CONTEXT('2D SPACE',''
  ) );
#968 = ORIENTED_EDGE('',*,*,#919,.T.);
#969 = ADVANCED_FACE('',(#970),#907,.T.);
#970 = FACE_BOUND('',#971,.T.);
#971 = EDGE_LOOP('',(#972));
#972 = ORIENTED_EDGE('',*,*,#885,.T.);
#973 = ADVANCED_FACE('',(#974),#957,.F.);
#974 = FACE_BOUND('',#975,.T.);
#975 = EDGE_LOOP('',(#976));
#976 = ORIENTED_EDGE('',*,*,#942,.F.);
#977 = ( GEOMETRIC_REPRESENTATION_CONTEXT(3) 
GLOBAL_UNCERTAINTY_ASSIGNED_CONTEXT((#981)) GLOBAL_UNIT_ASSIGNED_CONTEXT
((#978,#979,#980)) REPRESENTATION_CONTEXT('Context #1',
  '3D Context with UNIT and UNCERTAINTY') );
#978 = ( LENGTH_UNIT() NAMED_UNIT(*) SI_UNIT(.MILLI.,.METRE.) );
#979 = ( NAMED_UNIT(*) PLANE_ANGLE_UNIT() SI_UNIT($,.RADIAN.) );
#980 = ( NAMED_UNIT(*) SI_UNIT($,.STERADIAN.) SOLID_ANGLE_UNIT() );
#981 = UNCERTAINTY_MEASURE_WITH_UNIT(LENGTH_MEASURE(2.E-06),#978,
  'distance_accuracy_value','confusion accuracy');
#982 = CONTEXT_DEPENDENT_SHAPE_REPRESENTATION(#983,#985);
#983 = ( REPRESENTATION_RELATIONSHIP('','',#878,#10) 
REPRESENTATION_RELATIONSHIP_WITH_TRANSFORMATION(#984) 
SHAPE_REPRESENTATION_RELATIONSHIP() );
#984 = ITEM_DEFINED_TRANSFORMATION('','',#11,#39);
#985 = PRODUCT_DEFINITION_SHAPE('Placement','Placement of an item',#986
  );
#986 = NEXT_ASSEMBLY_USAGE_OCCURRENCE('17','','',#5,#873,$);
#987 = PRODUCT_RELATED_PRODUCT_CATEGORY('part',$,(#875));
#988 = SHAPE_DEFINITION_REPRESENTATION(#989,#995);
#989 = PRODUCT_DEFINITION_SHAPE('','',#990);
#990 = PRODUCT_DEFINITION('design','',#991,#994);
#991 = PRODUCT_DEFINITION_FORMATION('','',#992);
#992 = PRODUCT('Open CASCADE STEP translator 7.8 37.8',
  'Open CASCADE STEP translator 7.8 37.8','',(#993));
#993 = PRODUCT_CONTEXT('',#2,'mechanical');
#994 = PRODUCT_DEFINITION_CONTEXT('part definition',#2,'design');
#995 = ADVANCED_BREP_SHAPE_REPRESENTATION('',(#11,#996),#1094);
#996 = MANIFOLD_SOLID_BREP('',#997);
#997 = CLOSED_SHELL('',(#998,#1086,#1090));
#998 = ADVANCED_FACE('',(#999),#1012,.T.);
#999 = FACE_BOUND('',#1000,.T.);
#1000 = EDGE_LOOP('',(#1001,#1035,#1058,#1085));
#1001 = ORIENTED_EDGE('',*,*,#1002,.F.);
#1002 = EDGE_CURVE('',#1003,#1003,#1005,.T.);
#1003 = VERTEX_POINT('',#1004);
#1004 = CARTESIAN_POINT('',(259.6,15.621324359974,56.79147025601));
#1005 = SURFACE_CURVE('',#1006,(#1011,#1023),.PCURVE_S1.);
#1006 = CIRCLE('',#1007,1.1);
#1007 = AXIS2_PLACEMENT_3D('',#1008,#1009,#1010);
#1008 = CARTESIAN_POINT('',(259.6,14.6,57.2));
#1009 = DIRECTION('',(0.182574185835,0.36514837167,0.912870929175));
#1010 = DIRECTION('',(-6.938893903907E-18,0.928476690885,-0.371390676354
    ));
#1011 = PCURVE('',#1012,#1017);
#1012 = CYLINDRICAL_SURFACE('',#1013,1.1);
#1013 = AXIS2_PLACEMENT_3D('',#1014,#1015,#1016);
#1014 = CARTESIAN_POINT('',(258.,11.4,49.2));
#1015 = DIRECTION('',(0.182574185835,0.36514837167,0.912870929175));
#1016 = DIRECTION('',(-6.938893903907E-18,0.928476690885,-0.371390676354
    ));
#1017 = DEFINITIONAL_REPRESENTATION('',(#1018),#1022);
#1018 = LINE('',#1019,#1020);
#1019 = CARTESIAN_POINT('',(0.,8.763560920083));
#1020 = VECTOR('',#1021,1.);
#1021 = DIRECTION('',(1.,0.));
#1022 = ( GEOMETRIC_REPRESENTATION_CONTEXT(2) 
PARAMETRIC_REPRESENTATION_CONTEXT() REPRESENTATION_CONTEXT('2D SPACE',''
  ) );
#1023 = PCURVE('',#1024,#1029);
#1024 = PLANE('',#1025);
#1025 = AXIS2_PLACEMENT_3D('',#1026,#1027,#1028);
#1026 = CARTESIAN_POINT('',(259.6,14.6,57.2));
#1027 = DIRECTION('',(0.182574185835,0.36514837167,0.912870929175));
#1028 = DIRECTION('',(-6.938893903907E-18,0.928476690885,-0.371390676354
    ));
#1029 = DEFINITIONAL_REPRESENTATION('',(#1030),#1034);
#1030 = CIRCLE('',#1031,1.1);
#1031 = AXIS2_PLACEMENT_2D('',#1032,#1033);
#1032 = CARTESIAN_POINT('',(0.,0.));
#1033 = DIRECTION('',(1.,0.));
#1034 = ( GEOMETRIC_REPRESENTATION_CONTEXT(2) 
PARAMETRIC_REPRESENTATION_CONTEXT() REPRESENTATION_CONTEXT('2D SPACE',''
  ) );
#1035 = ORIENTED_EDGE('',*,*,#1036,.F.);
#1036 = EDGE_CURVE('',#1037,#1003,#1039,.T.);
#1037 = VERTEX_POINT('',#1038);
#1038 = CARTESIAN_POINT('',(258.,12.421324359974,48.79147025601));
#1039 = SEAM_CURVE('',#1040,(#1044,#1051),.PCURVE_S1.);
#1040 = LINE('',#1041,#1042);
#1041 = CARTESIAN_POINT('',(258.,12.421324359974,48.79147025601));
#1042 = VECTOR('',#1043,1.);
#1043 = DIRECTION('',(0.182574185835,0.36514837167,0.912870929175));
#1044 = PCURVE('',#1012,#1045);
#1045 = DEFINITIONAL_REPRESENTATION('',(#1046),#1050);
#1046 = LINE('',#1047,#1048);
#1047 = CARTESIAN_POINT('',(6.28318530718,-0.));
#1048 = VECTOR('',#1049,1.);
#1049 = DIRECTION('',(0.,1.));
#1050 = ( GEOMETRIC_REPRESENTATION_CONTEXT(2) 
PARAMETRIC_REPRESENTATION_CONTEXT() REPRESENTATION_CONTEXT('2D SPACE',''
  ) );
#1051 = PCURVE('',#1012,#1052);
#1052 = DEFINITIONAL_REPRESENTATION('',(#1053),#1057);
#1053 = LINE('',#1054,#1055);
#1054 = CARTESIAN_POINT('',(0.,-0.));
#1055 = VECTOR('',#1056,1.);
#1056 = DIRECTION('',(0.,1.));
#1057 = ( GEOMETRIC_REPRESENTATION_CONTEXT(2) 
PARAMETRIC_REPRESENTATION_CONTEXT() REPRESENTATION_CONTEXT('2D SPACE',''
  ) );
#1058 = ORIENTED_EDGE('',*,*,#1059,.T.);
#1059 = EDGE_CURVE('',#1037,#1037,#1060,.T.);
#1060 = SURFACE_CURVE('',#1061,(#1066,#1073),.PCURVE_S1.);
#1061 = CIRCLE('',#1062,1.1);
#1062 = AXIS2_PLACEMENT_3D('',#1063,#1064,#1065);
#1063 = CARTESIAN_POINT('',(258.,11.4,49.2));
#1064 = DIRECTION('',(0.182574185835,0.36514837167,0.912870929175));
#1065 = DIRECTION('',(-6.938893903907E-18,0.928476690885,-0.371390676354
    ));
#1066 = PCURVE('',#1012,#1067);
#1067 = DEFINITIONAL_REPRESENTATION('',(#1068),#1072);
#1068 = LINE('',#1069,#1070);
#1069 = CARTESIAN_POINT('',(0.,0.));
#1070 = VECTOR('',#1071,1.);
#1071 = DIRECTION('',(1.,0.));
#1072 = ( GEOMETRIC_REPRESENTATION_CONTEXT(2) 
PARAMETRIC_REPRESENTATION_CONTEXT() REPRESENTATION_CONTEXT('2D SPACE',''
  ) );
#1073 = PCURVE('',#1074,#1079);
#1074 = PLANE('',#1075);
#1075 = AXIS2_PLACEMENT_3D('',#1076,#1077,#1078);
#1076 = CARTESIAN_POINT('',(258.,11.4,49.2));
#1077 = DIRECTION('',(0.182574185835,0.36514837167,0.912870929175));
#1078 = DIRECTION('',(-6.938893903907E-18,0.928476690885,-0.371390676354
    ));
#1079 = DEFINITIONAL_REPRESENTATION('',(#1080),#1084);
#1080 = CIRCLE('',#1081,1.1);
#1081 = AXIS2_PLACEMENT_2D('',#1082,#1083);
#1082 = CARTESIAN_POINT('',(0.,0.));
#1083 = DIRECTION('',(1.,0.));
#1084 = ( GEOMETRIC_REPRESENTATION_CONTEXT(2) 
PARAMETRIC_REPRESENTATION_CONTEXT() REPRESENTATION_CONTEXT('2D SPACE',''
  ) );
#1085 = ORIENTED_EDGE('',*,*,#1036,.T.);
#1086 = ADVANCED_FACE('',(#1087),#1024,.T.);
#1087 = FACE_BOUND('',#1088,.T.);
#1088 = EDGE_LOOP('',(#1089));
#1089 = ORIENTED_EDGE('',*,*,#1002,.T.);
#1090 = ADVANCED_FACE('',(#1091),#1074,.F.);
#1091 = FACE_BOUND('',#1092,.T.);
#1092 = EDGE_LOOP('',(#1093));
#1093 = ORIENTED_EDGE('',*,*,#1059,.F.);
#1094 = ( GEOMETRIC_REPRESENTATION_CONTEXT(3) 
GLOBAL_UNCERTAINTY_ASSIGNED_CONTEXT((#1098)) 
GLOBAL_UNIT_ASSIGNED_CONTEXT((#1095,#1096,#1097)) REPRESENTATION_CONTEXT
('Context #1','3D Context with UNIT and UNCERTAINTY') );
#1095 = ( LENGTH_UNIT() NAMED_UNIT(*) SI_UNIT(.MILLI.,.METRE.) );
#1096 = ( NAMED_UNIT(*) PLANE_ANGLE_UNIT() SI_UNIT($,.RADIAN.) );
#1097 = ( NAMED_UNIT(*) SI_UNIT($,.STERADIAN.) SOLID_ANGLE_UNIT() );
#1098 = UNCERTAINTY_MEASURE_WITH_UNIT(LENGTH_MEASURE(1.E-07),#1095,
  'distance_accuracy_value','confusion accuracy');
#1099 = CONTEXT_DEPENDENT_SHAPE_REPRESENTATION(#1100,#1102);
#1100 = ( REPRESENTATION_RELATIONSHIP('','',#995,#10) 
REPRESENTATION_RELATIONSHIP_WITH_TRANSFORMATION(#1101) 
SHAPE_REPRESENTATION_RELATIONSHIP() );
#1101 = ITEM_DEFINED_TRANSFORMATION('','',#11,#43);
#1102 = PRODUCT_DEFINITION_SHAPE('Placement','Placement of an item',
  #1103);
#1103 = NEXT_ASSEMBLY_USAGE_OCCURRENCE('18','','',#5,#990,$);
#1104 = PRODUCT_RELATED_PRODUCT_CATEGORY('part',$,(#992));
#1105 = SHAPE_DEFINITION_REPRESENTATION(#1106,#1112);
#1106 = PRODUCT_DEFINITION_SHAPE('','',#1107);
#1107 = PRODUCT_DEFINITION('design','',#1108,#1111);
#1108 = PRODUCT_DEFINITION_FORMATION('','',#1109);
#1109 = PRODUCT('Open CASCADE STEP translator 7.8 37.9',
  'Open CASCADE STEP translator 7.8 37.9','',(#1110));
#1110 = PRODUCT_CONTEXT('',#2,'mechanical');
#1111 = PRODUCT_DEFINITION_CONTEXT('part definition',#2,'design');
#1112 = ADVANCED_BREP_SHAPE_REPRESENTATION('',(#11,#1113),#1211);
#1113 = MANIFOLD_SOLID_BREP('',#1114);
#1114 = CLOSED_SHELL('',(#1115,#1203,#1207));
#1115 = ADVANCED_FACE('',(#1116),#1129,.T.);
#1116 = FACE_BOUND('',#1117,.T.);
#1117 = EDGE_LOOP('',(#1118,#1152,#1175,#1202));
#1118 = ORIENTED_EDGE('',*,*,#1119,.F.);
#1119 = EDGE_CURVE('',#1120,#1120,#1122,.T.);
#1120 = VERTEX_POINT('',#1121);
#1121 = CARTESIAN_POINT('',(261.49847961226,13.8,72.342185283565));
#1122 = SURFACE_CURVE('',#1123,(#1128,#1140),.PCURVE_S1.);
#1123 = CIRCLE('',#1124,1.1);
#1124 = AXIS2_PLACEMENT_3D('',#1125,#1126,#1127);
#1125 = CARTESIAN_POINT('',(260.4,13.8,72.4));
#1126 = DIRECTION('',(5.248638810815E-02,-5.248638810815E-02,
    0.997241374055));
#1127 = DIRECTION('',(0.998617829333,4.336808689942E-19,
    -5.255883312276E-02));
#1128 = PCURVE('',#1129,#1134);
#1129 = CYLINDRICAL_SURFACE('',#1130,1.1);
#1130 = AXIS2_PLACEMENT_3D('',#1131,#1132,#1133);
#1131 = CARTESIAN_POINT('',(259.6,14.6,57.2));
#1132 = DIRECTION('',(5.248638810815E-02,-5.248638810815E-02,
    0.997241374055));
#1133 = DIRECTION('',(0.998617829333,0.,-5.255883312276E-02));
#1134 = DEFINITIONAL_REPRESENTATION('',(#1135),#1139);
#1135 = LINE('',#1136,#1137);
#1136 = CARTESIAN_POINT('',(0.,15.242047106606));
#1137 = VECTOR('',#1138,1.);
#1138 = DIRECTION('',(1.,0.));
#1139 = ( GEOMETRIC_REPRESENTATION_CONTEXT(2) 
PARAMETRIC_REPRESENTATION_CONTEXT() REPRESENTATION_CONTEXT('2D SPACE',''
  ) );
#1140 = PCURVE('',#1141,#1146);
#1141 = PLANE('',#1142);
#1142 = AXIS2_PLACEMENT_3D('',#1143,#1144,#1145);
#1143 = CARTESIAN_POINT('',(260.4,13.8,72.4));
#1144 = DIRECTION('',(5.248638810815E-02,-5.248638810815E-02,
    0.997241374055));
#1145 = DIRECTION('',(0.998617829333,0.,-5.255883312276E-02));
#1146 = DEFINITIONAL_REPRESENTATION('',(#1147),#1151);
#1147 = CIRCLE('',#1148,1.1);
#1148 = AXIS2_PLACEMENT_2D('',#1149,#1150);
#1149 = CARTESIAN_POINT('',(0.,0.));
#1150 = DIRECTION('',(1.,0.));
#1151 = ( GEOMETRIC_REPRESENTATION_CONTEXT(2) 
PARAMETRIC_REPRESENTATION_CONTEXT() REPRESENTATION_CONTEXT('2D SPACE',''
  ) );
#1152 = ORIENTED_EDGE('',*,*,#1153,.F.);
#1153 = EDGE_CURVE('',#1154,#1120,#1156,.T.);
#1154 = VERTEX_POINT('',#1155);
#1155 = CARTESIAN_POINT('',(260.69847961226,14.6,57.142185283565));
#1156 = SEAM_CURVE('',#1157,(#1161,#1168),.PCURVE_S1.);
#1157 = LINE('',#1158,#1159);
#1158 = CARTESIAN_POINT('',(260.69847961226,14.6,57.142185283565));
#1159 = VECTOR('',#1160,1.);
#1160 = DIRECTION('',(5.248638810815E-02,-5.248638810815E-02,
    0.997241374055));
#1161 = PCURVE('',#1129,#1162);
#1162 = DEFINITIONAL_REPRESENTATION('',(#1163),#1167);
#1163 = LINE('',#1164,#1165);
#1164 = CARTESIAN_POINT('',(6.28318530718,-0.));
#1165 = VECTOR('',#1166,1.);
#1166 = DIRECTION('',(0.,1.));
#1167 = ( GEOMETRIC_REPRESENTATION_CONTEXT(2) 
PARAMETRIC_REPRESENTATION_CONTEXT() REPRESENTATION_CONTEXT('2D SPACE',''
  ) );
#1168 = PCURVE('',#1129,#1169);
#1169 = DEFINITIONAL_REPRESENTATION('',(#1170),#1174);
#1170 = LINE('',#1171,#1172);
#1171 = CARTESIAN_POINT('',(0.,-0.));
#1172 = VECTOR('',#1173,1.);
#1173 = DIRECTION('',(0.,1.));
#1174 = ( GEOMETRIC_REPRESENTATION_CONTEXT(2) 
PARAMETRIC_REPRESENTATION_CONTEXT() REPRESENTATION_CONTEXT('2D SPACE',''
  ) );
#1175 = ORIENTED_EDGE('',*,*,#1176,.T.);
#1176 = EDGE_CURVE('',#1154,#1154,#1177,.T.);
#1177 = SURFACE_CURVE('',#1178,(#1183,#1190),.PCURVE_S1.);
#1178 = CIRCLE('',#1179,1.1);
#1179 = AXIS2_PLACEMENT_3D('',#1180,#1181,#1182);
#1180 = CARTESIAN_POINT('',(259.6,14.6,57.2));
#1181 = DIRECTION('',(5.248638810815E-02,-5.248638810815E-02,
    0.997241374055));
#1182 = DIRECTION('',(0.998617829333,4.336808689942E-19,
    -5.255883312276E-02));
#1183 = PCURVE('',#1129,#1184);
#1184 = DEFINITIONAL_REPRESENTATION('',(#1185),#1189);
#1185 = LINE('',#1186,#1187);
#1186 = CARTESIAN_POINT('',(0.,0.));
#1187 = VECTOR('',#1188,1.);
#1188 = DIRECTION('',(1.,0.));
#1189 = ( GEOMETRIC_REPRESENTATION_CONTEXT(2) 
PARAMETRIC_REPRESENTATION_CONTEXT() REPRESENTATION_CONTEXT('2D SPACE',''
  ) );
#1190 = PCURVE('',#1191,#1196);
#1191 = PLANE('',#1192);
#1192 = AXIS2_PLACEMENT_3D('',#1193,#1194,#1195);
#1193 = CARTESIAN_POINT('',(259.6,14.6,57.2));
#1194 = DIRECTION('',(5.248638810815E-02,-5.248638810815E-02,
    0.997241374055));
#1195 = DIRECTION('',(0.998617829333,0.,-5.255883312276E-02));
#1196 = DEFINITIONAL_REPRESENTATION('',(#1197),#1201);
#1197 = CIRCLE('',#1198,1.1);
#1198 = AXIS2_PLACEMENT_2D('',#1199,#1200);
#1199 = CARTESIAN_POINT('',(0.,0.));
#1200 = DIRECTION('',(1.,0.));
#1201 = ( GEOMETRIC_REPRESENTATION_CONTEXT(2) 
PARAMETRIC_REPRESENTATION_CONTEXT() REPRESENTATION_CONTEXT('2D SPACE',''
  ) );
#1202 = ORIENTED_EDGE('',*,*,#1153,.T.);
#1203 = ADVANCED_FACE('',(#1204),#1141,.T.);
#1204 = FACE_BOUND('',#1205,.T.);
#1205 = EDGE_LOOP('',(#1206));
#1206 = ORIENTED_EDGE('',*,*,#1119,.T.);
#1207 = ADVANCED_FACE('',(#1208),#1191,.F.);
#1208 = FACE_BOUND('',#1209,.T.);
#1209 = EDGE_LOOP('',(#1210));
#1210 = ORIENTED_EDGE('',*,*,#1176,.F.);
#1211 = ( GEOMETRIC_REPRESENTATION_CONTEXT(3) 
GLOBAL_UNCERTAINTY_ASSIGNED_CONTEXT((#1215)) 
GLOBAL_UNIT_ASSIGNED_CONTEXT((#1212,#1213,#1214)) REPRESENTATION_CONTEXT
('Context #1','3D Context with UNIT and UNCERTAINTY') );
#1212 = ( LENGTH_UNIT() NAMED_UNIT(*) SI_UNIT(.MILLI.,.METRE.) );
#1213 = ( NAMED_UNIT(*) PLANE_ANGLE_UNIT() SI_UNIT($,.RADIAN.) );
#1214 = ( NAMED_UNIT(*) SI_UNIT($,.STERADIAN.) SOLID_ANGLE_UNIT() );
#1215 = UNCERTAINTY_MEASURE_WITH_UNIT(LENGTH_MEASURE(2.E-06),#1212,
  'distance_accuracy_value','confusion accuracy');
#1216 = CONTEXT_DEPENDENT_SHAPE_REPRESENTATION(#1217,#1219);
#1217 = ( REPRESENTATION_RELATIONSHIP('','',#1112,#10) 
REPRESENTATION_RELATIONSHIP_WITH_TRANSFORMATION(#1218) 
SHAPE_REPRESENTATION_RELATIONSHIP() );
#1218 = ITEM_DEFINED_TRANSFORMATION('','',#11,#47);
#1219 = PRODUCT_DEFINITION_SHAPE('Placement','Placement of an item',
  #1220);
#1220 = NEXT_ASSEMBLY_USAGE_OCCURRENCE('19','','',#5,#1107,$);
#1221 = PRODUCT_RELATED_PRODUCT_CATEGORY('part',$,(#1109));
#1222 = SHAPE_DEFINITION_REPRESENTATION(#1223,#1229);
#1223 = PRODUCT_DEFINITION_SHAPE('','',#1224);
#1224 = PRODUCT_DEFINITION('design','',#1225,#1228);
#1225 = PRODUCT_DEFINITION_FORMATION('','',#1226);
#1226 = PRODUCT('Open CASCADE STEP translator 7.8 37.10',
  'Open CASCADE STEP translator 7.8 37.10','',(#1227));
#1227 = PRODUCT_CONTEXT('',#2,'mechanical');
#1228 = PRODUCT_DEFINITION_CONTEXT('part definition',#2,'design');
#1229 = ADVANCED_BREP_SHAPE_REPRESENTATION('',(#11,#1230),#1328);
#1230 = MANIFOLD_SOLID_BREP('',#1231);
#1231 = CLOSED_SHELL('',(#1232,#1320,#1324));
#1232 = ADVANCED_FACE('',(#1233),#1246,.T.);
#1233 = FACE_BOUND('',#1234,.T.);
#1234 = EDGE_LOOP('',(#1235,#1269,#1292,#1319));
#1235 = ORIENTED_EDGE('',*,*,#1236,.F.);
#1236 = EDGE_CURVE('',#1237,#1237,#1239,.T.);
#1237 = VERTEX_POINT('',#1238);
#1238 = CARTESIAN_POINT('',(260.4,6.577817459305,81.177817459305));
#1239 = SURFACE_CURVE('',#1240,(#1245,#1257),.PCURVE_S1.);
#1240 = CIRCLE('',#1241,1.1);
#1241 = AXIS2_PLACEMENT_3D('',#1242,#1243,#1244);
#1242 = CARTESIAN_POINT('',(260.4,5.8,80.4));
#1243 = DIRECTION('',(0.,-0.707106781187,0.707106781187));
#1244 = DIRECTION('',(0.,0.707106781187,0.707106781187));
#1245 = PCURVE('',#1246,#1251);
#1246 = CYLINDRICAL_SURFACE('',#1247,1.1);
#1247 = AXIS2_PLACEMENT_3D('',#1248,#1249,#1250);
#1248 = CARTESIAN_POINT('',(260.4,13.8,72.4));
#1249 = DIRECTION('',(0.,-0.707106781187,0.707106781187));
#1250 = DIRECTION('',(0.,0.707106781187,0.707106781187));
#1251 = DEFINITIONAL_REPRESENTATION('',(#1252),#1256);
#1252 = LINE('',#1253,#1254);
#1253 = CARTESIAN_POINT('',(0.,11.313708498985));
#1254 = VECTOR('',#1255,1.);
#1255 = DIRECTION('',(1.,0.));
#1256 = ( GEOMETRIC_REPRESENTATION_CONTEXT(2) 
PARAMETRIC_REPRESENTATION_CONTEXT() REPRESENTATION_CONTEXT('2D SPACE',''
  ) );
#1257 = PCURVE('',#1258,#1263);
#1258 = PLANE('',#1259);
#1259 = AXIS2_PLACEMENT_3D('',#1260,#1261,#1262);
#1260 = CARTESIAN_POINT('',(260.4,5.8,80.4));
#1261 = DIRECTION('',(0.,-0.707106781187,0.707106781187));
#1262 = DIRECTION('',(0.,0.707106781187,0.707106781187));
#1263 = DEFINITIONAL_REPRESENTATION('',(#1264),#1268);
#1264 = CIRCLE('',#1265,1.1);
#1265 = AXIS2_PLACEMENT_2D('',#1266,#1267);
#1266 = CARTESIAN_POINT('',(0.,0.));
#1267 = DIRECTION('',(1.,0.));
#1268 = ( GEOMETRIC_REPRESENTATION_CONTEXT(2) 
PARAMETRIC_REPRESENTATION_CONTEXT() REPRESENTATION_CONTEXT('2D SPACE',''
  ) );
#1269 = ORIENTED_EDGE('',*,*,#1270,.F.);
#1270 = EDGE_CURVE('',#1271,#1237,#1273,.T.);
#1271 = VERTEX_POINT('',#1272);
#1272 = CARTESIAN_POINT('',(260.4,14.577817459305,73.177817459305));
#1273 = SEAM_CURVE('',#1274,(#1278,#1285),.PCURVE_S1.);
#1274 = LINE('',#1275,#1276);
#1275 = CARTESIAN_POINT('',(260.4,14.577817459305,73.177817459305));
#1276 = VECTOR('',#1277,1.);
#1277 = DIRECTION('',(0.,-0.707106781187,0.707106781187));
#1278 = PCURVE('',#1246,#1279);
#1279 = DEFINITIONAL_REPRESENTATION('',(#1280),#1284);
#1280 = LINE('',#1281,#1282);
#1281 = CARTESIAN_POINT('',(6.28318530718,-0.));
#1282 = VECTOR('',#1283,1.);
#1283 = DIRECTION('',(0.,1.));
#1284 = ( GEOMETRIC_REPRESENTATION_CONTEXT(2) 
PARAMETRIC_REPRESENTATION_CONTEXT() REPRESENTATION_CONTEXT('2D SPACE',''
  ) );
#1285 = PCURVE('',#1246,#1286);
#1286 = DEFINITIONAL_REPRESENTATION('',(#1287),#1291);
#1287 = LINE('',#1288,#1289);
#1288 = CARTESIAN_POINT('',(0.,-0.));
#1289 = VECTOR('',#1290,1.);
#1290 = DIRECTION('',(0.,1.));
#1291 = ( GEOMETRIC_REPRESENTATION_CONTEXT(2) 
PARAMETRIC_REPRESENTATION_CONTEXT() REPRESENTATION_CONTEXT('2D SPACE',''
  ) );
#1292 = ORIENTED_EDGE('',*,*,#1293,.T.);
#1293 = EDGE_CURVE('',#1271,#1271,#1294,.T.);
#1294 = SURFACE_CURVE('',#1295,(#1300,#1307),.PCURVE_S1.);
#1295 = CIRCLE('',#1296,1.1);
#1296 = AXIS2_PLACEMENT_3D('',#1297,#1298,#1299);
#1297 = CARTESIAN_POINT('',(260.4,13.8,72.4));
#1298 = DIRECTION('',(0.,-0.707106781187,0.707106781187));
#1299 = DIRECTION('',(0.,0.707106781187,0.707106781187));
#1300 = PCURVE('',#1246,#1301);
#1301 = DEFINITIONAL_REPRESENTATION('',(#1302),#1306);
#1302 = LINE('',#1303,#1304);
#1303 = CARTESIAN_POINT('',(0.,0.));
#1304 = VECTOR('',#1305,1.);
#1305 = DIRECTION('',(1.,0.));
#1306 = ( GEOMETRIC_REPRESENTATION_CONTEXT(2) 
PARAMETRIC_REPRESENTATION_CONTEXT() REPRESENTATION_CONTEXT('2D SPACE',''
  ) );
#1307 = PCURVE('',#1308,#1313);
#1308 = PLANE('',#1309);
#1309 = AXIS2_PLACEMENT_3D('',#1310,#1311,#1312);
#1310 = CARTESIAN_POINT('',(260.4,13.8,72.4));
#1311 = DIRECTION('',(0.,-0.707106781187,0.707106781187));
#1312 = DIRECTION('',(0.,0.707106781187,0.707106781187));
#1313 = DEFINITIONAL_REPRESENTATION('',(#1314),#1318);
#1314 = CIRCLE('',#1315,1.1);
#1315 = AXIS2_PLACEMENT_2D('',#1316,#1317);
#1316 = CARTESIAN_POINT('',(0.,0.));
#1317 = DIRECTION('',(1.,0.));
#1318 = ( GEOMETRIC_REPRESENTATION_CONTEXT(2) 
PARAMETRIC_REPRESENTATION_CONTEXT() REPRESENTATION_CONTEXT('2D SPACE',''
  ) );
#1319 = ORIENTED_EDGE('',*,*,#1270,.T.);
#1320 = ADVANCED_FACE('',(#1321),#1258,.T.);
#1321 = FACE_BOUND('',#1322,.T.);
#1322 = EDGE_LOOP('',(#1323));
#1323 = ORIENTED_EDGE('',*,*,#1236,.T.);
#1324 = ADVANCED_FACE('',(#1325),#1308,.F.);
#1325 = FACE_BOUND('',#1326,.T.);
#1326 = EDGE_LOOP('',(#1327));
#1327 = ORIENTED_EDGE('',*,*,#1293,.F.);
#1328 = ( GEOMETRIC_REPRESENTATION_CONTEXT(3) 
GLOBAL_UNCERTAINTY_ASSIGNED_CONTEXT((#1332)) 
GLOBAL_UNIT_ASSIGNED_CONTEXT((#1329,#1330,#1331)) REPRESENTATION_CONTEXT
('Context #1','3D Context with UNIT and UNCERTAINTY') );
#1329 = ( LENGTH_UNIT() NAMED_UNIT(*) SI_UNIT(.MILLI.,.METRE.) );
#1330 = ( NAMED_UNIT(*) PLANE_ANGLE_UNIT() SI_UNIT($,.RADIAN.) );
#1331 = ( NAMED_UNIT(*) SI_UNIT($,.STERADIAN.) SOLID_ANGLE_UNIT() );
#1332 = UNCERTAINTY_MEASURE_WITH_UNIT(LENGTH_MEASURE(1.E-07),#1329,
  'distance_accuracy_value','confusion accuracy');
#1333 = CONTEXT_DEPENDENT_SHAPE_REPRESENTATION(#1334,#1336);
#1334 = ( REPRESENTATION_RELATIONSHIP('','',#1229,#10) 
REPRESENTATION_RELATIONSHIP_WITH_TRANSFORMATION(#1335) 
SHAPE_REPRESENTATION_RELATIONSHIP() );
#1335 = ITEM_DEFINED_TRANSFORMATION('','',#11,#51);
#1336 = PRODUCT_DEFINITION_SHAPE('Placement','Placement of an item',
  #1337);
#1337 = NEXT_ASSEMBLY_USAGE_OCCURRENCE('20','','',#5,#1224,$);
#1338 = PRODUCT_RELATED_PRODUCT_CATEGORY('part',$,(#1226));
#1339 = SHAPE_DEFINITION_REPRESENTATION(#1340,#1346);
#1340 = PRODUCT_DEFINITION_SHAPE('','',#1341);
#1341 = PRODUCT_DEFINITION('design','',#1342,#1345);
#1342 = PRODUCT_DEFINITION_FORMATION('','',#1343);
#1343 = PRODUCT('Open CASCADE STEP translator 7.8 37.11',
  'Open CASCADE STEP translator 7.8 37.11','',(#1344));
#1344 = PRODUCT_CONTEXT('',#2,'mechanical');
#1345 = PRODUCT_DEFINITION_CONTEXT('part definition',#2,'design');
#1346 = ADVANCED_BREP_SHAPE_REPRESENTATION('',(#11,#1347),#1445);
#1347 = MANIFOLD_SOLID_BREP('',#1348);
#1348 = CLOSED_SHELL('',(#1349,#1437,#1441));
#1349 = ADVANCED_FACE('',(#1350),#1363,.T.);
#1350 = FACE_BOUND('',#1351,.T.);
#1351 = EDGE_LOOP('',(#1352,#1386,#1409,#1436));
#1352 = ORIENTED_EDGE('',*,*,#1353,.F.);
#1353 = EDGE_CURVE('',#1354,#1354,#1356,.T.);
#1354 = VERTEX_POINT('',#1355);
#1355 = CARTESIAN_POINT('',(262.,4.977817459305,82.777817459305));
#1356 = SURFACE_CURVE('',#1357,(#1362,#1374),.PCURVE_S1.);
#1357 = CIRCLE('',#1358,1.1);
#1358 = AXIS2_PLACEMENT_3D('',#1359,#1360,#1361);
#1359 = CARTESIAN_POINT('',(262.,4.2,82.));
#1360 = DIRECTION('',(0.57735026919,-0.57735026919,0.57735026919));
#1361 = DIRECTION('',(0.,0.707106781187,0.707106781187));
#1362 = PCURVE('',#1363,#1368);
#1363 = CYLINDRICAL_SURFACE('',#1364,1.1);
#1364 = AXIS2_PLACEMENT_3D('',#1365,#1366,#1367);
#1365 = CARTESIAN_POINT('',(260.4,5.8,80.4));
#1366 = DIRECTION('',(0.57735026919,-0.57735026919,0.57735026919));
#1367 = DIRECTION('',(0.,0.707106781187,0.707106781187));
#1368 = DEFINITIONAL_REPRESENTATION('',(#1369),#1373);
#1369 = LINE('',#1370,#1371);
#1370 = CARTESIAN_POINT('',(0.,2.77128129211));
#1371 = VECTOR('',#1372,1.);
#1372 = DIRECTION('',(1.,0.));
#1373 = ( GEOMETRIC_REPRESENTATION_CONTEXT(2) 
PARAMETRIC_REPRESENTATION_CONTEXT() REPRESENTATION_CONTEXT('2D SPACE',''
  ) );
#1374 = PCURVE('',#1375,#1380);
#1375 = PLANE('',#1376);
#1376 = AXIS2_PLACEMENT_3D('',#1377,#1378,#1379);
#1377 = CARTESIAN_POINT('',(262.,4.2,82.));
#1378 = DIRECTION('',(0.57735026919,-0.57735026919,0.57735026919));
#1379 = DIRECTION('',(0.,0.707106781187,0.707106781187));
#1380 = DEFINITIONAL_REPRESENTATION('',(#1381),#1385);
#1381 = CIRCLE('',#1382,1.1);
#1382 = AXIS2_PLACEMENT_2D('',#1383,#1384);
#1383 = CARTESIAN_POINT('',(0.,0.));
#1384 = DIRECTION('',(1.,0.));
#1385 = ( GEOMETRIC_REPRESENTATION_CONTEXT(2) 
PARAMETRIC_REPRESENTATION_CONTEXT() REPRESENTATION_CONTEXT('2D SPACE',''
  ) );
#1386 = ORIENTED_EDGE('',*,*,#1387,.F.);
#1387 = EDGE_CURVE('',#1388,#1354,#1390,.T.);
#1388 = VERTEX_POINT('',#1389);
#1389 = CARTESIAN_POINT('',(260.4,6.577817459305,81.177817459305));
#1390 = SEAM_CURVE('',#1391,(#1395,#1402),.PCURVE_S1.);
#1391 = LINE('',#1392,#1393);
#1392 = CARTESIAN_POINT('',(260.4,6.577817459305,81.177817459305));
#1393 = VECTOR('',#1394,1.);
#1394 = DIRECTION('',(0.57735026919,-0.57735026919,0.57735026919));
#1395 = PCURVE('',#1363,#1396);
#1396 = DEFINITIONAL_REPRESENTATION('',(#1397),#1401);
#1397 = LINE('',#1398,#1399);
#1398 = CARTESIAN_POINT('',(6.28318530718,-0.));
#1399 = VECTOR('',#1400,1.);
#1400 = DIRECTION('',(0.,1.));
#1401 = ( GEOMETRIC_REPRESENTATION_CONTEXT(2) 
PARAMETRIC_REPRESENTATION_CONTEXT() REPRESENTATION_CONTEXT('2D SPACE',''
  ) );
#1402 = PCURVE('',#1363,#1403);
#1403 = DEFINITIONAL_REPRESENTATION('',(#1404),#1408);
#1404 = LINE('',#1405,#1406);
#1405 = CARTESIAN_POINT('',(0.,-0.));
#1406 = VECTOR('',#1407,1.);
#1407 = DIRECTION('',(0.,1.));
#1408 = ( GEOMETRIC_REPRESENTATION_CONTEXT(2) 
PARAMETRIC_REPRESENTATION_CONTEXT() REPRESENTATION_CONTEXT('2D SPACE',''
  ) );
#1409 = ORIENTED_EDGE('',*,*,#1410,.T.);
#1410 = EDGE_CURVE('',#1388,#1388,#1411,.T.);
#1411 = SURFACE_CURVE('',#1412,(#1417,#1424),.PCURVE_S1.);
#1412 = CIRCLE('',#1413,1.1);
#1413 = AXIS2_PLACEMENT_3D('',#1414,#1415,#1416);
#1414 = CARTESIAN_POINT('',(260.4,5.8,80.4));
#1415 = DIRECTION('',(0.57735026919,-0.57735026919,0.57735026919));
#1416 = DIRECTION('',(0.,0.707106781187,0.707106781187));
#1417 = PCURVE('',#1363,#1418);
#1418 = DEFINITIONAL_REPRESENTATION('',(#1419),#1423);
#1419 = LINE('',#1420,#1421);
#1420 = CARTESIAN_POINT('',(0.,0.));
#1421 = VECTOR('',#1422,1.);
#1422 = DIRECTION('',(1.,0.));
#1423 = ( GEOMETRIC_REPRESENTATION_CONTEXT(2) 
PARAMETRIC_REPRESENTATION_CONTEXT() REPRESENTATION_CONTEXT('2D SPACE',''
  ) );
#1424 = PCURVE('',#1425,#1430);
#1425 = PLANE('',#1426);
#1426 = AXIS2_PLACEMENT_3D('',#1427,#1428,#1429);
#1427 = CARTESIAN_POINT('',(260.4,5.8,80.4));
#1428 = DIRECTION('',(0.57735026919,-0.57735026919,0.57735026919));
#1429 = DIRECTION('',(0.,0.707106781187,0.707106781187));
#1430 = DEFINITIONAL_REPRESENTATION('',(#1431),#1435);
#1431 = CIRCLE('',#1432,1.1);
#1432 = AXIS2_PLACEMENT_2D('',#1433,#1434);
#1433 = CARTESIAN_POINT('',(0.,0.));
#1434 = DIRECTION('',(1.,0.));
#1435 = ( GEOMETRIC_REPRESENTATION_CONTEXT(2) 
PARAMETRIC_REPRESENTATION_CONTEXT() REPRESENTATION_CONTEXT('2D SPACE',''
  ) );
#1436 = ORIENTED_EDGE('',*,*,#1387,.T.);
#1437 = ADVANCED_FACE('',(#1438),#1375,.T.);
#1438 = FACE_BOUND('',#1439,.T.);
#1439 = EDGE_LOOP('',(#1440));
#1440 = ORIENTED_EDGE('',*,*,#1353,.T.);
#1441 = ADVANCED_FACE('',(#1442),#1425,.F.);
#1442 = FACE_BOUND('',#1443,.T.);
#1443 = EDGE_LOOP('',(#1444));
#1444 = ORIENTED_EDGE('',*,*,#1410,.F.);
#1445 = ( GEOMETRIC_REPRESENTATION_CONTEXT(3) 
GLOBAL_UNCERTAINTY_ASSIGNED_CONTEXT((#1449)) 
GLOBAL_UNIT_ASSIGNED_CONTEXT((#1446,#1447,#1448)) REPRESENTATION_CONTEXT
('Context #1','3D Context with UNIT and UNCERTAINTY') );
#1446 = ( LENGTH_UNIT() NAMED_UNIT(*) SI_UNIT(.MILLI.,.METRE.) );
#1447 = ( NAMED_UNIT(*) PLANE_ANGLE_UNIT() SI_UNIT($,.RADIAN.) );
#1448 = ( NAMED_UNIT(*) SI_UNIT($,.STERADIAN.) SOLID_ANGLE_UNIT() );
#1449 = UNCERTAINTY_MEASURE_WITH_UNIT(LENGTH_MEASURE(5.E-07),#1446,
  'distance_accuracy_value','confusion accuracy');
#1450 = CONTEXT_DEPENDENT_SHAPE_REPRESENTATION(#1451,#1453);
#1451 = ( REPRESENTATION_RELATIONSHIP('','',#1346,#10) 
REPRESENTATION_RELATIONSHIP_WITH_TRANSFORMATION(#1452) 
SHAPE_REPRESENTATION_RELATIONSHIP() );
#1452 = ITEM_DEFINED_TRANSFORMATION('','',#11,#55);
#1453 = PRODUCT_DEFINITION_SHAPE('Placement','Placement of an item',
  #1454);
#1454 = NEXT_ASSEMBLY_USAGE_OCCURRENCE('21','','',#5,#1341,$);
#1455 = PRODUCT_RELATED_PRODUCT_CATEGORY('part',$,(#1343));
#1456 = SHAPE_DEFINITION_REPRESENTATION(#1457,#1463);
#1457 = PRODUCT_DEFINITION_SHAPE('','',#1458);
#1458 = PRODUCT_DEFINITION('design','',#1459,#1462);
#1459 = PRODUCT_DEFINITION_FORMATION('','',#1460);
#1460 = PRODUCT('Open CASCADE STEP translator 7.8 37.12',
  'Open CASCADE STEP translator 7.8 37.12','',(#1461));
#1461 = PRODUCT_CONTEXT('',#2,'mechanical');
#1462 = PRODUCT_DEFINITION_CONTEXT('part definition',#2,'design');
#1463 = ADVANCED_BREP_SHAPE_REPRESENTATION('',(#11,#1464),#1562);
#1464 = MANIFOLD_SOLID_BREP('',#1465);
#1465 = CLOSED_SHELL('',(#1466,#1554,#1558));
#1466 = ADVANCED_FACE('',(#1467),#1480,.T.);
#1467 = FACE_BOUND('',#1468,.T.);
#1468 = EDGE_LOOP('',(#1469,#1503,#1526,#1553));
#1469 = ORIENTED_EDGE('',*,*,#1470,.F.);
#1470 = EDGE_CURVE('',#1471,#1471,#1473,.T.);
#1471 = VERTEX_POINT('',#1472);
#1472 = CARTESIAN_POINT('',(262.,1.822182540695,82.822182540695));
#1473 = SURFACE_CURVE('',#1474,(#1479,#1491),.PCURVE_S1.);
#1474 = CIRCLE('',#1475,1.1);
#1475 = AXIS2_PLACEMENT_3D('',#1476,#1477,#1478);
#1476 = CARTESIAN_POINT('',(262.,2.6,83.6));
#1477 = DIRECTION('',(0.,-0.707106781187,0.707106781187));
#1478 = DIRECTION('',(0.,-0.707106781187,-0.707106781187));
#1479 = PCURVE('',#1480,#1485);
#1480 = CYLINDRICAL_SURFACE('',#1481,1.1);
#1481 = AXIS2_PLACEMENT_3D('',#1482,#1483,#1484);
#1482 = CARTESIAN_POINT('',(262.,4.2,82.));
#1483 = DIRECTION('',(0.,-0.707106781187,0.707106781187));
#1484 = DIRECTION('',(0.,-0.707106781187,-0.707106781187));
#1485 = DEFINITIONAL_REPRESENTATION('',(#1486),#1490);
#1486 = LINE('',#1487,#1488);
#1487 = CARTESIAN_POINT('',(0.,2.262741699797));
#1488 = VECTOR('',#1489,1.);
#1489 = DIRECTION('',(1.,0.));
#1490 = ( GEOMETRIC_REPRESENTATION_CONTEXT(2) 
PARAMETRIC_REPRESENTATION_CONTEXT() REPRESENTATION_CONTEXT('2D SPACE',''
  ) );
#1491 = PCURVE('',#1492,#1497);
#1492 = PLANE('',#1493);
#1493 = AXIS2_PLACEMENT_3D('',#1494,#1495,#1496);
#1494 = CARTESIAN_POINT('',(262.,2.6,83.6));
#1495 = DIRECTION('',(0.,-0.707106781187,0.707106781187));
#1496 = DIRECTION('',(0.,-0.707106781187,-0.707106781187));
#1497 = DEFINITIONAL_REPRESENTATION('',(#1498),#1502);
#1498 = CIRCLE('',#1499,1.1);
#1499 = AXIS2_PLACEMENT_2D('',#1500,#1501);
#1500 = CARTESIAN_POINT('',(0.,0.));
#1501 = DIRECTION('',(1.,0.));
#1502 = ( GEOMETRIC_REPRESENTATION_CONTEXT(2) 
PARAMETRIC_REPRESENTATION_CONTEXT() REPRESENTATION_CONTEXT('2D SPACE',''
  ) );
#1503 = ORIENTED_EDGE('',*,*,#1504,.F.);
#1504 = EDGE_CURVE('',#1505,#1471,#1507,.T.);
#1505 = VERTEX_POINT('',#1506);
#1506 = CARTESIAN_POINT('',(262.,3.422182540695,81.222182540695));
#1507 = SEAM_CURVE('',#1508,(#1512,#1519),.PCURVE_S1.);
#1508 = LINE('',#1509,#1510);
#1509 = CARTESIAN_POINT('',(262.,3.422182540695,81.222182540695));
#1510 = VECTOR('',#1511,1.);
#1511 = DIRECTION('',(0.,-0.707106781187,0.707106781187));
#1512 = PCURVE('',#1480,#1513);
#1513 = DEFINITIONAL_REPRESENTATION('',(#1514),#1518);
#1514 = LINE('',#1515,#1516);
#1515 = CARTESIAN_POINT('',(6.28318530718,-0.));
#1516 = VECTOR('',#1517,1.);
#1517 = DIRECTION('',(0.,1.));
#1518 = ( GEOMETRIC_REPRESENTATION_CONTEXT(2) 
PARAMETRIC_REPRESENTATION_CONTEXT() REPRESENTATION_CONTEXT('2D SPACE',''
  ) );
#1519 = PCURVE('',#1480,#1520);
#1520 = DEFINITIONAL_REPRESENTATION('',(#1521),#1525);
#1521 = LINE('',#1522,#1523);
#1522 = CARTESIAN_POINT('',(0.,-0.));
#1523 = VECTOR('',#1524,1.);
#1524 = DIRECTION('',(0.,1.));
#1525 = ( GEOMETRIC_REPRESENTATION_CONTEXT(2) 
PARAMETRIC_REPRESENTATION_CONTEXT() REPRESENTATION_CONTEXT('2D SPACE',''
  ) );
#1526 = ORIENTED_EDGE('',*,*,#1527,.T.);
#1527 = EDGE_CURVE('',#1505,#1505,#1528,.T.);
#1528 = SURFACE_CURVE('',#1529,(#1534,#1541),.PCURVE_S1.);
#1529 = CIRCLE('',#1530,1.1);
#1530 = AXIS2_PLACEMENT_3D('',#1531,#1532,#1533);
#1531 = CARTESIAN_POINT('',(262.,4.2,82.));
#1532 = DIRECTION('',(0.,-0.707106781187,0.707106781187));
#1533 = DIRECTION('',(0.,-0.707106781187,-0.707106781187));
#1534 = PCURVE('',#1480,#1535);
#1535 = DEFINITIONAL_REPRESENTATION('',(#1536),#1540);
#1536 = LINE('',#1537,#1538);
#1537 = CARTESIAN_POINT('',(0.,0.));
#1538 = VECTOR('',#1539,1.);
#1539 = DIRECTION('',(1.,0.));
#1540 = ( GEOMETRIC_REPRESENTATION_CONTEXT(2) 
PARAMETRIC_REPRESENTATION_CONTEXT() REPRESENTATION_CONTEXT('2D SPACE',''
  ) );
#1541 = PCURVE('',#1542,#1547);
#1542 = PLANE('',#1543);
#1543 = AXIS2_PLACEMENT_3D('',#1544,#1545,#1546);
#1544 = CARTESIAN_POINT('',(262.,4.2,82.));
#1545 = DIRECTION('',(0.,-0.707106781187,0.707106781187));
#1546 = DIRECTION('',(0.,-0.707106781187,-0.707106781187));
#1547 = DEFINITIONAL_REPRESENTATION('',(#1548),#1552);
#1548 = CIRCLE('',#1549,1.1);
#1549 = AXIS2_PLACEMENT_2D('',#1550,#1551);
#1550 = CARTESIAN_POINT('',(0.,0.));
#1551 = DIRECTION('',(1.,0.));
#1552 = ( GEOMETRIC_REPRESENTATION_CONTEXT(2) 
PARAMETRIC_REPRESENTATION_CONTEXT() REPRESENTATION_CONTEXT('2D SPACE',''
  ) );
#1553 = ORIENTED_EDGE('',*,*,#1504,.T.);
#1554 = ADVANCED_FACE('',(#1555),#1492,.T.);
#1555 = FACE_BOUND('',#1556,.T.);
#1556 = EDGE_LOOP('',(#1557));
#1557 = ORIENTED_EDGE('',*,*,#1470,.T.);
#1558 = ADVANCED_FACE('',(#1559),#1542,.F.);
#1559 = FACE_BOUND('',#1560,.T.);
#1560 = EDGE_LOOP('',(#1561));
#1561 = ORIENTED_EDGE('',*,*,#1527,.F.);
#1562 = ( GEOMETRIC_REPRESENTATION_CONTEXT(3) 
GLOBAL_UNCERTAINTY_ASSIGNED_CONTEXT((#1566)) 
GLOBAL_UNIT_ASSIGNED_CONTEXT((#1563,#1564,#1565)) REPRESENTATION_CONTEXT
('Context #1','3D Context with UNIT and UNCERTAINTY') );
#1563 = ( LENGTH_UNIT() NAMED_UNIT(*) SI_UNIT(.MILLI.,.METRE.) );
#1564 = ( NAMED_UNIT(*) PLANE_ANGLE_UNIT() SI_UNIT($,.RADIAN.) );
#1565 = ( NAMED_UNIT(*) SI_UNIT($,.STERADIAN.) SOLID_ANGLE_UNIT() );
#1566 = UNCERTAINTY_MEASURE_WITH_UNIT(LENGTH_MEASURE(1.E-06),#1563,
  'distance_accuracy_value','confusion accuracy');
#1567 = CONTEXT_DEPENDENT_SHAPE_REPRESENTATION(#1568,#1570);
#1568 = ( REPRESENTATION_RELATIONSHIP('','',#1463,#10) 
REPRESENTATION_RELATIONSHIP_WITH_TRANSFORMATION(#1569) 
SHAPE_REPRESENTATION_RELATIONSHIP() );
#1569 = ITEM_DEFINED_TRANSFORMATION('','',#11,#59);
#1570 = PRODUCT_DEFINITION_SHAPE('Placement','Placement of an item',
  #1571);
#1571 = NEXT_ASSEMBLY_USAGE_OCCURRENCE('22','','',#5,#1458,$);
#1572 = PRODUCT_RELATED_PRODUCT_CATEGORY('part',$,(#1460));
#1573 = SHAPE_DEFINITION_REPRESENTATION(#1574,#1580);
#1574 = PRODUCT_DEFINITION_SHAPE('','',#1575);
#1575 = PRODUCT_DEFINITION('design','',#1576,#1579);
#1576 = PRODUCT_DEFINITION_FORMATION('','',#1577);
#1577 = PRODUCT('Open CASCADE STEP translator 7.8 37.13',
  'Open CASCADE STEP translator 7.8 37.13','',(#1578));
#1578 = PRODUCT_CONTEXT('',#2,'mechanical');
#1579 = PRODUCT_DEFINITION_CONTEXT('part definition',#2,'design');
#1580 = ADVANCED_BREP_SHAPE_REPRESENTATION('',(#11,#1581),#1679);
#1581 = MANIFOLD_SOLID_BREP('',#1582);
#1582 = CLOSED_SHELL('',(#1583,#1671,#1675));
#1583 = ADVANCED_FACE('',(#1584),#1597,.T.);
#1584 = FACE_BOUND('',#1585,.T.);
#1585 = EDGE_LOOP('',(#1586,#1620,#1643,#1670));
#1586 = ORIENTED_EDGE('',*,*,#1587,.F.);
#1587 = EDGE_CURVE('',#1588,#1588,#1590,.T.);
#1588 = VERTEX_POINT('',#1589);
#1589 = CARTESIAN_POINT('',(264.3778174593,1.777817459305,83.6));
#1590 = SURFACE_CURVE('',#1591,(#1596,#1608),.PCURVE_S1.);
#1591 = CIRCLE('',#1592,1.1);
#1592 = AXIS2_PLACEMENT_3D('',#1593,#1594,#1595);
#1593 = CARTESIAN_POINT('',(263.6,1.,83.6));
#1594 = DIRECTION('',(0.707106781187,-0.707106781187,0.));
#1595 = DIRECTION('',(0.707106781187,0.707106781187,0.));
#1596 = PCURVE('',#1597,#1602);
#1597 = CYLINDRICAL_SURFACE('',#1598,1.1);
#1598 = AXIS2_PLACEMENT_3D('',#1599,#1600,#1601);
#1599 = CARTESIAN_POINT('',(262.,2.6,83.6));
#1600 = DIRECTION('',(0.707106781187,-0.707106781187,0.));
#1601 = DIRECTION('',(0.707106781187,0.707106781187,0.));
#1602 = DEFINITIONAL_REPRESENTATION('',(#1603),#1607);
#1603 = LINE('',#1604,#1605);
#1604 = CARTESIAN_POINT('',(0.,2.262741699797));
#1605 = VECTOR('',#1606,1.);
#1606 = DIRECTION('',(1.,0.));
#1607 = ( GEOMETRIC_REPRESENTATION_CONTEXT(2) 
PARAMETRIC_REPRESENTATION_CONTEXT() REPRESENTATION_CONTEXT('2D SPACE',''
  ) );
#1608 = PCURVE('',#1609,#1614);
#1609 = PLANE('',#1610);
#1610 = AXIS2_PLACEMENT_3D('',#1611,#1612,#1613);
#1611 = CARTESIAN_POINT('',(263.6,1.,83.6));
#1612 = DIRECTION('',(0.707106781187,-0.707106781187,0.));
#1613 = DIRECTION('',(0.707106781187,0.707106781187,0.));
#1614 = DEFINITIONAL_REPRESENTATION('',(#1615),#1619);
#1615 = CIRCLE('',#1616,1.1);
#1616 = AXIS2_PLACEMENT_2D('',#1617,#1618);
#1617 = CARTESIAN_POINT('',(0.,0.));
#1618 = DIRECTION('',(1.,0.));
#1619 = ( GEOMETRIC_REPRESENTATION_CONTEXT(2) 
PARAMETRIC_REPRESENTATION_CONTEXT() REPRESENTATION_CONTEXT('2D SPACE',''
  ) );
#1620 = ORIENTED_EDGE('',*,*,#1621,.F.);
#1621 = EDGE_CURVE('',#1622,#1588,#1624,.T.);
#1622 = VERTEX_POINT('',#1623);
#1623 = CARTESIAN_POINT('',(262.7778174593,3.377817459305,83.6));
#1624 = SEAM_CURVE('',#1625,(#1629,#1636),.PCURVE_S1.);
#1625 = LINE('',#1626,#1627);
#1626 = CARTESIAN_POINT('',(262.7778174593,3.377817459305,83.6));
#1627 = VECTOR('',#1628,1.);
#1628 = DIRECTION('',(0.707106781187,-0.707106781187,0.));
#1629 = PCURVE('',#1597,#1630);
#1630 = DEFINITIONAL_REPRESENTATION('',(#1631),#1635);
#1631 = LINE('',#1632,#1633);
#1632 = CARTESIAN_POINT('',(6.28318530718,-0.));
#1633 = VECTOR('',#1634,1.);
#1634 = DIRECTION('',(0.,1.));
#1635 = ( GEOMETRIC_REPRESENTATION_CONTEXT(2) 
PARAMETRIC_REPRESENTATION_CONTEXT() REPRESENTATION_CONTEXT('2D SPACE',''
  ) );
#1636 = PCURVE('',#1597,#1637);
#1637 = DEFINITIONAL_REPRESENTATION('',(#1638),#1642);
#1638 = LINE('',#1639,#1640);
#1639 = CARTESIAN_POINT('',(0.,-0.));
#1640 = VECTOR('',#1641,1.);
#1641 = DIRECTION('',(0.,1.));
#1642 = ( GEOMETRIC_REPRESENTATION_CONTEXT(2) 
PARAMETRIC_REPRESENTATION_CONTEXT() REPRESENTATION_CONTEXT('2D SPACE',''
  ) );
#1643 = ORIENTED_EDGE('',*,*,#1644,.T.);
#1644 = EDGE_CURVE('',#1622,#1622,#1645,.T.);
#1645 = SURFACE_CURVE('',#1646,(#1651,#1658),.PCURVE_S1.);
#1646 = CIRCLE('',#1647,1.1);
#1647 = AXIS2_PLACEMENT_3D('',#1648,#1649,#1650);
#1648 = CARTESIAN_POINT('',(262.,2.6,83.6));
#1649 = DIRECTION('',(0.707106781187,-0.707106781187,0.));
#1650 = DIRECTION('',(0.707106781187,0.707106781187,0.));
#1651 = PCURVE('',#1597,#1652);
#1652 = DEFINITIONAL_REPRESENTATION('',(#1653),#1657);
#1653 = LINE('',#1654,#1655);
#1654 = CARTESIAN_POINT('',(0.,0.));
#1655 = VECTOR('',#1656,1.);
#1656 = DIRECTION('',(1.,0.));
#1657 = ( GEOMETRIC_REPRESENTATION_CONTEXT(2) 
PARAMETRIC_REPRESENTATION_CONTEXT() REPRESENTATION_CONTEXT('2D SPACE',''
  ) );
#1658 = PCURVE('',#1659,#1664);
#1659 = PLANE('',#1660);
#1660 = AXIS2_PLACEMENT_3D('',#1661,#1662,#1663);
#1661 = CARTESIAN_POINT('',(262.,2.6,83.6));
#1662 = DIRECTION('',(0.707106781187,-0.707106781187,0.));
#1663 = DIRECTION('',(0.707106781187,0.707106781187,0.));
#1664 = DEFINITIONAL_REPRESENTATION('',(#1665),#1669);
#1665 = CIRCLE('',#1666,1.1);
#1666 = AXIS2_PLACEMENT_2D('',#1667,#1668);
#1667 = CARTESIAN_POINT('',(0.,0.));
#1668 = DIRECTION('',(1.,0.));
#1669 = ( GEOMETRIC_REPRESENTATION_CONTEXT(2) 
PARAMETRIC_REPRESENTATION_CONTEXT() REPRESENTATION_CONTEXT('2D SPACE',''
  ) );
#1670 = ORIENTED_EDGE('',*,*,#1621,.T.);
#1671 = ADVANCED_FACE('',(#1672),#1609,.T.);
#1672 = FACE_BOUND('',#1673,.T.);
#1673 = EDGE_LOOP('',(#1674));
#1674 = ORIENTED_EDGE('',*,*,#1587,.T.);
#1675 = ADVANCED_FACE('',(#1676),#1659,.F.);
#1676 = FACE_BOUND('',#1677,.T.);
#1677 = EDGE_LOOP('',(#1678));
#1678 = ORIENTED_EDGE('',*,*,#1644,.F.);
#1679 = ( GEOMETRIC_REPRESENTATION_CONTEXT(3) 
GLOBAL_UNCERTAINTY_ASSIGNED_CONTEXT((#1683)) 
GLOBAL_UNIT_ASSIGNED_CONTEXT((#1680,#1681,#1682)) REPRESENTATION_CONTEXT
('Context #1','3D Context with UNIT and UNCERTAINTY') );
#1680 = ( LENGTH_UNIT() NAMED_UNIT(*) SI_UNIT(.MILLI.,.METRE.) );
#1681 = ( NAMED_UNIT(*) PLANE_ANGLE_UNIT() SI_UNIT($,.RADIAN.) );
#1682 = ( NAMED_UNIT(*) SI_UNIT($,.STERADIAN.) SOLID_ANGLE_UNIT() );
#1683 = UNCERTAINTY_MEASURE_WITH_UNIT(LENGTH_MEASURE(1.E-07),#1680,
  'distance_accuracy_value','confusion accuracy');
#1684 = CONTEXT_DEPENDENT_SHAPE_REPRESENTATION(#1685,#1687);
#1685 = ( REPRESENTATION_RELATIONSHIP('','',#1580,#10) 
REPRESENTATION_RELATIONSHIP_WITH_TRANSFORMATION(#1686) 
SHAPE_REPRESENTATION_RELATIONSHIP() );
#1686 = ITEM_DEFINED_TRANSFORMATION('','',#11,#63);
#1687 = PRODUCT_DEFINITION_SHAPE('Placement','Placement of an item',
  #1688);
#1688 = NEXT_ASSEMBLY_USAGE_OCCURRENCE('23','','',#5,#1575,$);
#1689 = PRODUCT_RELATED_PRODUCT_CATEGORY('part',$,(#1577));
#1690 = SHAPE_DEFINITION_REPRESENTATION(#1691,#1697);
#1691 = PRODUCT_DEFINITION_SHAPE('','',#1692);
#1692 = PRODUCT_DEFINITION('design','',#1693,#1696);
#1693 = PRODUCT_DEFINITION_FORMATION('','',#1694);
#1694 = PRODUCT('Open CASCADE STEP translator 7.8 37.14',
  'Open CASCADE STEP translator 7.8 37.14','',(#1695));
#1695 = PRODUCT_CONTEXT('',#2,'mechanical');
#1696 = PRODUCT_DEFINITION_CONTEXT('part definition',#2,'design');
#1697 = ADVANCED_BREP_SHAPE_REPRESENTATION('',(#11,#1698),#1796);
#1698 = MANIFOLD_SOLID_BREP('',#1699);
#1699 = CLOSED_SHELL('',(#1700,#1788,#1792));
#1700 = ADVANCED_FACE('',(#1701),#1714,.T.);
#1701 = FACE_BOUND('',#1702,.T.);
#1702 = EDGE_LOOP('',(#1703,#1737,#1760,#1787));
#1703 = ORIENTED_EDGE('',*,*,#1704,.F.);
#1704 = EDGE_CURVE('',#1705,#1705,#1707,.T.);
#1705 = VERTEX_POINT('',#1706);
#1706 = CARTESIAN_POINT('',(263.6,0.2,82.5));
#1707 = SURFACE_CURVE('',#1708,(#1713,#1725),.PCURVE_S1.);
#1708 = CIRCLE('',#1709,1.1);
#1709 = AXIS2_PLACEMENT_3D('',#1710,#1711,#1712);
#1710 = CARTESIAN_POINT('',(263.6,0.2,83.6));
#1711 = DIRECTION('',(0.,-1.,0.));
#1712 = DIRECTION('',(0.,-0.,-1.));
#1713 = PCURVE('',#1714,#1719);
#1714 = CYLINDRICAL_SURFACE('',#1715,1.1);
#1715 = AXIS2_PLACEMENT_3D('',#1716,#1717,#1718);
#1716 = CARTESIAN_POINT('',(263.6,1.,83.6));
#1717 = DIRECTION('',(0.,-1.,0.));
#1718 = DIRECTION('',(0.,-0.,-1.));
#1719 = DEFINITIONAL_REPRESENTATION('',(#1720),#1724);
#1720 = LINE('',#1721,#1722);
#1721 = CARTESIAN_POINT('',(0.,0.8));
#1722 = VECTOR('',#1723,1.);
#1723 = DIRECTION('',(1.,0.));
#1724 = ( GEOMETRIC_REPRESENTATION_CONTEXT(2) 
PARAMETRIC_REPRESENTATION_CONTEXT() REPRESENTATION_CONTEXT('2D SPACE',''
  ) );
#1725 = PCURVE('',#1726,#1731);
#1726 = PLANE('',#1727);
#1727 = AXIS2_PLACEMENT_3D('',#1728,#1729,#1730);
#1728 = CARTESIAN_POINT('',(263.6,0.2,83.6));
#1729 = DIRECTION('',(0.,-1.,0.));
#1730 = DIRECTION('',(0.,-0.,-1.));
#1731 = DEFINITIONAL_REPRESENTATION('',(#1732),#1736);
#1732 = CIRCLE('',#1733,1.1);
#1733 = AXIS2_PLACEMENT_2D('',#1734,#1735);
#1734 = CARTESIAN_POINT('',(0.,0.));
#1735 = DIRECTION('',(1.,0.));
#1736 = ( GEOMETRIC_REPRESENTATION_CONTEXT(2) 
PARAMETRIC_REPRESENTATION_CONTEXT() REPRESENTATION_CONTEXT('2D SPACE',''
  ) );
#1737 = ORIENTED_EDGE('',*,*,#1738,.F.);
#1738 = EDGE_CURVE('',#1739,#1705,#1741,.T.);
#1739 = VERTEX_POINT('',#1740);
#1740 = CARTESIAN_POINT('',(263.6,1.,82.5));
#1741 = SEAM_CURVE('',#1742,(#1746,#1753),.PCURVE_S1.);
#1742 = LINE('',#1743,#1744);
#1743 = CARTESIAN_POINT('',(263.6,1.,82.5));
#1744 = VECTOR('',#1745,1.);
#1745 = DIRECTION('',(0.,-1.,0.));
#1746 = PCURVE('',#1714,#1747);
#1747 = DEFINITIONAL_REPRESENTATION('',(#1748),#1752);
#1748 = LINE('',#1749,#1750);
#1749 = CARTESIAN_POINT('',(6.28318530718,-0.));
#1750 = VECTOR('',#1751,1.);
#1751 = DIRECTION('',(0.,1.));
#1752 = ( GEOMETRIC_REPRESENTATION_CONTEXT(2) 
PARAMETRIC_REPRESENTATION_CONTEXT() REPRESENTATION_CONTEXT('2D SPACE',''
  ) );
#1753 = PCURVE('',#1714,#1754);
#1754 = DEFINITIONAL_REPRESENTATION('',(#1755),#1759);
#1755 = LINE('',#1756,#1757);
#1756 = CARTESIAN_POINT('',(0.,-0.));
#1757 = VECTOR('',#1758,1.);
#1758 = DIRECTION('',(0.,1.));
#1759 = ( GEOMETRIC_REPRESENTATION_CONTEXT(2) 
PARAMETRIC_REPRESENTATION_CONTEXT() REPRESENTATION_CONTEXT('2D SPACE',''
  ) );
#1760 = ORIENTED_EDGE('',*,*,#1761,.T.);
#1761 = EDGE_CURVE('',#1739,#1739,#1762,.T.);
#1762 = SURFACE_CURVE('',#1763,(#1768,#1775),.PCURVE_S1.);
#1763 = CIRCLE('',#1764,1.1);
#1764 = AXIS2_PLACEMENT_3D('',#1765,#1766,#1767);
#1765 = CARTESIAN_POINT('',(263.6,1.,83.6));
#1766 = DIRECTION('',(0.,-1.,0.));
#1767 = DIRECTION('',(0.,-0.,-1.));
#1768 = PCURVE('',#1714,#1769);
#1769 = DEFINITIONAL_REPRESENTATION('',(#1770),#1774);
#1770 = LINE('',#1771,#1772);
#1771 = CARTESIAN_POINT('',(0.,0.));
#1772 = VECTOR('',#1773,1.);
#1773 = DIRECTION('',(1.,0.));
#1774 = ( GEOMETRIC_REPRESENTATION_CONTEXT(2) 
PARAMETRIC_REPRESENTATION_CONTEXT() REPRESENTATION_CONTEXT('2D SPACE',''
  ) );
#1775 = PCURVE('',#1776,#1781);
#1776 = PLANE('',#1777);
#1777 = AXIS2_PLACEMENT_3D('',#1778,#1779,#1780);
#1778 = CARTESIAN_POINT('',(263.6,1.,83.6));
#1779 = DIRECTION('',(0.,-1.,0.));
#1780 = DIRECTION('',(0.,-0.,-1.));
#1781 = DEFINITIONAL_REPRESENTATION('',(#1782),#1786);
#1782 = CIRCLE('',#1783,1.1);
#1783 = AXIS2_PLACEMENT_2D('',#1784,#1785);
#1784 = CARTESIAN_POINT('',(0.,0.));
#1785 = DIRECTION('',(1.,0.));
#1786 = ( GEOMETRIC_REPRESENTATION_CONTEXT(2) 
PARAMETRIC_REPRESENTATION_CONTEXT() REPRESENTATION_CONTEXT('2D SPACE',''
  ) );
#1787 = ORIENTED_EDGE('',*,*,#1738,.T.);
#1788 = ADVANCED_FACE('',(#1789),#1726,.T.);
#1789 = FACE_BOUND('',#1790,.T.);
#1790 = EDGE_LOOP('',(#1791));
#1791 = ORIENTED_EDGE('',*,*,#1704,.T.);
#1792 = ADVANCED_FACE('',(#1793),#1776,.F.);
#1793 = FACE_BOUND('',#1794,.T.);
#1794 = EDGE_LOOP('',(#1795));
#1795 = ORIENTED_EDGE('',*,*,#1761,.F.);
#1796 = ( GEOMETRIC_REPRESENTATION_CONTEXT(3) 
GLOBAL_UNCERTAINTY_ASSIGNED_CONTEXT((#1800)) 
GLOBAL_UNIT_ASSIGNED_CONTEXT((#1797,#1798,#1799)) REPRESENTATION_CONTEXT
('Context #1','3D Context with UNIT and UNCERTAINTY') );
#1797 = ( LENGTH_UNIT() NAMED_UNIT(*) SI_UNIT(.MILLI.,.METRE.) );
#1798 = ( NAMED_UNIT(*) PLANE_ANGLE_UNIT() SI_UNIT($,.RADIAN.) );
#1799 = ( NAMED_UNIT(*) SI_UNIT($,.STERADIAN.) SOLID_ANGLE_UNIT() );
#1800 = UNCERTAINTY_MEASURE_WITH_UNIT(LENGTH_MEASURE(1.E-07),#1797,
  'distance_accuracy_value','confusion accuracy');
#1801 = CONTEXT_DEPENDENT_SHAPE_REPRESENTATION(#1802,#1804);
#1802 = ( REPRESENTATION_RELATIONSHIP('','',#1697,#10) 
REPRESENTATION_RELATIONSHIP_WITH_TRANSFORMATION(#1803) 
SHAPE_REPRESENTATION_RELATIONSHIP() );
#1803 = ITEM_DEFINED_TRANSFORMATION('','',#11,#67);
#1804 = PRODUCT_DEFINITION_SHAPE('Placement','Placement of an item',
  #1805);
#1805 = NEXT_ASSEMBLY_USAGE_OCCURRENCE('24','','',#5,#1692,$);
#1806 = PRODUCT_RELATED_PRODUCT_CATEGORY('part',$,(#1694));
#1807 = SHAPE_DEFINITION_REPRESENTATION(#1808,#1814);
#1808 = PRODUCT_DEFINITION_SHAPE('','',#1809);
#1809 = PRODUCT_DEFINITION('design','',#1810,#1813);
#1810 = PRODUCT_DEFINITION_FORMATION('','',#1811);
#1811 = PRODUCT('Open CASCADE STEP translator 7.8 37.15',
  'Open CASCADE STEP translator 7.8 37.15','',(#1812));
#1812 = PRODUCT_CONTEXT('',#2,'mechanical');
#1813 = PRODUCT_DEFINITION_CONTEXT('part definition',#2,'design');
#1814 = ADVANCED_BREP_SHAPE_REPRESENTATION('',(#11,#1815),#1913);
#1815 = MANIFOLD_SOLID_BREP('',#1816);
#1816 = CLOSED_SHELL('',(#1817,#1905,#1909));
#1817 = ADVANCED_FACE('',(#1818),#1831,.T.);
#1818 = FACE_BOUND('',#1819,.T.);
#1819 = EDGE_LOOP('',(#1820,#1854,#1877,#1904));
#1820 = ORIENTED_EDGE('',*,*,#1821,.F.);
#1821 = EDGE_CURVE('',#1822,#1822,#1824,.T.);
#1822 = VERTEX_POINT('',#1823);
#1823 = CARTESIAN_POINT('',(263.62218254069,-1.377817459305,83.6));
#1824 = SURFACE_CURVE('',#1825,(#1830,#1842),.PCURVE_S1.);
#1825 = CIRCLE('',#1826,1.1);
#1826 = AXIS2_PLACEMENT_3D('',#1827,#1828,#1829);
#1827 = CARTESIAN_POINT('',(264.4,-0.6,83.6));
#1828 = DIRECTION('',(0.707106781187,-0.707106781187,0.));
#1829 = DIRECTION('',(-0.707106781187,-0.707106781187,0.));
#1830 = PCURVE('',#1831,#1836);
#1831 = CYLINDRICAL_SURFACE('',#1832,1.1);
#1832 = AXIS2_PLACEMENT_3D('',#1833,#1834,#1835);
#1833 = CARTESIAN_POINT('',(263.6,0.2,83.6));
#1834 = DIRECTION('',(0.707106781187,-0.707106781187,0.));
#1835 = DIRECTION('',(-0.707106781187,-0.707106781187,0.));
#1836 = DEFINITIONAL_REPRESENTATION('',(#1837),#1841);
#1837 = LINE('',#1838,#1839);
#1838 = CARTESIAN_POINT('',(0.,1.131370849898));
#1839 = VECTOR('',#1840,1.);
#1840 = DIRECTION('',(1.,0.));
#1841 = ( GEOMETRIC_REPRESENTATION_CONTEXT(2) 
PARAMETRIC_REPRESENTATION_CONTEXT() REPRESENTATION_CONTEXT('2D SPACE',''
  ) );
#1842 = PCURVE('',#1843,#1848);
#1843 = PLANE('',#1844);
#1844 = AXIS2_PLACEMENT_3D('',#1845,#1846,#1847);
#1845 = CARTESIAN_POINT('',(264.4,-0.6,83.6));
#1846 = DIRECTION('',(0.707106781187,-0.707106781187,0.));
#1847 = DIRECTION('',(-0.707106781187,-0.707106781187,0.));
#1848 = DEFINITIONAL_REPRESENTATION('',(#1849),#1853);
#1849 = CIRCLE('',#1850,1.1);
#1850 = AXIS2_PLACEMENT_2D('',#1851,#1852);
#1851 = CARTESIAN_POINT('',(0.,0.));
#1852 = DIRECTION('',(1.,0.));
#1853 = ( GEOMETRIC_REPRESENTATION_CONTEXT(2) 
PARAMETRIC_REPRESENTATION_CONTEXT() REPRESENTATION_CONTEXT('2D SPACE',''
  ) );
#1854 = ORIENTED_EDGE('',*,*,#1855,.F.);
#1855 = EDGE_CURVE('',#1856,#1822,#1858,.T.);
#1856 = VERTEX_POINT('',#1857);
#1857 = CARTESIAN_POINT('',(262.82218254069,-0.577817459305,83.6));
#1858 = SEAM_CURVE('',#1859,(#1863,#1870),.PCURVE_S1.);
#1859 = LINE('',#1860,#1861);
#1860 = CARTESIAN_POINT('',(262.82218254069,-0.577817459305,83.6));
#1861 = VECTOR('',#1862,1.);
#1862 = DIRECTION('',(0.707106781187,-0.707106781187,0.));
#1863 = PCURVE('',#1831,#1864);
#1864 = DEFINITIONAL_REPRESENTATION('',(#1865),#1869);
#1865 = LINE('',#1866,#1867);
#1866 = CARTESIAN_POINT('',(6.28318530718,-0.));
#1867 = VECTOR('',#1868,1.);
#1868 = DIRECTION('',(0.,1.));
#1869 = ( GEOMETRIC_REPRESENTATION_CONTEXT(2) 
PARAMETRIC_REPRESENTATION_CONTEXT() REPRESENTATION_CONTEXT('2D SPACE',''
  ) );
#1870 = PCURVE('',#1831,#1871);
#1871 = DEFINITIONAL_REPRESENTATION('',(#1872),#1876);
#1872 = LINE('',#1873,#1874);
#1873 = CARTESIAN_POINT('',(0.,-0.));
#1874 = VECTOR('',#1875,1.);
#1875 = DIRECTION('',(0.,1.));
#1876 = ( GEOMETRIC_REPRESENTATION_CONTEXT(2) 
PARAMETRIC_REPRESENTATION_CONTEXT() REPRESENTATION_CONTEXT('2D SPACE',''
  ) );
#1877 = ORIENTED_EDGE('',*,*,#1878,.T.);
#1878 = EDGE_CURVE('',#1856,#1856,#1879,.T.);
#1879 = SURFACE_CURVE('',#1880,(#1885,#1892),.PCURVE_S1.);
#1880 = CIRCLE('',#1881,1.1);
#1881 = AXIS2_PLACEMENT_3D('',#1882,#1883,#1884);
#1882 = CARTESIAN_POINT('',(263.6,0.2,83.6));
#1883 = DIRECTION('',(0.707106781187,-0.707106781187,0.));
#1884 = DIRECTION('',(-0.707106781187,-0.707106781187,0.));
#1885 = PCURVE('',#1831,#1886);
#1886 = DEFINITIONAL_REPRESENTATION('',(#1887),#1891);
#1887 = LINE('',#1888,#1889);
#1888 = CARTESIAN_POINT('',(0.,0.));
#1889 = VECTOR('',#1890,1.);
#1890 = DIRECTION('',(1.,0.));
#1891 = ( GEOMETRIC_REPRESENTATION_CONTEXT(2) 
PARAMETRIC_REPRESENTATION_CONTEXT() REPRESENTATION_CONTEXT('2D SPACE',''
  ) );
#1892 = PCURVE('',#1893,#1898);
#1893 = PLANE('',#1894);
#1894 = AXIS2_PLACEMENT_3D('',#1895,#1896,#1897);
#1895 = CARTESIAN_POINT('',(263.6,0.2,83.6));
#1896 = DIRECTION('',(0.707106781187,-0.707106781187,0.));
#1897 = DIRECTION('',(-0.707106781187,-0.707106781187,0.));
#1898 = DEFINITIONAL_REPRESENTATION('',(#1899),#1903);
#1899 = CIRCLE('',#1900,1.1);
#1900 = AXIS2_PLACEMENT_2D('',#1901,#1902);
#1901 = CARTESIAN_POINT('',(0.,0.));
#1902 = DIRECTION('',(1.,0.));
#1903 = ( GEOMETRIC_REPRESENTATION_CONTEXT(2) 
PARAMETRIC_REPRESENTATION_CONTEXT() REPRESENTATION_CONTEXT('2D SPACE',''
  ) );
#1904 = ORIENTED_EDGE('',*,*,#1855,.T.);
#1905 = ADVANCED_FACE('',(#1906),#1843,.T.);
#1906 = FACE_BOUND('',#1907,.T.);
#1907 = EDGE_LOOP('',(#1908));
#1908 = ORIENTED_EDGE('',*,*,#1821,.T.);
#1909 = ADVANCED_FACE('',(#1910),#1893,.F.);
#1910 = FACE_BOUND('',#1911,.T.);
#1911 = EDGE_LOOP('',(#1912));
#1912 = ORIENTED_EDGE('',*,*,#1878,.F.);
#1913 = ( GEOMETRIC_REPRESENTATION_CONTEXT(3) 
GLOBAL_UNCERTAINTY_ASSIGNED_CONTEXT((#1917)) 
GLOBAL_UNIT_ASSIGNED_CONTEXT((#1914,#1915,#1916)) REPRESENTATION_CONTEXT
('Context #1','3D Context with UNIT and UNCERTAINTY') );
#1914 = ( LENGTH_UNIT() NAMED_UNIT(*) SI_UNIT(.MILLI.,.METRE.) );
#1915 = ( NAMED_UNIT(*) PLANE_ANGLE_UNIT() SI_UNIT($,.RADIAN.) );
#1916 = ( NAMED_UNIT(*) SI_UNIT($,.STERADIAN.) SOLID_ANGLE_UNIT() );
#1917 = UNCERTAINTY_MEASURE_WITH_UNIT(LENGTH_MEASURE(5.E-06),#1914,
  'distance_accuracy_value','confusion accuracy');
#1918 = CONTEXT_DEPENDENT_SHAPE_REPRESENTATION(#1919,#1921);
#1919 = ( REPRESENTATION_RELATIONSHIP('','',#1814,#10) 
REPRESENTATION_RELATIONSHIP_WITH_TRANSFORMATION(#1920) 
SHAPE_REPRESENTATION_RELATIONSHIP() );
#1920 = ITEM_DEFINED_TRANSFORMATION('','',#11,#71);
#1921 = PRODUCT_DEFINITION_SHAPE('Placement','Placement of an item',
  #1922);
#1922 = NEXT_ASSEMBLY_USAGE_OCCURRENCE('25','','',#5,#1809,$);
#1923 = PRODUCT_RELATED_PRODUCT_CATEGORY('part',$,(#1811));
#1924 = SHAPE_DEFINITION_REPRESENTATION(#1925,#1931);
#1925 = PRODUCT_DEFINITION_SHAPE('','',#1926);
#1926 = PRODUCT_DEFINITION('design','',#1927,#1930);
#1927 = PRODUCT_DEFINITION_FORMATION('','',#1928);
#1928 = PRODUCT('Open CASCADE STEP translator 7.8 37.16',
  'Open CASCADE STEP translator 7.8 37.16','',(#1929));
#1929 = PRODUCT_CONTEXT('',#2,'mechanical');
#1930 = PRODUCT_DEFINITION_CONTEXT('part definition',#2,'design');
#1931 = ADVANCED_BREP_SHAPE_REPRESENTATION('',(#11,#1932),#2030);
#1932 = MANIFOLD_SOLID_BREP('',#1933);
#1933 = CLOSED_SHELL('',(#1934,#2022,#2026));
#1934 = ADVANCED_FACE('',(#1935),#1948,.T.);
#1935 = FACE_BOUND('',#1936,.T.);
#1936 = EDGE_LOOP('',(#1937,#1971,#1994,#2021));
#1937 = ORIENTED_EDGE('',*,*,#1938,.F.);
#1938 = EDGE_CURVE('',#1939,#1939,#1941,.T.);
#1939 = VERTEX_POINT('',#1940);
#1940 = CARTESIAN_POINT('',(264.4,-3.8,82.5));
#1941 = SURFACE_CURVE('',#1942,(#1947,#1959),.PCURVE_S1.);
#1942 = CIRCLE('',#1943,1.1);
#1943 = AXIS2_PLACEMENT_3D('',#1944,#1945,#1946);
#1944 = CARTESIAN_POINT('',(264.4,-3.8,83.6));
#1945 = DIRECTION('',(0.,-1.,0.));
#1946 = DIRECTION('',(0.,-0.,-1.));
#1947 = PCURVE('',#1948,#1953);
#1948 = CYLINDRICAL_SURFACE('',#1949,1.1);
#1949 = AXIS2_PLACEMENT_3D('',#1950,#1951,#1952);
#1950 = CARTESIAN_POINT('',(264.4,-0.6,83.6));
#1951 = DIRECTION('',(0.,-1.,0.));
#1952 = DIRECTION('',(0.,-0.,-1.));
#1953 = DEFINITIONAL_REPRESENTATION('',(#1954),#1958);
#1954 = LINE('',#1955,#1956);
#1955 = CARTESIAN_POINT('',(0.,3.2));
#1956 = VECTOR('',#1957,1.);
#1957 = DIRECTION('',(1.,0.));
#1958 = ( GEOMETRIC_REPRESENTATION_CONTEXT(2) 
PARAMETRIC_REPRESENTATION_CONTEXT() REPRESENTATION_CONTEXT('2D SPACE',''
  ) );
#1959 = PCURVE('',#1960,#1965);
#1960 = PLANE('',#1961);
#1961 = AXIS2_PLACEMENT_3D('',#1962,#1963,#1964);
#1962 = CARTESIAN_POINT('',(264.4,-3.8,83.6));
#1963 = DIRECTION('',(0.,-1.,0.));
#1964 = DIRECTION('',(0.,-0.,-1.));
#1965 = DEFINITIONAL_REPRESENTATION('',(#1966),#1970);
#1966 = CIRCLE('',#1967,1.1);
#1967 = AXIS2_PLACEMENT_2D('',#1968,#1969);
#1968 = CARTESIAN_POINT('',(0.,0.));
#1969 = DIRECTION('',(1.,0.));
#1970 = ( GEOMETRIC_REPRESENTATION_CONTEXT(2) 
PARAMETRIC_REPRESENTATION_CONTEXT() REPRESENTATION_CONTEXT('2D SPACE',''
  ) );
#1971 = ORIENTED_EDGE('',*,*,#1972,.F.);
#1972 = EDGE_CURVE('',#1973,#1939,#1975,.T.);
#1973 = VERTEX_POINT('',#1974);
#1974 = CARTESIAN_POINT('',(264.4,-0.6,82.5));
#1975 = SEAM_CURVE('',#1976,(#1980,#1987),.PCURVE_S1.);
#1976 = LINE('',#1977,#1978);
#1977 = CARTESIAN_POINT('',(264.4,-0.6,82.5));
#1978 = VECTOR('',#1979,1.);
#1979 = DIRECTION('',(0.,-1.,0.));
#1980 = PCURVE('',#1948,#1981);
#1981 = DEFINITIONAL_REPRESENTATION('',(#1982),#1986);
#1982 = LINE('',#1983,#1984);
#1983 = CARTESIAN_POINT('',(6.28318530718,-0.));
#1984 = VECTOR('',#1985,1.);
#1985 = DIRECTION('',(0.,1.));
#1986 = ( GEOMETRIC_REPRESENTATION_CONTEXT(2) 
PARAMETRIC_REPRESENTATION_CONTEXT() REPRESENTATION_CONTEXT('2D SPACE',''
  ) );
#1987 = PCURVE('',#1948,#1988);
#1988 = DEFINITIONAL_REPRESENTATION('',(#1989),#1993);
#1989 = LINE('',#1990,#1991);
#1990 = CARTESIAN_POINT('',(0.,-0.));
#1991 = VECTOR('',#1992,1.);
#1992 = DIRECTION('',(0.,1.));
#1993 = ( GEOMETRIC_REPRESENTATION_CONTEXT(2) 
PARAMETRIC_REPRESENTATION_CONTEXT() REPRESENTATION_CONTEXT('2D SPACE',''
  ) );
#1994 = ORIENTED_EDGE('',*,*,#1995,.T.);
#1995 = EDGE_CURVE('',#1973,#1973,#1996,.T.);
#1996 = SURFACE_CURVE('',#1997,(#2002,#2009),.PCURVE_S1.);
#1997 = CIRCLE('',#1998,1.1);
#1998 = AXIS2_PLACEMENT_3D('',#1999,#2000,#2001);
#1999 = CARTESIAN_POINT('',(264.4,-0.6,83.6));
#2000 = DIRECTION('',(0.,-1.,0.));
#2001 = DIRECTION('',(0.,-0.,-1.));
#2002 = PCURVE('',#1948,#2003);
#2003 = DEFINITIONAL_REPRESENTATION('',(#2004),#2008);
#2004 = LINE('',#2005,#2006);
#2005 = CARTESIAN_POINT('',(0.,0.));
#2006 = VECTOR('',#2007,1.);
#2007 = DIRECTION('',(1.,0.));
#2008 = ( GEOMETRIC_REPRESENTATION_CONTEXT(2) 
PARAMETRIC_REPRESENTATION_CONTEXT() REPRESENTATION_CONTEXT('2D SPACE',''
  ) );
#2009 = PCURVE('',#2010,#2015);
#2010 = PLANE('',#2011);
#2011 = AXIS2_PLACEMENT_3D('',#2012,#2013,#2014);
#2012 = CARTESIAN_POINT('',(264.4,-0.6,83.6));
#2013 = DIRECTION('',(0.,-1.,0.));
#2014 = DIRECTION('',(0.,-0.,-1.));
#2015 = DEFINITIONAL_REPRESENTATION('',(#2016),#2020);
#2016 = CIRCLE('',#2017,1.1);
#2017 = AXIS2_PLACEMENT_2D('',#2018,#2019);
#2018 = CARTESIAN_POINT('',(0.,0.));
#2019 = DIRECTION('',(1.,0.));
#2020 = ( GEOMETRIC_REPRESENTATION_CONTEXT(2) 
PARAMETRIC_REPRESENTATION_CONTEXT() REPRESENTATION_CONTEXT('2D SPACE',''
  ) );
#2021 = ORIENTED_EDGE('',*,*,#1972,.T.);
#2022 = ADVANCED_FACE('',(#2023),#1960,.T.);
#2023 = FACE_BOUND('',#2024,.T.);
#2024 = EDGE_LOOP('',(#2025));
#2025 = ORIENTED_EDGE('',*,*,#1938,.T.);
#2026 = ADVANCED_FACE('',(#2027),#2010,.F.);
#2027 = FACE_BOUND('',#2028,.T.);
#2028 = EDGE_LOOP('',(#2029));
#2029 = ORIENTED_EDGE('',*,*,#1995,.F.);
#2030 = ( GEOMETRIC_REPRESENTATION_CONTEXT(3) 
GLOBAL_UNCERTAINTY_ASSIGNED_CONTEXT((#2034)) 
GLOBAL_UNIT_ASSIGNED_CONTEXT((#2031,#2032,#2033)) REPRESENTATION_CONTEXT
('Context #1','3D Context with UNIT and UNCERTAINTY') );
#2031 = ( LENGTH_UNIT() NAMED_UNIT(*) SI_UNIT(.MILLI.,.METRE.) );
#2032 = ( NAMED_UNIT(*) PLANE_ANGLE_UNIT() SI_UNIT($,.RADIAN.) );
#2033 = ( NAMED_UNIT(*) SI_UNIT($,.STERADIAN.) SOLID_ANGLE_UNIT() );
#2034 = UNCERTAINTY_MEASURE_WITH_UNIT(LENGTH_MEASURE(1.E-07),#2031,
  'distance_accuracy_value','confusion accuracy');
#2035 = CONTEXT_DEPENDENT_SHAPE_REPRESENTATION(#2036,#2038);
#2036 = ( REPRESENTATION_RELATIONSHIP('','',#1931,#10) 
REPRESENTATION_RELATIONSHIP_WITH_TRANSFORMATION(#2037) 
SHAPE_REPRESENTATION_RELATIONSHIP() );
#2037 = ITEM_DEFINED_TRANSFORMATION('','',#11,#75);
#2038 = PRODUCT_DEFINITION_SHAPE('Placement','Placement of an item',
  #2039);
#2039 = NEXT_ASSEMBLY_USAGE_OCCURRENCE('26','','',#5,#1926,$);
#2040 = PRODUCT_RELATED_PRODUCT_CATEGORY('part',$,(#1928));
#2041 = SHAPE_DEFINITION_REPRESENTATION(#2042,#2048);
#2042 = PRODUCT_DEFINITION_SHAPE('','',#2043);
#2043 = PRODUCT_DEFINITION('design','',#2044,#2047);
#2044 = PRODUCT_DEFINITION_FORMATION('','',#2045);
#2045 = PRODUCT('Open CASCADE STEP translator 7.8 37.17',
  'Open CASCADE STEP translator 7.8 37.17','',(#2046));
#2046 = PRODUCT_CONTEXT('',#2,'mechanical');
#2047 = PRODUCT_DEFINITION_CONTEXT('part definition',#2,'design');
#2048 = ADVANCED_BREP_SHAPE_REPRESENTATION('',(#11,#2049),#2147);
#2049 = MANIFOLD_SOLID_BREP('',#2050);
#2050 = CLOSED_SHELL('',(#2051,#2139,#2143));
#2051 = ADVANCED_FACE('',(#2052),#2065,.T.);
#2052 = FACE_BOUND('',#2053,.T.);
#2053 = EDGE_LOOP('',(#2054,#2088,#2111,#2138));
#2054 = ORIENTED_EDGE('',*,*,#2055,.F.);
#2055 = EDGE_CURVE('',#2056,#2056,#2058,.T.);
#2056 = VERTEX_POINT('',#2057);
#2057 = CARTESIAN_POINT('',(267.30545909076,-43.90945409092,84.4));
#2058 = SURFACE_CURVE('',#2059,(#2064,#2076),.PCURVE_S1.);
#2059 = CIRCLE('',#2060,1.1);
#2060 = AXIS2_PLACEMENT_3D('',#2061,#2062,#2063);
#2061 = CARTESIAN_POINT('',(268.4,-43.8,84.4));
#2062 = DIRECTION('',(9.948402116492E-02,-0.994840211649,
    1.989680423298E-02));
#2063 = DIRECTION('',(-0.99503719021,-9.9503719021E-02,
    8.673617379884E-19));
#2064 = PCURVE('',#2065,#2070);
#2065 = CYLINDRICAL_SURFACE('',#2066,1.1);
#2066 = AXIS2_PLACEMENT_3D('',#2067,#2068,#2069);
#2067 = CARTESIAN_POINT('',(264.4,-3.8,83.6));
#2068 = DIRECTION('',(9.948402116492E-02,-0.994840211649,
    1.989680423298E-02));
#2069 = DIRECTION('',(-0.99503719021,-9.9503719021E-02,
    4.336808689942E-19));
#2070 = DEFINITIONAL_REPRESENTATION('',(#2071),#2075);
#2071 = LINE('',#2072,#2073);
#2072 = CARTESIAN_POINT('',(0.,40.207461994013));
#2073 = VECTOR('',#2074,1.);
#2074 = DIRECTION('',(1.,0.));
#2075 = ( GEOMETRIC_REPRESENTATION_CONTEXT(2) 
PARAMETRIC_REPRESENTATION_CONTEXT() REPRESENTATION_CONTEXT('2D SPACE',''
  ) );
#2076 = PCURVE('',#2077,#2082);
#2077 = PLANE('',#2078);
#2078 = AXIS2_PLACEMENT_3D('',#2079,#2080,#2081);
#2079 = CARTESIAN_POINT('',(268.4,-43.8,84.4));
#2080 = DIRECTION('',(9.948402116492E-02,-0.994840211649,
    1.989680423298E-02));
#2081 = DIRECTION('',(-0.99503719021,-9.9503719021E-02,
    4.336808689942E-19));
#2082 = DEFINITIONAL_REPRESENTATION('',(#2083),#2087);
#2083 = CIRCLE('',#2084,1.1);
#2084 = AXIS2_PLACEMENT_2D('',#2085,#2086);
#2085 = CARTESIAN_POINT('',(0.,0.));
#2086 = DIRECTION('',(1.,0.));
#2087 = ( GEOMETRIC_REPRESENTATION_CONTEXT(2) 
PARAMETRIC_REPRESENTATION_CONTEXT() REPRESENTATION_CONTEXT('2D SPACE',''
  ) );
#2088 = ORIENTED_EDGE('',*,*,#2089,.F.);
#2089 = EDGE_CURVE('',#2090,#2056,#2092,.T.);
#2090 = VERTEX_POINT('',#2091);
#2091 = CARTESIAN_POINT('',(263.30545909076,-3.909454090923,83.6));
#2092 = SEAM_CURVE('',#2093,(#2097,#2104),.PCURVE_S1.);
#2093 = LINE('',#2094,#2095);
#2094 = CARTESIAN_POINT('',(263.30545909076,-3.909454090923,83.6));
#2095 = VECTOR('',#2096,1.);
#2096 = DIRECTION('',(9.948402116492E-02,-0.994840211649,
    1.989680423298E-02));
#2097 = PCURVE('',#2065,#2098);
#2098 = DEFINITIONAL_REPRESENTATION('',(#2099),#2103);
#2099 = LINE('',#2100,#2101);
#2100 = CARTESIAN_POINT('',(6.28318530718,-0.));
#2101 = VECTOR('',#2102,1.);
#2102 = DIRECTION('',(0.,1.));
#2103 = ( GEOMETRIC_REPRESENTATION_CONTEXT(2) 
PARAMETRIC_REPRESENTATION_CONTEXT() REPRESENTATION_CONTEXT('2D SPACE',''
  ) );
#2104 = PCURVE('',#2065,#2105);
#2105 = DEFINITIONAL_REPRESENTATION('',(#2106),#2110);
#2106 = LINE('',#2107,#2108);
#2107 = CARTESIAN_POINT('',(0.,-0.));
#2108 = VECTOR('',#2109,1.);
#2109 = DIRECTION('',(0.,1.));
#2110 = ( GEOMETRIC_REPRESENTATION_CONTEXT(2) 
PARAMETRIC_REPRESENTATION_CONTEXT() REPRESENTATION_CONTEXT('2D SPACE',''
  ) );
#2111 = ORIENTED_EDGE('',*,*,#2112,.T.);
#2112 = EDGE_CURVE('',#2090,#2090,#2113,.T.);
#2113 = SURFACE_CURVE('',#2114,(#2119,#2126),.PCURVE_S1.);
#2114 = CIRCLE('',#2115,1.1);
#2115 = AXIS2_PLACEMENT_3D('',#2116,#2117,#2118);
#2116 = CARTESIAN_POINT('',(264.4,-3.8,83.6));
#2117 = DIRECTION('',(9.948402116492E-02,-0.994840211649,
    1.989680423298E-02));
#2118 = DIRECTION('',(-0.99503719021,-9.9503719021E-02,
    8.673617379884E-19));
#2119 = PCURVE('',#2065,#2120);
#2120 = DEFINITIONAL_REPRESENTATION('',(#2121),#2125);
#2121 = LINE('',#2122,#2123);
#2122 = CARTESIAN_POINT('',(0.,0.));
#2123 = VECTOR('',#2124,1.);
#2124 = DIRECTION('',(1.,0.));
#2125 = ( GEOMETRIC_REPRESENTATION_CONTEXT(2) 
PARAMETRIC_REPRESENTATION_CONTEXT() REPRESENTATION_CONTEXT('2D SPACE',''
  ) );
#2126 = PCURVE('',#2127,#2132);
#2127 = PLANE('',#2128);
#2128 = AXIS2_PLACEMENT_3D('',#2129,#2130,#2131);
#2129 = CARTESIAN_POINT('',(264.4,-3.8,83.6));
#2130 = DIRECTION('',(9.948402116492E-02,-0.994840211649,
    1.989680423298E-02));
#2131 = DIRECTION('',(-0.99503719021,-9.9503719021E-02,
    4.336808689942E-19));
#2132 = DEFINITIONAL_REPRESENTATION('',(#2133),#2137);
#2133 = CIRCLE('',#2134,1.1);
#2134 = AXIS2_PLACEMENT_2D('',#2135,#2136);
#2135 = CARTESIAN_POINT('',(0.,0.));
#2136 = DIRECTION('',(1.,0.));
#2137 = ( GEOMETRIC_REPRESENTATION_CONTEXT(2) 
PARAMETRIC_REPRESENTATION_CONTEXT() REPRESENTATION_CONTEXT('2D SPACE',''
  ) );
#2138 = ORIENTED_EDGE('',*,*,#2089,.T.);
#2139 = ADVANCED_FACE('',(#2140),#2077,.T.);
#2140 = FACE_BOUND('',#2141,.T.);
#2141 = EDGE_LOOP('',(#2142));
#2142 = ORIENTED_EDGE('',*,*,#2055,.T.);
#2143 = ADVANCED_FACE('',(#2144),#2127,.F.);
#2144 = FACE_BOUND('',#2145,.T.);
#2145 = EDGE_LOOP('',(#2146));
#2146 = ORIENTED_EDGE('',*,*,#2112,.F.);
#2147 = ( GEOMETRIC_REPRESENTATION_CONTEXT(3) 
GLOBAL_UNCERTAINTY_ASSIGNED_CONTEXT((#2151)) 
GLOBAL_UNIT_ASSIGNED_CONTEXT((#2148,#2149,#2150)) REPRESENTATION_CONTEXT
('Context #1','3D Context with UNIT and UNCERTAINTY') );
#2148 = ( LENGTH_UNIT() NAMED_UNIT(*) SI_UNIT(.MILLI.,.METRE.) );
#2149 = ( NAMED_UNIT(*) PLANE_ANGLE_UNIT() SI_UNIT($,.RADIAN.) );
#2150 = ( NAMED_UNIT(*) SI_UNIT($,.STERADIAN.) SOLID_ANGLE_UNIT() );
#2151 = UNCERTAINTY_MEASURE_WITH_UNIT(LENGTH_MEASURE(1.E-07),#2148,
  'distance_accuracy_value','confusion accuracy');
#2152 = CONTEXT_DEPENDENT_SHAPE_REPRESENTATION(#2153,#2155);
#2153 = ( REPRESENTATION_RELATIONSHIP('','',#2048,#10) 
REPRESENTATION_RELATIONSHIP_WITH_TRANSFORMATION(#2154) 
SHAPE_REPRESENTATION_RELATIONSHIP() );
#2154 = ITEM_DEFINED_TRANSFORMATION('','',#11,#79);
#2155 = PRODUCT_DEFINITION_SHAPE('Placement','Placement of an item',
  #2156);
#2156 = NEXT_ASSEMBLY_USAGE_OCCURRENCE('27','','',#5,#2043,$);
#2157 = PRODUCT_RELATED_PRODUCT_CATEGORY('part',$,(#2045));
#2158 = SHAPE_DEFINITION_REPRESENTATION(#2159,#2165);
#2159 = PRODUCT_DEFINITION_SHAPE('','',#2160);
#2160 = PRODUCT_DEFINITION('design','',#2161,#2164);
#2161 = PRODUCT_DEFINITION_FORMATION('','',#2162);
#2162 = PRODUCT('Open CASCADE STEP translator 7.8 37.18',
  'Open CASCADE STEP translator 7.8 37.18','',(#2163));
#2163 = PRODUCT_CONTEXT('',#2,'mechanical');
#2164 = PRODUCT_DEFINITION_CONTEXT('part definition',#2,'design');
#2165 = ADVANCED_BREP_SHAPE_REPRESENTATION('',(#11,#2166),#2264);
#2166 = MANIFOLD_SOLID_BREP('',#2167);
#2167 = CLOSED_SHELL('',(#2168,#2256,#2260));
#2168 = ADVANCED_FACE('',(#2169),#2182,.T.);
#2169 = FACE_BOUND('',#2170,.T.);
#2170 = EDGE_LOOP('',(#2171,#2205,#2228,#2255));
#2171 = ORIENTED_EDGE('',*,*,#2172,.F.);
#2172 = EDGE_CURVE('',#2173,#2173,#2175,.T.);
#2173 = VERTEX_POINT('',#2174);
#2174 = CARTESIAN_POINT('',(268.5,-48.72909606699,78.015329925334));
#2175 = SURFACE_CURVE('',#2176,(#2181,#2193),.PCURVE_S1.);
#2176 = CIRCLE('',#2177,1.1);
#2177 = AXIS2_PLACEMENT_3D('',#2178,#2179,#2180);
#2178 = CARTESIAN_POINT('',(268.5,-49.5,78.8));
#2179 = DIRECTION('',(1.251369434638E-02,-0.713280577744,-0.700766883398
    ));
#2180 = DIRECTION('',(2.602085213965E-18,0.700821757278,-0.713336431515)
  );
#2181 = PCURVE('',#2182,#2187);
#2182 = CYLINDRICAL_SURFACE('',#2183,1.1);
#2183 = AXIS2_PLACEMENT_3D('',#2184,#2185,#2186);
#2184 = CARTESIAN_POINT('',(268.4,-43.8,84.4));
#2185 = DIRECTION('',(1.251369434638E-02,-0.713280577744,-0.700766883398
    ));
#2186 = DIRECTION('',(1.734723475977E-18,0.700821757278,-0.713336431515)
  );
#2187 = DEFINITIONAL_REPRESENTATION('',(#2188),#2192);
#2188 = LINE('',#2189,#2190);
#2189 = CARTESIAN_POINT('',(0.,7.991245209603));
#2190 = VECTOR('',#2191,1.);
#2191 = DIRECTION('',(1.,0.));
#2192 = ( GEOMETRIC_REPRESENTATION_CONTEXT(2) 
PARAMETRIC_REPRESENTATION_CONTEXT() REPRESENTATION_CONTEXT('2D SPACE',''
  ) );
#2193 = PCURVE('',#2194,#2199);
#2194 = PLANE('',#2195);
#2195 = AXIS2_PLACEMENT_3D('',#2196,#2197,#2198);
#2196 = CARTESIAN_POINT('',(268.5,-49.5,78.8));
#2197 = DIRECTION('',(1.251369434638E-02,-0.713280577744,-0.700766883398
    ));
#2198 = DIRECTION('',(1.734723475977E-18,0.700821757278,-0.713336431515)
  );
#2199 = DEFINITIONAL_REPRESENTATION('',(#2200),#2204);
#2200 = CIRCLE('',#2201,1.1);
#2201 = AXIS2_PLACEMENT_2D('',#2202,#2203);
#2202 = CARTESIAN_POINT('',(0.,0.));
#2203 = DIRECTION('',(1.,0.));
#2204 = ( GEOMETRIC_REPRESENTATION_CONTEXT(2) 
PARAMETRIC_REPRESENTATION_CONTEXT() REPRESENTATION_CONTEXT('2D SPACE',''
  ) );
#2205 = ORIENTED_EDGE('',*,*,#2206,.F.);
#2206 = EDGE_CURVE('',#2207,#2173,#2209,.T.);
#2207 = VERTEX_POINT('',#2208);
#2208 = CARTESIAN_POINT('',(268.4,-43.02909606699,83.615329925334));
#2209 = SEAM_CURVE('',#2210,(#2214,#2221),.PCURVE_S1.);
#2210 = LINE('',#2211,#2212);
#2211 = CARTESIAN_POINT('',(268.4,-43.02909606699,83.615329925334));
#2212 = VECTOR('',#2213,1.);
#2213 = DIRECTION('',(1.251369434638E-02,-0.713280577744,-0.700766883398
    ));
#2214 = PCURVE('',#2182,#2215);
#2215 = DEFINITIONAL_REPRESENTATION('',(#2216),#2220);
#2216 = LINE('',#2217,#2218);
#2217 = CARTESIAN_POINT('',(6.28318530718,-0.));
#2218 = VECTOR('',#2219,1.);
#2219 = DIRECTION('',(0.,1.));
#2220 = ( GEOMETRIC_REPRESENTATION_CONTEXT(2) 
PARAMETRIC_REPRESENTATION_CONTEXT() REPRESENTATION_CONTEXT('2D SPACE',''
  ) );
#2221 = PCURVE('',#2182,#2222);
#2222 = DEFINITIONAL_REPRESENTATION('',(#2223),#2227);
#2223 = LINE('',#2224,#2225);
#2224 = CARTESIAN_POINT('',(0.,-0.));
#2225 = VECTOR('',#2226,1.);
#2226 = DIRECTION('',(0.,1.));
#2227 = ( GEOMETRIC_REPRESENTATION_CONTEXT(2) 
PARAMETRIC_REPRESENTATION_CONTEXT() REPRESENTATION_CONTEXT('2D SPACE',''
  ) );
#2228 = ORIENTED_EDGE('',*,*,#2229,.T.);
#2229 = EDGE_CURVE('',#2207,#2207,#2230,.T.);
#2230 = SURFACE_CURVE('',#2231,(#2236,#2243),.PCURVE_S1.);
#2231 = CIRCLE('',#2232,1.1);
#2232 = AXIS2_PLACEMENT_3D('',#2233,#2234,#2235);
#2233 = CARTESIAN_POINT('',(268.4,-43.8,84.4));
#2234 = DIRECTION('',(1.251369434638E-02,-0.713280577744,-0.700766883398
    ));
#2235 = DIRECTION('',(2.602085213965E-18,0.700821757278,-0.713336431515)
  );
#2236 = PCURVE('',#2182,#2237);
#2237 = DEFINITIONAL_REPRESENTATION('',(#2238),#2242);
#2238 = LINE('',#2239,#2240);
#2239 = CARTESIAN_POINT('',(0.,0.));
#2240 = VECTOR('',#2241,1.);
#2241 = DIRECTION('',(1.,0.));
#2242 = ( GEOMETRIC_REPRESENTATION_CONTEXT(2) 
PARAMETRIC_REPRESENTATION_CONTEXT() REPRESENTATION_CONTEXT('2D SPACE',''
  ) );
#2243 = PCURVE('',#2244,#2249);
#2244 = PLANE('',#2245);
#2245 = AXIS2_PLACEMENT_3D('',#2246,#2247,#2248);
#2246 = CARTESIAN_POINT('',(268.4,-43.8,84.4));
#2247 = DIRECTION('',(1.251369434638E-02,-0.713280577744,-0.700766883398
    ));
#2248 = DIRECTION('',(1.734723475977E-18,0.700821757278,-0.713336431515)
  );
#2249 = DEFINITIONAL_REPRESENTATION('',(#2250),#2254);
#2250 = CIRCLE('',#2251,1.1);
#2251 = AXIS2_PLACEMENT_2D('',#2252,#2253);
#2252 = CARTESIAN_POINT('',(0.,0.));
#2253 = DIRECTION('',(1.,0.));
#2254 = ( GEOMETRIC_REPRESENTATION_CONTEXT(2) 
PARAMETRIC_REPRESENTATION_CONTEXT() REPRESENTATION_CONTEXT('2D SPACE',''
  ) );
#2255 = ORIENTED_EDGE('',*,*,#2206,.T.);
#2256 = ADVANCED_FACE('',(#2257),#2194,.T.);
#2257 = FACE_BOUND('',#2258,.T.);
#2258 = EDGE_LOOP('',(#2259));
#2259 = ORIENTED_EDGE('',*,*,#2172,.T.);
#2260 = ADVANCED_FACE('',(#2261),#2244,.F.);
#2261 = FACE_BOUND('',#2262,.T.);
#2262 = EDGE_LOOP('',(#2263));
#2263 = ORIENTED_EDGE('',*,*,#2229,.F.);
#2264 = ( GEOMETRIC_REPRESENTATION_CONTEXT(3) 
GLOBAL_UNCERTAINTY_ASSIGNED_CONTEXT((#2268)) 
GLOBAL_UNIT_ASSIGNED_CONTEXT((#2265,#2266,#2267)) REPRESENTATION_CONTEXT
('Context #1','3D Context with UNIT and UNCERTAINTY') );
#2265 = ( LENGTH_UNIT() NAMED_UNIT(*) SI_UNIT(.MILLI.,.METRE.) );
#2266 = ( NAMED_UNIT(*) PLANE_ANGLE_UNIT() SI_UNIT($,.RADIAN.) );
#2267 = ( NAMED_UNIT(*) SI_UNIT($,.STERADIAN.) SOLID_ANGLE_UNIT() );
#2268 = UNCERTAINTY_MEASURE_WITH_UNIT(LENGTH_MEASURE(1.E-07),#2265,
  'distance_accuracy_value','confusion accuracy');
#2269 = CONTEXT_DEPENDENT_SHAPE_REPRESENTATION(#2270,#2272);
#2270 = ( REPRESENTATION_RELATIONSHIP('','',#2165,#10) 
REPRESENTATION_RELATIONSHIP_WITH_TRANSFORMATION(#2271) 
SHAPE_REPRESENTATION_RELATIONSHIP() );
#2271 = ITEM_DEFINED_TRANSFORMATION('','',#11,#83);
#2272 = PRODUCT_DEFINITION_SHAPE('Placement','Placement of an item',
  #2273);
#2273 = NEXT_ASSEMBLY_USAGE_OCCURRENCE('28','','',#5,#2160,$);
#2274 = PRODUCT_RELATED_PRODUCT_CATEGORY('part',$,(#2162));
#2275 = SHAPE_DEFINITION_REPRESENTATION(#2276,#2282);
#2276 = PRODUCT_DEFINITION_SHAPE('','',#2277);
#2277 = PRODUCT_DEFINITION('design','',#2278,#2281);
#2278 = PRODUCT_DEFINITION_FORMATION('','',#2279);
#2279 = PRODUCT('Open CASCADE STEP translator 7.8 37.19',
  'Open CASCADE STEP translator 7.8 37.19','',(#2280));
#2280 = PRODUCT_CONTEXT('',#2,'mechanical');
#2281 = PRODUCT_DEFINITION_CONTEXT('part definition',#2,'design');
#2282 = ADVANCED_BREP_SHAPE_REPRESENTATION('',(#11,#2283),#2381);
#2283 = MANIFOLD_SOLID_BREP('',#2284);
#2284 = CLOSED_SHELL('',(#2285,#2373,#2377));
#2285 = ADVANCED_FACE('',(#2286),#2299,.T.);
#2286 = FACE_BOUND('',#2287,.T.);
#2287 = EDGE_LOOP('',(#2288,#2322,#2345,#2372));
#2288 = ORIENTED_EDGE('',*,*,#2289,.F.);
#2289 = EDGE_CURVE('',#2290,#2290,#2292,.T.);
#2290 = VERTEX_POINT('',#2291);
#2291 = CARTESIAN_POINT('',(269.6,-49.5,82.8));
#2292 = SURFACE_CURVE('',#2293,(#2298,#2310),.PCURVE_S1.);
#2293 = CIRCLE('',#2294,1.1);
#2294 = AXIS2_PLACEMENT_3D('',#2295,#2296,#2297);
#2295 = CARTESIAN_POINT('',(268.5,-49.5,82.8));
#2296 = DIRECTION('',(0.,0.,1.));
#2297 = DIRECTION('',(1.,0.,-0.));
#2298 = PCURVE('',#2299,#2304);
#2299 = CYLINDRICAL_SURFACE('',#2300,1.1);
#2300 = AXIS2_PLACEMENT_3D('',#2301,#2302,#2303);
#2301 = CARTESIAN_POINT('',(268.5,-49.5,78.8));
#2302 = DIRECTION('',(0.,0.,1.));
#2303 = DIRECTION('',(1.,0.,-0.));
#2304 = DEFINITIONAL_REPRESENTATION('',(#2305),#2309);
#2305 = LINE('',#2306,#2307);
#2306 = CARTESIAN_POINT('',(0.,4.));
#2307 = VECTOR('',#2308,1.);
#2308 = DIRECTION('',(1.,0.));
#2309 = ( GEOMETRIC_REPRESENTATION_CONTEXT(2) 
PARAMETRIC_REPRESENTATION_CONTEXT() REPRESENTATION_CONTEXT('2D SPACE',''
  ) );
#2310 = PCURVE('',#2311,#2316);
#2311 = PLANE('',#2312);
#2312 = AXIS2_PLACEMENT_3D('',#2313,#2314,#2315);
#2313 = CARTESIAN_POINT('',(268.5,-49.5,82.8));
#2314 = DIRECTION('',(0.,0.,1.));
#2315 = DIRECTION('',(1.,0.,-0.));
#2316 = DEFINITIONAL_REPRESENTATION('',(#2317),#2321);
#2317 = CIRCLE('',#2318,1.1);
#2318 = AXIS2_PLACEMENT_2D('',#2319,#2320);
#2319 = CARTESIAN_POINT('',(0.,0.));
#2320 = DIRECTION('',(1.,0.));
#2321 = ( GEOMETRIC_REPRESENTATION_CONTEXT(2) 
PARAMETRIC_REPRESENTATION_CONTEXT() REPRESENTATION_CONTEXT('2D SPACE',''
  ) );
#2322 = ORIENTED_EDGE('',*,*,#2323,.F.);
#2323 = EDGE_CURVE('',#2324,#2290,#2326,.T.);
#2324 = VERTEX_POINT('',#2325);
#2325 = CARTESIAN_POINT('',(269.6,-49.5,78.8));
#2326 = SEAM_CURVE('',#2327,(#2331,#2338),.PCURVE_S1.);
#2327 = LINE('',#2328,#2329);
#2328 = CARTESIAN_POINT('',(269.6,-49.5,78.8));
#2329 = VECTOR('',#2330,1.);
#2330 = DIRECTION('',(0.,0.,1.));
#2331 = PCURVE('',#2299,#2332);
#2332 = DEFINITIONAL_REPRESENTATION('',(#2333),#2337);
#2333 = LINE('',#2334,#2335);
#2334 = CARTESIAN_POINT('',(6.28318530718,-0.));
#2335 = VECTOR('',#2336,1.);
#2336 = DIRECTION('',(0.,1.));
#2337 = ( GEOMETRIC_REPRESENTATION_CONTEXT(2) 
PARAMETRIC_REPRESENTATION_CONTEXT() REPRESENTATION_CONTEXT('2D SPACE',''
  ) );
#2338 = PCURVE('',#2299,#2339);
#2339 = DEFINITIONAL_REPRESENTATION('',(#2340),#2344);
#2340 = LINE('',#2341,#2342);
#2341 = CARTESIAN_POINT('',(0.,-0.));
#2342 = VECTOR('',#2343,1.);
#2343 = DIRECTION('',(0.,1.));
#2344 = ( GEOMETRIC_REPRESENTATION_CONTEXT(2) 
PARAMETRIC_REPRESENTATION_CONTEXT() REPRESENTATION_CONTEXT('2D SPACE',''
  ) );
#2345 = ORIENTED_EDGE('',*,*,#2346,.T.);
#2346 = EDGE_CURVE('',#2324,#2324,#2347,.T.);
#2347 = SURFACE_CURVE('',#2348,(#2353,#2360),.PCURVE_S1.);
#2348 = CIRCLE('',#2349,1.1);
#2349 = AXIS2_PLACEMENT_3D('',#2350,#2351,#2352);
#2350 = CARTESIAN_POINT('',(268.5,-49.5,78.8));
#2351 = DIRECTION('',(0.,0.,1.));
#2352 = DIRECTION('',(1.,0.,-0.));
#2353 = PCURVE('',#2299,#2354);
#2354 = DEFINITIONAL_REPRESENTATION('',(#2355),#2359);
#2355 = LINE('',#2356,#2357);
#2356 = CARTESIAN_POINT('',(0.,0.));
#2357 = VECTOR('',#2358,1.);
#2358 = DIRECTION('',(1.,0.));
#2359 = ( GEOMETRIC_REPRESENTATION_CONTEXT(2) 
PARAMETRIC_REPRESENTATION_CONTEXT() REPRESENTATION_CONTEXT('2D SPACE',''
  ) );
#2360 = PCURVE('',#2361,#2366);
#2361 = PLANE('',#2362);
#2362 = AXIS2_PLACEMENT_3D('',#2363,#2364,#2365);
#2363 = CARTESIAN_POINT('',(268.5,-49.5,78.8));
#2364 = DIRECTION('',(0.,0.,1.));
#2365 = DIRECTION('',(1.,0.,-0.));
#2366 = DEFINITIONAL_REPRESENTATION('',(#2367),#2371);
#2367 = CIRCLE('',#2368,1.1);
#2368 = AXIS2_PLACEMENT_2D('',#2369,#2370);
#2369 = CARTESIAN_POINT('',(0.,0.));
#2370 = DIRECTION('',(1.,0.));
#2371 = ( GEOMETRIC_REPRESENTATION_CONTEXT(2) 
PARAMETRIC_REPRESENTATION_CONTEXT() REPRESENTATION_CONTEXT('2D SPACE',''
  ) );
#2372 = ORIENTED_EDGE('',*,*,#2323,.T.);
#2373 = ADVANCED_FACE('',(#2374),#2311,.T.);
#2374 = FACE_BOUND('',#2375,.T.);
#2375 = EDGE_LOOP('',(#2376));
#2376 = ORIENTED_EDGE('',*,*,#2289,.T.);
#2377 = ADVANCED_FACE('',(#2378),#2361,.F.);
#2378 = FACE_BOUND('',#2379,.T.);
#2379 = EDGE_LOOP('',(#2380));
#2380 = ORIENTED_EDGE('',*,*,#2346,.F.);
#2381 = ( GEOMETRIC_REPRESENTATION_CONTEXT(3) 
GLOBAL_UNCERTAINTY_ASSIGNED_CONTEXT((#2385)) 
GLOBAL_UNIT_ASSIGNED_CONTEXT((#2382,#2383,#2384)) REPRESENTATION_CONTEXT
('Context #1','3D Context with UNIT and UNCERTAINTY') );
#2382 = ( LENGTH_UNIT() NAMED_UNIT(*) SI_UNIT(.MILLI.,.METRE.) );
#2383 = ( NAMED_UNIT(*) PLANE_ANGLE_UNIT() SI_UNIT($,.RADIAN.) );
#2384 = ( NAMED_UNIT(*) SI_UNIT($,.STERADIAN.) SOLID_ANGLE_UNIT() );
#2385 = UNCERTAINTY_MEASURE_WITH_UNIT(LENGTH_MEASURE(1.E-05),#2382,
  'distance_accuracy_value','confusion accuracy');
#2386 = CONTEXT_DEPENDENT_SHAPE_REPRESENTATION(#2387,#2389);
#2387 = ( REPRESENTATION_RELATIONSHIP('','',#2282,#10) 
REPRESENTATION_RELATIONSHIP_WITH_TRANSFORMATION(#2388) 
SHAPE_REPRESENTATION_RELATIONSHIP() );
#2388 = ITEM_DEFINED_TRANSFORMATION('','',#11,#87);
#2389 = PRODUCT_DEFINITION_SHAPE('Placement','Placement of an item',
  #2390);
#2390 = NEXT_ASSEMBLY_USAGE_OCCURRENCE('29','','',#5,#2277,$);
#2391 = PRODUCT_RELATED_PRODUCT_CATEGORY('part',$,(#2279));
#2392 = SHAPE_DEFINITION_REPRESENTATION(#2393,#2399);
#2393 = PRODUCT_DEFINITION_SHAPE('','',#2394);
#2394 = PRODUCT_DEFINITION('design','',#2395,#2398);
#2395 = PRODUCT_DEFINITION_FORMATION('','',#2396);
#2396 = PRODUCT('Open CASCADE STEP translator 7.8 37.20',
  'Open CASCADE STEP translator 7.8 37.20','',(#2397));
#2397 = PRODUCT_CONTEXT('',#2,'mechanical');
#2398 = PRODUCT_DEFINITION_CONTEXT('part definition',#2,'design');
#2399 = ADVANCED_BREP_SHAPE_REPRESENTATION('',(#11,#2400),#2412);
#2400 = MANIFOLD_SOLID_BREP('',#2401);
#2401 = CLOSED_SHELL('',(#2402));
#2402 = ADVANCED_FACE('',(#2403),#2407,.T.);
#2403 = FACE_BOUND('',#2404,.T.);
#2404 = VERTEX_LOOP('',#2405);
#2405 = VERTEX_POINT('',#2406);
#2406 = CARTESIAN_POINT('',(268.,-1.2,45.9));
#2407 = SPHERICAL_SURFACE('',#2408,1.1);
#2408 = AXIS2_PLACEMENT_3D('',#2409,#2410,#2411);
#2409 = CARTESIAN_POINT('',(268.,-1.2,47.));
#2410 = DIRECTION('',(0.,0.,1.));
#2411 = DIRECTION('',(1.,0.,-0.));
#2412 = ( GEOMETRIC_REPRESENTATION_CONTEXT(3) 
GLOBAL_UNCERTAINTY_ASSIGNED_CONTEXT((#2416)) 
GLOBAL_UNIT_ASSIGNED_CONTEXT((#2413,#2414,#2415)) REPRESENTATION_CONTEXT
('Context #1','3D Context with UNIT and UNCERTAINTY') );
#2413 = ( LENGTH_UNIT() NAMED_UNIT(*) SI_UNIT(.MILLI.,.METRE.) );
#2414 = ( NAMED_UNIT(*) PLANE_ANGLE_UNIT() SI_UNIT($,.RADIAN.) );
#2415 = ( NAMED_UNIT(*) SI_UNIT($,.STERADIAN.) SOLID_ANGLE_UNIT() );
#2416 = UNCERTAINTY_MEASURE_WITH_UNIT(LENGTH_MEASURE(1.E-07),#2413,
  'distance_accuracy_value','confusion accuracy');
#2417 = CONTEXT_DEPENDENT_SHAPE_REPRESENTATION(#2418,#2420);
#2418 = ( REPRESENTATION_RELATIONSHIP('','',#2399,#10) 
REPRESENTATION_RELATIONSHIP_WITH_TRANSFORMATION(#2419) 
SHAPE_REPRESENTATION_RELATIONSHIP() );
#2419 = ITEM_DEFINED_TRANSFORMATION('','',#11,#91);
#2420 = PRODUCT_DEFINITION_SHAPE('Placement','Placement of an item',
  #2421);
#2421 = NEXT_ASSEMBLY_USAGE_OCCURRENCE('30','','',#5,#2394,$);
#2422 = PRODUCT_RELATED_PRODUCT_CATEGORY('part',$,(#2396));
#2423 = SHAPE_DEFINITION_REPRESENTATION(#2424,#2430);
#2424 = PRODUCT_DEFINITION_SHAPE('','',#2425);
#2425 = PRODUCT_DEFINITION('design','',#2426,#2429);
#2426 = PRODUCT_DEFINITION_FORMATION('','',#2427);
#2427 = PRODUCT('Open CASCADE STEP translator 7.8 37.21',
  'Open CASCADE STEP translator 7.8 37.21','',(#2428));
#2428 = PRODUCT_CONTEXT('',#2,'mechanical');
#2429 = PRODUCT_DEFINITION_CONTEXT('part definition',#2,'design');
#2430 = ADVANCED_BREP_SHAPE_REPRESENTATION('',(#11,#2431),#2443);
#2431 = MANIFOLD_SOLID_BREP('',#2432);
#2432 = CLOSED_SHELL('',(#2433));
#2433 = ADVANCED_FACE('',(#2434),#2438,.T.);
#2434 = FACE_BOUND('',#2435,.T.);
#2435 = VERTEX_LOOP('',#2436);
#2436 = VERTEX_POINT('',#2437);
#2437 = CARTESIAN_POINT('',(268.4,-0.6,43.3));
#2438 = SPHERICAL_SURFACE('',#2439,1.1);
#2439 = AXIS2_PLACEMENT_3D('',#2440,#2441,#2442);
#2440 = CARTESIAN_POINT('',(268.4,-0.6,44.4));
#2441 = DIRECTION('',(0.,0.,1.));
#2442 = DIRECTION('',(1.,0.,-0.));
#2443 = ( GEOMETRIC_REPRESENTATION_CONTEXT(3) 
GLOBAL_UNCERTAINTY_ASSIGNED_CONTEXT((#2447)) 
GLOBAL_UNIT_ASSIGNED_CONTEXT((#2444,#2445,#2446)) REPRESENTATION_CONTEXT
('Context #1','3D Context with UNIT and UNCERTAINTY') );
#2444 = ( LENGTH_UNIT() NAMED_UNIT(*) SI_UNIT(.MILLI.,.METRE.) );
#2445 = ( NAMED_UNIT(*) PLANE_ANGLE_UNIT() SI_UNIT($,.RADIAN.) );
#2446 = ( NAMED_UNIT(*) SI_UNIT($,.STERADIAN.) SOLID_ANGLE_UNIT() );
#2447 = UNCERTAINTY_MEASURE_WITH_UNIT(LENGTH_MEASURE(1.E-07),#2444,
  'distance_accuracy_value','confusion accuracy');
#2448 = CONTEXT_DEPENDENT_SHAPE_REPRESENTATION(#2449,#2451);
#2449 = ( REPRESENTATION_RELATIONSHIP('','',#2430,#10) 
REPRESENTATION_RELATIONSHIP_WITH_TRANSFORMATION(#2450) 
SHAPE_REPRESENTATION_RELATIONSHIP() );
#2450 = ITEM_DEFINED_TRANSFORMATION('','',#11,#95);
#2451 = PRODUCT_DEFINITION_SHAPE('Placement','Placement of an item',
  #2452);
#2452 = NEXT_ASSEMBLY_USAGE_OCCURRENCE('31','','',#5,#2425,$);
#2453 = PRODUCT_RELATED_PRODUCT_CATEGORY('part',$,(#2427));
#2454 = SHAPE_DEFINITION_REPRESENTATION(#2455,#2461);
#2455 = PRODUCT_DEFINITION_SHAPE('','',#2456);
#2456 = PRODUCT_DEFINITION('design','',#2457,#2460);
#2457 = PRODUCT_DEFINITION_FORMATION('','',#2458);
#2458 = PRODUCT('Open CASCADE STEP translator 7.8 37.22',
  'Open CASCADE STEP translator 7.8 37.22','',(#2459));
#2459 = PRODUCT_CONTEXT('',#2,'mechanical');
#2460 = PRODUCT_DEFINITION_CONTEXT('part definition',#2,'design');
#2461 = ADVANCED_BREP_SHAPE_REPRESENTATION('',(#11,#2462),#2474);
#2462 = MANIFOLD_SOLID_BREP('',#2463);
#2463 = CLOSED_SHELL('',(#2464));
#2464 = ADVANCED_FACE('',(#2465),#2469,.T.);
#2465 = FACE_BOUND('',#2466,.T.);
#2466 = VERTEX_LOOP('',#2467);
#2467 = VERTEX_POINT('',#2468);
#2468 = CARTESIAN_POINT('',(267.6,0.2,40.1));
#2469 = SPHERICAL_SURFACE('',#2470,1.1);
#2470 = AXIS2_PLACEMENT_3D('',#2471,#2472,#2473);
#2471 = CARTESIAN_POINT('',(267.6,0.2,41.2));
#2472 = DIRECTION('',(0.,0.,1.));
#2473 = DIRECTION('',(1.,0.,-0.));
#2474 = ( GEOMETRIC_REPRESENTATION_CONTEXT(3) 
GLOBAL_UNCERTAINTY_ASSIGNED_CONTEXT((#2478)) 
GLOBAL_UNIT_ASSIGNED_CONTEXT((#2475,#2476,#2477)) REPRESENTATION_CONTEXT
('Context #1','3D Context with UNIT and UNCERTAINTY') );
#2475 = ( LENGTH_UNIT() NAMED_UNIT(*) SI_UNIT(.MILLI.,.METRE.) );
#2476 = ( NAMED_UNIT(*) PLANE_ANGLE_UNIT() SI_UNIT($,.RADIAN.) );
#2477 = ( NAMED_UNIT(*) SI_UNIT($,.STERADIAN.) SOLID_ANGLE_UNIT() );
#2478 = UNCERTAINTY_MEASURE_WITH_UNIT(LENGTH_MEASURE(1.E-07),#2475,
  'distance_accuracy_value','confusion accuracy');
#2479 = CONTEXT_DEPENDENT_SHAPE_REPRESENTATION(#2480,#2482);
#2480 = ( REPRESENTATION_RELATIONSHIP('','',#2461,#10) 
REPRESENTATION_RELATIONSHIP_WITH_TRANSFORMATION(#2481) 
SHAPE_REPRESENTATION_RELATIONSHIP() );
#2481 = ITEM_DEFINED_TRANSFORMATION('','',#11,#99);
#2482 = PRODUCT_DEFINITION_SHAPE('Placement','Placement of an item',
  #2483);
#2483 = NEXT_ASSEMBLY_USAGE_OCCURRENCE('32','','',#5,#2456,$);
#2484 = PRODUCT_RELATED_PRODUCT_CATEGORY('part',$,(#2458));
#2485 = SHAPE_DEFINITION_REPRESENTATION(#2486,#2492);
#2486 = PRODUCT_DEFINITION_SHAPE('','',#2487);
#2487 = PRODUCT_DEFINITION('design','',#2488,#2491);
#2488 = PRODUCT_DEFINITION_FORMATION('','',#2489);
#2489 = PRODUCT('Open CASCADE STEP translator 7.8 37.23',
  'Open CASCADE STEP translator 7.8 37.23','',(#2490));
#2490 = PRODUCT_CONTEXT('',#2,'mechanical');
#2491 = PRODUCT_DEFINITION_CONTEXT('part definition',#2,'design');
#2492 = ADVANCED_BREP_SHAPE_REPRESENTATION('',(#11,#2493),#2505);
#2493 = MANIFOLD_SOLID_BREP('',#2494);
#2494 = CLOSED_SHELL('',(#2495));
#2495 = ADVANCED_FACE('',(#2496),#2500,.T.);
#2496 = FACE_BOUND('',#2497,.T.);
#2497 = VERTEX_LOOP('',#2498);
#2498 = VERTEX_POINT('',#2499);
#2499 = CARTESIAN_POINT('',(265.2,2.6,37.7));
#2500 = SPHERICAL_SURFACE('',#2501,1.1);
#2501 = AXIS2_PLACEMENT_3D('',#2502,#2503,#2504);
#2502 = CARTESIAN_POINT('',(265.2,2.6,38.8));
#2503 = DIRECTION('',(0.,0.,1.));
#2504 = DIRECTION('',(1.,0.,-0.));
#2505 = ( GEOMETRIC_REPRESENTATION_CONTEXT(3) 
GLOBAL_UNCERTAINTY_ASSIGNED_CONTEXT((#2509)) 
GLOBAL_UNIT_ASSIGNED_CONTEXT((#2506,#2507,#2508)) REPRESENTATION_CONTEXT
('Context #1','3D Context with UNIT and UNCERTAINTY') );
#2506 = ( LENGTH_UNIT() NAMED_UNIT(*) SI_UNIT(.MILLI.,.METRE.) );
#2507 = ( NAMED_UNIT(*) PLANE_ANGLE_UNIT() SI_UNIT($,.RADIAN.) );
#2508 = ( NAMED_UNIT(*) SI_UNIT($,.STERADIAN.) SOLID_ANGLE_UNIT() );
#2509 = UNCERTAINTY_MEASURE_WITH_UNIT(LENGTH_MEASURE(1.E-07),#2506,
  'distance_accuracy_value','confusion accuracy');
#2510 = CONTEXT_DEPENDENT_SHAPE_REPRESENTATION(#2511,#2513);
#2511 = ( REPRESENTATION_RELATIONSHIP('','',#2492,#10) 
REPRESENTATION_RELATIONSHIP_WITH_TRANSFORMATION(#2512) 
SHAPE_REPRESENTATION_RELATIONSHIP() );
#2512 = ITEM_DEFINED_TRANSFORMATION('','',#11,#103);
#2513 = PRODUCT_DEFINITION_SHAPE('Placement','Placement of an item',
  #2514);
#2514 = NEXT_ASSEMBLY_USAGE_OCCURRENCE('33','','',#5,#2487,$);
#2515 = PRODUCT_RELATED_PRODUCT_CATEGORY('part',$,(#2489));
#2516 = SHAPE_DEFINITION_REPRESENTATION(#2517,#2523);
#2517 = PRODUCT_DEFINITION_SHAPE('','',#2518);
#2518 = PRODUCT_DEFINITION('design','',#2519,#2522);
#2519 = PRODUCT_DEFINITION_FORMATION('','',#2520);
#2520 = PRODUCT('Open CASCADE STEP translator 7.8 37.24',
  'Open CASCADE STEP translator 7.8 37.24','',(#2521));
#2521 = PRODUCT_CONTEXT('',#2,'mechanical');
#2522 = PRODUCT_DEFINITION_CONTEXT('part definition',#2,'design');
#2523 = ADVANCED_BREP_SHAPE_REPRESENTATION('',(#11,#2524),#2536);
#2524 = MANIFOLD_SOLID_BREP('',#2525);
#2525 = CLOSED_SHELL('',(#2526));
#2526 = ADVANCED_FACE('',(#2527),#2531,.T.);
#2527 = FACE_BOUND('',#2528,.T.);
#2528 = VERTEX_LOOP('',#2529);
#2529 = VERTEX_POINT('',#2530);
#2530 = CARTESIAN_POINT('',(263.6,6.6,39.3));
#2531 = SPHERICAL_SURFACE('',#2532,1.1);
#2532 = AXIS2_PLACEMENT_3D('',#2533,#2534,#2535);
#2533 = CARTESIAN_POINT('',(263.6,6.6,40.4));
#2534 = DIRECTION('',(0.,0.,1.));
#2535 = DIRECTION('',(1.,0.,-0.));
#2536 = ( GEOMETRIC_REPRESENTATION_CONTEXT(3) 
GLOBAL_UNCERTAINTY_ASSIGNED_CONTEXT((#2540)) 
GLOBAL_UNIT_ASSIGNED_CONTEXT((#2537,#2538,#2539)) REPRESENTATION_CONTEXT
('Context #1','3D Context with UNIT and UNCERTAINTY') );
#2537 = ( LENGTH_UNIT() NAMED_UNIT(*) SI_UNIT(.MILLI.,.METRE.) );
#2538 = ( NAMED_UNIT(*) PLANE_ANGLE_UNIT() SI_UNIT($,.RADIAN.) );
#2539 = ( NAMED_UNIT(*) SI_UNIT($,.STERADIAN.) SOLID_ANGLE_UNIT() );
#2540 = UNCERTAINTY_MEASURE_WITH_UNIT(LENGTH_MEASURE(1.E-07),#2537,
  'distance_accuracy_value','confusion accuracy');
#2541 = CONTEXT_DEPENDENT_SHAPE_REPRESENTATION(#2542,#2544);
#2542 = ( REPRESENTATION_RELATIONSHIP('','',#2523,#10) 
REPRESENTATION_RELATIONSHIP_WITH_TRANSFORMATION(#2543) 
SHAPE_REPRESENTATION_RELATIONSHIP() );
#2543 = ITEM_DEFINED_TRANSFORMATION('','',#11,#107);
#2544 = PRODUCT_DEFINITION_SHAPE('Placement','Placement of an item',
  #2545);
#2545 = NEXT_ASSEMBLY_USAGE_OCCURRENCE('34','','',#5,#2518,$);
#2546 = PRODUCT_RELATED_PRODUCT_CATEGORY('part',$,(#2520));
#2547 = SHAPE_DEFINITION_REPRESENTATION(#2548,#2554);
#2548 = PRODUCT_DEFINITION_SHAPE('','',#2549);
#2549 = PRODUCT_DEFINITION('design','',#2550,#2553);
#2550 = PRODUCT_DEFINITION_FORMATION('','',#2551);
#2551 = PRODUCT('Open CASCADE STEP translator 7.8 37.25',
  'Open CASCADE STEP translator 7.8 37.25','',(#2552));
#2552 = PRODUCT_CONTEXT('',#2,'mechanical');
#2553 = PRODUCT_DEFINITION_CONTEXT('part definition',#2,'design');
#2554 = ADVANCED_BREP_SHAPE_REPRESENTATION('',(#11,#2555),#2567);
#2555 = MANIFOLD_SOLID_BREP('',#2556);
#2556 = CLOSED_SHELL('',(#2557));
#2557 = ADVANCED_FACE('',(#2558),#2562,.T.);
#2558 = FACE_BOUND('',#2559,.T.);
#2559 = VERTEX_LOOP('',#2560);
#2560 = VERTEX_POINT('',#2561);
#2561 = CARTESIAN_POINT('',(259.6,10.6,43.3));
#2562 = SPHERICAL_SURFACE('',#2563,1.1);
#2563 = AXIS2_PLACEMENT_3D('',#2564,#2565,#2566);
#2564 = CARTESIAN_POINT('',(259.6,10.6,44.4));
#2565 = DIRECTION('',(0.,0.,1.));
#2566 = DIRECTION('',(1.,0.,-0.));
#2567 = ( GEOMETRIC_REPRESENTATION_CONTEXT(3) 
GLOBAL_UNCERTAINTY_ASSIGNED_CONTEXT((#2571)) 
GLOBAL_UNIT_ASSIGNED_CONTEXT((#2568,#2569,#2570)) REPRESENTATION_CONTEXT
('Context #1','3D Context with UNIT and UNCERTAINTY') );
#2568 = ( LENGTH_UNIT() NAMED_UNIT(*) SI_UNIT(.MILLI.,.METRE.) );
#2569 = ( NAMED_UNIT(*) PLANE_ANGLE_UNIT() SI_UNIT($,.RADIAN.) );
#2570 = ( NAMED_UNIT(*) SI_UNIT($,.STERADIAN.) SOLID_ANGLE_UNIT() );
#2571 = UNCERTAINTY_MEASURE_WITH_UNIT(LENGTH_MEASURE(1.E-07),#2568,
  'distance_accuracy_value','confusion accuracy');
#2572 = CONTEXT_DEPENDENT_SHAPE_REPRESENTATION(#2573,#2575);
#2573 = ( REPRESENTATION_RELATIONSHIP('','',#2554,#10) 
REPRESENTATION_RELATIONSHIP_WITH_TRANSFORMATION(#2574) 
SHAPE_REPRESENTATION_RELATIONSHIP() );
#2574 = ITEM_DEFINED_TRANSFORMATION('','',#11,#111);
#2575 = PRODUCT_DEFINITION_SHAPE('Placement','Placement of an item',
  #2576);
#2576 = NEXT_ASSEMBLY_USAGE_OCCURRENCE('35','','',#5,#2549,$);
#2577 = PRODUCT_RELATED_PRODUCT_CATEGORY('part',$,(#2551));
#2578 = SHAPE_DEFINITION_REPRESENTATION(#2579,#2585);
#2579 = PRODUCT_DEFINITION_SHAPE('','',#2580);
#2580 = PRODUCT_DEFINITION('design','',#2581,#2584);
#2581 = PRODUCT_DEFINITION_FORMATION('','',#2582);
#2582 = PRODUCT('Open CASCADE STEP translator 7.8 37.26',
  'Open CASCADE STEP translator 7.8 37.26','',(#2583));
#2583 = PRODUCT_CONTEXT('',#2,'mechanical');
#2584 = PRODUCT_DEFINITION_CONTEXT('part definition',#2,'design');
#2585 = ADVANCED_BREP_SHAPE_REPRESENTATION('',(#11,#2586),#2598);
#2586 = MANIFOLD_SOLID_BREP('',#2587);
#2587 = CLOSED_SHELL('',(#2588));
#2588 = ADVANCED_FACE('',(#2589),#2593,.T.);
#2589 = FACE_BOUND('',#2590,.T.);
#2590 = VERTEX_LOOP('',#2591);
#2591 = VERTEX_POINT('',#2592);
#2592 = CARTESIAN_POINT('',(258.,11.4,48.1));
#2593 = SPHERICAL_SURFACE('',#2594,1.1);
#2594 = AXIS2_PLACEMENT_3D('',#2595,#2596,#2597);
#2595 = CARTESIAN_POINT('',(258.,11.4,49.2));
#2596 = DIRECTION('',(0.,0.,1.));
#2597 = DIRECTION('',(1.,0.,-0.));
#2598 = ( GEOMETRIC_REPRESENTATION_CONTEXT(3) 
GLOBAL_UNCERTAINTY_ASSIGNED_CONTEXT((#2602)) 
GLOBAL_UNIT_ASSIGNED_CONTEXT((#2599,#2600,#2601)) REPRESENTATION_CONTEXT
('Context #1','3D Context with UNIT and UNCERTAINTY') );
#2599 = ( LENGTH_UNIT() NAMED_UNIT(*) SI_UNIT(.MILLI.,.METRE.) );
#2600 = ( NAMED_UNIT(*) PLANE_ANGLE_UNIT() SI_UNIT($,.RADIAN.) );
#2601 = ( NAMED_UNIT(*) SI_UNIT($,.STERADIAN.) SOLID_ANGLE_UNIT() );
#2602 = UNCERTAINTY_MEASURE_WITH_UNIT(LENGTH_MEASURE(1.E-07),#2599,
  'distance_accuracy_value','confusion accuracy');
#2603 = CONTEXT_DEPENDENT_SHAPE_REPRESENTATION(#2604,#2606);
#2604 = ( REPRESENTATION_RELATIONSHIP('','',#2585,#10) 
REPRESENTATION_RELATIONSHIP_WITH_TRANSFORMATION(#2605) 
SHAPE_REPRESENTATION_RELATIONSHIP() );
#2605 = ITEM_DEFINED_TRANSFORMATION('','',#11,#115);
#2606 = PRODUCT_DEFINITION_SHAPE('Placement','Placement of an item',
  #2607);
#2607 = NEXT_ASSEMBLY_USAGE_OCCURRENCE('36','','',#5,#2580,$);
#2608 = PRODUCT_RELATED_PRODUCT_CATEGORY('part',$,(#2582));
#2609 = SHAPE_DEFINITION_REPRESENTATION(#2610,#2616);
#2610 = PRODUCT_DEFINITION_SHAPE('','',#2611);
#2611 = PRODUCT_DEFINITION('design','',#2612,#2615);
#2612 = PRODUCT_DEFINITION_FORMATION('','',#2613);
#2613 = PRODUCT('Open CASCADE STEP translator 7.8 37.27',
  'Open CASCADE STEP translator 7.8 37.27','',(#2614));
#2614 = PRODUCT_CONTEXT('',#2,'mechanical');
#2615 = PRODUCT_DEFINITION_CONTEXT('part definition',#2,'design');
#2616 = ADVANCED_BREP_SHAPE_REPRESENTATION('',(#11,#2617),#2629);
#2617 = MANIFOLD_SOLID_BREP('',#2618);
#2618 = CLOSED_SHELL('',(#2619));
#2619 = ADVANCED_FACE('',(#2620),#2624,.T.);
#2620 = FACE_BOUND('',#2621,.T.);
#2621 = VERTEX_LOOP('',#2622);
#2622 = VERTEX_POINT('',#2623);
#2623 = CARTESIAN_POINT('',(259.6,14.6,56.1));
#2624 = SPHERICAL_SURFACE('',#2625,1.1);
#2625 = AXIS2_PLACEMENT_3D('',#2626,#2627,#2628);
#2626 = CARTESIAN_POINT('',(259.6,14.6,57.2));
#2627 = DIRECTION('',(0.,0.,1.));
#2628 = DIRECTION('',(1.,0.,-0.));
#2629 = ( GEOMETRIC_REPRESENTATION_CONTEXT(3) 
GLOBAL_UNCERTAINTY_ASSIGNED_CONTEXT((#2633)) 
GLOBAL_UNIT_ASSIGNED_CONTEXT((#2630,#2631,#2632)) REPRESENTATION_CONTEXT
('Context #1','3D Context with UNIT and UNCERTAINTY') );
#2630 = ( LENGTH_UNIT() NAMED_UNIT(*) SI_UNIT(.MILLI.,.METRE.) );
#2631 = ( NAMED_UNIT(*) PLANE_ANGLE_UNIT() SI_UNIT($,.RADIAN.) );
#2632 = ( NAMED_UNIT(*) SI_UNIT($,.STERADIAN.) SOLID_ANGLE_UNIT() );
#2633 = UNCERTAINTY_MEASURE_WITH_UNIT(LENGTH_MEASURE(1.E-07),#2630,
  'distance_accuracy_value','confusion accuracy');
#2634 = CONTEXT_DEPENDENT_SHAPE_REPRESENTATION(#2635,#2637);
#2635 = ( REPRESENTATION_RELATIONSHIP('','',#2616,#10) 
REPRESENTATION_RELATIONSHIP_WITH_TRANSFORMATION(#2636) 
SHAPE_REPRESENTATION_RELATIONSHIP() );
#2636 = ITEM_DEFINED_TRANSFORMATION('','',#11,#119);
#2637 = PRODUCT_DEFINITION_SHAPE('Placement','Placement of an item',
  #2638);
#2638 = NEXT_ASSEMBLY_USAGE_OCCURRENCE('37','','',#5,#2611,$);
#2639 = PRODUCT_RELATED_PRODUCT_CATEGORY('part',$,(#2613));
#2640 = SHAPE_DEFINITION_REPRESENTATION(#2641,#2647);
#2641 = PRODUCT_DEFINITION_SHAPE('','',#2642);
#2642 = PRODUCT_DEFINITION('design','',#2643,#2646);
#2643 = PRODUCT_DEFINITION_FORMATION('','',#2644);
#2644 = PRODUCT('Open CASCADE STEP translator 7.8 37.28',
  'Open CASCADE STEP translator 7.8 37.28','',(#2645));
#2645 = PRODUCT_CONTEXT('',#2,'mechanical');
#2646 = PRODUCT_DEFINITION_CONTEXT('part definition',#2,'design');
#2647 = ADVANCED_BREP_SHAPE_REPRESENTATION('',(#11,#2648),#2660);
#2648 = MANIFOLD_SOLID_BREP('',#2649);
#2649 = CLOSED_SHELL('',(#2650));
#2650 = ADVANCED_FACE('',(#2651),#2655,.T.);
#2651 = FACE_BOUND('',#2652,.T.);
#2652 = VERTEX_LOOP('',#2653);
#2653 = VERTEX_POINT('',#2654);
#2654 = CARTESIAN_POINT('',(260.4,13.8,71.3));
#2655 = SPHERICAL_SURFACE('',#2656,1.1);
#2656 = AXIS2_PLACEMENT_3D('',#2657,#2658,#2659);
#2657 = CARTESIAN_POINT('',(260.4,13.8,72.4));
#2658 = DIRECTION('',(0.,0.,1.));
#2659 = DIRECTION('',(1.,0.,-0.));
#2660 = ( GEOMETRIC_REPRESENTATION_CONTEXT(3) 
GLOBAL_UNCERTAINTY_ASSIGNED_CONTEXT((#2664)) 
GLOBAL_UNIT_ASSIGNED_CONTEXT((#2661,#2662,#2663)) REPRESENTATION_CONTEXT
('Context #1','3D Context with UNIT and UNCERTAINTY') );
#2661 = ( LENGTH_UNIT() NAMED_UNIT(*) SI_UNIT(.MILLI.,.METRE.) );
#2662 = ( NAMED_UNIT(*) PLANE_ANGLE_UNIT() SI_UNIT($,.RADIAN.) );
#2663 = ( NAMED_UNIT(*) SI_UNIT($,.STERADIAN.) SOLID_ANGLE_UNIT() );
#2664 = UNCERTAINTY_MEASURE_WITH_UNIT(LENGTH_MEASURE(1.E-07),#2661,
  'distance_accuracy_value','confusion accuracy');
#2665 = CONTEXT_DEPENDENT_SHAPE_REPRESENTATION(#2666,#2668);
#2666 = ( REPRESENTATION_RELATIONSHIP('','',#2647,#10) 
REPRESENTATION_RELATIONSHIP_WITH_TRANSFORMATION(#2667) 
SHAPE_REPRESENTATION_RELATIONSHIP() );
#2667 = ITEM_DEFINED_TRANSFORMATION('','',#11,#123);
#2668 = PRODUCT_DEFINITION_SHAPE('Placement','Placement of an item',
  #2669);
#2669 = NEXT_ASSEMBLY_USAGE_OCCURRENCE('38','','',#5,#2642,$);
#2670 = PRODUCT_RELATED_PRODUCT_CATEGORY('part',$,(#2644));
#2671 = SHAPE_DEFINITION_REPRESENTATION(#2672,#2678);
#2672 = PRODUCT_DEFINITION_SHAPE('','',#2673);
#2673 = PRODUCT_DEFINITION('design','',#2674,#2677);
#2674 = PRODUCT_DEFINITION_FORMATION('','',#2675);
#2675 = PRODUCT('Open CASCADE STEP translator 7.8 37.29',
  'Open CASCADE STEP translator 7.8 37.29','',(#2676));
#2676 = PRODUCT_CONTEXT('',#2,'mechanical');
#2677 = PRODUCT_DEFINITION_CONTEXT('part definition',#2,'design');
#2678 = ADVANCED_BREP_SHAPE_REPRESENTATION('',(#11,#2679),#2691);
#2679 = MANIFOLD_SOLID_BREP('',#2680);
#2680 = CLOSED_SHELL('',(#2681));
#2681 = ADVANCED_FACE('',(#2682),#2686,.T.);
#2682 = FACE_BOUND('',#2683,.T.);
#2683 = VERTEX_LOOP('',#2684);
#2684 = VERTEX_POINT('',#2685);
#2685 = CARTESIAN_POINT('',(260.4,5.8,79.3));
#2686 = SPHERICAL_SURFACE('',#2687,1.1);
#2687 = AXIS2_PLACEMENT_3D('',#2688,#2689,#2690);
#2688 = CARTESIAN_POINT('',(260.4,5.8,80.4));
#2689 = DIRECTION('',(0.,0.,1.));
#2690 = DIRECTION('',(1.,0.,-0.));
#2691 = ( GEOMETRIC_REPRESENTATION_CONTEXT(3) 
GLOBAL_UNCERTAINTY_ASSIGNED_CONTEXT((#2695)) 
GLOBAL_UNIT_ASSIGNED_CONTEXT((#2692,#2693,#2694)) REPRESENTATION_CONTEXT
('Context #1','3D Context with UNIT and UNCERTAINTY') );
#2692 = ( LENGTH_UNIT() NAMED_UNIT(*) SI_UNIT(.MILLI.,.METRE.) );
#2693 = ( NAMED_UNIT(*) PLANE_ANGLE_UNIT() SI_UNIT($,.RADIAN.) );
#2694 = ( NAMED_UNIT(*) SI_UNIT($,.STERADIAN.) SOLID_ANGLE_UNIT() );
#2695 = UNCERTAINTY_MEASURE_WITH_UNIT(LENGTH_MEASURE(1.E-07),#2692,
  'distance_accuracy_value','confusion accuracy');
#2696 = CONTEXT_DEPENDENT_SHAPE_REPRESENTATION(#2697,#2699);
#2697 = ( REPRESENTATION_RELATIONSHIP('','',#2678,#10) 
REPRESENTATION_RELATIONSHIP_WITH_TRANSFORMATION(#2698) 
SHAPE_REPRESENTATION_RELATIONSHIP() );
#2698 = ITEM_DEFINED_TRANSFORMATION('','',#11,#127);
#2699 = PRODUCT_DEFINITION_SHAPE('Placement','Placement of an item',
  #2700);
#2700 = NEXT_ASSEMBLY_USAGE_OCCURRENCE('39','','',#5,#2673,$);
#2701 = PRODUCT_RELATED_PRODUCT_CATEGORY('part',$,(#2675));
#2702 = SHAPE_DEFINITION_REPRESENTATION(#2703,#2709);
#2703 = PRODUCT_DEFINITION_SHAPE('','',#2704);
#2704 = PRODUCT_DEFINITION('design','',#2705,#2708);
#2705 = PRODUCT_DEFINITION_FORMATION('','',#2706);
#2706 = PRODUCT('Open CASCADE STEP translator 7.8 37.30',
  'Open CASCADE STEP translator 7.8 37.30','',(#2707));
#2707 = PRODUCT_CONTEXT('',#2,'mechanical');
#2708 = PRODUCT_DEFINITION_CONTEXT('part definition',#2,'design');
#2709 = ADVANCED_BREP_SHAPE_REPRESENTATION('',(#11,#2710),#2722);
#2710 = MANIFOLD_SOLID_BREP('',#2711);
#2711 = CLOSED_SHELL('',(#2712));
#2712 = ADVANCED_FACE('',(#2713),#2717,.T.);
#2713 = FACE_BOUND('',#2714,.T.);
#2714 = VERTEX_LOOP('',#2715);
#2715 = VERTEX_POINT('',#2716);
#2716 = CARTESIAN_POINT('',(262.,4.2,80.9));
#2717 = SPHERICAL_SURFACE('',#2718,1.1);
#2718 = AXIS2_PLACEMENT_3D('',#2719,#2720,#2721);
#2719 = CARTESIAN_POINT('',(262.,4.2,82.));
#2720 = DIRECTION('',(0.,0.,1.));
#2721 = DIRECTION('',(1.,0.,-0.));
#2722 = ( GEOMETRIC_REPRESENTATION_CONTEXT(3) 
GLOBAL_UNCERTAINTY_ASSIGNED_CONTEXT((#2726)) 
GLOBAL_UNIT_ASSIGNED_CONTEXT((#2723,#2724,#2725)) REPRESENTATION_CONTEXT
('Context #1','3D Context with UNIT and UNCERTAINTY') );
#2723 = ( LENGTH_UNIT() NAMED_UNIT(*) SI_UNIT(.MILLI.,.METRE.) );
#2724 = ( NAMED_UNIT(*) PLANE_ANGLE_UNIT() SI_UNIT($,.RADIAN.) );
#2725 = ( NAMED_UNIT(*) SI_UNIT($,.STERADIAN.) SOLID_ANGLE_UNIT() );
#2726 = UNCERTAINTY_MEASURE_WITH_UNIT(LENGTH_MEASURE(1.E-07),#2723,
  'distance_accuracy_value','confusion accuracy');
#2727 = CONTEXT_DEPENDENT_SHAPE_REPRESENTATION(#2728,#2730);
#2728 = ( REPRESENTATION_RELATIONSHIP('','',#2709,#10) 
REPRESENTATION_RELATIONSHIP_WITH_TRANSFORMATION(#2729) 
SHAPE_REPRESENTATION_RELATIONSHIP() );
#2729 = ITEM_DEFINED_TRANSFORMATION('','',#11,#131);
#2730 = PRODUCT_DEFINITION_SHAPE('Placement','Placement of an item',
  #2731);
#2731 = NEXT_ASSEMBLY_USAGE_OCCURRENCE('40','','',#5,#2704,$);
#2732 = PRODUCT_RELATED_PRODUCT_CATEGORY('part',$,(#2706));
#2733 = SHAPE_DEFINITION_REPRESENTATION(#2734,#2740);
#2734 = PRODUCT_DEFINITION_SHAPE('','',#2735);
#2735 = PRODUCT_DEFINITION('design','',#2736,#2739);
#2736 = PRODUCT_DEFINITION_FORMATION('','',#2737);
#2737 = PRODUCT('Open CASCADE STEP translator 7.8 37.31',
  'Open CASCADE STEP translator 7.8 37.31','',(#2738));
#2738 = PRODUCT_CONTEXT('',#2,'mechanical');
#2739 = PRODUCT_DEFINITION_CONTEXT('part definition',#2,'design');
#2740 = ADVANCED_BREP_SHAPE_REPRESENTATION('',(#11,#2741),#2753);
#2741 = MANIFOLD_SOLID_BREP('',#2742);
#2742 = CLOSED_SHELL('',(#2743));
#2743 = ADVANCED_FACE('',(#2744),#2748,.T.);
#2744 = FACE_BOUND('',#2745,.T.);
#2745 = VERTEX_LOOP('',#2746);
#2746 = VERTEX_POINT('',#2747);
#2747 = CARTESIAN_POINT('',(262.,2.6,82.5));
#2748 = SPHERICAL_SURFACE('',#2749,1.1);
#2749 = AXIS2_PLACEMENT_3D('',#2750,#2751,#2752);
#2750 = CARTESIAN_POINT('',(262.,2.6,83.6));
#2751 = DIRECTION('',(0.,0.,1.));
#2752 = DIRECTION('',(1.,0.,-0.));
#2753 = ( GEOMETRIC_REPRESENTATION_CONTEXT(3) 
GLOBAL_UNCERTAINTY_ASSIGNED_CONTEXT((#2757)) 
GLOBAL_UNIT_ASSIGNED_CONTEXT((#2754,#2755,#2756)) REPRESENTATION_CONTEXT
('Context #1','3D Context with UNIT and UNCERTAINTY') );
#2754 = ( LENGTH_UNIT() NAMED_UNIT(*) SI_UNIT(.MILLI.,.METRE.) );
#2755 = ( NAMED_UNIT(*) PLANE_ANGLE_UNIT() SI_UNIT($,.RADIAN.) );
#2756 = ( NAMED_UNIT(*) SI_UNIT($,.STERADIAN.) SOLID_ANGLE_UNIT() );
#2757 = UNCERTAINTY_MEASURE_WITH_UNIT(LENGTH_MEASURE(2.E-06),#2754,
  'distance_accuracy_value','confusion accuracy');
#2758 = CONTEXT_DEPENDENT_SHAPE_REPRESENTATION(#2759,#2761);
#2759 = ( REPRESENTATION_RELATIONSHIP('','',#2740,#10) 
REPRESENTATION_RELATIONSHIP_WITH_TRANSFORMATION(#2760) 
SHAPE_REPRESENTATION_RELATIONSHIP() );
#2760 = ITEM_DEFINED_TRANSFORMATION('','',#11,#135);
#2761 = PRODUCT_DEFINITION_SHAPE('Placement','Placement of an item',
  #2762);
#2762 = NEXT_ASSEMBLY_USAGE_OCCURRENCE('41','','',#5,#2735,$);
#2763 = PRODUCT_RELATED_PRODUCT_CATEGORY('part',$,(#2737));
#2764 = SHAPE_DEFINITION_REPRESENTATION(#2765,#2771);
#2765 = PRODUCT_DEFINITION_SHAPE('','',#2766);
#2766 = PRODUCT_DEFINITION('design','',#2767,#2770);
#2767 = PRODUCT_DEFINITION_FORMATION('','',#2768);
#2768 = PRODUCT('Open CASCADE STEP translator 7.8 37.32',
  'Open CASCADE STEP translator 7.8 37.32','',(#2769));
#2769 = PRODUCT_CONTEXT('',#2,'mechanical');
#2770 = PRODUCT_DEFINITION_CONTEXT('part definition',#2,'design');
#2771 = ADVANCED_BREP_SHAPE_REPRESENTATION('',(#11,#2772),#2784);
#2772 = MANIFOLD_SOLID_BREP('',#2773);
#2773 = CLOSED_SHELL('',(#2774));
#2774 = ADVANCED_FACE('',(#2775),#2779,.T.);
#2775 = FACE_BOUND('',#2776,.T.);
#2776 = VERTEX_LOOP('',#2777);
#2777 = VERTEX_POINT('',#2778);
#2778 = CARTESIAN_POINT('',(263.6,1.,82.5));
#2779 = SPHERICAL_SURFACE('',#2780,1.1);
#2780 = AXIS2_PLACEMENT_3D('',#2781,#2782,#2783);
#2781 = CARTESIAN_POINT('',(263.6,1.,83.6));
#2782 = DIRECTION('',(0.,0.,1.));
#2783 = DIRECTION('',(1.,0.,-0.));
#2784 = ( GEOMETRIC_REPRESENTATION_CONTEXT(3) 
GLOBAL_UNCERTAINTY_ASSIGNED_CONTEXT((#2788)) 
GLOBAL_UNIT_ASSIGNED_CONTEXT((#2785,#2786,#2787)) REPRESENTATION_CONTEXT
('Context #1','3D Context with UNIT and UNCERTAINTY') );
#2785 = ( LENGTH_UNIT() NAMED_UNIT(*) SI_UNIT(.MILLI.,.METRE.) );
#2786 = ( NAMED_UNIT(*) PLANE_ANGLE_UNIT() SI_UNIT($,.RADIAN.) );
#2787 = ( NAMED_UNIT(*) SI_UNIT($,.STERADIAN.) SOLID_ANGLE_UNIT() );
#2788 = UNCERTAINTY_MEASURE_WITH_UNIT(LENGTH_MEASURE(1.E-06),#2785,
  'distance_accuracy_value','confusion accuracy');
#2789 = CONTEXT_DEPENDENT_SHAPE_REPRESENTATION(#2790,#2792);
#2790 = ( REPRESENTATION_RELATIONSHIP('','',#2771,#10) 
REPRESENTATION_RELATIONSHIP_WITH_TRANSFORMATION(#2791) 
SHAPE_REPRESENTATION_RELATIONSHIP() );
#2791 = ITEM_DEFINED_TRANSFORMATION('','',#11,#139);
#2792 = PRODUCT_DEFINITION_SHAPE('Placement','Placement of an item',
  #2793);
#2793 = NEXT_ASSEMBLY_USAGE_OCCURRENCE('42','','',#5,#2766,$);
#2794 = PRODUCT_RELATED_PRODUCT_CATEGORY('part',$,(#2768));
#2795 = SHAPE_DEFINITION_REPRESENTATION(#2796,#2802);
#2796 = PRODUCT_DEFINITION_SHAPE('','',#2797);
#2797 = PRODUCT_DEFINITION('design','',#2798,#2801);
#2798 = PRODUCT_DEFINITION_FORMATION('','',#2799);
#2799 = PRODUCT('Open CASCADE STEP translator 7.8 37.33',
  'Open CASCADE STEP translator 7.8 37.33','',(#2800));
#2800 = PRODUCT_CONTEXT('',#2,'mechanical');
#2801 = PRODUCT_DEFINITION_CONTEXT('part definition',#2,'design');
#2802 = ADVANCED_BREP_SHAPE_REPRESENTATION('',(#11,#2803),#2815);
#2803 = MANIFOLD_SOLID_BREP('',#2804);
#2804 = CLOSED_SHELL('',(#2805));
#2805 = ADVANCED_FACE('',(#2806),#2810,.T.);
#2806 = FACE_BOUND('',#2807,.T.);
#2807 = VERTEX_LOOP('',#2808);
#2808 = VERTEX_POINT('',#2809);
#2809 = CARTESIAN_POINT('',(263.6,0.2,82.5));
#2810 = SPHERICAL_SURFACE('',#2811,1.1);
#2811 = AXIS2_PLACEMENT_3D('',#2812,#2813,#2814);
#2812 = CARTESIAN_POINT('',(263.6,0.2,83.6));
#2813 = DIRECTION('',(0.,0.,1.));
#2814 = DIRECTION('',(1.,0.,-0.));
#2815 = ( GEOMETRIC_REPRESENTATION_CONTEXT(3) 
GLOBAL_UNCERTAINTY_ASSIGNED_CONTEXT((#2819)) 
GLOBAL_UNIT_ASSIGNED_CONTEXT((#2816,#2817,#2818)) REPRESENTATION_CONTEXT
('Context #1','3D Context with UNIT and UNCERTAINTY') );
#2816 = ( LENGTH_UNIT() NAMED_UNIT(*) SI_UNIT(.MILLI.,.METRE.) );
#2817 = ( NAMED_UNIT(*) PLANE_ANGLE_UNIT() SI_UNIT($,.RADIAN.) );
#2818 = ( NAMED_UNIT(*) SI_UNIT($,.STERADIAN.) SOLID_ANGLE_UNIT() );
#2819 = UNCERTAINTY_MEASURE_WITH_UNIT(LENGTH_MEASURE(1.E-06),#2816,
  'distance_accuracy_value','confusion accuracy');
#2820 = CONTEXT_DEPENDENT_SHAPE_REPRESENTATION(#2821,#2823);
#2821 = ( REPRESENTATION_RELATIONSHIP('','',#2802,#10) 
REPRESENTATION_RELATIONSHIP_WITH_TRANSFORMATION(#2822) 
SHAPE_REPRESENTATION_RELATIONSHIP() );
#2822 = ITEM_DEFINED_TRANSFORMATION('','',#11,#143);
#2823 = PRODUCT_DEFINITION_SHAPE('Placement','Placement of an item',
  #2824);
#2824 = NEXT_ASSEMBLY_USAGE_OCCURRENCE('43','','',#5,#2797,$);
#2825 = PRODUCT_RELATED_PRODUCT_CATEGORY('part',$,(#2799));
#2826 = SHAPE_DEFINITION_REPRESENTATION(#2827,#2833);
#2827 = PRODUCT_DEFINITION_SHAPE('','',#2828);
#2828 = PRODUCT_DEFINITION('design','',#2829,#2832);
#2829 = PRODUCT_DEFINITION_FORMATION('','',#2830);
#2830 = PRODUCT('Open CASCADE STEP translator 7.8 37.34',
  'Open CASCADE STEP translator 7.8 37.34','',(#2831));
#2831 = PRODUCT_CONTEXT('',#2,'mechanical');
#2832 = PRODUCT_DEFINITION_CONTEXT('part definition',#2,'design');
#2833 = ADVANCED_BREP_SHAPE_REPRESENTATION('',(#11,#2834),#2846);
#2834 = MANIFOLD_SOLID_BREP('',#2835);
#2835 = CLOSED_SHELL('',(#2836));
#2836 = ADVANCED_FACE('',(#2837),#2841,.T.);
#2837 = FACE_BOUND('',#2838,.T.);
#2838 = VERTEX_LOOP('',#2839);
#2839 = VERTEX_POINT('',#2840);
#2840 = CARTESIAN_POINT('',(264.4,-0.6,82.5));
#2841 = SPHERICAL_SURFACE('',#2842,1.1);
#2842 = AXIS2_PLACEMENT_3D('',#2843,#2844,#2845);
#2843 = CARTESIAN_POINT('',(264.4,-0.6,83.6));
#2844 = DIRECTION('',(0.,0.,1.));
#2845 = DIRECTION('',(1.,0.,-0.));
#2846 = ( GEOMETRIC_REPRESENTATION_CONTEXT(3) 
GLOBAL_UNCERTAINTY_ASSIGNED_CONTEXT((#2850)) 
GLOBAL_UNIT_ASSIGNED_CONTEXT((#2847,#2848,#2849)) REPRESENTATION_CONTEXT
('Context #1','3D Context with UNIT and UNCERTAINTY') );
#2847 = ( LENGTH_UNIT() NAMED_UNIT(*) SI_UNIT(.MILLI.,.METRE.) );
#2848 = ( NAMED_UNIT(*) PLANE_ANGLE_UNIT() SI_UNIT($,.RADIAN.) );
#2849 = ( NAMED_UNIT(*) SI_UNIT($,.STERADIAN.) SOLID_ANGLE_UNIT() );
#2850 = UNCERTAINTY_MEASURE_WITH_UNIT(LENGTH_MEASURE(2.E-07),#2847,
  'distance_accuracy_value','confusion accuracy');
#2851 = CONTEXT_DEPENDENT_SHAPE_REPRESENTATION(#2852,#2854);
#2852 = ( REPRESENTATION_RELATIONSHIP('','',#2833,#10) 
REPRESENTATION_RELATIONSHIP_WITH_TRANSFORMATION(#2853) 
SHAPE_REPRESENTATION_RELATIONSHIP() );
#2853 = ITEM_DEFINED_TRANSFORMATION('','',#11,#147);
#2854 = PRODUCT_DEFINITION_SHAPE('Placement','Placement of an item',
  #2855);
#2855 = NEXT_ASSEMBLY_USAGE_OCCURRENCE('44','','',#5,#2828,$);
#2856 = PRODUCT_RELATED_PRODUCT_CATEGORY('part',$,(#2830));
#2857 = SHAPE_DEFINITION_REPRESENTATION(#2858,#2864);
#2858 = PRODUCT_DEFINITION_SHAPE('','',#2859);
#2859 = PRODUCT_DEFINITION('design','',#2860,#2863);
#2860 = PRODUCT_DEFINITION_FORMATION('','',#2861);
#2861 = PRODUCT('Open CASCADE STEP translator 7.8 37.35',
  'Open CASCADE STEP translator 7.8 37.35','',(#2862));
#2862 = PRODUCT_CONTEXT('',#2,'mechanical');
#2863 = PRODUCT_DEFINITION_CONTEXT('part definition',#2,'design');
#2864 = ADVANCED_BREP_SHAPE_REPRESENTATION('',(#11,#2865),#2877);
#2865 = MANIFOLD_SOLID_BREP('',#2866);
#2866 = CLOSED_SHELL('',(#2867));
#2867 = ADVANCED_FACE('',(#2868),#2872,.T.);
#2868 = FACE_BOUND('',#2869,.T.);
#2869 = VERTEX_LOOP('',#2870);
#2870 = VERTEX_POINT('',#2871);
#2871 = CARTESIAN_POINT('',(264.4,-3.8,82.5));
#2872 = SPHERICAL_SURFACE('',#2873,1.1);
#2873 = AXIS2_PLACEMENT_3D('',#2874,#2875,#2876);
#2874 = CARTESIAN_POINT('',(264.4,-3.8,83.6));
#2875 = DIRECTION('',(0.,0.,1.));
#2876 = DIRECTION('',(1.,0.,-0.));
#2877 = ( GEOMETRIC_REPRESENTATION_CONTEXT(3) 
GLOBAL_UNCERTAINTY_ASSIGNED_CONTEXT((#2881)) 
GLOBAL_UNIT_ASSIGNED_CONTEXT((#2878,#2879,#2880)) REPRESENTATION_CONTEXT
('Context #1','3D Context with UNIT and UNCERTAINTY') );
#2878 = ( LENGTH_UNIT() NAMED_UNIT(*) SI_UNIT(.MILLI.,.METRE.) );
#2879 = ( NAMED_UNIT(*) PLANE_ANGLE_UNIT() SI_UNIT($,.RADIAN.) );
#2880 = ( NAMED_UNIT(*) SI_UNIT($,.STERADIAN.) SOLID_ANGLE_UNIT() );
#2881 = UNCERTAINTY_MEASURE_WITH_UNIT(LENGTH_MEASURE(1.E-07),#2878,
  'distance_accuracy_value','confusion accuracy');
#2882 = CONTEXT_DEPENDENT_SHAPE_REPRESENTATION(#2883,#2885);
#2883 = ( REPRESENTATION_RELATIONSHIP('','',#2864,#10) 
REPRESENTATION_RELATIONSHIP_WITH_TRANSFORMATION(#2884) 
SHAPE_REPRESENTATION_RELATIONSHIP() );
#2884 = ITEM_DEFINED_TRANSFORMATION('','',#11,#151);
#2885 = PRODUCT_DEFINITION_SHAPE('Placement','Placement of an item',
  #2886);
#2886 = NEXT_ASSEMBLY_USAGE_OCCURRENCE('45','','',#5,#2859,$);
#2887 = PRODUCT_RELATED_PRODUCT_CATEGORY('part',$,(#2861));
#2888 = SHAPE_DEFINITION_REPRESENTATION(#2889,#2895);
#2889 = PRODUCT_DEFINITION_SHAPE('','',#2890);
#2890 = PRODUCT_DEFINITION('design','',#2891,#2894);
#2891 = PRODUCT_DEFINITION_FORMATION('','',#2892);
#2892 = PRODUCT('Open CASCADE STEP translator 7.8 37.36',
  'Open CASCADE STEP translator 7.8 37.36','',(#2893));
#2893 = PRODUCT_CONTEXT('',#2,'mechanical');
#2894 = PRODUCT_DEFINITION_CONTEXT('part definition',#2,'design');
#2895 = ADVANCED_BREP_SHAPE_REPRESENTATION('',(#11,#2896),#2908);
#2896 = MANIFOLD_SOLID_BREP('',#2897);
#2897 = CLOSED_SHELL('',(#2898));
#2898 = ADVANCED_FACE('',(#2899),#2903,.T.);
#2899 = FACE_BOUND('',#2900,.T.);
#2900 = VERTEX_LOOP('',#2901);
#2901 = VERTEX_POINT('',#2902);
#2902 = CARTESIAN_POINT('',(268.4,-43.8,83.3));
#2903 = SPHERICAL_SURFACE('',#2904,1.1);
#2904 = AXIS2_PLACEMENT_3D('',#2905,#2906,#2907);
#2905 = CARTESIAN_POINT('',(268.4,-43.8,84.4));
#2906 = DIRECTION('',(0.,0.,1.));
#2907 = DIRECTION('',(1.,0.,-0.));
#2908 = ( GEOMETRIC_REPRESENTATION_CONTEXT(3) 
GLOBAL_UNCERTAINTY_ASSIGNED_CONTEXT((#2912)) 
GLOBAL_UNIT_ASSIGNED_CONTEXT((#2909,#2910,#2911)) REPRESENTATION_CONTEXT
('Context #1','3D Context with UNIT and UNCERTAINTY') );
#2909 = ( LENGTH_UNIT() NAMED_UNIT(*) SI_UNIT(.MILLI.,.METRE.) );
#2910 = ( NAMED_UNIT(*) PLANE_ANGLE_UNIT() SI_UNIT($,.RADIAN.) );
#2911 = ( NAMED_UNIT(*) SI_UNIT($,.STERADIAN.) SOLID_ANGLE_UNIT() );
#2912 = UNCERTAINTY_MEASURE_WITH_UNIT(LENGTH_MEASURE(1.E-07),#2909,
  'distance_accuracy_value','confusion accuracy');
#2913 = CONTEXT_DEPENDENT_SHAPE_REPRESENTATION(#2914,#2916);
#2914 = ( REPRESENTATION_RELATIONSHIP('','',#2895,#10) 
REPRESENTATION_RELATIONSHIP_WITH_TRANSFORMATION(#2915) 
SHAPE_REPRESENTATION_RELATIONSHIP() );
#2915 = ITEM_DEFINED_TRANSFORMATION('','',#11,#155);
#2916 = PRODUCT_DEFINITION_SHAPE('Placement','Placement of an item',
  #2917);
#2917 = NEXT_ASSEMBLY_USAGE_OCCURRENCE('46','','',#5,#2890,$);
#2918 = PRODUCT_RELATED_PRODUCT_CATEGORY('part',$,(#2892));
#2919 = SHAPE_DEFINITION_REPRESENTATION(#2920,#2926);
#2920 = PRODUCT_DEFINITION_SHAPE('','',#2921);
#2921 = PRODUCT_DEFINITION('design','',#2922,#2925);
#2922 = PRODUCT_DEFINITION_FORMATION('','',#2923);
#2923 = PRODUCT('Open CASCADE STEP translator 7.8 37.37',
  'Open CASCADE STEP translator 7.8 37.37','',(#2924));
#2924 = PRODUCT_CONTEXT('',#2,'mechanical');
#2925 = PRODUCT_DEFINITION_CONTEXT('part definition',#2,'design');
#2926 = ADVANCED_BREP_SHAPE_REPRESENTATION('',(#11,#2927),#2939);
#2927 = MANIFOLD_SOLID_BREP('',#2928);
#2928 = CLOSED_SHELL('',(#2929));
#2929 = ADVANCED_FACE('',(#2930),#2934,.T.);
#2930 = FACE_BOUND('',#2931,.T.);
#2931 = VERTEX_LOOP('',#2932);
#2932 = VERTEX_POINT('',#2933);
#2933 = CARTESIAN_POINT('',(268.5,-49.5,77.7));
#2934 = SPHERICAL_SURFACE('',#2935,1.1);
#2935 = AXIS2_PLACEMENT_3D('',#2936,#2937,#2938);
#2936 = CARTESIAN_POINT('',(268.5,-49.5,78.8));
#2937 = DIRECTION('',(0.,0.,1.));
#2938 = DIRECTION('',(1.,0.,-0.));
#2939 = ( GEOMETRIC_REPRESENTATION_CONTEXT(3) 
GLOBAL_UNCERTAINTY_ASSIGNED_CONTEXT((#2943)) 
GLOBAL_UNIT_ASSIGNED_CONTEXT((#2940,#2941,#2942)) REPRESENTATION_CONTEXT
('Context #1','3D Context with UNIT and UNCERTAINTY') );
#2940 = ( LENGTH_UNIT() NAMED_UNIT(*) SI_UNIT(.MILLI.,.METRE.) );
#2941 = ( NAMED_UNIT(*) PLANE_ANGLE_UNIT() SI_UNIT($,.RADIAN.) );
#2942 = ( NAMED_UNIT(*) SI_UNIT($,.STERADIAN.) SOLID_ANGLE_UNIT() );
#2943 = UNCERTAINTY_MEASURE_WITH_UNIT(LENGTH_MEASURE(1.E-07),#2940,
  'distance_accuracy_value','confusion accuracy');
#2944 = CONTEXT_DEPENDENT_SHAPE_REPRESENTATION(#2945,#2947);
#2945 = ( REPRESENTATION_RELATIONSHIP('','',#2926,#10) 
REPRESENTATION_RELATIONSHIP_WITH_TRANSFORMATION(#2946) 
SHAPE_REPRESENTATION_RELATIONSHIP() );
#2946 = ITEM_DEFINED_TRANSFORMATION('','',#11,#159);
#2947 = PRODUCT_DEFINITION_SHAPE('Placement','Placement of an item',
  #2948);
#2948 = NEXT_ASSEMBLY_USAGE_OCCURRENCE('47','','',#5,#2921,$);
#2949 = PRODUCT_RELATED_PRODUCT_CATEGORY('part',$,(#2923));
ENDSEC;
END-ISO-10303-21;
