ISO-10303-21;
HEADER;
FILE_DESCRIPTION(('Open CASCADE Model'),'2;1');
FILE_NAME('Open CASCADE Shape Model','2026-10-01T17:02:36',('Author'),(
    'Open CASCADE'),'Open CASCADE STEP processor 7.8','Open CASCADE 7.8'
  ,'Unknown');
FILE_SCHEMA(('AUTOMOTIVE_DESIGN { 1 0 10303 214 1 1 1 1 }'));
ENDSEC;
DATA;
#1 = APPLICATION_PROTOCOL_DEFINITION('international standard',
  'automotive_design',2000,#2);
#2 = APPLICATION_CONTEXT(
  'core data for automotive mechanical design processes');
#3 = SHAPE_DEFINITION_REPRESENTATION(#4,#10);
#4 = PRODUCT_DEFINITION_SHAPE('','',#5);
#5 = PRODUCT_DEFINITION('design','',#6,#9);
#6 = PRODUCT_DEFINITION_FORMATION('','',#7);
#7 = PRODUCT('Open CASCADE STEP translator 7.8 16',
  'Open CASCADE STEP translator 7.8 16','',(#8));
#8 = PRODUCT_CONTEXT('',#2,'mechanical');
#9 = PRODUCT_DEFINITION_CONTEXT('part definition',#2,'design');
#10 = SHAPE_REPRESENTATION('',(#11,#15,#19),#23);
#11 = AXIS2_PLACEMENT_3D('',#12,#13,#14);
#12 = CARTESIAN_POINT('',(0.,0.,0.));
#13 = DIRECTION('',(0.,0.,1.));
#14 = DIRECTION('',(1.,0.,-0.));
#15 = AXIS2_PLACEMENT_3D('',#16,#17,#18);
#16 = CARTESIAN_POINT('',(0.,0.,0.));
#17 = DIRECTION('',(0.,0.,1.));
#18 = DIRECTION('',(1.,0.,-0.));
#19 = AXIS2_PLACEMENT_3D('',#20,#21,#22);
#20 = CARTESIAN_POINT('',(0.,0.,0.));
#21 = DIRECTION('',(0.,0.,1.));
#22 = DIRECTION('',(1.,0.,-0.));
#23 = ( GEOMETRIC_REPRESENTATION_CONTEXT(3) 
GLOBAL_UNCERTAINTY_ASSIGNED_CONTEXT((#27)) GLOBAL_UNIT_ASSIGNED_CONTEXT(
(#24,#25,#26)) REPRESENTATION_CONTEXT('Context #1',
  '3D Context with UNIT and UNCERTAINTY') );
#24 = ( LENGTH_UNIT() NAMED_UNIT(*) SI_UNIT(.MILLI.,.METRE.) );
#25 = ( NAMED_UNIT(*) PLANE_ANGLE_UNIT() SI_UNIT($,.RADIAN.) );
#26 = ( NAMED_UNIT(*) SI_UNIT($,.STERADIAN.) SOLID_ANGLE_UNIT() );
#27 = UNCERTAINTY_MEASURE_WITH_UNIT(LENGTH_MEASURE(5.E-07),#24,
  'distance_accuracy_value','confusion accuracy');
#28 = PRODUCT_RELATED_PRODUCT_CATEGORY('part',$,(#7));
#29 = SHAPE_DEFINITION_REPRESENTATION(#30,#36);
#30 = PRODUCT_DEFINITION_SHAPE('','',#31);
#31 = PRODUCT_DEFINITION('design','',#32,#35);
#32 = PRODUCT_DEFINITION_FORMATION('','',#33);
#33 = PRODUCT('Open CASCADE STEP translator 7.8 16.1',
  'Open CASCADE STEP translator 7.8 16.1','',(#34));
#34 = PRODUCT_CONTEXT('',#2,'mechanical');
#35 = PRODUCT_DEFINITION_CONTEXT('part definition',#2,'design');
#36 = ADVANCED_BREP_SHAPE_REPRESENTATION('',(#11,#37),#3852);
#37 = MANIFOLD_SOLID_BREP('',#38);
#38 = CLOSED_SHELL('',(#39,#190,#194,#320,#549,#599,#775,#885,#1115,
    #1165,#1289,#1316,#1465,#1605,#1856,#2041,#2326,#2377,#2476,#2702,
    #2708,#2963,#2969,#3007,#3180,#3224,#3375,#3462,#3605,#3761,#3767,
    #3843,#3848));
#39 = ADVANCED_FACE('',(#40),#54,.T.);
#40 = FACE_BOUND('',#41,.T.);
#41 = EDGE_LOOP('',(#42,#72,#100,#141,#162,#163));
#42 = ORIENTED_EDGE('',*,*,#43,.T.);
#43 = EDGE_CURVE('',#44,#46,#48,.T.);
#44 = VERTEX_POINT('',#45);
#45 = CARTESIAN_POINT('',(3.05,-31.9,55.1));
#46 = VERTEX_POINT('',#47);
#47 = CARTESIAN_POINT('',(14.,-31.9,55.1));
#48 = SEAM_CURVE('',#49,(#53,#65),.PCURVE_S1.);
#49 = LINE('',#50,#51);
#50 = CARTESIAN_POINT('',(3.05,-31.9,55.1));
#51 = VECTOR('',#52,1.);
#52 = DIRECTION('',(1.,0.,0.));
#53 = PCURVE('',#54,#59);
#54 = CYLINDRICAL_SURFACE('',#55,1.8);
#55 = AXIS2_PLACEMENT_3D('',#56,#57,#58);
#56 = CARTESIAN_POINT('',(3.05,-31.9,53.3));
#57 = DIRECTION('',(1.,0.,0.));
#58 = DIRECTION('',(-0.,0.,1.));
#59 = DEFINITIONAL_REPRESENTATION('',(#60),#64);
#60 = LINE('',#61,#62);
#61 = CARTESIAN_POINT('',(6.28318530718,-0.));
#62 = VECTOR('',#63,1.);
#63 = DIRECTION('',(0.,1.));
#64 = ( GEOMETRIC_REPRESENTATION_CONTEXT(2) 
PARAMETRIC_REPRESENTATION_CONTEXT() REPRESENTATION_CONTEXT('2D SPACE',''
  ) );
#65 = PCURVE('',#54,#66);
#66 = DEFINITIONAL_REPRESENTATION('',(#67),#71);
#67 = LINE('',#68,#69);
#68 = CARTESIAN_POINT('',(0.,-0.));
#69 = VECTOR('',#70,1.);
#70 = DIRECTION('',(0.,1.));
#71 = ( GEOMETRIC_REPRESENTATION_CONTEXT(2) 
PARAMETRIC_REPRESENTATION_CONTEXT() REPRESENTATION_CONTEXT('2D SPACE',''
  ) );
#72 = ORIENTED_EDGE('',*,*,#73,.F.);
#73 = EDGE_CURVE('',#74,#46,#76,.T.);
#74 = VERTEX_POINT('',#75);
#75 = CARTESIAN_POINT('',(14.,-30.33014252599,52.41934824629));
#76 = SURFACE_CURVE('',#77,(#82,#89),.PCURVE_S1.);
#77 = CIRCLE('',#78,1.8);
#78 = AXIS2_PLACEMENT_3D('',#79,#80,#81);
#79 = CARTESIAN_POINT('',(14.,-31.9,53.3));
#80 = DIRECTION('',(1.,0.,0.));
#81 = DIRECTION('',(-0.,0.,1.));
#82 = PCURVE('',#54,#83);
#83 = DEFINITIONAL_REPRESENTATION('',(#84),#88);
#84 = LINE('',#85,#86);
#85 = CARTESIAN_POINT('',(0.,10.95));
#86 = VECTOR('',#87,1.);
#87 = DIRECTION('',(1.,0.));
#88 = ( GEOMETRIC_REPRESENTATION_CONTEXT(2) 
PARAMETRIC_REPRESENTATION_CONTEXT() REPRESENTATION_CONTEXT('2D SPACE',''
  ) );
#89 = PCURVE('',#90,#95);
#90 = SPHERICAL_SURFACE('',#91,1.8);
#91 = AXIS2_PLACEMENT_3D('',#92,#93,#94);
#92 = CARTESIAN_POINT('',(14.,-31.9,53.3));
#93 = DIRECTION('',(0.,0.,1.));
#94 = DIRECTION('',(1.,0.,-0.));
#95 = DEFINITIONAL_REPRESENTATION('',(#96),#99);
#96 = B_SPLINE_CURVE_WITH_KNOTS('',1,(#97,#98),.UNSPECIFIED.,.F.,.F.,(2,
    2),(4.201158268107,6.28318530718),.PIECEWISE_BEZIER_KNOTS.);
#97 = CARTESIAN_POINT('',(7.853981633974,-0.511230712278));
#98 = CARTESIAN_POINT('',(7.853981633974,1.570796326795));
#99 = ( GEOMETRIC_REPRESENTATION_CONTEXT(2) 
PARAMETRIC_REPRESENTATION_CONTEXT() REPRESENTATION_CONTEXT('2D SPACE',''
  ) );
#100 = ORIENTED_EDGE('',*,*,#101,.F.);
#101 = EDGE_CURVE('',#102,#74,#104,.T.);
#102 = VERTEX_POINT('',#103);
#103 = CARTESIAN_POINT('',(14.,-33.469857474,54.18065175371));
#104 = SURFACE_CURVE('',#105,(#110,#123),.PCURVE_S1.);
#105 = ELLIPSE('',#106,1.807009983657,1.8);
#106 = AXIS2_PLACEMENT_3D('',#107,#108,#109);
#107 = CARTESIAN_POINT('',(14.,-31.9,53.3));
#108 = DIRECTION('',(0.996120672425,-4.305299037533E-02,
    -7.674663501689E-02));
#109 = DIRECTION('',(8.799776114581E-02,0.487353009488,0.868759712565));
#110 = PCURVE('',#54,#111);
#111 = DEFINITIONAL_REPRESENTATION('',(#112),#122);
#112 = B_SPLINE_CURVE_WITH_KNOTS('',8,(#113,#114,#115,#116,#117,#118,
    #119,#120,#121),.UNSPECIFIED.,.F.,.F.,(9,9),(1.570796883511,
    4.712388980385),.PIECEWISE_BEZIER_KNOTS.);
#113 = CARTESIAN_POINT('',(1.059566171233,10.949999911475));
#114 = CARTESIAN_POINT('',(1.452265183342,10.887555729071));
#115 = CARTESIAN_POINT('',(1.844964195452,10.825111064361));
#116 = CARTESIAN_POINT('',(2.237663207567,10.777345546849));
#117 = CARTESIAN_POINT('',(2.63036221967,10.758898621541));
#118 = CARTESIAN_POINT('',(3.023061231781,10.777345588584));
#119 = CARTESIAN_POINT('',(3.415760243888,10.825111137283));
#120 = CARTESIAN_POINT('',(3.808459255998,10.887555817596));
#121 = CARTESIAN_POINT('',(4.201158268107,10.95));
#122 = ( GEOMETRIC_REPRESENTATION_CONTEXT(2) 
PARAMETRIC_REPRESENTATION_CONTEXT() REPRESENTATION_CONTEXT('2D SPACE',''
  ) );
#123 = PCURVE('',#124,#129);
#124 = CYLINDRICAL_SURFACE('',#125,1.8);
#125 = AXIS2_PLACEMENT_3D('',#126,#127,#128);
#126 = CARTESIAN_POINT('',(14.,-31.9,53.3));
#127 = DIRECTION('',(0.984512788067,-8.57719474452E-02,-0.152897819359)
  );
#128 = DIRECTION('',(0.153463363135,-1.734723475977E-18,0.988154338236)
  );
#129 = DEFINITIONAL_REPRESENTATION('',(#130),#140);
#130 = B_SPLINE_CURVE_WITH_KNOTS('',8,(#131,#132,#133,#134,#135,#136,
    #137,#138,#139),.UNSPECIFIED.,.F.,.F.,(9,9),(1.570796883511,
    4.712388980385),.PIECEWISE_BEZIER_KNOTS.);
#131 = CARTESIAN_POINT('',(1.066199007319,8.852500066325E-08));
#132 = CARTESIAN_POINT('',(1.458898019428,6.244427092927E-02));
#133 = CARTESIAN_POINT('',(1.851597031535,0.124888935629));
#134 = CARTESIAN_POINT('',(2.244296043653,0.172654453174));
#135 = CARTESIAN_POINT('',(2.636995055742,0.191101378388));
#136 = CARTESIAN_POINT('',(3.029694067867,0.172654411438));
#137 = CARTESIAN_POINT('',(3.422393079972,0.124888862709));
#138 = CARTESIAN_POINT('',(3.815092092084,6.244418240428E-02));
#139 = CARTESIAN_POINT('',(4.207791104193,0.));
#140 = ( GEOMETRIC_REPRESENTATION_CONTEXT(2) 
PARAMETRIC_REPRESENTATION_CONTEXT() REPRESENTATION_CONTEXT('2D SPACE',''
  ) );
#141 = ORIENTED_EDGE('',*,*,#142,.F.);
#142 = EDGE_CURVE('',#46,#102,#143,.T.);
#143 = SURFACE_CURVE('',#144,(#149,#156),.PCURVE_S1.);
#144 = CIRCLE('',#145,1.8);
#145 = AXIS2_PLACEMENT_3D('',#146,#147,#148);
#146 = CARTESIAN_POINT('',(14.,-31.9,53.3));
#147 = DIRECTION('',(1.,0.,0.));
#148 = DIRECTION('',(-0.,0.,1.));
#149 = PCURVE('',#54,#150);
#150 = DEFINITIONAL_REPRESENTATION('',(#151),#155);
#151 = LINE('',#152,#153);
#152 = CARTESIAN_POINT('',(0.,10.95));
#153 = VECTOR('',#154,1.);
#154 = DIRECTION('',(1.,0.));
#155 = ( GEOMETRIC_REPRESENTATION_CONTEXT(2) 
PARAMETRIC_REPRESENTATION_CONTEXT() REPRESENTATION_CONTEXT('2D SPACE',''
  ) );
#156 = PCURVE('',#90,#157);
#157 = DEFINITIONAL_REPRESENTATION('',(#158),#161);
#158 = B_SPLINE_CURVE_WITH_KNOTS('',1,(#159,#160),.UNSPECIFIED.,.F.,.F.,
  (2,2),(0.,1.059565614517),.PIECEWISE_BEZIER_KNOTS.);
#159 = CARTESIAN_POINT('',(4.712388980385,1.570796326795));
#160 = CARTESIAN_POINT('',(4.712388980385,0.511230712278));
#161 = ( GEOMETRIC_REPRESENTATION_CONTEXT(2) 
PARAMETRIC_REPRESENTATION_CONTEXT() REPRESENTATION_CONTEXT('2D SPACE',''
  ) );
#162 = ORIENTED_EDGE('',*,*,#43,.F.);
#163 = ORIENTED_EDGE('',*,*,#164,.T.);
#164 = EDGE_CURVE('',#44,#44,#165,.T.);
#165 = SURFACE_CURVE('',#166,(#171,#178),.PCURVE_S1.);
#166 = CIRCLE('',#167,1.8);
#167 = AXIS2_PLACEMENT_3D('',#168,#169,#170);
#168 = CARTESIAN_POINT('',(3.05,-31.9,53.3));
#169 = DIRECTION('',(1.,0.,0.));
#170 = DIRECTION('',(-0.,0.,1.));
#171 = PCURVE('',#54,#172);
#172 = DEFINITIONAL_REPRESENTATION('',(#173),#177);
#173 = LINE('',#174,#175);
#174 = CARTESIAN_POINT('',(0.,0.));
#175 = VECTOR('',#176,1.);
#176 = DIRECTION('',(1.,0.));
#177 = ( GEOMETRIC_REPRESENTATION_CONTEXT(2) 
PARAMETRIC_REPRESENTATION_CONTEXT() REPRESENTATION_CONTEXT('2D SPACE',''
  ) );
#178 = PCURVE('',#179,#184);
#179 = PLANE('',#180);
#180 = AXIS2_PLACEMENT_3D('',#181,#182,#183);
#181 = CARTESIAN_POINT('',(3.05,-31.9,53.3));
#182 = DIRECTION('',(1.,0.,0.));
#183 = DIRECTION('',(-0.,0.,1.));
#184 = DEFINITIONAL_REPRESENTATION('',(#185),#189);
#185 = CIRCLE('',#186,1.8);
#186 = AXIS2_PLACEMENT_2D('',#187,#188);
#187 = CARTESIAN_POINT('',(0.,0.));
#188 = DIRECTION('',(1.,0.));
#189 = ( GEOMETRIC_REPRESENTATION_CONTEXT(2) 
PARAMETRIC_REPRESENTATION_CONTEXT() REPRESENTATION_CONTEXT('2D SPACE',''
  ) );
#190 = ADVANCED_FACE('',(#191),#179,.F.);
#191 = FACE_BOUND('',#192,.T.);
#192 = EDGE_LOOP('',(#193));
#193 = ORIENTED_EDGE('',*,*,#164,.F.);
#194 = ADVANCED_FACE('',(#195),#90,.T.);
#195 = FACE_BOUND('',#196,.T.);
#196 = EDGE_LOOP('',(#197,#255,#318,#319));
#197 = ORIENTED_EDGE('',*,*,#198,.F.);
#198 = EDGE_CURVE('',#199,#102,#201,.T.);
#199 = VERTEX_POINT('',#200);
#200 = CARTESIAN_POINT('',(14.276234053643,-31.9,55.078677808825));
#201 = SURFACE_CURVE('',#202,(#207,#248),.PCURVE_S1.);
#202 = CIRCLE('',#203,1.8);
#203 = AXIS2_PLACEMENT_3D('',#204,#205,#206);
#204 = CARTESIAN_POINT('',(14.,-31.9,53.3));
#205 = DIRECTION('',(0.984512788067,-8.57719474452E-02,-0.152897819359)
  );
#206 = DIRECTION('',(0.153463363135,-1.734723475977E-18,0.988154338236)
  );
#207 = PCURVE('',#90,#208);
#208 = DEFINITIONAL_REPRESENTATION('',(#209),#247);
#209 = B_SPLINE_CURVE_WITH_KNOTS('',8,(#210,#211,#212,#213,#214,#215,
    #216,#217,#218,#219,#220,#221,#222,#223,#224,#225,#226,#227,#228,
    #229,#230,#231,#232,#233,#234,#235,#236,#237,#238,#239,#240,#241,
    #242,#243,#244,#245,#246),.UNSPECIFIED.,.F.,.F.,(9,7,7,7,7,9),(0.,
    6.663740316269E-02,0.191582534093,0.300909523657,0.68355398713,
    1.066198450603),.UNSPECIFIED.);
#210 = CARTESIAN_POINT('',(6.28318530718,1.416724119451));
#211 = CARTESIAN_POINT('',(6.229107391292,1.417438571931));
#212 = CARTESIAN_POINT('',(6.174460952364,1.417646190592));
#213 = CARTESIAN_POINT('',(6.119705315524,1.417337609267));
#214 = CARTESIAN_POINT('',(6.065344162731,1.416512373418));
#215 = CARTESIAN_POINT('',(6.011870002175,1.415180691651));
#216 = CARTESIAN_POINT('',(5.959704287078,1.4133619708));
#217 = CARTESIAN_POINT('',(5.909160842852,1.411081801564));
#218 = CARTESIAN_POINT('',(5.769146671826,1.403282674377));
#219 = CARTESIAN_POINT('',(5.684310884056,1.396675586202));
#220 = CARTESIAN_POINT('',(5.60740590046,1.388737888531));
#221 = CARTESIAN_POINT('',(5.538665282762,1.379703516556));
#222 = CARTESIAN_POINT('',(5.477273290486,1.369777272928));
#223 = CARTESIAN_POINT('',(5.422443408821,1.359117766452));
#224 = CARTESIAN_POINT('',(5.373323763094,1.347853472532));
#225 = CARTESIAN_POINT('',(5.290538249953,1.325788012076));
#226 = CARTESIAN_POINT('',(5.255708332993,1.31510497771));
#227 = CARTESIAN_POINT('',(5.224177142313,1.30410387923));
#228 = CARTESIAN_POINT('',(5.195497460007,1.292836884067));
#229 = CARTESIAN_POINT('',(5.169287929762,1.281344647505));
#230 = CARTESIAN_POINT('',(5.145232306407,1.269659477171));
#231 = CARTESIAN_POINT('',(5.123069471755,1.257807586226));
#232 = CARTESIAN_POINT('',(5.030840824065,1.203820406848));
#233 = CARTESIAN_POINT('',(4.979541151264,1.160051352348));
#234 = CARTESIAN_POINT('',(4.939111398849,1.115420168243));
#235 = CARTESIAN_POINT('',(4.90625208135,1.070158170271));
#236 = CARTESIAN_POINT('',(4.878628542629,1.024490329004));
#237 = CARTESIAN_POINT('',(4.854965437612,0.978501738402));
#238 = CARTESIAN_POINT('',(4.834318154854,0.932276442592));
#239 = CARTESIAN_POINT('',(4.797771304814,0.839451332205));
#240 = CARTESIAN_POINT('',(4.781870833523,0.792851827403));
#241 = CARTESIAN_POINT('',(4.767696886238,0.7461171616));
#242 = CARTESIAN_POINT('',(4.754864113192,0.699277758044));
#243 = CARTESIAN_POINT('',(4.743100696367,0.652354996842));
#244 = CARTESIAN_POINT('',(4.732198526748,0.605365241647));
#245 = CARTESIAN_POINT('',(4.722003582107,0.558320508224));
#246 = CARTESIAN_POINT('',(4.712388980385,0.511230712278));
#247 = ( GEOMETRIC_REPRESENTATION_CONTEXT(2) 
PARAMETRIC_REPRESENTATION_CONTEXT() REPRESENTATION_CONTEXT('2D SPACE',''
  ) );
#248 = PCURVE('',#124,#249);
#249 = DEFINITIONAL_REPRESENTATION('',(#250),#254);
#250 = LINE('',#251,#252);
#251 = CARTESIAN_POINT('',(0.,0.));
#252 = VECTOR('',#253,1.);
#253 = DIRECTION('',(1.,0.));
#254 = ( GEOMETRIC_REPRESENTATION_CONTEXT(2) 
PARAMETRIC_REPRESENTATION_CONTEXT() REPRESENTATION_CONTEXT('2D SPACE',''
  ) );
#255 = ORIENTED_EDGE('',*,*,#256,.F.);
#256 = EDGE_CURVE('',#74,#199,#257,.T.);
#257 = SURFACE_CURVE('',#258,(#263,#311),.PCURVE_S1.);
#258 = CIRCLE('',#259,1.8);
#259 = AXIS2_PLACEMENT_3D('',#260,#261,#262);
#260 = CARTESIAN_POINT('',(14.,-31.9,53.3));
#261 = DIRECTION('',(0.984512788067,-8.57719474452E-02,-0.152897819359)
  );
#262 = DIRECTION('',(0.153463363135,-1.734723475977E-18,0.988154338236)
  );
#263 = PCURVE('',#90,#264);
#264 = DEFINITIONAL_REPRESENTATION('',(#265),#310);
#265 = B_SPLINE_CURVE_WITH_KNOTS('',8,(#266,#267,#268,#269,#270,#271,
    #272,#273,#274,#275,#276,#277,#278,#279,#280,#281,#282,#283,#284,
    #285,#286,#287,#288,#289,#290,#291,#292,#293,#294,#295,#296,#297,
    #298,#299,#300,#301,#302,#303,#304,#305,#306,#307,#308,#309),
  .UNSPECIFIED.,.F.,.F.,(9,7,7,7,7,7,9),(4.207791104193,4.72663965494,
    5.50491248106,5.89404889412,6.08861710065,6.185901203915,
    6.28318530718),.UNSPECIFIED.);
#266 = CARTESIAN_POINT('',(7.853981633974,-0.511230712278));
#267 = CARTESIAN_POINT('',(7.84094466978,-0.447379083118));
#268 = CARTESIAN_POINT('',(7.828974443072,-0.383444621881));
#269 = CARTESIAN_POINT('',(7.817760914742,-0.31945152002));
#270 = CARTESIAN_POINT('',(7.807091201917,-0.255416320066));
#271 = CARTESIAN_POINT('',(7.796805915095,-0.19135137009));
#272 = CARTESIAN_POINT('',(7.786769399812,-0.127267170948));
#273 = CARTESIAN_POINT('',(7.776853882847,-6.317361632501E-02));
#274 = CARTESIAN_POINT('',(7.752062983124,9.706011053137E-02));
#275 = CARTESIAN_POINT('',(7.737184420658,0.193200028299));
#276 = CARTESIAN_POINT('',(7.721891583058,0.289307952156));
#277 = CARTESIAN_POINT('',(7.705730154559,0.385348498231));
#278 = CARTESIAN_POINT('',(7.68826904798,0.481288824518));
#279 = CARTESIAN_POINT('',(7.668633441445,0.57706004618));
#280 = CARTESIAN_POINT('',(7.645926994106,0.672593648063));
#281 = CARTESIAN_POINT('',(7.602832276861,0.815187204594));
#282 = CARTESIAN_POINT('',(7.586960622013,0.862600481394));
#283 = CARTESIAN_POINT('',(7.569215874769,0.909867080939));
#284 = CARTESIAN_POINT('',(7.549074409022,0.956944469522));
#285 = CARTESIAN_POINT('',(7.525868677065,1.003781423664));
#286 = CARTESIAN_POINT('',(7.498432795158,1.050280129872));
#287 = CARTESIAN_POINT('',(7.465193989484,1.096317891241));
#288 = CARTESIAN_POINT('',(7.400785053868,1.16417856704));
#289 = CARTESIAN_POINT('',(7.37689037018,1.186599444671));
#290 = CARTESIAN_POINT('',(7.350080483847,1.208778780638));
#291 = CARTESIAN_POINT('',(7.319728573444,1.230660845458));
#292 = CARTESIAN_POINT('',(7.284965182723,1.252169212892));
#293 = CARTESIAN_POINT('',(7.24466409609,1.273195913114));
#294 = CARTESIAN_POINT('',(7.197093336517,1.293578854688));
#295 = CARTESIAN_POINT('',(7.111252776988,1.322769409917));
#296 = CARTESIAN_POINT('',(7.08022525831,1.332268944494));
#297 = CARTESIAN_POINT('',(7.046485997074,1.341503053803));
#298 = CARTESIAN_POINT('',(7.00969682882,1.350429452385));
#299 = CARTESIAN_POINT('',(6.969483132989,1.35899718662));
#300 = CARTESIAN_POINT('',(6.925440253168,1.36714344502));
#301 = CARTESIAN_POINT('',(6.877182570377,1.374791650103));
#302 = CARTESIAN_POINT('',(6.771768283281,1.388916641265));
#303 = CARTESIAN_POINT('',(6.714611557373,1.395393516475));
#304 = CARTESIAN_POINT('',(6.652770561186,1.401196664994));
#305 = CARTESIAN_POINT('',(6.586162458517,1.406229214995));
#306 = CARTESIAN_POINT('',(6.514966753079,1.410383366517));
#307 = CARTESIAN_POINT('',(6.439869632479,1.413557922402));
#308 = CARTESIAN_POINT('',(6.36213378512,1.415681088577));
#309 = CARTESIAN_POINT('',(6.28318530718,1.416724119451));
#310 = ( GEOMETRIC_REPRESENTATION_CONTEXT(2) 
PARAMETRIC_REPRESENTATION_CONTEXT() REPRESENTATION_CONTEXT('2D SPACE',''
  ) );
#311 = PCURVE('',#124,#312);
#312 = DEFINITIONAL_REPRESENTATION('',(#313),#317);
#313 = LINE('',#314,#315);
#314 = CARTESIAN_POINT('',(0.,0.));
#315 = VECTOR('',#316,1.);
#316 = DIRECTION('',(1.,0.));
#317 = ( GEOMETRIC_REPRESENTATION_CONTEXT(2) 
PARAMETRIC_REPRESENTATION_CONTEXT() REPRESENTATION_CONTEXT('2D SPACE',''
  ) );
#318 = ORIENTED_EDGE('',*,*,#73,.T.);
#319 = ORIENTED_EDGE('',*,*,#142,.T.);
#320 = ADVANCED_FACE('',(#321),#124,.T.);
#321 = FACE_BOUND('',#322,.T.);
#322 = EDGE_LOOP('',(#323,#346,#409,#448,#482,#545,#546,#547,#548));
#323 = ORIENTED_EDGE('',*,*,#324,.T.);
#324 = EDGE_CURVE('',#199,#325,#327,.T.);
#325 = VERTEX_POINT('',#326);
#326 = CARTESIAN_POINT('',(40.676234053643,-34.2,50.978677808825));
#327 = SEAM_CURVE('',#328,(#332,#339),.PCURVE_S1.);
#328 = LINE('',#329,#330);
#329 = CARTESIAN_POINT('',(14.276234053643,-31.9,55.078677808825));
#330 = VECTOR('',#331,1.);
#331 = DIRECTION('',(0.984512788067,-8.57719474452E-02,-0.152897819359)
  );
#332 = PCURVE('',#124,#333);
#333 = DEFINITIONAL_REPRESENTATION('',(#334),#338);
#334 = LINE('',#335,#336);
#335 = CARTESIAN_POINT('',(6.28318530718,-0.));
#336 = VECTOR('',#337,1.);
#337 = DIRECTION('',(0.,1.));
#338 = ( GEOMETRIC_REPRESENTATION_CONTEXT(2) 
PARAMETRIC_REPRESENTATION_CONTEXT() REPRESENTATION_CONTEXT('2D SPACE',''
  ) );
#339 = PCURVE('',#124,#340);
#340 = DEFINITIONAL_REPRESENTATION('',(#341),#345);
#341 = LINE('',#342,#343);
#342 = CARTESIAN_POINT('',(0.,-0.));
#343 = VECTOR('',#344,1.);
#344 = DIRECTION('',(0.,1.));
#345 = ( GEOMETRIC_REPRESENTATION_CONTEXT(2) 
PARAMETRIC_REPRESENTATION_CONTEXT() REPRESENTATION_CONTEXT('2D SPACE',''
  ) );
#346 = ORIENTED_EDGE('',*,*,#347,.F.);
#347 = EDGE_CURVE('',#348,#325,#350,.T.);
#348 = VERTEX_POINT('',#349);
#349 = CARTESIAN_POINT('',(40.551606311613,-32.4066440494,
    49.170167790295));
#350 = SURFACE_CURVE('',#351,(#356,#363),.PCURVE_S1.);
#351 = CIRCLE('',#352,1.8);
#352 = AXIS2_PLACEMENT_3D('',#353,#354,#355);
#353 = CARTESIAN_POINT('',(40.4,-34.2,49.2));
#354 = DIRECTION('',(0.984512788067,-8.57719474452E-02,-0.152897819359)
  );
#355 = DIRECTION('',(0.153463363135,-1.734723475977E-18,0.988154338236)
  );
#356 = PCURVE('',#124,#357);
#357 = DEFINITIONAL_REPRESENTATION('',(#358),#362);
#358 = LINE('',#359,#360);
#359 = CARTESIAN_POINT('',(0.,26.815294143455));
#360 = VECTOR('',#361,1.);
#361 = DIRECTION('',(1.,0.));
#362 = ( GEOMETRIC_REPRESENTATION_CONTEXT(2) 
PARAMETRIC_REPRESENTATION_CONTEXT() REPRESENTATION_CONTEXT('2D SPACE',''
  ) );
#363 = PCURVE('',#364,#369);
#364 = SPHERICAL_SURFACE('',#365,1.8);
#365 = AXIS2_PLACEMENT_3D('',#366,#367,#368);
#366 = CARTESIAN_POINT('',(40.4,-34.2,49.2));
#367 = DIRECTION('',(0.,0.,1.));
#368 = DIRECTION('',(1.,0.,-0.));
#369 = DEFINITIONAL_REPRESENTATION('',(#370),#408);
#370 = B_SPLINE_CURVE_WITH_KNOTS('',8,(#371,#372,#373,#374,#375,#376,
    #377,#378,#379,#380,#381,#382,#383,#384,#385,#386,#387,#388,#389,
    #390,#391,#392,#393,#394,#395,#396,#397,#398,#399,#400,#401,#402,
    #403,#404,#405,#406,#407),.UNSPECIFIED.,.F.,.F.,(9,7,7,7,7,9),(
    4.708937410761,5.49606135897,5.889623333075,6.086404320127,
    6.184794813653,6.28318530718),.UNSPECIFIED.);
#371 = CARTESIAN_POINT('',(7.769644392366,-1.65742086601E-02));
#372 = CARTESIAN_POINT('',(7.754596567135,8.065909000703E-02));
#373 = CARTESIAN_POINT('',(7.739603161033,0.177896591511));
#374 = CARTESIAN_POINT('',(7.724238993387,0.275105463409));
#375 = CARTESIAN_POINT('',(7.708044123224,0.372249899648));
#376 = CARTESIAN_POINT('',(7.690585281419,0.469296881554));
#377 = CARTESIAN_POINT('',(7.670990258591,0.566177773235));
#378 = CARTESIAN_POINT('',(7.648369004278,0.662824537974));
#379 = CARTESIAN_POINT('',(7.605499758124,0.807095751803));
#380 = CARTESIAN_POINT('',(7.589719522449,0.855069565564));
#381 = CARTESIAN_POINT('',(7.572085175648,0.902898252196));
#382 = CARTESIAN_POINT('',(7.552075930934,0.950539548555));
#383 = CARTESIAN_POINT('',(7.529030397761,0.997942741303));
#384 = CARTESIAN_POINT('',(7.501786378613,1.045010473991));
#385 = CARTESIAN_POINT('',(7.468783740932,1.091621157783));
#386 = CARTESIAN_POINT('',(7.404798023861,1.160348529504));
#387 = CARTESIAN_POINT('',(7.381055902495,1.183059523519));
#388 = CARTESIAN_POINT('',(7.354410225019,1.205530318535));
#389 = CARTESIAN_POINT('',(7.324233608765,1.227705270944));
#390 = CARTESIAN_POINT('',(7.289654236655,1.249508057637));
#391 = CARTESIAN_POINT('',(7.24953995712,1.270830492535));
#392 = CARTESIAN_POINT('',(7.202145104273,1.291510150351));
#393 = CARTESIAN_POINT('',(7.116484696042,1.321142963664));
#394 = CARTESIAN_POINT('',(7.085503269471,1.33078944744));
#395 = CARTESIAN_POINT('',(7.051790593485,1.340169681911));
#396 = CARTESIAN_POINT('',(7.015000810805,1.349240852836));
#397 = CARTESIAN_POINT('',(6.974749432703,1.357951266264));
#398 = CARTESIAN_POINT('',(6.930618127536,1.366236987441));
#399 = CARTESIAN_POINT('',(6.882203718452,1.37401973721));
#400 = CARTESIAN_POINT('',(6.77630577061,1.388399203501));
#401 = CARTESIAN_POINT('',(6.718822148505,1.394996016804));
#402 = CARTESIAN_POINT('',(6.656552195892,1.400909375647));
#403 = CARTESIAN_POINT('',(6.589398186287,1.406039485447));
#404 = CARTESIAN_POINT('',(6.517527931086,1.410274632965));
#405 = CARTESIAN_POINT('',(6.441637614757,1.413509495715));
#406 = CARTESIAN_POINT('',(6.363031648432,1.415669226421));
#407 = CARTESIAN_POINT('',(6.28318530718,1.416724119451));
#408 = ( GEOMETRIC_REPRESENTATION_CONTEXT(2) 
PARAMETRIC_REPRESENTATION_CONTEXT() REPRESENTATION_CONTEXT('2D SPACE',''
  ) );
#409 = ORIENTED_EDGE('',*,*,#410,.F.);
#410 = EDGE_CURVE('',#411,#348,#413,.T.);
#411 = VERTEX_POINT('',#412);
#412 = CARTESIAN_POINT('',(39.04568348375,-34.24658690966,
    47.594274917399));
#413 = SURFACE_CURVE('',#414,(#419,#431),.PCURVE_S1.);
#414 = ELLIPSE('',#415,2.102672191078,1.8);
#415 = AXIS2_PLACEMENT_3D('',#416,#417,#418);
#416 = CARTESIAN_POINT('',(40.4,-34.2,49.2));
#417 = DIRECTION('',(0.763321693655,-7.520287410876E-02,-0.641626464325)
  );
#418 = DIRECTION('',(0.640504503204,-4.139058269582E-02,0.76683818439));
#419 = PCURVE('',#124,#420);
#420 = DEFINITIONAL_REPRESENTATION('',(#421),#430);
#421 = B_SPLINE_CURVE_WITH_KNOTS('',7,(#422,#423,#424,#425,#426,#427,
    #428,#429),.UNSPECIFIED.,.F.,.F.,(8,8),(3.067151229319,
    4.712389256413),.PIECEWISE_BEZIER_KNOTS.);
#422 = CARTESIAN_POINT('',(3.063699659696,25.731459927703));
#423 = CARTESIAN_POINT('',(3.298733663566,25.712461770067));
#424 = CARTESIAN_POINT('',(3.533767667436,25.763316027619));
#425 = CARTESIAN_POINT('',(3.768801671311,25.885723004012));
#426 = CARTESIAN_POINT('',(4.003835675177,26.071999025156));
#427 = CARTESIAN_POINT('',(4.238869679049,26.304405216142));
#428 = CARTESIAN_POINT('',(4.473903682919,26.559849096511));
#429 = CARTESIAN_POINT('',(4.70893768679,26.815294443455));
#430 = ( GEOMETRIC_REPRESENTATION_CONTEXT(2) 
PARAMETRIC_REPRESENTATION_CONTEXT() REPRESENTATION_CONTEXT('2D SPACE',''
  ) );
#431 = PCURVE('',#432,#437);
#432 = CYLINDRICAL_SURFACE('',#433,1.8);
#433 = AXIS2_PLACEMENT_3D('',#434,#435,#436);
#434 = CARTESIAN_POINT('',(40.4,-34.2,49.2));
#435 = DIRECTION('',(0.322375707828,-4.298342771042E-02,-0.945635409629)
  );
#436 = DIRECTION('',(-0.946510188179,0.,-0.322673927788));
#437 = DEFINITIONAL_REPRESENTATION('',(#438),#447);
#438 = B_SPLINE_CURVE_WITH_KNOTS('',7,(#439,#440,#441,#442,#443,#444,
    #445,#446),.UNSPECIFIED.,.F.,.F.,(8,8),(3.067151229319,
    4.712389256413),.PIECEWISE_BEZIER_KNOTS.);
#439 = CARTESIAN_POINT('',(3.947459643112E-15,1.083834215751));
#440 = CARTESIAN_POINT('',(0.235034003871,1.102832373388));
#441 = CARTESIAN_POINT('',(0.470068007741,1.051978115837));
#442 = CARTESIAN_POINT('',(0.705102011611,0.929571139439));
#443 = CARTESIAN_POINT('',(0.940136015483,0.743295118299));
#444 = CARTESIAN_POINT('',(1.175170019353,0.510888927313));
#445 = CARTESIAN_POINT('',(1.410204023223,0.255445046944));
#446 = CARTESIAN_POINT('',(1.645238027094,-2.999998187647E-07));
#447 = ( GEOMETRIC_REPRESENTATION_CONTEXT(2) 
PARAMETRIC_REPRESENTATION_CONTEXT() REPRESENTATION_CONTEXT('2D SPACE',''
  ) );
#448 = ORIENTED_EDGE('',*,*,#449,.F.);
#449 = EDGE_CURVE('',#450,#411,#452,.T.);
#450 = VERTEX_POINT('',#451);
#451 = CARTESIAN_POINT('',(40.248393688387,-35.99335595059,
    49.229832209704));
#452 = SURFACE_CURVE('',#453,(#458,#470),.PCURVE_S1.);
#453 = ELLIPSE('',#454,2.102672191078,1.8);
#454 = AXIS2_PLACEMENT_3D('',#455,#456,#457);
#455 = CARTESIAN_POINT('',(40.4,-34.2,49.2));
#456 = DIRECTION('',(0.763321693655,-7.520287410876E-02,-0.641626464325)
  );
#457 = DIRECTION('',(0.640504503204,-4.139058269582E-02,0.76683818439));
#458 = PCURVE('',#124,#459);
#459 = DEFINITIONAL_REPRESENTATION('',(#460),#469);
#460 = B_SPLINE_CURVE_WITH_KNOTS('',7,(#461,#462,#463,#464,#465,#466,
    #467,#468),.UNSPECIFIED.,.F.,.F.,(8,8),(1.570795800892,
    3.067151229319),.PIECEWISE_BEZIER_KNOTS.);
#461 = CARTESIAN_POINT('',(1.567344231269,26.815294715029));
#462 = CARTESIAN_POINT('',(1.781109292472,26.582965395338));
#463 = CARTESIAN_POINT('',(1.994874353676,26.350636691642));
#464 = CARTESIAN_POINT('',(2.208639414881,26.135643589652));
#465 = CARTESIAN_POINT('',(2.422404476084,25.955345507009));
#466 = CARTESIAN_POINT('',(2.636169537288,25.82379931111));
#467 = CARTESIAN_POINT('',(2.849934598492,25.748738884207));
#468 = CARTESIAN_POINT('',(3.063699659696,25.731459927703));
#469 = ( GEOMETRIC_REPRESENTATION_CONTEXT(2) 
PARAMETRIC_REPRESENTATION_CONTEXT() REPRESENTATION_CONTEXT('2D SPACE',''
  ) );
#470 = PCURVE('',#432,#471);
#471 = DEFINITIONAL_REPRESENTATION('',(#472),#481);
#472 = B_SPLINE_CURVE_WITH_KNOTS('',7,(#473,#474,#475,#476,#477,#478,
    #479,#480),.UNSPECIFIED.,.F.,.F.,(8,8),(1.570795800892,
    3.067151229319),.PIECEWISE_BEZIER_KNOTS.);
#473 = CARTESIAN_POINT('',(4.786829878752,-5.715746311807E-07));
#474 = CARTESIAN_POINT('',(5.000594939956,0.232328748117));
#475 = CARTESIAN_POINT('',(5.21436000116,0.464657451816));
#476 = CARTESIAN_POINT('',(5.428125062364,0.6796505538));
#477 = CARTESIAN_POINT('',(5.641890123568,0.859948636454));
#478 = CARTESIAN_POINT('',(5.855655184772,0.991494832343));
#479 = CARTESIAN_POINT('',(6.069420245976,1.066555259247));
#480 = CARTESIAN_POINT('',(6.28318530718,1.083834215751));
#481 = ( GEOMETRIC_REPRESENTATION_CONTEXT(2) 
PARAMETRIC_REPRESENTATION_CONTEXT() REPRESENTATION_CONTEXT('2D SPACE',''
  ) );
#482 = ORIENTED_EDGE('',*,*,#483,.F.);
#483 = EDGE_CURVE('',#325,#450,#484,.T.);
#484 = SURFACE_CURVE('',#485,(#490,#497),.PCURVE_S1.);
#485 = CIRCLE('',#486,1.8);
#486 = AXIS2_PLACEMENT_3D('',#487,#488,#489);
#487 = CARTESIAN_POINT('',(40.4,-34.2,49.2));
#488 = DIRECTION('',(0.984512788067,-8.57719474452E-02,-0.152897819359)
  );
#489 = DIRECTION('',(0.153463363135,-1.734723475977E-18,0.988154338236)
  );
#490 = PCURVE('',#124,#491);
#491 = DEFINITIONAL_REPRESENTATION('',(#492),#496);
#492 = LINE('',#493,#494);
#493 = CARTESIAN_POINT('',(0.,26.815294143455));
#494 = VECTOR('',#495,1.);
#495 = DIRECTION('',(1.,0.));
#496 = ( GEOMETRIC_REPRESENTATION_CONTEXT(2) 
PARAMETRIC_REPRESENTATION_CONTEXT() REPRESENTATION_CONTEXT('2D SPACE',''
  ) );
#497 = PCURVE('',#364,#498);
#498 = DEFINITIONAL_REPRESENTATION('',(#499),#544);
#499 = B_SPLINE_CURVE_WITH_KNOTS('',8,(#500,#501,#502,#503,#504,#505,
    #506,#507,#508,#509,#510,#511,#512,#513,#514,#515,#516,#517,#518,
    #519,#520,#521,#522,#523,#524,#525,#526,#527,#528,#529,#530,#531,
    #532,#533,#534,#535,#536,#537,#538,#539,#540,#541,#542,#543),
  .UNSPECIFIED.,.F.,.F.,(9,7,7,7,7,7,9),(0.,9.795904732322E-02,
    0.189795654189,0.361989292062,0.663328158339,1.115336457755,
    1.567344757172),.UNSPECIFIED.);
#500 = CARTESIAN_POINT('',(6.28318530718,1.416724119451));
#501 = CARTESIAN_POINT('',(6.20368909529,1.417774386733));
#502 = CARTESIAN_POINT('',(6.122964156745,1.417729378869));
#503 = CARTESIAN_POINT('',(6.042471402925,1.416559435449));
#504 = CARTESIAN_POINT('',(5.963867513536,1.414276103165));
#505 = CARTESIAN_POINT('',(5.888677814288,1.41094543787));
#506 = CARTESIAN_POINT('',(5.817714107243,1.40666579866));
#507 = CARTESIAN_POINT('',(5.751364188488,1.401540204674));
#508 = CARTESIAN_POINT('',(5.631873683088,1.390164446492));
#509 = CARTESIAN_POINT('',(5.578166855015,1.384004467637));
#510 = CARTESIAN_POINT('',(5.528626149755,1.37727184318));
#511 = CARTESIAN_POINT('',(5.483061444517,1.370045219226));
#512 = CARTESIAN_POINT('',(5.44116736204,1.362394081765));
#513 = CARTESIAN_POINT('',(5.402610203045,1.354376741837));
#514 = CARTESIAN_POINT('',(5.3670719784,1.346041177949));
#515 = CARTESIAN_POINT('',(5.27271322095,1.321280406605));
#516 = CARTESIAN_POINT('',(5.220731057488,1.304158328177));
#517 = CARTESIAN_POINT('',(5.176328686815,1.286332251772));
#518 = CARTESIAN_POINT('',(5.137824283633,1.267974370307));
#519 = CARTESIAN_POINT('',(5.104091026402,1.249199041014));
#520 = CARTESIAN_POINT('',(5.074230780848,1.23009005496));
#521 = CARTESIAN_POINT('',(5.047583667819,1.210708460012));
#522 = CARTESIAN_POINT('',(4.981702311468,1.156788170059));
#523 = CARTESIAN_POINT('',(4.948017370426,1.121783796041));
#524 = CARTESIAN_POINT('',(4.919782332176,1.086338110279));
#525 = CARTESIAN_POINT('',(4.895590909615,1.050565272814));
#526 = CARTESIAN_POINT('',(4.874475622626,1.014547471244));
#527 = CARTESIAN_POINT('',(4.855796250303,0.978335593091));
#528 = CARTESIAN_POINT('',(4.839076299282,0.941968708277));
#529 = CARTESIAN_POINT('',(4.801293240804,0.850734499252));
#530 = CARTESIAN_POINT('',(4.782237417757,0.795708809885));
#531 = CARTESIAN_POINT('',(4.765608103221,0.740493326635));
#532 = CARTESIAN_POINT('',(4.750790485597,0.685136431001));
#533 = CARTESIAN_POINT('',(4.737369515931,0.629670711541));
#534 = CARTESIAN_POINT('',(4.725029412421,0.574121029871));
#535 = CARTESIAN_POINT('',(4.713555125732,0.518504074339));
#536 = CARTESIAN_POINT('',(4.691975458483,0.407163963076));
#537 = CARTESIAN_POINT('',(4.681870498185,0.351440768631));
#538 = CARTESIAN_POINT('',(4.672274224556,0.295678162057));
#539 = CARTESIAN_POINT('',(4.663056037626,0.239886286426));
#540 = CARTESIAN_POINT('',(4.654112236729,0.184073177148));
#541 = CARTESIAN_POINT('',(4.645352709574,0.128245810316));
#542 = CARTESIAN_POINT('',(4.636692997765,7.241072345186E-02));
#543 = CARTESIAN_POINT('',(4.628051738776,1.657420866006E-02));
#544 = ( GEOMETRIC_REPRESENTATION_CONTEXT(2) 
PARAMETRIC_REPRESENTATION_CONTEXT() REPRESENTATION_CONTEXT('2D SPACE',''
  ) );
#545 = ORIENTED_EDGE('',*,*,#324,.F.);
#546 = ORIENTED_EDGE('',*,*,#198,.T.);
#547 = ORIENTED_EDGE('',*,*,#101,.T.);
#548 = ORIENTED_EDGE('',*,*,#256,.T.);
#549 = ADVANCED_FACE('',(#550),#364,.T.);
#550 = FACE_BOUND('',#551,.T.);
#551 = EDGE_LOOP('',(#552,#597,#598));
#552 = ORIENTED_EDGE('',*,*,#553,.T.);
#553 = EDGE_CURVE('',#450,#348,#554,.T.);
#554 = SURFACE_CURVE('',#555,(#560,#590),.PCURVE_S1.);
#555 = CIRCLE('',#556,1.8);
#556 = AXIS2_PLACEMENT_3D('',#557,#558,#559);
#557 = CARTESIAN_POINT('',(40.4,-34.2,49.2));
#558 = DIRECTION('',(-0.322375707828,4.298342771041E-02,0.945635409629)
  );
#559 = DIRECTION('',(-8.422572867394E-02,-0.996308861443,
    1.657344983583E-02));
#560 = PCURVE('',#364,#561);
#561 = DEFINITIONAL_REPRESENTATION('',(#562),#589);
#562 = B_SPLINE_CURVE_WITH_KNOTS('',7,(#563,#564,#565,#566,#567,#568,
    #569,#570,#571,#572,#573,#574,#575,#576,#577,#578,#579,#580,#581,
    #582,#583,#584,#585,#586,#587,#588),.UNSPECIFIED.,.F.,.F.,(8,6,6,6,8
    ),(0.,0.822618875533,1.645237751066,2.393415202328,3.14159265359),
  .UNSPECIFIED.);
#563 = CARTESIAN_POINT('',(4.628051738776,1.657420866007E-02));
#564 = CARTESIAN_POINT('',(4.739210491397,5.474968293413E-02));
#565 = CARTESIAN_POINT('',(4.850533768978,9.268650419327E-02));
#566 = CARTESIAN_POINT('',(4.962547849786,0.129612382045));
#567 = CARTESIAN_POINT('',(5.075770122773,0.164760610568));
#568 = CARTESIAN_POINT('',(5.190614755055,0.197357687852));
#569 = CARTESIAN_POINT('',(5.307306276291,0.226653434478));
#570 = CARTESIAN_POINT('',(5.544295883651,0.27733378739));
#571 = CARTESIAN_POINT('',(5.664594853383,0.29871851792));
#572 = CARTESIAN_POINT('',(5.786655731908,0.315494663165));
#573 = CARTESIAN_POINT('',(5.910193625465,0.327106348007));
#574 = CARTESIAN_POINT('',(6.034600305421,0.333173105774));
#575 = CARTESIAN_POINT('',(6.159141876086,0.333604453261));
#576 = CARTESIAN_POINT('',(6.39600364977,0.323958994638));
#577 = CARTESIAN_POINT('',(6.508409844033,0.314830079156));
#578 = CARTESIAN_POINT('',(6.619925441086,0.301279169665));
#579 = CARTESIAN_POINT('',(6.730134286165,0.283596917945));
#580 = CARTESIAN_POINT('',(6.838805839215,0.262207277037));
#581 = CARTESIAN_POINT('',(6.945921114333,0.237618240694));
#582 = CARTESIAN_POINT('',(7.157281361734,0.183117613738));
#583 = CARTESIAN_POINT('',(7.261526794938,0.15320628658));
#584 = CARTESIAN_POINT('',(7.364460030612,0.121175206402));
#585 = CARTESIAN_POINT('',(7.466355292395,8.760072606794E-02));
#586 = CARTESIAN_POINT('',(7.567580830277,5.306526459431E-02));
#587 = CARTESIAN_POINT('',(7.668544752308,1.81466443286E-02));
#588 = CARTESIAN_POINT('',(7.769644392366,-1.657420866008E-02));
#589 = ( GEOMETRIC_REPRESENTATION_CONTEXT(2) 
PARAMETRIC_REPRESENTATION_CONTEXT() REPRESENTATION_CONTEXT('2D SPACE',''
  ) );
#590 = PCURVE('',#432,#591);
#591 = DEFINITIONAL_REPRESENTATION('',(#592),#596);
#592 = LINE('',#593,#594);
#593 = CARTESIAN_POINT('',(4.786830404655,0.));
#594 = VECTOR('',#595,1.);
#595 = DIRECTION('',(-1.,-0.));
#596 = ( GEOMETRIC_REPRESENTATION_CONTEXT(2) 
PARAMETRIC_REPRESENTATION_CONTEXT() REPRESENTATION_CONTEXT('2D SPACE',''
  ) );
#597 = ORIENTED_EDGE('',*,*,#347,.T.);
#598 = ORIENTED_EDGE('',*,*,#483,.T.);
#599 = ADVANCED_FACE('',(#600),#432,.T.);
#600 = FACE_BOUND('',#601,.T.);
#601 = EDGE_LOOP('',(#602,#625,#665,#704,#740,#771,#772,#773,#774));
#602 = ORIENTED_EDGE('',*,*,#603,.T.);
#603 = EDGE_CURVE('',#411,#604,#606,.T.);
#604 = VERTEX_POINT('',#605);
#605 = CARTESIAN_POINT('',(50.696281661279,-35.8,13.419186929981));
#606 = SEAM_CURVE('',#607,(#611,#618),.PCURVE_S1.);
#607 = LINE('',#608,#609);
#608 = CARTESIAN_POINT('',(38.696281661279,-34.2,48.619186929981));
#609 = VECTOR('',#610,1.);
#610 = DIRECTION('',(0.322375707828,-4.298342771042E-02,-0.945635409629)
  );
#611 = PCURVE('',#432,#612);
#612 = DEFINITIONAL_REPRESENTATION('',(#613),#617);
#613 = LINE('',#614,#615);
#614 = CARTESIAN_POINT('',(6.28318530718,-0.));
#615 = VECTOR('',#616,1.);
#616 = DIRECTION('',(0.,1.));
#617 = ( GEOMETRIC_REPRESENTATION_CONTEXT(2) 
PARAMETRIC_REPRESENTATION_CONTEXT() REPRESENTATION_CONTEXT('2D SPACE',''
  ) );
#618 = PCURVE('',#432,#619);
#619 = DEFINITIONAL_REPRESENTATION('',(#620),#624);
#620 = LINE('',#621,#622);
#621 = CARTESIAN_POINT('',(0.,-0.));
#622 = VECTOR('',#623,1.);
#623 = DIRECTION('',(0.,1.));
#624 = ( GEOMETRIC_REPRESENTATION_CONTEXT(2) 
PARAMETRIC_REPRESENTATION_CONTEXT() REPRESENTATION_CONTEXT('2D SPACE',''
  ) );
#625 = ORIENTED_EDGE('',*,*,#626,.F.);
#626 = EDGE_CURVE('',#627,#604,#629,.T.);
#627 = VERTEX_POINT('',#628);
#628 = CARTESIAN_POINT('',(52.725153730317,-37.56007127932,
    14.190851102577));
#629 = SURFACE_CURVE('',#630,(#635,#642),.PCURVE_S1.);
#630 = CIRCLE('',#631,1.8);
#631 = AXIS2_PLACEMENT_3D('',#632,#633,#634);
#632 = CARTESIAN_POINT('',(52.4,-35.8,14.));
#633 = DIRECTION('',(0.322375707828,-4.298342771042E-02,-0.945635409629)
  );
#634 = DIRECTION('',(-0.946510188179,0.,-0.322673927788));
#635 = PCURVE('',#432,#636);
#636 = DEFINITIONAL_REPRESENTATION('',(#637),#641);
#637 = LINE('',#638,#639);
#638 = CARTESIAN_POINT('',(0.,37.223648397222));
#639 = VECTOR('',#640,1.);
#640 = DIRECTION('',(1.,0.));
#641 = ( GEOMETRIC_REPRESENTATION_CONTEXT(2) 
PARAMETRIC_REPRESENTATION_CONTEXT() REPRESENTATION_CONTEXT('2D SPACE',''
  ) );
#642 = PCURVE('',#643,#648);
#643 = SPHERICAL_SURFACE('',#644,1.8);
#644 = AXIS2_PLACEMENT_3D('',#645,#646,#647);
#645 = CARTESIAN_POINT('',(52.4,-35.8,14.));
#646 = DIRECTION('',(0.,0.,1.));
#647 = DIRECTION('',(1.,0.,-0.));
#648 = DEFINITIONAL_REPRESENTATION('',(#649),#664);
#649 = B_SPLINE_CURVE_WITH_KNOTS('',7,(#650,#651,#652,#653,#654,#655,
    #656,#657,#658,#659,#660,#661,#662,#663),.UNSPECIFIED.,.F.,.F.,(8,6,
    8),(4.505730014892,5.394457661036,6.28318530718),.UNSPECIFIED.);
#650 = CARTESIAN_POINT('',(4.895068329243,0.106228064318));
#651 = CARTESIAN_POINT('',(4.773644374237,6.697132046669E-02));
#652 = CARTESIAN_POINT('',(4.653406648102,2.590044257873E-02));
#653 = CARTESIAN_POINT('',(4.533787194619,-1.601436247262E-02));
#654 = CARTESIAN_POINT('',(4.414084803638,-5.780405914597E-02));
#655 = CARTESIAN_POINT('',(4.293580482599,-9.849165404793E-02));
#656 = CARTESIAN_POINT('',(4.171660811128,-0.137101747544));
#657 = CARTESIAN_POINT('',(3.924237546301,-0.208275784788));
#658 = CARTESIAN_POINT('',(3.798733879797,-0.240840453085));
#659 = CARTESIAN_POINT('',(3.671064010563,-0.269439587993));
#660 = CARTESIAN_POINT('',(3.541084408999,-0.293176958779));
#661 = CARTESIAN_POINT('',(3.409034633542,-0.311239655092));
#662 = CARTESIAN_POINT('',(3.275604684938,-0.323095947618));
#663 = CARTESIAN_POINT('',(3.14159265359,-0.328553170551));
#664 = ( GEOMETRIC_REPRESENTATION_CONTEXT(2) 
PARAMETRIC_REPRESENTATION_CONTEXT() REPRESENTATION_CONTEXT('2D SPACE',''
  ) );
#665 = ORIENTED_EDGE('',*,*,#666,.F.);
#666 = EDGE_CURVE('',#667,#627,#669,.T.);
#667 = VERTEX_POINT('',#668);
#668 = CARTESIAN_POINT('',(53.751488271793,-35.62407165089,
    15.599580713791));
#669 = SURFACE_CURVE('',#670,(#675,#687),.PCURVE_S1.);
#670 = ELLIPSE('',#671,2.106591346506,1.8);
#671 = AXIS2_PLACEMENT_3D('',#672,#673,#674);
#672 = CARTESIAN_POINT('',(52.4,-35.8,14.));
#673 = DIRECTION('',(0.758199813407,6.977381253166E-02,-0.648278225791)
  );
#674 = DIRECTION('',(-0.626499709541,-0.197496307646,-0.753984961662));
#675 = PCURVE('',#432,#676);
#676 = DEFINITIONAL_REPRESENTATION('',(#677),#686);
#677 = B_SPLINE_CURVE_WITH_KNOTS('',7,(#678,#679,#680,#681,#682,#683,
    #684,#685),.UNSPECIFIED.,.F.,.F.,(8,8),(3.276282477934,
    4.712389254484),.PIECEWISE_BEZIER_KNOTS.);
#678 = CARTESIAN_POINT('',(3.069623512442,36.139153218466));
#679 = CARTESIAN_POINT('',(3.274781623377,36.169303301095));
#680 = CARTESIAN_POINT('',(3.479939734313,36.25270784428));
#681 = CARTESIAN_POINT('',(3.685097845249,36.387289858874));
#682 = CARTESIAN_POINT('',(3.890255956184,36.565502341462));
#683 = CARTESIAN_POINT('',(4.09541406712,36.77459611172));
#684 = CARTESIAN_POINT('',(4.300572178056,36.999122185161));
#685 = CARTESIAN_POINT('',(4.505730288992,37.223648697198));
#686 = ( GEOMETRIC_REPRESENTATION_CONTEXT(2) 
PARAMETRIC_REPRESENTATION_CONTEXT() REPRESENTATION_CONTEXT('2D SPACE',''
  ) );
#687 = PCURVE('',#688,#693);
#688 = CYLINDRICAL_SURFACE('',#689,1.8);
#689 = AXIS2_PLACEMENT_3D('',#690,#691,#692);
#690 = CARTESIAN_POINT('',(52.4,-35.8,14.));
#691 = DIRECTION('',(0.973328526785,0.162221421131,-0.162221421131));
#692 = DIRECTION('',(0.164398987305,0.,0.986393923832));
#693 = DEFINITIONAL_REPRESENTATION('',(#694),#703);
#694 = B_SPLINE_CURVE_WITH_KNOTS('',7,(#695,#696,#697,#698,#699,#700,
    #701,#702),.UNSPECIFIED.,.F.,.F.,(8,8),(3.276282477934,
    4.712389254484),.PIECEWISE_BEZIER_KNOTS.);
#695 = CARTESIAN_POINT('',(7.894919286223E-15,1.084495178756));
#696 = CARTESIAN_POINT('',(0.205158110936,1.054345096127));
#697 = CARTESIAN_POINT('',(0.410316221871,0.970940552951));
#698 = CARTESIAN_POINT('',(0.615474332807,0.836358538309));
#699 = CARTESIAN_POINT('',(0.820632443743,0.658146055798));
#700 = CARTESIAN_POINT('',(1.025790554678,0.44905228549));
#701 = CARTESIAN_POINT('',(1.230948665614,0.224526212061));
#702 = CARTESIAN_POINT('',(1.43610677655,-2.999760795319E-07));
#703 = ( GEOMETRIC_REPRESENTATION_CONTEXT(2) 
PARAMETRIC_REPRESENTATION_CONTEXT() REPRESENTATION_CONTEXT('2D SPACE',''
  ) );
#704 = ORIENTED_EDGE('',*,*,#705,.F.);
#705 = EDGE_CURVE('',#706,#667,#708,.T.);
#706 = VERTEX_POINT('',#707);
#707 = CARTESIAN_POINT('',(52.074846269683,-34.03992872067,
    13.809148897423));
#708 = SURFACE_CURVE('',#709,(#714,#727),.PCURVE_S1.);
#709 = ELLIPSE('',#710,2.106591346506,1.8);
#710 = AXIS2_PLACEMENT_3D('',#711,#712,#713);
#711 = CARTESIAN_POINT('',(52.4,-35.8,14.));
#712 = DIRECTION('',(0.758199813407,6.977381253166E-02,-0.648278225791)
  );
#713 = DIRECTION('',(-0.626499709541,-0.197496307646,-0.753984961662));
#714 = PCURVE('',#432,#715);
#715 = DEFINITIONAL_REPRESENTATION('',(#716),#726);
#716 = B_SPLINE_CURVE_WITH_KNOTS('',8,(#717,#718,#719,#720,#721,#722,
    #723,#724,#725),.UNSPECIFIED.,.F.,.F.,(9,9),(1.570795658534,
    3.276282477934),.PIECEWISE_BEZIER_KNOTS.);
#717 = CARTESIAN_POINT('',(1.364136693041,37.223649128572));
#718 = CARTESIAN_POINT('',(1.577322545466,36.990336998516));
#719 = CARTESIAN_POINT('',(1.790508397891,36.757024730086));
#720 = CARTESIAN_POINT('',(2.003694250307,36.53987114194));
#721 = CARTESIAN_POINT('',(2.216880102753,36.355030044389));
#722 = CARTESIAN_POINT('',(2.430065955155,36.216321577012));
#723 = CARTESIAN_POINT('',(2.64325180759,36.132823180706));
#724 = CARTESIAN_POINT('',(2.856437660017,36.107823377122));
#725 = CARTESIAN_POINT('',(3.069623512442,36.139153218466));
#726 = ( GEOMETRIC_REPRESENTATION_CONTEXT(2) 
PARAMETRIC_REPRESENTATION_CONTEXT() REPRESENTATION_CONTEXT('2D SPACE',''
  ) );
#727 = PCURVE('',#688,#728);
#728 = DEFINITIONAL_REPRESENTATION('',(#729),#739);
#729 = B_SPLINE_CURVE_WITH_KNOTS('',8,(#730,#731,#732,#733,#734,#735,
    #736,#737,#738),.UNSPECIFIED.,.F.,.F.,(9,9),(1.570795658534,
    3.276282477934),.PIECEWISE_BEZIER_KNOTS.);
#730 = CARTESIAN_POINT('',(4.577698487779,-7.313498215922E-07));
#731 = CARTESIAN_POINT('',(4.790884340204,0.233311398706));
#732 = CARTESIAN_POINT('',(5.00407019263,0.466623667103));
#733 = CARTESIAN_POINT('',(5.217256045055,0.683777255329));
#734 = CARTESIAN_POINT('',(5.43044189748,0.868618352734));
#735 = CARTESIAN_POINT('',(5.643627749904,1.007326820283));
#736 = CARTESIAN_POINT('',(5.85681360233,1.090825216472));
#737 = CARTESIAN_POINT('',(6.069999454755,1.115825020099));
#738 = CARTESIAN_POINT('',(6.28318530718,1.084495178756));
#739 = ( GEOMETRIC_REPRESENTATION_CONTEXT(2) 
PARAMETRIC_REPRESENTATION_CONTEXT() REPRESENTATION_CONTEXT('2D SPACE',''
  ) );
#740 = ORIENTED_EDGE('',*,*,#741,.F.);
#741 = EDGE_CURVE('',#604,#706,#742,.T.);
#742 = SURFACE_CURVE('',#743,(#748,#755),.PCURVE_S1.);
#743 = CIRCLE('',#744,1.8);
#744 = AXIS2_PLACEMENT_3D('',#745,#746,#747);
#745 = CARTESIAN_POINT('',(52.4,-35.8,14.));
#746 = DIRECTION('',(0.322375707828,-4.298342771042E-02,-0.945635409629)
  );
#747 = DIRECTION('',(-0.946510188179,0.,-0.322673927788));
#748 = PCURVE('',#432,#749);
#749 = DEFINITIONAL_REPRESENTATION('',(#750),#754);
#750 = LINE('',#751,#752);
#751 = CARTESIAN_POINT('',(0.,37.223648397222));
#752 = VECTOR('',#753,1.);
#753 = DIRECTION('',(1.,0.));
#754 = ( GEOMETRIC_REPRESENTATION_CONTEXT(2) 
PARAMETRIC_REPRESENTATION_CONTEXT() REPRESENTATION_CONTEXT('2D SPACE',''
  ) );
#755 = PCURVE('',#643,#756);
#756 = DEFINITIONAL_REPRESENTATION('',(#757),#770);
#757 = B_SPLINE_CURVE_WITH_KNOTS('',6,(#758,#759,#760,#761,#762,#763,
    #764,#765,#766,#767,#768,#769),.UNSPECIFIED.,.F.,.F.,(7,5,7),(0.,
    0.682068680651,1.364137361303),.UNSPECIFIED.);
#758 = CARTESIAN_POINT('',(3.14159265359,-0.328553170551));
#759 = CARTESIAN_POINT('',(3.021601287531,-0.333439445523));
#760 = CARTESIAN_POINT('',(2.901130879501,-0.333049161139));
#761 = CARTESIAN_POINT('',(2.780810008946,-0.327227676862));
#762 = CARTESIAN_POINT('',(2.661391677017,-0.316098991219));
#763 = CARTESIAN_POINT('',(2.543390353844,-0.300088424746));
#764 = CARTESIAN_POINT('',(2.310648245435,-0.259441056048));
#765 = CARTESIAN_POINT('',(2.195907553221,-0.234804597069));
#766 = CARTESIAN_POINT('',(2.08301697116,-0.206425881971));
#767 = CARTESIAN_POINT('',(1.971894564519,-0.17503182867));
#768 = CARTESIAN_POINT('',(1.862195960593,-0.141377671964));
#769 = CARTESIAN_POINT('',(1.753475675653,-0.106228064318));
#770 = ( GEOMETRIC_REPRESENTATION_CONTEXT(2) 
PARAMETRIC_REPRESENTATION_CONTEXT() REPRESENTATION_CONTEXT('2D SPACE',''
  ) );
#771 = ORIENTED_EDGE('',*,*,#603,.F.);
#772 = ORIENTED_EDGE('',*,*,#410,.T.);
#773 = ORIENTED_EDGE('',*,*,#553,.F.);
#774 = ORIENTED_EDGE('',*,*,#449,.T.);
#775 = ADVANCED_FACE('',(#776),#643,.T.);
#776 = FACE_BOUND('',#777,.T.);
#777 = EDGE_LOOP('',(#778,#883,#884));
#778 = ORIENTED_EDGE('',*,*,#779,.F.);
#779 = EDGE_CURVE('',#627,#706,#780,.T.);
#780 = SURFACE_CURVE('',#781,(#786,#876),.PCURVE_S1.);
#781 = CIRCLE('',#782,1.8);
#782 = AXIS2_PLACEMENT_3D('',#783,#784,#785);
#783 = CARTESIAN_POINT('',(52.4,-35.8,14.));
#784 = DIRECTION('',(0.973328526785,0.162221421131,-0.162221421131));
#785 = DIRECTION('',(0.164398987305,0.,0.986393923832));
#786 = PCURVE('',#643,#787);
#787 = DEFINITIONAL_REPRESENTATION('',(#788),#875);
#788 = B_SPLINE_CURVE_WITH_KNOTS('',8,(#789,#790,#791,#792,#793,#794,
    #795,#796,#797,#798,#799,#800,#801,#802,#803,#804,#805,#806,#807,
    #808,#809,#810,#811,#812,#813,#814,#815,#816,#817,#818,#819,#820,
    #821,#822,#823,#824,#825,#826,#827,#828,#829,#830,#831,#832,#833,
    #834,#835,#836,#837,#838,#839,#840,#841,#842,#843,#844,#845,#846,
    #847,#848,#849,#850,#851,#852,#853,#854,#855,#856,#857,#858,#859,
    #860,#861,#862,#863,#864,#865,#866,#867,#868,#869,#870,#871,#872,
    #873,#874),.UNSPECIFIED.,.F.,.F.,(9,7,7,7,7,7,7,7,7,7,7,7,9),(
    1.436106502451,2.221504665848,2.516028977122,2.773737749487,
    2.886485337397,2.992186201062,3.091280760748,3.184181910454,
    3.271276738303,3.43457954052,3.7203594444,4.14902930022,
    4.57769915604),.UNSPECIFIED.);
#789 = CARTESIAN_POINT('',(4.895068329243,0.106228064318));
#790 = CARTESIAN_POINT('',(4.878961201824,9.368564945128E-03));
#791 = CARTESIAN_POINT('',(4.863233810401,-8.752214996275E-02));
#792 = CARTESIAN_POINT('',(4.847414431943,-0.184405316098));
#793 = CARTESIAN_POINT('',(4.831070421169,-0.281245292457));
#794 = CARTESIAN_POINT('',(4.813774172802,-0.378007186551));
#795 = CARTESIAN_POINT('',(4.794843601282,-0.474634343482));
#796 = CARTESIAN_POINT('',(4.773500409191,-0.571063118337));
#797 = CARTESIAN_POINT('',(4.738018933739,-0.703144149969));
#798 = CARTESIAN_POINT('',(4.727714731395,-0.739114238005));
#799 = CARTESIAN_POINT('',(4.716674231752,-0.775023194378));
#800 = CARTESIAN_POINT('',(4.704764290714,-0.810859861376));
#801 = CARTESIAN_POINT('',(4.691812725765,-0.846609701023));
#802 = CARTESIAN_POINT('',(4.67759768202,-0.88225393762));
#803 = CARTESIAN_POINT('',(4.661816715848,-0.917766820881));
#804 = CARTESIAN_POINT('',(4.628431359169,-0.984032740997));
#805 = CARTESIAN_POINT('',(4.611301696937,-1.014825925681));
#806 = CARTESIAN_POINT('',(4.592312634208,-1.045461149287));
#807 = CARTESIAN_POINT('',(4.571069014495,-1.075904556994));
#808 = CARTESIAN_POINT('',(4.547025841059,-1.106107259572));
#809 = CARTESIAN_POINT('',(4.519443127882,-1.13600331871));
#810 = CARTESIAN_POINT('',(4.487230519864,-1.165494327775));
#811 = CARTESIAN_POINT('',(4.431630643944,-1.207047624264));
#812 = CARTESIAN_POINT('',(4.413471365561,-1.219582556498));
#813 = CARTESIAN_POINT('',(4.393920394237,-1.231990243038));
#814 = CARTESIAN_POINT('',(4.372796855661,-1.244252894795));
#815 = CARTESIAN_POINT('',(4.349884901106,-1.256348729493));
#816 = CARTESIAN_POINT('',(4.324925491393,-1.268250245083));
#817 = CARTESIAN_POINT('',(4.297608180864,-1.279922493168));
#818 = CARTESIAN_POINT('',(4.239395451785,-1.302007782973));
#819 = CARTESIAN_POINT('',(4.208830552301,-1.312453779428));
#820 = CARTESIAN_POINT('',(4.175564564271,-1.322622623588));
#821 = CARTESIAN_POINT('',(4.139248919113,-1.332469467663));
#822 = CARTESIAN_POINT('',(4.099493789,-1.34194002561));
#823 = CARTESIAN_POINT('',(4.055869149525,-1.350966898632));
#824 = CARTESIAN_POINT('',(4.007949439732,-1.35946702905));
#825 = CARTESIAN_POINT('',(3.906227948545,-1.374728227741));
#826 = CARTESIAN_POINT('',(3.852981219641,-1.381564851253));
#827 = CARTESIAN_POINT('',(3.795469883548,-1.38777371989));
#828 = CARTESIAN_POINT('',(3.733571438998,-1.393266098123));
#829 = CARTESIAN_POINT('',(3.667345046477,-1.397942814246));
#830 = CARTESIAN_POINT('',(3.597234404918,-1.401706206304));
#831 = CARTESIAN_POINT('',(3.524167153575,-1.404477887875));
#832 = CARTESIAN_POINT('',(3.379132689426,-1.407842728118));
#833 = CARTESIAN_POINT('',(3.307382126691,-1.408561155836));
#834 = CARTESIAN_POINT('',(3.23502279994,-1.408333936002));
#835 = CARTESIAN_POINT('',(3.163203441061,-1.407150651856));
#836 = CARTESIAN_POINT('',(3.093132303331,-1.405035941305));
#837 = CARTESIAN_POINT('',(3.025701147504,-1.402046340689));
#838 = CARTESIAN_POINT('',(2.961477115589,-1.398251509128));
#839 = CARTESIAN_POINT('',(2.843842766105,-1.389483743527));
#840 = CARTESIAN_POINT('',(2.790007234051,-1.384599260787));
#841 = CARTESIAN_POINT('',(2.739506327763,-1.379134263458));
#842 = CARTESIAN_POINT('',(2.692379658303,-1.373154006931));
#843 = CARTESIAN_POINT('',(2.648515670279,-1.366719844145));
#844 = CARTESIAN_POINT('',(2.607723877006,-1.359886337269));
#845 = CARTESIAN_POINT('',(2.569791143892,-1.352701116001));
#846 = CARTESIAN_POINT('',(2.468310034906,-1.331151106533));
#847 = CARTESIAN_POINT('',(2.411390986403,-1.316005355315));
#848 = CARTESIAN_POINT('',(2.362264851203,-1.300040431596));
#849 = CARTESIAN_POINT('',(2.319384372864,-1.28344861899));
#850 = CARTESIAN_POINT('',(2.281638855482,-1.266359229025));
#851 = CARTESIAN_POINT('',(2.248121964805,-1.248869666932));
#852 = CARTESIAN_POINT('',(2.218143512415,-1.231051463283));
#853 = CARTESIAN_POINT('',(2.143911312695,-1.181300166947));
#854 = CARTESIAN_POINT('',(2.105813920726,-1.148803803779));
#855 = CARTESIAN_POINT('',(2.073902831847,-1.11576610106));
#856 = CARTESIAN_POINT('',(2.046565932933,-1.082331364088));
#857 = CARTESIAN_POINT('',(2.022757697858,-1.048592631998));
#858 = CARTESIAN_POINT('',(2.001722121923,-1.014618691039));
#859 = CARTESIAN_POINT('',(1.98293585467,-0.980453477008));
#860 = CARTESIAN_POINT('',(1.940577512236,-0.894651732039));
#861 = CARTESIAN_POINT('',(1.919309594567,-0.842820587382));
#862 = CARTESIAN_POINT('',(1.900838354374,-0.790756024031));
#863 = CARTESIAN_POINT('',(1.884460689688,-0.738517198095));
#864 = CARTESIAN_POINT('',(1.869703708963,-0.686143783338));
#865 = CARTESIAN_POINT('',(1.856209814667,-0.633665891229));
#866 = CARTESIAN_POINT('',(1.843736129852,-0.581103591221));
#867 = CARTESIAN_POINT('',(1.820424728437,-0.47584391271));
#868 = CARTESIAN_POINT('',(1.809587461634,-0.423146487381));
#869 = CARTESIAN_POINT('',(1.799372033869,-0.370397807753));
#870 = CARTESIAN_POINT('',(1.78963532299,-0.317609715087));
#871 = CARTESIAN_POINT('',(1.780266371578,-0.264791361574));
#872 = CARTESIAN_POINT('',(1.771171656546,-0.211950451499));
#873 = CARTESIAN_POINT('',(1.762266936329,-0.159093922129));
#874 = CARTESIAN_POINT('',(1.753475675653,-0.106228064318));
#875 = ( GEOMETRIC_REPRESENTATION_CONTEXT(2) 
PARAMETRIC_REPRESENTATION_CONTEXT() REPRESENTATION_CONTEXT('2D SPACE',''
  ) );
#876 = PCURVE('',#688,#877);
#877 = DEFINITIONAL_REPRESENTATION('',(#878),#882);
#878 = LINE('',#879,#880);
#879 = CARTESIAN_POINT('',(0.,0.));
#880 = VECTOR('',#881,1.);
#881 = DIRECTION('',(1.,0.));
#882 = ( GEOMETRIC_REPRESENTATION_CONTEXT(2) 
PARAMETRIC_REPRESENTATION_CONTEXT() REPRESENTATION_CONTEXT('2D SPACE',''
  ) );
#883 = ORIENTED_EDGE('',*,*,#626,.T.);
#884 = ORIENTED_EDGE('',*,*,#741,.T.);
#885 = ADVANCED_FACE('',(#886),#688,.T.);
#886 = FACE_BOUND('',#887,.T.);
#887 = EDGE_LOOP('',(#888,#995,#1030,#1051,#1052,#1053,#1054,#1055,#1087
    ));
#888 = ORIENTED_EDGE('',*,*,#889,.F.);
#889 = EDGE_CURVE('',#890,#892,#894,.T.);
#890 = VERTEX_POINT('',#891);
#891 = CARTESIAN_POINT('',(76.812081691846,-32.95382873716,
    11.318661413907));
#892 = VERTEX_POINT('',#893);
#893 = CARTESIAN_POINT('',(75.987918308154,-30.64617126283,
    8.681338586093));
#894 = SURFACE_CURVE('',#895,(#900,#907),.PCURVE_S1.);
#895 = CIRCLE('',#896,1.8);
#896 = AXIS2_PLACEMENT_3D('',#897,#898,#899);
#897 = CARTESIAN_POINT('',(76.4,-31.8,10.));
#898 = DIRECTION('',(0.973328526785,0.162221421131,-0.162221421131));
#899 = DIRECTION('',(0.164398987305,0.,0.986393923832));
#900 = PCURVE('',#688,#901);
#901 = DEFINITIONAL_REPRESENTATION('',(#902),#906);
#902 = LINE('',#903,#904);
#903 = CARTESIAN_POINT('',(0.,24.657656011876));
#904 = VECTOR('',#905,1.);
#905 = DIRECTION('',(1.,0.));
#906 = ( GEOMETRIC_REPRESENTATION_CONTEXT(2) 
PARAMETRIC_REPRESENTATION_CONTEXT() REPRESENTATION_CONTEXT('2D SPACE',''
  ) );
#907 = PCURVE('',#908,#913);
#908 = SPHERICAL_SURFACE('',#909,1.8);
#909 = AXIS2_PLACEMENT_3D('',#910,#911,#912);
#910 = CARTESIAN_POINT('',(76.4,-31.8,10.));
#911 = DIRECTION('',(0.,0.,1.));
#912 = DIRECTION('',(1.,0.,-0.));
#913 = DEFINITIONAL_REPRESENTATION('',(#914),#994);
#914 = B_SPLINE_CURVE_WITH_KNOTS('',8,(#915,#916,#917,#918,#919,#920,
    #921,#922,#923,#924,#925,#926,#927,#928,#929,#930,#931,#932,#933,
    #934,#935,#936,#937,#938,#939,#940,#941,#942,#943,#944,#945,#946,
    #947,#948,#949,#950,#951,#952,#953,#954,#955,#956,#957,#958,#959,
    #960,#961,#962,#963,#964,#965,#966,#967,#968,#969,#970,#971,#972,
    #973,#974,#975,#976,#977,#978,#979,#980,#981,#982,#983,#984,#985,
    #986,#987,#988,#989,#990,#991,#992,#993),.UNSPECIFIED.,.F.,.F.,(9,7,
    7,7,7,7,7,7,7,7,7,9),(0.707085277999,1.099784359698,1.78700775267,
    2.3024252974,2.688988455947,2.833949640402,2.960790676801,
    3.071776583649,3.168889252142,3.253862837072,3.402566610702,
    3.848677931589),.UNSPECIFIED.);
#915 = CARTESIAN_POINT('',(5.055412920805,0.822118795041));
#916 = CARTESIAN_POINT('',(5.03822575741,0.774445851262));
#917 = CARTESIAN_POINT('',(5.02305411606,0.726604578341));
#918 = CARTESIAN_POINT('',(5.009374704797,0.678639361349));
#919 = CARTESIAN_POINT('',(4.996862902388,0.630577386955));
#920 = CARTESIAN_POINT('',(4.985285334683,0.582438125832));
#921 = CARTESIAN_POINT('',(4.974461277492,0.534236641616));
#922 = CARTESIAN_POINT('',(4.964253142574,0.485984329908));
#923 = CARTESIAN_POINT('',(4.937559334685,0.35317682232));
#924 = CARTESIAN_POINT('',(4.922107709436,0.268536375281));
#925 = CARTESIAN_POINT('',(4.9075832914,0.183819700285));
#926 = CARTESIAN_POINT('',(4.893613103422,9.905747791276E-02));
#927 = CARTESIAN_POINT('',(4.879893814937,1.427463840143E-02));
#928 = CARTESIAN_POINT('',(4.86614257919,-7.050557010731E-02));
#929 = CARTESIAN_POINT('',(4.852072783166,-0.155259620345));
#930 = CARTESIAN_POINT('',(4.826226140841,-0.303478472527));
#931 = CARTESIAN_POINT('',(4.814755852159,-0.366968497103));
#932 = CARTESIAN_POINT('',(4.802729655438,-0.430412755046));
#933 = CARTESIAN_POINT('',(4.789964245173,-0.493796166041));
#934 = CARTESIAN_POINT('',(4.776212292367,-0.557098220859));
#935 = CARTESIAN_POINT('',(4.761157280008,-0.62029268912));
#936 = CARTESIAN_POINT('',(4.744346563858,-0.683341970092));
#937 = CARTESIAN_POINT('',(4.71042458981,-0.793303705099));
#938 = CARTESIAN_POINT('',(4.694438533554,-0.840309713644));
#939 = CARTESIAN_POINT('',(4.676660936218,-0.887166519402));
#940 = CARTESIAN_POINT('',(4.656613325984,-0.933832982535));
#941 = CARTESIAN_POINT('',(4.633673379974,-0.980257729229));
#942 = CARTESIAN_POINT('',(4.606816890985,-1.026349992336));
#943 = CARTESIAN_POINT('',(4.574622026112,-1.07199049459));
#944 = CARTESIAN_POINT('',(4.51856512006,-1.133716987765));
#945 = CARTESIAN_POINT('',(4.502071086291,-1.150446187706));
#946 = CARTESIAN_POINT('',(4.484200654375,-1.167054550843));
#947 = CARTESIAN_POINT('',(4.464746244872,-1.183522577821));
#948 = CARTESIAN_POINT('',(4.443453688394,-1.199826289236));
#949 = CARTESIAN_POINT('',(4.420004854094,-1.215935149428));
#950 = CARTESIAN_POINT('',(4.393992528647,-1.231808433377));
#951 = CARTESIAN_POINT('',(4.339420685635,-1.261023939592));
#952 = CARTESIAN_POINT('',(4.311585753662,-1.274434481399));
#953 = CARTESIAN_POINT('',(4.281030040466,-1.28758406972));
#954 = CARTESIAN_POINT('',(4.247323116919,-1.300425408264));
#955 = CARTESIAN_POINT('',(4.209959814257,-1.31289937918));
#956 = CARTESIAN_POINT('',(4.168321694278,-1.324929203912));
#957 = CARTESIAN_POINT('',(4.121685052917,-1.336413586448));
#958 = CARTESIAN_POINT('',(4.023582142158,-1.356678504666));
#959 = CARTESIAN_POINT('',(3.973448468144,-1.365617580775));
#960 = CARTESIAN_POINT('',(3.918504310943,-1.373951255244));
#961 = CARTESIAN_POINT('',(3.85831572887,-1.381574359223));
#962 = CARTESIAN_POINT('',(3.792569939102,-1.388365118243));
#963 = CARTESIAN_POINT('',(3.721203777629,-1.394181210012));
#964 = CARTESIAN_POINT('',(3.644866838255,-1.398886050524));
#965 = CARTESIAN_POINT('',(3.494682350815,-1.405435785277));
#966 = CARTESIAN_POINT('',(3.421716604859,-1.407564555785));
#967 = CARTESIAN_POINT('',(3.346681462516,-1.408698829794));
#968 = CARTESIAN_POINT('',(3.270715924239,-1.408790244165));
#969 = CARTESIAN_POINT('',(3.195246635033,-1.407829963534));
#970 = CARTESIAN_POINT('',(3.121617014122,-1.40585154337));
#971 = CARTESIAN_POINT('',(3.050760353203,-1.40292017403));
#972 = CARTESIAN_POINT('',(2.92425460663,-1.395781704913));
#973 = CARTESIAN_POINT('',(2.867810955963,-1.391779948573));
#974 = CARTESIAN_POINT('',(2.814368395893,-1.387159692095));
#975 = CARTESIAN_POINT('',(2.764129256275,-1.381981412177));
#976 = CARTESIAN_POINT('',(2.717105459845,-1.376305824883));
#977 = CARTESIAN_POINT('',(2.673188026894,-1.37018927071));
#978 = CARTESIAN_POINT('',(2.632217365415,-1.363681966803));
#979 = CARTESIAN_POINT('',(2.52712405657,-1.344834497808));
#980 = CARTESIAN_POINT('',(2.468683994779,-1.331780008596));
#981 = CARTESIAN_POINT('',(2.417659619,-1.317902862376));
#982 = CARTESIAN_POINT('',(2.372770785947,-1.303384455614));
#983 = CARTESIAN_POINT('',(2.333009054192,-1.288350926087));
#984 = CARTESIAN_POINT('',(2.297539008386,-1.272898915606));
#985 = CARTESIAN_POINT('',(2.265696981582,-1.257100773471));
#986 = CARTESIAN_POINT('',(2.150684528808,-1.19275029586));
#987 = CARTESIAN_POINT('',(2.092226815968,-1.141882999811));
#988 = CARTESIAN_POINT('',(2.047013986025,-1.089928984773));
#989 = CARTESIAN_POINT('',(2.010967922837,-1.037143064693));
#990 = CARTESIAN_POINT('',(1.98095948189,-0.983877022177));
#991 = CARTESIAN_POINT('',(1.955472442389,-0.930215027725));
#992 = CARTESIAN_POINT('',(1.933345110848,-0.876275886083));
#993 = CARTESIAN_POINT('',(1.913820267216,-0.822118795041));
#994 = ( GEOMETRIC_REPRESENTATION_CONTEXT(2) 
PARAMETRIC_REPRESENTATION_CONTEXT() REPRESENTATION_CONTEXT('2D SPACE',''
  ) );
#995 = ORIENTED_EDGE('',*,*,#996,.F.);
#996 = EDGE_CURVE('',#997,#890,#999,.T.);
#997 = VERTEX_POINT('',#998);
#998 = CARTESIAN_POINT('',(76.558312752033,-31.82293423751,
    11.798443300417));
#999 = SURFACE_CURVE('',#1000,(#1005,#1015),.PCURVE_S1.);
#1000 = ELLIPSE('',#1001,1.813108459156,1.8);
#1001 = AXIS2_PLACEMENT_3D('',#1002,#1003,#1004);
#1002 = CARTESIAN_POINT('',(76.4,-31.8,10.));
#1003 = DIRECTION('',(0.964508447696,0.251094277063,-8.170139747458E-02)
  );
#1004 = DIRECTION('',(0.131577174524,-0.725293179701,-0.675749399277));
#1005 = PCURVE('',#688,#1006);
#1006 = DEFINITIONAL_REPRESENTATION('',(#1007),#1014);
#1007 = B_SPLINE_CURVE_WITH_KNOTS('',5,(#1008,#1009,#1010,#1011,#1012,
    #1013),.UNSPECIFIED.,.F.,.F.,(6,6),(4.005303702386,4.712388629268),
  .PIECEWISE_BEZIER_KNOTS.);
#1008 = CARTESIAN_POINT('',(-3.552713678801E-15,24.516279876963));
#1009 = CARTESIAN_POINT('',(0.141416985377,24.539677902957));
#1010 = CARTESIAN_POINT('',(0.282833970753,24.566609798857));
#1011 = CARTESIAN_POINT('',(0.42425095613,24.596102872498));
#1012 = CARTESIAN_POINT('',(0.565667941506,24.626879529861));
#1013 = CARTESIAN_POINT('',(0.707084926883,24.657655935463));
#1014 = ( GEOMETRIC_REPRESENTATION_CONTEXT(2) 
PARAMETRIC_REPRESENTATION_CONTEXT() REPRESENTATION_CONTEXT('2D SPACE',''
  ) );
#1015 = PCURVE('',#1016,#1021);
#1016 = CYLINDRICAL_SURFACE('',#1017,1.8);
#1017 = AXIS2_PLACEMENT_3D('',#1018,#1019,#1020);
#1018 = CARTESIAN_POINT('',(76.4,-31.8,10.));
#1019 = DIRECTION('',(0.941741911595,0.336336396998,0.));
#1020 = DIRECTION('',(-0.336336396998,0.941741911595,0.));
#1021 = DEFINITIONAL_REPRESENTATION('',(#1022),#1029);
#1022 = B_SPLINE_CURVE_WITH_KNOTS('',5,(#1023,#1024,#1025,#1026,#1027,
    #1028),.UNSPECIFIED.,.F.,.F.,(6,6),(4.005303702386,4.712388629268),
  .PIECEWISE_BEZIER_KNOTS.);
#1023 = CARTESIAN_POINT('',(1.61238858055,0.141376134913));
#1024 = CARTESIAN_POINT('',(1.753805565927,0.117978108919));
#1025 = CARTESIAN_POINT('',(1.895222551303,9.104621301949E-02));
#1026 = CARTESIAN_POINT('',(2.03663953668,6.155313937774E-02));
#1027 = CARTESIAN_POINT('',(2.178056522056,3.077648201499E-02));
#1028 = CARTESIAN_POINT('',(2.319473507433,7.641304478057E-08));
#1029 = ( GEOMETRIC_REPRESENTATION_CONTEXT(2) 
PARAMETRIC_REPRESENTATION_CONTEXT() REPRESENTATION_CONTEXT('2D SPACE',''
  ) );
#1030 = ORIENTED_EDGE('',*,*,#1031,.F.);
#1031 = EDGE_CURVE('',#667,#997,#1032,.T.);
#1032 = SEAM_CURVE('',#1033,(#1037,#1044),.PCURVE_S1.);
#1033 = LINE('',#1034,#1035);
#1034 = CARTESIAN_POINT('',(52.69591817715,-35.8,15.775509062898));
#1035 = VECTOR('',#1036,1.);
#1036 = DIRECTION('',(0.973328526785,0.162221421131,-0.162221421131));
#1037 = PCURVE('',#688,#1038);
#1038 = DEFINITIONAL_REPRESENTATION('',(#1039),#1043);
#1039 = LINE('',#1040,#1041);
#1040 = CARTESIAN_POINT('',(6.28318530718,-0.));
#1041 = VECTOR('',#1042,1.);
#1042 = DIRECTION('',(0.,1.));
#1043 = ( GEOMETRIC_REPRESENTATION_CONTEXT(2) 
PARAMETRIC_REPRESENTATION_CONTEXT() REPRESENTATION_CONTEXT('2D SPACE',''
  ) );
#1044 = PCURVE('',#688,#1045);
#1045 = DEFINITIONAL_REPRESENTATION('',(#1046),#1050);
#1046 = LINE('',#1047,#1048);
#1047 = CARTESIAN_POINT('',(0.,-0.));
#1048 = VECTOR('',#1049,1.);
#1049 = DIRECTION('',(0.,1.));
#1050 = ( GEOMETRIC_REPRESENTATION_CONTEXT(2) 
PARAMETRIC_REPRESENTATION_CONTEXT() REPRESENTATION_CONTEXT('2D SPACE',''
  ) );
#1051 = ORIENTED_EDGE('',*,*,#666,.T.);
#1052 = ORIENTED_EDGE('',*,*,#779,.T.);
#1053 = ORIENTED_EDGE('',*,*,#705,.T.);
#1054 = ORIENTED_EDGE('',*,*,#1031,.T.);
#1055 = ORIENTED_EDGE('',*,*,#1056,.F.);
#1056 = EDGE_CURVE('',#1057,#997,#1059,.T.);
#1057 = VERTEX_POINT('',#1058);
#1058 = CARTESIAN_POINT('',(75.94473884221,-30.05124157455,10.));
#1059 = SURFACE_CURVE('',#1060,(#1065,#1076),.PCURVE_S1.);
#1060 = ELLIPSE('',#1061,1.813108459156,1.8);
#1061 = AXIS2_PLACEMENT_3D('',#1062,#1063,#1064);
#1062 = CARTESIAN_POINT('',(76.4,-31.8,10.));
#1063 = DIRECTION('',(0.964508447696,0.251094277063,-8.170139747458E-02)
  );
#1064 = DIRECTION('',(0.131577174524,-0.725293179701,-0.675749399277));
#1065 = PCURVE('',#688,#1066);
#1066 = DEFINITIONAL_REPRESENTATION('',(#1067),#1075);
#1067 = B_SPLINE_CURVE_WITH_KNOTS('',6,(#1068,#1069,#1070,#1071,#1072,
    #1073,#1074),.UNSPECIFIED.,.F.,.F.,(7,7),(2.392915121836,
    4.005303702386),.PIECEWISE_BEZIER_KNOTS.);
#1068 = CARTESIAN_POINT('',(4.67079672663,24.498223416853));
#1069 = CARTESIAN_POINT('',(4.939528156721,24.458415290928));
#1070 = CARTESIAN_POINT('',(5.208259586813,24.432423687658));
#1071 = CARTESIAN_POINT('',(5.476991016904,24.425420958017));
#1072 = CARTESIAN_POINT('',(5.745722446996,24.439606963793));
#1073 = CARTESIAN_POINT('',(6.014453877088,24.47181714874));
#1074 = CARTESIAN_POINT('',(6.28318530718,24.516279876963));
#1075 = ( GEOMETRIC_REPRESENTATION_CONTEXT(2) 
PARAMETRIC_REPRESENTATION_CONTEXT() REPRESENTATION_CONTEXT('2D SPACE',''
  ) );
#1076 = PCURVE('',#1016,#1077);
#1077 = DEFINITIONAL_REPRESENTATION('',(#1078),#1086);
#1078 = B_SPLINE_CURVE_WITH_KNOTS('',6,(#1079,#1080,#1081,#1082,#1083,
    #1084,#1085),.UNSPECIFIED.,.F.,.F.,(7,7),(2.392915121836,
    4.005303702386),.PIECEWISE_BEZIER_KNOTS.);
#1079 = CARTESIAN_POINT('',(-2.13162820728E-14,0.159432595023));
#1080 = CARTESIAN_POINT('',(0.268731430092,0.199240720948));
#1081 = CARTESIAN_POINT('',(0.537462860183,0.225232324218));
#1082 = CARTESIAN_POINT('',(0.806194290275,0.232235053859));
#1083 = CARTESIAN_POINT('',(1.074925720367,0.218049048082));
#1084 = CARTESIAN_POINT('',(1.343657150458,0.185838863136));
#1085 = CARTESIAN_POINT('',(1.61238858055,0.141376134913));
#1086 = ( GEOMETRIC_REPRESENTATION_CONTEXT(2) 
PARAMETRIC_REPRESENTATION_CONTEXT() REPRESENTATION_CONTEXT('2D SPACE',''
  ) );
#1087 = ORIENTED_EDGE('',*,*,#1088,.F.);
#1088 = EDGE_CURVE('',#892,#1057,#1089,.T.);
#1089 = SURFACE_CURVE('',#1090,(#1095,#1105),.PCURVE_S1.);
#1090 = ELLIPSE('',#1091,1.813108459156,1.8);
#1091 = AXIS2_PLACEMENT_3D('',#1092,#1093,#1094);
#1092 = CARTESIAN_POINT('',(76.4,-31.8,10.));
#1093 = DIRECTION('',(0.964508447696,0.251094277063,-8.170139747458E-02)
  );
#1094 = DIRECTION('',(0.131577174524,-0.725293179701,-0.675749399277));
#1095 = PCURVE('',#688,#1096);
#1096 = DEFINITIONAL_REPRESENTATION('',(#1097),#1104);
#1097 = B_SPLINE_CURVE_WITH_KNOTS('',5,(#1098,#1099,#1100,#1101,#1102,
    #1103),.UNSPECIFIED.,.F.,.F.,(6,6),(1.570796326795,2.392915121836),
  .PIECEWISE_BEZIER_KNOTS.);
#1098 = CARTESIAN_POINT('',(3.848677931589,24.657656011876));
#1099 = CARTESIAN_POINT('',(4.013101690597,24.621872670261));
#1100 = CARTESIAN_POINT('',(4.177525449605,24.586088605821));
#1101 = CARTESIAN_POINT('',(4.341949208613,24.552323714012));
#1102 = CARTESIAN_POINT('',(4.506372967621,24.522580082917));
#1103 = CARTESIAN_POINT('',(4.67079672663,24.498223416853));
#1104 = ( GEOMETRIC_REPRESENTATION_CONTEXT(2) 
PARAMETRIC_REPRESENTATION_CONTEXT() REPRESENTATION_CONTEXT('2D SPACE',''
  ) );
#1105 = PCURVE('',#1016,#1106);
#1106 = DEFINITIONAL_REPRESENTATION('',(#1107),#1114);
#1107 = B_SPLINE_CURVE_WITH_KNOTS('',5,(#1108,#1109,#1110,#1111,#1112,
    #1113),.UNSPECIFIED.,.F.,.F.,(6,6),(1.570796326795,2.392915121836),
  .PIECEWISE_BEZIER_KNOTS.);
#1108 = CARTESIAN_POINT('',(5.461066512139,7.105427357601E-15));
#1109 = CARTESIAN_POINT('',(5.625490271147,3.578334161459E-02));
#1110 = CARTESIAN_POINT('',(5.789914030155,7.156740605494E-02));
#1111 = CARTESIAN_POINT('',(5.954337789163,0.105332297864));
#1112 = CARTESIAN_POINT('',(6.118761548171,0.135075928959));
#1113 = CARTESIAN_POINT('',(6.28318530718,0.159432595023));
#1114 = ( GEOMETRIC_REPRESENTATION_CONTEXT(2) 
PARAMETRIC_REPRESENTATION_CONTEXT() REPRESENTATION_CONTEXT('2D SPACE',''
  ) );
#1115 = ADVANCED_FACE('',(#1116),#908,.T.);
#1116 = FACE_BOUND('',#1117,.T.);
#1117 = EDGE_LOOP('',(#1118,#1142,#1143));
#1118 = ORIENTED_EDGE('',*,*,#1119,.F.);
#1119 = EDGE_CURVE('',#890,#1120,#1122,.T.);
#1120 = VERTEX_POINT('',#1121);
#1121 = CARTESIAN_POINT('',(76.4,-31.8,8.2));
#1122 = SURFACE_CURVE('',#1123,(#1128,#1135),.PCURVE_S1.);
#1123 = CIRCLE('',#1124,1.8);
#1124 = AXIS2_PLACEMENT_3D('',#1125,#1126,#1127);
#1125 = CARTESIAN_POINT('',(76.4,-31.8,10.));
#1126 = DIRECTION('',(0.941741911595,0.336336396998,0.));
#1127 = DIRECTION('',(-0.336336396998,0.941741911595,0.));
#1128 = PCURVE('',#908,#1129);
#1129 = DEFINITIONAL_REPRESENTATION('',(#1130),#1134);
#1130 = LINE('',#1131,#1132);
#1131 = CARTESIAN_POINT('',(5.055412920805,3.14159265359));
#1132 = VECTOR('',#1133,1.);
#1133 = DIRECTION('',(0.,-1.));
#1134 = ( GEOMETRIC_REPRESENTATION_CONTEXT(2) 
PARAMETRIC_REPRESENTATION_CONTEXT() REPRESENTATION_CONTEXT('2D SPACE',''
  ) );
#1135 = PCURVE('',#1016,#1136);
#1136 = DEFINITIONAL_REPRESENTATION('',(#1137),#1141);
#1137 = LINE('',#1138,#1139);
#1138 = CARTESIAN_POINT('',(0.,0.));
#1139 = VECTOR('',#1140,1.);
#1140 = DIRECTION('',(1.,0.));
#1141 = ( GEOMETRIC_REPRESENTATION_CONTEXT(2) 
PARAMETRIC_REPRESENTATION_CONTEXT() REPRESENTATION_CONTEXT('2D SPACE',''
  ) );
#1142 = ORIENTED_EDGE('',*,*,#889,.T.);
#1143 = ORIENTED_EDGE('',*,*,#1144,.F.);
#1144 = EDGE_CURVE('',#1120,#892,#1145,.T.);
#1145 = SURFACE_CURVE('',#1146,(#1151,#1158),.PCURVE_S1.);
#1146 = CIRCLE('',#1147,1.8);
#1147 = AXIS2_PLACEMENT_3D('',#1148,#1149,#1150);
#1148 = CARTESIAN_POINT('',(76.4,-31.8,10.));
#1149 = DIRECTION('',(0.941741911595,0.336336396998,0.));
#1150 = DIRECTION('',(-0.336336396998,0.941741911595,0.));
#1151 = PCURVE('',#908,#1152);
#1152 = DEFINITIONAL_REPRESENTATION('',(#1153),#1157);
#1153 = LINE('',#1154,#1155);
#1154 = CARTESIAN_POINT('',(1.913820267216,-6.28318530718));
#1155 = VECTOR('',#1156,1.);
#1156 = DIRECTION('',(0.,1.));
#1157 = ( GEOMETRIC_REPRESENTATION_CONTEXT(2) 
PARAMETRIC_REPRESENTATION_CONTEXT() REPRESENTATION_CONTEXT('2D SPACE',''
  ) );
#1158 = PCURVE('',#1016,#1159);
#1159 = DEFINITIONAL_REPRESENTATION('',(#1160),#1164);
#1160 = LINE('',#1161,#1162);
#1161 = CARTESIAN_POINT('',(0.,0.));
#1162 = VECTOR('',#1163,1.);
#1163 = DIRECTION('',(1.,0.));
#1164 = ( GEOMETRIC_REPRESENTATION_CONTEXT(2) 
PARAMETRIC_REPRESENTATION_CONTEXT() REPRESENTATION_CONTEXT('2D SPACE',''
  ) );
#1165 = ADVANCED_FACE('',(#1166),#1016,.T.);
#1166 = FACE_BOUND('',#1167,.T.);
#1167 = EDGE_LOOP('',(#1168,#1191,#1220,#1261,#1283,#1284,#1285,#1286,
    #1287,#1288));
#1168 = ORIENTED_EDGE('',*,*,#1169,.T.);
#1169 = EDGE_CURVE('',#1057,#1170,#1172,.T.);
#1170 = VERTEX_POINT('',#1171);
#1171 = CARTESIAN_POINT('',(86.994594485403,-26.10486455912,10.));
#1172 = SEAM_CURVE('',#1173,(#1177,#1184),.PCURVE_S1.);
#1173 = LINE('',#1174,#1175);
#1174 = CARTESIAN_POINT('',(75.794594485403,-30.10486455912,10.));
#1175 = VECTOR('',#1176,1.);
#1176 = DIRECTION('',(0.941741911595,0.336336396998,0.));
#1177 = PCURVE('',#1016,#1178);
#1178 = DEFINITIONAL_REPRESENTATION('',(#1179),#1183);
#1179 = LINE('',#1180,#1181);
#1180 = CARTESIAN_POINT('',(6.28318530718,-0.));
#1181 = VECTOR('',#1182,1.);
#1182 = DIRECTION('',(0.,1.));
#1183 = ( GEOMETRIC_REPRESENTATION_CONTEXT(2) 
PARAMETRIC_REPRESENTATION_CONTEXT() REPRESENTATION_CONTEXT('2D SPACE',''
  ) );
#1184 = PCURVE('',#1016,#1185);
#1185 = DEFINITIONAL_REPRESENTATION('',(#1186),#1190);
#1186 = LINE('',#1187,#1188);
#1187 = CARTESIAN_POINT('',(0.,-0.));
#1188 = VECTOR('',#1189,1.);
#1189 = DIRECTION('',(0.,1.));
#1190 = ( GEOMETRIC_REPRESENTATION_CONTEXT(2) 
PARAMETRIC_REPRESENTATION_CONTEXT() REPRESENTATION_CONTEXT('2D SPACE',''
  ) );
#1191 = ORIENTED_EDGE('',*,*,#1192,.F.);
#1192 = EDGE_CURVE('',#1193,#1170,#1195,.T.);
#1193 = VERTEX_POINT('',#1194);
#1194 = CARTESIAN_POINT('',(87.6,-27.8,8.2));
#1195 = SURFACE_CURVE('',#1196,(#1201,#1208),.PCURVE_S1.);
#1196 = CIRCLE('',#1197,1.8);
#1197 = AXIS2_PLACEMENT_3D('',#1198,#1199,#1200);
#1198 = CARTESIAN_POINT('',(87.6,-27.8,10.));
#1199 = DIRECTION('',(0.941741911595,0.336336396998,0.));
#1200 = DIRECTION('',(-0.336336396998,0.941741911595,0.));
#1201 = PCURVE('',#1016,#1202);
#1202 = DEFINITIONAL_REPRESENTATION('',(#1203),#1207);
#1203 = LINE('',#1204,#1205);
#1204 = CARTESIAN_POINT('',(0.,11.892854997855));
#1205 = VECTOR('',#1206,1.);
#1206 = DIRECTION('',(1.,0.));
#1207 = ( GEOMETRIC_REPRESENTATION_CONTEXT(2) 
PARAMETRIC_REPRESENTATION_CONTEXT() REPRESENTATION_CONTEXT('2D SPACE',''
  ) );
#1208 = PCURVE('',#1209,#1214);
#1209 = SPHERICAL_SURFACE('',#1210,1.8);
#1210 = AXIS2_PLACEMENT_3D('',#1211,#1212,#1213);
#1211 = CARTESIAN_POINT('',(87.6,-27.8,10.));
#1212 = DIRECTION('',(0.,0.,1.));
#1213 = DIRECTION('',(1.,0.,-0.));
#1214 = DEFINITIONAL_REPRESENTATION('',(#1215),#1219);
#1215 = LINE('',#1216,#1217);
#1216 = CARTESIAN_POINT('',(1.913820267216,-6.28318530718));
#1217 = VECTOR('',#1218,1.);
#1218 = DIRECTION('',(0.,1.));
#1219 = ( GEOMETRIC_REPRESENTATION_CONTEXT(2) 
PARAMETRIC_REPRESENTATION_CONTEXT() REPRESENTATION_CONTEXT('2D SPACE',''
  ) );
#1220 = ORIENTED_EDGE('',*,*,#1221,.F.);
#1221 = EDGE_CURVE('',#1222,#1193,#1224,.T.);
#1222 = VERTEX_POINT('',#1223);
#1223 = CARTESIAN_POINT('',(87.6,-27.8,11.8));
#1224 = SURFACE_CURVE('',#1225,(#1230,#1243),.PCURVE_S1.);
#1225 = ELLIPSE('',#1226,1.826803144767,1.8);
#1226 = AXIS2_PLACEMENT_3D('',#1227,#1228,#1229);
#1227 = CARTESIAN_POINT('',(87.6,-27.8,10.));
#1228 = DIRECTION('',(0.985327841785,0.170672329927,0.));
#1229 = DIRECTION('',(-0.170672329927,0.985327841785,0.));
#1230 = PCURVE('',#1016,#1231);
#1231 = DEFINITIONAL_REPRESENTATION('',(#1232),#1242);
#1232 = B_SPLINE_CURVE_WITH_KNOTS('',8,(#1233,#1234,#1235,#1236,#1237,
    #1238,#1239,#1240,#1241),.UNSPECIFIED.,.F.,.F.,(9,9),(1.570796326795
    ,4.712388980385),.PIECEWISE_BEZIER_KNOTS.);
#1233 = CARTESIAN_POINT('',(1.570796326795,11.892854997855));
#1234 = CARTESIAN_POINT('',(1.963495408494,11.770417413221));
#1235 = CARTESIAN_POINT('',(2.35619449019,11.64797885233));
#1236 = CARTESIAN_POINT('',(2.74889357189,11.554322445067));
#1237 = CARTESIAN_POINT('',(3.141592653585,11.518152539647));
#1238 = CARTESIAN_POINT('',(3.534291735286,11.554322445038));
#1239 = CARTESIAN_POINT('',(3.926990816984,11.647978852327));
#1240 = CARTESIAN_POINT('',(4.319689898686,11.770417413221));
#1241 = CARTESIAN_POINT('',(4.712388980385,11.892854997855));
#1242 = ( GEOMETRIC_REPRESENTATION_CONTEXT(2) 
PARAMETRIC_REPRESENTATION_CONTEXT() REPRESENTATION_CONTEXT('2D SPACE',''
  ) );
#1243 = PCURVE('',#1244,#1249);
#1244 = CYLINDRICAL_SURFACE('',#1245,1.8);
#1245 = AXIS2_PLACEMENT_3D('',#1246,#1247,#1248);
#1246 = CARTESIAN_POINT('',(87.6,-27.8,10.));
#1247 = DIRECTION('',(1.,0.,0.));
#1248 = DIRECTION('',(-0.,0.,1.));
#1249 = DEFINITIONAL_REPRESENTATION('',(#1250),#1260);
#1250 = B_SPLINE_CURVE_WITH_KNOTS('',8,(#1251,#1252,#1253,#1254,#1255,
    #1256,#1257,#1258,#1259),.UNSPECIFIED.,.F.,.F.,(9,9),(1.570796326795
    ,4.712388980385),.PIECEWISE_BEZIER_KNOTS.);
#1251 = CARTESIAN_POINT('',(0.,0.));
#1252 = CARTESIAN_POINT('',(0.392699081699,0.122437584634));
#1253 = CARTESIAN_POINT('',(0.785398163398,0.244876145525));
#1254 = CARTESIAN_POINT('',(1.178097245092,0.338532552789));
#1255 = CARTESIAN_POINT('',(1.570796326803,0.37470245815));
#1256 = CARTESIAN_POINT('',(1.963495408486,0.338532552789));
#1257 = CARTESIAN_POINT('',(2.356194490192,0.244876145525));
#1258 = CARTESIAN_POINT('',(2.748893571891,0.122437584634));
#1259 = CARTESIAN_POINT('',(3.14159265359,0.));
#1260 = ( GEOMETRIC_REPRESENTATION_CONTEXT(2) 
PARAMETRIC_REPRESENTATION_CONTEXT() REPRESENTATION_CONTEXT('2D SPACE',''
  ) );
#1261 = ORIENTED_EDGE('',*,*,#1262,.F.);
#1262 = EDGE_CURVE('',#1170,#1222,#1263,.T.);
#1263 = SURFACE_CURVE('',#1264,(#1269,#1276),.PCURVE_S1.);
#1264 = CIRCLE('',#1265,1.8);
#1265 = AXIS2_PLACEMENT_3D('',#1266,#1267,#1268);
#1266 = CARTESIAN_POINT('',(87.6,-27.8,10.));
#1267 = DIRECTION('',(0.941741911595,0.336336396998,0.));
#1268 = DIRECTION('',(-0.336336396998,0.941741911595,0.));
#1269 = PCURVE('',#1016,#1270);
#1270 = DEFINITIONAL_REPRESENTATION('',(#1271),#1275);
#1271 = LINE('',#1272,#1273);
#1272 = CARTESIAN_POINT('',(0.,11.892854997855));
#1273 = VECTOR('',#1274,1.);
#1274 = DIRECTION('',(1.,0.));
#1275 = ( GEOMETRIC_REPRESENTATION_CONTEXT(2) 
PARAMETRIC_REPRESENTATION_CONTEXT() REPRESENTATION_CONTEXT('2D SPACE',''
  ) );
#1276 = PCURVE('',#1209,#1277);
#1277 = DEFINITIONAL_REPRESENTATION('',(#1278),#1282);
#1278 = LINE('',#1279,#1280);
#1279 = CARTESIAN_POINT('',(1.913820267216,0.));
#1280 = VECTOR('',#1281,1.);
#1281 = DIRECTION('',(0.,1.));
#1282 = ( GEOMETRIC_REPRESENTATION_CONTEXT(2) 
PARAMETRIC_REPRESENTATION_CONTEXT() REPRESENTATION_CONTEXT('2D SPACE',''
  ) );
#1283 = ORIENTED_EDGE('',*,*,#1169,.F.);
#1284 = ORIENTED_EDGE('',*,*,#1056,.T.);
#1285 = ORIENTED_EDGE('',*,*,#996,.T.);
#1286 = ORIENTED_EDGE('',*,*,#1119,.T.);
#1287 = ORIENTED_EDGE('',*,*,#1144,.T.);
#1288 = ORIENTED_EDGE('',*,*,#1088,.T.);
#1289 = ADVANCED_FACE('',(#1290),#1209,.T.);
#1290 = FACE_BOUND('',#1291,.T.);
#1291 = EDGE_LOOP('',(#1292,#1293,#1315));
#1292 = ORIENTED_EDGE('',*,*,#1262,.T.);
#1293 = ORIENTED_EDGE('',*,*,#1294,.F.);
#1294 = EDGE_CURVE('',#1193,#1222,#1295,.T.);
#1295 = SURFACE_CURVE('',#1296,(#1301,#1308),.PCURVE_S1.);
#1296 = CIRCLE('',#1297,1.8);
#1297 = AXIS2_PLACEMENT_3D('',#1298,#1299,#1300);
#1298 = CARTESIAN_POINT('',(87.6,-27.8,10.));
#1299 = DIRECTION('',(1.,0.,0.));
#1300 = DIRECTION('',(-0.,0.,1.));
#1301 = PCURVE('',#1209,#1302);
#1302 = DEFINITIONAL_REPRESENTATION('',(#1303),#1307);
#1303 = LINE('',#1304,#1305);
#1304 = CARTESIAN_POINT('',(1.570796326795,-4.712388980385));
#1305 = VECTOR('',#1306,1.);
#1306 = DIRECTION('',(-0.,1.));
#1307 = ( GEOMETRIC_REPRESENTATION_CONTEXT(2) 
PARAMETRIC_REPRESENTATION_CONTEXT() REPRESENTATION_CONTEXT('2D SPACE',''
  ) );
#1308 = PCURVE('',#1244,#1309);
#1309 = DEFINITIONAL_REPRESENTATION('',(#1310),#1314);
#1310 = LINE('',#1311,#1312);
#1311 = CARTESIAN_POINT('',(0.,0.));
#1312 = VECTOR('',#1313,1.);
#1313 = DIRECTION('',(1.,0.));
#1314 = ( GEOMETRIC_REPRESENTATION_CONTEXT(2) 
PARAMETRIC_REPRESENTATION_CONTEXT() REPRESENTATION_CONTEXT('2D SPACE',''
  ) );
#1315 = ORIENTED_EDGE('',*,*,#1192,.T.);
#1316 = ADVANCED_FACE('',(#1317),#1244,.T.);
#1317 = FACE_BOUND('',#1318,.T.);
#1318 = EDGE_LOOP('',(#1319,#1349,#1390,#1411,#1412,#1413,#1414,#1444));
#1319 = ORIENTED_EDGE('',*,*,#1320,.F.);
#1320 = EDGE_CURVE('',#1321,#1323,#1325,.T.);
#1321 = VERTEX_POINT('',#1322);
#1322 = CARTESIAN_POINT('',(117.2,-28.01446139711,8.212821690724));
#1323 = VERTEX_POINT('',#1324);
#1324 = CARTESIAN_POINT('',(117.2,-27.8,8.2));
#1325 = SURFACE_CURVE('',#1326,(#1331,#1338),.PCURVE_S1.);
#1326 = CIRCLE('',#1327,1.8);
#1327 = AXIS2_PLACEMENT_3D('',#1328,#1329,#1330);
#1328 = CARTESIAN_POINT('',(117.2,-27.8,10.));
#1329 = DIRECTION('',(1.,0.,0.));
#1330 = DIRECTION('',(-0.,0.,1.));
#1331 = PCURVE('',#1244,#1332);
#1332 = DEFINITIONAL_REPRESENTATION('',(#1333),#1337);
#1333 = LINE('',#1334,#1335);
#1334 = CARTESIAN_POINT('',(0.,29.6));
#1335 = VECTOR('',#1336,1.);
#1336 = DIRECTION('',(1.,0.));
#1337 = ( GEOMETRIC_REPRESENTATION_CONTEXT(2) 
PARAMETRIC_REPRESENTATION_CONTEXT() REPRESENTATION_CONTEXT('2D SPACE',''
  ) );
#1338 = PCURVE('',#1339,#1344);
#1339 = SPHERICAL_SURFACE('',#1340,1.8);
#1340 = AXIS2_PLACEMENT_3D('',#1341,#1342,#1343);
#1341 = CARTESIAN_POINT('',(117.2,-27.8,10.));
#1342 = DIRECTION('',(0.,0.,1.));
#1343 = DIRECTION('',(1.,0.,-0.));
#1344 = DEFINITIONAL_REPRESENTATION('',(#1345),#1348);
#1345 = B_SPLINE_CURVE_WITH_KNOTS('',1,(#1346,#1347),.UNSPECIFIED.,.F.,
  .F.,(2,2),(3.022163727571,3.14159265359),.PIECEWISE_BEZIER_KNOTS.);
#1346 = CARTESIAN_POINT('',(4.712388980385,-1.451367400777));
#1347 = CARTESIAN_POINT('',(4.712388980385,-1.570796326795));
#1348 = ( GEOMETRIC_REPRESENTATION_CONTEXT(2) 
PARAMETRIC_REPRESENTATION_CONTEXT() REPRESENTATION_CONTEXT('2D SPACE',''
  ) );
#1349 = ORIENTED_EDGE('',*,*,#1350,.F.);
#1350 = EDGE_CURVE('',#1351,#1321,#1353,.T.);
#1351 = VERTEX_POINT('',#1352);
#1352 = CARTESIAN_POINT('',(117.11775356443,-27.8,11.8));
#1353 = SURFACE_CURVE('',#1354,(#1359,#1372),.PCURVE_S1.);
#1354 = ELLIPSE('',#1355,1.927827732243,1.8);
#1355 = AXIS2_PLACEMENT_3D('',#1356,#1357,#1358);
#1356 = CARTESIAN_POINT('',(117.2,-27.8,10.));
#1357 = DIRECTION('',(0.933693384474,-0.355522929529,4.266275154351E-02)
  );
#1358 = DIRECTION('',(0.358073545225,0.927042535692,-0.111245104283));
#1359 = PCURVE('',#1244,#1360);
#1360 = DEFINITIONAL_REPRESENTATION('',(#1361),#1371);
#1361 = B_SPLINE_CURVE_WITH_KNOTS('',8,(#1362,#1363,#1364,#1365,#1366,
    #1367,#1368,#1369,#1370),.UNSPECIFIED.,.F.,.F.,(9,9),(1.690225252814
    ,4.712389104496),.PIECEWISE_BEZIER_KNOTS.);
#1362 = CARTESIAN_POINT('',(1.148710756145E-12,29.51775356444));
#1363 = CARTESIAN_POINT('',(0.377770481461,29.258834601443));
#1364 = CARTESIAN_POINT('',(0.755540962921,29.013329257901));
#1365 = CARTESIAN_POINT('',(1.133311444383,28.837552323341));
#1366 = CARTESIAN_POINT('',(1.511081925837,28.783657614636));
#1367 = CARTESIAN_POINT('',(1.888852407299,28.874398078857));
#1368 = CARTESIAN_POINT('',(2.266622888761,29.07844468411));
#1369 = CARTESIAN_POINT('',(2.644393370222,29.339223569433));
#1370 = CARTESIAN_POINT('',(3.022163851683,29.600000085674));
#1371 = ( GEOMETRIC_REPRESENTATION_CONTEXT(2) 
PARAMETRIC_REPRESENTATION_CONTEXT() REPRESENTATION_CONTEXT('2D SPACE',''
  ) );
#1372 = PCURVE('',#1373,#1378);
#1373 = CYLINDRICAL_SURFACE('',#1374,1.8);
#1374 = AXIS2_PLACEMENT_3D('',#1375,#1376,#1377);
#1375 = CARTESIAN_POINT('',(117.2,-27.8,10.));
#1376 = DIRECTION('',(0.743566672419,-0.66389881466,7.966785775922E-02)
  );
#1377 = DIRECTION('',(0.666015769309,0.745937661626,0.));
#1378 = DEFINITIONAL_REPRESENTATION('',(#1379),#1389);
#1379 = B_SPLINE_CURVE_WITH_KNOTS('',8,(#1380,#1381,#1382,#1383,#1384,
    #1385,#1386,#1387,#1388),.UNSPECIFIED.,.F.,.F.,(9,9),(1.690225252814
    ,4.712389104496),.PIECEWISE_BEZIER_KNOTS.);
#1380 = CARTESIAN_POINT('',(1.601232927617,8.224643556015E-02));
#1381 = CARTESIAN_POINT('',(1.979003409078,0.341165398557));
#1382 = CARTESIAN_POINT('',(2.35677389054,0.586670742083));
#1383 = CARTESIAN_POINT('',(2.734544371988,0.762447676596));
#1384 = CARTESIAN_POINT('',(3.112314853461,0.816342385143));
#1385 = CARTESIAN_POINT('',(3.490085334908,0.725601921109));
#1386 = CARTESIAN_POINT('',(3.867855816378,0.521555315877));
#1387 = CARTESIAN_POINT('',(4.245626297839,0.260776430567));
#1388 = CARTESIAN_POINT('',(4.623396779299,-8.567438669616E-08));
#1389 = ( GEOMETRIC_REPRESENTATION_CONTEXT(2) 
PARAMETRIC_REPRESENTATION_CONTEXT() REPRESENTATION_CONTEXT('2D SPACE',''
  ) );
#1390 = ORIENTED_EDGE('',*,*,#1391,.F.);
#1391 = EDGE_CURVE('',#1222,#1351,#1392,.T.);
#1392 = SEAM_CURVE('',#1393,(#1397,#1404),.PCURVE_S1.);
#1393 = LINE('',#1394,#1395);
#1394 = CARTESIAN_POINT('',(87.6,-27.8,11.8));
#1395 = VECTOR('',#1396,1.);
#1396 = DIRECTION('',(1.,0.,0.));
#1397 = PCURVE('',#1244,#1398);
#1398 = DEFINITIONAL_REPRESENTATION('',(#1399),#1403);
#1399 = LINE('',#1400,#1401);
#1400 = CARTESIAN_POINT('',(6.28318530718,-0.));
#1401 = VECTOR('',#1402,1.);
#1402 = DIRECTION('',(0.,1.));
#1403 = ( GEOMETRIC_REPRESENTATION_CONTEXT(2) 
PARAMETRIC_REPRESENTATION_CONTEXT() REPRESENTATION_CONTEXT('2D SPACE',''
  ) );
#1404 = PCURVE('',#1244,#1405);
#1405 = DEFINITIONAL_REPRESENTATION('',(#1406),#1410);
#1406 = LINE('',#1407,#1408);
#1407 = CARTESIAN_POINT('',(0.,-0.));
#1408 = VECTOR('',#1409,1.);
#1409 = DIRECTION('',(0.,1.));
#1410 = ( GEOMETRIC_REPRESENTATION_CONTEXT(2) 
PARAMETRIC_REPRESENTATION_CONTEXT() REPRESENTATION_CONTEXT('2D SPACE',''
  ) );
#1411 = ORIENTED_EDGE('',*,*,#1221,.T.);
#1412 = ORIENTED_EDGE('',*,*,#1294,.T.);
#1413 = ORIENTED_EDGE('',*,*,#1391,.T.);
#1414 = ORIENTED_EDGE('',*,*,#1415,.F.);
#1415 = EDGE_CURVE('',#1416,#1351,#1418,.T.);
#1416 = VERTEX_POINT('',#1417);
#1417 = CARTESIAN_POINT('',(117.2,-27.58553860288,11.787178309276));
#1418 = SURFACE_CURVE('',#1419,(#1424,#1434),.PCURVE_S1.);
#1419 = ELLIPSE('',#1420,1.927827732243,1.8);
#1420 = AXIS2_PLACEMENT_3D('',#1421,#1422,#1423);
#1421 = CARTESIAN_POINT('',(117.2,-27.8,10.));
#1422 = DIRECTION('',(0.933693384474,-0.355522929529,4.266275154351E-02)
  );
#1423 = DIRECTION('',(0.358073545225,0.927042535692,-0.111245104283));
#1424 = PCURVE('',#1244,#1425);
#1425 = DEFINITIONAL_REPRESENTATION('',(#1426),#1433);
#1426 = B_SPLINE_CURVE_WITH_KNOTS('',5,(#1427,#1428,#1429,#1430,#1431,
    #1432),.UNSPECIFIED.,.F.,.F.,(6,6),(1.570796214074,1.690225252814),
  .PIECEWISE_BEZIER_KNOTS.);
#1427 = CARTESIAN_POINT('',(6.163756268441,29.600000077811));
#1428 = CARTESIAN_POINT('',(6.187642076189,29.583511606536));
#1429 = CARTESIAN_POINT('',(6.211527883937,29.567023135203));
#1430 = CARTESIAN_POINT('',(6.235413691685,29.550554262158));
#1431 = CARTESIAN_POINT('',(6.259299499433,29.534124585671));
#1432 = CARTESIAN_POINT('',(6.283185307181,29.51775356444));
#1433 = ( GEOMETRIC_REPRESENTATION_CONTEXT(2) 
PARAMETRIC_REPRESENTATION_CONTEXT() REPRESENTATION_CONTEXT('2D SPACE',''
  ) );
#1434 = PCURVE('',#1373,#1435);
#1435 = DEFINITIONAL_REPRESENTATION('',(#1436),#1443);
#1436 = B_SPLINE_CURVE_WITH_KNOTS('',5,(#1437,#1438,#1439,#1440,#1441,
    #1442),.UNSPECIFIED.,.F.,.F.,(6,6),(1.570796214074,1.690225252814),
  .PIECEWISE_BEZIER_KNOTS.);
#1437 = CARTESIAN_POINT('',(1.481803888877,-7.781144972796E-08));
#1438 = CARTESIAN_POINT('',(1.505689696625,1.648839346363E-02));
#1439 = CARTESIAN_POINT('',(1.529575504373,3.297686479734E-02));
#1440 = CARTESIAN_POINT('',(1.553461312121,4.944573784225E-02));
#1441 = CARTESIAN_POINT('',(1.577347119869,6.587541432907E-02));
#1442 = CARTESIAN_POINT('',(1.601232927617,8.224643556015E-02));
#1443 = ( GEOMETRIC_REPRESENTATION_CONTEXT(2) 
PARAMETRIC_REPRESENTATION_CONTEXT() REPRESENTATION_CONTEXT('2D SPACE',''
  ) );
#1444 = ORIENTED_EDGE('',*,*,#1445,.F.);
#1445 = EDGE_CURVE('',#1323,#1416,#1446,.T.);
#1446 = SURFACE_CURVE('',#1447,(#1452,#1459),.PCURVE_S1.);
#1447 = CIRCLE('',#1448,1.8);
#1448 = AXIS2_PLACEMENT_3D('',#1449,#1450,#1451);
#1449 = CARTESIAN_POINT('',(117.2,-27.8,10.));
#1450 = DIRECTION('',(1.,0.,0.));
#1451 = DIRECTION('',(-0.,0.,1.));
#1452 = PCURVE('',#1244,#1453);
#1453 = DEFINITIONAL_REPRESENTATION('',(#1454),#1458);
#1454 = LINE('',#1455,#1456);
#1455 = CARTESIAN_POINT('',(0.,29.6));
#1456 = VECTOR('',#1457,1.);
#1457 = DIRECTION('',(1.,0.));
#1458 = ( GEOMETRIC_REPRESENTATION_CONTEXT(2) 
PARAMETRIC_REPRESENTATION_CONTEXT() REPRESENTATION_CONTEXT('2D SPACE',''
  ) );
#1459 = PCURVE('',#1339,#1460);
#1460 = DEFINITIONAL_REPRESENTATION('',(#1461),#1464);
#1461 = B_SPLINE_CURVE_WITH_KNOTS('',1,(#1462,#1463),.UNSPECIFIED.,.F.,
  .F.,(2,2),(3.14159265359,6.163756381161),.PIECEWISE_BEZIER_KNOTS.);
#1462 = CARTESIAN_POINT('',(7.853981633974,-1.570796326795));
#1463 = CARTESIAN_POINT('',(7.853981633974,1.451367400777));
#1464 = ( GEOMETRIC_REPRESENTATION_CONTEXT(2) 
PARAMETRIC_REPRESENTATION_CONTEXT() REPRESENTATION_CONTEXT('2D SPACE',''
  ) );
#1465 = ADVANCED_FACE('',(#1466),#1339,.T.);
#1466 = FACE_BOUND('',#1467,.T.);
#1467 = EDGE_LOOP('',(#1468,#1469,#1470,#1528));
#1468 = ORIENTED_EDGE('',*,*,#1320,.T.);
#1469 = ORIENTED_EDGE('',*,*,#1445,.T.);
#1470 = ORIENTED_EDGE('',*,*,#1471,.F.);
#1471 = EDGE_CURVE('',#1472,#1416,#1474,.T.);
#1472 = VERTEX_POINT('',#1473);
#1473 = CARTESIAN_POINT('',(118.39882838475,-26.45731220907,10.));
#1474 = SURFACE_CURVE('',#1475,(#1480,#1521),.PCURVE_S1.);
#1475 = CIRCLE('',#1476,1.8);
#1476 = AXIS2_PLACEMENT_3D('',#1477,#1478,#1479);
#1477 = CARTESIAN_POINT('',(117.2,-27.8,10.));
#1478 = DIRECTION('',(0.743566672419,-0.66389881466,7.966785775922E-02)
  );
#1479 = DIRECTION('',(0.666015769309,0.745937661626,0.));
#1480 = PCURVE('',#1339,#1481);
#1481 = DEFINITIONAL_REPRESENTATION('',(#1482),#1520);
#1482 = B_SPLINE_CURVE_WITH_KNOTS('',8,(#1483,#1484,#1485,#1486,#1487,
    #1488,#1489,#1490,#1491,#1492,#1493,#1494,#1495,#1496,#1497,#1498,
    #1499,#1500,#1501,#1502,#1503,#1504,#1505,#1506,#1507,#1508,#1509,
    #1510,#1511,#1512,#1513,#1514,#1515,#1516,#1517,#1518,#1519),
  .UNSPECIFIED.,.F.,.F.,(9,7,7,7,7,9),(0.,0.740902000799,1.111353001198,
    1.296578501398,1.389191251498,1.481804001598),.UNSPECIFIED.);
#1483 = CARTESIAN_POINT('',(7.125126907522,0.));
#1484 = CARTESIAN_POINT('',(7.132505166923,9.231837720229E-02));
#1485 = CARTESIAN_POINT('',(7.139883789446,0.184636739591));
#1486 = CARTESIAN_POINT('',(7.147451287964,0.276947556595));
#1487 = CARTESIAN_POINT('',(7.15541177962,0.369242661375));
#1488 = CARTESIAN_POINT('',(7.163967452284,0.461513994897));
#1489 = CARTESIAN_POINT('',(7.17349263447,0.553746543417));
#1490 = CARTESIAN_POINT('',(7.184393588406,0.645924100422));
#1491 = CARTESIAN_POINT('',(7.204614317144,0.784035405751));
#1492 = CARTESIAN_POINT('',(7.21199985205,0.830046651783));
#1493 = CARTESIAN_POINT('',(7.220179453639,0.876026071751));
#1494 = CARTESIAN_POINT('',(7.229365521053,0.921965094412));
#1495 = CARTESIAN_POINT('',(7.239817555795,0.967853336736));
#1496 = CARTESIAN_POINT('',(7.25199754738,1.013672040287));
#1497 = CARTESIAN_POINT('',(7.266495086468,1.059397530655));
#1498 = CARTESIAN_POINT('',(7.293924094046,1.127755756812));
#1499 = CARTESIAN_POINT('',(7.304013818628,1.150503517634));
#1500 = CARTESIAN_POINT('',(7.315237806284,1.173205267791));
#1501 = CARTESIAN_POINT('',(7.32782814948,1.195851563996));
#1502 = CARTESIAN_POINT('',(7.34212079448,1.218428481203));
#1503 = CARTESIAN_POINT('',(7.358564367075,1.240917477618));
#1504 = CARTESIAN_POINT('',(7.377821870376,1.263291035714));
#1505 = CARTESIAN_POINT('',(7.412751969866,1.296600365603));
#1506 = CARTESIAN_POINT('',(7.425403166097,1.307661607623));
#1507 = CARTESIAN_POINT('',(7.439212992027,1.318674581359));
#1508 = CARTESIAN_POINT('',(7.454372522187,1.329630991206));
#1509 = CARTESIAN_POINT('',(7.471117419938,1.340520609476));
#1510 = CARTESIAN_POINT('',(7.489749847327,1.351330210501));
#1511 = CARTESIAN_POINT('',(7.510677970513,1.362041475648));
#1512 = CARTESIAN_POINT('',(7.558268151068,1.38321426286));
#1513 = CARTESIAN_POINT('',(7.584930261208,1.393675762508));
#1514 = CARTESIAN_POINT('',(7.615035861475,1.403985602018));
#1515 = CARTESIAN_POINT('',(7.649314541259,1.414108688174));
#1516 = CARTESIAN_POINT('',(7.688779952144,1.423996098957));
#1517 = CARTESIAN_POINT('',(7.734695257191,1.433580778771));
#1518 = CARTESIAN_POINT('',(7.78901196091,1.442759431475));
#1519 = CARTESIAN_POINT('',(7.853981633974,1.451367400777));
#1520 = ( GEOMETRIC_REPRESENTATION_CONTEXT(2) 
PARAMETRIC_REPRESENTATION_CONTEXT() REPRESENTATION_CONTEXT('2D SPACE',''
  ) );
#1521 = PCURVE('',#1373,#1522);
#1522 = DEFINITIONAL_REPRESENTATION('',(#1523),#1527);
#1523 = LINE('',#1524,#1525);
#1524 = CARTESIAN_POINT('',(0.,0.));
#1525 = VECTOR('',#1526,1.);
#1526 = DIRECTION('',(1.,0.));
#1527 = ( GEOMETRIC_REPRESENTATION_CONTEXT(2) 
PARAMETRIC_REPRESENTATION_CONTEXT() REPRESENTATION_CONTEXT('2D SPACE',''
  ) );
#1528 = ORIENTED_EDGE('',*,*,#1529,.T.);
#1529 = EDGE_CURVE('',#1472,#1321,#1530,.T.);
#1530 = SURFACE_CURVE('',#1531,(#1536,#1598),.PCURVE_S1.);
#1531 = CIRCLE('',#1532,1.8);
#1532 = AXIS2_PLACEMENT_3D('',#1533,#1534,#1535);
#1533 = CARTESIAN_POINT('',(117.2,-27.8,10.));
#1534 = DIRECTION('',(-0.743566672419,0.66389881466,-7.966785775922E-02)
  );
#1535 = DIRECTION('',(0.666015769309,0.745937661626,0.));
#1536 = PCURVE('',#1339,#1537);
#1537 = DEFINITIONAL_REPRESENTATION('',(#1538),#1597);
#1538 = B_SPLINE_CURVE_WITH_KNOTS('',8,(#1539,#1540,#1541,#1542,#1543,
    #1544,#1545,#1546,#1547,#1548,#1549,#1550,#1551,#1552,#1553,#1554,
    #1555,#1556,#1557,#1558,#1559,#1560,#1561,#1562,#1563,#1564,#1565,
    #1566,#1567,#1568,#1569,#1570,#1571,#1572,#1573,#1574,#1575,#1576,
    #1577,#1578,#1579,#1580,#1581,#1582,#1583,#1584,#1585,#1586,#1587,
    #1588,#1589,#1590,#1591,#1592,#1593,#1594,#1595,#1596),
  .UNSPECIFIED.,.F.,.F.,(9,7,7,7,7,7,7,7,9),(0.,0.461359310846,
    0.922718621692,1.23029149559,1.406047423531,1.499783918433,
    1.559785693518,1.619787468602,1.659788651992),.UNSPECIFIED.);
#1539 = CARTESIAN_POINT('',(7.125126907522,0.));
#1540 = CARTESIAN_POINT('',(7.120532469028,-5.748660799748E-02));
#1541 = CARTESIAN_POINT('',(7.115937921475,-0.114973211601));
#1542 = CARTESIAN_POINT('',(7.111297504776,-0.172457982361));
#1543 = CARTESIAN_POINT('',(7.106564109507,-0.229939037477));
#1544 = CARTESIAN_POINT('',(7.101687857592,-0.28741438347));
#1545 = CARTESIAN_POINT('',(7.096611448799,-0.344881729685));
#1546 = CARTESIAN_POINT('',(7.091262273045,-0.402338171631));
#1547 = CARTESIAN_POINT('',(7.079820303977,-0.517221316653));
#1548 = CARTESIAN_POINT('',(7.073727924522,-0.574648036929));
#1549 = CARTESIAN_POINT('',(7.06716087749,-0.632055765952));
#1550 = CARTESIAN_POINT('',(7.060000384842,-0.689439756239));
#1551 = CARTESIAN_POINT('',(7.052061354311,-0.746792573972));
#1552 = CARTESIAN_POINT('',(7.043103114797,-0.804104563968));
#1553 = CARTESIAN_POINT('',(7.032765673911,-0.86136127942));
#1554 = CARTESIAN_POINT('',(7.011982009937,-0.956646310958));
#1555 = CARTESIAN_POINT('',(7.002719709308,-0.994722194237));
#1556 = CARTESIAN_POINT('',(6.992288733315,-1.032751101736));
#1557 = CARTESIAN_POINT('',(6.980360860817,-1.070719638475));
#1558 = CARTESIAN_POINT('',(6.966549684243,-1.108612422385));
#1559 = CARTESIAN_POINT('',(6.950099317521,-1.146398225513));
#1560 = CARTESIAN_POINT('',(6.930089914426,-1.184040176248));
#1561 = CARTESIAN_POINT('',(6.889011082937,-1.242797164438));
#1562 = CARTESIAN_POINT('',(6.87207056333,-1.26408127932));
#1563 = CARTESIAN_POINT('',(6.852648452002,-1.285263626717));
#1564 = CARTESIAN_POINT('',(6.83006999159,-1.306314793159));
#1565 = CARTESIAN_POINT('',(6.803419140212,-1.327198578777));
#1566 = CARTESIAN_POINT('',(6.771190296122,-1.347845776473));
#1567 = CARTESIAN_POINT('',(6.731186713532,-1.368167374551));
#1568 = CARTESIAN_POINT('',(6.650042792797,-1.398449630452));
#1569 = CARTESIAN_POINT('',(6.61814543224,-1.408819814004));
#1570 = CARTESIAN_POINT('',(6.581788511687,-1.418989455867));
#1571 = CARTESIAN_POINT('',(6.539977734708,-1.42890905359));
#1572 = CARTESIAN_POINT('',(6.49129178956,-1.438505954825));
#1573 = CARTESIAN_POINT('',(6.434034023531,-1.447683765429));
#1574 = CARTESIAN_POINT('',(6.365434669596,-1.456281710664));
#1575 = CARTESIAN_POINT('',(6.230536573624,-1.469040042565));
#1576 = CARTESIAN_POINT('',(6.172295565563,-1.473683851464));
#1577 = CARTESIAN_POINT('',(6.107854783688,-1.477929614166));
#1578 = CARTESIAN_POINT('',(6.036705138809,-1.481701263066));
#1579 = CARTESIAN_POINT('',(5.958559393577,-1.484912018788));
#1580 = CARTESIAN_POINT('',(5.873773088462,-1.487459901178));
#1581 = CARTESIAN_POINT('',(5.784062919151,-1.489265474291));
#1582 = CARTESIAN_POINT('',(5.599282608361,-1.491312669397));
#1583 = CARTESIAN_POINT('',(5.50421362189,-1.491554230195));
#1584 = CARTESIAN_POINT('',(5.408715443064,-1.490974426694));
#1585 = CARTESIAN_POINT('',(5.315612141421,-1.489570885542));
#1586 = CARTESIAN_POINT('',(5.227705776582,-1.48740350193));
#1587 = CARTESIAN_POINT('',(5.146061825904,-1.484564742991));
#1588 = CARTESIAN_POINT('',(5.071084703365,-1.481144181038));
#1589 = CARTESIAN_POINT('',(4.957008825827,-1.474613206788));
#1590 = CARTESIAN_POINT('',(4.91428190713,-1.471779439906));
#1591 = CARTESIAN_POINT('',(4.874421045117,-1.468749095446));
#1592 = CARTESIAN_POINT('',(4.837292896847,-1.465545265961));
#1593 = CARTESIAN_POINT('',(4.802717008007,-1.462188566569));
#1594 = CARTESIAN_POINT('',(4.770499358893,-1.458696841012));
#1595 = CARTESIAN_POINT('',(4.740450600456,-1.45508534413));
#1596 = CARTESIAN_POINT('',(4.712388980385,-1.451367400777));
#1597 = ( GEOMETRIC_REPRESENTATION_CONTEXT(2) 
PARAMETRIC_REPRESENTATION_CONTEXT() REPRESENTATION_CONTEXT('2D SPACE',''
  ) );
#1598 = PCURVE('',#1373,#1599);
#1599 = DEFINITIONAL_REPRESENTATION('',(#1600),#1604);
#1600 = LINE('',#1601,#1602);
#1601 = CARTESIAN_POINT('',(6.28318530718,0.));
#1602 = VECTOR('',#1603,1.);
#1603 = DIRECTION('',(-1.,-0.));
#1604 = ( GEOMETRIC_REPRESENTATION_CONTEXT(2) 
PARAMETRIC_REPRESENTATION_CONTEXT() REPRESENTATION_CONTEXT('2D SPACE',''
  ) );
#1605 = ADVANCED_FACE('',(#1606),#1373,.T.);
#1606 = FACE_BOUND('',#1607,.T.);
#1607 = EDGE_LOOP('',(#1608,#1729,#1768,#1798,#1819,#1820,#1821,#1822,
    #1823,#1824));
#1608 = ORIENTED_EDGE('',*,*,#1609,.F.);
#1609 = EDGE_CURVE('',#1610,#1612,#1614,.T.);
#1610 = VERTEX_POINT('',#1611);
#1611 = CARTESIAN_POINT('',(120.,-30.08553860288,12.087178309276));
#1612 = VERTEX_POINT('',#1613);
#1613 = CARTESIAN_POINT('',(120.,-30.51446139711,8.512821690724));
#1614 = SURFACE_CURVE('',#1615,(#1620,#1627),.PCURVE_S1.);
#1615 = CIRCLE('',#1616,1.8);
#1616 = AXIS2_PLACEMENT_3D('',#1617,#1618,#1619);
#1617 = CARTESIAN_POINT('',(120.,-30.3,10.3));
#1618 = DIRECTION('',(0.743566672419,-0.66389881466,7.966785775922E-02)
  );
#1619 = DIRECTION('',(0.666015769309,0.745937661626,0.));
#1620 = PCURVE('',#1373,#1621);
#1621 = DEFINITIONAL_REPRESENTATION('',(#1622),#1626);
#1622 = LINE('',#1623,#1624);
#1623 = CARTESIAN_POINT('',(0.,3.765634076753));
#1624 = VECTOR('',#1625,1.);
#1625 = DIRECTION('',(1.,0.));
#1626 = ( GEOMETRIC_REPRESENTATION_CONTEXT(2) 
PARAMETRIC_REPRESENTATION_CONTEXT() REPRESENTATION_CONTEXT('2D SPACE',''
  ) );
#1627 = PCURVE('',#1628,#1633);
#1628 = SPHERICAL_SURFACE('',#1629,1.8);
#1629 = AXIS2_PLACEMENT_3D('',#1630,#1631,#1632);
#1630 = CARTESIAN_POINT('',(120.,-30.3,10.3));
#1631 = DIRECTION('',(0.,0.,1.));
#1632 = DIRECTION('',(1.,0.,-0.));
#1633 = DEFINITIONAL_REPRESENTATION('',(#1634),#1728);
#1634 = B_SPLINE_CURVE_WITH_KNOTS('',8,(#1635,#1636,#1637,#1638,#1639,
    #1640,#1641,#1642,#1643,#1644,#1645,#1646,#1647,#1648,#1649,#1650,
    #1651,#1652,#1653,#1654,#1655,#1656,#1657,#1658,#1659,#1660,#1661,
    #1662,#1663,#1664,#1665,#1666,#1667,#1668,#1669,#1670,#1671,#1672,
    #1673,#1674,#1675,#1676,#1677,#1678,#1679,#1680,#1681,#1682,#1683,
    #1684,#1685,#1686,#1687,#1688,#1689,#1690,#1691,#1692,#1693,#1694,
    #1695,#1696,#1697,#1698,#1699,#1700,#1701,#1702,#1703,#1704,#1705,
    #1706,#1707,#1708,#1709,#1710,#1711,#1712,#1713,#1714,#1715,#1716,
    #1717,#1718,#1719,#1720,#1721,#1722,#1723,#1724,#1725,#1726,#1727),
  .UNSPECIFIED.,.F.,.F.,(9,7,7,7,7,7,7,7,7,7,7,7,7,9),(1.481804001598,
    1.53089138681,1.579211781629,1.626777170278,1.720421529182,
    1.901857474557,2.071953673346,2.390884046077,2.949012198354,
    3.786204426771,4.204800540979,4.414098598084,4.518747626636,
    4.623396655188),.UNSPECIFIED.);
#1635 = CARTESIAN_POINT('',(1.570796326795,1.451367400777));
#1636 = CARTESIAN_POINT('',(1.605232096874,1.455929868737));
#1637 = CARTESIAN_POINT('',(1.642660404776,1.460332084172));
#1638 = CARTESIAN_POINT('',(1.683416648772,1.464549234362));
#1639 = CARTESIAN_POINT('',(1.727854441303,1.468552559135));
#1640 = CARTESIAN_POINT('',(1.77633614953,1.472306892271));
#1641 = CARTESIAN_POINT('',(1.829172140466,1.475770345115));
#1642 = CARTESIAN_POINT('',(1.886508730694,1.478896132415));
#1643 = CARTESIAN_POINT('',(2.0088575739,1.484334129474));
#1644 = CARTESIAN_POINT('',(2.073736353402,1.486658363907));
#1645 = CARTESIAN_POINT('',(2.142632701248,1.488563991655));
#1646 = CARTESIAN_POINT('',(2.21507832699,1.490006107958));
#1647 = CARTESIAN_POINT('',(2.290217558096,1.490944121788));
#1648 = CARTESIAN_POINT('',(2.366664899325,1.491353981276));
#1649 = CARTESIAN_POINT('',(2.442997827077,1.491234608546));
#1650 = CARTESIAN_POINT('',(2.591794278914,1.489979513303));
#1651 = CARTESIAN_POINT('',(2.664299248394,1.488859733864));
#1652 = CARTESIAN_POINT('',(2.734322823069,1.487258050575));
#1653 = CARTESIAN_POINT('',(2.800855441105,1.485206876056));
#1654 = CARTESIAN_POINT('',(2.863333595188,1.482750032604));
#1655 = CARTESIAN_POINT('',(2.921587662251,1.479934077904));
#1656 = CARTESIAN_POINT('',(2.975666664617,1.476801647382));
#1657 = CARTESIAN_POINT('',(3.124353732085,1.466678575225));
#1658 = CARTESIAN_POINT('',(3.207473105063,1.458889834026));
#1659 = CARTESIAN_POINT('',(3.27647769589,1.450322671822));
#1660 = CARTESIAN_POINT('',(3.3347280406,1.441206571756));
#1661 = CARTESIAN_POINT('',(3.384389176723,1.431669577117));
#1662 = CARTESIAN_POINT('',(3.427238339249,1.421812213464));
#1663 = CARTESIAN_POINT('',(3.464565635052,1.411700204327));
#1664 = CARTESIAN_POINT('',(3.560930939963,1.381395923636));
#1665 = CARTESIAN_POINT('',(3.607514415349,1.360640800479));
#1666 = CARTESIAN_POINT('',(3.644376463366,1.339479629801));
#1667 = CARTESIAN_POINT('',(3.67441662549,1.318025129295));
#1668 = CARTESIAN_POINT('',(3.69957152341,1.296370991082));
#1669 = CARTESIAN_POINT('',(3.721002141731,1.274560829102));
#1670 = CARTESIAN_POINT('',(3.739539744538,1.252632057676));
#1671 = CARTESIAN_POINT('',(3.770983841855,1.209961461033));
#1672 = CARTESIAN_POINT('',(3.784170188055,1.189231187495));
#1673 = CARTESIAN_POINT('',(3.795810723104,1.168437890628));
#1674 = CARTESIAN_POINT('',(3.806211426971,1.147594189645));
#1675 = CARTESIAN_POINT('',(3.815592461448,1.126709124109));
#1676 = CARTESIAN_POINT('',(3.824122671247,1.105789617739));
#1677 = CARTESIAN_POINT('',(3.831929478353,1.084840861127));
#1678 = CARTESIAN_POINT('',(3.852590705408,1.024541173874));
#1679 = CARTESIAN_POINT('',(3.863884823796,0.985127236574));
#1680 = CARTESIAN_POINT('',(3.873670665644,0.945652616782));
#1681 = CARTESIAN_POINT('',(3.882305746631,0.906131748447));
#1682 = CARTESIAN_POINT('',(3.890032829241,0.866574420305));
#1683 = CARTESIAN_POINT('',(3.897035516533,0.826988041708));
#1684 = CARTESIAN_POINT('',(3.903439159383,0.787377642954));
#1685 = CARTESIAN_POINT('',(3.919685298634,0.678394396263));
#1686 = CARTESIAN_POINT('',(3.928504368124,0.608980538022));
#1687 = CARTESIAN_POINT('',(3.936341457419,0.539527390714));
#1688 = CARTESIAN_POINT('',(3.943466650461,0.470045768752));
#1689 = CARTESIAN_POINT('',(3.950065986878,0.400543118706));
#1690 = CARTESIAN_POINT('',(3.956286558993,0.331025330789));
#1691 = CARTESIAN_POINT('',(3.962232446602,0.261496562593));
#1692 = CARTESIAN_POINT('',(3.97665259159,8.765687503451E-02));
#1693 = CARTESIAN_POINT('',(3.984904158064,-1.666294437453E-02));
#1694 = CARTESIAN_POINT('',(3.993071218762,-0.120986140035));
#1695 = CARTESIAN_POINT('',(4.001407953208,-0.225302550847));
#1696 = CARTESIAN_POINT('',(4.010145938673,-0.329602941749));
#1697 = CARTESIAN_POINT('',(4.019662439572,-0.433872201541));
#1698 = CARTESIAN_POINT('',(4.030350140644,-0.53809466827));
#1699 = CARTESIAN_POINT('',(4.049853035912,-0.694289402163));
#1700 = CARTESIAN_POINT('',(4.056933000108,-0.746331133878));
#1701 = CARTESIAN_POINT('',(4.06473290159,-0.798344038496));
#1702 = CARTESIAN_POINT('',(4.073455656711,-0.850319943838));
#1703 = CARTESIAN_POINT('',(4.083343997854,-0.902249153));
#1704 = CARTESIAN_POINT('',(4.094844792349,-0.954113574602));
#1705 = CARTESIAN_POINT('',(4.108514401378,-1.005890916595));
#1706 = CARTESIAN_POINT('',(4.13444781929,-1.083337768822));
#1707 = CARTESIAN_POINT('',(4.143996584684,-1.109116885865));
#1708 = CARTESIAN_POINT('',(4.154635715684,-1.134851899689));
#1709 = CARTESIAN_POINT('',(4.166593076051,-1.160533589112));
#1710 = CARTESIAN_POINT('',(4.180209034623,-1.186147924331));
#1711 = CARTESIAN_POINT('',(4.195937533612,-1.211676263485));
#1712 = CARTESIAN_POINT('',(4.214457062242,-1.237090665853));
#1713 = CARTESIAN_POINT('',(4.248378099351,-1.274958744155));
#1714 = CARTESIAN_POINT('',(4.260708900119,-1.287539176469));
#1715 = CARTESIAN_POINT('',(4.274227598538,-1.300070394536));
#1716 = CARTESIAN_POINT('',(4.28913763156,-1.312543776187));
#1717 = CARTESIAN_POINT('',(4.305701292606,-1.324948016168));
#1718 = CARTESIAN_POINT('',(4.324258803128,-1.337268376611));
#1719 = CARTESIAN_POINT('',(4.345273448311,-1.349484509196));
#1720 = CARTESIAN_POINT('',(4.393585148223,-1.373645801756));
#1721 = CARTESIAN_POINT('',(4.420881433744,-1.385590973122));
#1722 = CARTESIAN_POINT('',(4.452009891085,-1.397369228546));
#1723 = CARTESIAN_POINT('',(4.487848492008,-1.408938750065));
#1724 = CARTESIAN_POINT('',(4.529703329759,-1.420238971436));
#1725 = CARTESIAN_POINT('',(4.579164693433,-1.431185348071));
#1726 = CARTESIAN_POINT('',(4.6389756203,-1.441640709535));
#1727 = CARTESIAN_POINT('',(4.712388980385,-1.451367400777));
#1728 = ( GEOMETRIC_REPRESENTATION_CONTEXT(2) 
PARAMETRIC_REPRESENTATION_CONTEXT() REPRESENTATION_CONTEXT('2D SPACE',''
  ) );
#1729 = ORIENTED_EDGE('',*,*,#1730,.F.);
#1730 = EDGE_CURVE('',#1731,#1610,#1733,.T.);
#1731 = VERTEX_POINT('',#1732);
#1732 = CARTESIAN_POINT('',(120.51500035177,-28.34768008761,
    10.276873509279));
#1733 = SURFACE_CURVE('',#1734,(#1739,#1751),.PCURVE_S1.);
#1734 = ELLIPSE('',#1735,2.022085065377,1.8);
#1735 = AXIS2_PLACEMENT_3D('',#1736,#1737,#1738);
#1736 = CARTESIAN_POINT('',(120.,-30.3,10.3));
#1737 = DIRECTION('',(0.966561998618,-0.254606423762,3.055277085143E-02)
  );
#1738 = DIRECTION('',(-0.256433037707,-0.959677021389,0.115161242567));
#1739 = PCURVE('',#1373,#1740);
#1740 = DEFINITIONAL_REPRESENTATION('',(#1741),#1750);
#1741 = B_SPLINE_CURVE_WITH_KNOTS('',7,(#1742,#1743,#1744,#1745,#1746,
    #1747,#1748,#1749),.UNSPECIFIED.,.F.,.F.,(8,8),(3.258328621899,
    4.712388979164),.PIECEWISE_BEZIER_KNOTS.);
#1742 = CARTESIAN_POINT('',(2.774364311238E-02,2.850585860976));
#1743 = CARTESIAN_POINT('',(0.235466551293,2.872875965832));
#1744 = CARTESIAN_POINT('',(0.443189459474,2.941230331301));
#1745 = CARTESIAN_POINT('',(0.650912367655,3.054074025573));
#1746 = CARTESIAN_POINT('',(0.858635275836,3.204982712585));
#1747 = CARTESIAN_POINT('',(1.066358184016,3.382876532532));
#1748 = CARTESIAN_POINT('',(1.274081092197,3.574255091161));
#1749 = CARTESIAN_POINT('',(1.481804000378,3.765634075628));
#1750 = ( GEOMETRIC_REPRESENTATION_CONTEXT(2) 
PARAMETRIC_REPRESENTATION_CONTEXT() REPRESENTATION_CONTEXT('2D SPACE',''
  ) );
#1751 = PCURVE('',#1752,#1757);
#1752 = CYLINDRICAL_SURFACE('',#1753,1.8);
#1753 = AXIS2_PLACEMENT_3D('',#1754,#1755,#1756);
#1754 = CARTESIAN_POINT('',(120.,-30.3,10.3));
#1755 = DIRECTION('',(0.977242829913,0.210612678861,-2.527352146326E-02)
  );
#1756 = DIRECTION('',(-0.210679975619,0.977555086874,0.));
#1757 = DEFINITIONAL_REPRESENTATION('',(#1758),#1767);
#1758 = B_SPLINE_CURVE_WITH_KNOTS('',7,(#1759,#1760,#1761,#1762,#1763,
    #1764,#1765,#1766),.UNSPECIFIED.,.F.,.F.,(8,8),(3.258328621899,
    4.712388979164),.PIECEWISE_BEZIER_KNOTS.);
#1759 = CARTESIAN_POINT('',(-2.13162820728E-14,0.915048215777));
#1760 = CARTESIAN_POINT('',(0.207722908181,0.892758110921));
#1761 = CARTESIAN_POINT('',(0.415445816361,0.824403745452));
#1762 = CARTESIAN_POINT('',(0.623168724542,0.711560051179));
#1763 = CARTESIAN_POINT('',(0.830891632723,0.560651364168));
#1764 = CARTESIAN_POINT('',(1.038614540904,0.38275754422));
#1765 = CARTESIAN_POINT('',(1.246337449085,0.191378985592));
#1766 = CARTESIAN_POINT('',(1.454060357265,1.124305981648E-09));
#1767 = ( GEOMETRIC_REPRESENTATION_CONTEXT(2) 
PARAMETRIC_REPRESENTATION_CONTEXT() REPRESENTATION_CONTEXT('2D SPACE',''
  ) );
#1768 = ORIENTED_EDGE('',*,*,#1769,.F.);
#1769 = EDGE_CURVE('',#1770,#1731,#1772,.T.);
#1770 = VERTEX_POINT('',#1771);
#1771 = CARTESIAN_POINT('',(120.51647748898,-28.34807033784,
    10.226890975453));
#1772 = SURFACE_CURVE('',#1773,(#1778,#1788),.PCURVE_S1.);
#1773 = ELLIPSE('',#1774,2.022085065377,1.8);
#1774 = AXIS2_PLACEMENT_3D('',#1775,#1776,#1777);
#1775 = CARTESIAN_POINT('',(120.,-30.3,10.3));
#1776 = DIRECTION('',(0.966561998618,-0.254606423762,3.055277085143E-02)
  );
#1777 = DIRECTION('',(-0.256433037707,-0.959677021389,0.115161242567));
#1778 = PCURVE('',#1373,#1779);
#1779 = DEFINITIONAL_REPRESENTATION('',(#1780),#1787);
#1780 = B_SPLINE_CURVE_WITH_KNOTS('',5,(#1781,#1782,#1783,#1784,#1785,
    #1786),.UNSPECIFIED.,.F.,.F.,(6,6),(3.230584978787,3.258328621899),
  .PIECEWISE_BEZIER_KNOTS.);
#1781 = CARTESIAN_POINT('',(-5.329070518201E-15,2.84796129624));
#1782 = CARTESIAN_POINT('',(5.548728622473E-03,2.848415637834));
#1783 = CARTESIAN_POINT('',(1.109745724495E-02,2.848905296511));
#1784 = CARTESIAN_POINT('',(1.664618586743E-02,2.849430243129));
#1785 = CARTESIAN_POINT('',(2.219491448991E-02,2.849990444014));
#1786 = CARTESIAN_POINT('',(2.774364311238E-02,2.850585860976));
#1787 = ( GEOMETRIC_REPRESENTATION_CONTEXT(2) 
PARAMETRIC_REPRESENTATION_CONTEXT() REPRESENTATION_CONTEXT('2D SPACE',''
  ) );
#1788 = PCURVE('',#1752,#1789);
#1789 = DEFINITIONAL_REPRESENTATION('',(#1790),#1797);
#1790 = B_SPLINE_CURVE_WITH_KNOTS('',5,(#1791,#1792,#1793,#1794,#1795,
    #1796),.UNSPECIFIED.,.F.,.F.,(6,6),(3.230584978787,3.258328621899),
  .PIECEWISE_BEZIER_KNOTS.);
#1791 = CARTESIAN_POINT('',(6.255441664067,0.917672780512));
#1792 = CARTESIAN_POINT('',(6.26099039269,0.917218438919));
#1793 = CARTESIAN_POINT('',(6.266539121312,0.916728780242));
#1794 = CARTESIAN_POINT('',(6.272087849935,0.916203833624));
#1795 = CARTESIAN_POINT('',(6.277636578557,0.915643632738));
#1796 = CARTESIAN_POINT('',(6.28318530718,0.915048215777));
#1797 = ( GEOMETRIC_REPRESENTATION_CONTEXT(2) 
PARAMETRIC_REPRESENTATION_CONTEXT() REPRESENTATION_CONTEXT('2D SPACE',''
  ) );
#1798 = ORIENTED_EDGE('',*,*,#1799,.F.);
#1799 = EDGE_CURVE('',#1472,#1770,#1800,.T.);
#1800 = SEAM_CURVE('',#1801,(#1805,#1812),.PCURVE_S1.);
#1801 = LINE('',#1802,#1803);
#1802 = CARTESIAN_POINT('',(118.39882838475,-26.45731220907,10.));
#1803 = VECTOR('',#1804,1.);
#1804 = DIRECTION('',(0.743566672419,-0.66389881466,7.966785775922E-02)
  );
#1805 = PCURVE('',#1373,#1806);
#1806 = DEFINITIONAL_REPRESENTATION('',(#1807),#1811);
#1807 = LINE('',#1808,#1809);
#1808 = CARTESIAN_POINT('',(0.,-0.));
#1809 = VECTOR('',#1810,1.);
#1810 = DIRECTION('',(0.,1.));
#1811 = ( GEOMETRIC_REPRESENTATION_CONTEXT(2) 
PARAMETRIC_REPRESENTATION_CONTEXT() REPRESENTATION_CONTEXT('2D SPACE',''
  ) );
#1812 = PCURVE('',#1373,#1813);
#1813 = DEFINITIONAL_REPRESENTATION('',(#1814),#1818);
#1814 = LINE('',#1815,#1816);
#1815 = CARTESIAN_POINT('',(6.28318530718,-0.));
#1816 = VECTOR('',#1817,1.);
#1817 = DIRECTION('',(0.,1.));
#1818 = ( GEOMETRIC_REPRESENTATION_CONTEXT(2) 
PARAMETRIC_REPRESENTATION_CONTEXT() REPRESENTATION_CONTEXT('2D SPACE',''
  ) );
#1819 = ORIENTED_EDGE('',*,*,#1471,.T.);
#1820 = ORIENTED_EDGE('',*,*,#1415,.T.);
#1821 = ORIENTED_EDGE('',*,*,#1350,.T.);
#1822 = ORIENTED_EDGE('',*,*,#1529,.F.);
#1823 = ORIENTED_EDGE('',*,*,#1799,.T.);
#1824 = ORIENTED_EDGE('',*,*,#1825,.F.);
#1825 = EDGE_CURVE('',#1612,#1770,#1826,.T.);
#1826 = SURFACE_CURVE('',#1827,(#1832,#1844),.PCURVE_S1.);
#1827 = ELLIPSE('',#1828,2.022085065377,1.8);
#1828 = AXIS2_PLACEMENT_3D('',#1829,#1830,#1831);
#1829 = CARTESIAN_POINT('',(120.,-30.3,10.3));
#1830 = DIRECTION('',(0.966561998618,-0.254606423762,3.055277085143E-02)
  );
#1831 = DIRECTION('',(-0.256433037707,-0.959677021389,0.115161242567));
#1832 = PCURVE('',#1373,#1833);
#1833 = DEFINITIONAL_REPRESENTATION('',(#1834),#1843);
#1834 = B_SPLINE_CURVE_WITH_KNOTS('',7,(#1835,#1836,#1837,#1838,#1839,
    #1840,#1841,#1842),.UNSPECIFIED.,.F.,.F.,(8,8),(1.570795675558,
    3.230584978787),.PIECEWISE_BEZIER_KNOTS.);
#1835 = CARTESIAN_POINT('',(4.623396003951,3.765634676749));
#1836 = CARTESIAN_POINT('',(4.860508761555,3.547178276577));
#1837 = CARTESIAN_POINT('',(5.09762151916,3.328723197533));
#1838 = CARTESIAN_POINT('',(5.334734276761,3.130319463357));
#1839 = CARTESIAN_POINT('',(5.571847034368,2.972068619846));
#1840 = CARTESIAN_POINT('',(5.80895979197,2.869325030675));
#1841 = CARTESIAN_POINT('',(6.046072549575,2.828546003934));
#1842 = CARTESIAN_POINT('',(6.28318530718,2.84796129624));
#1843 = ( GEOMETRIC_REPRESENTATION_CONTEXT(2) 
PARAMETRIC_REPRESENTATION_CONTEXT() REPRESENTATION_CONTEXT('2D SPACE',''
  ) );
#1844 = PCURVE('',#1752,#1845);
#1845 = DEFINITIONAL_REPRESENTATION('',(#1846),#1855);
#1846 = B_SPLINE_CURVE_WITH_KNOTS('',7,(#1847,#1848,#1849,#1850,#1851,
    #1852,#1853,#1854),.UNSPECIFIED.,.F.,.F.,(8,8),(1.570795675558,
    3.230584978787),.PIECEWISE_BEZIER_KNOTS.);
#1847 = CARTESIAN_POINT('',(4.595652360838,-5.999969090453E-07));
#1848 = CARTESIAN_POINT('',(4.832765118442,0.218455800175));
#1849 = CARTESIAN_POINT('',(5.069877876046,0.43691087922));
#1850 = CARTESIAN_POINT('',(5.306990633651,0.635314613396));
#1851 = CARTESIAN_POINT('',(5.544103391254,0.793565456906));
#1852 = CARTESIAN_POINT('',(5.781216148859,0.896309046078));
#1853 = CARTESIAN_POINT('',(6.018328906463,0.937088072818));
#1854 = CARTESIAN_POINT('',(6.255441664067,0.917672780512));
#1855 = ( GEOMETRIC_REPRESENTATION_CONTEXT(2) 
PARAMETRIC_REPRESENTATION_CONTEXT() REPRESENTATION_CONTEXT('2D SPACE',''
  ) );
#1856 = ADVANCED_FACE('',(#1857),#1628,.T.);
#1857 = FACE_BOUND('',#1858,.T.);
#1858 = EDGE_LOOP('',(#1859,#1885,#1886,#1935,#1936));
#1859 = ORIENTED_EDGE('',*,*,#1860,.T.);
#1860 = EDGE_CURVE('',#1861,#1863,#1865,.T.);
#1861 = VERTEX_POINT('',#1862);
#1862 = CARTESIAN_POINT('',(120.04653616396,-30.3,12.099398339847));
#1863 = VERTEX_POINT('',#1864);
#1864 = CARTESIAN_POINT('',(120.,-30.3,12.1));
#1865 = SEAM_CURVE('',#1866,(#1871,#1878),.PCURVE_S1.);
#1866 = CIRCLE('',#1867,1.8);
#1867 = AXIS2_PLACEMENT_3D('',#1868,#1869,#1870);
#1868 = CARTESIAN_POINT('',(120.,-30.3,10.3));
#1869 = DIRECTION('',(-2.449293598295E-16,-1.,0.));
#1870 = DIRECTION('',(1.,-2.449293598295E-16,0.));
#1871 = PCURVE('',#1628,#1872);
#1872 = DEFINITIONAL_REPRESENTATION('',(#1873),#1877);
#1873 = LINE('',#1874,#1875);
#1874 = CARTESIAN_POINT('',(6.28318530718,-6.28318530718));
#1875 = VECTOR('',#1876,1.);
#1876 = DIRECTION('',(0.,1.));
#1877 = ( GEOMETRIC_REPRESENTATION_CONTEXT(2) 
PARAMETRIC_REPRESENTATION_CONTEXT() REPRESENTATION_CONTEXT('2D SPACE',''
  ) );
#1878 = PCURVE('',#1628,#1879);
#1879 = DEFINITIONAL_REPRESENTATION('',(#1880),#1884);
#1880 = LINE('',#1881,#1882);
#1881 = CARTESIAN_POINT('',(0.,-6.28318530718));
#1882 = VECTOR('',#1883,1.);
#1883 = DIRECTION('',(0.,1.));
#1884 = ( GEOMETRIC_REPRESENTATION_CONTEXT(2) 
PARAMETRIC_REPRESENTATION_CONTEXT() REPRESENTATION_CONTEXT('2D SPACE',''
  ) );
#1885 = ORIENTED_EDGE('',*,*,#1860,.F.);
#1886 = ORIENTED_EDGE('',*,*,#1887,.F.);
#1887 = EDGE_CURVE('',#1610,#1861,#1888,.T.);
#1888 = SURFACE_CURVE('',#1889,(#1894,#1928),.PCURVE_S1.);
#1889 = CIRCLE('',#1890,1.8);
#1890 = AXIS2_PLACEMENT_3D('',#1891,#1892,#1893);
#1891 = CARTESIAN_POINT('',(120.,-30.3,10.3));
#1892 = DIRECTION('',(0.977242829913,0.210612678861,-2.527352146326E-02)
  );
#1893 = DIRECTION('',(-0.210679975619,0.977555086874,8.673617379884E-19)
  );
#1894 = PCURVE('',#1628,#1895);
#1895 = DEFINITIONAL_REPRESENTATION('',(#1896),#1927);
#1896 = B_SPLINE_CURVE_WITH_KNOTS('',8,(#1897,#1898,#1899,#1900,#1901,
    #1902,#1903,#1904,#1905,#1906,#1907,#1908,#1909,#1910,#1911,#1912,
    #1913,#1914,#1915,#1916,#1917,#1918,#1919,#1920,#1921,#1922,#1923,
    #1924,#1925,#1926),.UNSPECIFIED.,.F.,.F.,(9,7,7,7,9),(1.454060358486
    ,1.51515175552,1.545697454037,1.560970303296,1.576243152555),
  .UNSPECIFIED.);
#1897 = CARTESIAN_POINT('',(1.570796326795,1.451367400777));
#1898 = CARTESIAN_POINT('',(1.557200595386,1.458830041992));
#1899 = CARTESIAN_POINT('',(1.541671644739,1.466267673113));
#1900 = CARTESIAN_POINT('',(1.523739703951,1.473674220761));
#1901 = CARTESIAN_POINT('',(1.502721443346,1.481040274224));
#1902 = CARTESIAN_POINT('',(1.477726539385,1.488354905432));
#1903 = CARTESIAN_POINT('',(1.447168832631,1.495595162437));
#1904 = CARTESIAN_POINT('',(1.408861895693,1.502733530674));
#1905 = CARTESIAN_POINT('',(1.331246118838,1.513161330862));
#1906 = CARTESIAN_POINT('',(1.302015479896,1.516590638798));
#1907 = CARTESIAN_POINT('',(1.268708328772,1.519962653241));
#1908 = CARTESIAN_POINT('',(1.230416928473,1.523263332485));
#1909 = CARTESIAN_POINT('',(1.185829198433,1.526472319979));
#1910 = CARTESIAN_POINT('',(1.13336354199,1.5295620453));
#1911 = CARTESIAN_POINT('',(1.070400182657,1.532487493083));
#1912 = CARTESIAN_POINT('',(0.956259699254,1.536522390635));
#1913 = CARTESIAN_POINT('',(0.914930963056,1.537808480895));
#1914 = CARTESIAN_POINT('',(0.869989163696,1.53902679778));
#1915 = CARTESIAN_POINT('',(0.821116191002,1.54016685417));
#1916 = CARTESIAN_POINT('',(0.768013109622,1.541216356948));
#1917 = CARTESIAN_POINT('',(0.710510279702,1.542161166188));
#1918 = CARTESIAN_POINT('',(0.648709272435,1.542986162117));
#1919 = CARTESIAN_POINT('',(0.517459497373,1.544369341492));
#1920 = CARTESIAN_POINT('',(0.448009969977,1.544927524863));
#1921 = CARTESIAN_POINT('',(0.375208199654,1.545338674012));
#1922 = CARTESIAN_POINT('',(0.299875651728,1.545590718712));
#1923 = CARTESIAN_POINT('',(0.223269125826,1.545674952296));
#1924 = CARTESIAN_POINT('',(0.14693980813,1.545590267797));
#1925 = CARTESIAN_POINT('',(7.218711491472E-02,1.545342103398));
#1926 = CARTESIAN_POINT('',(-6.874500968479E-13,1.544940021436));
#1927 = ( GEOMETRIC_REPRESENTATION_CONTEXT(2) 
PARAMETRIC_REPRESENTATION_CONTEXT() REPRESENTATION_CONTEXT('2D SPACE',''
  ) );
#1928 = PCURVE('',#1752,#1929);
#1929 = DEFINITIONAL_REPRESENTATION('',(#1930),#1934);
#1930 = LINE('',#1931,#1932);
#1931 = CARTESIAN_POINT('',(0.,0.));
#1932 = VECTOR('',#1933,1.);
#1933 = DIRECTION('',(1.,0.));
#1934 = ( GEOMETRIC_REPRESENTATION_CONTEXT(2) 
PARAMETRIC_REPRESENTATION_CONTEXT() REPRESENTATION_CONTEXT('2D SPACE',''
  ) );
#1935 = ORIENTED_EDGE('',*,*,#1609,.T.);
#1936 = ORIENTED_EDGE('',*,*,#1937,.F.);
#1937 = EDGE_CURVE('',#1861,#1612,#1938,.T.);
#1938 = SURFACE_CURVE('',#1939,(#1944,#2034),.PCURVE_S1.);
#1939 = CIRCLE('',#1940,1.8);
#1940 = AXIS2_PLACEMENT_3D('',#1941,#1942,#1943);
#1941 = CARTESIAN_POINT('',(120.,-30.3,10.3));
#1942 = DIRECTION('',(0.977242829913,0.210612678861,-2.527352146326E-02)
  );
#1943 = DIRECTION('',(-0.210679975619,0.977555086874,8.673617379884E-19)
  );
#1944 = PCURVE('',#1628,#1945);
#1945 = DEFINITIONAL_REPRESENTATION('',(#1946),#2033);
#1946 = B_SPLINE_CURVE_WITH_KNOTS('',8,(#1947,#1948,#1949,#1950,#1951,
    #1952,#1953,#1954,#1955,#1956,#1957,#1958,#1959,#1960,#1961,#1962,
    #1963,#1964,#1965,#1966,#1967,#1968,#1969,#1970,#1971,#1972,#1973,
    #1974,#1975,#1976,#1977,#1978,#1979,#1980,#1981,#1982,#1983,#1984,
    #1985,#1986,#1987,#1988,#1989,#1990,#1991,#1992,#1993,#1994,#1995,
    #1996,#1997,#1998,#1999,#2000,#2001,#2002,#2003,#2004,#2005,#2006,
    #2007,#2008,#2009,#2010,#2011,#2012,#2013,#2014,#2015,#2016,#2017,
    #2018,#2019,#2020,#2021,#2022,#2023,#2024,#2025,#2026,#2027,#2028,
    #2029,#2030,#2031,#2032),.UNSPECIFIED.,.F.,.F.,(9,7,7,7,7,7,7,7,7,7,
    7,7,9),(1.576243152555,1.599832292082,1.623237141457,1.669681139436,
    1.761117760456,1.938276213682,2.270448313481,2.85174948813,
    3.723701250102,4.159677131089,4.377665071582,4.486659041829,
    4.595653012075),.UNSPECIFIED.);
#1947 = CARTESIAN_POINT('',(6.283185307179,1.544940021436));
#1948 = CARTESIAN_POINT('',(6.171691250177,1.544318999952));
#1949 = CARTESIAN_POINT('',(6.066316238806,1.543330840361));
#1950 = CARTESIAN_POINT('',(5.970695230626,1.542010516553));
#1951 = CARTESIAN_POINT('',(5.88661669266,1.540418390032));
#1952 = CARTESIAN_POINT('',(5.812760397479,1.53861389514));
#1953 = CARTESIAN_POINT('',(5.748027034118,1.536638298337));
#1954 = CARTESIAN_POINT('',(5.691068074838,1.534525918654));
#1955 = CARTESIAN_POINT('',(5.590827261736,1.530095935573));
#1956 = CARTESIAN_POINT('',(5.547441093289,1.52778008722));
#1957 = CARTESIAN_POINT('',(5.509468574464,1.525379831383));
#1958 = CARTESIAN_POINT('',(5.475935442431,1.522912737144));
#1959 = CARTESIAN_POINT('',(5.446089046033,1.520391446314));
#1960 = CARTESIAN_POINT('',(5.419351106611,1.517825420975));
#1961 = CARTESIAN_POINT('',(5.39524602524,1.515221988821));
#1962 = CARTESIAN_POINT('',(5.33004737938,1.507357823278));
#1963 = CARTESIAN_POINT('',(5.295586772068,1.502004031021));
#1964 = CARTESIAN_POINT('',(5.267070111109,1.496570277599));
#1965 = CARTESIAN_POINT('',(5.24296074142,1.491077321264));
#1966 = CARTESIAN_POINT('',(5.222222026048,1.485539906158));
#1967 = CARTESIAN_POINT('',(5.204153823397,1.479967259694));
#1968 = CARTESIAN_POINT('',(5.188242357459,1.474366392711));
#1969 = CARTESIAN_POINT('',(5.146273457547,1.457670087343));
#1970 = CARTESIAN_POINT('',(5.125318481377,1.44650809532));
#1971 = CARTESIAN_POINT('',(5.10833005152,1.435295188505));
#1972 = CARTESIAN_POINT('',(5.094280203291,1.424044418198));
#1973 = CARTESIAN_POINT('',(5.082322756556,1.412766943607));
#1974 = CARTESIAN_POINT('',(5.072029542203,1.401468155546));
#1975 = CARTESIAN_POINT('',(5.063036450305,1.390152785734));
#1976 = CARTESIAN_POINT('',(5.039726686356,1.356874264964));
#1977 = CARTESIAN_POINT('',(5.028319804446,1.334874018872));
#1978 = CARTESIAN_POINT('',(5.019084810388,1.312846215089));
#1979 = CARTESIAN_POINT('',(5.011478851742,1.290797709874));
#1980 = CARTESIAN_POINT('',(5.004996220643,1.268734974313));
#1981 = CARTESIAN_POINT('',(4.999417231586,1.24666077544));
#1982 = CARTESIAN_POINT('',(4.994534161371,1.224577760346));
#1983 = CARTESIAN_POINT('',(4.982121110162,1.16106849569));
#1984 = CARTESIAN_POINT('',(4.976011151482,1.119624257646));
#1985 = CARTESIAN_POINT('',(4.970997526023,1.078166148554));
#1986 = CARTESIAN_POINT('',(4.966806300828,1.036697630426));
#1987 = CARTESIAN_POINT('',(4.963184205491,0.995221914646));
#1988 = CARTESIAN_POINT('',(4.960019129746,0.953740417076));
#1989 = CARTESIAN_POINT('',(4.957205814162,0.912254470915));
#1990 = CARTESIAN_POINT('',(4.950252786728,0.798158209184));
#1991 = CARTESIAN_POINT('',(4.946699210441,0.725540481114));
#1992 = CARTESIAN_POINT('',(4.943650159038,0.652916374399));
#1993 = CARTESIAN_POINT('',(4.940960930761,0.580287718498));
#1994 = CARTESIAN_POINT('',(4.938535161078,0.507655731828));
#1995 = CARTESIAN_POINT('',(4.936294851809,0.435021400787));
#1996 = CARTESIAN_POINT('',(4.934196634416,0.362385273442));
#1997 = CARTESIAN_POINT('',(4.929197445344,0.180791840909));
#1998 = CARTESIAN_POINT('',(4.926420971322,7.183296190802E-02));
#1999 = CARTESIAN_POINT('',(4.9237280869,-3.712697365261E-02));
#2000 = CARTESIAN_POINT('',(4.92103711831,-0.146086933495));
#2001 = CARTESIAN_POINT('',(4.91825262083,-0.255045711037));
#2002 = CARTESIAN_POINT('',(4.91527415495,-0.364002036645));
#2003 = CARTESIAN_POINT('',(4.911973238053,-0.472954286307));
#2004 = CARTESIAN_POINT('',(4.906052866945,-0.636370410238));
#2005 = CARTESIAN_POINT('',(4.903918174351,-0.690840413142));
#2006 = CARTESIAN_POINT('',(4.901578582376,-0.745307825392));
#2007 = CARTESIAN_POINT('',(4.898986621609,-0.799772047033));
#2008 = CARTESIAN_POINT('',(4.896057526335,-0.854232005651));
#2009 = CARTESIAN_POINT('',(4.89268309181,-0.908686332685));
#2010 = CARTESIAN_POINT('',(4.888698781346,-0.963132947204));
#2011 = CARTESIAN_POINT('',(4.881215586936,-1.044783806793));
#2012 = CARTESIAN_POINT('',(4.878470129388,-1.071997583768));
#2013 = CARTESIAN_POINT('',(4.875422323412,-1.099207535001));
#2014 = CARTESIAN_POINT('',(4.872010381525,-1.126412878601));
#2015 = CARTESIAN_POINT('',(4.868140451231,-1.153612425193));
#2016 = CARTESIAN_POINT('',(4.863688595535,-1.18080460457));
#2017 = CARTESIAN_POINT('',(4.858470434611,-1.207987080228));
#2018 = CARTESIAN_POINT('',(4.848948626801,-1.248739316628));
#2019 = CARTESIAN_POINT('',(4.845491855721,-1.262319810644));
#2020 = CARTESIAN_POINT('',(4.841708085417,-1.275896159473));
#2021 = CARTESIAN_POINT('',(4.837537404014,-1.289467601368));
#2022 = CARTESIAN_POINT('',(4.832906411895,-1.303033203361));
#2023 = CARTESIAN_POINT('',(4.82771914294,-1.31659174513));
#2024 = CARTESIAN_POINT('',(4.821836646967,-1.330141456621));
#2025 = CARTESIAN_POINT('',(4.808253819768,-1.357217762208));
#2026 = CARTESIAN_POINT('',(4.80055231174,-1.370744340044));
#2027 = CARTESIAN_POINT('',(4.791731110132,-1.384256675929));
#2028 = CARTESIAN_POINT('',(4.781467125049,-1.397750600308));
#2029 = CARTESIAN_POINT('',(4.769396453856,-1.411221539865));
#2030 = CARTESIAN_POINT('',(4.754751224044,-1.424659477397));
#2031 = CARTESIAN_POINT('',(4.736645304788,-1.438053203786));
#2032 = CARTESIAN_POINT('',(4.712388980385,-1.451367400777));
#2033 = ( GEOMETRIC_REPRESENTATION_CONTEXT(2) 
PARAMETRIC_REPRESENTATION_CONTEXT() REPRESENTATION_CONTEXT('2D SPACE',''
  ) );
#2034 = PCURVE('',#1752,#2035);
#2035 = DEFINITIONAL_REPRESENTATION('',(#2036),#2040);
#2036 = LINE('',#2037,#2038);
#2037 = CARTESIAN_POINT('',(0.,0.));
#2038 = VECTOR('',#2039,1.);
#2039 = DIRECTION('',(1.,0.));
#2040 = ( GEOMETRIC_REPRESENTATION_CONTEXT(2) 
PARAMETRIC_REPRESENTATION_CONTEXT() REPRESENTATION_CONTEXT('2D SPACE',''
  ) );
#2041 = ADVANCED_FACE('',(#2042),#1752,.T.);
#2042 = FACE_BOUND('',#2043,.T.);
#2043 = EDGE_LOOP('',(#2044,#2067,#2193,#2234,#2264,#2320,#2321,#2322,
    #2323,#2324,#2325));
#2044 = ORIENTED_EDGE('',*,*,#2045,.T.);
#2045 = EDGE_CURVE('',#1731,#2046,#2048,.T.);
#2046 = VERTEX_POINT('',#2047);
#2047 = CARTESIAN_POINT('',(131.22077604388,-26.04040084362,10.));
#2048 = SEAM_CURVE('',#2049,(#2053,#2060),.PCURVE_S1.);
#2049 = LINE('',#2050,#2051);
#2050 = CARTESIAN_POINT('',(119.62077604388,-28.54040084362,10.3));
#2051 = VECTOR('',#2052,1.);
#2052 = DIRECTION('',(0.977242829913,0.210612678861,-2.527352146326E-02)
  );
#2053 = PCURVE('',#1752,#2054);
#2054 = DEFINITIONAL_REPRESENTATION('',(#2055),#2059);
#2055 = LINE('',#2056,#2057);
#2056 = CARTESIAN_POINT('',(6.28318530718,-0.));
#2057 = VECTOR('',#2058,1.);
#2058 = DIRECTION('',(0.,1.));
#2059 = ( GEOMETRIC_REPRESENTATION_CONTEXT(2) 
PARAMETRIC_REPRESENTATION_CONTEXT() REPRESENTATION_CONTEXT('2D SPACE',''
  ) );
#2060 = PCURVE('',#1752,#2061);
#2061 = DEFINITIONAL_REPRESENTATION('',(#2062),#2066);
#2062 = LINE('',#2063,#2064);
#2063 = CARTESIAN_POINT('',(0.,-0.));
#2064 = VECTOR('',#2065,1.);
#2065 = DIRECTION('',(0.,1.));
#2066 = ( GEOMETRIC_REPRESENTATION_CONTEXT(2) 
PARAMETRIC_REPRESENTATION_CONTEXT() REPRESENTATION_CONTEXT('2D SPACE',''
  ) );
#2067 = ORIENTED_EDGE('',*,*,#2068,.F.);
#2068 = EDGE_CURVE('',#2069,#2046,#2071,.T.);
#2069 = VERTEX_POINT('',#2070);
#2070 = CARTESIAN_POINT('',(131.6,-28.01446139711,8.212821690724));
#2071 = SURFACE_CURVE('',#2072,(#2077,#2084),.PCURVE_S1.);
#2072 = CIRCLE('',#2073,1.8);
#2073 = AXIS2_PLACEMENT_3D('',#2074,#2075,#2076);
#2074 = CARTESIAN_POINT('',(131.6,-27.8,10.));
#2075 = DIRECTION('',(0.977242829913,0.210612678861,-2.527352146326E-02)
  );
#2076 = DIRECTION('',(-0.210679975619,0.977555086874,8.673617379884E-19)
  );
#2077 = PCURVE('',#1752,#2078);
#2078 = DEFINITIONAL_REPRESENTATION('',(#2079),#2083);
#2079 = LINE('',#2080,#2081);
#2080 = CARTESIAN_POINT('',(0.,11.870130580579));
#2081 = VECTOR('',#2082,1.);
#2082 = DIRECTION('',(1.,0.));
#2083 = ( GEOMETRIC_REPRESENTATION_CONTEXT(2) 
PARAMETRIC_REPRESENTATION_CONTEXT() REPRESENTATION_CONTEXT('2D SPACE',''
  ) );
#2084 = PCURVE('',#2085,#2090);
#2085 = SPHERICAL_SURFACE('',#2086,1.8);
#2086 = AXIS2_PLACEMENT_3D('',#2087,#2088,#2089);
#2087 = CARTESIAN_POINT('',(131.6,-27.8,10.));
#2088 = DIRECTION('',(0.,0.,1.));
#2089 = DIRECTION('',(1.,0.,-0.));
#2090 = DEFINITIONAL_REPRESENTATION('',(#2091),#2192);
#2091 = B_SPLINE_CURVE_WITH_KNOTS('',8,(#2092,#2093,#2094,#2095,#2096,
    #2097,#2098,#2099,#2100,#2101,#2102,#2103,#2104,#2105,#2106,#2107,
    #2108,#2109,#2110,#2111,#2112,#2113,#2114,#2115,#2116,#2117,#2118,
    #2119,#2120,#2121,#2122,#2123,#2124,#2125,#2126,#2127,#2128,#2129,
    #2130,#2131,#2132,#2133,#2134,#2135,#2136,#2137,#2138,#2139,#2140,
    #2141,#2142,#2143,#2144,#2145,#2146,#2147,#2148,#2149,#2150,#2151,
    #2152,#2153,#2154,#2155,#2156,#2157,#2158,#2159,#2160,#2161,#2162,
    #2163,#2164,#2165,#2166,#2167,#2168,#2169,#2170,#2171,#2172,#2173,
    #2174,#2175,#2176,#2177,#2178,#2179,#2180,#2181,#2182,#2183,#2184,
    #2185,#2186,#2187,#2188,#2189,#2190,#2191),.UNSPECIFIED.,.F.,.F.,(9,
    7,7,7,7,7,7,7,7,7,7,7,7,7,9),(4.595653012075,4.648388396297,
    4.67393209803,4.686504388726,4.698978458402,4.711355074408,
    4.723634998101,4.735818984891,4.759996583677,4.807596231286,
    4.89982054853,5.072741143361,5.375352184316,5.829268745748,
    6.28318530718),.UNSPECIFIED.);
#2092 = CARTESIAN_POINT('',(4.712388980385,-1.451367400777));
#2093 = CARTESIAN_POINT('',(4.700652857879,-1.457809310291));
#2094 = CARTESIAN_POINT('',(4.687476530523,-1.464232594733));
#2095 = CARTESIAN_POINT('',(4.672555441999,-1.470633268006));
#2096 = CARTESIAN_POINT('',(4.655476166819,-1.477005813041));
#2097 = CARTESIAN_POINT('',(4.635690023513,-1.483343078946));
#2098 = CARTESIAN_POINT('',(4.612356265067,-1.489633528543));
#2099 = CARTESIAN_POINT('',(4.584275581113,-1.495861259176));
#2100 = CARTESIAN_POINT('',(4.5319552449,-1.504960998036));
#2101 = CARTESIAN_POINT('',(4.513200951078,-1.507907523812));
#2102 = CARTESIAN_POINT('',(4.492489614933,-1.510827310488));
#2103 = CARTESIAN_POINT('',(4.469478695143,-1.513715254285));
#2104 = CARTESIAN_POINT('',(4.443734859708,-1.51656494386));
#2105 = CARTESIAN_POINT('',(4.414694470809,-1.519367898265));
#2106 = CARTESIAN_POINT('',(4.381608504225,-1.522112123091));
#2107 = CARTESIAN_POINT('',(4.324701544993,-1.526093072935));
#2108 = CARTESIAN_POINT('',(4.304707890969,-1.527387658901));
#2109 = CARTESIAN_POINT('',(4.283370905202,-1.52866162832));
#2110 = CARTESIAN_POINT('',(4.260557409328,-1.529912528872));
#2111 = CARTESIAN_POINT('',(4.236117359516,-1.531137485789));
#2112 = CARTESIAN_POINT('',(4.209884082454,-1.532333108565));
#2113 = CARTESIAN_POINT('',(4.181678470418,-1.533495388851));
#2114 = CARTESIAN_POINT('',(4.121192998361,-1.535735007369));
#2115 = CARTESIAN_POINT('',(4.088946772732,-1.536812943844));
#2116 = CARTESIAN_POINT('',(4.054400050474,-1.537848752517));
#2117 = CARTESIAN_POINT('',(4.017372108568,-1.538837155063));
#2118 = CARTESIAN_POINT('',(3.977690315011,-1.539772041769));
#2119 = CARTESIAN_POINT('',(3.935214518625,-1.540646475796));
#2120 = CARTESIAN_POINT('',(3.889875422704,-1.541452901185));
#2121 = CARTESIAN_POINT('',(3.793954622297,-1.542908499789));
#2122 = CARTESIAN_POINT('',(3.743416253211,-1.543558858524));
#2123 = CARTESIAN_POINT('',(3.690164953001,-1.544127062451));
#2124 = CARTESIAN_POINT('',(3.634364732047,-1.544605444503));
#2125 = CARTESIAN_POINT('',(3.576345074824,-1.544986635547));
#2126 = CARTESIAN_POINT('',(3.516622058996,-1.545264625836));
#2127 = CARTESIAN_POINT('',(3.455860177552,-1.545435765927));
#2128 = CARTESIAN_POINT('',(3.334115312193,-1.545561703621));
#2129 = CARTESIAN_POINT('',(3.273138860681,-1.545518197865));
#2130 = CARTESIAN_POINT('',(3.212490592189,-1.545367326723));
#2131 = CARTESIAN_POINT('',(3.152888977159,-1.545110655924));
#2132 = CARTESIAN_POINT('',(3.094967648605,-1.54475224601));
#2133 = CARTESIAN_POINT('',(3.039200636078,-1.544298138272));
#2134 = CARTESIAN_POINT('',(2.985885224194,-1.543755535252));
#2135 = CARTESIAN_POINT('',(2.884875762785,-1.54251269029));
#2136 = CARTESIAN_POINT('',(2.837140754116,-1.541813727531));
#2137 = CARTESIAN_POINT('',(2.792137349634,-1.541041961832));
#2138 = CARTESIAN_POINT('',(2.749884368125,-1.54020479484));
#2139 = CARTESIAN_POINT('',(2.71030666152,-1.539309283689));
#2140 = CARTESIAN_POINT('',(2.673273449483,-1.538361808914));
#2141 = CARTESIAN_POINT('',(2.638627834335,-1.537367982131));
#2142 = CARTESIAN_POINT('',(2.541873388022,-1.534278591049));
#2143 = CARTESIAN_POINT('',(2.486300809916,-1.532061497563));
#2144 = CARTESIAN_POINT('',(2.438210470661,-1.52972037296));
#2145 = CARTESIAN_POINT('',(2.396196808988,-1.527283440503));
#2146 = CARTESIAN_POINT('',(2.35921487678,-1.52476998958));
#2147 = CARTESIAN_POINT('',(2.326407934785,-1.522194650998));
#2148 = CARTESIAN_POINT('',(2.297112225292,-1.519568274609));
#2149 = CARTESIAN_POINT('',(2.218975765566,-1.511644795921));
#2150 = CARTESIAN_POINT('',(2.178694723508,-1.506225220929));
#2151 = CARTESIAN_POINT('',(2.145871768796,-1.500704883534));
#2152 = CARTESIAN_POINT('',(2.118458113257,-1.495111157811));
#2153 = CARTESIAN_POINT('',(2.095119498893,-1.48946361325));
#2154 = CARTESIAN_POINT('',(2.074960324262,-1.483773887608));
#2155 = CARTESIAN_POINT('',(2.057341266209,-1.478050851849));
#2156 = CARTESIAN_POINT('',(2.01166096882,-1.461159968214));
#2157 = CARTESIAN_POINT('',(1.989294480738,-1.449917666139));
#2158 = CARTESIAN_POINT('',(1.971273337454,-1.438619592868));
#2159 = CARTESIAN_POINT('',(1.956469978357,-1.427279987678));
#2160 = CARTESIAN_POINT('',(1.943918919495,-1.415911653206));
#2161 = CARTESIAN_POINT('',(1.933160310096,-1.40452033941));
#2162 = CARTESIAN_POINT('',(1.923789777652,-1.393111320725));
#2163 = CARTESIAN_POINT('',(1.900085824949,-1.360269113866));
#2164 = CARTESIAN_POINT('',(1.88858017432,-1.338799867234));
#2165 = CARTESIAN_POINT('',(1.879255514466,-1.317302941874));
#2166 = CARTESIAN_POINT('',(1.871565128404,-1.295785245416));
#2167 = CARTESIAN_POINT('',(1.865007199984,-1.274253200754));
#2168 = CARTESIAN_POINT('',(1.85935930811,-1.252709610406));
#2169 = CARTESIAN_POINT('',(1.854413932575,-1.231157119284));
#2170 = CARTESIAN_POINT('',(1.842384870098,-1.171867868058));
#2171 = CARTESIAN_POINT('',(1.83647720849,-1.134116209007));
#2172 = CARTESIAN_POINT('',(1.831589310447,-1.096351645177));
#2173 = CARTESIAN_POINT('',(1.827464275249,-1.058577425551));
#2174 = CARTESIAN_POINT('',(1.823885213505,-1.020796299894));
#2175 = CARTESIAN_POINT('',(1.820742973703,-0.983009647755));
#2176 = CARTESIAN_POINT('',(1.817942863482,-0.945218668388));
#2177 = CARTESIAN_POINT('',(1.811639778888,-0.850732402233));
#2178 = CARTESIAN_POINT('',(1.808484764124,-0.794032714692));
#2179 = CARTESIAN_POINT('',(1.805739289575,-0.737327848769));
#2180 = CARTESIAN_POINT('',(1.80329779613,-0.680619139382));
#2181 = CARTESIAN_POINT('',(1.801089325545,-0.623907483844));
#2182 = CARTESIAN_POINT('',(1.799059277315,-0.567193572675));
#2183 = CARTESIAN_POINT('',(1.797172107026,-0.510477855206));
#2184 = CARTESIAN_POINT('',(1.793621922884,-0.397043586547));
#2185 = CARTESIAN_POINT('',(1.791958818503,-0.340325036498));
#2186 = CARTESIAN_POINT('',(1.790378754513,-0.283605436709));
#2187 = CARTESIAN_POINT('',(1.788859343409,-0.226885070207));
#2188 = CARTESIAN_POINT('',(1.787382913764,-0.170164160384));
#2189 = CARTESIAN_POINT('',(1.785934666516,-0.113442894312));
#2190 = CARTESIAN_POINT('',(1.784500831256,-5.672144605895E-02));
#2191 = CARTESIAN_POINT('',(1.783066822511,0.));
#2192 = ( GEOMETRIC_REPRESENTATION_CONTEXT(2) 
PARAMETRIC_REPRESENTATION_CONTEXT() REPRESENTATION_CONTEXT('2D SPACE',''
  ) );
#2193 = ORIENTED_EDGE('',*,*,#2194,.F.);
#2194 = EDGE_CURVE('',#2195,#2069,#2197,.T.);
#2195 = VERTEX_POINT('',#2196);
#2196 = CARTESIAN_POINT('',(131.62300796744,-27.8,11.8));
#2197 = SURFACE_CURVE('',#2198,(#2203,#2216),.PCURVE_S1.);
#2198 = ELLIPSE('',#2199,1.810328957289,1.8);
#2199 = AXIS2_PLACEMENT_3D('',#2200,#2201,#2202);
#2200 = CARTESIAN_POINT('',(131.6,-27.8,10.));
#2201 = DIRECTION('',(0.994294430718,0.105910619809,-1.270927437712E-02)
  );
#2202 = DIRECTION('',(-0.106670450658,0.987211910896,-0.118465429308));
#2203 = PCURVE('',#1752,#2204);
#2204 = DEFINITIONAL_REPRESENTATION('',(#2205),#2215);
#2205 = B_SPLINE_CURVE_WITH_KNOTS('',8,(#2206,#2207,#2208,#2209,#2210,
    #2211,#2212,#2213,#2214),.UNSPECIFIED.,.F.,.F.,(9,9),(1.690225252814
    ,4.712388975471),.PIECEWISE_BEZIER_KNOTS.);
#2206 = CARTESIAN_POINT('',(1.573489284505,11.847122613148));
#2207 = CARTESIAN_POINT('',(1.951259749837,11.774691525125));
#2208 = CARTESIAN_POINT('',(2.329030215168,11.706012819694));
#2209 = CARTESIAN_POINT('',(2.706800680506,11.656840233401));
#2210 = CARTESIAN_POINT('',(3.084571145808,11.641763494918));
#2211 = CARTESIAN_POINT('',(3.46234161117,11.667147609915));
#2212 = CARTESIAN_POINT('',(3.840112076496,11.724228465286));
#2213 = CARTESIAN_POINT('',(4.21788254183,11.79717985179));
#2214 = CARTESIAN_POINT('',(4.595653007162,11.87013057963));
#2215 = ( GEOMETRIC_REPRESENTATION_CONTEXT(2) 
PARAMETRIC_REPRESENTATION_CONTEXT() REPRESENTATION_CONTEXT('2D SPACE',''
  ) );
#2216 = PCURVE('',#2217,#2222);
#2217 = CYLINDRICAL_SURFACE('',#2218,1.8);
#2218 = AXIS2_PLACEMENT_3D('',#2219,#2220,#2221);
#2219 = CARTESIAN_POINT('',(131.6,-27.8,10.));
#2220 = DIRECTION('',(1.,0.,0.));
#2221 = DIRECTION('',(-0.,0.,1.));
#2222 = DEFINITIONAL_REPRESENTATION('',(#2223),#2233);
#2223 = B_SPLINE_CURVE_WITH_KNOTS('',8,(#2224,#2225,#2226,#2227,#2228,
    #2229,#2230,#2231,#2232),.UNSPECIFIED.,.F.,.F.,(9,9),(1.690225252814
    ,4.712388975471),.PIECEWISE_BEZIER_KNOTS.);
#2224 = CARTESIAN_POINT('',(7.737020900499E-13,2.300796743117E-02));
#2225 = CARTESIAN_POINT('',(0.377770465333,9.543905545423E-02));
#2226 = CARTESIAN_POINT('',(0.755540930665,0.164117760879));
#2227 = CARTESIAN_POINT('',(1.133311395997,0.213290347158));
#2228 = CARTESIAN_POINT('',(1.511081861328,0.228367085706));
#2229 = CARTESIAN_POINT('',(1.888852326662,0.202982970639));
#2230 = CARTESIAN_POINT('',(2.266622791994,0.145902115298));
#2231 = CARTESIAN_POINT('',(2.644393257326,7.295072878879E-02));
#2232 = CARTESIAN_POINT('',(3.022163722658,9.488303476246E-10));
#2233 = ( GEOMETRIC_REPRESENTATION_CONTEXT(2) 
PARAMETRIC_REPRESENTATION_CONTEXT() REPRESENTATION_CONTEXT('2D SPACE',''
  ) );
#2234 = ORIENTED_EDGE('',*,*,#2235,.F.);
#2235 = EDGE_CURVE('',#2236,#2195,#2238,.T.);
#2236 = VERTEX_POINT('',#2237);
#2237 = CARTESIAN_POINT('',(131.6,-27.58553860288,11.787178309276));
#2238 = SURFACE_CURVE('',#2239,(#2244,#2254),.PCURVE_S1.);
#2239 = ELLIPSE('',#2240,1.810328957289,1.8);
#2240 = AXIS2_PLACEMENT_3D('',#2241,#2242,#2243);
#2241 = CARTESIAN_POINT('',(131.6,-27.8,10.));
#2242 = DIRECTION('',(0.994294430718,0.105910619809,-1.270927437712E-02)
  );
#2243 = DIRECTION('',(-0.106670450658,0.987211910896,-0.118465429308));
#2244 = PCURVE('',#1752,#2245);
#2245 = DEFINITIONAL_REPRESENTATION('',(#2246),#2253);
#2246 = B_SPLINE_CURVE_WITH_KNOTS('',5,(#2247,#2248,#2249,#2250,#2251,
    #2252),.UNSPECIFIED.,.F.,.F.,(6,6),(1.570796326795,1.690225252814),
  .PIECEWISE_BEZIER_KNOTS.);
#2247 = CARTESIAN_POINT('',(1.454060358486,11.870130580579));
#2248 = CARTESIAN_POINT('',(1.477946143689,11.865518029902));
#2249 = CARTESIAN_POINT('',(1.501831928893,11.860905479224));
#2250 = CARTESIAN_POINT('',(1.525717714097,11.856298411055));
#2251 = CARTESIAN_POINT('',(1.549603499301,11.851702307882));
#2252 = CARTESIAN_POINT('',(1.573489284505,11.847122613148));
#2253 = ( GEOMETRIC_REPRESENTATION_CONTEXT(2) 
PARAMETRIC_REPRESENTATION_CONTEXT() REPRESENTATION_CONTEXT('2D SPACE',''
  ) );
#2254 = PCURVE('',#2217,#2255);
#2255 = DEFINITIONAL_REPRESENTATION('',(#2256),#2263);
#2256 = B_SPLINE_CURVE_WITH_KNOTS('',5,(#2257,#2258,#2259,#2260,#2261,
    #2262),.UNSPECIFIED.,.F.,.F.,(6,6),(1.570796326795,1.690225252814),
  .PIECEWISE_BEZIER_KNOTS.);
#2257 = CARTESIAN_POINT('',(6.163756381161,0.));
#2258 = CARTESIAN_POINT('',(6.187642166365,4.612550677078E-03));
#2259 = CARTESIAN_POINT('',(6.211527951569,9.225101355068E-03));
#2260 = CARTESIAN_POINT('',(6.235413736773,1.383216952437E-02));
#2261 = CARTESIAN_POINT('',(6.259299521977,1.842827269755E-02));
#2262 = CARTESIAN_POINT('',(6.28318530718,2.300796743117E-02));
#2263 = ( GEOMETRIC_REPRESENTATION_CONTEXT(2) 
PARAMETRIC_REPRESENTATION_CONTEXT() REPRESENTATION_CONTEXT('2D SPACE',''
  ) );
#2264 = ORIENTED_EDGE('',*,*,#2265,.F.);
#2265 = EDGE_CURVE('',#2046,#2236,#2266,.T.);
#2266 = SURFACE_CURVE('',#2267,(#2272,#2279),.PCURVE_S1.);
#2267 = CIRCLE('',#2268,1.8);
#2268 = AXIS2_PLACEMENT_3D('',#2269,#2270,#2271);
#2269 = CARTESIAN_POINT('',(131.6,-27.8,10.));
#2270 = DIRECTION('',(0.977242829913,0.210612678861,-2.527352146326E-02)
  );
#2271 = DIRECTION('',(-0.210679975619,0.977555086874,8.673617379884E-19)
  );
#2272 = PCURVE('',#1752,#2273);
#2273 = DEFINITIONAL_REPRESENTATION('',(#2274),#2278);
#2274 = LINE('',#2275,#2276);
#2275 = CARTESIAN_POINT('',(0.,11.870130580579));
#2276 = VECTOR('',#2277,1.);
#2277 = DIRECTION('',(1.,0.));
#2278 = ( GEOMETRIC_REPRESENTATION_CONTEXT(2) 
PARAMETRIC_REPRESENTATION_CONTEXT() REPRESENTATION_CONTEXT('2D SPACE',''
  ) );
#2279 = PCURVE('',#2085,#2280);
#2280 = DEFINITIONAL_REPRESENTATION('',(#2281),#2319);
#2281 = B_SPLINE_CURVE_WITH_KNOTS('',8,(#2282,#2283,#2284,#2285,#2286,
    #2287,#2288,#2289,#2290,#2291,#2292,#2293,#2294,#2295,#2296,#2297,
    #2298,#2299,#2300,#2301,#2302,#2303,#2304,#2305,#2306,#2307,#2308,
    #2309,#2310,#2311,#2312,#2313,#2314,#2315,#2316,#2317,#2318),
  .UNSPECIFIED.,.F.,.F.,(9,7,7,7,7,9),(0.,0.727030179243,1.090545268864,
    1.272302813675,1.36318158608,1.454060358486),.UNSPECIFIED.);
#2282 = CARTESIAN_POINT('',(1.783066822511,0.));
#2283 = CARTESIAN_POINT('',(1.780769995906,9.084974332077E-02));
#2284 = CARTESIAN_POINT('',(1.778473612008,0.181699492247));
#2285 = CARTESIAN_POINT('',(1.776117070968,0.27254848069));
#2286 = CARTESIAN_POINT('',(1.773650009772,0.36339607217));
#2287 = CARTESIAN_POINT('',(1.770993104092,0.454241263748));
#2288 = CARTESIAN_POINT('',(1.768054069616,0.545082888789));
#2289 = CARTESIAN_POINT('',(1.764700065712,0.635919268055));
#2290 = CARTESIAN_POINT('',(1.758531523524,0.772159453971));
#2291 = CARTESIAN_POINT('',(1.756285956029,0.817570454697));
#2292 = CARTESIAN_POINT('',(1.753805042134,0.86297847942));
#2293 = CARTESIAN_POINT('',(1.751037017175,0.908382873782));
#2294 = CARTESIAN_POINT('',(1.747892912255,0.953782511829));
#2295 = CARTESIAN_POINT('',(1.744257658879,0.999175937763));
#2296 = CARTESIAN_POINT('',(1.739956395912,1.044560939358));
#2297 = CARTESIAN_POINT('',(1.731904818013,1.112618196744));
#2298 = CARTESIAN_POINT('',(1.728954366897,1.13530057534));
#2299 = CARTESIAN_POINT('',(1.725685731852,1.15797892635));
#2300 = CARTESIAN_POINT('',(1.722035921078,1.180652452117));
#2301 = CARTESIAN_POINT('',(1.717913039118,1.203319987255));
#2302 = CARTESIAN_POINT('',(1.713195582306,1.225979991178));
#2303 = CARTESIAN_POINT('',(1.707705287246,1.24863020277));
#2304 = CARTESIAN_POINT('',(1.697812785244,1.28258450312));
#2305 = CARTESIAN_POINT('',(1.694238848834,1.293899097027));
#2306 = CARTESIAN_POINT('',(1.690347745037,1.305209667178));
#2307 = CARTESIAN_POINT('',(1.686086251243,1.316515536062));
#2308 = CARTESIAN_POINT('',(1.681389281852,1.327815875205));
#2309 = CARTESIAN_POINT('',(1.676172980418,1.339109616539));
#2310 = CARTESIAN_POINT('',(1.670320275972,1.350395266132));
#2311 = CARTESIAN_POINT('',(1.656997531051,1.372945974455));
#2312 = CARTESIAN_POINT('',(1.64952700199,1.384211026483));
#2313 = CARTESIAN_POINT('',(1.641075638401,1.395463583058));
#2314 = CARTESIAN_POINT('',(1.631402645211,1.406700545672));
#2315 = CARTESIAN_POINT('',(1.620204171933,1.417918043147));
#2316 = CARTESIAN_POINT('',(1.606969690313,1.429109447091));
#2317 = CARTESIAN_POINT('',(1.591021161066,1.440266072186));
#2318 = CARTESIAN_POINT('',(1.570796326795,1.451367400777));
#2319 = ( GEOMETRIC_REPRESENTATION_CONTEXT(2) 
PARAMETRIC_REPRESENTATION_CONTEXT() REPRESENTATION_CONTEXT('2D SPACE',''
  ) );
#2320 = ORIENTED_EDGE('',*,*,#2045,.F.);
#2321 = ORIENTED_EDGE('',*,*,#1730,.T.);
#2322 = ORIENTED_EDGE('',*,*,#1887,.T.);
#2323 = ORIENTED_EDGE('',*,*,#1937,.T.);
#2324 = ORIENTED_EDGE('',*,*,#1825,.T.);
#2325 = ORIENTED_EDGE('',*,*,#1769,.T.);
#2326 = ADVANCED_FACE('',(#2327),#2085,.T.);
#2327 = FACE_BOUND('',#2328,.T.);
#2328 = EDGE_LOOP('',(#2329,#2353,#2354,#2355));
#2329 = ORIENTED_EDGE('',*,*,#2330,.F.);
#2330 = EDGE_CURVE('',#2069,#2331,#2333,.T.);
#2331 = VERTEX_POINT('',#2332);
#2332 = CARTESIAN_POINT('',(131.6,-27.8,8.2));
#2333 = SURFACE_CURVE('',#2334,(#2339,#2346),.PCURVE_S1.);
#2334 = CIRCLE('',#2335,1.8);
#2335 = AXIS2_PLACEMENT_3D('',#2336,#2337,#2338);
#2336 = CARTESIAN_POINT('',(131.6,-27.8,10.));
#2337 = DIRECTION('',(1.,0.,0.));
#2338 = DIRECTION('',(-0.,0.,1.));
#2339 = PCURVE('',#2085,#2340);
#2340 = DEFINITIONAL_REPRESENTATION('',(#2341),#2345);
#2341 = LINE('',#2342,#2343);
#2342 = CARTESIAN_POINT('',(4.712388980385,1.570796326795));
#2343 = VECTOR('',#2344,1.);
#2344 = DIRECTION('',(0.,-1.));
#2345 = ( GEOMETRIC_REPRESENTATION_CONTEXT(2) 
PARAMETRIC_REPRESENTATION_CONTEXT() REPRESENTATION_CONTEXT('2D SPACE',''
  ) );
#2346 = PCURVE('',#2217,#2347);
#2347 = DEFINITIONAL_REPRESENTATION('',(#2348),#2352);
#2348 = LINE('',#2349,#2350);
#2349 = CARTESIAN_POINT('',(0.,0.));
#2350 = VECTOR('',#2351,1.);
#2351 = DIRECTION('',(1.,0.));
#2352 = ( GEOMETRIC_REPRESENTATION_CONTEXT(2) 
PARAMETRIC_REPRESENTATION_CONTEXT() REPRESENTATION_CONTEXT('2D SPACE',''
  ) );
#2353 = ORIENTED_EDGE('',*,*,#2068,.T.);
#2354 = ORIENTED_EDGE('',*,*,#2265,.T.);
#2355 = ORIENTED_EDGE('',*,*,#2356,.F.);
#2356 = EDGE_CURVE('',#2331,#2236,#2357,.T.);
#2357 = SURFACE_CURVE('',#2358,(#2363,#2370),.PCURVE_S1.);
#2358 = CIRCLE('',#2359,1.8);
#2359 = AXIS2_PLACEMENT_3D('',#2360,#2361,#2362);
#2360 = CARTESIAN_POINT('',(131.6,-27.8,10.));
#2361 = DIRECTION('',(1.,0.,0.));
#2362 = DIRECTION('',(-0.,0.,1.));
#2363 = PCURVE('',#2085,#2364);
#2364 = DEFINITIONAL_REPRESENTATION('',(#2365),#2369);
#2365 = LINE('',#2366,#2367);
#2366 = CARTESIAN_POINT('',(1.570796326795,-4.712388980385));
#2367 = VECTOR('',#2368,1.);
#2368 = DIRECTION('',(-0.,1.));
#2369 = ( GEOMETRIC_REPRESENTATION_CONTEXT(2) 
PARAMETRIC_REPRESENTATION_CONTEXT() REPRESENTATION_CONTEXT('2D SPACE',''
  ) );
#2370 = PCURVE('',#2217,#2371);
#2371 = DEFINITIONAL_REPRESENTATION('',(#2372),#2376);
#2372 = LINE('',#2373,#2374);
#2373 = CARTESIAN_POINT('',(0.,0.));
#2374 = VECTOR('',#2375,1.);
#2375 = DIRECTION('',(1.,0.));
#2376 = ( GEOMETRIC_REPRESENTATION_CONTEXT(2) 
PARAMETRIC_REPRESENTATION_CONTEXT() REPRESENTATION_CONTEXT('2D SPACE',''
  ) );
#2377 = ADVANCED_FACE('',(#2378),#2217,.T.);
#2378 = FACE_BOUND('',#2379,.T.);
#2379 = EDGE_LOOP('',(#2380,#2403,#2432,#2471,#2472,#2473,#2474,#2475));
#2380 = ORIENTED_EDGE('',*,*,#2381,.T.);
#2381 = EDGE_CURVE('',#2195,#2382,#2384,.T.);
#2382 = VERTEX_POINT('',#2383);
#2383 = CARTESIAN_POINT('',(175.6,-27.8,11.8));
#2384 = SEAM_CURVE('',#2385,(#2389,#2396),.PCURVE_S1.);
#2385 = LINE('',#2386,#2387);
#2386 = CARTESIAN_POINT('',(131.6,-27.8,11.8));
#2387 = VECTOR('',#2388,1.);
#2388 = DIRECTION('',(1.,0.,0.));
#2389 = PCURVE('',#2217,#2390);
#2390 = DEFINITIONAL_REPRESENTATION('',(#2391),#2395);
#2391 = LINE('',#2392,#2393);
#2392 = CARTESIAN_POINT('',(6.28318530718,-0.));
#2393 = VECTOR('',#2394,1.);
#2394 = DIRECTION('',(0.,1.));
#2395 = ( GEOMETRIC_REPRESENTATION_CONTEXT(2) 
PARAMETRIC_REPRESENTATION_CONTEXT() REPRESENTATION_CONTEXT('2D SPACE',''
  ) );
#2396 = PCURVE('',#2217,#2397);
#2397 = DEFINITIONAL_REPRESENTATION('',(#2398),#2402);
#2398 = LINE('',#2399,#2400);
#2399 = CARTESIAN_POINT('',(0.,-0.));
#2400 = VECTOR('',#2401,1.);
#2401 = DIRECTION('',(0.,1.));
#2402 = ( GEOMETRIC_REPRESENTATION_CONTEXT(2) 
PARAMETRIC_REPRESENTATION_CONTEXT() REPRESENTATION_CONTEXT('2D SPACE',''
  ) );
#2403 = ORIENTED_EDGE('',*,*,#2404,.F.);
#2404 = EDGE_CURVE('',#2405,#2382,#2407,.T.);
#2405 = VERTEX_POINT('',#2406);
#2406 = CARTESIAN_POINT('',(175.6,-27.8,8.2));
#2407 = SURFACE_CURVE('',#2408,(#2413,#2420),.PCURVE_S1.);
#2408 = CIRCLE('',#2409,1.8);
#2409 = AXIS2_PLACEMENT_3D('',#2410,#2411,#2412);
#2410 = CARTESIAN_POINT('',(175.6,-27.8,10.));
#2411 = DIRECTION('',(1.,0.,0.));
#2412 = DIRECTION('',(-0.,0.,1.));
#2413 = PCURVE('',#2217,#2414);
#2414 = DEFINITIONAL_REPRESENTATION('',(#2415),#2419);
#2415 = LINE('',#2416,#2417);
#2416 = CARTESIAN_POINT('',(0.,44.));
#2417 = VECTOR('',#2418,1.);
#2418 = DIRECTION('',(1.,0.));
#2419 = ( GEOMETRIC_REPRESENTATION_CONTEXT(2) 
PARAMETRIC_REPRESENTATION_CONTEXT() REPRESENTATION_CONTEXT('2D SPACE',''
  ) );
#2420 = PCURVE('',#2421,#2426);
#2421 = SPHERICAL_SURFACE('',#2422,1.8);
#2422 = AXIS2_PLACEMENT_3D('',#2423,#2424,#2425);
#2423 = CARTESIAN_POINT('',(175.6,-27.8,10.));
#2424 = DIRECTION('',(0.,0.,1.));
#2425 = DIRECTION('',(1.,0.,-0.));
#2426 = DEFINITIONAL_REPRESENTATION('',(#2427),#2431);
#2427 = LINE('',#2428,#2429);
#2428 = CARTESIAN_POINT('',(1.570796326795,-4.712388980385));
#2429 = VECTOR('',#2430,1.);
#2430 = DIRECTION('',(-0.,1.));
#2431 = ( GEOMETRIC_REPRESENTATION_CONTEXT(2) 
PARAMETRIC_REPRESENTATION_CONTEXT() REPRESENTATION_CONTEXT('2D SPACE',''
  ) );
#2432 = ORIENTED_EDGE('',*,*,#2433,.F.);
#2433 = EDGE_CURVE('',#2382,#2405,#2434,.T.);
#2434 = SURFACE_CURVE('',#2435,(#2440,#2453),.PCURVE_S1.);
#2435 = ELLIPSE('',#2436,1.825097469718,1.8);
#2436 = AXIS2_PLACEMENT_3D('',#2437,#2438,#2439);
#2437 = CARTESIAN_POINT('',(175.6,-27.8,10.));
#2438 = DIRECTION('',(0.986248696229,-0.165267992022,0.));
#2439 = DIRECTION('',(0.165267992022,0.986248696229,0.));
#2440 = PCURVE('',#2217,#2441);
#2441 = DEFINITIONAL_REPRESENTATION('',(#2442),#2452);
#2442 = B_SPLINE_CURVE_WITH_KNOTS('',8,(#2443,#2444,#2445,#2446,#2447,
    #2448,#2449,#2450,#2451),.UNSPECIFIED.,.F.,.F.,(9,9),(1.570796326795
    ,4.712388756527),.PIECEWISE_BEZIER_KNOTS.);
#2443 = CARTESIAN_POINT('',(0.,44.));
#2444 = CARTESIAN_POINT('',(0.392699053717,43.881550108219));
#2445 = CARTESIAN_POINT('',(0.785398107431,43.763099271942));
#2446 = CARTESIAN_POINT('',(1.178097161152,43.672493173945));
#2447 = CARTESIAN_POINT('',(1.570796214861,43.637501280988));
#2448 = CARTESIAN_POINT('',(1.963495268584,43.672493142134));
#2449 = CARTESIAN_POINT('',(2.356194322298,43.763099216325));
#2450 = CARTESIAN_POINT('',(2.748893376016,43.881550040697));
#2451 = CARTESIAN_POINT('',(3.141592429732,43.999999932478));
#2452 = ( GEOMETRIC_REPRESENTATION_CONTEXT(2) 
PARAMETRIC_REPRESENTATION_CONTEXT() REPRESENTATION_CONTEXT('2D SPACE',''
  ) );
#2453 = PCURVE('',#2454,#2459);
#2454 = CYLINDRICAL_SURFACE('',#2455,1.8);
#2455 = AXIS2_PLACEMENT_3D('',#2456,#2457,#2458);
#2456 = CARTESIAN_POINT('',(175.6,-27.8,10.));
#2457 = DIRECTION('',(0.945372981626,-0.325990683319,0.));
#2458 = DIRECTION('',(0.325990683319,0.945372981626,0.));
#2459 = DEFINITIONAL_REPRESENTATION('',(#2460),#2470);
#2460 = B_SPLINE_CURVE_WITH_KNOTS('',8,(#2461,#2462,#2463,#2464,#2465,
    #2466,#2467,#2468,#2469),.UNSPECIFIED.,.F.,.F.,(9,9),(1.570796326795
    ,4.712388756527),.PIECEWISE_BEZIER_KNOTS.);
#2461 = CARTESIAN_POINT('',(1.570796326795,0.));
#2462 = CARTESIAN_POINT('',(1.963495380511,0.118449891781));
#2463 = CARTESIAN_POINT('',(2.356194434225,0.236900728025));
#2464 = CARTESIAN_POINT('',(2.74889348794,0.327506826013));
#2465 = CARTESIAN_POINT('',(3.141592541653,0.362498718776));
#2466 = CARTESIAN_POINT('',(3.534291595381,0.327506857847));
#2467 = CARTESIAN_POINT('',(3.92699064909,0.236900783645));
#2468 = CARTESIAN_POINT('',(4.319689702811,0.118449959303));
#2469 = CARTESIAN_POINT('',(4.712388756527,6.752219405826E-08));
#2470 = ( GEOMETRIC_REPRESENTATION_CONTEXT(2) 
PARAMETRIC_REPRESENTATION_CONTEXT() REPRESENTATION_CONTEXT('2D SPACE',''
  ) );
#2471 = ORIENTED_EDGE('',*,*,#2381,.F.);
#2472 = ORIENTED_EDGE('',*,*,#2194,.T.);
#2473 = ORIENTED_EDGE('',*,*,#2330,.T.);
#2474 = ORIENTED_EDGE('',*,*,#2356,.T.);
#2475 = ORIENTED_EDGE('',*,*,#2235,.T.);
#2476 = ADVANCED_FACE('',(#2477),#2454,.T.);
#2477 = FACE_BOUND('',#2478,.T.);
#2478 = EDGE_LOOP('',(#2479,#2516,#2544,#2567,#2599,#2633,#2656,#2678,
    #2679,#2701));
#2479 = ORIENTED_EDGE('',*,*,#2480,.F.);
#2480 = EDGE_CURVE('',#2481,#2483,#2485,.T.);
#2481 = VERTEX_POINT('',#2482);
#2482 = CARTESIAN_POINT('',(199.34986195439,-34.20540033227,
    9.37158633784));
#2483 = VERTEX_POINT('',#2484);
#2484 = CARTESIAN_POINT('',(199.14285422077,-34.01421518162,10.));
#2485 = SURFACE_CURVE('',#2486,(#2491,#2501),.PCURVE_S1.);
#2486 = ELLIPSE('',#2487,1.945823330943,1.8);
#2487 = AXIS2_PLACEMENT_3D('',#2488,#2489,#2490);
#2488 = CARTESIAN_POINT('',(198.8,-35.8,10.));
#2489 = DIRECTION('',(0.91775280416,-0.17620007702,0.355926008201));
#2490 = DIRECTION('',(0.253796088189,-0.429132539504,-0.866852241826));
#2491 = PCURVE('',#2454,#2492);
#2492 = DEFINITIONAL_REPRESENTATION('',(#2493),#2500);
#2493 = B_SPLINE_CURVE_WITH_KNOTS('',5,(#2494,#2495,#2496,#2497,#2498,
    #2499),.UNSPECIFIED.,.F.,.F.,(6,6),(1.570795920859,1.927426790599),
  .PIECEWISE_BEZIER_KNOTS.);
#2494 = CARTESIAN_POINT('',(5.92655443744,24.540578940301));
#2495 = CARTESIAN_POINT('',(5.997880611388,24.487863713337));
#2496 = CARTESIAN_POINT('',(6.069206785336,24.43514847719));
#2497 = CARTESIAN_POINT('',(6.140532959284,24.382991994724));
#2498 = CARTESIAN_POINT('',(6.211859133232,24.331952850341));
#2499 = CARTESIAN_POINT('',(6.28318530718,24.282554544043));
#2500 = ( GEOMETRIC_REPRESENTATION_CONTEXT(2) 
PARAMETRIC_REPRESENTATION_CONTEXT() REPRESENTATION_CONTEXT('2D SPACE',''
  ) );
#2501 = PCURVE('',#2502,#2507);
#2502 = CYLINDRICAL_SURFACE('',#2503,1.8);
#2503 = AXIS2_PLACEMENT_3D('',#2504,#2505,#2506);
#2504 = CARTESIAN_POINT('',(198.8,-35.8,10.));
#2505 = DIRECTION('',(0.752576694707,0.,0.658504607869));
#2506 = DIRECTION('',(-0.658504607869,0.,0.752576694707));
#2507 = DEFINITIONAL_REPRESENTATION('',(#2508),#2515);
#2508 = B_SPLINE_CURVE_WITH_KNOTS('',5,(#2509,#2510,#2511,#2512,#2513,
    #2514),.UNSPECIFIED.,.F.,.F.,(6,6),(1.570795920859,1.927426790599),
  .PIECEWISE_BEZIER_KNOTS.);
#2509 = CARTESIAN_POINT('',(4.229998501145,-3.000163246725E-07));
#2510 = CARTESIAN_POINT('',(4.301324675093,5.271492694807E-02));
#2511 = CARTESIAN_POINT('',(4.372650849042,0.105430163095));
#2512 = CARTESIAN_POINT('',(4.443977022989,0.157586645561));
#2513 = CARTESIAN_POINT('',(4.515303196938,0.208625789943));
#2514 = CARTESIAN_POINT('',(4.586629370886,0.258024096241));
#2515 = ( GEOMETRIC_REPRESENTATION_CONTEXT(2) 
PARAMETRIC_REPRESENTATION_CONTEXT() REPRESENTATION_CONTEXT('2D SPACE',''
  ) );
#2516 = ORIENTED_EDGE('',*,*,#2517,.F.);
#2517 = EDGE_CURVE('',#2518,#2481,#2520,.T.);
#2518 = VERTEX_POINT('',#2519);
#2519 = CARTESIAN_POINT('',(198.8,-35.8,8.2));
#2520 = SURFACE_CURVE('',#2521,(#2526,#2533),.PCURVE_S1.);
#2521 = CIRCLE('',#2522,1.8);
#2522 = AXIS2_PLACEMENT_3D('',#2523,#2524,#2525);
#2523 = CARTESIAN_POINT('',(198.8,-35.8,10.));
#2524 = DIRECTION('',(0.945372981626,-0.325990683319,0.));
#2525 = DIRECTION('',(0.325990683319,0.945372981626,0.));
#2526 = PCURVE('',#2454,#2527);
#2527 = DEFINITIONAL_REPRESENTATION('',(#2528),#2532);
#2528 = LINE('',#2529,#2530);
#2529 = CARTESIAN_POINT('',(0.,24.540578640285));
#2530 = VECTOR('',#2531,1.);
#2531 = DIRECTION('',(1.,0.));
#2532 = ( GEOMETRIC_REPRESENTATION_CONTEXT(2) 
PARAMETRIC_REPRESENTATION_CONTEXT() REPRESENTATION_CONTEXT('2D SPACE',''
  ) );
#2533 = PCURVE('',#2534,#2539);
#2534 = SPHERICAL_SURFACE('',#2535,1.8);
#2535 = AXIS2_PLACEMENT_3D('',#2536,#2537,#2538);
#2536 = CARTESIAN_POINT('',(198.8,-35.8,10.));
#2537 = DIRECTION('',(0.,0.,1.));
#2538 = DIRECTION('',(1.,0.,-0.));
#2539 = DEFINITIONAL_REPRESENTATION('',(#2540),#2543);
#2540 = B_SPLINE_CURVE_WITH_KNOTS('',1,(#2541,#2542),.UNSPECIFIED.,.F.,
  .F.,(2,2),(4.712388980385,5.926554843376),.PIECEWISE_BEZIER_KNOTS.);
#2541 = CARTESIAN_POINT('',(7.521922166432,-1.570796326795));
#2542 = CARTESIAN_POINT('',(7.521922166432,-0.356630463804));
#2543 = ( GEOMETRIC_REPRESENTATION_CONTEXT(2) 
PARAMETRIC_REPRESENTATION_CONTEXT() REPRESENTATION_CONTEXT('2D SPACE',''
  ) );
#2544 = ORIENTED_EDGE('',*,*,#2545,.F.);
#2545 = EDGE_CURVE('',#2546,#2518,#2548,.T.);
#2546 = VERTEX_POINT('',#2547);
#2547 = CARTESIAN_POINT('',(198.25013804561,-37.39459966773,
    10.62841366216));
#2548 = SURFACE_CURVE('',#2549,(#2554,#2561),.PCURVE_S1.);
#2549 = CIRCLE('',#2550,1.8);
#2550 = AXIS2_PLACEMENT_3D('',#2551,#2552,#2553);
#2551 = CARTESIAN_POINT('',(198.8,-35.8,10.));
#2552 = DIRECTION('',(0.945372981626,-0.325990683319,0.));
#2553 = DIRECTION('',(0.325990683319,0.945372981626,0.));
#2554 = PCURVE('',#2454,#2555);
#2555 = DEFINITIONAL_REPRESENTATION('',(#2556),#2560);
#2556 = LINE('',#2557,#2558);
#2557 = CARTESIAN_POINT('',(0.,24.540578640285));
#2558 = VECTOR('',#2559,1.);
#2559 = DIRECTION('',(1.,0.));
#2560 = ( GEOMETRIC_REPRESENTATION_CONTEXT(2) 
PARAMETRIC_REPRESENTATION_CONTEXT() REPRESENTATION_CONTEXT('2D SPACE',''
  ) );
#2561 = PCURVE('',#2534,#2562);
#2562 = DEFINITIONAL_REPRESENTATION('',(#2563),#2566);
#2563 = B_SPLINE_CURVE_WITH_KNOTS('',1,(#2564,#2565),.UNSPECIFIED.,.F.,
  .F.,(2,2),(2.784962189786,4.712388980385),.PIECEWISE_BEZIER_KNOTS.);
#2564 = CARTESIAN_POINT('',(4.380329512842,0.356630463804));
#2565 = CARTESIAN_POINT('',(4.380329512842,-1.570796326795));
#2566 = ( GEOMETRIC_REPRESENTATION_CONTEXT(2) 
PARAMETRIC_REPRESENTATION_CONTEXT() REPRESENTATION_CONTEXT('2D SPACE',''
  ) );
#2567 = ORIENTED_EDGE('',*,*,#2568,.F.);
#2568 = EDGE_CURVE('',#2569,#2546,#2571,.T.);
#2569 = VERTEX_POINT('',#2570);
#2570 = CARTESIAN_POINT('',(198.10743086915,-35.8,11.785784818374));
#2571 = SURFACE_CURVE('',#2572,(#2577,#2588),.PCURVE_S1.);
#2572 = ELLIPSE('',#2573,1.945823330943,1.8);
#2573 = AXIS2_PLACEMENT_3D('',#2574,#2575,#2576);
#2574 = CARTESIAN_POINT('',(198.8,-35.8,10.));
#2575 = DIRECTION('',(0.91775280416,-0.17620007702,0.355926008201));
#2576 = DIRECTION('',(0.253796088189,-0.429132539504,-0.866852241826));
#2577 = PCURVE('',#2454,#2578);
#2578 = DEFINITIONAL_REPRESENTATION('',(#2579),#2587);
#2579 = B_SPLINE_CURVE_WITH_KNOTS('',6,(#2580,#2581,#2582,#2583,#2584,
    #2585,#2586),.UNSPECIFIED.,.F.,.F.,(7,7),(3.623982726893,
    4.712389386306),.PIECEWISE_BEZIER_KNOTS.);
#2580 = CARTESIAN_POINT('',(1.696555936294,23.885842496073));
#2581 = CARTESIAN_POINT('',(1.877957046197,23.948036632257));
#2582 = CARTESIAN_POINT('',(2.059358156099,24.036083491187));
#2583 = CARTESIAN_POINT('',(2.240759266001,24.146308301354));
#2584 = CARTESIAN_POINT('',(2.422160375903,24.272443054523));
#2585 = CARTESIAN_POINT('',(2.603561485805,24.406510334745));
#2586 = CARTESIAN_POINT('',(2.784962595707,24.54057894029));
#2587 = ( GEOMETRIC_REPRESENTATION_CONTEXT(2) 
PARAMETRIC_REPRESENTATION_CONTEXT() REPRESENTATION_CONTEXT('2D SPACE',''
  ) );
#2588 = PCURVE('',#2502,#2589);
#2589 = DEFINITIONAL_REPRESENTATION('',(#2590),#2598);
#2590 = B_SPLINE_CURVE_WITH_KNOTS('',6,(#2591,#2592,#2593,#2594,#2595,
    #2596,#2597),.UNSPECIFIED.,.F.,.F.,(7,7),(3.623982726893,
    4.712389386306),.PIECEWISE_BEZIER_KNOTS.);
#2591 = CARTESIAN_POINT('',(1.184237892933E-14,0.654736144212));
#2592 = CARTESIAN_POINT('',(0.181401109902,0.592542008027));
#2593 = CARTESIAN_POINT('',(0.362802219804,0.504495149099));
#2594 = CARTESIAN_POINT('',(0.544203329706,0.394270338929));
#2595 = CARTESIAN_POINT('',(0.725604439609,0.268135585763));
#2596 = CARTESIAN_POINT('',(0.907005549511,0.13406830554));
#2597 = CARTESIAN_POINT('',(1.088406659413,-3.000052402058E-07));
#2598 = ( GEOMETRIC_REPRESENTATION_CONTEXT(2) 
PARAMETRIC_REPRESENTATION_CONTEXT() REPRESENTATION_CONTEXT('2D SPACE',''
  ) );
#2599 = ORIENTED_EDGE('',*,*,#2600,.F.);
#2600 = EDGE_CURVE('',#2483,#2569,#2601,.T.);
#2601 = SURFACE_CURVE('',#2602,(#2607,#2620),.PCURVE_S1.);
#2602 = ELLIPSE('',#2603,1.945823330943,1.8);
#2603 = AXIS2_PLACEMENT_3D('',#2604,#2605,#2606);
#2604 = CARTESIAN_POINT('',(198.8,-35.8,10.));
#2605 = DIRECTION('',(0.91775280416,-0.17620007702,0.355926008201));
#2606 = DIRECTION('',(0.253796088189,-0.429132539504,-0.866852241826));
#2607 = PCURVE('',#2454,#2608);
#2608 = DEFINITIONAL_REPRESENTATION('',(#2609),#2619);
#2609 = B_SPLINE_CURVE_WITH_KNOTS('',8,(#2610,#2611,#2612,#2613,#2614,
    #2615,#2616,#2617,#2618),.UNSPECIFIED.,.F.,.F.,(9,9),(1.927426790599
    ,3.623982726893),.PIECEWISE_BEZIER_KNOTS.);
#2610 = CARTESIAN_POINT('',(4.174438572591E-13,24.282554544043));
#2611 = CARTESIAN_POINT('',(0.212069492037,24.135681760264));
#2612 = CARTESIAN_POINT('',(0.424138984074,24.002070925864));
#2613 = CARTESIAN_POINT('',(0.636208476113,23.891787735018));
#2614 = CARTESIAN_POINT('',(0.848277968146,23.813623507987));
#2615 = CARTESIAN_POINT('',(1.060347460184,23.773655269702));
#2616 = CARTESIAN_POINT('',(1.272416952221,23.774076976002));
#2617 = CARTESIAN_POINT('',(1.484486444258,23.81313357563));
#2618 = CARTESIAN_POINT('',(1.696555936294,23.885842496073));
#2619 = ( GEOMETRIC_REPRESENTATION_CONTEXT(2) 
PARAMETRIC_REPRESENTATION_CONTEXT() REPRESENTATION_CONTEXT('2D SPACE',''
  ) );
#2620 = PCURVE('',#2502,#2621);
#2621 = DEFINITIONAL_REPRESENTATION('',(#2622),#2632);
#2622 = B_SPLINE_CURVE_WITH_KNOTS('',8,(#2623,#2624,#2625,#2626,#2627,
    #2628,#2629,#2630,#2631),.UNSPECIFIED.,.F.,.F.,(9,9),(1.927426790599
    ,3.623982726893),.PIECEWISE_BEZIER_KNOTS.);
#2623 = CARTESIAN_POINT('',(4.586629370886,0.258024096241));
#2624 = CARTESIAN_POINT('',(4.798698862922,0.40489688002));
#2625 = CARTESIAN_POINT('',(5.010768354961,0.538507714433));
#2626 = CARTESIAN_POINT('',(5.222837846996,0.648790905183));
#2627 = CARTESIAN_POINT('',(5.434907339039,0.726955132332));
#2628 = CARTESIAN_POINT('',(5.64697683107,0.766923370526));
#2629 = CARTESIAN_POINT('',(5.859046323107,0.766501664301));
#2630 = CARTESIAN_POINT('',(6.071115815143,0.727445064655));
#2631 = CARTESIAN_POINT('',(6.28318530718,0.654736144212));
#2632 = ( GEOMETRIC_REPRESENTATION_CONTEXT(2) 
PARAMETRIC_REPRESENTATION_CONTEXT() REPRESENTATION_CONTEXT('2D SPACE',''
  ) );
#2633 = ORIENTED_EDGE('',*,*,#2634,.F.);
#2634 = EDGE_CURVE('',#2635,#2483,#2637,.T.);
#2635 = VERTEX_POINT('',#2636);
#2636 = CARTESIAN_POINT('',(176.18678322997,-26.09832863307,10.));
#2637 = SEAM_CURVE('',#2638,(#2642,#2649),.PCURVE_S1.);
#2638 = LINE('',#2639,#2640);
#2639 = CARTESIAN_POINT('',(176.18678322997,-26.09832863307,10.));
#2640 = VECTOR('',#2641,1.);
#2641 = DIRECTION('',(0.945372981626,-0.325990683319,1.232595164408E-32)
  );
#2642 = PCURVE('',#2454,#2643);
#2643 = DEFINITIONAL_REPRESENTATION('',(#2644),#2648);
#2644 = LINE('',#2645,#2646);
#2645 = CARTESIAN_POINT('',(6.28318530718,-0.));
#2646 = VECTOR('',#2647,1.);
#2647 = DIRECTION('',(0.,1.));
#2648 = ( GEOMETRIC_REPRESENTATION_CONTEXT(2) 
PARAMETRIC_REPRESENTATION_CONTEXT() REPRESENTATION_CONTEXT('2D SPACE',''
  ) );
#2649 = PCURVE('',#2454,#2650);
#2650 = DEFINITIONAL_REPRESENTATION('',(#2651),#2655);
#2651 = LINE('',#2652,#2653);
#2652 = CARTESIAN_POINT('',(0.,-0.));
#2653 = VECTOR('',#2654,1.);
#2654 = DIRECTION('',(0.,1.));
#2655 = ( GEOMETRIC_REPRESENTATION_CONTEXT(2) 
PARAMETRIC_REPRESENTATION_CONTEXT() REPRESENTATION_CONTEXT('2D SPACE',''
  ) );
#2656 = ORIENTED_EDGE('',*,*,#2657,.T.);
#2657 = EDGE_CURVE('',#2635,#2382,#2658,.T.);
#2658 = SURFACE_CURVE('',#2659,(#2664,#2671),.PCURVE_S1.);
#2659 = CIRCLE('',#2660,1.8);
#2660 = AXIS2_PLACEMENT_3D('',#2661,#2662,#2663);
#2661 = CARTESIAN_POINT('',(175.6,-27.8,10.));
#2662 = DIRECTION('',(0.945372981626,-0.325990683319,0.));
#2663 = DIRECTION('',(0.325990683319,0.945372981626,0.));
#2664 = PCURVE('',#2454,#2665);
#2665 = DEFINITIONAL_REPRESENTATION('',(#2666),#2670);
#2666 = LINE('',#2667,#2668);
#2667 = CARTESIAN_POINT('',(0.,0.));
#2668 = VECTOR('',#2669,1.);
#2669 = DIRECTION('',(1.,0.));
#2670 = ( GEOMETRIC_REPRESENTATION_CONTEXT(2) 
PARAMETRIC_REPRESENTATION_CONTEXT() REPRESENTATION_CONTEXT('2D SPACE',''
  ) );
#2671 = PCURVE('',#2421,#2672);
#2672 = DEFINITIONAL_REPRESENTATION('',(#2673),#2677);
#2673 = LINE('',#2674,#2675);
#2674 = CARTESIAN_POINT('',(1.238736859252,0.));
#2675 = VECTOR('',#2676,1.);
#2676 = DIRECTION('',(0.,1.));
#2677 = ( GEOMETRIC_REPRESENTATION_CONTEXT(2) 
PARAMETRIC_REPRESENTATION_CONTEXT() REPRESENTATION_CONTEXT('2D SPACE',''
  ) );
#2678 = ORIENTED_EDGE('',*,*,#2433,.T.);
#2679 = ORIENTED_EDGE('',*,*,#2680,.T.);
#2680 = EDGE_CURVE('',#2405,#2635,#2681,.T.);
#2681 = SURFACE_CURVE('',#2682,(#2687,#2694),.PCURVE_S1.);
#2682 = CIRCLE('',#2683,1.8);
#2683 = AXIS2_PLACEMENT_3D('',#2684,#2685,#2686);
#2684 = CARTESIAN_POINT('',(175.6,-27.8,10.));
#2685 = DIRECTION('',(0.945372981626,-0.325990683319,0.));
#2686 = DIRECTION('',(0.325990683319,0.945372981626,0.));
#2687 = PCURVE('',#2454,#2688);
#2688 = DEFINITIONAL_REPRESENTATION('',(#2689),#2693);
#2689 = LINE('',#2690,#2691);
#2690 = CARTESIAN_POINT('',(0.,0.));
#2691 = VECTOR('',#2692,1.);
#2692 = DIRECTION('',(1.,0.));
#2693 = ( GEOMETRIC_REPRESENTATION_CONTEXT(2) 
PARAMETRIC_REPRESENTATION_CONTEXT() REPRESENTATION_CONTEXT('2D SPACE',''
  ) );
#2694 = PCURVE('',#2421,#2695);
#2695 = DEFINITIONAL_REPRESENTATION('',(#2696),#2700);
#2696 = LINE('',#2697,#2698);
#2697 = CARTESIAN_POINT('',(1.238736859252,-6.28318530718));
#2698 = VECTOR('',#2699,1.);
#2699 = DIRECTION('',(0.,1.));
#2700 = ( GEOMETRIC_REPRESENTATION_CONTEXT(2) 
PARAMETRIC_REPRESENTATION_CONTEXT() REPRESENTATION_CONTEXT('2D SPACE',''
  ) );
#2701 = ORIENTED_EDGE('',*,*,#2634,.T.);
#2702 = ADVANCED_FACE('',(#2703),#2421,.T.);
#2703 = FACE_BOUND('',#2704,.T.);
#2704 = EDGE_LOOP('',(#2705,#2706,#2707));
#2705 = ORIENTED_EDGE('',*,*,#2404,.T.);
#2706 = ORIENTED_EDGE('',*,*,#2657,.F.);
#2707 = ORIENTED_EDGE('',*,*,#2680,.F.);
#2708 = ADVANCED_FACE('',(#2709),#2502,.T.);
#2709 = FACE_BOUND('',#2710,.T.);
#2710 = EDGE_LOOP('',(#2711,#2782,#2821,#2842,#2843,#2898,#2899,#2900,
    #2901,#2935));
#2711 = ORIENTED_EDGE('',*,*,#2712,.T.);
#2712 = EDGE_CURVE('',#2713,#2715,#2717,.T.);
#2713 = VERTEX_POINT('',#2714);
#2714 = CARTESIAN_POINT('',(205.45376987244,-34.04173731236,
    15.309977288637));
#2715 = VERTEX_POINT('',#2716);
#2716 = CARTESIAN_POINT('',(204.94623012755,-37.55826268763,
    15.890022711363));
#2717 = SURFACE_CURVE('',#2718,(#2723,#2730),.PCURVE_S1.);
#2718 = CIRCLE('',#2719,1.8);
#2719 = AXIS2_PLACEMENT_3D('',#2720,#2721,#2722);
#2720 = CARTESIAN_POINT('',(205.2,-35.8,15.6));
#2721 = DIRECTION('',(-0.752576694707,1.164346397076E-14,-0.658504607869
    ));
#2722 = DIRECTION('',(0.140983262468,0.976812604242,-0.161123728535));
#2723 = PCURVE('',#2502,#2724);
#2724 = DEFINITIONAL_REPRESENTATION('',(#2725),#2729);
#2725 = LINE('',#2726,#2727);
#2726 = CARTESIAN_POINT('',(4.496622610331,8.504116650188));
#2727 = VECTOR('',#2728,1.);
#2728 = DIRECTION('',(-1.,-0.));
#2729 = ( GEOMETRIC_REPRESENTATION_CONTEXT(2) 
PARAMETRIC_REPRESENTATION_CONTEXT() REPRESENTATION_CONTEXT('2D SPACE',''
  ) );
#2730 = PCURVE('',#2731,#2736);
#2731 = SPHERICAL_SURFACE('',#2732,1.8);
#2732 = AXIS2_PLACEMENT_3D('',#2733,#2734,#2735);
#2733 = CARTESIAN_POINT('',(205.2,-35.8,15.6));
#2734 = DIRECTION('',(0.,0.,1.));
#2735 = DIRECTION('',(1.,0.,-0.));
#2736 = DEFINITIONAL_REPRESENTATION('',(#2737),#2781);
#2737 = B_SPLINE_CURVE_WITH_KNOTS('',8,(#2738,#2739,#2740,#2741,#2742,
    #2743,#2744,#2745,#2746,#2747,#2748,#2749,#2750,#2751,#2752,#2753,
    #2754,#2755,#2756,#2757,#2758,#2759,#2760,#2761,#2762,#2763,#2764,
    #2765,#2766,#2767,#2768,#2769,#2770,#2771,#2772,#2773,#2774,#2775,
    #2776,#2777,#2778,#2779,#2780),.UNSPECIFIED.,.F.,.F.,(9,7,7,6,7,7,9)
  ,(0.,0.508136233778,1.016272467556,1.355029956741,1.801670630953,
    2.248311305166,3.14159265359),.UNSPECIFIED.);
#2738 = CARTESIAN_POINT('',(7.710641578929,-0.1618291527));
#2739 = CARTESIAN_POINT('',(7.667700536288,-0.209140355821));
#2740 = CARTESIAN_POINT('',(7.624001783771,-0.256116472194));
#2741 = CARTESIAN_POINT('',(7.579233395099,-0.302617580483));
#2742 = CARTESIAN_POINT('',(7.533070621936,-0.348491991311));
#2743 = CARTESIAN_POINT('',(7.485157586775,-0.39356856516));
#2744 = CARTESIAN_POINT('',(7.435100027543,-0.437647375799));
#2745 = CARTESIAN_POINT('',(7.382469093924,-0.480488719224));
#2746 = CARTESIAN_POINT('',(7.271163296891,-0.563112217027));
#2747 = CARTESIAN_POINT('',(7.212489496008,-0.602894411353));
#2748 = CARTESIAN_POINT('',(7.150345151133,-0.640855285009));
#2749 = CARTESIAN_POINT('',(7.084281820324,-0.676651041441));
#2750 = CARTESIAN_POINT('',(7.01384852107,-0.70987775043));
#2751 = CARTESIAN_POINT('',(6.938702996851,-0.740060123504));
#2752 = CARTESIAN_POINT('',(6.858783424422,-0.76667200818));
#2753 = CARTESIAN_POINT('',(6.718287709891,-0.804257729907));
#2754 = CARTESIAN_POINT('',(6.660143393427,-0.817487134609));
#2755 = CARTESIAN_POINT('',(6.600169126571,-0.82876747618));
#2756 = CARTESIAN_POINT('',(6.538565987556,-0.837958486753));
#2757 = CARTESIAN_POINT('',(6.47563998179,-0.844940011384));
#2758 = CARTESIAN_POINT('',(6.411793687776,-0.849624576788));
#2759 = CARTESIAN_POINT('',(6.262706303835,-0.855053973092));
#2760 = CARTESIAN_POINT('',(6.113619945049,-0.847895202701));
#2761 = CARTESIAN_POINT('',(6.029884233402,-0.839752645138));
#2762 = CARTESIAN_POINT('',(5.948266354713,-0.827672263013));
#2763 = CARTESIAN_POINT('',(5.869578162372,-0.811921362714));
#2764 = CARTESIAN_POINT('',(5.794284685727,-0.792839859127));
#2765 = CARTESIAN_POINT('',(5.72255389855,-0.770774048047));
#2766 = CARTESIAN_POINT('',(5.586211981411,-0.721347896291));
#2767 = CARTESIAN_POINT('',(5.521600158868,-0.693987104195));
#2768 = CARTESIAN_POINT('',(5.460540563207,-0.664316544845));
#2769 = CARTESIAN_POINT('',(5.402837263242,-0.632656914048));
#2770 = CARTESIAN_POINT('',(5.348202255568,-0.599295082923));
#2771 = CARTESIAN_POINT('',(5.296320786168,-0.56447735864));
#2772 = CARTESIAN_POINT('',(5.246885043779,-0.52841257743));
#2773 = CARTESIAN_POINT('',(5.10501858761,-0.417029934737));
#2774 = CARTESIAN_POINT('',(5.019029939423,-0.338522453155));
#2775 = CARTESIAN_POINT('',(4.939246380993,-0.25722607975));
#2776 = CARTESIAN_POINT('',(4.863511365642,-0.174144592596));
#2777 = CARTESIAN_POINT('',(4.790172263436,-9.003077807802E-02));
#2778 = CARTESIAN_POINT('',(4.717682714666,-5.548592037457E-03));
#2779 = CARTESIAN_POINT('',(4.644537406426,7.86581199928E-02));
#2780 = CARTESIAN_POINT('',(4.569048925339,0.1618291527));
#2781 = ( GEOMETRIC_REPRESENTATION_CONTEXT(2) 
PARAMETRIC_REPRESENTATION_CONTEXT() REPRESENTATION_CONTEXT('2D SPACE',''
  ) );
#2782 = ORIENTED_EDGE('',*,*,#2783,.F.);
#2783 = EDGE_CURVE('',#2784,#2715,#2786,.T.);
#2784 = VERTEX_POINT('',#2785);
#2785 = CARTESIAN_POINT('',(203.46540986385,-35.8,16.474016438735));
#2786 = SURFACE_CURVE('',#2787,(#2792,#2804),.PCURVE_S1.);
#2787 = ELLIPSE('',#2788,1.948922389174,1.8);
#2788 = AXIS2_PLACEMENT_3D('',#2789,#2790,#2791);
#2789 = CARTESIAN_POINT('',(205.2,-35.8,15.6));
#2790 = DIRECTION('',(0.448461387477,8.208190279557E-02,0.890025249741)
  );
#2791 = DIRECTION('',(0.882613224264,-0.197736434241,-0.426490561358));
#2792 = PCURVE('',#2502,#2793);
#2793 = DEFINITIONAL_REPRESENTATION('',(#2794),#2803);
#2794 = B_SPLINE_CURVE_WITH_KNOTS('',7,(#2795,#2796,#2797,#2798,#2799,
    #2800,#2801,#2802),.UNSPECIFIED.,.F.,.F.,(8,8),(3.357359023643,
    4.712388979543),.PIECEWISE_BEZIER_KNOTS.);
#2795 = CARTESIAN_POINT('',(5.921189464667E-14,7.774248391112));
#2796 = CARTESIAN_POINT('',(0.193575707986,7.805214940657));
#2797 = CARTESIAN_POINT('',(0.387151415971,7.868089215803));
#2798 = CARTESIAN_POINT('',(0.580727123958,7.960974202278));
#2799 = CARTESIAN_POINT('',(0.774302831942,8.079052454684));
#2800 = CARTESIAN_POINT('',(0.967878539929,8.214839722068));
#2801 = CARTESIAN_POINT('',(1.161454247914,8.359478093122));
#2802 = CARTESIAN_POINT('',(1.3550299559,8.504116649559));
#2803 = ( GEOMETRIC_REPRESENTATION_CONTEXT(2) 
PARAMETRIC_REPRESENTATION_CONTEXT() REPRESENTATION_CONTEXT('2D SPACE',''
  ) );
#2804 = PCURVE('',#2805,#2810);
#2805 = CYLINDRICAL_SURFACE('',#2806,1.8);
#2806 = AXIS2_PLACEMENT_3D('',#2807,#2808,#2809);
#2807 = CARTESIAN_POINT('',(205.2,-35.8,15.6));
#2808 = DIRECTION('',(7.580980435789E-02,0.151619608716,0.985527456653)
  );
#2809 = DIRECTION('',(0.,0.988371697651,-0.152057184254));
#2810 = DEFINITIONAL_REPRESENTATION('',(#2811),#2820);
#2811 = B_SPLINE_CURVE_WITH_KNOTS('',7,(#2812,#2813,#2814,#2815,#2816,
    #2817,#2818,#2819),.UNSPECIFIED.,.F.,.F.,(8,8),(3.357359023643,
    4.712388979543),.PIECEWISE_BEZIER_KNOTS.);
#2812 = CARTESIAN_POINT('',(1.644697173904,0.729868259076));
#2813 = CARTESIAN_POINT('',(1.83827288189,0.698901709531));
#2814 = CARTESIAN_POINT('',(2.031848589875,0.636027434386));
#2815 = CARTESIAN_POINT('',(2.225424297862,0.54314244791));
#2816 = CARTESIAN_POINT('',(2.419000005846,0.425064195504));
#2817 = CARTESIAN_POINT('',(2.612575713833,0.289276928119));
#2818 = CARTESIAN_POINT('',(2.806151421818,0.144638557066));
#2819 = CARTESIAN_POINT('',(2.999727129804,6.288658482845E-10));
#2820 = ( GEOMETRIC_REPRESENTATION_CONTEXT(2) 
PARAMETRIC_REPRESENTATION_CONTEXT() REPRESENTATION_CONTEXT('2D SPACE',''
  ) );
#2821 = ORIENTED_EDGE('',*,*,#2822,.F.);
#2822 = EDGE_CURVE('',#2569,#2784,#2823,.T.);
#2823 = SEAM_CURVE('',#2824,(#2828,#2835),.PCURVE_S1.);
#2824 = LINE('',#2825,#2826);
#2825 = CARTESIAN_POINT('',(197.61469170583,-35.8,11.354638050472));
#2826 = VECTOR('',#2827,1.);
#2827 = DIRECTION('',(0.752576694707,0.,0.658504607869));
#2828 = PCURVE('',#2502,#2829);
#2829 = DEFINITIONAL_REPRESENTATION('',(#2830),#2834);
#2830 = LINE('',#2831,#2832);
#2831 = CARTESIAN_POINT('',(0.,-0.));
#2832 = VECTOR('',#2833,1.);
#2833 = DIRECTION('',(0.,1.));
#2834 = ( GEOMETRIC_REPRESENTATION_CONTEXT(2) 
PARAMETRIC_REPRESENTATION_CONTEXT() REPRESENTATION_CONTEXT('2D SPACE',''
  ) );
#2835 = PCURVE('',#2502,#2836);
#2836 = DEFINITIONAL_REPRESENTATION('',(#2837),#2841);
#2837 = LINE('',#2838,#2839);
#2838 = CARTESIAN_POINT('',(6.28318530718,-0.));
#2839 = VECTOR('',#2840,1.);
#2840 = DIRECTION('',(0.,1.));
#2841 = ( GEOMETRIC_REPRESENTATION_CONTEXT(2) 
PARAMETRIC_REPRESENTATION_CONTEXT() REPRESENTATION_CONTEXT('2D SPACE',''
  ) );
#2842 = ORIENTED_EDGE('',*,*,#2568,.T.);
#2843 = ORIENTED_EDGE('',*,*,#2844,.T.);
#2844 = EDGE_CURVE('',#2546,#2481,#2845,.T.);
#2845 = SURFACE_CURVE('',#2846,(#2851,#2858),.PCURVE_S1.);
#2846 = CIRCLE('',#2847,1.8);
#2847 = AXIS2_PLACEMENT_3D('',#2848,#2849,#2850);
#2848 = CARTESIAN_POINT('',(198.8,-35.8,10.));
#2849 = DIRECTION('',(0.752576694707,2.106648189226E-14,0.658504607869)
  );
#2850 = DIRECTION('',(-0.30547886355,-0.885888704295,0.3491187012));
#2851 = PCURVE('',#2502,#2852);
#2852 = DEFINITIONAL_REPRESENTATION('',(#2853),#2857);
#2853 = LINE('',#2854,#2855);
#2854 = CARTESIAN_POINT('',(1.088406253492,0.));
#2855 = VECTOR('',#2856,1.);
#2856 = DIRECTION('',(1.,0.));
#2857 = ( GEOMETRIC_REPRESENTATION_CONTEXT(2) 
PARAMETRIC_REPRESENTATION_CONTEXT() REPRESENTATION_CONTEXT('2D SPACE',''
  ) );
#2858 = PCURVE('',#2534,#2859);
#2859 = DEFINITIONAL_REPRESENTATION('',(#2860),#2897);
#2860 = B_SPLINE_CURVE_WITH_KNOTS('',8,(#2861,#2862,#2863,#2864,#2865,
    #2866,#2867,#2868,#2869,#2870,#2871,#2872,#2873,#2874,#2875,#2876,
    #2877,#2878,#2879,#2880,#2881,#2882,#2883,#2884,#2885,#2886,#2887,
    #2888,#2889,#2890,#2891,#2892,#2893,#2894,#2895,#2896),
  .UNSPECIFIED.,.F.,.F.,(9,7,7,6,7,9),(0.,1.026593200049,1.539889800074,
    2.053186400098,2.597389526844,3.14159265359),.UNSPECIFIED.);
#2861 = CARTESIAN_POINT('',(4.380329512842,0.356630463804));
#2862 = CARTESIAN_POINT('',(4.476560570392,0.265332235958));
#2863 = CARTESIAN_POINT('',(4.565309844731,0.170571642001));
#2864 = CARTESIAN_POINT('',(4.649711599169,7.395131773104E-02));
#2865 = CARTESIAN_POINT('',(4.732328278556,-2.343831650127E-02));
#2866 = CARTESIAN_POINT('',(4.815343046804,-0.120656322209));
#2867 = CARTESIAN_POINT('',(4.90099101212,-0.21674040469));
#2868 = CARTESIAN_POINT('',(4.991973621322,-0.310523933223));
#2869 = CARTESIAN_POINT('',(5.141414246301,-0.445093206831));
#2870 = CARTESIAN_POINT('',(5.193388519573,-0.488931933502));
#2871 = CARTESIAN_POINT('',(5.247936022308,-0.531532287574));
#2872 = CARTESIAN_POINT('',(5.305503243234,-0.572634616412));
#2873 = CARTESIAN_POINT('',(5.366568335079,-0.611933521513));
#2874 = CARTESIAN_POINT('',(5.431624928253,-0.649058489896));
#2875 = CARTESIAN_POINT('',(5.501106439961,-0.683565973085));
#2876 = CARTESIAN_POINT('',(5.649304027336,-0.746367950872));
#2877 = CARTESIAN_POINT('',(5.728019792005,-0.774662556141));
#2878 = CARTESIAN_POINT('',(5.811549635633,-0.799361863975));
#2879 = CARTESIAN_POINT('',(5.899833895724,-0.819934850927));
#2880 = CARTESIAN_POINT('',(5.992471613485,-0.835835806866));
#2881 = CARTESIAN_POINT('',(6.088313645422,-0.846589242569));
#2882 = CARTESIAN_POINT('',(6.28905222081,-0.857667185361));
#2883 = CARTESIAN_POINT('',(6.489790284785,-0.845922199832));
#2884 = CARTESIAN_POINT('',(6.59119497741,-0.833834980927));
#2885 = CARTESIAN_POINT('',(6.688774676896,-0.815993164654));
#2886 = CARTESIAN_POINT('',(6.78124221067,-0.793000089861));
#2887 = CARTESIAN_POINT('',(6.868265847667,-0.765517259114));
#2888 = CARTESIAN_POINT('',(6.949877697319,-0.734172636957));
#2889 = CARTESIAN_POINT('',(7.102906740252,-0.66489108788));
#2890 = CARTESIAN_POINT('',(7.174323293974,-0.626954009409));
#2891 = CARTESIAN_POINT('',(7.240949679628,-0.58628658135));
#2892 = CARTESIAN_POINT('',(7.303347092471,-0.543388090166));
#2893 = CARTESIAN_POINT('',(7.362110609417,-0.498666400034));
#2894 = CARTESIAN_POINT('',(7.417794397456,-0.452452868354));
#2895 = CARTESIAN_POINT('',(7.470909513702,-0.405028194334));
#2896 = CARTESIAN_POINT('',(7.521922166432,-0.356630463804));
#2897 = ( GEOMETRIC_REPRESENTATION_CONTEXT(2) 
PARAMETRIC_REPRESENTATION_CONTEXT() REPRESENTATION_CONTEXT('2D SPACE',''
  ) );
#2898 = ORIENTED_EDGE('',*,*,#2480,.T.);
#2899 = ORIENTED_EDGE('',*,*,#2600,.T.);
#2900 = ORIENTED_EDGE('',*,*,#2822,.T.);
#2901 = ORIENTED_EDGE('',*,*,#2902,.F.);
#2902 = EDGE_CURVE('',#2903,#2784,#2905,.T.);
#2903 = VERTEX_POINT('',#2904);
#2904 = CARTESIAN_POINT('',(205.20800898955,-34.00491296512,
    15.430413932506));
#2905 = SURFACE_CURVE('',#2906,(#2911,#2923),.PCURVE_S1.);
#2906 = ELLIPSE('',#2907,1.948922389174,1.8);
#2907 = AXIS2_PLACEMENT_3D('',#2908,#2909,#2910);
#2908 = CARTESIAN_POINT('',(205.2,-35.8,15.6));
#2909 = DIRECTION('',(0.448461387477,8.208190279557E-02,0.890025249741)
  );
#2910 = DIRECTION('',(0.882613224264,-0.197736434241,-0.426490561358));
#2911 = PCURVE('',#2502,#2912);
#2912 = DEFINITIONAL_REPRESENTATION('',(#2913),#2922);
#2913 = B_SPLINE_CURVE_WITH_KNOTS('',7,(#2914,#2915,#2916,#2917,#2918,
    #2919,#2920,#2921),.UNSPECIFIED.,.F.,.F.,(8,8),(1.712661849739,
    3.357359023643),.PIECEWISE_BEZIER_KNOTS.);
#2914 = CARTESIAN_POINT('',(4.638488133275,8.398470822198));
#2915 = CARTESIAN_POINT('',(4.873444872404,8.224676284572));
#2916 = CARTESIAN_POINT('',(5.108401611534,8.05768707378));
#2917 = CARTESIAN_POINT('',(5.343358350663,7.913164542932));
#2918 = CARTESIAN_POINT('',(5.578315089791,7.805894313634));
#2919 = CARTESIAN_POINT('',(5.813271828921,7.746084498262));
#2920 = CARTESIAN_POINT('',(6.04822856805,7.736662065954));
#2921 = CARTESIAN_POINT('',(6.28318530718,7.774248391112));
#2922 = ( GEOMETRIC_REPRESENTATION_CONTEXT(2) 
PARAMETRIC_REPRESENTATION_CONTEXT() REPRESENTATION_CONTEXT('2D SPACE',''
  ) );
#2923 = PCURVE('',#2805,#2924);
#2924 = DEFINITIONAL_REPRESENTATION('',(#2925),#2934);
#2925 = B_SPLINE_CURVE_WITH_KNOTS('',7,(#2926,#2927,#2928,#2929,#2930,
    #2931,#2932,#2933),.UNSPECIFIED.,.F.,.F.,(8,8),(1.712661849739,
    3.357359023643),.PIECEWISE_BEZIER_KNOTS.);
#2926 = CARTESIAN_POINT('',(-3.632649736574E-13,0.105645827989));
#2927 = CARTESIAN_POINT('',(0.234956739129,0.279440365616));
#2928 = CARTESIAN_POINT('',(0.469913478258,0.446429576408));
#2929 = CARTESIAN_POINT('',(0.704870217388,0.590952107259));
#2930 = CARTESIAN_POINT('',(0.939826956516,0.69822233655));
#2931 = CARTESIAN_POINT('',(1.174783695646,0.758032151927));
#2932 = CARTESIAN_POINT('',(1.409740434775,0.767454584234));
#2933 = CARTESIAN_POINT('',(1.644697173904,0.729868259076));
#2934 = ( GEOMETRIC_REPRESENTATION_CONTEXT(2) 
PARAMETRIC_REPRESENTATION_CONTEXT() REPRESENTATION_CONTEXT('2D SPACE',''
  ) );
#2935 = ORIENTED_EDGE('',*,*,#2936,.F.);
#2936 = EDGE_CURVE('',#2713,#2903,#2937,.T.);
#2937 = SURFACE_CURVE('',#2938,(#2943,#2953),.PCURVE_S1.);
#2938 = ELLIPSE('',#2939,1.948922389174,1.8);
#2939 = AXIS2_PLACEMENT_3D('',#2940,#2941,#2942);
#2940 = CARTESIAN_POINT('',(205.2,-35.8,15.6));
#2941 = DIRECTION('',(0.448461387477,8.208190279557E-02,0.890025249741)
  );
#2942 = DIRECTION('',(0.882613224264,-0.197736434241,-0.426490561358));
#2943 = PCURVE('',#2502,#2944);
#2944 = DEFINITIONAL_REPRESENTATION('',(#2945),#2952);
#2945 = B_SPLINE_CURVE_WITH_KNOTS('',5,(#2946,#2947,#2948,#2949,#2950,
    #2951),.UNSPECIFIED.,.F.,.F.,(6,6),(1.570796326237,1.712661849739),
  .PIECEWISE_BEZIER_KNOTS.);
#2946 = CARTESIAN_POINT('',(4.496622609773,8.504116650605));
#2947 = CARTESIAN_POINT('',(4.524995714473,8.482916444504));
#2948 = CARTESIAN_POINT('',(4.553368819174,8.46171623839));
#2949 = CARTESIAN_POINT('',(4.581741923874,8.440551588309));
#2950 = CARTESIAN_POINT('',(4.610115028575,8.41945805002));
#2951 = CARTESIAN_POINT('',(4.638488133275,8.398470822198));
#2952 = ( GEOMETRIC_REPRESENTATION_CONTEXT(2) 
PARAMETRIC_REPRESENTATION_CONTEXT() REPRESENTATION_CONTEXT('2D SPACE',''
  ) );
#2953 = PCURVE('',#2805,#2954);
#2954 = DEFINITIONAL_REPRESENTATION('',(#2955),#2962);
#2955 = B_SPLINE_CURVE_WITH_KNOTS('',5,(#2956,#2957,#2958,#2959,#2960,
    #2961),.UNSPECIFIED.,.F.,.F.,(6,6),(1.570796326237,1.712661849739),
  .PIECEWISE_BEZIER_KNOTS.);
#2956 = CARTESIAN_POINT('',(6.141319783677,-4.171880618742E-10));
#2957 = CARTESIAN_POINT('',(6.169692888377,2.120020568412E-02));
#2958 = CARTESIAN_POINT('',(6.198065993078,4.240041179749E-02));
#2959 = CARTESIAN_POINT('',(6.226439097778,6.356506187829E-02));
#2960 = CARTESIAN_POINT('',(6.254812202479,8.465860016737E-02));
#2961 = CARTESIAN_POINT('',(6.283185307179,0.105645827989));
#2962 = ( GEOMETRIC_REPRESENTATION_CONTEXT(2) 
PARAMETRIC_REPRESENTATION_CONTEXT() REPRESENTATION_CONTEXT('2D SPACE',''
  ) );
#2963 = ADVANCED_FACE('',(#2964),#2534,.T.);
#2964 = FACE_BOUND('',#2965,.T.);
#2965 = EDGE_LOOP('',(#2966,#2967,#2968));
#2966 = ORIENTED_EDGE('',*,*,#2545,.T.);
#2967 = ORIENTED_EDGE('',*,*,#2517,.T.);
#2968 = ORIENTED_EDGE('',*,*,#2844,.F.);
#2969 = ADVANCED_FACE('',(#2970),#2731,.T.);
#2970 = FACE_BOUND('',#2971,.T.);
#2971 = EDGE_LOOP('',(#2972,#2973));
#2972 = ORIENTED_EDGE('',*,*,#2712,.F.);
#2973 = ORIENTED_EDGE('',*,*,#2974,.T.);
#2974 = EDGE_CURVE('',#2713,#2715,#2975,.T.);
#2975 = SURFACE_CURVE('',#2976,(#2981,#3000),.PCURVE_S1.);
#2976 = CIRCLE('',#2977,1.8);
#2977 = AXIS2_PLACEMENT_3D('',#2978,#2979,#2980);
#2978 = CARTESIAN_POINT('',(205.2,-35.8,15.6));
#2979 = DIRECTION('',(-7.580980435789E-02,-0.151619608716,
    -0.985527456653));
#2980 = DIRECTION('',(0.140983262468,0.976812604242,-0.161123728535));
#2981 = PCURVE('',#2731,#2982);
#2982 = DEFINITIONAL_REPRESENTATION('',(#2983),#2999);
#2983 = B_SPLINE_CURVE_WITH_KNOTS('',8,(#2984,#2985,#2986,#2987,#2988,
    #2989,#2990,#2991,#2992,#2993,#2994,#2995,#2996,#2997,#2998),
  .UNSPECIFIED.,.F.,.F.,(9,6,9),(0.,1.417268285812,3.14159265359),
  .UNSPECIFIED.);
#2984 = CARTESIAN_POINT('',(7.710641578929,-0.1618291527));
#2985 = CARTESIAN_POINT('',(7.531393545422,-0.171284725965));
#2986 = CARTESIAN_POINT('',(7.351512963633,-0.174901063433));
#2987 = CARTESIAN_POINT('',(7.17140361002,-0.172192084868));
#2988 = CARTESIAN_POINT('',(6.991645462338,-0.163078856326));
#2989 = CARTESIAN_POINT('',(6.81285268757,-0.147988898404));
#2990 = CARTESIAN_POINT('',(6.635270179481,-0.127797708201));
#2991 = CARTESIAN_POINT('',(6.244125715205,-7.423199975059E-02));
#2992 = CARTESIAN_POINT('',(5.857057182629,-7.421483406738E-03));
#2993 = CARTESIAN_POINT('',(5.645300595224,3.094066371938E-02));
#2994 = CARTESIAN_POINT('',(5.433248351757,6.836386344142E-02));
#2995 = CARTESIAN_POINT('',(5.219765634793,0.102262924517));
#2996 = CARTESIAN_POINT('',(5.00427779975,0.130177635911));
#2997 = CARTESIAN_POINT('',(4.787131666021,0.150324996744));
#2998 = CARTESIAN_POINT('',(4.569048925339,0.1618291527));
#2999 = ( GEOMETRIC_REPRESENTATION_CONTEXT(2) 
PARAMETRIC_REPRESENTATION_CONTEXT() REPRESENTATION_CONTEXT('2D SPACE',''
  ) );
#3000 = PCURVE('',#2805,#3001);
#3001 = DEFINITIONAL_REPRESENTATION('',(#3002),#3006);
#3002 = LINE('',#3003,#3004);
#3003 = CARTESIAN_POINT('',(6.141319784235,0.));
#3004 = VECTOR('',#3005,1.);
#3005 = DIRECTION('',(-1.,-0.));
#3006 = ( GEOMETRIC_REPRESENTATION_CONTEXT(2) 
PARAMETRIC_REPRESENTATION_CONTEXT() REPRESENTATION_CONTEXT('2D SPACE',''
  ) );
#3007 = ADVANCED_FACE('',(#3008),#2805,.T.);
#3008 = FACE_BOUND('',#3009,.T.);
#3009 = EDGE_LOOP('',(#3010,#3055,#3096,#3117,#3118,#3119,#3120,#3121,
    #3122,#3152));
#3010 = ORIENTED_EDGE('',*,*,#3011,.T.);
#3011 = EDGE_CURVE('',#3012,#3014,#3016,.T.);
#3012 = VERTEX_POINT('',#3013);
#3013 = CARTESIAN_POINT('',(208.18873014965,-31.48901588027,
    36.122253970068));
#3014 = VERTEX_POINT('',#3015);
#3015 = CARTESIAN_POINT('',(205.41126985034,-33.71098411972,
    36.677746029932));
#3016 = SURFACE_CURVE('',#3017,(#3022,#3029),.PCURVE_S1.);
#3017 = CIRCLE('',#3018,1.8);
#3018 = AXIS2_PLACEMENT_3D('',#3019,#3020,#3021);
#3019 = CARTESIAN_POINT('',(206.8,-32.6,36.4));
#3020 = DIRECTION('',(-7.580980435789E-02,-0.151619608716,
    -0.985527456653));
#3021 = DIRECTION('',(0.77151674981,0.617213399848,-0.154303349962));
#3022 = PCURVE('',#2805,#3023);
#3023 = DEFINITIONAL_REPRESENTATION('',(#3024),#3028);
#3024 = LINE('',#3025,#3026);
#3025 = CARTESIAN_POINT('',(5.398456280742,21.105449533237));
#3026 = VECTOR('',#3027,1.);
#3027 = DIRECTION('',(-1.,-0.));
#3028 = ( GEOMETRIC_REPRESENTATION_CONTEXT(2) 
PARAMETRIC_REPRESENTATION_CONTEXT() REPRESENTATION_CONTEXT('2D SPACE',''
  ) );
#3029 = PCURVE('',#3030,#3035);
#3030 = SPHERICAL_SURFACE('',#3031,1.8);
#3031 = AXIS2_PLACEMENT_3D('',#3032,#3033,#3034);
#3032 = CARTESIAN_POINT('',(206.8,-32.6,36.4));
#3033 = DIRECTION('',(0.,0.,1.));
#3034 = DIRECTION('',(1.,0.,-0.));
#3035 = DEFINITIONAL_REPRESENTATION('',(#3036),#3054);
#3036 = B_SPLINE_CURVE_WITH_KNOTS('',7,(#3037,#3038,#3039,#3040,#3041,
    #3042,#3043,#3044,#3045,#3046,#3047,#3048,#3049,#3050,#3051,#3052,
    #3053),.UNSPECIFIED.,.F.,.F.,(8,3,6,8),(0.,0.674404782319,
    1.907998717954,3.14159265359),.UNSPECIFIED.);
#3037 = CARTESIAN_POINT('',(6.957926249403,-0.154922319871));
#3038 = CARTESIAN_POINT('',(6.860661210885,-0.148078362447));
#3039 = CARTESIAN_POINT('',(6.763638732904,-0.139551742341));
#3040 = CARTESIAN_POINT('',(6.66691449907,-0.12945311272));
#3041 = CARTESIAN_POINT('',(6.394200807002,-9.686050944714E-02));
#3042 = CARTESIAN_POINT('',(6.124136918311,-5.434716509333E-02));
#3043 = CARTESIAN_POINT('',(5.856051614163,-6.564504240728E-03));
#3044 = CARTESIAN_POINT('',(5.587902229705,4.08863369373E-02));
#3045 = CARTESIAN_POINT('',(5.413873455054,6.990355093029E-02));
#3046 = CARTESIAN_POINT('',(5.238827754659,9.583633879177E-02));
#3047 = CARTESIAN_POINT('',(4.886628528932,0.139274062671));
#3048 = CARTESIAN_POINT('',(4.709474540586,0.156778669734));
#3049 = CARTESIAN_POINT('',(4.531232453589,0.168940451433));
#3050 = CARTESIAN_POINT('',(4.352169174254,0.174911953442));
#3051 = CARTESIAN_POINT('',(4.172971484099,0.174329444123));
#3052 = CARTESIAN_POINT('',(3.994246868096,0.167441009826));
#3053 = CARTESIAN_POINT('',(3.816333595813,0.154922319871));
#3054 = ( GEOMETRIC_REPRESENTATION_CONTEXT(2) 
PARAMETRIC_REPRESENTATION_CONTEXT() REPRESENTATION_CONTEXT('2D SPACE',''
  ) );
#3055 = ORIENTED_EDGE('',*,*,#3056,.F.);
#3056 = EDGE_CURVE('',#3057,#3014,#3059,.T.);
#3057 = VERTEX_POINT('',#3058);
#3058 = CARTESIAN_POINT('',(206.79368693495,-30.83355707432,
    36.044227222728));
#3059 = SURFACE_CURVE('',#3060,(#3065,#3078),.PCURVE_S1.);
#3060 = ELLIPSE('',#3061,1.803214739365,1.8);
#3061 = AXIS2_PLACEMENT_3D('',#3062,#3063,#3064);
#3062 = CARTESIAN_POINT('',(206.8,-32.6,36.4));
#3063 = DIRECTION('',(3.797259905737E-02,0.197429590861,0.979581358731)
  );
#3064 = DIRECTION('',(0.635074788102,-0.761622725304,0.128883039292));
#3065 = PCURVE('',#2805,#3066);
#3066 = DEFINITIONAL_REPRESENTATION('',(#3067),#3077);
#3067 = B_SPLINE_CURVE_WITH_KNOTS('',8,(#3068,#3069,#3070,#3071,#3072,
    #3073,#3074,#3075,#3076),.UNSPECIFIED.,.F.,.F.,(9,9),(2.455525353231
    ,4.712389005401),.PIECEWISE_BEZIER_KNOTS.);
#3068 = CARTESIAN_POINT('',(-1.010747041619E-12,21.022174485841));
#3069 = CARTESIAN_POINT('',(0.28210795652,21.002940054327));
#3070 = CARTESIAN_POINT('',(0.564215913041,20.991279897822));
#3071 = CARTESIAN_POINT('',(0.846323869564,20.989526088459));
#3072 = CARTESIAN_POINT('',(1.128431826072,20.99872732439));
#3073 = CARTESIAN_POINT('',(1.410539782606,21.01804556181));
#3074 = CARTESIAN_POINT('',(1.692647739126,21.044725042644));
#3075 = CARTESIAN_POINT('',(1.974755695648,21.075087332069));
#3076 = CARTESIAN_POINT('',(2.256863652169,21.105449535929));
#3077 = ( GEOMETRIC_REPRESENTATION_CONTEXT(2) 
PARAMETRIC_REPRESENTATION_CONTEXT() REPRESENTATION_CONTEXT('2D SPACE',''
  ) );
#3078 = PCURVE('',#3079,#3084);
#3079 = CYLINDRICAL_SURFACE('',#3080,1.8);
#3080 = AXIS2_PLACEMENT_3D('',#3081,#3082,#3083);
#3081 = CARTESIAN_POINT('',(206.8,-32.6,36.4));
#3082 = DIRECTION('',(0.,0.242535625036,0.970142500145));
#3083 = DIRECTION('',(0.,0.970142500145,-0.242535625036));
#3084 = DEFINITIONAL_REPRESENTATION('',(#3085),#3095);
#3085 = B_SPLINE_CURVE_WITH_KNOTS('',8,(#3086,#3087,#3088,#3089,#3090,
    #3091,#3092,#3093,#3094),.UNSPECIFIED.,.F.,.F.,(9,9),(2.455525353231
    ,4.712389005401),.PIECEWISE_BEZIER_KNOTS.);
#3086 = CARTESIAN_POINT('',(3.507265551057E-03,8.327504739563E-02));
#3087 = CARTESIAN_POINT('',(0.285615222072,0.10250947891));
#3088 = CARTESIAN_POINT('',(0.567723178593,0.114169635376));
#3089 = CARTESIAN_POINT('',(0.849831135115,0.115923444888));
#3090 = CARTESIAN_POINT('',(1.131939091638,0.10672220863));
#3091 = CARTESIAN_POINT('',(1.414047048157,8.740397152718E-02));
#3092 = CARTESIAN_POINT('',(1.696155004678,6.072449056263E-02));
#3093 = CARTESIAN_POINT('',(1.9782629612,3.036220116802E-02));
#3094 = CARTESIAN_POINT('',(2.260370917721,-2.692420508765E-09));
#3095 = ( GEOMETRIC_REPRESENTATION_CONTEXT(2) 
PARAMETRIC_REPRESENTATION_CONTEXT() REPRESENTATION_CONTEXT('2D SPACE',''
  ) );
#3096 = ORIENTED_EDGE('',*,*,#3097,.F.);
#3097 = EDGE_CURVE('',#2903,#3057,#3098,.T.);
#3098 = SEAM_CURVE('',#3099,(#3103,#3110),.PCURVE_S1.);
#3099 = LINE('',#3100,#3101);
#3100 = CARTESIAN_POINT('',(205.2,-34.02093094422,15.326297068343));
#3101 = VECTOR('',#3102,1.);
#3102 = DIRECTION('',(7.580980435789E-02,0.151619608716,0.985527456653)
  );
#3103 = PCURVE('',#2805,#3104);
#3104 = DEFINITIONAL_REPRESENTATION('',(#3105),#3109);
#3105 = LINE('',#3106,#3107);
#3106 = CARTESIAN_POINT('',(0.,-0.));
#3107 = VECTOR('',#3108,1.);
#3108 = DIRECTION('',(0.,1.));
#3109 = ( GEOMETRIC_REPRESENTATION_CONTEXT(2) 
PARAMETRIC_REPRESENTATION_CONTEXT() REPRESENTATION_CONTEXT('2D SPACE',''
  ) );
#3110 = PCURVE('',#2805,#3111);
#3111 = DEFINITIONAL_REPRESENTATION('',(#3112),#3116);
#3112 = LINE('',#3113,#3114);
#3113 = CARTESIAN_POINT('',(6.28318530718,-0.));
#3114 = VECTOR('',#3115,1.);
#3115 = DIRECTION('',(0.,1.));
#3116 = ( GEOMETRIC_REPRESENTATION_CONTEXT(2) 
PARAMETRIC_REPRESENTATION_CONTEXT() REPRESENTATION_CONTEXT('2D SPACE',''
  ) );
#3117 = ORIENTED_EDGE('',*,*,#2902,.T.);
#3118 = ORIENTED_EDGE('',*,*,#2783,.T.);
#3119 = ORIENTED_EDGE('',*,*,#2974,.F.);
#3120 = ORIENTED_EDGE('',*,*,#2936,.T.);
#3121 = ORIENTED_EDGE('',*,*,#3097,.T.);
#3122 = ORIENTED_EDGE('',*,*,#3123,.F.);
#3123 = EDGE_CURVE('',#3124,#3057,#3126,.T.);
#3124 = VERTEX_POINT('',#3125);
#3125 = CARTESIAN_POINT('',(206.8,-30.83360445553,36.043992051767));
#3126 = SURFACE_CURVE('',#3127,(#3132,#3142),.PCURVE_S1.);
#3127 = ELLIPSE('',#3128,1.803214739365,1.8);
#3128 = AXIS2_PLACEMENT_3D('',#3129,#3130,#3131);
#3129 = CARTESIAN_POINT('',(206.8,-32.6,36.4));
#3130 = DIRECTION('',(3.797259905737E-02,0.197429590861,0.979581358731)
  );
#3131 = DIRECTION('',(0.635074788102,-0.761622725304,0.128883039292));
#3132 = PCURVE('',#2805,#3133);
#3133 = DEFINITIONAL_REPRESENTATION('',(#3134),#3141);
#3134 = B_SPLINE_CURVE_WITH_KNOTS('',5,(#3135,#3136,#3137,#3138,#3139,
    #3140),.UNSPECIFIED.,.F.,.F.,(6,6),(2.45201808768,2.455525353231),
  .PIECEWISE_BEZIER_KNOTS.);
#3135 = CARTESIAN_POINT('',(6.279678041627,21.022414126762));
#3136 = CARTESIAN_POINT('',(6.280379494738,21.022366096338));
#3137 = CARTESIAN_POINT('',(6.281080947848,21.022318116985));
#3138 = CARTESIAN_POINT('',(6.281782400958,21.022270188752));
#3139 = CARTESIAN_POINT('',(6.282483854068,21.022222311687));
#3140 = CARTESIAN_POINT('',(6.283185307179,21.022174485841));
#3141 = ( GEOMETRIC_REPRESENTATION_CONTEXT(2) 
PARAMETRIC_REPRESENTATION_CONTEXT() REPRESENTATION_CONTEXT('2D SPACE',''
  ) );
#3142 = PCURVE('',#3079,#3143);
#3143 = DEFINITIONAL_REPRESENTATION('',(#3144),#3151);
#3144 = B_SPLINE_CURVE_WITH_KNOTS('',5,(#3145,#3146,#3147,#3148,#3149,
    #3150),.UNSPECIFIED.,.F.,.F.,(6,6),(2.45201808768,2.455525353231),
  .PIECEWISE_BEZIER_KNOTS.);
#3145 = CARTESIAN_POINT('',(-1.261213355974E-13,8.30354064747E-02));
#3146 = CARTESIAN_POINT('',(7.014531101087E-04,8.308343689837E-02));
#3147 = CARTESIAN_POINT('',(1.402906220399E-03,8.313141625146E-02));
#3148 = CARTESIAN_POINT('',(2.104359330543E-03,8.317934448482E-02));
#3149 = CARTESIAN_POINT('',(2.805812440822E-03,8.322722154919E-02));
#3150 = CARTESIAN_POINT('',(3.507265551057E-03,8.327504739563E-02));
#3151 = ( GEOMETRIC_REPRESENTATION_CONTEXT(2) 
PARAMETRIC_REPRESENTATION_CONTEXT() REPRESENTATION_CONTEXT('2D SPACE',''
  ) );
#3152 = ORIENTED_EDGE('',*,*,#3153,.F.);
#3153 = EDGE_CURVE('',#3012,#3124,#3154,.T.);
#3154 = SURFACE_CURVE('',#3155,(#3160,#3170),.PCURVE_S1.);
#3155 = ELLIPSE('',#3156,1.803214739365,1.8);
#3156 = AXIS2_PLACEMENT_3D('',#3157,#3158,#3159);
#3157 = CARTESIAN_POINT('',(206.8,-32.6,36.4));
#3158 = DIRECTION('',(3.797259905737E-02,0.197429590861,0.979581358731)
  );
#3159 = DIRECTION('',(0.635074788102,-0.761622725304,0.128883039292));
#3160 = PCURVE('',#2805,#3161);
#3161 = DEFINITIONAL_REPRESENTATION('',(#3162),#3169);
#3162 = B_SPLINE_CURVE_WITH_KNOTS('',5,(#3163,#3164,#3165,#3166,#3167,
    #3168),.UNSPECIFIED.,.F.,.F.,(6,6),(1.570796326795,2.45201808768),
  .PIECEWISE_BEZIER_KNOTS.);
#3163 = CARTESIAN_POINT('',(5.398456280742,21.105449533237));
#3164 = CARTESIAN_POINT('',(5.574700632919,21.086481025521));
#3165 = CARTESIAN_POINT('',(5.750944985096,21.067511939313));
#3166 = CARTESIAN_POINT('',(5.927189337273,21.049773347876));
#3167 = CARTESIAN_POINT('',(6.10343368945,21.034482062283));
#3168 = CARTESIAN_POINT('',(6.279678041627,21.022414126762));
#3169 = ( GEOMETRIC_REPRESENTATION_CONTEXT(2) 
PARAMETRIC_REPRESENTATION_CONTEXT() REPRESENTATION_CONTEXT('2D SPACE',''
  ) );
#3170 = PCURVE('',#3079,#3171);
#3171 = DEFINITIONAL_REPRESENTATION('',(#3172),#3179);
#3172 = B_SPLINE_CURVE_WITH_KNOTS('',5,(#3173,#3174,#3175,#3176,#3177,
    #3178),.UNSPECIFIED.,.F.,.F.,(6,6),(1.570796326795,2.45201808768),
  .PIECEWISE_BEZIER_KNOTS.);
#3173 = CARTESIAN_POINT('',(5.401963546294,0.));
#3174 = CARTESIAN_POINT('',(5.578207898471,1.896850771611E-02));
#3175 = CARTESIAN_POINT('',(5.754452250648,3.793759392341E-02));
#3176 = CARTESIAN_POINT('',(5.930696602825,5.567618536111E-02));
#3177 = CARTESIAN_POINT('',(6.106940955002,7.096747095413E-02));
#3178 = CARTESIAN_POINT('',(6.283185307179,8.30354064747E-02));
#3179 = ( GEOMETRIC_REPRESENTATION_CONTEXT(2) 
PARAMETRIC_REPRESENTATION_CONTEXT() REPRESENTATION_CONTEXT('2D SPACE',''
  ) );
#3180 = ADVANCED_FACE('',(#3181),#3030,.T.);
#3181 = FACE_BOUND('',#3182,.T.);
#3182 = EDGE_LOOP('',(#3183,#3184));
#3183 = ORIENTED_EDGE('',*,*,#3011,.F.);
#3184 = ORIENTED_EDGE('',*,*,#3185,.T.);
#3185 = EDGE_CURVE('',#3012,#3014,#3186,.T.);
#3186 = SURFACE_CURVE('',#3187,(#3192,#3217),.PCURVE_S1.);
#3187 = CIRCLE('',#3188,1.8);
#3188 = AXIS2_PLACEMENT_3D('',#3189,#3190,#3191);
#3189 = CARTESIAN_POINT('',(206.8,-32.6,36.4));
#3190 = DIRECTION('',(-9.853229343548E-16,-0.242535625036,
    -0.970142500145));
#3191 = DIRECTION('',(0.77151674981,0.617213399848,-0.154303349962));
#3192 = PCURVE('',#3030,#3193);
#3193 = DEFINITIONAL_REPRESENTATION('',(#3194),#3216);
#3194 = B_SPLINE_CURVE_WITH_KNOTS('',8,(#3195,#3196,#3197,#3198,#3199,
    #3200,#3201,#3202,#3203,#3204,#3205,#3206,#3207,#3208,#3209,#3210,
    #3211,#3212,#3213,#3214,#3215),.UNSPECIFIED.,.F.,.F.,(9,5,7,9),(0.,
    0.68957456591,1.91558360975,3.14159265359),.UNSPECIFIED.);
#3195 = CARTESIAN_POINT('',(6.957926249403,-0.154922319871));
#3196 = CARTESIAN_POINT('',(6.872263460003,-0.138597632875));
#3197 = CARTESIAN_POINT('',(6.787099810767,-0.120994374132));
#3198 = CARTESIAN_POINT('',(6.702406509268,-0.102303857958));
#3199 = CARTESIAN_POINT('',(6.618123616725,-8.273214235507E-02));
#3200 = CARTESIAN_POINT('',(6.534166216486,-6.249458389528E-02));
#3201 = CARTESIAN_POINT('',(6.301558485118,-5.03895429075E-03));
#3202 = CARTESIAN_POINT('',(6.069809817328,5.413685973961E-02));
#3203 = CARTESIAN_POINT('',(5.836532029573,0.110253048449));
#3204 = CARTESIAN_POINT('',(5.685981546719,0.143669654817));
#3205 = CARTESIAN_POINT('',(5.533701470113,0.17336858689));
#3206 = CARTESIAN_POINT('',(5.379542683597,0.198236899713));
#3207 = CARTESIAN_POINT('',(5.223779507217,0.217388338667));
#3208 = CARTESIAN_POINT('',(4.91008402571,0.243195541369));
#3209 = CARTESIAN_POINT('',(4.752151538843,0.2498507472));
#3210 = CARTESIAN_POINT('',(4.5936558591,0.249724222272));
#3211 = CARTESIAN_POINT('',(4.4353577851,0.242621545203));
#3212 = CARTESIAN_POINT('',(4.278135333352,0.228794402753));
#3213 = CARTESIAN_POINT('',(4.122514949551,0.208928919807));
#3214 = CARTESIAN_POINT('',(3.968635260806,0.183946322327));
#3215 = CARTESIAN_POINT('',(3.816333595813,0.154922319871));
#3216 = ( GEOMETRIC_REPRESENTATION_CONTEXT(2) 
PARAMETRIC_REPRESENTATION_CONTEXT() REPRESENTATION_CONTEXT('2D SPACE',''
  ) );
#3217 = PCURVE('',#3079,#3218);
#3218 = DEFINITIONAL_REPRESENTATION('',(#3219),#3223);
#3219 = LINE('',#3220,#3221);
#3220 = CARTESIAN_POINT('',(5.401963546294,0.));
#3221 = VECTOR('',#3222,1.);
#3222 = DIRECTION('',(-1.,-0.));
#3223 = ( GEOMETRIC_REPRESENTATION_CONTEXT(2) 
PARAMETRIC_REPRESENTATION_CONTEXT() REPRESENTATION_CONTEXT('2D SPACE',''
  ) );
#3224 = ADVANCED_FACE('',(#3225),#3079,.T.);
#3225 = FACE_BOUND('',#3226,.T.);
#3226 = EDGE_LOOP('',(#3227,#3278,#3317,#3338,#3339,#3340,#3341,#3342,
    #3343));
#3227 = ORIENTED_EDGE('',*,*,#3228,.F.);
#3228 = EDGE_CURVE('',#3229,#3231,#3233,.T.);
#3229 = VERTEX_POINT('',#3230);
#3230 = CARTESIAN_POINT('',(205.0068142207,-27.64819591286,
    55.562048978216));
#3231 = VERTEX_POINT('',#3232);
#3232 = CARTESIAN_POINT('',(208.59318577929,-27.95180408713,
    55.637951021784));
#3233 = SURFACE_CURVE('',#3234,(#3239,#3246),.PCURVE_S1.);
#3234 = CIRCLE('',#3235,1.8);
#3235 = AXIS2_PLACEMENT_3D('',#3236,#3237,#3238);
#3236 = CARTESIAN_POINT('',(206.8,-27.8,55.6));
#3237 = DIRECTION('',(0.,0.242535625036,0.970142500145));
#3238 = DIRECTION('',(0.,0.970142500145,-0.242535625036));
#3239 = PCURVE('',#3079,#3240);
#3240 = DEFINITIONAL_REPRESENTATION('',(#3241),#3245);
#3241 = LINE('',#3242,#3243);
#3242 = CARTESIAN_POINT('',(0.,19.790907002965));
#3243 = VECTOR('',#3244,1.);
#3244 = DIRECTION('',(1.,0.));
#3245 = ( GEOMETRIC_REPRESENTATION_CONTEXT(2) 
PARAMETRIC_REPRESENTATION_CONTEXT() REPRESENTATION_CONTEXT('2D SPACE',''
  ) );
#3246 = PCURVE('',#3247,#3252);
#3247 = SPHERICAL_SURFACE('',#3248,1.8);
#3248 = AXIS2_PLACEMENT_3D('',#3249,#3250,#3251);
#3249 = CARTESIAN_POINT('',(206.8,-27.8,55.6));
#3250 = DIRECTION('',(0.,0.,1.));
#3251 = DIRECTION('',(1.,0.,-0.));
#3252 = DEFINITIONAL_REPRESENTATION('',(#3253),#3277);
#3253 = B_SPLINE_CURVE_WITH_KNOTS('',8,(#3254,#3255,#3256,#3257,#3258,
    #3259,#3260,#3261,#3262,#3263,#3264,#3265,#3266,#3267,#3268,#3269,
    #3270,#3271,#3272,#3273,#3274,#3275,#3276),.UNSPECIFIED.,.F.,.F.,(9,
    7,7,9),(1.48375531184,3.054551638634,3.839949802032,4.625347965429),
  .UNSPECIFIED.);
#3254 = CARTESIAN_POINT('',(3.057137937343,-2.10854633779E-02));
#3255 = CARTESIAN_POINT('',(3.247709686833,2.636656270353E-02));
#3256 = CARTESIAN_POINT('',(3.437844503043,7.469343513955E-02));
#3257 = CARTESIAN_POINT('',(3.628851392188,0.121267551709));
#3258 = CARTESIAN_POINT('',(3.822114351944,0.163421696802));
#3259 = CARTESIAN_POINT('',(4.018717470068,0.198634867535));
#3260 = CARTESIAN_POINT('',(4.218581953496,0.224534068993));
#3261 = CARTESIAN_POINT('',(4.420386364935,0.239766139873));
#3262 = CARTESIAN_POINT('',(4.723831754584,0.246165463135));
#3263 = CARTESIAN_POINT('',(4.825102740819,0.245557287608));
#3264 = CARTESIAN_POINT('',(4.926315199615,0.242170011744));
#3265 = CARTESIAN_POINT('',(5.027271952416,0.23603415723));
#3266 = CARTESIAN_POINT('',(5.127795324709,0.227248494976));
#3267 = CARTESIAN_POINT('',(5.227751384833,0.215974274091));
#3268 = CARTESIAN_POINT('',(5.327062789471,0.202423769325));
#3269 = CARTESIAN_POINT('',(5.524357682167,0.171262524684));
#3270 = CARTESIAN_POINT('',(5.62234115366,0.153651946426));
#3271 = CARTESIAN_POINT('',(5.719639641037,0.134258391881));
#3272 = CARTESIAN_POINT('',(5.816290656089,0.113365146743));
#3273 = CARTESIAN_POINT('',(5.912383786501,9.127870512702E-02));
#3274 = CARTESIAN_POINT('',(6.008049716911,6.831878781781E-02));
#3275 = CARTESIAN_POINT('',(6.103444716188,4.481147641861E-02));
#3276 = CARTESIAN_POINT('',(6.198730590933,2.10854633779E-02));
#3277 = ( GEOMETRIC_REPRESENTATION_CONTEXT(2) 
PARAMETRIC_REPRESENTATION_CONTEXT() REPRESENTATION_CONTEXT('2D SPACE',''
  ) );
#3278 = ORIENTED_EDGE('',*,*,#3279,.F.);
#3279 = EDGE_CURVE('',#3280,#3229,#3282,.T.);
#3280 = VERTEX_POINT('',#3281);
#3281 = CARTESIAN_POINT('',(206.8,-26.18043611956,54.656665395619));
#3282 = SURFACE_CURVE('',#3283,(#3288,#3300),.PCURVE_S1.);
#3283 = ELLIPSE('',#3284,1.874818686073,1.8);
#3284 = AXIS2_PLACEMENT_3D('',#3285,#3286,#3287);
#3285 = CARTESIAN_POINT('',(206.8,-27.8,55.6));
#3286 = DIRECTION('',(2.43130336942E-02,0.503160444998,0.863850937941));
#3287 = DIRECTION('',(-8.346197559166E-02,-0.86006806271,0.503306095867)
  );
#3288 = PCURVE('',#3079,#3289);
#3289 = DEFINITIONAL_REPRESENTATION('',(#3290),#3299);
#3290 = B_SPLINE_CURVE_WITH_KNOTS('',7,(#3291,#3292,#3293,#3294,#3295,
    #3296,#3297,#3298),.UNSPECIFIED.,.F.,.F.,(8,8),(3.228633668545,
    4.712388993635),.PIECEWISE_BEZIER_KNOTS.);
#3291 = CARTESIAN_POINT('',(-7.904787935331E-14,19.26853994943));
#3292 = CARTESIAN_POINT('',(0.211965046441,19.278201852494));
#3293 = CARTESIAN_POINT('',(0.423930092883,19.315245194352));
#3294 = CARTESIAN_POINT('',(0.635895139324,19.378958222727));
#3295 = CARTESIAN_POINT('',(0.847860185766,19.465628885368));
#3296 = CARTESIAN_POINT('',(1.059825232207,19.568618672351));
#3297 = CARTESIAN_POINT('',(1.271790278649,19.67976269655));
#3298 = CARTESIAN_POINT('',(1.48375532509,19.790907009913));
#3299 = ( GEOMETRIC_REPRESENTATION_CONTEXT(2) 
PARAMETRIC_REPRESENTATION_CONTEXT() REPRESENTATION_CONTEXT('2D SPACE',''
  ) );
#3300 = PCURVE('',#3301,#3306);
#3301 = CYLINDRICAL_SURFACE('',#3302,1.8);
#3302 = AXIS2_PLACEMENT_3D('',#3303,#3304,#3305);
#3303 = CARTESIAN_POINT('',(206.8,-27.8,55.6));
#3304 = DIRECTION('',(4.668553922003E-02,0.723625857911,0.688611703496)
  );
#3305 = DIRECTION('',(-3.469446951954E-18,-0.689363360648,0.724415734918
    ));
#3306 = DEFINITIONAL_REPRESENTATION('',(#3307),#3316);
#3307 = B_SPLINE_CURVE_WITH_KNOTS('',7,(#3308,#3309,#3310,#3311,#3312,
    #3313,#3314,#3315),.UNSPECIFIED.,.F.,.F.,(8,8),(3.228633668545,
    4.712388993635),.PIECEWISE_BEZIER_KNOTS.);
#3308 = CARTESIAN_POINT('',(3.155156184626,0.522367053535));
#3309 = CARTESIAN_POINT('',(3.367121231067,0.512705150471));
#3310 = CARTESIAN_POINT('',(3.579086277508,0.475661808615));
#3311 = CARTESIAN_POINT('',(3.791051323952,0.411948780236));
#3312 = CARTESIAN_POINT('',(4.003016370391,0.325278117597));
#3313 = CARTESIAN_POINT('',(4.214981416834,0.222288330613));
#3314 = CARTESIAN_POINT('',(4.426946463274,0.111144306415));
#3315 = CARTESIAN_POINT('',(4.638911509716,-6.947857400519E-09));
#3316 = ( GEOMETRIC_REPRESENTATION_CONTEXT(2) 
PARAMETRIC_REPRESENTATION_CONTEXT() REPRESENTATION_CONTEXT('2D SPACE',''
  ) );
#3317 = ORIENTED_EDGE('',*,*,#3318,.F.);
#3318 = EDGE_CURVE('',#3124,#3280,#3319,.T.);
#3319 = SEAM_CURVE('',#3320,(#3324,#3331),.PCURVE_S1.);
#3320 = LINE('',#3321,#3322);
#3321 = CARTESIAN_POINT('',(206.8,-30.85374349973,35.963435874935));
#3322 = VECTOR('',#3323,1.);
#3323 = DIRECTION('',(0.,0.242535625036,0.970142500145));
#3324 = PCURVE('',#3079,#3325);
#3325 = DEFINITIONAL_REPRESENTATION('',(#3326),#3330);
#3326 = LINE('',#3327,#3328);
#3327 = CARTESIAN_POINT('',(0.,-0.));
#3328 = VECTOR('',#3329,1.);
#3329 = DIRECTION('',(0.,1.));
#3330 = ( GEOMETRIC_REPRESENTATION_CONTEXT(2) 
PARAMETRIC_REPRESENTATION_CONTEXT() REPRESENTATION_CONTEXT('2D SPACE',''
  ) );
#3331 = PCURVE('',#3079,#3332);
#3332 = DEFINITIONAL_REPRESENTATION('',(#3333),#3337);
#3333 = LINE('',#3334,#3335);
#3334 = CARTESIAN_POINT('',(6.28318530718,-0.));
#3335 = VECTOR('',#3336,1.);
#3336 = DIRECTION('',(0.,1.));
#3337 = ( GEOMETRIC_REPRESENTATION_CONTEXT(2) 
PARAMETRIC_REPRESENTATION_CONTEXT() REPRESENTATION_CONTEXT('2D SPACE',''
  ) );
#3338 = ORIENTED_EDGE('',*,*,#3123,.T.);
#3339 = ORIENTED_EDGE('',*,*,#3056,.T.);
#3340 = ORIENTED_EDGE('',*,*,#3185,.F.);
#3341 = ORIENTED_EDGE('',*,*,#3153,.T.);
#3342 = ORIENTED_EDGE('',*,*,#3318,.T.);
#3343 = ORIENTED_EDGE('',*,*,#3344,.F.);
#3344 = EDGE_CURVE('',#3231,#3280,#3345,.T.);
#3345 = SURFACE_CURVE('',#3346,(#3351,#3363),.PCURVE_S1.);
#3346 = ELLIPSE('',#3347,1.874818686073,1.8);
#3347 = AXIS2_PLACEMENT_3D('',#3348,#3349,#3350);
#3348 = CARTESIAN_POINT('',(206.8,-27.8,55.6));
#3349 = DIRECTION('',(2.43130336942E-02,0.503160444998,0.863850937941));
#3350 = DIRECTION('',(-8.346197559166E-02,-0.86006806271,0.503306095867)
  );
#3351 = PCURVE('',#3079,#3352);
#3352 = DEFINITIONAL_REPRESENTATION('',(#3353),#3362);
#3353 = B_SPLINE_CURVE_WITH_KNOTS('',7,(#3354,#3355,#3356,#3357,#3358,
    #3359,#3360,#3361),.UNSPECIFIED.,.F.,.F.,(8,8),(1.570795754662,
    3.228633668545),.PIECEWISE_BEZIER_KNOTS.);
#3354 = CARTESIAN_POINT('',(4.625347393296,19.790907302964));
#3355 = CARTESIAN_POINT('',(4.862181380994,19.666722908482));
#3356 = CARTESIAN_POINT('',(5.099015368691,19.54253926074));
#3357 = CARTESIAN_POINT('',(5.335849356388,19.42972731466));
#3358 = CARTESIAN_POINT('',(5.572683344088,19.339687046737));
#3359 = CARTESIAN_POINT('',(5.809517331784,19.281132860699));
#3360 = CARTESIAN_POINT('',(6.046351319482,19.257744457108));
#3361 = CARTESIAN_POINT('',(6.28318530718,19.26853994943));
#3362 = ( GEOMETRIC_REPRESENTATION_CONTEXT(2) 
PARAMETRIC_REPRESENTATION_CONTEXT() REPRESENTATION_CONTEXT('2D SPACE',''
  ) );
#3363 = PCURVE('',#3301,#3364);
#3364 = DEFINITIONAL_REPRESENTATION('',(#3365),#3374);
#3365 = B_SPLINE_CURVE_WITH_KNOTS('',7,(#3366,#3367,#3368,#3369,#3370,
    #3371,#3372,#3373),.UNSPECIFIED.,.F.,.F.,(8,8),(1.570795754662,
    3.228633668545),.PIECEWISE_BEZIER_KNOTS.);
#3366 = CARTESIAN_POINT('',(1.497318270743,-2.999990940111E-07));
#3367 = CARTESIAN_POINT('',(1.73415225844,0.124184094482));
#3368 = CARTESIAN_POINT('',(1.970986246138,0.248367742227));
#3369 = CARTESIAN_POINT('',(2.207820233836,0.361179688305));
#3370 = CARTESIAN_POINT('',(2.444654221532,0.451219956231));
#3371 = CARTESIAN_POINT('',(2.681488209231,0.509774142264));
#3372 = CARTESIAN_POINT('',(2.918322196928,0.533162545857));
#3373 = CARTESIAN_POINT('',(3.155156184626,0.522367053535));
#3374 = ( GEOMETRIC_REPRESENTATION_CONTEXT(2) 
PARAMETRIC_REPRESENTATION_CONTEXT() REPRESENTATION_CONTEXT('2D SPACE',''
  ) );
#3375 = ADVANCED_FACE('',(#3376),#3247,.T.);
#3376 = FACE_BOUND('',#3377,.T.);
#3377 = EDGE_LOOP('',(#3378,#3379,#3420));
#3378 = ORIENTED_EDGE('',*,*,#3228,.T.);
#3379 = ORIENTED_EDGE('',*,*,#3380,.F.);
#3380 = EDGE_CURVE('',#3381,#3231,#3383,.T.);
#3381 = VERTEX_POINT('',#3382);
#3382 = CARTESIAN_POINT('',(206.8,-29.04085404916,56.903948322852));
#3383 = SURFACE_CURVE('',#3384,(#3389,#3413),.PCURVE_S1.);
#3384 = CIRCLE('',#3385,1.8);
#3385 = AXIS2_PLACEMENT_3D('',#3386,#3387,#3388);
#3386 = CARTESIAN_POINT('',(206.8,-27.8,55.6));
#3387 = DIRECTION('',(4.668553922003E-02,0.723625857911,0.688611703496)
  );
#3388 = DIRECTION('',(0.,-0.689363360648,0.724415734918));
#3389 = PCURVE('',#3247,#3390);
#3390 = DEFINITIONAL_REPRESENTATION('',(#3391),#3412);
#3391 = B_SPLINE_CURVE_WITH_KNOTS('',7,(#3392,#3393,#3394,#3395,#3396,
    #3397,#3398,#3399,#3400,#3401,#3402,#3403,#3404,#3405,#3406,#3407,
    #3408,#3409,#3410,#3411),.UNSPECIFIED.,.F.,.F.,(8,6,6,8),(0.,
    0.374329710719,0.935824276797,1.497318842875),.UNSPECIFIED.);
#3392 = CARTESIAN_POINT('',(4.712388980385,0.810186473435));
#3393 = CARTESIAN_POINT('',(4.789876946888,0.807689932807));
#3394 = CARTESIAN_POINT('',(4.866890746354,0.801695525503));
#3395 = CARTESIAN_POINT('',(4.942639039028,0.7922511513));
#3396 = CARTESIAN_POINT('',(5.016386970362,0.779516960799));
#3397 = CARTESIAN_POINT('',(5.08762479125,0.763732610347));
#3398 = CARTESIAN_POINT('',(5.156102245491,0.745178411554));
#3399 = CARTESIAN_POINT('',(5.320168443003,0.692558321204));
#3400 = CARTESIAN_POINT('',(5.412195413141,0.655375885729));
#3401 = CARTESIAN_POINT('',(5.497507597483,0.613521692249));
#3402 = CARTESIAN_POINT('',(5.576712043548,0.56794555299));
#3403 = CARTESIAN_POINT('',(5.650688965389,0.519387607794));
#3404 = CARTESIAN_POINT('',(5.72027345109,0.468455055842));
#3405 = CARTESIAN_POINT('',(5.852265114139,0.362835665664));
#3406 = CARTESIAN_POINT('',(5.914671166468,0.308148907244));
#3407 = CARTESIAN_POINT('',(5.974290442769,0.252083346641));
#3408 = CARTESIAN_POINT('',(6.031862464996,0.195030686561));
#3409 = CARTESIAN_POINT('',(6.088051838967,0.137317499353));
#3410 = CARTESIAN_POINT('',(6.143470064544,7.923904276256E-02));
#3411 = CARTESIAN_POINT('',(6.198730590933,2.108546337791E-02));
#3412 = ( GEOMETRIC_REPRESENTATION_CONTEXT(2) 
PARAMETRIC_REPRESENTATION_CONTEXT() REPRESENTATION_CONTEXT('2D SPACE',''
  ) );
#3413 = PCURVE('',#3301,#3414);
#3414 = DEFINITIONAL_REPRESENTATION('',(#3415),#3419);
#3415 = LINE('',#3416,#3417);
#3416 = CARTESIAN_POINT('',(0.,0.));
#3417 = VECTOR('',#3418,1.);
#3418 = DIRECTION('',(1.,0.));
#3419 = ( GEOMETRIC_REPRESENTATION_CONTEXT(2) 
PARAMETRIC_REPRESENTATION_CONTEXT() REPRESENTATION_CONTEXT('2D SPACE',''
  ) );
#3420 = ORIENTED_EDGE('',*,*,#3421,.F.);
#3421 = EDGE_CURVE('',#3229,#3381,#3422,.T.);
#3422 = SURFACE_CURVE('',#3423,(#3428,#3455),.PCURVE_S1.);
#3423 = CIRCLE('',#3424,1.8);
#3424 = AXIS2_PLACEMENT_3D('',#3425,#3426,#3427);
#3425 = CARTESIAN_POINT('',(206.8,-27.8,55.6));
#3426 = DIRECTION('',(4.668553922003E-02,0.723625857911,0.688611703496)
  );
#3427 = DIRECTION('',(0.,-0.689363360648,0.724415734918));
#3428 = PCURVE('',#3247,#3429);
#3429 = DEFINITIONAL_REPRESENTATION('',(#3430),#3454);
#3430 = B_SPLINE_CURVE_WITH_KNOTS('',8,(#3431,#3432,#3433,#3434,#3435,
    #3436,#3437,#3438,#3439,#3440,#3441,#3442,#3443,#3444,#3445,#3446,
    #3447,#3448,#3449,#3450,#3451,#3452,#3453),.UNSPECIFIED.,.F.,.F.,(9,
    7,7,9),(4.638911496465,5.461048401822,5.872116854501,6.28318530718),
  .UNSPECIFIED.);
#3431 = CARTESIAN_POINT('',(3.057137937343,-2.108546337792E-02));
#3432 = CARTESIAN_POINT('',(3.127936046152,5.341913710126E-02));
#3433 = CARTESIAN_POINT('',(3.198479755495,0.128044557219));
#3434 = CARTESIAN_POINT('',(3.269969165236,0.202220630765));
#3435 = CARTESIAN_POINT('',(3.343584388052,0.275390389417));
#3436 = CARTESIAN_POINT('',(3.420606450836,0.34692646238));
#3437 = CARTESIAN_POINT('',(3.502443521252,0.416088652513));
#3438 = CARTESIAN_POINT('',(3.590847044342,0.48187055047));
#3439 = CARTESIAN_POINT('',(3.735649734091,0.57347639058));
#3440 = CARTESIAN_POINT('',(3.785950511739,0.602833986858));
#3441 = CARTESIAN_POINT('',(3.838478484978,0.630846988943));
#3442 = CARTESIAN_POINT('',(3.893419284846,0.657330258597));
#3443 = CARTESIAN_POINT('',(3.950927686196,0.682075696337));
#3444 = CARTESIAN_POINT('',(4.011096390301,0.704855389006));
#3445 = CARTESIAN_POINT('',(4.073916096066,0.725432638354));
#3446 = CARTESIAN_POINT('',(4.204537623669,0.761729102904));
#3447 = CARTESIAN_POINT('',(4.272340308353,0.77744842186));
#3448 = CARTESIAN_POINT('',(4.342475557607,0.790512783599));
#3449 = CARTESIAN_POINT('',(4.414650456713,0.80070756516));
#3450 = CARTESIAN_POINT('',(4.488385939726,0.807849771977));
#3451 = CARTESIAN_POINT('',(4.563047459186,0.811820212783));
#3452 = CARTESIAN_POINT('',(4.637932557658,0.812585342481));
#3453 = CARTESIAN_POINT('',(4.712388980385,0.810186473435));
#3454 = ( GEOMETRIC_REPRESENTATION_CONTEXT(2) 
PARAMETRIC_REPRESENTATION_CONTEXT() REPRESENTATION_CONTEXT('2D SPACE',''
  ) );
#3455 = PCURVE('',#3301,#3456);
#3456 = DEFINITIONAL_REPRESENTATION('',(#3457),#3461);
#3457 = LINE('',#3458,#3459);
#3458 = CARTESIAN_POINT('',(0.,0.));
#3459 = VECTOR('',#3460,1.);
#3460 = DIRECTION('',(1.,0.));
#3461 = ( GEOMETRIC_REPRESENTATION_CONTEXT(2) 
PARAMETRIC_REPRESENTATION_CONTEXT() REPRESENTATION_CONTEXT('2D SPACE',''
  ) );
#3462 = ADVANCED_FACE('',(#3463),#3301,.T.);
#3463 = FACE_BOUND('',#3464,.T.);
#3464 = EDGE_LOOP('',(#3465,#3488,#3551,#3600,#3601,#3602,#3603,#3604));
#3465 = ORIENTED_EDGE('',*,*,#3466,.T.);
#3466 = EDGE_CURVE('',#3381,#3467,#3469,.T.);
#3467 = VERTEX_POINT('',#3468);
#3468 = CARTESIAN_POINT('',(207.,-25.94085404916,59.853948322852));
#3469 = SEAM_CURVE('',#3470,(#3474,#3481),.PCURVE_S1.);
#3470 = LINE('',#3471,#3472);
#3471 = CARTESIAN_POINT('',(206.8,-29.04085404916,56.903948322852));
#3472 = VECTOR('',#3473,1.);
#3473 = DIRECTION('',(4.668553922003E-02,0.723625857911,0.688611703496)
  );
#3474 = PCURVE('',#3301,#3475);
#3475 = DEFINITIONAL_REPRESENTATION('',(#3476),#3480);
#3476 = LINE('',#3477,#3478);
#3477 = CARTESIAN_POINT('',(6.28318530718,-0.));
#3478 = VECTOR('',#3479,1.);
#3479 = DIRECTION('',(0.,1.));
#3480 = ( GEOMETRIC_REPRESENTATION_CONTEXT(2) 
PARAMETRIC_REPRESENTATION_CONTEXT() REPRESENTATION_CONTEXT('2D SPACE',''
  ) );
#3481 = PCURVE('',#3301,#3482);
#3482 = DEFINITIONAL_REPRESENTATION('',(#3483),#3487);
#3483 = LINE('',#3484,#3485);
#3484 = CARTESIAN_POINT('',(0.,-0.));
#3485 = VECTOR('',#3486,1.);
#3486 = DIRECTION('',(0.,1.));
#3487 = ( GEOMETRIC_REPRESENTATION_CONTEXT(2) 
PARAMETRIC_REPRESENTATION_CONTEXT() REPRESENTATION_CONTEXT('2D SPACE',''
  ) );
#3488 = ORIENTED_EDGE('',*,*,#3489,.F.);
#3489 = EDGE_CURVE('',#3490,#3467,#3492,.T.);
#3490 = VERTEX_POINT('',#3491);
#3491 = CARTESIAN_POINT('',(207.,-23.45914595083,57.246051677148));
#3492 = SURFACE_CURVE('',#3493,(#3498,#3505),.PCURVE_S1.);
#3493 = CIRCLE('',#3494,1.8);
#3494 = AXIS2_PLACEMENT_3D('',#3495,#3496,#3497);
#3495 = CARTESIAN_POINT('',(207.,-24.7,58.55));
#3496 = DIRECTION('',(4.668553922003E-02,0.723625857911,0.688611703496)
  );
#3497 = DIRECTION('',(0.,-0.689363360648,0.724415734918));
#3498 = PCURVE('',#3301,#3499);
#3499 = DEFINITIONAL_REPRESENTATION('',(#3500),#3504);
#3500 = LINE('',#3501,#3502);
#3501 = CARTESIAN_POINT('',(0.,4.283981792678));
#3502 = VECTOR('',#3503,1.);
#3503 = DIRECTION('',(1.,0.));
#3504 = ( GEOMETRIC_REPRESENTATION_CONTEXT(2) 
PARAMETRIC_REPRESENTATION_CONTEXT() REPRESENTATION_CONTEXT('2D SPACE',''
  ) );
#3505 = PCURVE('',#3506,#3511);
#3506 = SPHERICAL_SURFACE('',#3507,1.8);
#3507 = AXIS2_PLACEMENT_3D('',#3508,#3509,#3510);
#3508 = CARTESIAN_POINT('',(207.,-24.7,58.55));
#3509 = DIRECTION('',(0.,0.,1.));
#3510 = DIRECTION('',(1.,0.,-0.));
#3511 = DEFINITIONAL_REPRESENTATION('',(#3512),#3550);
#3512 = B_SPLINE_CURVE_WITH_KNOTS('',8,(#3513,#3514,#3515,#3516,#3517,
    #3518,#3519,#3520,#3521,#3522,#3523,#3524,#3525,#3526,#3527,#3528,
    #3529,#3530,#3531,#3532,#3533,#3534,#3535,#3536,#3537,#3538,#3539,
    #3540,#3541,#3542,#3543,#3544,#3545,#3546,#3547,#3548,#3549),
  .UNSPECIFIED.,.F.,.F.,(9,7,7,7,7,9),(3.14159265359,3.534291735289,
    4.221515128261,5.25235021772,5.76776776245,6.28318530718),
  .UNSPECIFIED.);
#3513 = CARTESIAN_POINT('',(1.570796326795,-0.810186473435));
#3514 = CARTESIAN_POINT('',(1.641925523503,-0.807894802387));
#3515 = CARTESIAN_POINT('',(1.712663003111,-0.802715635432));
#3516 = CARTESIAN_POINT('',(1.782439458418,-0.794685086867));
#3517 = CARTESIAN_POINT('',(1.850714715208,-0.783902759206));
#3518 = CARTESIAN_POINT('',(1.917068812803,-0.77052550004));
#3519 = CARTESIAN_POINT('',(1.98123128227,-0.754744450759));
#3520 = CARTESIAN_POINT('',(2.043066735047,-0.736760748172));
#3521 = CARTESIAN_POINT('',(2.206604119101,-0.681800601039));
#3522 = CARTESIAN_POINT('',(2.303424389688,-0.640695393134));
#3523 = CARTESIAN_POINT('',(2.392780496661,-0.594534635361));
#3524 = CARTESIAN_POINT('',(2.475405996833,-0.544386168921));
#3525 = CARTESIAN_POINT('',(2.55237212638,-0.491088733875));
#3526 = CARTESIAN_POINT('',(2.624643629265,-0.435316578751));
#3527 = CARTESIAN_POINT('',(2.693150817351,-0.377618994747));
#3528 = CARTESIAN_POINT('',(2.857108687149,-0.229720747382));
#3529 = CARTESIAN_POINT('',(2.948904386465,-0.137692837358));
#3530 = CARTESIAN_POINT('',(3.036973883027,-4.394225736149E-02));
#3531 = CARTESIAN_POINT('',(3.123756494255,5.040342301504E-02));
#3532 = CARTESIAN_POINT('',(3.211441745347,0.14433539581));
#3533 = CARTESIAN_POINT('',(3.302242723727,0.236808605266));
#3534 = CARTESIAN_POINT('',(3.39891531305,0.326516188965));
#3535 = CARTESIAN_POINT('',(3.557367205895,0.454064072057));
#3536 = CARTESIAN_POINT('',(3.612424657215,0.495411115971));
#3537 = CARTESIAN_POINT('',(3.670108627551,0.535350939458));
#3538 = CARTESIAN_POINT('',(3.730820541266,0.573606972689));
#3539 = CARTESIAN_POINT('',(3.794973708207,0.609858175913));
#3540 = CARTESIAN_POINT('',(3.862953197,0.64372550442));
#3541 = CARTESIAN_POINT('',(3.93502674218,0.67477387116));
#3542 = CARTESIAN_POINT('',(4.087362602162,0.730331001533));
#3543 = CARTESIAN_POINT('',(4.167624952628,0.754839855282));
#3544 = CARTESIAN_POINT('',(4.251985609579,0.775627838204));
#3545 = CARTESIAN_POINT('',(4.340178188413,0.79223124257));
#3546 = CARTESIAN_POINT('',(4.431583971676,0.804205938781));
#3547 = CARTESIAN_POINT('',(4.525000494598,0.811227845643));
#3548 = CARTESIAN_POINT('',(4.619031909705,0.813194291685));
#3549 = CARTESIAN_POINT('',(4.712388980385,0.810186473435));
#3550 = ( GEOMETRIC_REPRESENTATION_CONTEXT(2) 
PARAMETRIC_REPRESENTATION_CONTEXT() REPRESENTATION_CONTEXT('2D SPACE',''
  ) );
#3551 = ORIENTED_EDGE('',*,*,#3552,.F.);
#3552 = EDGE_CURVE('',#3467,#3490,#3553,.T.);
#3553 = SURFACE_CURVE('',#3554,(#3559,#3577),.PCURVE_S1.);
#3554 = ELLIPSE('',#3555,2.488166226866,1.8);
#3555 = AXIS2_PLACEMENT_3D('',#3556,#3557,#3558);
#3556 = CARTESIAN_POINT('',(207.,-24.7,58.55));
#3557 = DIRECTION('',(0.723424335788,0.500139283483,0.475938995573));
#3558 = DIRECTION('',(-0.690403672057,0.524059971867,0.498702231293));
#3559 = PCURVE('',#3301,#3560);
#3560 = DEFINITIONAL_REPRESENTATION('',(#3561),#3576);
#3561 = B_SPLINE_CURVE_WITH_KNOTS('',7,(#3562,#3563,#3564,#3565,#3566,
    #3567,#3568,#3569,#3570,#3571,#3572,#3573,#3574,#3575),
  .UNSPECIFIED.,.F.,.F.,(8,6,8),(1.570796004595,3.141592517501,
    4.712389030406),.UNSPECIFIED.);
#3562 = CARTESIAN_POINT('',(-3.221999929082E-07,4.283982346166));
#3563 = CARTESIAN_POINT('',(0.224399179644,3.898500107942));
#3564 = CARTESIAN_POINT('',(0.448798681487,3.513019402487));
#3565 = CARTESIAN_POINT('',(0.673198183331,3.159232425136));
#3566 = CARTESIAN_POINT('',(0.897597685175,2.868890578153));
#3567 = CARTESIAN_POINT('',(1.121997187018,2.667063588663));
#3568 = CARTESIAN_POINT('',(1.346396688862,2.566142745422));
#3569 = CARTESIAN_POINT('',(1.795195692549,2.566142640502));
#3570 = CARTESIAN_POINT('',(2.019595194393,2.667063378824));
#3571 = CARTESIAN_POINT('',(2.243994696237,2.868890272021));
#3572 = CARTESIAN_POINT('',(2.468394198081,3.159232039978));
#3573 = CARTESIAN_POINT('',(2.692793699924,3.513018962397));
#3574 = CARTESIAN_POINT('',(2.917193201768,3.898499640384));
#3575 = CARTESIAN_POINT('',(3.141592703611,4.283981878608));
#3576 = ( GEOMETRIC_REPRESENTATION_CONTEXT(2) 
PARAMETRIC_REPRESENTATION_CONTEXT() REPRESENTATION_CONTEXT('2D SPACE',''
  ) );
#3577 = PCURVE('',#3578,#3583);
#3578 = CYLINDRICAL_SURFACE('',#3579,1.8);
#3579 = AXIS2_PLACEMENT_3D('',#3580,#3581,#3582);
#3580 = CARTESIAN_POINT('',(207.,-24.7,58.55));
#3581 = DIRECTION('',(1.,0.,0.));
#3582 = DIRECTION('',(-0.,0.,1.));
#3583 = DEFINITIONAL_REPRESENTATION('',(#3584),#3599);
#3584 = B_SPLINE_CURVE_WITH_KNOTS('',7,(#3585,#3586,#3587,#3588,#3589,
    #3590,#3591,#3592,#3593,#3594,#3595,#3596,#3597,#3598),
  .UNSPECIFIED.,.F.,.F.,(8,6,8),(1.570796004595,3.141592517501,
    4.712389030406),.UNSPECIFIED.);
#3585 = CARTESIAN_POINT('',(0.76060953116,-5.534877232094E-07));
#3586 = CARTESIAN_POINT('',(0.985009033004,0.385481684736));
#3587 = CARTESIAN_POINT('',(1.209408534848,0.770962390191));
#3588 = CARTESIAN_POINT('',(1.433808036691,1.124749367544));
#3589 = CARTESIAN_POINT('',(1.658207538535,1.415091214525));
#3590 = CARTESIAN_POINT('',(1.882607040378,1.616918204015));
#3591 = CARTESIAN_POINT('',(2.107006542222,1.717839047257));
#3592 = CARTESIAN_POINT('',(2.55580554591,1.717839152177));
#3593 = CARTESIAN_POINT('',(2.780205047753,1.616918413855));
#3594 = CARTESIAN_POINT('',(3.004604549597,1.415091520658));
#3595 = CARTESIAN_POINT('',(3.229004051441,1.1247497527));
#3596 = CARTESIAN_POINT('',(3.453403553284,0.770962830281));
#3597 = CARTESIAN_POINT('',(3.677803055128,0.385482152295));
#3598 = CARTESIAN_POINT('',(3.902202556972,-8.592917311034E-08));
#3599 = ( GEOMETRIC_REPRESENTATION_CONTEXT(2) 
PARAMETRIC_REPRESENTATION_CONTEXT() REPRESENTATION_CONTEXT('2D SPACE',''
  ) );
#3600 = ORIENTED_EDGE('',*,*,#3466,.F.);
#3601 = ORIENTED_EDGE('',*,*,#3380,.T.);
#3602 = ORIENTED_EDGE('',*,*,#3344,.T.);
#3603 = ORIENTED_EDGE('',*,*,#3279,.T.);
#3604 = ORIENTED_EDGE('',*,*,#3421,.T.);
#3605 = ADVANCED_FACE('',(#3606),#3578,.T.);
#3606 = FACE_BOUND('',#3607,.T.);
#3607 = EDGE_LOOP('',(#3608,#3633,#3662,#3715,#3716,#3738,#3739));
#3608 = ORIENTED_EDGE('',*,*,#3609,.T.);
#3609 = EDGE_CURVE('',#3610,#3612,#3614,.T.);
#3610 = VERTEX_POINT('',#3611);
#3611 = CARTESIAN_POINT('',(207.,-24.7,60.35));
#3612 = VERTEX_POINT('',#3613);
#3613 = CARTESIAN_POINT('',(229.3,-24.7,60.35));
#3614 = SEAM_CURVE('',#3615,(#3619,#3626),.PCURVE_S1.);
#3615 = LINE('',#3616,#3617);
#3616 = CARTESIAN_POINT('',(207.,-24.7,60.35));
#3617 = VECTOR('',#3618,1.);
#3618 = DIRECTION('',(1.,0.,0.));
#3619 = PCURVE('',#3578,#3620);
#3620 = DEFINITIONAL_REPRESENTATION('',(#3621),#3625);
#3621 = LINE('',#3622,#3623);
#3622 = CARTESIAN_POINT('',(6.28318530718,-0.));
#3623 = VECTOR('',#3624,1.);
#3624 = DIRECTION('',(0.,1.));
#3625 = ( GEOMETRIC_REPRESENTATION_CONTEXT(2) 
PARAMETRIC_REPRESENTATION_CONTEXT() REPRESENTATION_CONTEXT('2D SPACE',''
  ) );
#3626 = PCURVE('',#3578,#3627);
#3627 = DEFINITIONAL_REPRESENTATION('',(#3628),#3632);
#3628 = LINE('',#3629,#3630);
#3629 = CARTESIAN_POINT('',(0.,-0.));
#3630 = VECTOR('',#3631,1.);
#3631 = DIRECTION('',(0.,1.));
#3632 = ( GEOMETRIC_REPRESENTATION_CONTEXT(2) 
PARAMETRIC_REPRESENTATION_CONTEXT() REPRESENTATION_CONTEXT('2D SPACE',''
  ) );
#3633 = ORIENTED_EDGE('',*,*,#3634,.F.);
#3634 = EDGE_CURVE('',#3635,#3612,#3637,.T.);
#3635 = VERTEX_POINT('',#3636);
#3636 = CARTESIAN_POINT('',(229.3,-24.7,56.75));
#3637 = SURFACE_CURVE('',#3638,(#3643,#3650),.PCURVE_S1.);
#3638 = CIRCLE('',#3639,1.8);
#3639 = AXIS2_PLACEMENT_3D('',#3640,#3641,#3642);
#3640 = CARTESIAN_POINT('',(229.3,-24.7,58.55));
#3641 = DIRECTION('',(1.,0.,0.));
#3642 = DIRECTION('',(-0.,0.,1.));
#3643 = PCURVE('',#3578,#3644);
#3644 = DEFINITIONAL_REPRESENTATION('',(#3645),#3649);
#3645 = LINE('',#3646,#3647);
#3646 = CARTESIAN_POINT('',(0.,22.3));
#3647 = VECTOR('',#3648,1.);
#3648 = DIRECTION('',(1.,0.));
#3649 = ( GEOMETRIC_REPRESENTATION_CONTEXT(2) 
PARAMETRIC_REPRESENTATION_CONTEXT() REPRESENTATION_CONTEXT('2D SPACE',''
  ) );
#3650 = PCURVE('',#3651,#3656);
#3651 = SPHERICAL_SURFACE('',#3652,1.8);
#3652 = AXIS2_PLACEMENT_3D('',#3653,#3654,#3655);
#3653 = CARTESIAN_POINT('',(229.3,-24.7,58.55));
#3654 = DIRECTION('',(0.,0.,1.));
#3655 = DIRECTION('',(1.,0.,-0.));
#3656 = DEFINITIONAL_REPRESENTATION('',(#3657),#3661);
#3657 = LINE('',#3658,#3659);
#3658 = CARTESIAN_POINT('',(1.570796326795,-4.712388980385));
#3659 = VECTOR('',#3660,1.);
#3660 = DIRECTION('',(-0.,1.));
#3661 = ( GEOMETRIC_REPRESENTATION_CONTEXT(2) 
PARAMETRIC_REPRESENTATION_CONTEXT() REPRESENTATION_CONTEXT('2D SPACE',''
  ) );
#3662 = ORIENTED_EDGE('',*,*,#3663,.F.);
#3663 = EDGE_CURVE('',#3612,#3635,#3664,.T.);
#3664 = SURFACE_CURVE('',#3665,(#3670,#3690),.PCURVE_S1.);
#3665 = ELLIPSE('',#3666,2.545584412272,1.8);
#3666 = AXIS2_PLACEMENT_3D('',#3667,#3668,#3669);
#3667 = CARTESIAN_POINT('',(229.3,-24.7,58.55));
#3668 = DIRECTION('',(0.707106781187,-0.707106781187,0.));
#3669 = DIRECTION('',(0.707106781187,0.707106781187,0.));
#3670 = PCURVE('',#3578,#3671);
#3671 = DEFINITIONAL_REPRESENTATION('',(#3672),#3689);
#3672 = B_SPLINE_CURVE_WITH_KNOTS('',8,(#3673,#3674,#3675,#3676,#3677,
    #3678,#3679,#3680,#3681,#3682,#3683,#3684,#3685,#3686,#3687,#3688),
  .UNSPECIFIED.,.F.,.F.,(9,7,9),(1.5707970583,3.141593019342,
    4.712388980385),.UNSPECIFIED.);
#3673 = CARTESIAN_POINT('',(7.315053570286E-07,22.29999868329));
#3674 = CARTESIAN_POINT('',(0.196350226636,21.946569592056));
#3675 = CARTESIAN_POINT('',(0.392699721765,21.593140474879));
#3676 = CARTESIAN_POINT('',(0.589049216899,21.260475219606));
#3677 = CARTESIAN_POINT('',(0.785398712022,20.969333546556));
#3678 = CARTESIAN_POINT('',(0.981748207162,20.737927025635));
#3679 = CARTESIAN_POINT('',(1.178097702286,20.579309101275));
#3680 = CARTESIAN_POINT('',(1.374447197417,20.499999870733));
#3681 = CARTESIAN_POINT('',(1.767146187678,20.500000129268));
#3682 = CARTESIAN_POINT('',(1.963495682805,20.579309618366));
#3683 = CARTESIAN_POINT('',(2.159845177935,20.737927786045));
#3684 = CARTESIAN_POINT('',(2.356194673057,20.969334520196));
#3685 = CARTESIAN_POINT('',(2.552544168198,21.260476362193));
#3686 = CARTESIAN_POINT('',(2.748893663327,21.593141733603));
#3687 = CARTESIAN_POINT('',(2.94524315846,21.946570908766));
#3688 = CARTESIAN_POINT('',(3.14159265359,22.3));
#3689 = ( GEOMETRIC_REPRESENTATION_CONTEXT(2) 
PARAMETRIC_REPRESENTATION_CONTEXT() REPRESENTATION_CONTEXT('2D SPACE',''
  ) );
#3690 = PCURVE('',#3691,#3696);
#3691 = CYLINDRICAL_SURFACE('',#3692,1.8);
#3692 = AXIS2_PLACEMENT_3D('',#3693,#3694,#3695);
#3693 = CARTESIAN_POINT('',(229.3,-24.7,58.55));
#3694 = DIRECTION('',(0.,-1.,0.));
#3695 = DIRECTION('',(0.,-0.,-1.));
#3696 = DEFINITIONAL_REPRESENTATION('',(#3697),#3714);
#3697 = B_SPLINE_CURVE_WITH_KNOTS('',8,(#3698,#3699,#3700,#3701,#3702,
    #3703,#3704,#3705,#3706,#3707,#3708,#3709,#3710,#3711,#3712,#3713),
  .UNSPECIFIED.,.F.,.F.,(9,7,9),(1.5707970583,3.141593019342,
    4.712388980385),.UNSPECIFIED.);
#3698 = CARTESIAN_POINT('',(3.141593385095,1.316709642651E-06));
#3699 = CARTESIAN_POINT('',(3.337942880225,0.353430407944));
#3700 = CARTESIAN_POINT('',(3.534292375352,0.706859525076));
#3701 = CARTESIAN_POINT('',(3.730641870505,1.039524780467));
#3702 = CARTESIAN_POINT('',(3.926991365607,1.330666453259));
#3703 = CARTESIAN_POINT('',(4.123340860763,1.56207297442));
#3704 = CARTESIAN_POINT('',(4.319690355875,1.720690898692));
#3705 = CARTESIAN_POINT('',(4.516039851007,1.800000129268));
#3706 = CARTESIAN_POINT('',(4.908738841268,1.799999870732));
#3707 = CARTESIAN_POINT('',(5.105088336399,1.720690381623));
#3708 = CARTESIAN_POINT('',(5.301437831526,1.562072214001));
#3709 = CARTESIAN_POINT('',(5.497787326663,1.330665479872));
#3710 = CARTESIAN_POINT('',(5.694136821789,1.039523637798));
#3711 = CARTESIAN_POINT('',(5.89048631692,0.706858266384));
#3712 = CARTESIAN_POINT('',(6.086835812049,0.353429091234));
#3713 = CARTESIAN_POINT('',(6.28318530718,0.));
#3714 = ( GEOMETRIC_REPRESENTATION_CONTEXT(2) 
PARAMETRIC_REPRESENTATION_CONTEXT() REPRESENTATION_CONTEXT('2D SPACE',''
  ) );
#3715 = ORIENTED_EDGE('',*,*,#3609,.F.);
#3716 = ORIENTED_EDGE('',*,*,#3717,.T.);
#3717 = EDGE_CURVE('',#3610,#3467,#3718,.T.);
#3718 = SURFACE_CURVE('',#3719,(#3724,#3731),.PCURVE_S1.);
#3719 = CIRCLE('',#3720,1.8);
#3720 = AXIS2_PLACEMENT_3D('',#3721,#3722,#3723);
#3721 = CARTESIAN_POINT('',(207.,-24.7,58.55));
#3722 = DIRECTION('',(1.,0.,0.));
#3723 = DIRECTION('',(-0.,0.,1.));
#3724 = PCURVE('',#3578,#3725);
#3725 = DEFINITIONAL_REPRESENTATION('',(#3726),#3730);
#3726 = LINE('',#3727,#3728);
#3727 = CARTESIAN_POINT('',(0.,0.));
#3728 = VECTOR('',#3729,1.);
#3729 = DIRECTION('',(1.,0.));
#3730 = ( GEOMETRIC_REPRESENTATION_CONTEXT(2) 
PARAMETRIC_REPRESENTATION_CONTEXT() REPRESENTATION_CONTEXT('2D SPACE',''
  ) );
#3731 = PCURVE('',#3506,#3732);
#3732 = DEFINITIONAL_REPRESENTATION('',(#3733),#3737);
#3733 = LINE('',#3734,#3735);
#3734 = CARTESIAN_POINT('',(4.712388980385,1.570796326795));
#3735 = VECTOR('',#3736,1.);
#3736 = DIRECTION('',(0.,-1.));
#3737 = ( GEOMETRIC_REPRESENTATION_CONTEXT(2) 
PARAMETRIC_REPRESENTATION_CONTEXT() REPRESENTATION_CONTEXT('2D SPACE',''
  ) );
#3738 = ORIENTED_EDGE('',*,*,#3552,.T.);
#3739 = ORIENTED_EDGE('',*,*,#3740,.T.);
#3740 = EDGE_CURVE('',#3490,#3610,#3741,.T.);
#3741 = SURFACE_CURVE('',#3742,(#3747,#3754),.PCURVE_S1.);
#3742 = CIRCLE('',#3743,1.8);
#3743 = AXIS2_PLACEMENT_3D('',#3744,#3745,#3746);
#3744 = CARTESIAN_POINT('',(207.,-24.7,58.55));
#3745 = DIRECTION('',(1.,0.,0.));
#3746 = DIRECTION('',(-0.,0.,1.));
#3747 = PCURVE('',#3578,#3748);
#3748 = DEFINITIONAL_REPRESENTATION('',(#3749),#3753);
#3749 = LINE('',#3750,#3751);
#3750 = CARTESIAN_POINT('',(0.,0.));
#3751 = VECTOR('',#3752,1.);
#3752 = DIRECTION('',(1.,0.));
#3753 = ( GEOMETRIC_REPRESENTATION_CONTEXT(2) 
PARAMETRIC_REPRESENTATION_CONTEXT() REPRESENTATION_CONTEXT('2D SPACE',''
  ) );
#3754 = PCURVE('',#3506,#3755);
#3755 = DEFINITIONAL_REPRESENTATION('',(#3756),#3760);
#3756 = LINE('',#3757,#3758);
#3757 = CARTESIAN_POINT('',(1.570796326795,-4.712388980385));
#3758 = VECTOR('',#3759,1.);
#3759 = DIRECTION('',(-0.,1.));
#3760 = ( GEOMETRIC_REPRESENTATION_CONTEXT(2) 
PARAMETRIC_REPRESENTATION_CONTEXT() REPRESENTATION_CONTEXT('2D SPACE',''
  ) );
#3761 = ADVANCED_FACE('',(#3762),#3506,.T.);
#3762 = FACE_BOUND('',#3763,.T.);
#3763 = EDGE_LOOP('',(#3764,#3765,#3766));
#3764 = ORIENTED_EDGE('',*,*,#3717,.F.);
#3765 = ORIENTED_EDGE('',*,*,#3740,.F.);
#3766 = ORIENTED_EDGE('',*,*,#3489,.T.);
#3767 = ADVANCED_FACE('',(#3768),#3691,.T.);
#3768 = FACE_BOUND('',#3769,.T.);
#3769 = EDGE_LOOP('',(#3770,#3793,#3820,#3821,#3842));
#3770 = ORIENTED_EDGE('',*,*,#3771,.T.);
#3771 = EDGE_CURVE('',#3635,#3772,#3774,.T.);
#3772 = VERTEX_POINT('',#3773);
#3773 = CARTESIAN_POINT('',(229.3,-27.2,56.75));
#3774 = SEAM_CURVE('',#3775,(#3779,#3786),.PCURVE_S1.);
#3775 = LINE('',#3776,#3777);
#3776 = CARTESIAN_POINT('',(229.3,-24.7,56.75));
#3777 = VECTOR('',#3778,1.);
#3778 = DIRECTION('',(0.,-1.,0.));
#3779 = PCURVE('',#3691,#3780);
#3780 = DEFINITIONAL_REPRESENTATION('',(#3781),#3785);
#3781 = LINE('',#3782,#3783);
#3782 = CARTESIAN_POINT('',(6.28318530718,-0.));
#3783 = VECTOR('',#3784,1.);
#3784 = DIRECTION('',(0.,1.));
#3785 = ( GEOMETRIC_REPRESENTATION_CONTEXT(2) 
PARAMETRIC_REPRESENTATION_CONTEXT() REPRESENTATION_CONTEXT('2D SPACE',''
  ) );
#3786 = PCURVE('',#3691,#3787);
#3787 = DEFINITIONAL_REPRESENTATION('',(#3788),#3792);
#3788 = LINE('',#3789,#3790);
#3789 = CARTESIAN_POINT('',(0.,-0.));
#3790 = VECTOR('',#3791,1.);
#3791 = DIRECTION('',(0.,1.));
#3792 = ( GEOMETRIC_REPRESENTATION_CONTEXT(2) 
PARAMETRIC_REPRESENTATION_CONTEXT() REPRESENTATION_CONTEXT('2D SPACE',''
  ) );
#3793 = ORIENTED_EDGE('',*,*,#3794,.F.);
#3794 = EDGE_CURVE('',#3772,#3772,#3795,.T.);
#3795 = SURFACE_CURVE('',#3796,(#3801,#3808),.PCURVE_S1.);
#3796 = CIRCLE('',#3797,1.8);
#3797 = AXIS2_PLACEMENT_3D('',#3798,#3799,#3800);
#3798 = CARTESIAN_POINT('',(229.3,-27.2,58.55));
#3799 = DIRECTION('',(0.,-1.,0.));
#3800 = DIRECTION('',(0.,-0.,-1.));
#3801 = PCURVE('',#3691,#3802);
#3802 = DEFINITIONAL_REPRESENTATION('',(#3803),#3807);
#3803 = LINE('',#3804,#3805);
#3804 = CARTESIAN_POINT('',(0.,2.5));
#3805 = VECTOR('',#3806,1.);
#3806 = DIRECTION('',(1.,0.));
#3807 = ( GEOMETRIC_REPRESENTATION_CONTEXT(2) 
PARAMETRIC_REPRESENTATION_CONTEXT() REPRESENTATION_CONTEXT('2D SPACE',''
  ) );
#3808 = PCURVE('',#3809,#3814);
#3809 = PLANE('',#3810);
#3810 = AXIS2_PLACEMENT_3D('',#3811,#3812,#3813);
#3811 = CARTESIAN_POINT('',(229.3,-27.2,58.55));
#3812 = DIRECTION('',(0.,-1.,0.));
#3813 = DIRECTION('',(0.,-0.,-1.));
#3814 = DEFINITIONAL_REPRESENTATION('',(#3815),#3819);
#3815 = CIRCLE('',#3816,1.8);
#3816 = AXIS2_PLACEMENT_2D('',#3817,#3818);
#3817 = CARTESIAN_POINT('',(0.,0.));
#3818 = DIRECTION('',(1.,0.));
#3819 = ( GEOMETRIC_REPRESENTATION_CONTEXT(2) 
PARAMETRIC_REPRESENTATION_CONTEXT() REPRESENTATION_CONTEXT('2D SPACE',''
  ) );
#3820 = ORIENTED_EDGE('',*,*,#3771,.F.);
#3821 = ORIENTED_EDGE('',*,*,#3822,.T.);
#3822 = EDGE_CURVE('',#3635,#3612,#3823,.T.);
#3823 = SURFACE_CURVE('',#3824,(#3829,#3836),.PCURVE_S1.);
#3824 = CIRCLE('',#3825,1.8);
#3825 = AXIS2_PLACEMENT_3D('',#3826,#3827,#3828);
#3826 = CARTESIAN_POINT('',(229.3,-24.7,58.55));
#3827 = DIRECTION('',(0.,-1.,0.));
#3828 = DIRECTION('',(0.,-0.,-1.));
#3829 = PCURVE('',#3691,#3830);
#3830 = DEFINITIONAL_REPRESENTATION('',(#3831),#3835);
#3831 = LINE('',#3832,#3833);
#3832 = CARTESIAN_POINT('',(0.,0.));
#3833 = VECTOR('',#3834,1.);
#3834 = DIRECTION('',(1.,0.));
#3835 = ( GEOMETRIC_REPRESENTATION_CONTEXT(2) 
PARAMETRIC_REPRESENTATION_CONTEXT() REPRESENTATION_CONTEXT('2D SPACE',''
  ) );
#3836 = PCURVE('',#3651,#3837);
#3837 = DEFINITIONAL_REPRESENTATION('',(#3838),#3841);
#3838 = B_SPLINE_CURVE_WITH_KNOTS('',1,(#3839,#3840),.UNSPECIFIED.,.F.,
  .F.,(2,2),(0.,3.14159265359),.PIECEWISE_BEZIER_KNOTS.);
#3839 = CARTESIAN_POINT('',(0.,-1.570796326795));
#3840 = CARTESIAN_POINT('',(0.,1.570796326795));
#3841 = ( GEOMETRIC_REPRESENTATION_CONTEXT(2) 
PARAMETRIC_REPRESENTATION_CONTEXT() REPRESENTATION_CONTEXT('2D SPACE',''
  ) );
#3842 = ORIENTED_EDGE('',*,*,#3663,.T.);
#3843 = ADVANCED_FACE('',(#3844),#3651,.T.);
#3844 = FACE_BOUND('',#3845,.T.);
#3845 = EDGE_LOOP('',(#3846,#3847));
#3846 = ORIENTED_EDGE('',*,*,#3634,.T.);
#3847 = ORIENTED_EDGE('',*,*,#3822,.F.);
#3848 = ADVANCED_FACE('',(#3849),#3809,.T.);
#3849 = FACE_BOUND('',#3850,.T.);
#3850 = EDGE_LOOP('',(#3851));
#3851 = ORIENTED_EDGE('',*,*,#3794,.T.);
#3852 = ( GEOMETRIC_REPRESENTATION_CONTEXT(3) 
GLOBAL_UNCERTAINTY_ASSIGNED_CONTEXT((#3856)) 
GLOBAL_UNIT_ASSIGNED_CONTEXT((#3853,#3854,#3855)) REPRESENTATION_CONTEXT
('Context #1','3D Context with UNIT and UNCERTAINTY') );
#3853 = ( LENGTH_UNIT() NAMED_UNIT(*) SI_UNIT(.MILLI.,.METRE.) );
#3854 = ( NAMED_UNIT(*) PLANE_ANGLE_UNIT() SI_UNIT($,.RADIAN.) );
#3855 = ( NAMED_UNIT(*) SI_UNIT($,.STERADIAN.) SOLID_ANGLE_UNIT() );
#3856 = UNCERTAINTY_MEASURE_WITH_UNIT(LENGTH_MEASURE(5.E-07),#3853,
  'distance_accuracy_value','confusion accuracy');
#3857 = CONTEXT_DEPENDENT_SHAPE_REPRESENTATION(#3858,#3860);
#3858 = ( REPRESENTATION_RELATIONSHIP('','',#36,#10) 
REPRESENTATION_RELATIONSHIP_WITH_TRANSFORMATION(#3859) 
SHAPE_REPRESENTATION_RELATIONSHIP() );
#3859 = ITEM_DEFINED_TRANSFORMATION('','',#11,#15);
#3860 = PRODUCT_DEFINITION_SHAPE('Placement','Placement of an item',
  #3861);
#3861 = NEXT_ASSEMBLY_USAGE_OCCURRENCE('5','','',#5,#31,$);
#3862 = PRODUCT_RELATED_PRODUCT_CATEGORY('part',$,(#33));
#3863 = SHAPE_DEFINITION_REPRESENTATION(#3864,#3870);
#3864 = PRODUCT_DEFINITION_SHAPE('','',#3865);
#3865 = PRODUCT_DEFINITION('design','',#3866,#3869);
#3866 = PRODUCT_DEFINITION_FORMATION('','',#3867);
#3867 = PRODUCT('Open CASCADE STEP translator 7.8 16.2',
  'Open CASCADE STEP translator 7.8 16.2','',(#3868));
#3868 = PRODUCT_CONTEXT('',#2,'mechanical');
#3869 = PRODUCT_DEFINITION_CONTEXT('part definition',#2,'design');
#3870 = ADVANCED_BREP_SHAPE_REPRESENTATION('',(#11,#3871),#3969);
#3871 = MANIFOLD_SOLID_BREP('',#3872);
#3872 = CLOSED_SHELL('',(#3873,#3961,#3965));
#3873 = ADVANCED_FACE('',(#3874),#3887,.T.);
#3874 = FACE_BOUND('',#3875,.T.);
#3875 = EDGE_LOOP('',(#3876,#3910,#3933,#3960));
#3876 = ORIENTED_EDGE('',*,*,#3877,.F.);
#3877 = EDGE_CURVE('',#3878,#3878,#3880,.T.);
#3878 = VERTEX_POINT('',#3879);
#3879 = CARTESIAN_POINT('',(229.3,-33.2,57.25));
#3880 = SURFACE_CURVE('',#3881,(#3886,#3898),.PCURVE_S1.);
#3881 = CIRCLE('',#3882,1.3);
#3882 = AXIS2_PLACEMENT_3D('',#3883,#3884,#3885);
#3883 = CARTESIAN_POINT('',(229.3,-33.2,58.55));
#3884 = DIRECTION('',(0.,-1.,0.));
#3885 = DIRECTION('',(0.,-0.,-1.));
#3886 = PCURVE('',#3887,#3892);
#3887 = CYLINDRICAL_SURFACE('',#3888,1.3);
#3888 = AXIS2_PLACEMENT_3D('',#3889,#3890,#3891);
#3889 = CARTESIAN_POINT('',(229.3,-27.2,58.55));
#3890 = DIRECTION('',(0.,-1.,0.));
#3891 = DIRECTION('',(0.,-0.,-1.));
#3892 = DEFINITIONAL_REPRESENTATION('',(#3893),#3897);
#3893 = LINE('',#3894,#3895);
#3894 = CARTESIAN_POINT('',(0.,6.));
#3895 = VECTOR('',#3896,1.);
#3896 = DIRECTION('',(1.,0.));
#3897 = ( GEOMETRIC_REPRESENTATION_CONTEXT(2) 
PARAMETRIC_REPRESENTATION_CONTEXT() REPRESENTATION_CONTEXT('2D SPACE',''
  ) );
#3898 = PCURVE('',#3899,#3904);
#3899 = PLANE('',#3900);
#3900 = AXIS2_PLACEMENT_3D('',#3901,#3902,#3903);
#3901 = CARTESIAN_POINT('',(229.3,-33.2,58.55));
#3902 = DIRECTION('',(0.,-1.,0.));
#3903 = DIRECTION('',(0.,-0.,-1.));
#3904 = DEFINITIONAL_REPRESENTATION('',(#3905),#3909);
#3905 = CIRCLE('',#3906,1.3);
#3906 = AXIS2_PLACEMENT_2D('',#3907,#3908);
#3907 = CARTESIAN_POINT('',(0.,0.));
#3908 = DIRECTION('',(1.,0.));
#3909 = ( GEOMETRIC_REPRESENTATION_CONTEXT(2) 
PARAMETRIC_REPRESENTATION_CONTEXT() REPRESENTATION_CONTEXT('2D SPACE',''
  ) );
#3910 = ORIENTED_EDGE('',*,*,#3911,.F.);
#3911 = EDGE_CURVE('',#3912,#3878,#3914,.T.);
#3912 = VERTEX_POINT('',#3913);
#3913 = CARTESIAN_POINT('',(229.3,-27.2,57.25));
#3914 = SEAM_CURVE('',#3915,(#3919,#3926),.PCURVE_S1.);
#3915 = LINE('',#3916,#3917);
#3916 = CARTESIAN_POINT('',(229.3,-27.2,57.25));
#3917 = VECTOR('',#3918,1.);
#3918 = DIRECTION('',(0.,-1.,0.));
#3919 = PCURVE('',#3887,#3920);
#3920 = DEFINITIONAL_REPRESENTATION('',(#3921),#3925);
#3921 = LINE('',#3922,#3923);
#3922 = CARTESIAN_POINT('',(6.28318530718,-0.));
#3923 = VECTOR('',#3924,1.);
#3924 = DIRECTION('',(0.,1.));
#3925 = ( GEOMETRIC_REPRESENTATION_CONTEXT(2) 
PARAMETRIC_REPRESENTATION_CONTEXT() REPRESENTATION_CONTEXT('2D SPACE',''
  ) );
#3926 = PCURVE('',#3887,#3927);
#3927 = DEFINITIONAL_REPRESENTATION('',(#3928),#3932);
#3928 = LINE('',#3929,#3930);
#3929 = CARTESIAN_POINT('',(0.,-0.));
#3930 = VECTOR('',#3931,1.);
#3931 = DIRECTION('',(0.,1.));
#3932 = ( GEOMETRIC_REPRESENTATION_CONTEXT(2) 
PARAMETRIC_REPRESENTATION_CONTEXT() REPRESENTATION_CONTEXT('2D SPACE',''
  ) );
#3933 = ORIENTED_EDGE('',*,*,#3934,.T.);
#3934 = EDGE_CURVE('',#3912,#3912,#3935,.T.);
#3935 = SURFACE_CURVE('',#3936,(#3941,#3948),.PCURVE_S1.);
#3936 = CIRCLE('',#3937,1.3);
#3937 = AXIS2_PLACEMENT_3D('',#3938,#3939,#3940);
#3938 = CARTESIAN_POINT('',(229.3,-27.2,58.55));
#3939 = DIRECTION('',(0.,-1.,0.));
#3940 = DIRECTION('',(0.,-0.,-1.));
#3941 = PCURVE('',#3887,#3942);
#3942 = DEFINITIONAL_REPRESENTATION('',(#3943),#3947);
#3943 = LINE('',#3944,#3945);
#3944 = CARTESIAN_POINT('',(0.,0.));
#3945 = VECTOR('',#3946,1.);
#3946 = DIRECTION('',(1.,0.));
#3947 = ( GEOMETRIC_REPRESENTATION_CONTEXT(2) 
PARAMETRIC_REPRESENTATION_CONTEXT() REPRESENTATION_CONTEXT('2D SPACE',''
  ) );
#3948 = PCURVE('',#3949,#3954);
#3949 = PLANE('',#3950);
#3950 = AXIS2_PLACEMENT_3D('',#3951,#3952,#3953);
#3951 = CARTESIAN_POINT('',(229.3,-27.2,58.55));
#3952 = DIRECTION('',(0.,-1.,0.));
#3953 = DIRECTION('',(0.,-0.,-1.));
#3954 = DEFINITIONAL_REPRESENTATION('',(#3955),#3959);
#3955 = CIRCLE('',#3956,1.3);
#3956 = AXIS2_PLACEMENT_2D('',#3957,#3958);
#3957 = CARTESIAN_POINT('',(0.,0.));
#3958 = DIRECTION('',(1.,0.));
#3959 = ( GEOMETRIC_REPRESENTATION_CONTEXT(2) 
PARAMETRIC_REPRESENTATION_CONTEXT() REPRESENTATION_CONTEXT('2D SPACE',''
  ) );
#3960 = ORIENTED_EDGE('',*,*,#3911,.T.);
#3961 = ADVANCED_FACE('',(#3962),#3899,.T.);
#3962 = FACE_BOUND('',#3963,.T.);
#3963 = EDGE_LOOP('',(#3964));
#3964 = ORIENTED_EDGE('',*,*,#3877,.T.);
#3965 = ADVANCED_FACE('',(#3966),#3949,.F.);
#3966 = FACE_BOUND('',#3967,.T.);
#3967 = EDGE_LOOP('',(#3968));
#3968 = ORIENTED_EDGE('',*,*,#3934,.F.);
#3969 = ( GEOMETRIC_REPRESENTATION_CONTEXT(3) 
GLOBAL_UNCERTAINTY_ASSIGNED_CONTEXT((#3973)) 
GLOBAL_UNIT_ASSIGNED_CONTEXT((#3970,#3971,#3972)) REPRESENTATION_CONTEXT
('Context #1','3D Context with UNIT and UNCERTAINTY') );
#3970 = ( LENGTH_UNIT() NAMED_UNIT(*) SI_UNIT(.MILLI.,.METRE.) );
#3971 = ( NAMED_UNIT(*) PLANE_ANGLE_UNIT() SI_UNIT($,.RADIAN.) );
#3972 = ( NAMED_UNIT(*) SI_UNIT($,.STERADIAN.) SOLID_ANGLE_UNIT() );
#3973 = UNCERTAINTY_MEASURE_WITH_UNIT(LENGTH_MEASURE(1.E-07),#3970,
  'distance_accuracy_value','confusion accuracy');
#3974 = CONTEXT_DEPENDENT_SHAPE_REPRESENTATION(#3975,#3977);
#3975 = ( REPRESENTATION_RELATIONSHIP('','',#3870,#10) 
REPRESENTATION_RELATIONSHIP_WITH_TRANSFORMATION(#3976) 
SHAPE_REPRESENTATION_RELATIONSHIP() );
#3976 = ITEM_DEFINED_TRANSFORMATION('','',#11,#19);
#3977 = PRODUCT_DEFINITION_SHAPE('Placement','Placement of an item',
  #3978);
#3978 = NEXT_ASSEMBLY_USAGE_OCCURRENCE('6','','',#5,#3865,$);
#3979 = PRODUCT_RELATED_PRODUCT_CATEGORY('part',$,(#3867));
ENDSEC;
END-ISO-10303-21;
