ISO-10303-21;
HEADER;
FILE_DESCRIPTION(('Open CASCADE Model'),'2;1');
FILE_NAME('Open CASCADE Shape Model','2026-10-01T17:02:38',('Author'),(
    'Open CASCADE'),'Open CASCADE STEP processor 7.8','Open CASCADE 7.8'
  ,'Unknown');
FILE_SCHEMA(('AUTOMOTIVE_DESIGN { 1 0 10303 214 1 1 1 1 }'));
ENDSEC;
DATA;
#1 = APPLICATION_PROTOCOL_DEFINITION('international standard',
  'automotive_design',2000,#2);
#2 = APPLICATION_CONTEXT(
  'core data for automotive mechanical design processes');
#3 = SHAPE_DEFINITION_REPRESENTATION(#4,#10);
#4 = PRODUCT_DEFINITION_SHAPE('','',#5);
#5 = PRODUCT_DEFINITION('design','',#6,#9);
#6 = PRODUCT_DEFINITION_FORMATION('','',#7);
#7 = PRODUCT('Open CASCADE STEP translator 7.8 30',
  'Open CASCADE STEP translator 7.8 30','',(#8));
#8 = PRODUCT_CONTEXT('',#2,'mechanical');
#9 = PRODUCT_DEFINITION_CONTEXT('part definition',#2,'design');
#10 = ADVANCED_BREP_SHAPE_REPRESENTATION('',(#11,#15),#1707);
#11 = AXIS2_PLACEMENT_3D('',#12,#13,#14);
#12 = CARTESIAN_POINT('',(0.,0.,0.));
#13 = DIRECTION('',(0.,0.,1.));
#14 = DIRECTION('',(1.,0.,-0.));
#15 = MANIFOLD_SOLID_BREP('',#16);
#16 = CLOSED_SHELL('',(#17,#200,#277,#468,#472,#525,#682,#751,#928,#989,
    #1172,#1212,#1385,#1438,#1596,#1645,#1703));
#17 = ADVANCED_FACE('',(#18),#33,.T.);
#18 = FACE_BOUND('',#19,.T.);
#19 = EDGE_LOOP('',(#20,#55,#92,#115,#142,#143,#179));
#20 = ORIENTED_EDGE('',*,*,#21,.F.);
#21 = EDGE_CURVE('',#22,#24,#26,.T.);
#22 = VERTEX_POINT('',#23);
#23 = CARTESIAN_POINT('',(-44.4,-119.36,7.22));
#24 = VERTEX_POINT('',#25);
#25 = CARTESIAN_POINT('',(-44.4,-118.8,6.1));
#26 = SURFACE_CURVE('',#27,(#32,#44),.PCURVE_S1.);
#27 = CIRCLE('',#28,0.7);
#28 = AXIS2_PLACEMENT_3D('',#29,#30,#31);
#29 = CARTESIAN_POINT('',(-44.4,-118.8,6.8));
#30 = DIRECTION('',(1.,0.,0.));
#31 = DIRECTION('',(-0.,0.,1.));
#32 = PCURVE('',#33,#38);
#33 = CYLINDRICAL_SURFACE('',#34,0.7);
#34 = AXIS2_PLACEMENT_3D('',#35,#36,#37);
#35 = CARTESIAN_POINT('',(-47.4,-118.8,6.8));
#36 = DIRECTION('',(1.,0.,0.));
#37 = DIRECTION('',(-0.,0.,1.));
#38 = DEFINITIONAL_REPRESENTATION('',(#39),#43);
#39 = LINE('',#40,#41);
#40 = CARTESIAN_POINT('',(0.,3.));
#41 = VECTOR('',#42,1.);
#42 = DIRECTION('',(1.,0.));
#43 = ( GEOMETRIC_REPRESENTATION_CONTEXT(2) 
PARAMETRIC_REPRESENTATION_CONTEXT() REPRESENTATION_CONTEXT('2D SPACE',''
  ) );
#44 = PCURVE('',#45,#50);
#45 = SPHERICAL_SURFACE('',#46,0.7);
#46 = AXIS2_PLACEMENT_3D('',#47,#48,#49);
#47 = CARTESIAN_POINT('',(-44.4,-118.8,6.8));
#48 = DIRECTION('',(0.,0.,1.));
#49 = DIRECTION('',(1.,0.,-0.));
#50 = DEFINITIONAL_REPRESENTATION('',(#51),#54);
#51 = B_SPLINE_CURVE_WITH_KNOTS('',1,(#52,#53),.UNSPECIFIED.,.F.,.F.,(2,
    2),(0.927295218002,3.14159265359),.PIECEWISE_BEZIER_KNOTS.);
#52 = CARTESIAN_POINT('',(4.712388980385,0.643501108793));
#53 = CARTESIAN_POINT('',(4.712388980385,-1.570796326795));
#54 = ( GEOMETRIC_REPRESENTATION_CONTEXT(2) 
PARAMETRIC_REPRESENTATION_CONTEXT() REPRESENTATION_CONTEXT('2D SPACE',''
  ) );
#55 = ORIENTED_EDGE('',*,*,#56,.F.);
#56 = EDGE_CURVE('',#57,#22,#59,.T.);
#57 = VERTEX_POINT('',#58);
#58 = CARTESIAN_POINT('',(-45.42326882916,-118.8,7.5));
#59 = SURFACE_CURVE('',#60,(#65,#76),.PCURVE_S1.);
#60 = ELLIPSE('',#61,1.4581018787,0.7);
#61 = AXIS2_PLACEMENT_3D('',#62,#63,#64);
#62 = CARTESIAN_POINT('',(-44.4,-118.8,6.8));
#63 = DIRECTION('',(0.480076193732,0.526336076434,0.701781435246));
#64 = DIRECTION('',(0.877226794057,-0.288045716239,-0.384060954986));
#65 = PCURVE('',#33,#66);
#66 = DEFINITIONAL_REPRESENTATION('',(#67),#75);
#67 = B_SPLINE_CURVE_WITH_KNOTS('',6,(#68,#69,#70,#71,#72,#73,#74),
  .UNSPECIFIED.,.F.,.F.,(7,7),(3.785093762384,4.712388981036),
  .PIECEWISE_BEZIER_KNOTS.);
#68 = CARTESIAN_POINT('',(7.308439567818E-13,1.976731170832));
#69 = CARTESIAN_POINT('',(0.154549203109,2.095340207418));
#70 = CARTESIAN_POINT('',(0.309098406218,2.243277983397));
#71 = CARTESIAN_POINT('',(0.463647609327,2.415450487067));
#72 = CARTESIAN_POINT('',(0.618196812435,2.604637329892));
#73 = CARTESIAN_POINT('',(0.772746015544,2.80231827319));
#74 = CARTESIAN_POINT('',(0.927295218653,3.000000000833));
#75 = ( GEOMETRIC_REPRESENTATION_CONTEXT(2) 
PARAMETRIC_REPRESENTATION_CONTEXT() REPRESENTATION_CONTEXT('2D SPACE',''
  ) );
#76 = PCURVE('',#77,#82);
#77 = CYLINDRICAL_SURFACE('',#78,0.7);
#78 = AXIS2_PLACEMENT_3D('',#79,#80,#81);
#79 = CARTESIAN_POINT('',(-44.4,-118.8,6.8));
#80 = DIRECTION('',(-0.539053696423,0.505362840397,0.673817120529));
#81 = DIRECTION('',(0.780868809443,2.775557561563E-17,0.624695047554));
#82 = DEFINITIONAL_REPRESENTATION('',(#83),#91);
#83 = B_SPLINE_CURVE_WITH_KNOTS('',6,(#84,#85,#86,#87,#88,#89,#90),
  .UNSPECIFIED.,.F.,.F.,(7,7),(3.785093762384,4.712388981036),
  .PIECEWISE_BEZIER_KNOTS.);
#84 = CARTESIAN_POINT('',(4.169293169816,1.023268829168));
#85 = CARTESIAN_POINT('',(4.323842372925,0.904659792582));
#86 = CARTESIAN_POINT('',(4.478391576033,0.756722016603));
#87 = CARTESIAN_POINT('',(4.632940779142,0.584549512933));
#88 = CARTESIAN_POINT('',(4.787489982251,0.395362670108));
#89 = CARTESIAN_POINT('',(4.942039185359,0.19768172681));
#90 = CARTESIAN_POINT('',(5.096588388468,-8.325855560543E-10));
#91 = ( GEOMETRIC_REPRESENTATION_CONTEXT(2) 
PARAMETRIC_REPRESENTATION_CONTEXT() REPRESENTATION_CONTEXT('2D SPACE',''
  ) );
#92 = ORIENTED_EDGE('',*,*,#93,.F.);
#93 = EDGE_CURVE('',#94,#57,#96,.T.);
#94 = VERTEX_POINT('',#95);
#95 = CARTESIAN_POINT('',(-47.4,-118.8,7.5));
#96 = SEAM_CURVE('',#97,(#101,#108),.PCURVE_S1.);
#97 = LINE('',#98,#99);
#98 = CARTESIAN_POINT('',(-47.4,-118.8,7.5));
#99 = VECTOR('',#100,1.);
#100 = DIRECTION('',(1.,0.,0.));
#101 = PCURVE('',#33,#102);
#102 = DEFINITIONAL_REPRESENTATION('',(#103),#107);
#103 = LINE('',#104,#105);
#104 = CARTESIAN_POINT('',(6.28318530718,-0.));
#105 = VECTOR('',#106,1.);
#106 = DIRECTION('',(0.,1.));
#107 = ( GEOMETRIC_REPRESENTATION_CONTEXT(2) 
PARAMETRIC_REPRESENTATION_CONTEXT() REPRESENTATION_CONTEXT('2D SPACE',''
  ) );
#108 = PCURVE('',#33,#109);
#109 = DEFINITIONAL_REPRESENTATION('',(#110),#114);
#110 = LINE('',#111,#112);
#111 = CARTESIAN_POINT('',(0.,-0.));
#112 = VECTOR('',#113,1.);
#113 = DIRECTION('',(0.,1.));
#114 = ( GEOMETRIC_REPRESENTATION_CONTEXT(2) 
PARAMETRIC_REPRESENTATION_CONTEXT() REPRESENTATION_CONTEXT('2D SPACE',''
  ) );
#115 = ORIENTED_EDGE('',*,*,#116,.T.);
#116 = EDGE_CURVE('',#94,#94,#117,.T.);
#117 = SURFACE_CURVE('',#118,(#123,#130),.PCURVE_S1.);
#118 = CIRCLE('',#119,0.7);
#119 = AXIS2_PLACEMENT_3D('',#120,#121,#122);
#120 = CARTESIAN_POINT('',(-47.4,-118.8,6.8));
#121 = DIRECTION('',(1.,0.,0.));
#122 = DIRECTION('',(-0.,0.,1.));
#123 = PCURVE('',#33,#124);
#124 = DEFINITIONAL_REPRESENTATION('',(#125),#129);
#125 = LINE('',#126,#127);
#126 = CARTESIAN_POINT('',(0.,0.));
#127 = VECTOR('',#128,1.);
#128 = DIRECTION('',(1.,0.));
#129 = ( GEOMETRIC_REPRESENTATION_CONTEXT(2) 
PARAMETRIC_REPRESENTATION_CONTEXT() REPRESENTATION_CONTEXT('2D SPACE',''
  ) );
#130 = PCURVE('',#131,#136);
#131 = PLANE('',#132);
#132 = AXIS2_PLACEMENT_3D('',#133,#134,#135);
#133 = CARTESIAN_POINT('',(-47.4,-118.8,6.8));
#134 = DIRECTION('',(1.,0.,0.));
#135 = DIRECTION('',(-0.,0.,1.));
#136 = DEFINITIONAL_REPRESENTATION('',(#137),#141);
#137 = CIRCLE('',#138,0.7);
#138 = AXIS2_PLACEMENT_2D('',#139,#140);
#139 = CARTESIAN_POINT('',(0.,0.));
#140 = DIRECTION('',(1.,0.));
#141 = ( GEOMETRIC_REPRESENTATION_CONTEXT(2) 
PARAMETRIC_REPRESENTATION_CONTEXT() REPRESENTATION_CONTEXT('2D SPACE',''
  ) );
#142 = ORIENTED_EDGE('',*,*,#93,.T.);
#143 = ORIENTED_EDGE('',*,*,#144,.F.);
#144 = EDGE_CURVE('',#145,#57,#147,.T.);
#145 = VERTEX_POINT('',#146);
#146 = CARTESIAN_POINT('',(-44.4,-118.24,6.38));
#147 = SURFACE_CURVE('',#148,(#153,#166),.PCURVE_S1.);
#148 = ELLIPSE('',#149,1.4581018787,0.7);
#149 = AXIS2_PLACEMENT_3D('',#150,#151,#152);
#150 = CARTESIAN_POINT('',(-44.4,-118.8,6.8));
#151 = DIRECTION('',(0.480076193732,0.526336076434,0.701781435246));
#152 = DIRECTION('',(0.877226794057,-0.288045716239,-0.384060954986));
#153 = PCURVE('',#33,#154);
#154 = DEFINITIONAL_REPRESENTATION('',(#155),#165);
#155 = B_SPLINE_CURVE_WITH_KNOTS('',8,(#156,#157,#158,#159,#160,#161,
    #162,#163,#164),.UNSPECIFIED.,.F.,.F.,(9,9),(1.570795858059,
    3.785093762384),.PIECEWISE_BEZIER_KNOTS.);
#156 = CARTESIAN_POINT('',(4.068887402855,3.000000599554));
#157 = CARTESIAN_POINT('',(4.345674640896,2.645965908306));
#158 = CARTESIAN_POINT('',(4.622461878938,2.291930279536));
#159 = CARTESIAN_POINT('',(4.899249116973,1.979232321595));
#160 = CARTESIAN_POINT('',(5.176036355026,1.749164619256));
#161 = CARTESIAN_POINT('',(5.452823593054,1.633042069456));
#162 = CARTESIAN_POINT('',(5.7296108311,1.641483147193));
#163 = CARTESIAN_POINT('',(6.00639806914,1.764310356083));
#164 = CARTESIAN_POINT('',(6.28318530718,1.976731170832));
#165 = ( GEOMETRIC_REPRESENTATION_CONTEXT(2) 
PARAMETRIC_REPRESENTATION_CONTEXT() REPRESENTATION_CONTEXT('2D SPACE',''
  ) );
#166 = PCURVE('',#77,#167);
#167 = DEFINITIONAL_REPRESENTATION('',(#168),#178);
#168 = B_SPLINE_CURVE_WITH_KNOTS('',8,(#169,#170,#171,#172,#173,#174,
    #175,#176,#177),.UNSPECIFIED.,.F.,.F.,(9,9),(1.570795858059,
    3.785093762384),.PIECEWISE_BEZIER_KNOTS.);
#169 = CARTESIAN_POINT('',(1.954995265491,-5.995539211767E-07));
#170 = CARTESIAN_POINT('',(2.231782503531,0.354034091694));
#171 = CARTESIAN_POINT('',(2.508569741572,0.708069720463));
#172 = CARTESIAN_POINT('',(2.785356979608,1.020767678406));
#173 = CARTESIAN_POINT('',(3.062144217656,1.25083538074));
#174 = CARTESIAN_POINT('',(3.338931455688,1.366957930546));
#175 = CARTESIAN_POINT('',(3.615718693733,1.358516852806));
#176 = CARTESIAN_POINT('',(3.892505931775,1.235689643917));
#177 = CARTESIAN_POINT('',(4.169293169816,1.023268829168));
#178 = ( GEOMETRIC_REPRESENTATION_CONTEXT(2) 
PARAMETRIC_REPRESENTATION_CONTEXT() REPRESENTATION_CONTEXT('2D SPACE',''
  ) );
#179 = ORIENTED_EDGE('',*,*,#180,.F.);
#180 = EDGE_CURVE('',#24,#145,#181,.T.);
#181 = SURFACE_CURVE('',#182,(#187,#194),.PCURVE_S1.);
#182 = CIRCLE('',#183,0.7);
#183 = AXIS2_PLACEMENT_3D('',#184,#185,#186);
#184 = CARTESIAN_POINT('',(-44.4,-118.8,6.8));
#185 = DIRECTION('',(1.,0.,0.));
#186 = DIRECTION('',(-0.,0.,1.));
#187 = PCURVE('',#33,#188);
#188 = DEFINITIONAL_REPRESENTATION('',(#189),#193);
#189 = LINE('',#190,#191);
#190 = CARTESIAN_POINT('',(0.,3.));
#191 = VECTOR('',#192,1.);
#192 = DIRECTION('',(1.,0.));
#193 = ( GEOMETRIC_REPRESENTATION_CONTEXT(2) 
PARAMETRIC_REPRESENTATION_CONTEXT() REPRESENTATION_CONTEXT('2D SPACE',''
  ) );
#194 = PCURVE('',#45,#195);
#195 = DEFINITIONAL_REPRESENTATION('',(#196),#199);
#196 = B_SPLINE_CURVE_WITH_KNOTS('',1,(#197,#198),.UNSPECIFIED.,.F.,.F.,
  (2,2),(3.14159265359,4.068887871591),.PIECEWISE_BEZIER_KNOTS.);
#197 = CARTESIAN_POINT('',(7.853981633974,-1.570796326795));
#198 = CARTESIAN_POINT('',(7.853981633974,-0.643501108793));
#199 = ( GEOMETRIC_REPRESENTATION_CONTEXT(2) 
PARAMETRIC_REPRESENTATION_CONTEXT() REPRESENTATION_CONTEXT('2D SPACE',''
  ) );
#200 = ADVANCED_FACE('',(#201),#45,.T.);
#201 = FACE_BOUND('',#202,.T.);
#202 = EDGE_LOOP('',(#203,#204,#205,#242));
#203 = ORIENTED_EDGE('',*,*,#21,.T.);
#204 = ORIENTED_EDGE('',*,*,#180,.T.);
#205 = ORIENTED_EDGE('',*,*,#206,.F.);
#206 = EDGE_CURVE('',#207,#145,#209,.T.);
#207 = VERTEX_POINT('',#208);
#208 = CARTESIAN_POINT('',(-43.85339183339,-118.8,7.237286533288));
#209 = SURFACE_CURVE('',#210,(#215,#235),.PCURVE_S1.);
#210 = CIRCLE('',#211,0.7);
#211 = AXIS2_PLACEMENT_3D('',#212,#213,#214);
#212 = CARTESIAN_POINT('',(-44.4,-118.8,6.8));
#213 = DIRECTION('',(-0.539053696423,0.505362840397,0.673817120529));
#214 = DIRECTION('',(0.780868809443,2.775557561563E-17,0.624695047554));
#215 = PCURVE('',#45,#216);
#216 = DEFINITIONAL_REPRESENTATION('',(#217),#234);
#217 = B_SPLINE_CURVE_WITH_KNOTS('',8,(#218,#219,#220,#221,#222,#223,
    #224,#225,#226,#227,#228,#229,#230,#231,#232,#233),.UNSPECIFIED.,.F.
  ,.F.,(9,7,9),(0.,0.977497867114,1.954995734227),.UNSPECIFIED.);
#218 = CARTESIAN_POINT('',(6.28318530718,0.674740942224));
#219 = CARTESIAN_POINT('',(6.418209540799,0.612992054898));
#220 = CARTESIAN_POINT('',(6.537988494821,0.541078486556));
#221 = CARTESIAN_POINT('',(6.644168320228,0.462061491442));
#222 = CARTESIAN_POINT('',(6.740731799708,0.3783733715));
#223 = CARTESIAN_POINT('',(6.830392441429,0.291431777315));
#224 = CARTESIAN_POINT('',(6.915565369588,0.202447113705));
#225 = CARTESIAN_POINT('',(6.998312548477,0.112352086536));
#226 = CARTESIAN_POINT('',(7.163056599207,-6.817911615091E-02));
#227 = CARTESIAN_POINT('',(7.245052529869,-0.158616441529));
#228 = CARTESIAN_POINT('',(7.328726217407,-0.248286852691));
#229 = CARTESIAN_POINT('',(7.416066956837,-0.336295456337));
#230 = CARTESIAN_POINT('',(7.509391702702,-0.42153050563));
#231 = CARTESIAN_POINT('',(7.611220294924,-0.502691101948));
#232 = CARTESIAN_POINT('',(7.725338118712,-0.577635628979));
#233 = CARTESIAN_POINT('',(7.853981633974,-0.643501108793));
#234 = ( GEOMETRIC_REPRESENTATION_CONTEXT(2) 
PARAMETRIC_REPRESENTATION_CONTEXT() REPRESENTATION_CONTEXT('2D SPACE',''
  ) );
#235 = PCURVE('',#77,#236);
#236 = DEFINITIONAL_REPRESENTATION('',(#237),#241);
#237 = LINE('',#238,#239);
#238 = CARTESIAN_POINT('',(0.,0.));
#239 = VECTOR('',#240,1.);
#240 = DIRECTION('',(1.,0.));
#241 = ( GEOMETRIC_REPRESENTATION_CONTEXT(2) 
PARAMETRIC_REPRESENTATION_CONTEXT() REPRESENTATION_CONTEXT('2D SPACE',''
  ) );
#242 = ORIENTED_EDGE('',*,*,#243,.F.);
#243 = EDGE_CURVE('',#22,#207,#244,.T.);
#244 = SURFACE_CURVE('',#245,(#250,#270),.PCURVE_S1.);
#245 = CIRCLE('',#246,0.7);
#246 = AXIS2_PLACEMENT_3D('',#247,#248,#249);
#247 = CARTESIAN_POINT('',(-44.4,-118.8,6.8));
#248 = DIRECTION('',(-0.539053696423,0.505362840397,0.673817120529));
#249 = DIRECTION('',(0.780868809443,2.775557561563E-17,0.624695047554));
#250 = PCURVE('',#45,#251);
#251 = DEFINITIONAL_REPRESENTATION('',(#252),#269);
#252 = B_SPLINE_CURVE_WITH_KNOTS('',8,(#253,#254,#255,#256,#257,#258,
    #259,#260,#261,#262,#263,#264,#265,#266,#267,#268),.UNSPECIFIED.,.F.
  ,.F.,(9,7,9),(5.096588387817,5.689886847498,6.28318530718),
  .UNSPECIFIED.);
#253 = CARTESIAN_POINT('',(4.712388980385,0.643501108793));
#254 = CARTESIAN_POINT('',(4.790469968611,0.683478574765));
#255 = CARTESIAN_POINT('',(4.873902535586,0.7201126913));
#256 = CARTESIAN_POINT('',(4.963185069862,0.752757336455));
#257 = CARTESIAN_POINT('',(5.058603152585,0.780701090888));
#258 = CARTESIAN_POINT('',(5.160046529704,0.803109437877));
#259 = CARTESIAN_POINT('',(5.266467575485,0.819207395398));
#260 = CARTESIAN_POINT('',(5.375741185912,0.828514477094));
#261 = CARTESIAN_POINT('',(5.595630895123,0.833373280702));
#262 = CARTESIAN_POINT('',(5.706243577727,0.828923753897));
#263 = CARTESIAN_POINT('',(5.815332447917,0.817503760466));
#264 = CARTESIAN_POINT('',(5.920519263993,0.799379206168));
#265 = CARTESIAN_POINT('',(6.020098043551,0.775260976555));
#266 = CARTESIAN_POINT('',(6.113662260325,0.745954458117));
#267 = CARTESIAN_POINT('',(6.201231501938,0.712219816572));
#268 = CARTESIAN_POINT('',(6.28318530718,0.674740942224));
#269 = ( GEOMETRIC_REPRESENTATION_CONTEXT(2) 
PARAMETRIC_REPRESENTATION_CONTEXT() REPRESENTATION_CONTEXT('2D SPACE',''
  ) );
#270 = PCURVE('',#77,#271);
#271 = DEFINITIONAL_REPRESENTATION('',(#272),#276);
#272 = LINE('',#273,#274);
#273 = CARTESIAN_POINT('',(0.,0.));
#274 = VECTOR('',#275,1.);
#275 = DIRECTION('',(1.,0.));
#276 = ( GEOMETRIC_REPRESENTATION_CONTEXT(2) 
PARAMETRIC_REPRESENTATION_CONTEXT() REPRESENTATION_CONTEXT('2D SPACE',''
  ) );
#277 = ADVANCED_FACE('',(#278),#77,.T.);
#278 = FACE_BOUND('',#279,.T.);
#279 = EDGE_LOOP('',(#280,#345,#380,#414,#435,#436,#437,#438,#439,#440)
  );
#280 = ORIENTED_EDGE('',*,*,#281,.F.);
#281 = EDGE_CURVE('',#282,#284,#286,.T.);
#282 = VERTEX_POINT('',#283);
#283 = CARTESIAN_POINT('',(-47.7510361482,-115.3166843257,
    10.316684325758));
#284 = VERTEX_POINT('',#285);
#285 = CARTESIAN_POINT('',(-47.44896385179,-116.2833156742,
    11.283315674242));
#286 = SURFACE_CURVE('',#287,(#292,#299),.PCURVE_S1.);
#287 = CIRCLE('',#288,0.7);
#288 = AXIS2_PLACEMENT_3D('',#289,#290,#291);
#289 = CARTESIAN_POINT('',(-47.6,-115.8,10.8));
#290 = DIRECTION('',(-0.539053696423,0.505362840397,0.673817120529));
#291 = DIRECTION('',(0.780868809443,2.775557561563E-17,0.624695047554));
#292 = PCURVE('',#77,#293);
#293 = DEFINITIONAL_REPRESENTATION('',(#294),#298);
#294 = LINE('',#295,#296);
#295 = CARTESIAN_POINT('',(0.,5.936328831862));
#296 = VECTOR('',#297,1.);
#297 = DIRECTION('',(1.,0.));
#298 = ( GEOMETRIC_REPRESENTATION_CONTEXT(2) 
PARAMETRIC_REPRESENTATION_CONTEXT() REPRESENTATION_CONTEXT('2D SPACE',''
  ) );
#299 = PCURVE('',#300,#305);
#300 = SPHERICAL_SURFACE('',#301,0.7);
#301 = AXIS2_PLACEMENT_3D('',#302,#303,#304);
#302 = CARTESIAN_POINT('',(-47.6,-115.8,10.8));
#303 = DIRECTION('',(0.,0.,1.));
#304 = DIRECTION('',(1.,0.,-0.));
#305 = DEFINITIONAL_REPRESENTATION('',(#306),#344);
#306 = B_SPLINE_CURVE_WITH_KNOTS('',8,(#307,#308,#309,#310,#311,#312,
    #313,#314,#315,#316,#317,#318,#319,#320,#321,#322,#323,#324,#325,
    #326,#327,#328,#329,#330,#331,#332,#333,#334,#335,#336,#337,#338,
    #339,#340,#341,#342,#343),.UNSPECIFIED.,.F.,.F.,(9,7,7,7,7,9),(
    2.214055181402,2.606754263101,3.293977656074,4.324812745533,
    4.840230290263,5.355647834992),.UNSPECIFIED.);
#307 = CARTESIAN_POINT('',(1.87368119517,-0.762112279325));
#308 = CARTESIAN_POINT('',(1.936890338727,-0.779969232484));
#309 = CARTESIAN_POINT('',(2.00256186716,-0.795545076433));
#310 = CARTESIAN_POINT('',(2.070558207625,-0.808629860928));
#311 = CARTESIAN_POINT('',(2.140611431101,-0.819015660607));
#312 = CARTESIAN_POINT('',(2.21228458746,-0.826527517335));
#313 = CARTESIAN_POINT('',(2.284987195113,-0.831046247324));
#314 = CARTESIAN_POINT('',(2.358044885237,-0.83252311302));
#315 = CARTESIAN_POINT('',(2.55818525241,-0.828297041543));
#316 = CARTESIAN_POINT('',(2.684686348108,-0.816377047843));
#317 = CARTESIAN_POINT('',(2.806934559621,-0.795365660987));
#318 = CARTESIAN_POINT('',(2.921623185584,-0.766062127548));
#319 = CARTESIAN_POINT('',(3.027684355364,-0.729892410402));
#320 = CARTESIAN_POINT('',(3.125587391941,-0.688053995816));
#321 = CARTESIAN_POINT('',(3.21604858213,-0.641611222264));
#322 = CARTESIAN_POINT('',(3.42603276796,-0.516174031847));
#323 = CARTESIAN_POINT('',(3.537464993133,-0.4325144115));
#324 = CARTESIAN_POINT('',(3.637573638822,-0.343416033989));
#325 = CARTESIAN_POINT('',(3.730376490985,-0.250902232206));
#326 = CARTESIAN_POINT('',(3.818446307367,-0.156254727494));
#327 = CARTESIAN_POINT('',(3.904272943372,-6.059905264937E-02));
#328 = CARTESIAN_POINT('',(3.990084157132,3.507872977804E-02));
#329 = CARTESIAN_POINT('',(4.122533279263,0.176881646216));
#330 = CARTESIAN_POINT('',(4.167304376754,0.223863790855));
#331 = CARTESIAN_POINT('',(4.21301004211,0.270415286212));
#332 = CARTESIAN_POINT('',(4.259972896327,0.316381166003));
#333 = CARTESIAN_POINT('',(4.308542006527,0.361588965364));
#334 = CARTESIAN_POINT('',(4.359099870153,0.405839644852));
#335 = CARTESIAN_POINT('',(4.412059380464,0.448897125814));
#336 = CARTESIAN_POINT('',(4.523642166213,0.532055748494));
#337 = CARTESIAN_POINT('',(4.582265537079,0.572157698331));
#338 = CARTESIAN_POINT('',(4.644146998599,0.610493870262));
#339 = CARTESIAN_POINT('',(4.709725934479,0.646737681873));
#340 = CARTESIAN_POINT('',(4.77942929093,0.680495925398));
#341 = CARTESIAN_POINT('',(4.853590330435,0.71130831323));
#342 = CARTESIAN_POINT('',(4.93231184784,0.738675028303));
#343 = CARTESIAN_POINT('',(5.01527384876,0.762112279325));
#344 = ( GEOMETRIC_REPRESENTATION_CONTEXT(2) 
PARAMETRIC_REPRESENTATION_CONTEXT() REPRESENTATION_CONTEXT('2D SPACE',''
  ) );
#345 = ORIENTED_EDGE('',*,*,#346,.F.);
#346 = EDGE_CURVE('',#347,#282,#349,.T.);
#347 = VERTEX_POINT('',#348);
#348 = CARTESIAN_POINT('',(-47.6,-115.2728740914,10.337176414893));
#349 = SURFACE_CURVE('',#350,(#355,#365),.PCURVE_S1.);
#350 = ELLIPSE('',#351,0.731031895204,0.7);
#351 = AXIS2_PLACEMENT_3D('',#352,#353,#354);
#352 = CARTESIAN_POINT('',(-47.6,-115.8,10.8));
#353 = DIRECTION('',(-0.281475318081,0.633109975245,0.721071012145));
#354 = DIRECTION('',(-0.934995567096,-0.349927459135,-5.774134441753E-02
    ));
#355 = PCURVE('',#77,#356);
#356 = DEFINITIONAL_REPRESENTATION('',(#357),#364);
#357 = B_SPLINE_CURVE_WITH_KNOTS('',5,(#358,#359,#360,#361,#362,#363),
  .UNSPECIFIED.,.F.,.F.,(6,6),(4.494912815937,4.712388980385),
  .PIECEWISE_BEZIER_KNOTS.);
#358 = CARTESIAN_POINT('',(1.996579016954,5.890860222866));
#359 = CARTESIAN_POINT('',(2.040074249844,5.899810125383));
#360 = CARTESIAN_POINT('',(2.083569482734,5.908867551716));
#361 = CARTESIAN_POINT('',(2.127064715623,5.917997227968));
#362 = CARTESIAN_POINT('',(2.170559948513,5.927163029948));
#363 = CARTESIAN_POINT('',(2.214055181402,5.936328831862));
#364 = ( GEOMETRIC_REPRESENTATION_CONTEXT(2) 
PARAMETRIC_REPRESENTATION_CONTEXT() REPRESENTATION_CONTEXT('2D SPACE',''
  ) );
#365 = PCURVE('',#366,#371);
#366 = CYLINDRICAL_SURFACE('',#367,0.7);
#367 = AXIS2_PLACEMENT_3D('',#368,#369,#370);
#368 = CARTESIAN_POINT('',(-47.6,-115.8,10.8));
#369 = DIRECTION('',(0.,0.707106781187,0.707106781187));
#370 = DIRECTION('',(0.,0.707106781187,-0.707106781187));
#371 = DEFINITIONAL_REPRESENTATION('',(#372),#379);
#372 = B_SPLINE_CURVE_WITH_KNOTS('',5,(#373,#374,#375,#376,#377,#378),
  .UNSPECIFIED.,.F.,.F.,(6,6),(4.494912815937,4.712388980385),
  .PIECEWISE_BEZIER_KNOTS.);
#373 = CARTESIAN_POINT('',(1.685001344803E-11,4.546860899598E-02));
#374 = CARTESIAN_POINT('',(4.349523290643E-02,3.651870647954E-02));
#375 = CARTESIAN_POINT('',(8.699046579599E-02,2.746128014635E-02));
#376 = CARTESIAN_POINT('',(0.130485698686,1.833160389401E-02));
#377 = CARTESIAN_POINT('',(0.173980931575,9.165801914372E-03));
#378 = CARTESIAN_POINT('',(0.217476164465,0.));
#379 = ( GEOMETRIC_REPRESENTATION_CONTEXT(2) 
PARAMETRIC_REPRESENTATION_CONTEXT() REPRESENTATION_CONTEXT('2D SPACE',''
  ) );
#380 = ORIENTED_EDGE('',*,*,#381,.F.);
#381 = EDGE_CURVE('',#382,#347,#384,.T.);
#382 = VERTEX_POINT('',#383);
#383 = CARTESIAN_POINT('',(-46.96249898583,-115.8852120445,
    11.123670473846));
#384 = SURFACE_CURVE('',#385,(#390,#402),.PCURVE_S1.);
#385 = ELLIPSE('',#386,0.731031895204,0.7);
#386 = AXIS2_PLACEMENT_3D('',#387,#388,#389);
#387 = CARTESIAN_POINT('',(-47.6,-115.8,10.8));
#388 = DIRECTION('',(-0.281475318081,0.633109975245,0.721071012145));
#389 = DIRECTION('',(-0.934995567096,-0.349927459135,-5.774134441753E-02
    ));
#390 = PCURVE('',#77,#391);
#391 = DEFINITIONAL_REPRESENTATION('',(#392),#401);
#392 = B_SPLINE_CURVE_WITH_KNOTS('',7,(#393,#394,#395,#396,#397,#398,
    #399,#400),.UNSPECIFIED.,.F.,.F.,(8,8),(2.498333798981,
    4.494912815937),.PIECEWISE_BEZIER_KNOTS.);
#393 = CARTESIAN_POINT('',(-1.03561603737E-12,5.767713259502));
#394 = CARTESIAN_POINT('',(0.28522557385,5.7316613556));
#395 = CARTESIAN_POINT('',(0.570451147701,5.711615058396));
#396 = CARTESIAN_POINT('',(0.855676721552,5.712349519265));
#397 = CARTESIAN_POINT('',(1.140902295402,5.735526137573));
#398 = CARTESIAN_POINT('',(1.426127869253,5.777797262779));
#399 = CARTESIAN_POINT('',(1.711353443104,5.832170088073));
#400 = CARTESIAN_POINT('',(1.996579016954,5.890860222866));
#401 = ( GEOMETRIC_REPRESENTATION_CONTEXT(2) 
PARAMETRIC_REPRESENTATION_CONTEXT() REPRESENTATION_CONTEXT('2D SPACE',''
  ) );
#402 = PCURVE('',#366,#403);
#403 = DEFINITIONAL_REPRESENTATION('',(#404),#413);
#404 = B_SPLINE_CURVE_WITH_KNOTS('',7,(#405,#406,#407,#408,#409,#410,
    #411,#412),.UNSPECIFIED.,.F.,.F.,(8,8),(2.498333798981,
    4.494912815937),.PIECEWISE_BEZIER_KNOTS.);
#405 = CARTESIAN_POINT('',(4.286606290241,0.168615572361));
#406 = CARTESIAN_POINT('',(4.571831864092,0.204667476262));
#407 = CARTESIAN_POINT('',(4.857057437943,0.224713773468));
#408 = CARTESIAN_POINT('',(5.142283011793,0.223979312598));
#409 = CARTESIAN_POINT('',(5.427508585645,0.200802694293));
#410 = CARTESIAN_POINT('',(5.712734159495,0.158531569084));
#411 = CARTESIAN_POINT('',(5.997959733346,0.104158743789));
#412 = CARTESIAN_POINT('',(6.283185307196,4.546860899598E-02));
#413 = ( GEOMETRIC_REPRESENTATION_CONTEXT(2) 
PARAMETRIC_REPRESENTATION_CONTEXT() REPRESENTATION_CONTEXT('2D SPACE',''
  ) );
#414 = ORIENTED_EDGE('',*,*,#415,.F.);
#415 = EDGE_CURVE('',#207,#382,#416,.T.);
#416 = SEAM_CURVE('',#417,(#421,#428),.PCURVE_S1.);
#417 = LINE('',#418,#419);
#418 = CARTESIAN_POINT('',(-43.85339183339,-118.8,7.237286533288));
#419 = VECTOR('',#420,1.);
#420 = DIRECTION('',(-0.539053696423,0.505362840397,0.673817120529));
#421 = PCURVE('',#77,#422);
#422 = DEFINITIONAL_REPRESENTATION('',(#423),#427);
#423 = LINE('',#424,#425);
#424 = CARTESIAN_POINT('',(6.28318530718,-0.));
#425 = VECTOR('',#426,1.);
#426 = DIRECTION('',(0.,1.));
#427 = ( GEOMETRIC_REPRESENTATION_CONTEXT(2) 
PARAMETRIC_REPRESENTATION_CONTEXT() REPRESENTATION_CONTEXT('2D SPACE',''
  ) );
#428 = PCURVE('',#77,#429);
#429 = DEFINITIONAL_REPRESENTATION('',(#430),#434);
#430 = LINE('',#431,#432);
#431 = CARTESIAN_POINT('',(0.,-0.));
#432 = VECTOR('',#433,1.);
#433 = DIRECTION('',(0.,1.));
#434 = ( GEOMETRIC_REPRESENTATION_CONTEXT(2) 
PARAMETRIC_REPRESENTATION_CONTEXT() REPRESENTATION_CONTEXT('2D SPACE',''
  ) );
#435 = ORIENTED_EDGE('',*,*,#206,.T.);
#436 = ORIENTED_EDGE('',*,*,#144,.T.);
#437 = ORIENTED_EDGE('',*,*,#56,.T.);
#438 = ORIENTED_EDGE('',*,*,#243,.T.);
#439 = ORIENTED_EDGE('',*,*,#415,.T.);
#440 = ORIENTED_EDGE('',*,*,#441,.F.);
#441 = EDGE_CURVE('',#284,#382,#442,.T.);
#442 = SURFACE_CURVE('',#443,(#448,#458),.PCURVE_S1.);
#443 = ELLIPSE('',#444,0.731031895204,0.7);
#444 = AXIS2_PLACEMENT_3D('',#445,#446,#447);
#445 = CARTESIAN_POINT('',(-47.6,-115.8,10.8));
#446 = DIRECTION('',(-0.281475318081,0.633109975245,0.721071012145));
#447 = DIRECTION('',(-0.934995567096,-0.349927459135,-5.774134441753E-02
    ));
#448 = PCURVE('',#77,#449);
#449 = DEFINITIONAL_REPRESENTATION('',(#450),#457);
#450 = B_SPLINE_CURVE_WITH_KNOTS('',5,(#451,#452,#453,#454,#455,#456),
  .UNSPECIFIED.,.F.,.F.,(6,6),(1.570796328659,2.498333798981),
  .PIECEWISE_BEZIER_KNOTS.);
#451 = CARTESIAN_POINT('',(5.355647836856,5.93632883147));
#452 = CARTESIAN_POINT('',(5.541155330921,5.897236617651));
#453 = CARTESIAN_POINT('',(5.726662824985,5.858142788853));
#454 = CARTESIAN_POINT('',(5.91217031905,5.821859986477));
#455 = CARTESIAN_POINT('',(6.097677813114,5.791161010903));
#456 = CARTESIAN_POINT('',(6.283185307179,5.767713259502));
#457 = ( GEOMETRIC_REPRESENTATION_CONTEXT(2) 
PARAMETRIC_REPRESENTATION_CONTEXT() REPRESENTATION_CONTEXT('2D SPACE',''
  ) );
#458 = PCURVE('',#366,#459);
#459 = DEFINITIONAL_REPRESENTATION('',(#460),#467);
#460 = B_SPLINE_CURVE_WITH_KNOTS('',5,(#461,#462,#463,#464,#465,#466),
  .UNSPECIFIED.,.F.,.F.,(6,6),(1.570796328659,2.498333798981),
  .PIECEWISE_BEZIER_KNOTS.);
#461 = CARTESIAN_POINT('',(3.359068819919,3.92844867747E-10));
#462 = CARTESIAN_POINT('',(3.544576313983,3.909221421183E-02));
#463 = CARTESIAN_POINT('',(3.730083808048,7.818604300972E-02));
#464 = CARTESIAN_POINT('',(3.915591302112,0.114468845385));
#465 = CARTESIAN_POINT('',(4.101098796176,0.145167820959));
#466 = CARTESIAN_POINT('',(4.286606290241,0.168615572361));
#467 = ( GEOMETRIC_REPRESENTATION_CONTEXT(2) 
PARAMETRIC_REPRESENTATION_CONTEXT() REPRESENTATION_CONTEXT('2D SPACE',''
  ) );
#468 = ADVANCED_FACE('',(#469),#131,.F.);
#469 = FACE_BOUND('',#470,.T.);
#470 = EDGE_LOOP('',(#471));
#471 = ORIENTED_EDGE('',*,*,#116,.F.);
#472 = ADVANCED_FACE('',(#473),#300,.T.);
#473 = FACE_BOUND('',#474,.T.);
#474 = EDGE_LOOP('',(#475,#524));
#475 = ORIENTED_EDGE('',*,*,#476,.F.);
#476 = EDGE_CURVE('',#282,#284,#477,.T.);
#477 = SURFACE_CURVE('',#478,(#483,#517),.PCURVE_S1.);
#478 = CIRCLE('',#479,0.7);
#479 = AXIS2_PLACEMENT_3D('',#480,#481,#482);
#480 = CARTESIAN_POINT('',(-47.6,-115.8,10.8));
#481 = DIRECTION('',(0.,0.707106781187,0.707106781187));
#482 = DIRECTION('',(0.,0.707106781187,-0.707106781187));
#483 = PCURVE('',#300,#484);
#484 = DEFINITIONAL_REPRESENTATION('',(#485),#516);
#485 = B_SPLINE_CURVE_WITH_KNOTS('',8,(#486,#487,#488,#489,#490,#491,
    #492,#493,#494,#495,#496,#497,#498,#499,#500,#501,#502,#503,#504,
    #505,#506,#507,#508,#509,#510,#511,#512,#513,#514,#515),
  .UNSPECIFIED.,.F.,.F.,(9,7,7,7,9),(0.217476164465,1.002874327862,
    2.180971572958,2.770020195506,3.359068818055),.UNSPECIFIED.);
#486 = CARTESIAN_POINT('',(1.87368119517,-0.762112279325));
#487 = CARTESIAN_POINT('',(2.006345126319,-0.741406015608));
#488 = CARTESIAN_POINT('',(2.133016641191,-0.710654343599));
#489 = CARTESIAN_POINT('',(2.250946870142,-0.670935850597));
#490 = CARTESIAN_POINT('',(2.359050289258,-0.623925432089));
#491 = CARTESIAN_POINT('',(2.458557731175,-0.571237591811));
#492 = CARTESIAN_POINT('',(2.550622246091,-0.514071032547));
#493 = CARTESIAN_POINT('',(2.636611472502,-0.453441524763));
#494 = CARTESIAN_POINT('',(2.839512951563,-0.295246361448));
#495 = CARTESIAN_POINT('',(2.950390818979,-0.194370931952));
#496 = CARTESIAN_POINT('',(3.054661826316,-9.030393403849E-02));
#497 = CARTESIAN_POINT('',(3.156179006542,1.511245756776E-02));
#498 = CARTESIAN_POINT('',(3.258030484999,0.120364931045));
#499 = CARTESIAN_POINT('',(3.363363784577,0.223913990182));
#500 = CARTESIAN_POINT('',(3.476163047929,0.323830624828));
#501 = CARTESIAN_POINT('',(3.663037487901,0.463848295612));
#502 = CARTESIAN_POINT('',(3.728273342916,0.508878144262));
#503 = CARTESIAN_POINT('',(3.796994590496,0.55189887467));
#504 = CARTESIAN_POINT('',(3.869737114222,0.59248220533));
#505 = CARTESIAN_POINT('',(3.947044942184,0.630126557209));
#506 = CARTESIAN_POINT('',(4.029339813901,0.664239409617));
#507 = CARTESIAN_POINT('',(4.116714335273,0.694162861608));
#508 = CARTESIAN_POINT('',(4.300717706998,0.744420783513));
#509 = CARTESIAN_POINT('',(4.397348021705,0.764755360427));
#510 = CARTESIAN_POINT('',(4.498157061016,0.779688632911));
#511 = CARTESIAN_POINT('',(4.60219715811,0.788672057781));
#512 = CARTESIAN_POINT('',(4.707829577937,0.79129150038));
#513 = CARTESIAN_POINT('',(4.812906159684,0.787520654855));
#514 = CARTESIAN_POINT('',(4.915775900398,0.777641977113));
#515 = CARTESIAN_POINT('',(5.01527384876,0.762112279325));
#516 = ( GEOMETRIC_REPRESENTATION_CONTEXT(2) 
PARAMETRIC_REPRESENTATION_CONTEXT() REPRESENTATION_CONTEXT('2D SPACE',''
  ) );
#517 = PCURVE('',#366,#518);
#518 = DEFINITIONAL_REPRESENTATION('',(#519),#523);
#519 = LINE('',#520,#521);
#520 = CARTESIAN_POINT('',(0.,0.));
#521 = VECTOR('',#522,1.);
#522 = DIRECTION('',(1.,0.));
#523 = ( GEOMETRIC_REPRESENTATION_CONTEXT(2) 
PARAMETRIC_REPRESENTATION_CONTEXT() REPRESENTATION_CONTEXT('2D SPACE',''
  ) );
#524 = ORIENTED_EDGE('',*,*,#281,.T.);
#525 = ADVANCED_FACE('',(#526),#366,.T.);
#526 = FACE_BOUND('',#527,.T.);
#527 = EDGE_LOOP('',(#528,#551,#597,#638,#677,#678,#679,#680,#681));
#528 = ORIENTED_EDGE('',*,*,#529,.T.);
#529 = EDGE_CURVE('',#347,#530,#532,.T.);
#530 = VERTEX_POINT('',#531);
#531 = CARTESIAN_POINT('',(-47.6,-112.9050252531,12.705025253169));
#532 = SEAM_CURVE('',#533,(#537,#544),.PCURVE_S1.);
#533 = LINE('',#534,#535);
#534 = CARTESIAN_POINT('',(-47.6,-115.3050252531,10.305025253169));
#535 = VECTOR('',#536,1.);
#536 = DIRECTION('',(0.,0.707106781187,0.707106781187));
#537 = PCURVE('',#366,#538);
#538 = DEFINITIONAL_REPRESENTATION('',(#539),#543);
#539 = LINE('',#540,#541);
#540 = CARTESIAN_POINT('',(6.28318530718,-0.));
#541 = VECTOR('',#542,1.);
#542 = DIRECTION('',(0.,1.));
#543 = ( GEOMETRIC_REPRESENTATION_CONTEXT(2) 
PARAMETRIC_REPRESENTATION_CONTEXT() REPRESENTATION_CONTEXT('2D SPACE',''
  ) );
#544 = PCURVE('',#366,#545);
#545 = DEFINITIONAL_REPRESENTATION('',(#546),#550);
#546 = LINE('',#547,#548);
#547 = CARTESIAN_POINT('',(0.,-0.));
#548 = VECTOR('',#549,1.);
#549 = DIRECTION('',(0.,1.));
#550 = ( GEOMETRIC_REPRESENTATION_CONTEXT(2) 
PARAMETRIC_REPRESENTATION_CONTEXT() REPRESENTATION_CONTEXT('2D SPACE',''
  ) );
#551 = ORIENTED_EDGE('',*,*,#552,.F.);
#552 = EDGE_CURVE('',#553,#530,#555,.T.);
#553 = VERTEX_POINT('',#554);
#554 = CARTESIAN_POINT('',(-46.9,-113.4,13.2));
#555 = SURFACE_CURVE('',#556,(#561,#568),.PCURVE_S1.);
#556 = CIRCLE('',#557,0.7);
#557 = AXIS2_PLACEMENT_3D('',#558,#559,#560);
#558 = CARTESIAN_POINT('',(-47.6,-113.4,13.2));
#559 = DIRECTION('',(0.,0.707106781187,0.707106781187));
#560 = DIRECTION('',(0.,0.707106781187,-0.707106781187));
#561 = PCURVE('',#366,#562);
#562 = DEFINITIONAL_REPRESENTATION('',(#563),#567);
#563 = LINE('',#564,#565);
#564 = CARTESIAN_POINT('',(0.,3.394112549695));
#565 = VECTOR('',#566,1.);
#566 = DIRECTION('',(1.,0.));
#567 = ( GEOMETRIC_REPRESENTATION_CONTEXT(2) 
PARAMETRIC_REPRESENTATION_CONTEXT() REPRESENTATION_CONTEXT('2D SPACE',''
  ) );
#568 = PCURVE('',#569,#574);
#569 = SPHERICAL_SURFACE('',#570,0.7);
#570 = AXIS2_PLACEMENT_3D('',#571,#572,#573);
#571 = CARTESIAN_POINT('',(-47.6,-113.4,13.2));
#572 = DIRECTION('',(0.,0.,1.));
#573 = DIRECTION('',(1.,0.,-0.));
#574 = DEFINITIONAL_REPRESENTATION('',(#575),#596);
#575 = B_SPLINE_CURVE_WITH_KNOTS('',7,(#576,#577,#578,#579,#580,#581,
    #582,#583,#584,#585,#586,#587,#588,#589,#590,#591,#592,#593,#594,
    #595),.UNSPECIFIED.,.F.,.F.,(8,6,6,8),(4.712388980385,5.497787143782
    ,5.890486225481,6.28318530718),.UNSPECIFIED.);
#576 = CARTESIAN_POINT('',(2.030122102172E-14,-1.7763568394E-14));
#577 = CARTESIAN_POINT('',(7.933719532428E-02,-7.933719532427E-02));
#578 = CARTESIAN_POINT('',(0.158675382584,-0.158674057072));
#579 = CARTESIAN_POINT('',(0.239638020324,-0.237197513548));
#580 = CARTESIAN_POINT('',(0.323885550612,-0.3140826608));
#581 = CARTESIAN_POINT('',(0.413146283223,-0.388388224986));
#582 = CARTESIAN_POINT('',(0.509696781571,-0.458820226876));
#583 = CARTESIAN_POINT('',(0.66837117222,-0.55598804996));
#584 = CARTESIAN_POINT('',(0.723570736549,-0.586964171127));
#585 = CARTESIAN_POINT('',(0.781318597657,-0.616304579998));
#586 = CARTESIAN_POINT('',(0.841835703075,-0.64375964774));
#587 = CARTESIAN_POINT('',(0.905281334087,-0.669046071361));
#588 = CARTESIAN_POINT('',(0.971690841802,-0.691860096595));
#589 = CARTESIAN_POINT('',(1.11009623229,-0.731961039536));
#590 = CARTESIAN_POINT('',(1.182092598302,-0.749247615986));
#591 = CARTESIAN_POINT('',(1.256713567951,-0.763482035561));
#592 = CARTESIAN_POINT('',(1.33359887773,-0.774381802849));
#593 = CARTESIAN_POINT('',(1.412122281483,-0.781726860118));
#594 = CARTESIAN_POINT('',(1.491459131471,-0.785398163397));
#595 = CARTESIAN_POINT('',(1.570796326795,-0.785398163397));
#596 = ( GEOMETRIC_REPRESENTATION_CONTEXT(2) 
PARAMETRIC_REPRESENTATION_CONTEXT() REPRESENTATION_CONTEXT('2D SPACE',''
  ) );
#597 = ORIENTED_EDGE('',*,*,#598,.F.);
#598 = EDGE_CURVE('',#599,#553,#601,.T.);
#599 = VERTEX_POINT('',#600);
#600 = CARTESIAN_POINT('',(-48.3,-113.4,13.2));
#601 = SURFACE_CURVE('',#602,(#607,#620),.PCURVE_S1.);
#602 = ELLIPSE('',#603,0.711964419018,0.7);
#603 = AXIS2_PLACEMENT_3D('',#604,#605,#606);
#604 = CARTESIAN_POINT('',(-47.6,-113.4,13.2));
#605 = DIRECTION('',(0.,0.566136432625,0.824311554968));
#606 = DIRECTION('',(0.,0.824311554968,-0.566136432625));
#607 = PCURVE('',#366,#608);
#608 = DEFINITIONAL_REPRESENTATION('',(#609),#619);
#609 = B_SPLINE_CURVE_WITH_KNOTS('',8,(#610,#611,#612,#613,#614,#615,
    #616,#617,#618),.UNSPECIFIED.,.F.,.F.,(9,9),(1.57079631762,
    4.712388989531),.PIECEWISE_BEZIER_KNOTS.);
#610 = CARTESIAN_POINT('',(1.57079631762,3.394112550888));
#611 = CARTESIAN_POINT('',(1.963495401609,3.343071739243));
#612 = CARTESIAN_POINT('',(2.356194485597,3.29203052041));
#613 = CARTESIAN_POINT('',(2.748893569578,3.252987778018));
#614 = CARTESIAN_POINT('',(3.141592653566,3.23790955386));
#615 = CARTESIAN_POINT('',(3.53429173756,3.252987778002));
#616 = CARTESIAN_POINT('',(3.926990821551,3.292030520407));
#617 = CARTESIAN_POINT('',(4.319689905542,3.343071739239));
#618 = CARTESIAN_POINT('',(4.712388989531,3.394112550884));
#619 = ( GEOMETRIC_REPRESENTATION_CONTEXT(2) 
PARAMETRIC_REPRESENTATION_CONTEXT() REPRESENTATION_CONTEXT('2D SPACE',''
  ) );
#620 = PCURVE('',#621,#626);
#621 = CYLINDRICAL_SURFACE('',#622,0.7);
#622 = AXIS2_PLACEMENT_3D('',#623,#624,#625);
#623 = CARTESIAN_POINT('',(-47.6,-113.4,13.2));
#624 = DIRECTION('',(0.,0.406138466053,0.91381154862));
#625 = DIRECTION('',(0.,0.91381154862,-0.406138466053));
#626 = DEFINITIONAL_REPRESENTATION('',(#627),#637);
#627 = B_SPLINE_CURVE_WITH_KNOTS('',8,(#628,#629,#630,#631,#632,#633,
    #634,#635,#636),.UNSPECIFIED.,.F.,.F.,(9,9),(1.57079631762,
    4.712388989531),.PIECEWISE_BEZIER_KNOTS.);
#628 = CARTESIAN_POINT('',(1.57079631762,-1.192489662571E-09));
#629 = CARTESIAN_POINT('',(1.963495401609,5.104081045257E-02));
#630 = CARTESIAN_POINT('',(2.35619448559,0.102082029282));
#631 = CARTESIAN_POINT('',(2.7488935696,0.141124771682));
#632 = CARTESIAN_POINT('',(3.141592653536,0.15620299582));
#633 = CARTESIAN_POINT('',(3.53429173758,0.141124771684));
#634 = CARTESIAN_POINT('',(3.926990821546,0.102082029285));
#635 = CARTESIAN_POINT('',(4.319689905542,5.104081045633E-02));
#636 = CARTESIAN_POINT('',(4.712388989531,-1.188730891499E-09));
#637 = ( GEOMETRIC_REPRESENTATION_CONTEXT(2) 
PARAMETRIC_REPRESENTATION_CONTEXT() REPRESENTATION_CONTEXT('2D SPACE',''
  ) );
#638 = ORIENTED_EDGE('',*,*,#639,.F.);
#639 = EDGE_CURVE('',#530,#599,#640,.T.);
#640 = SURFACE_CURVE('',#641,(#646,#653),.PCURVE_S1.);
#641 = CIRCLE('',#642,0.7);
#642 = AXIS2_PLACEMENT_3D('',#643,#644,#645);
#643 = CARTESIAN_POINT('',(-47.6,-113.4,13.2));
#644 = DIRECTION('',(0.,0.707106781187,0.707106781187));
#645 = DIRECTION('',(0.,0.707106781187,-0.707106781187));
#646 = PCURVE('',#366,#647);
#647 = DEFINITIONAL_REPRESENTATION('',(#648),#652);
#648 = LINE('',#649,#650);
#649 = CARTESIAN_POINT('',(0.,3.394112549695));
#650 = VECTOR('',#651,1.);
#651 = DIRECTION('',(1.,0.));
#652 = ( GEOMETRIC_REPRESENTATION_CONTEXT(2) 
PARAMETRIC_REPRESENTATION_CONTEXT() REPRESENTATION_CONTEXT('2D SPACE',''
  ) );
#653 = PCURVE('',#569,#654);
#654 = DEFINITIONAL_REPRESENTATION('',(#655),#676);
#655 = B_SPLINE_CURVE_WITH_KNOTS('',7,(#656,#657,#658,#659,#660,#661,
    #662,#663,#664,#665,#666,#667,#668,#669,#670,#671,#672,#673,#674,
    #675),.UNSPECIFIED.,.F.,.F.,(8,6,6,8),(0.,0.392699081699,
    0.981747704247,1.570796326795),.UNSPECIFIED.);
#656 = CARTESIAN_POINT('',(1.570796326795,-0.785398163397));
#657 = CARTESIAN_POINT('',(1.650133522119,-0.785398163397));
#658 = CARTESIAN_POINT('',(1.729470372107,-0.781726860118));
#659 = CARTESIAN_POINT('',(1.80799377586,-0.774381802849));
#660 = CARTESIAN_POINT('',(1.884879085639,-0.763482035561));
#661 = CARTESIAN_POINT('',(1.959500055287,-0.749247615986));
#662 = CARTESIAN_POINT('',(2.0314964213,-0.731961039536));
#663 = CARTESIAN_POINT('',(2.20450315941,-0.68183486086));
#664 = CARTESIAN_POINT('',(2.302022764255,-0.645541359022));
#665 = CARTESIAN_POINT('',(2.392680657461,-0.604010907574));
#666 = CARTESIAN_POINT('',(2.476944564968,-0.558297661429));
#667 = CARTESIAN_POINT('',(2.555711625998,-0.509239672906));
#668 = CARTESIAN_POINT('',(2.629845844893,-0.4575261621));
#669 = CARTESIAN_POINT('',(2.770569380354,-0.349925782922));
#670 = CARTESIAN_POINT('',(2.837157135674,-0.294038935636));
#671 = CARTESIAN_POINT('',(2.900829208889,-0.236634995666));
#672 = CARTESIAN_POINT('',(2.962394306455,-0.17816465291));
#673 = CARTESIAN_POINT('',(3.022587421914,-0.119005781875));
#674 = CARTESIAN_POINT('',(3.082089757097,-5.950289649321E-02));
#675 = CARTESIAN_POINT('',(3.14159265359,-2.030122102172E-14));
#676 = ( GEOMETRIC_REPRESENTATION_CONTEXT(2) 
PARAMETRIC_REPRESENTATION_CONTEXT() REPRESENTATION_CONTEXT('2D SPACE',''
  ) );
#677 = ORIENTED_EDGE('',*,*,#529,.F.);
#678 = ORIENTED_EDGE('',*,*,#346,.T.);
#679 = ORIENTED_EDGE('',*,*,#476,.T.);
#680 = ORIENTED_EDGE('',*,*,#441,.T.);
#681 = ORIENTED_EDGE('',*,*,#381,.T.);
#682 = ADVANCED_FACE('',(#683),#569,.T.);
#683 = FACE_BOUND('',#684,.T.);
#684 = EDGE_LOOP('',(#685,#718,#719,#720));
#685 = ORIENTED_EDGE('',*,*,#686,.F.);
#686 = EDGE_CURVE('',#553,#687,#689,.T.);
#687 = VERTEX_POINT('',#688);
#688 = CARTESIAN_POINT('',(-47.6,-112.7603319159,12.915703073763));
#689 = SURFACE_CURVE('',#690,(#695,#711),.PCURVE_S1.);
#690 = CIRCLE('',#691,0.7);
#691 = AXIS2_PLACEMENT_3D('',#692,#693,#694);
#692 = CARTESIAN_POINT('',(-47.6,-113.4,13.2));
#693 = DIRECTION('',(0.,0.406138466053,0.91381154862));
#694 = DIRECTION('',(0.,0.91381154862,-0.406138466053));
#695 = PCURVE('',#569,#696);
#696 = DEFINITIONAL_REPRESENTATION('',(#697),#710);
#697 = B_SPLINE_CURVE_WITH_KNOTS('',6,(#698,#699,#700,#701,#702,#703,
    #704,#705,#706,#707,#708,#709),.UNSPECIFIED.,.F.,.F.,(7,5,7),(
    4.712388980385,5.497787143782,6.28318530718),.UNSPECIFIED.);
#698 = CARTESIAN_POINT('',(2.030122102172E-14,-1.015061051086E-14));
#699 = CARTESIAN_POINT('',(0.119617651996,-5.316340088725E-02));
#700 = CARTESIAN_POINT('',(0.239235231109,-0.106327410808));
#701 = CARTESIAN_POINT('',(0.360070794862,-0.158118348702));
#702 = CARTESIAN_POINT('',(0.483335217534,-0.207183039127));
#703 = CARTESIAN_POINT('',(0.610023798807,-0.252039540906));
#704 = CARTESIAN_POINT('',(0.870763399788,-0.330530315832));
#705 = CARTESIAN_POINT('',(1.004815906552,-0.364163105622));
#706 = CARTESIAN_POINT('',(1.142800660751,-0.390799368623));
#707 = CARTESIAN_POINT('',(1.284304928763,-0.409088003498));
#708 = CARTESIAN_POINT('',(1.427550496627,-0.418224329579));
#709 = CARTESIAN_POINT('',(1.570796326795,-0.418224329579));
#710 = ( GEOMETRIC_REPRESENTATION_CONTEXT(2) 
PARAMETRIC_REPRESENTATION_CONTEXT() REPRESENTATION_CONTEXT('2D SPACE',''
  ) );
#711 = PCURVE('',#621,#712);
#712 = DEFINITIONAL_REPRESENTATION('',(#713),#717);
#713 = LINE('',#714,#715);
#714 = CARTESIAN_POINT('',(0.,0.));
#715 = VECTOR('',#716,1.);
#716 = DIRECTION('',(1.,0.));
#717 = ( GEOMETRIC_REPRESENTATION_CONTEXT(2) 
PARAMETRIC_REPRESENTATION_CONTEXT() REPRESENTATION_CONTEXT('2D SPACE',''
  ) );
#718 = ORIENTED_EDGE('',*,*,#552,.T.);
#719 = ORIENTED_EDGE('',*,*,#639,.T.);
#720 = ORIENTED_EDGE('',*,*,#721,.F.);
#721 = EDGE_CURVE('',#687,#599,#722,.T.);
#722 = SURFACE_CURVE('',#723,(#728,#744),.PCURVE_S1.);
#723 = CIRCLE('',#724,0.7);
#724 = AXIS2_PLACEMENT_3D('',#725,#726,#727);
#725 = CARTESIAN_POINT('',(-47.6,-113.4,13.2));
#726 = DIRECTION('',(0.,0.406138466053,0.91381154862));
#727 = DIRECTION('',(0.,0.91381154862,-0.406138466053));
#728 = PCURVE('',#569,#729);
#729 = DEFINITIONAL_REPRESENTATION('',(#730),#743);
#730 = B_SPLINE_CURVE_WITH_KNOTS('',6,(#731,#732,#733,#734,#735,#736,
    #737,#738,#739,#740,#741,#742),.UNSPECIFIED.,.F.,.F.,(7,5,7),(0.,
    0.785398163397,1.570796326795),.UNSPECIFIED.);
#731 = CARTESIAN_POINT('',(1.570796326795,-0.418224329579));
#732 = CARTESIAN_POINT('',(1.714042156963,-0.418224329579));
#733 = CARTESIAN_POINT('',(1.857287724827,-0.409088003498));
#734 = CARTESIAN_POINT('',(1.998791992838,-0.390799368623));
#735 = CARTESIAN_POINT('',(2.136776747037,-0.364163105622));
#736 = CARTESIAN_POINT('',(2.270829253802,-0.330530315832));
#737 = CARTESIAN_POINT('',(2.531568854782,-0.252039540906));
#738 = CARTESIAN_POINT('',(2.658257436056,-0.207183039127));
#739 = CARTESIAN_POINT('',(2.781521858727,-0.158118348702));
#740 = CARTESIAN_POINT('',(2.902357422481,-0.106327410808));
#741 = CARTESIAN_POINT('',(3.021975001593,-5.316340088725E-02));
#742 = CARTESIAN_POINT('',(3.14159265359,-1.015061051086E-14));
#743 = ( GEOMETRIC_REPRESENTATION_CONTEXT(2) 
PARAMETRIC_REPRESENTATION_CONTEXT() REPRESENTATION_CONTEXT('2D SPACE',''
  ) );
#744 = PCURVE('',#621,#745);
#745 = DEFINITIONAL_REPRESENTATION('',(#746),#750);
#746 = LINE('',#747,#748);
#747 = CARTESIAN_POINT('',(0.,0.));
#748 = VECTOR('',#749,1.);
#749 = DIRECTION('',(1.,0.));
#750 = ( GEOMETRIC_REPRESENTATION_CONTEXT(2) 
PARAMETRIC_REPRESENTATION_CONTEXT() REPRESENTATION_CONTEXT('2D SPACE',''
  ) );
#751 = ADVANCED_FACE('',(#752),#621,.T.);
#752 = FACE_BOUND('',#753,.T.);
#753 = EDGE_LOOP('',(#754,#777,#826,#867,#899,#924,#925,#926,#927));
#754 = ORIENTED_EDGE('',*,*,#755,.T.);
#755 = EDGE_CURVE('',#687,#756,#758,.T.);
#756 = VERTEX_POINT('',#757);
#757 = CARTESIAN_POINT('',(-47.6,-103.1603319159,34.515703073763));
#758 = SEAM_CURVE('',#759,(#763,#770),.PCURVE_S1.);
#759 = LINE('',#760,#761);
#760 = CARTESIAN_POINT('',(-47.6,-112.7603319159,12.915703073763));
#761 = VECTOR('',#762,1.);
#762 = DIRECTION('',(-1.232595164408E-32,0.406138466053,0.91381154862));
#763 = PCURVE('',#621,#764);
#764 = DEFINITIONAL_REPRESENTATION('',(#765),#769);
#765 = LINE('',#766,#767);
#766 = CARTESIAN_POINT('',(6.28318530718,-0.));
#767 = VECTOR('',#768,1.);
#768 = DIRECTION('',(0.,1.));
#769 = ( GEOMETRIC_REPRESENTATION_CONTEXT(2) 
PARAMETRIC_REPRESENTATION_CONTEXT() REPRESENTATION_CONTEXT('2D SPACE',''
  ) );
#770 = PCURVE('',#621,#771);
#771 = DEFINITIONAL_REPRESENTATION('',(#772),#776);
#772 = LINE('',#773,#774);
#773 = CARTESIAN_POINT('',(0.,-0.));
#774 = VECTOR('',#775,1.);
#775 = DIRECTION('',(0.,1.));
#776 = ( GEOMETRIC_REPRESENTATION_CONTEXT(2) 
PARAMETRIC_REPRESENTATION_CONTEXT() REPRESENTATION_CONTEXT('2D SPACE',''
  ) );
#777 = ORIENTED_EDGE('',*,*,#778,.T.);
#778 = EDGE_CURVE('',#756,#779,#781,.T.);
#779 = VERTEX_POINT('',#780);
#780 = CARTESIAN_POINT('',(-47.37926136982,-104.4070312329,
    35.069791659106));
#781 = SURFACE_CURVE('',#782,(#787,#794),.PCURVE_S1.);
#782 = CIRCLE('',#783,0.7);
#783 = AXIS2_PLACEMENT_3D('',#784,#785,#786);
#784 = CARTESIAN_POINT('',(-47.6,-103.8,34.8));
#785 = DIRECTION('',(-1.030638345596E-15,-0.406138466053,-0.91381154862)
  );
#786 = DIRECTION('',(1.015061051086E-14,0.91381154862,-0.406138466053));
#787 = PCURVE('',#621,#788);
#788 = DEFINITIONAL_REPRESENTATION('',(#789),#793);
#789 = LINE('',#790,#791);
#790 = CARTESIAN_POINT('',(6.28318530718,23.637258724311));
#791 = VECTOR('',#792,1.);
#792 = DIRECTION('',(-1.,-0.));
#793 = ( GEOMETRIC_REPRESENTATION_CONTEXT(2) 
PARAMETRIC_REPRESENTATION_CONTEXT() REPRESENTATION_CONTEXT('2D SPACE',''
  ) );
#794 = PCURVE('',#795,#800);
#795 = SPHERICAL_SURFACE('',#796,0.7);
#796 = AXIS2_PLACEMENT_3D('',#797,#798,#799);
#797 = CARTESIAN_POINT('',(-47.6,-103.8,34.8));
#798 = DIRECTION('',(0.,0.,1.));
#799 = DIRECTION('',(1.,0.,-0.));
#800 = DEFINITIONAL_REPRESENTATION('',(#801),#825);
#801 = B_SPLINE_CURVE_WITH_KNOTS('',8,(#802,#803,#804,#805,#806,#807,
    #808,#809,#810,#811,#812,#813,#814,#815,#816,#817,#818,#819,#820,
    #821,#822,#823,#824),.UNSPECIFIED.,.F.,.F.,(9,7,7,9),(0.,
    0.785398163397,1.570796326795,2.820776792317),.UNSPECIFIED.);
#802 = CARTESIAN_POINT('',(7.853981633974,-0.418224329579));
#803 = CARTESIAN_POINT('',(7.746547261348,-0.418224329579));
#804 = CARTESIAN_POINT('',(7.639113029242,-0.413329869179));
#805 = CARTESIAN_POINT('',(7.532300736781,-0.403535240266));
#806 = CARTESIAN_POINT('',(7.426740149462,-0.389010591167));
#807 = CARTESIAN_POINT('',(7.322918714507,-0.370072543502));
#808 = CARTESIAN_POINT('',(7.221106485574,-0.34714626081));
#809 = CARTESIAN_POINT('',(7.121356256845,-0.320718968967));
#810 = CARTESIAN_POINT('',(6.92580155611,-0.261850887772));
#811 = CARTESIAN_POINT('',(6.829996287465,-0.229410893077));
#812 = CARTESIAN_POINT('',(6.736071293181,-0.194465989166));
#813 = CARTESIAN_POINT('',(6.64377657181,-0.157534152816));
#814 = CARTESIAN_POINT('',(6.552759927581,-0.119128030421));
#815 = CARTESIAN_POINT('',(6.462611746129,-7.974542759872E-02));
#816 = CARTESIAN_POINT('',(6.372898546177,-3.987255066544E-02));
#817 = CARTESIAN_POINT('',(6.140404484062,6.345814360799E-02));
#818 = CARTESIAN_POINT('',(5.997623557575,0.126915856222));
#819 = CARTESIAN_POINT('',(5.853091580255,0.188405610668));
#820 = CARTESIAN_POINT('',(5.705048043255,0.245940521938));
#821 = CARTESIAN_POINT('',(5.552050503982,0.297514762337));
#822 = CARTESIAN_POINT('',(5.393068893986,0.34085770729));
#823 = CARTESIAN_POINT('',(5.22885057311,0.373972940325));
#824 = CARTESIAN_POINT('',(5.061159983969,0.3956593207));
#825 = ( GEOMETRIC_REPRESENTATION_CONTEXT(2) 
PARAMETRIC_REPRESENTATION_CONTEXT() REPRESENTATION_CONTEXT('2D SPACE',''
  ) );
#826 = ORIENTED_EDGE('',*,*,#827,.F.);
#827 = EDGE_CURVE('',#828,#779,#830,.T.);
#828 = VERTEX_POINT('',#829);
#829 = CARTESIAN_POINT('',(-48.2859833867,-103.8,34.456816472536));
#830 = SURFACE_CURVE('',#831,(#836,#849),.PCURVE_S1.);
#831 = ELLIPSE('',#832,0.787895707754,0.7);
#832 = AXIS2_PLACEMENT_3D('',#833,#834,#835);
#833 = CARTESIAN_POINT('',(-47.6,-103.8,34.8));
#834 = DIRECTION('',(-0.435569738591,0.228567681541,0.870652524133));
#835 = DIRECTION('',(0.843112756072,0.442428182813,0.305643883633));
#836 = PCURVE('',#621,#837);
#837 = DEFINITIONAL_REPRESENTATION('',(#838),#848);
#838 = B_SPLINE_CURVE_WITH_KNOTS('',8,(#839,#840,#841,#842,#843,#844,
    #845,#846,#847),.UNSPECIFIED.,.F.,.F.,(9,9),(2.620322720819,
    4.712389809947),.PIECEWISE_BEZIER_KNOTS.);
#839 = CARTESIAN_POINT('',(1.370342255296,23.323653653618));
#840 = CARTESIAN_POINT('',(1.631850641437,23.27655926338));
#841 = CARTESIAN_POINT('',(1.893359027573,23.253975169744));
#842 = CARTESIAN_POINT('',(2.154867413727,23.260807867773));
#843 = CARTESIAN_POINT('',(2.416375799838,23.29839365762));
#844 = CARTESIAN_POINT('',(2.67788418601,23.36340351039));
#845 = CARTESIAN_POINT('',(2.939392572137,23.448117829594));
#846 = CARTESIAN_POINT('',(3.200900958284,23.542688521136));
#847 = CARTESIAN_POINT('',(3.462409344425,23.637259024309));
#848 = ( GEOMETRIC_REPRESENTATION_CONTEXT(2) 
PARAMETRIC_REPRESENTATION_CONTEXT() REPRESENTATION_CONTEXT('2D SPACE',''
  ) );
#849 = PCURVE('',#850,#855);
#850 = CYLINDRICAL_SURFACE('',#851,0.7);
#851 = AXIS2_PLACEMENT_3D('',#852,#853,#854);
#852 = CARTESIAN_POINT('',(-47.6,-103.8,34.8));
#853 = DIRECTION('',(-0.773957299203,0.,0.633237790257));
#854 = DIRECTION('',(-0.633237790257,0.,-0.773957299203));
#855 = DEFINITIONAL_REPRESENTATION('',(#856),#866);
#856 = B_SPLINE_CURVE_WITH_KNOTS('',8,(#857,#858,#859,#860,#861,#862,
    #863,#864,#865),.UNSPECIFIED.,.F.,.F.,(9,9),(2.620322720819,
    4.712389809947),.PIECEWISE_BEZIER_KNOTS.);
#857 = CARTESIAN_POINT('',(-1.829647544582E-13,0.313605070692));
#858 = CARTESIAN_POINT('',(0.261508386141,0.360699460931));
#859 = CARTESIAN_POINT('',(0.523016772282,0.383283554576));
#860 = CARTESIAN_POINT('',(0.784525158426,0.376450856408));
#861 = CARTESIAN_POINT('',(1.046033544559,0.338865066662));
#862 = CARTESIAN_POINT('',(1.307541930707,0.273855213857));
#863 = CARTESIAN_POINT('',(1.569050316846,0.189140894731));
#864 = CARTESIAN_POINT('',(1.830558702988,9.457020317468E-02));
#865 = CARTESIAN_POINT('',(2.092067089129,-2.999986676855E-07));
#866 = ( GEOMETRIC_REPRESENTATION_CONTEXT(2) 
PARAMETRIC_REPRESENTATION_CONTEXT() REPRESENTATION_CONTEXT('2D SPACE',''
  ) );
#867 = ORIENTED_EDGE('',*,*,#868,.F.);
#868 = EDGE_CURVE('',#869,#828,#871,.T.);
#869 = VERTEX_POINT('',#870);
#870 = CARTESIAN_POINT('',(-47.82073863017,-103.192968767,
    34.530208340894));
#871 = SURFACE_CURVE('',#872,(#877,#888),.PCURVE_S1.);
#872 = ELLIPSE('',#873,0.787895707754,0.7);
#873 = AXIS2_PLACEMENT_3D('',#874,#875,#876);
#874 = CARTESIAN_POINT('',(-47.6,-103.8,34.8));
#875 = DIRECTION('',(-0.435569738591,0.228567681541,0.870652524133));
#876 = DIRECTION('',(0.843112756072,0.442428182813,0.305643883633));
#877 = PCURVE('',#621,#878);
#878 = DEFINITIONAL_REPRESENTATION('',(#879),#887);
#879 = B_SPLINE_CURVE_WITH_KNOTS('',6,(#880,#881,#882,#883,#884,#885,
    #886),.UNSPECIFIED.,.F.,.F.,(7,7),(1.570795497225,2.620322720819),
  .PIECEWISE_BEZIER_KNOTS.);
#880 = CARTESIAN_POINT('',(0.320815031702,23.637259024312));
#881 = CARTESIAN_POINT('',(0.495736235635,23.57400144961));
#882 = CARTESIAN_POINT('',(0.670657439567,23.510744376293));
#883 = CARTESIAN_POINT('',(0.8455786435,23.450967956858));
#884 = CARTESIAN_POINT('',(1.020499847432,23.398170021892));
#885 = CARTESIAN_POINT('',(1.195421051364,23.355154775095));
#886 = CARTESIAN_POINT('',(1.370342255296,23.323653653618));
#887 = ( GEOMETRIC_REPRESENTATION_CONTEXT(2) 
PARAMETRIC_REPRESENTATION_CONTEXT() REPRESENTATION_CONTEXT('2D SPACE',''
  ) );
#888 = PCURVE('',#850,#889);
#889 = DEFINITIONAL_REPRESENTATION('',(#890),#898);
#890 = B_SPLINE_CURVE_WITH_KNOTS('',6,(#891,#892,#893,#894,#895,#896,
    #897),.UNSPECIFIED.,.F.,.F.,(7,7),(1.570795497225,2.620322720819),
  .PIECEWISE_BEZIER_KNOTS.);
#891 = CARTESIAN_POINT('',(5.233658083586,-3.000013322207E-07));
#892 = CARTESIAN_POINT('',(5.408579287518,6.325727470084E-02));
#893 = CARTESIAN_POINT('',(5.58350049145,0.126514348018));
#894 = CARTESIAN_POINT('',(5.758421695382,0.186290767452));
#895 = CARTESIAN_POINT('',(5.933342899315,0.239088702419));
#896 = CARTESIAN_POINT('',(6.108264103247,0.282103949216));
#897 = CARTESIAN_POINT('',(6.283185307179,0.313605070692));
#898 = ( GEOMETRIC_REPRESENTATION_CONTEXT(2) 
PARAMETRIC_REPRESENTATION_CONTEXT() REPRESENTATION_CONTEXT('2D SPACE',''
  ) );
#899 = ORIENTED_EDGE('',*,*,#900,.F.);
#900 = EDGE_CURVE('',#756,#869,#901,.T.);
#901 = SURFACE_CURVE('',#902,(#907,#914),.PCURVE_S1.);
#902 = CIRCLE('',#903,0.7);
#903 = AXIS2_PLACEMENT_3D('',#904,#905,#906);
#904 = CARTESIAN_POINT('',(-47.6,-103.8,34.8));
#905 = DIRECTION('',(0.,0.406138466053,0.91381154862));
#906 = DIRECTION('',(0.,0.91381154862,-0.406138466053));
#907 = PCURVE('',#621,#908);
#908 = DEFINITIONAL_REPRESENTATION('',(#909),#913);
#909 = LINE('',#910,#911);
#910 = CARTESIAN_POINT('',(0.,23.637258724311));
#911 = VECTOR('',#912,1.);
#912 = DIRECTION('',(1.,0.));
#913 = ( GEOMETRIC_REPRESENTATION_CONTEXT(2) 
PARAMETRIC_REPRESENTATION_CONTEXT() REPRESENTATION_CONTEXT('2D SPACE',''
  ) );
#914 = PCURVE('',#795,#915);
#915 = DEFINITIONAL_REPRESENTATION('',(#916),#923);
#916 = B_SPLINE_CURVE_WITH_KNOTS('',5,(#917,#918,#919,#920,#921,#922),
  .UNSPECIFIED.,.F.,.F.,(6,6),(0.,0.320815861273),
  .PIECEWISE_BEZIER_KNOTS.);
#917 = CARTESIAN_POINT('',(7.853981633974,-0.418224329579));
#918 = CARTESIAN_POINT('',(7.92419651838,-0.418224329579));
#919 = CARTESIAN_POINT('',(7.994411544802,-0.415937263649));
#920 = CARTESIAN_POINT('',(8.064387915847,-0.411362411095));
#921 = CARTESIAN_POINT('',(8.133890376406,-0.404564848413));
#922 = CARTESIAN_POINT('',(8.202752637558,-0.3956593207));
#923 = ( GEOMETRIC_REPRESENTATION_CONTEXT(2) 
PARAMETRIC_REPRESENTATION_CONTEXT() REPRESENTATION_CONTEXT('2D SPACE',''
  ) );
#924 = ORIENTED_EDGE('',*,*,#755,.F.);
#925 = ORIENTED_EDGE('',*,*,#721,.T.);
#926 = ORIENTED_EDGE('',*,*,#598,.T.);
#927 = ORIENTED_EDGE('',*,*,#686,.T.);
#928 = ADVANCED_FACE('',(#929),#795,.T.);
#929 = FACE_BOUND('',#930,.T.);
#930 = EDGE_LOOP('',(#931,#987,#988));
#931 = ORIENTED_EDGE('',*,*,#932,.T.);
#932 = EDGE_CURVE('',#869,#779,#933,.T.);
#933 = SURFACE_CURVE('',#934,(#939,#980),.PCURVE_S1.);
#934 = CIRCLE('',#935,0.7);
#935 = AXIS2_PLACEMENT_3D('',#936,#937,#938);
#936 = CARTESIAN_POINT('',(-47.6,-103.8,34.8));
#937 = DIRECTION('',(0.773957299203,2.498001805407E-15,-0.633237790257)
  );
#938 = DIRECTION('',(-0.315340900254,0.867187475698,-0.385416655866));
#939 = PCURVE('',#795,#940);
#940 = DEFINITIONAL_REPRESENTATION('',(#941),#979);
#941 = B_SPLINE_CURVE_WITH_KNOTS('',8,(#942,#943,#944,#945,#946,#947,
    #948,#949,#950,#951,#952,#953,#954,#955,#956,#957,#958,#959,#960,
    #961,#962,#963,#964,#965,#966,#967,#968,#969,#970,#971,#972,#973,
    #974,#975,#976,#977,#978),.UNSPECIFIED.,.F.,.F.,(9,7,7,7,7,9),(0.,
    0.784524847337,1.569049694674,2.092066259566,2.616829456578,
    3.14159265359),.UNSPECIFIED.);
#942 = CARTESIAN_POINT('',(8.202752637558,-0.3956593207));
#943 = CARTESIAN_POINT('',(8.129819927758,-0.324330323556));
#944 = CARTESIAN_POINT('',(8.061854896085,-0.250840305308));
#945 = CARTESIAN_POINT('',(7.997304249934,-0.17593466262));
#946 = CARTESIAN_POINT('',(7.934888114974,-0.100165931142));
#947 = CARTESIAN_POINT('',(7.873502885579,-2.397963964501E-02));
#948 = CARTESIAN_POINT('',(7.812118572362,5.221263552068E-02));
#949 = CARTESIAN_POINT('',(7.749670646812,0.127973015635));
#950 = CARTESIAN_POINT('',(7.620222119269,0.277606713343));
#951 = CARTESIAN_POINT('',(7.553221939501,0.351479287801));
#952 = CARTESIAN_POINT('',(7.48273539303,0.423889286478));
#953 = CARTESIAN_POINT('',(7.407409270379,0.49424162653));
#954 = CARTESIAN_POINT('',(7.325633244609,0.561751464518));
#955 = CARTESIAN_POINT('',(7.235506535027,0.62543802842));
#956 = CARTESIAN_POINT('',(7.134597634241,0.683772819519));
#957 = CARTESIAN_POINT('',(6.946569952399,0.76893739303));
#958 = CARTESIAN_POINT('',(6.8660671691,0.799787357044));
#959 = CARTESIAN_POINT('',(6.779930811499,0.826863444772));
#960 = CARTESIAN_POINT('',(6.688107064112,0.84954103007));
#961 = CARTESIAN_POINT('',(6.590908603176,0.867156795781));
#962 = CARTESIAN_POINT('',(6.489669566465,0.879096448723));
#963 = CARTESIAN_POINT('',(6.386427835685,0.885066815889));
#964 = CARTESIAN_POINT('',(6.179597996637,0.885066815889));
#965 = CARTESIAN_POINT('',(6.076011507889,0.879056504557));
#966 = CARTESIAN_POINT('',(5.974447714732,0.867036982619));
#967 = CARTESIAN_POINT('',(5.87696560636,0.849305326095));
#968 = CARTESIAN_POINT('',(5.784906982397,0.826484228002));
#969 = CARTESIAN_POINT('',(5.698578556426,0.79924408703));
#970 = CARTESIAN_POINT('',(5.617920068274,0.768215339438));
#971 = CARTESIAN_POINT('',(5.467243694,0.699705557204));
#972 = CARTESIAN_POINT('',(5.397226599222,0.662224365003));
#973 = CARTESIAN_POINT('',(5.332188447406,0.622079738763));
#974 = CARTESIAN_POINT('',(5.271532696124,0.579762173133));
#975 = CARTESIAN_POINT('',(5.214641698904,0.535667750973));
#976 = CARTESIAN_POINT('',(5.160950560398,0.490114860302));
#977 = CARTESIAN_POINT('',(5.109944164727,0.44337078925));
#978 = CARTESIAN_POINT('',(5.061159983969,0.3956593207));
#979 = ( GEOMETRIC_REPRESENTATION_CONTEXT(2) 
PARAMETRIC_REPRESENTATION_CONTEXT() REPRESENTATION_CONTEXT('2D SPACE',''
  ) );
#980 = PCURVE('',#850,#981);
#981 = DEFINITIONAL_REPRESENTATION('',(#982),#986);
#982 = LINE('',#983,#984);
#983 = CARTESIAN_POINT('',(5.233658913156,0.));
#984 = VECTOR('',#985,1.);
#985 = DIRECTION('',(-1.,-0.));
#986 = ( GEOMETRIC_REPRESENTATION_CONTEXT(2) 
PARAMETRIC_REPRESENTATION_CONTEXT() REPRESENTATION_CONTEXT('2D SPACE',''
  ) );
#987 = ORIENTED_EDGE('',*,*,#778,.F.);
#988 = ORIENTED_EDGE('',*,*,#900,.T.);
#989 = ADVANCED_FACE('',(#990),#850,.T.);
#990 = FACE_BOUND('',#991,.T.);
#991 = EDGE_LOOP('',(#992,#1015,#1061,#1098,#1132,#1168,#1169,#1170,
    #1171));
#992 = ORIENTED_EDGE('',*,*,#993,.T.);
#993 = EDGE_CURVE('',#828,#994,#996,.T.);
#994 = VERTEX_POINT('',#995);
#995 = CARTESIAN_POINT('',(-74.44326645318,-103.8,55.858229890558));
#996 = SEAM_CURVE('',#997,(#1001,#1008),.PCURVE_S1.);
#997 = LINE('',#998,#999);
#998 = CARTESIAN_POINT('',(-48.04326645318,-103.8,34.258229890558));
#999 = VECTOR('',#1000,1.);
#1000 = DIRECTION('',(-0.773957299203,0.,0.633237790257));
#1001 = PCURVE('',#850,#1002);
#1002 = DEFINITIONAL_REPRESENTATION('',(#1003),#1007);
#1003 = LINE('',#1004,#1005);
#1004 = CARTESIAN_POINT('',(6.28318530718,-0.));
#1005 = VECTOR('',#1006,1.);
#1006 = DIRECTION('',(0.,1.));
#1007 = ( GEOMETRIC_REPRESENTATION_CONTEXT(2) 
PARAMETRIC_REPRESENTATION_CONTEXT() REPRESENTATION_CONTEXT('2D SPACE',''
  ) );
#1008 = PCURVE('',#850,#1009);
#1009 = DEFINITIONAL_REPRESENTATION('',(#1010),#1014);
#1010 = LINE('',#1011,#1012);
#1011 = CARTESIAN_POINT('',(0.,-0.));
#1012 = VECTOR('',#1013,1.);
#1013 = DIRECTION('',(0.,1.));
#1014 = ( GEOMETRIC_REPRESENTATION_CONTEXT(2) 
PARAMETRIC_REPRESENTATION_CONTEXT() REPRESENTATION_CONTEXT('2D SPACE',''
  ) );
#1015 = ORIENTED_EDGE('',*,*,#1016,.F.);
#1016 = EDGE_CURVE('',#1017,#994,#1019,.T.);
#1017 = VERTEX_POINT('',#1018);
#1018 = CARTESIAN_POINT('',(-73.88585840996,-103.1236053924,
    56.539506387816));
#1019 = SURFACE_CURVE('',#1020,(#1025,#1032),.PCURVE_S1.);
#1020 = CIRCLE('',#1021,0.7);
#1021 = AXIS2_PLACEMENT_3D('',#1022,#1023,#1024);
#1022 = CARTESIAN_POINT('',(-74.,-103.8,56.4));
#1023 = DIRECTION('',(-0.773957299203,0.,0.633237790257));
#1024 = DIRECTION('',(-0.633237790257,0.,-0.773957299203));
#1025 = PCURVE('',#850,#1026);
#1026 = DEFINITIONAL_REPRESENTATION('',(#1027),#1031);
#1027 = LINE('',#1028,#1029);
#1028 = CARTESIAN_POINT('',(0.,34.110408968525));
#1029 = VECTOR('',#1030,1.);
#1030 = DIRECTION('',(1.,0.));
#1031 = ( GEOMETRIC_REPRESENTATION_CONTEXT(2) 
PARAMETRIC_REPRESENTATION_CONTEXT() REPRESENTATION_CONTEXT('2D SPACE',''
  ) );
#1032 = PCURVE('',#1033,#1038);
#1033 = SPHERICAL_SURFACE('',#1034,0.7);
#1034 = AXIS2_PLACEMENT_3D('',#1035,#1036,#1037);
#1035 = CARTESIAN_POINT('',(-74.,-103.8,56.4));
#1036 = DIRECTION('',(0.,0.,1.));
#1037 = DIRECTION('',(1.,0.,-0.));
#1038 = DEFINITIONAL_REPRESENTATION('',(#1039),#1060);
#1039 = B_SPLINE_CURVE_WITH_KNOTS('',7,(#1040,#1041,#1042,#1043,#1044,
    #1045,#1046,#1047,#1048,#1049,#1050,#1051,#1052,#1053,#1054,#1055,
    #1056,#1057,#1058,#1059),.UNSPECIFIED.,.F.,.F.,(8,6,6,8),(
    4.451953802461,5.36756955482,5.825377431,6.28318530718),
  .UNSPECIFIED.);
#1040 = CARTESIAN_POINT('',(1.403621309702,0.200638272407));
#1041 = CARTESIAN_POINT('',(1.489876144558,0.100814261315));
#1042 = CARTESIAN_POINT('',(1.572046949633,-7.047785187595E-04));
#1043 = CARTESIAN_POINT('',(1.653192300681,-0.102610350964));
#1044 = CARTESIAN_POINT('',(1.735907089204,-0.203908367817));
#1045 = CARTESIAN_POINT('',(1.822725686704,-0.303508674142));
#1046 = CARTESIAN_POINT('',(1.917139889626,-0.400044154885));
#1047 = CARTESIAN_POINT('',(2.076914236837,-0.536590329187));
#1048 = CARTESIAN_POINT('',(2.133196155463,-0.580730172619));
#1049 = CARTESIAN_POINT('',(2.19306739209,-0.62318668558));
#1050 = CARTESIAN_POINT('',(2.257127485745,-0.663596272761));
#1051 = CARTESIAN_POINT('',(2.326044183158,-0.701492954977));
#1052 = CARTESIAN_POINT('',(2.400399770709,-0.736304080131));
#1053 = CARTESIAN_POINT('',(2.560299338403,-0.798472552198));
#1054 = CARTESIAN_POINT('',(2.645844057073,-0.825830865845));
#1055 = CARTESIAN_POINT('',(2.73712551738,-0.848823303833));
#1056 = CARTESIAN_POINT('',(2.833895745183,-0.866768649107));
#1057 = CARTESIAN_POINT('',(2.935033640494,-0.878967889883));
#1058 = CARTESIAN_POINT('',(3.038312138474,-0.885066815889));
#1059 = CARTESIAN_POINT('',(3.14159265359,-0.885066815889));
#1060 = ( GEOMETRIC_REPRESENTATION_CONTEXT(2) 
PARAMETRIC_REPRESENTATION_CONTEXT() REPRESENTATION_CONTEXT('2D SPACE',''
  ) );
#1061 = ORIENTED_EDGE('',*,*,#1062,.F.);
#1062 = EDGE_CURVE('',#1063,#1017,#1065,.T.);
#1063 = VERTEX_POINT('',#1064);
#1064 = CARTESIAN_POINT('',(-73.35539355364,-103.8447420448,
    56.775187987682));
#1065 = SURFACE_CURVE('',#1066,(#1071,#1082),.PCURVE_S1.);
#1066 = ELLIPSE('',#1067,0.748993097925,0.7);
#1067 = AXIS2_PLACEMENT_3D('',#1068,#1069,#1070);
#1068 = CARTESIAN_POINT('',(-74.,-103.8,56.4));
#1069 = DIRECTION('',(-0.505664683662,-9.160134423935E-02,0.857853379914
    ));
#1070 = DIRECTION('',(-0.847180532764,0.240657431802,-0.473676203142));
#1071 = PCURVE('',#850,#1072);
#1072 = DEFINITIONAL_REPRESENTATION('',(#1073),#1081);
#1073 = B_SPLINE_CURVE_WITH_KNOTS('',6,(#1074,#1075,#1076,#1077,#1078,
    #1079,#1080),.UNSPECIFIED.,.F.,.F.,(7,7),(3.338067023105,
    4.712388982675),.PIECEWISE_BEZIER_KNOTS.);
#1074 = CARTESIAN_POINT('',(3.077631845181,33.849094316502));
#1075 = CARTESIAN_POINT('',(3.306685505109,33.861007999101));
#1076 = CARTESIAN_POINT('',(3.535739165038,33.889371674499));
#1077 = CARTESIAN_POINT('',(3.764792824966,33.933074762625));
#1078 = CARTESIAN_POINT('',(3.993846484895,33.988352779481));
#1079 = CARTESIAN_POINT('',(4.222900144823,34.049379745575));
#1080 = CARTESIAN_POINT('',(4.451953804751,34.110408969135));
#1081 = ( GEOMETRIC_REPRESENTATION_CONTEXT(2) 
PARAMETRIC_REPRESENTATION_CONTEXT() REPRESENTATION_CONTEXT('2D SPACE',''
  ) );
#1082 = PCURVE('',#1083,#1088);
#1083 = CYLINDRICAL_SURFACE('',#1084,0.7);
#1084 = AXIS2_PLACEMENT_3D('',#1085,#1086,#1087);
#1085 = CARTESIAN_POINT('',(-74.,-103.8,56.4));
#1086 = DIRECTION('',(-0.171219043661,-0.171219043661,0.97024124741));
#1087 = DIRECTION('',(0.984783558818,3.469446951954E-18,0.173785333909)
  );
#1088 = DEFINITIONAL_REPRESENTATION('',(#1089),#1097);
#1089 = B_SPLINE_CURVE_WITH_KNOTS('',6,(#1090,#1091,#1092,#1093,#1094,
    #1095,#1096),.UNSPECIFIED.,.F.,.F.,(7,7),(3.338067023105,
    4.712388982675),.PIECEWISE_BEZIER_KNOTS.);
#1090 = CARTESIAN_POINT('',(-1.216804434989E-13,0.261314652023));
#1091 = CARTESIAN_POINT('',(0.229053659928,0.249400969424));
#1092 = CARTESIAN_POINT('',(0.458107319857,0.221037294026));
#1093 = CARTESIAN_POINT('',(0.687160979785,0.1773342059));
#1094 = CARTESIAN_POINT('',(0.916214639714,0.122056189043));
#1095 = CARTESIAN_POINT('',(1.145268299642,6.102922294911E-02));
#1096 = CARTESIAN_POINT('',(1.37432195957,-6.102283123255E-10));
#1097 = ( GEOMETRIC_REPRESENTATION_CONTEXT(2) 
PARAMETRIC_REPRESENTATION_CONTEXT() REPRESENTATION_CONTEXT('2D SPACE',''
  ) );
#1098 = ORIENTED_EDGE('',*,*,#1099,.F.);
#1099 = EDGE_CURVE('',#1100,#1063,#1102,.T.);
#1100 = VERTEX_POINT('',#1101);
#1101 = CARTESIAN_POINT('',(-74.11414159003,-104.4763946075,
    56.260493612184));
#1102 = SURFACE_CURVE('',#1103,(#1108,#1120),.PCURVE_S1.);
#1103 = ELLIPSE('',#1104,0.748993097925,0.7);
#1104 = AXIS2_PLACEMENT_3D('',#1105,#1106,#1107);
#1105 = CARTESIAN_POINT('',(-74.,-103.8,56.4));
#1106 = DIRECTION('',(-0.505664683662,-9.160134423935E-02,0.857853379914
    ));
#1107 = DIRECTION('',(-0.847180532764,0.240657431802,-0.473676203142));
#1108 = PCURVE('',#850,#1109);
#1109 = DEFINITIONAL_REPRESENTATION('',(#1110),#1119);
#1110 = B_SPLINE_CURVE_WITH_KNOTS('',7,(#1111,#1112,#1113,#1114,#1115,
    #1116,#1117,#1118),.UNSPECIFIED.,.F.,.F.,(8,8),(1.57079632181,
    3.338067023105),.PIECEWISE_BEZIER_KNOTS.);
#1111 = CARTESIAN_POINT('',(1.310361143886,34.110408969853));
#1112 = CARTESIAN_POINT('',(1.562828386928,34.043141414199));
#1113 = CARTESIAN_POINT('',(1.815295629971,33.975874538858));
#1114 = CARTESIAN_POINT('',(2.067762873013,33.915606026731));
#1115 = CARTESIAN_POINT('',(2.320230116055,33.869359364315));
#1116 = CARTESIAN_POINT('',(2.572697359097,33.842264247345));
#1117 = CARTESIAN_POINT('',(2.825164602139,33.835962831936));
#1118 = CARTESIAN_POINT('',(3.077631845181,33.849094316502));
#1119 = ( GEOMETRIC_REPRESENTATION_CONTEXT(2) 
PARAMETRIC_REPRESENTATION_CONTEXT() REPRESENTATION_CONTEXT('2D SPACE',''
  ) );
#1120 = PCURVE('',#1083,#1121);
#1121 = DEFINITIONAL_REPRESENTATION('',(#1122),#1131);
#1122 = B_SPLINE_CURVE_WITH_KNOTS('',7,(#1123,#1124,#1125,#1126,#1127,
    #1128,#1129,#1130),.UNSPECIFIED.,.F.,.F.,(8,8),(1.57079632181,
    3.338067023105),.PIECEWISE_BEZIER_KNOTS.);
#1123 = CARTESIAN_POINT('',(4.515914605885,-1.328146481683E-09));
#1124 = CARTESIAN_POINT('',(4.768381848927,6.726755432603E-02));
#1125 = CARTESIAN_POINT('',(5.020849091969,0.134534429669));
#1126 = CARTESIAN_POINT('',(5.273316335011,0.19480294179));
#1127 = CARTESIAN_POINT('',(5.525783578054,0.241049604222));
#1128 = CARTESIAN_POINT('',(5.778250821095,0.268144721179));
#1129 = CARTESIAN_POINT('',(6.030718064137,0.274446136589));
#1130 = CARTESIAN_POINT('',(6.283185307179,0.261314652023));
#1131 = ( GEOMETRIC_REPRESENTATION_CONTEXT(2) 
PARAMETRIC_REPRESENTATION_CONTEXT() REPRESENTATION_CONTEXT('2D SPACE',''
  ) );
#1132 = ORIENTED_EDGE('',*,*,#1133,.F.);
#1133 = EDGE_CURVE('',#994,#1100,#1134,.T.);
#1134 = SURFACE_CURVE('',#1135,(#1140,#1147),.PCURVE_S1.);
#1135 = CIRCLE('',#1136,0.7);
#1136 = AXIS2_PLACEMENT_3D('',#1137,#1138,#1139);
#1137 = CARTESIAN_POINT('',(-74.,-103.8,56.4));
#1138 = DIRECTION('',(-0.773957299203,0.,0.633237790257));
#1139 = DIRECTION('',(-0.633237790257,0.,-0.773957299203));
#1140 = PCURVE('',#850,#1141);
#1141 = DEFINITIONAL_REPRESENTATION('',(#1142),#1146);
#1142 = LINE('',#1143,#1144);
#1143 = CARTESIAN_POINT('',(0.,34.110408968525));
#1144 = VECTOR('',#1145,1.);
#1145 = DIRECTION('',(1.,0.));
#1146 = ( GEOMETRIC_REPRESENTATION_CONTEXT(2) 
PARAMETRIC_REPRESENTATION_CONTEXT() REPRESENTATION_CONTEXT('2D SPACE',''
  ) );
#1147 = PCURVE('',#1033,#1148);
#1148 = DEFINITIONAL_REPRESENTATION('',(#1149),#1167);
#1149 = B_SPLINE_CURVE_WITH_KNOTS('',6,(#1150,#1151,#1152,#1153,#1154,
    #1155,#1156,#1157,#1158,#1159,#1160,#1161,#1162,#1163,#1164,#1165,
    #1166),.UNSPECIFIED.,.F.,.F.,(7,5,5,7),(0.,0.327590287218,
    0.818975718044,1.310361148871),.UNSPECIFIED.);
#1150 = CARTESIAN_POINT('',(3.14159265359,-0.885066815889));
#1151 = CARTESIAN_POINT('',(3.22781363099,-0.885066815889));
#1152 = CARTESIAN_POINT('',(3.314034133014,-0.880695170687));
#1153 = CARTESIAN_POINT('',(3.398876246336,-0.871948538489));
#1154 = CARTESIAN_POINT('',(3.48093660883,-0.859052882207));
#1155 = CARTESIAN_POINT('',(3.559465573095,-0.84240776625));
#1156 = CARTESIAN_POINT('',(3.746146425947,-0.792452801636));
#1157 = CARTESIAN_POINT('',(3.849481364287,-0.754971143734));
#1158 = CARTESIAN_POINT('',(3.943016766607,-0.711397238772));
#1159 = CARTESIAN_POINT('',(4.028007833755,-0.663234922522));
#1160 = CARTESIAN_POINT('',(4.105844608284,-0.61148005517));
#1161 = CARTESIAN_POINT('',(4.249783340316,-0.502395957836));
#1162 = CARTESIAN_POINT('',(4.315885436535,-0.445064888925));
#1163 = CARTESIAN_POINT('',(4.37742013773,-0.385738107859));
#1164 = CARTESIAN_POINT('',(4.435555858373,-0.324957883338));
#1165 = CARTESIAN_POINT('',(4.491208305798,-0.263139827962));
#1166 = CARTESIAN_POINT('',(4.545213963292,-0.200638272407));
#1167 = ( GEOMETRIC_REPRESENTATION_CONTEXT(2) 
PARAMETRIC_REPRESENTATION_CONTEXT() REPRESENTATION_CONTEXT('2D SPACE',''
  ) );
#1168 = ORIENTED_EDGE('',*,*,#993,.F.);
#1169 = ORIENTED_EDGE('',*,*,#827,.T.);
#1170 = ORIENTED_EDGE('',*,*,#932,.F.);
#1171 = ORIENTED_EDGE('',*,*,#868,.T.);
#1172 = ADVANCED_FACE('',(#1173),#1033,.T.);
#1173 = FACE_BOUND('',#1174,.T.);
#1174 = EDGE_LOOP('',(#1175,#1176,#1211));
#1175 = ORIENTED_EDGE('',*,*,#1133,.T.);
#1176 = ORIENTED_EDGE('',*,*,#1177,.F.);
#1177 = EDGE_CURVE('',#1017,#1100,#1178,.T.);
#1178 = SURFACE_CURVE('',#1179,(#1184,#1204),.PCURVE_S1.);
#1179 = CIRCLE('',#1180,0.7);
#1180 = AXIS2_PLACEMENT_3D('',#1181,#1182,#1183);
#1181 = CARTESIAN_POINT('',(-74.,-103.8,56.4));
#1182 = DIRECTION('',(-0.171219043661,-0.171219043661,0.97024124741));
#1183 = DIRECTION('',(0.984783558818,6.938893903907E-18,0.173785333909)
  );
#1184 = PCURVE('',#1033,#1185);
#1185 = DEFINITIONAL_REPRESENTATION('',(#1186),#1203);
#1186 = B_SPLINE_CURVE_WITH_KNOTS('',8,(#1187,#1188,#1189,#1190,#1191,
    #1192,#1193,#1194,#1195,#1196,#1197,#1198,#1199,#1200,#1201,#1202),
  .UNSPECIFIED.,.F.,.F.,(9,7,9),(1.37432195728,2.945118284075,
    4.51591461087),.UNSPECIFIED.);
#1187 = CARTESIAN_POINT('',(1.403621309702,0.200638272407));
#1188 = CARTESIAN_POINT('',(1.602007314409,0.173082257201));
#1189 = CARTESIAN_POINT('',(1.79785405633,0.136743295249));
#1190 = CARTESIAN_POINT('',(1.990718563911,9.339496298826E-02));
#1191 = CARTESIAN_POINT('',(2.181100253788,4.553100454048E-02));
#1192 = CARTESIAN_POINT('',(2.370385029691,-4.190765176614E-03));
#1193 = CARTESIAN_POINT('',(2.560253869686,-5.307921375923E-02));
#1194 = CARTESIAN_POINT('',(2.751997181804,-9.845672898957E-02));
#1195 = CARTESIAN_POINT('',(3.140355234317,-0.177470408619));
#1196 = CARTESIAN_POINT('',(3.336970152936,-0.211108027391));
#1197 = CARTESIAN_POINT('',(3.536565485239,-0.2365136431));
#1198 = CARTESIAN_POINT('',(3.738987488698,-0.251691960145));
#1199 = CARTESIAN_POINT('',(3.942873501193,-0.255171711858));
#1200 = CARTESIAN_POINT('',(4.145898768429,-0.246965492441));
#1201 = CARTESIAN_POINT('',(4.346827958584,-0.228194287613));
#1202 = CARTESIAN_POINT('',(4.545213963292,-0.200638272407));
#1203 = ( GEOMETRIC_REPRESENTATION_CONTEXT(2) 
PARAMETRIC_REPRESENTATION_CONTEXT() REPRESENTATION_CONTEXT('2D SPACE',''
  ) );
#1204 = PCURVE('',#1083,#1205);
#1205 = DEFINITIONAL_REPRESENTATION('',(#1206),#1210);
#1206 = LINE('',#1207,#1208);
#1207 = CARTESIAN_POINT('',(0.,0.));
#1208 = VECTOR('',#1209,1.);
#1209 = DIRECTION('',(1.,0.));
#1210 = ( GEOMETRIC_REPRESENTATION_CONTEXT(2) 
PARAMETRIC_REPRESENTATION_CONTEXT() REPRESENTATION_CONTEXT('2D SPACE',''
  ) );
#1211 = ORIENTED_EDGE('',*,*,#1016,.T.);
#1212 = ADVANCED_FACE('',(#1213),#1083,.T.);
#1213 = FACE_BOUND('',#1214,.T.);
#1214 = EDGE_LOOP('',(#1215,#1259,#1298,#1319,#1320,#1321,#1322,#1323,
    #1353));
#1215 = ORIENTED_EDGE('',*,*,#1216,.F.);
#1216 = EDGE_CURVE('',#1217,#1219,#1221,.T.);
#1217 = VERTEX_POINT('',#1218);
#1218 = CARTESIAN_POINT('',(-76.3753346754,-105.5118374437,
    70.125793155441));
#1219 = VERTEX_POINT('',#1220);
#1220 = CARTESIAN_POINT('',(-76.42466532459,-106.8881625562,
    69.874206844559));
#1221 = SURFACE_CURVE('',#1222,(#1227,#1234),.PCURVE_S1.);
#1222 = CIRCLE('',#1223,0.7);
#1223 = AXIS2_PLACEMENT_3D('',#1224,#1225,#1226);
#1224 = CARTESIAN_POINT('',(-76.4,-106.2,70.));
#1225 = DIRECTION('',(-0.171219043661,-0.171219043661,0.97024124741));
#1226 = DIRECTION('',(0.984783558818,6.938893903907E-18,0.173785333909)
  );
#1227 = PCURVE('',#1083,#1228);
#1228 = DEFINITIONAL_REPRESENTATION('',(#1229),#1233);
#1229 = LINE('',#1230,#1231);
#1230 = CARTESIAN_POINT('',(0.,14.017132374348));
#1231 = VECTOR('',#1232,1.);
#1232 = DIRECTION('',(1.,0.));
#1233 = ( GEOMETRIC_REPRESENTATION_CONTEXT(2) 
PARAMETRIC_REPRESENTATION_CONTEXT() REPRESENTATION_CONTEXT('2D SPACE',''
  ) );
#1234 = PCURVE('',#1235,#1240);
#1235 = SPHERICAL_SURFACE('',#1236,0.7);
#1236 = AXIS2_PLACEMENT_3D('',#1237,#1238,#1239);
#1237 = CARTESIAN_POINT('',(-76.4,-106.2,70.));
#1238 = DIRECTION('',(0.,0.,1.));
#1239 = DIRECTION('',(1.,0.,-0.));
#1240 = DEFINITIONAL_REPRESENTATION('',(#1241),#1258);
#1241 = B_SPLINE_CURVE_WITH_KNOTS('',8,(#1242,#1243,#1244,#1245,#1246,
    #1247,#1248,#1249,#1250,#1251,#1252,#1253,#1254,#1255,#1256,#1257),
  .UNSPECIFIED.,.F.,.F.,(9,7,9),(1.504818452733,3.075614779528,
    4.646411106323),.UNSPECIFIED.);
#1242 = CARTESIAN_POINT('',(1.534969369575,0.180686060741));
#1243 = CARTESIAN_POINT('',(1.731833258374,0.148293054833));
#1244 = CARTESIAN_POINT('',(1.926035469894,0.108070812694));
#1245 = CARTESIAN_POINT('',(2.117509462648,6.205072849808E-02));
#1246 = CARTESIAN_POINT('',(2.30711371783,1.283092244146E-02));
#1247 = CARTESIAN_POINT('',(2.496406011765,-3.691048357921E-02));
#1248 = CARTESIAN_POINT('',(2.68702653932,-8.44872899602E-02));
#1249 = CARTESIAN_POINT('',(2.880056141855,-0.127252548463));
#1250 = CARTESIAN_POINT('',(3.271375644651,-0.198770455072));
#1251 = CARTESIAN_POINT('',(3.469667692333,-0.227523435957));
#1252 = CARTESIAN_POINT('',(3.670797406801,-0.247070637312));
#1253 = CARTESIAN_POINT('',(3.874213650779,-0.255678971028));
#1254 = CARTESIAN_POINT('',(4.078053879071,-0.252338320867));
#1255 = CARTESIAN_POINT('',(4.280169265964,-0.237642205576));
#1256 = CARTESIAN_POINT('',(4.479698134366,-0.21307906665));
#1257 = CARTESIAN_POINT('',(4.676562023165,-0.180686060741));
#1258 = ( GEOMETRIC_REPRESENTATION_CONTEXT(2) 
PARAMETRIC_REPRESENTATION_CONTEXT() REPRESENTATION_CONTEXT('2D SPACE',''
  ) );
#1259 = ORIENTED_EDGE('',*,*,#1260,.F.);
#1260 = EDGE_CURVE('',#1261,#1217,#1263,.T.);
#1261 = VERTEX_POINT('',#1262);
#1262 = CARTESIAN_POINT('',(-75.65669580524,-106.1460442964,
    69.815900746765));
#1263 = SURFACE_CURVE('',#1264,(#1269,#1281),.PCURVE_S1.);
#1264 = ELLIPSE('',#1265,0.767944280925,0.7);
#1265 = AXIS2_PLACEMENT_3D('',#1266,#1267,#1268);
#1266 = CARTESIAN_POINT('',(-76.4,-106.2,70.));
#1267 = DIRECTION('',(0.248843421799,-0.182783408361,0.95113993558));
#1268 = DIRECTION('',(-0.967902558726,-1.120374855891E-02,0.251075910494
    ));
#1269 = PCURVE('',#1083,#1270);
#1270 = DEFINITIONAL_REPRESENTATION('',(#1271),#1280);
#1271 = B_SPLINE_CURVE_WITH_KNOTS('',7,(#1272,#1273,#1274,#1275,#1276,
    #1277,#1278,#1279),.UNSPECIFIED.,.F.,.F.,(8,8),(3.207570527651,
    4.712388977698),.PIECEWISE_BEZIER_KNOTS.);
#1272 = CARTESIAN_POINT('',(-1.216804434989E-13,13.702005607903));
#1273 = CARTESIAN_POINT('',(0.214974064292,13.706481715234));
#1274 = CARTESIAN_POINT('',(0.429948128584,13.727948469769));
#1275 = CARTESIAN_POINT('',(0.644922192878,13.766066150649));
#1276 = CARTESIAN_POINT('',(0.859896257169,13.818580654206));
#1277 = CARTESIAN_POINT('',(1.074870321462,13.881348976224));
#1278 = CARTESIAN_POINT('',(1.289844385754,13.949240576138));
#1279 = CARTESIAN_POINT('',(1.504818450047,14.0171323735));
#1280 = ( GEOMETRIC_REPRESENTATION_CONTEXT(2) 
PARAMETRIC_REPRESENTATION_CONTEXT() REPRESENTATION_CONTEXT('2D SPACE',''
  ) );
#1281 = PCURVE('',#1282,#1287);
#1282 = CYLINDRICAL_SURFACE('',#1283,0.7);
#1283 = AXIS2_PLACEMENT_3D('',#1284,#1285,#1286);
#1284 = CARTESIAN_POINT('',(-76.4,-106.2,70.));
#1285 = DIRECTION('',(0.624872777625,-0.162004053458,0.763733394875));
#1286 = DIRECTION('',(0.773957299203,0.,-0.633237790257));
#1287 = DEFINITIONAL_REPRESENTATION('',(#1288),#1297);
#1288 = B_SPLINE_CURVE_WITH_KNOTS('',7,(#1289,#1290,#1291,#1292,#1293,
    #1294,#1295,#1296),.UNSPECIFIED.,.F.,.F.,(8,8),(3.207570527651,
    4.712388977698),.PIECEWISE_BEZIER_KNOTS.);
#1289 = CARTESIAN_POINT('',(0.152610588015,0.315126766445));
#1290 = CARTESIAN_POINT('',(0.367584652308,0.310650659114));
#1291 = CARTESIAN_POINT('',(0.582558716599,0.289183904579));
#1292 = CARTESIAN_POINT('',(0.797532780893,0.251066223702));
#1293 = CARTESIAN_POINT('',(1.012506845184,0.198551720142));
#1294 = CARTESIAN_POINT('',(1.227480909477,0.135783398125));
#1295 = CARTESIAN_POINT('',(1.44245497377,6.789179821006E-02));
#1296 = CARTESIAN_POINT('',(1.657429038062,8.485017133353E-10));
#1297 = ( GEOMETRIC_REPRESENTATION_CONTEXT(2) 
PARAMETRIC_REPRESENTATION_CONTEXT() REPRESENTATION_CONTEXT('2D SPACE',''
  ) );
#1298 = ORIENTED_EDGE('',*,*,#1299,.F.);
#1299 = EDGE_CURVE('',#1063,#1261,#1300,.T.);
#1300 = SEAM_CURVE('',#1301,(#1305,#1312),.PCURVE_S1.);
#1301 = LINE('',#1302,#1303);
#1302 = CARTESIAN_POINT('',(-73.31065150882,-103.8,56.521649733736));
#1303 = VECTOR('',#1304,1.);
#1304 = DIRECTION('',(-0.171219043661,-0.171219043661,0.97024124741));
#1305 = PCURVE('',#1083,#1306);
#1306 = DEFINITIONAL_REPRESENTATION('',(#1307),#1311);
#1307 = LINE('',#1308,#1309);
#1308 = CARTESIAN_POINT('',(6.28318530718,-0.));
#1309 = VECTOR('',#1310,1.);
#1310 = DIRECTION('',(0.,1.));
#1311 = ( GEOMETRIC_REPRESENTATION_CONTEXT(2) 
PARAMETRIC_REPRESENTATION_CONTEXT() REPRESENTATION_CONTEXT('2D SPACE',''
  ) );
#1312 = PCURVE('',#1083,#1313);
#1313 = DEFINITIONAL_REPRESENTATION('',(#1314),#1318);
#1314 = LINE('',#1315,#1316);
#1315 = CARTESIAN_POINT('',(0.,-0.));
#1316 = VECTOR('',#1317,1.);
#1317 = DIRECTION('',(0.,1.));
#1318 = ( GEOMETRIC_REPRESENTATION_CONTEXT(2) 
PARAMETRIC_REPRESENTATION_CONTEXT() REPRESENTATION_CONTEXT('2D SPACE',''
  ) );
#1319 = ORIENTED_EDGE('',*,*,#1062,.T.);
#1320 = ORIENTED_EDGE('',*,*,#1177,.T.);
#1321 = ORIENTED_EDGE('',*,*,#1099,.T.);
#1322 = ORIENTED_EDGE('',*,*,#1299,.T.);
#1323 = ORIENTED_EDGE('',*,*,#1324,.F.);
#1324 = EDGE_CURVE('',#1325,#1261,#1327,.T.);
#1325 = VERTEX_POINT('',#1326);
#1326 = CARTESIAN_POINT('',(-75.66162647334,-106.2509712563,
    69.797026612305));
#1327 = SURFACE_CURVE('',#1328,(#1333,#1343),.PCURVE_S1.);
#1328 = ELLIPSE('',#1329,0.767944280925,0.7);
#1329 = AXIS2_PLACEMENT_3D('',#1330,#1331,#1332);
#1330 = CARTESIAN_POINT('',(-76.4,-106.2,70.));
#1331 = DIRECTION('',(0.248843421799,-0.182783408361,0.95113993558));
#1332 = DIRECTION('',(-0.967902558726,-1.120374855891E-02,0.251075910494
    ));
#1333 = PCURVE('',#1083,#1334);
#1334 = DEFINITIONAL_REPRESENTATION('',(#1335),#1342);
#1335 = B_SPLINE_CURVE_WITH_KNOTS('',5,(#1336,#1337,#1338,#1339,#1340,
    #1341),.UNSPECIFIED.,.F.,.F.,(6,6),(3.054959939636,3.207570527651),
  .PIECEWISE_BEZIER_KNOTS.);
#1336 = CARTESIAN_POINT('',(6.130574719164,13.702502862142));
#1337 = CARTESIAN_POINT('',(6.161096836767,13.701668826831));
#1338 = CARTESIAN_POINT('',(6.19161895437,13.701201177334));
#1339 = CARTESIAN_POINT('',(6.222141071973,13.701101533169));
#1340 = CARTESIAN_POINT('',(6.252663189576,13.701370088103));
#1341 = CARTESIAN_POINT('',(6.283185307179,13.702005607903));
#1342 = ( GEOMETRIC_REPRESENTATION_CONTEXT(2) 
PARAMETRIC_REPRESENTATION_CONTEXT() REPRESENTATION_CONTEXT('2D SPACE',''
  ) );
#1343 = PCURVE('',#1282,#1344);
#1344 = DEFINITIONAL_REPRESENTATION('',(#1345),#1352);
#1345 = B_SPLINE_CURVE_WITH_KNOTS('',5,(#1346,#1347,#1348,#1349,#1350,
    #1351),.UNSPECIFIED.,.F.,.F.,(6,6),(3.054959939636,3.207570527651),
  .PIECEWISE_BEZIER_KNOTS.);
#1346 = CARTESIAN_POINT('',(-2.04281036531E-14,0.314629512206));
#1347 = CARTESIAN_POINT('',(3.0522117603E-02,0.315463547517));
#1348 = CARTESIAN_POINT('',(6.104423520606E-02,0.315931197014));
#1349 = CARTESIAN_POINT('',(9.156635280903E-02,0.316030841179));
#1350 = CARTESIAN_POINT('',(0.122088470412,0.315762286245));
#1351 = CARTESIAN_POINT('',(0.152610588015,0.315126766445));
#1352 = ( GEOMETRIC_REPRESENTATION_CONTEXT(2) 
PARAMETRIC_REPRESENTATION_CONTEXT() REPRESENTATION_CONTEXT('2D SPACE',''
  ) );
#1353 = ORIENTED_EDGE('',*,*,#1354,.F.);
#1354 = EDGE_CURVE('',#1219,#1325,#1355,.T.);
#1355 = SURFACE_CURVE('',#1356,(#1361,#1373),.PCURVE_S1.);
#1356 = ELLIPSE('',#1357,0.767944280925,0.7);
#1357 = AXIS2_PLACEMENT_3D('',#1358,#1359,#1360);
#1358 = CARTESIAN_POINT('',(-76.4,-106.2,70.));
#1359 = DIRECTION('',(0.248843421799,-0.182783408361,0.95113993558));
#1360 = DIRECTION('',(-0.967902558726,-1.120374855891E-02,0.251075910494
    ));
#1361 = PCURVE('',#1083,#1362);
#1362 = DEFINITIONAL_REPRESENTATION('',(#1363),#1372);
#1363 = B_SPLINE_CURVE_WITH_KNOTS('',7,(#1364,#1365,#1366,#1367,#1368,
    #1369,#1370,#1371),.UNSPECIFIED.,.F.,.F.,(8,8),(1.570795376868,
    3.054959939636),.PIECEWISE_BEZIER_KNOTS.);
#1364 = CARTESIAN_POINT('',(4.646410156397,14.017132674348));
#1365 = CARTESIAN_POINT('',(4.858433665364,13.950172703367));
#1366 = CARTESIAN_POINT('',(5.070457174332,13.883212891456));
#1367 = CARTESIAN_POINT('',(5.282480683296,13.821168371775));
#1368 = CARTESIAN_POINT('',(5.494504192268,13.768960883737));
#1369 = CARTESIAN_POINT('',(5.70652770123,13.730591553661));
#1370 = CARTESIAN_POINT('',(5.918551210198,13.708296532668));
#1371 = CARTESIAN_POINT('',(6.130574719164,13.702502862142));
#1372 = ( GEOMETRIC_REPRESENTATION_CONTEXT(2) 
PARAMETRIC_REPRESENTATION_CONTEXT() REPRESENTATION_CONTEXT('2D SPACE',''
  ) );
#1373 = PCURVE('',#1282,#1374);
#1374 = DEFINITIONAL_REPRESENTATION('',(#1375),#1384);
#1375 = B_SPLINE_CURVE_WITH_KNOTS('',7,(#1376,#1377,#1378,#1379,#1380,
    #1381,#1382,#1383),.UNSPECIFIED.,.F.,.F.,(8,8),(1.570795376868,
    3.054959939636),.PIECEWISE_BEZIER_KNOTS.);
#1376 = CARTESIAN_POINT('',(4.799020744412,-2.999999964004E-07));
#1377 = CARTESIAN_POINT('',(5.011044253379,6.695967098084E-02));
#1378 = CARTESIAN_POINT('',(5.223067762346,0.133919482891));
#1379 = CARTESIAN_POINT('',(5.435091271311,0.195964002576));
#1380 = CARTESIAN_POINT('',(5.647114780281,0.248171490604));
#1381 = CARTESIAN_POINT('',(5.859138289245,0.28654082069));
#1382 = CARTESIAN_POINT('',(6.071161798213,0.30883584168));
#1383 = CARTESIAN_POINT('',(6.28318530718,0.314629512206));
#1384 = ( GEOMETRIC_REPRESENTATION_CONTEXT(2) 
PARAMETRIC_REPRESENTATION_CONTEXT() REPRESENTATION_CONTEXT('2D SPACE',''
  ) );
#1385 = ADVANCED_FACE('',(#1386),#1235,.T.);
#1386 = FACE_BOUND('',#1387,.T.);
#1387 = EDGE_LOOP('',(#1388,#1437));
#1388 = ORIENTED_EDGE('',*,*,#1389,.F.);
#1389 = EDGE_CURVE('',#1217,#1219,#1390,.T.);
#1390 = SURFACE_CURVE('',#1391,(#1396,#1430),.PCURVE_S1.);
#1391 = CIRCLE('',#1392,0.7);
#1392 = AXIS2_PLACEMENT_3D('',#1393,#1394,#1395);
#1393 = CARTESIAN_POINT('',(-76.4,-106.2,70.));
#1394 = DIRECTION('',(0.624872777625,-0.162004053458,0.763733394875));
#1395 = DIRECTION('',(0.773957299203,1.387778780781E-17,-0.633237790257)
  );
#1396 = PCURVE('',#1235,#1397);
#1397 = DEFINITIONAL_REPRESENTATION('',(#1398),#1429);
#1398 = B_SPLINE_CURVE_WITH_KNOTS('',8,(#1399,#1400,#1401,#1402,#1403,
    #1404,#1405,#1406,#1407,#1408,#1409,#1410,#1411,#1412,#1413,#1414,
    #1415,#1416,#1417,#1418,#1419,#1420,#1421,#1422,#1423,#1424,#1425,
    #1426,#1427,#1428),.UNSPECIFIED.,.F.,.F.,(9,7,7,7,9),(1.657429040749
    ,2.442827204146,3.031875826694,3.915448760516,4.799021694339),
  .UNSPECIFIED.);
#1399 = CARTESIAN_POINT('',(1.534969369575,0.180686060741));
#1400 = CARTESIAN_POINT('',(1.61245088591,0.242563130495));
#1401 = CARTESIAN_POINT('',(1.691933422896,0.303226994248));
#1402 = CARTESIAN_POINT('',(1.774371051251,0.362077252382));
#1403 = CARTESIAN_POINT('',(1.860728239344,0.418438067342));
#1404 = CARTESIAN_POINT('',(1.952022706865,0.471537357516));
#1405 = CARTESIAN_POINT('',(2.049244521801,0.520424640103));
#1406 = CARTESIAN_POINT('',(2.153071187341,0.563962044647));
#1407 = CARTESIAN_POINT('',(2.345968923779,0.628818749669));
#1408 = CARTESIAN_POINT('',(2.432241906724,0.652971646327));
#1409 = CARTESIAN_POINT('',(2.522027176111,0.673006873816));
#1410 = CARTESIAN_POINT('',(2.615004189032,0.688456308339));
#1411 = CARTESIAN_POINT('',(2.710436946972,0.698900745926));
#1412 = CARTESIAN_POINT('',(2.807221916447,0.704073591504));
#1413 = CARTESIAN_POINT('',(2.904106167232,0.703933961736));
#1414 = CARTESIAN_POINT('',(3.143872935114,0.690641894643));
#1415 = CARTESIAN_POINT('',(3.285527243873,0.671018704489));
#1416 = CARTESIAN_POINT('',(3.42133943718,0.640203177473));
#1417 = CARTESIAN_POINT('',(3.548205928437,0.599581593589));
#1418 = CARTESIAN_POINT('',(3.666022827181,0.551175347484));
#1419 = CARTESIAN_POINT('',(3.775751596736,0.496541210253));
#1420 = CARTESIAN_POINT('',(3.878602335722,0.437075601761));
#1421 = CARTESIAN_POINT('',(4.073280896595,0.310778894037));
#1422 = CARTESIAN_POINT('',(4.165106664336,0.243948259216));
#1423 = CARTESIAN_POINT('',(4.25277692542,0.174592037757));
#1424 = CARTESIAN_POINT('',(4.337737377362,0.103645522092));
#1425 = CARTESIAN_POINT('',(4.421312893003,3.189664101125E-02));
#1426 = CARTESIAN_POINT('',(4.504761888808,-3.992773880341E-02));
#1427 = CARTESIAN_POINT('',(4.589395317288,-0.111074357268));
#1428 = CARTESIAN_POINT('',(4.676562023165,-0.180686060741));
#1429 = ( GEOMETRIC_REPRESENTATION_CONTEXT(2) 
PARAMETRIC_REPRESENTATION_CONTEXT() REPRESENTATION_CONTEXT('2D SPACE',''
  ) );
#1430 = PCURVE('',#1282,#1431);
#1431 = DEFINITIONAL_REPRESENTATION('',(#1432),#1436);
#1432 = LINE('',#1433,#1434);
#1433 = CARTESIAN_POINT('',(0.,0.));
#1434 = VECTOR('',#1435,1.);
#1435 = DIRECTION('',(1.,0.));
#1436 = ( GEOMETRIC_REPRESENTATION_CONTEXT(2) 
PARAMETRIC_REPRESENTATION_CONTEXT() REPRESENTATION_CONTEXT('2D SPACE',''
  ) );
#1437 = ORIENTED_EDGE('',*,*,#1216,.T.);
#1438 = ADVANCED_FACE('',(#1439),#1282,.T.);
#1439 = FACE_BOUND('',#1440,.T.);
#1440 = EDGE_LOOP('',(#1441,#1499,#1520,#1521,#1522,#1523,#1524,#1525,
    #1562));
#1441 = ORIENTED_EDGE('',*,*,#1442,.F.);
#1442 = EDGE_CURVE('',#1443,#1445,#1447,.T.);
#1443 = VERTEX_POINT('',#1444);
#1444 = CARTESIAN_POINT('',(-73.15822989055,-106.9,72.85673354682));
#1445 = VERTEX_POINT('',#1446);
#1446 = CARTESIAN_POINT('',(-74.24177010944,-106.9,73.74326645318));
#1447 = SURFACE_CURVE('',#1448,(#1453,#1460),.PCURVE_S1.);
#1448 = CIRCLE('',#1449,0.7);
#1449 = AXIS2_PLACEMENT_3D('',#1450,#1451,#1452);
#1450 = CARTESIAN_POINT('',(-73.7,-106.9,73.3));
#1451 = DIRECTION('',(0.624872777625,-0.162004053458,0.763733394875));
#1452 = DIRECTION('',(0.773957299203,1.387778780781E-17,-0.633237790257)
  );
#1453 = PCURVE('',#1282,#1454);
#1454 = DEFINITIONAL_REPRESENTATION('',(#1455),#1459);
#1455 = LINE('',#1456,#1457);
#1456 = CARTESIAN_POINT('',(0.,4.320879540094));
#1457 = VECTOR('',#1458,1.);
#1458 = DIRECTION('',(1.,0.));
#1459 = ( GEOMETRIC_REPRESENTATION_CONTEXT(2) 
PARAMETRIC_REPRESENTATION_CONTEXT() REPRESENTATION_CONTEXT('2D SPACE',''
  ) );
#1460 = PCURVE('',#1461,#1466);
#1461 = SPHERICAL_SURFACE('',#1462,0.7);
#1462 = AXIS2_PLACEMENT_3D('',#1463,#1464,#1465);
#1463 = CARTESIAN_POINT('',(-73.7,-106.9,73.3));
#1464 = DIRECTION('',(0.,0.,1.));
#1465 = DIRECTION('',(1.,0.,-0.));
#1466 = DEFINITIONAL_REPRESENTATION('',(#1467),#1498);
#1467 = B_SPLINE_CURVE_WITH_KNOTS('',8,(#1468,#1469,#1470,#1471,#1472,
    #1473,#1474,#1475,#1476,#1477,#1478,#1479,#1480,#1481,#1482,#1483,
    #1484,#1485,#1486,#1487,#1488,#1489,#1490,#1491,#1492,#1493,#1494,
    #1495,#1496,#1497),.UNSPECIFIED.,.F.,.F.,(9,7,7,7,9),(0.,
    0.785398163397,1.963495408494,2.552544031042,3.14159265359),
  .UNSPECIFIED.);
#1468 = CARTESIAN_POINT('',(0.,-0.685729510906));
#1469 = CARTESIAN_POINT('',(0.125172139198,-0.66982480015));
#1470 = CARTESIAN_POINT('',(0.246620728271,-0.64514446855));
#1471 = CARTESIAN_POINT('',(0.362244068392,-0.612370404697));
#1472 = CARTESIAN_POINT('',(0.470775177174,-0.572649218726));
#1473 = CARTESIAN_POINT('',(0.572483874947,-0.527278609524));
#1474 = CARTESIAN_POINT('',(0.66806319475,-0.477327100017));
#1475 = CARTESIAN_POINT('',(0.758415058813,-0.423738060877));
#1476 = CARTESIAN_POINT('',(0.973615124915,-0.28266934853));
#1477 = CARTESIAN_POINT('',(1.093122207363,-0.191641693498));
#1478 = CARTESIAN_POINT('',(1.20625264913,-9.693733423384E-02));
#1479 = CARTESIAN_POINT('',(1.316468851158,-5.713122582343E-04));
#1480 = CARTESIAN_POINT('',(1.426672180932,9.580205257548E-02));
#1481 = CARTESIAN_POINT('',(1.539762299109,0.190529526013));
#1482 = CARTESIAN_POINT('',(1.659198547794,0.281599255999));
#1483 = CARTESIAN_POINT('',(1.852729252465,0.408660287733));
#1484 = CARTESIAN_POINT('',(1.919634874284,0.449423525313));
#1485 = CARTESIAN_POINT('',(1.989341745625,0.488258665624));
#1486 = CARTESIAN_POINT('',(2.062229163673,0.524786847482));
#1487 = CARTESIAN_POINT('',(2.138643750119,0.55858013555));
#1488 = CARTESIAN_POINT('',(2.218805392853,0.589160828656));
#1489 = CARTESIAN_POINT('',(2.302687048458,0.616028056072));
#1490 = CARTESIAN_POINT('',(2.477173380577,0.661435485514));
#1491 = CARTESIAN_POINT('',(2.567779707134,0.679975341594));
#1492 = CARTESIAN_POINT('',(2.66138517209,0.693902620463));
#1493 = CARTESIAN_POINT('',(2.757340571363,0.70281108416));
#1494 = CARTESIAN_POINT('',(2.854558557842,0.706418658779));
#1495 = CARTESIAN_POINT('',(2.951741058966,0.704649754856));
#1496 = CARTESIAN_POINT('',(3.047713549192,0.697658043973));
#1497 = CARTESIAN_POINT('',(3.14159265359,0.685729510906));
#1498 = ( GEOMETRIC_REPRESENTATION_CONTEXT(2) 
PARAMETRIC_REPRESENTATION_CONTEXT() REPRESENTATION_CONTEXT('2D SPACE',''
  ) );
#1499 = ORIENTED_EDGE('',*,*,#1500,.F.);
#1500 = EDGE_CURVE('',#1325,#1443,#1501,.T.);
#1501 = SEAM_CURVE('',#1502,(#1506,#1513),.PCURVE_S1.);
#1502 = LINE('',#1503,#1504);
#1503 = CARTESIAN_POINT('',(-75.85822989055,-106.2,69.55673354682));
#1504 = VECTOR('',#1505,1.);
#1505 = DIRECTION('',(0.624872777625,-0.162004053458,0.763733394875));
#1506 = PCURVE('',#1282,#1507);
#1507 = DEFINITIONAL_REPRESENTATION('',(#1508),#1512);
#1508 = LINE('',#1509,#1510);
#1509 = CARTESIAN_POINT('',(6.28318530718,-0.));
#1510 = VECTOR('',#1511,1.);
#1511 = DIRECTION('',(0.,1.));
#1512 = ( GEOMETRIC_REPRESENTATION_CONTEXT(2) 
PARAMETRIC_REPRESENTATION_CONTEXT() REPRESENTATION_CONTEXT('2D SPACE',''
  ) );
#1513 = PCURVE('',#1282,#1514);
#1514 = DEFINITIONAL_REPRESENTATION('',(#1515),#1519);
#1515 = LINE('',#1516,#1517);
#1516 = CARTESIAN_POINT('',(0.,-0.));
#1517 = VECTOR('',#1518,1.);
#1518 = DIRECTION('',(0.,1.));
#1519 = ( GEOMETRIC_REPRESENTATION_CONTEXT(2) 
PARAMETRIC_REPRESENTATION_CONTEXT() REPRESENTATION_CONTEXT('2D SPACE',''
  ) );
#1520 = ORIENTED_EDGE('',*,*,#1324,.T.);
#1521 = ORIENTED_EDGE('',*,*,#1260,.T.);
#1522 = ORIENTED_EDGE('',*,*,#1389,.T.);
#1523 = ORIENTED_EDGE('',*,*,#1354,.T.);
#1524 = ORIENTED_EDGE('',*,*,#1500,.T.);
#1525 = ORIENTED_EDGE('',*,*,#1526,.F.);
#1526 = EDGE_CURVE('',#1527,#1443,#1529,.T.);
#1527 = VERTEX_POINT('',#1528);
#1528 = CARTESIAN_POINT('',(-73.7,-107.3600787534,72.6));
#1529 = SURFACE_CURVE('',#1530,(#1535,#1546),.PCURVE_S1.);
#1530 = ELLIPSE('',#1531,0.918352084991,0.7);
#1531 = AXIS2_PLACEMENT_3D('',#1532,#1533,#1534);
#1532 = CARTESIAN_POINT('',(-73.7,-106.9,73.3));
#1533 = DIRECTION('',(0.409895155847,-0.762234889472,0.500982968257));
#1534 = DIRECTION('',(0.482675937067,0.647300527785,0.589937256415));
#1535 = PCURVE('',#1282,#1536);
#1536 = DEFINITIONAL_REPRESENTATION('',(#1537),#1545);
#1537 = B_SPLINE_CURVE_WITH_KNOTS('',6,(#1538,#1539,#1540,#1541,#1542,
    #1543,#1544),.UNSPECIFIED.,.F.,.F.,(7,7),(3.827322164497,
    4.712389485059),.PIECEWISE_BEZIER_KNOTS.);
#1538 = CARTESIAN_POINT('',(5.398118491292,3.86080078665));
#1539 = CARTESIAN_POINT('',(5.545629711386,3.916328150681));
#1540 = CARTESIAN_POINT('',(5.693140931479,3.983868592699));
#1541 = CARTESIAN_POINT('',(5.840652151573,4.061249112706));
#1542 = CARTESIAN_POINT('',(5.988163371666,4.14550407033));
#1543 = CARTESIAN_POINT('',(6.13567459176,4.233191826392));
#1544 = CARTESIAN_POINT('',(6.283185811853,4.320879840097));
#1545 = ( GEOMETRIC_REPRESENTATION_CONTEXT(2) 
PARAMETRIC_REPRESENTATION_CONTEXT() REPRESENTATION_CONTEXT('2D SPACE',''
  ) );
#1546 = PCURVE('',#1547,#1552);
#1547 = CYLINDRICAL_SURFACE('',#1548,0.7);
#1548 = AXIS2_PLACEMENT_3D('',#1549,#1550,#1551);
#1549 = CARTESIAN_POINT('',(-73.7,-106.9,73.3));
#1550 = DIRECTION('',(0.,-1.,0.));
#1551 = DIRECTION('',(0.,-0.,-1.));
#1552 = DEFINITIONAL_REPRESENTATION('',(#1553),#1561);
#1553 = B_SPLINE_CURVE_WITH_KNOTS('',6,(#1554,#1555,#1556,#1557,#1558,
    #1559,#1560),.UNSPECIFIED.,.F.,.F.,(7,7),(3.827322164497,
    4.712389485059),.PIECEWISE_BEZIER_KNOTS.);
#1554 = CARTESIAN_POINT('',(1.258675703346E-12,0.460078753444));
#1555 = CARTESIAN_POINT('',(0.147511220095,0.404551389413));
#1556 = CARTESIAN_POINT('',(0.295022440188,0.337010947395));
#1557 = CARTESIAN_POINT('',(0.442533660282,0.259630427388));
#1558 = CARTESIAN_POINT('',(0.590044880375,0.175375469764));
#1559 = CARTESIAN_POINT('',(0.737556100469,8.768771370178E-02));
#1560 = CARTESIAN_POINT('',(0.885067320562,-3.00003264897E-07));
#1561 = ( GEOMETRIC_REPRESENTATION_CONTEXT(2) 
PARAMETRIC_REPRESENTATION_CONTEXT() REPRESENTATION_CONTEXT('2D SPACE',''
  ) );
#1562 = ORIENTED_EDGE('',*,*,#1563,.F.);
#1563 = EDGE_CURVE('',#1445,#1527,#1564,.T.);
#1564 = SURFACE_CURVE('',#1565,(#1570,#1583),.PCURVE_S1.);
#1565 = ELLIPSE('',#1566,0.918352084991,0.7);
#1566 = AXIS2_PLACEMENT_3D('',#1567,#1568,#1569);
#1567 = CARTESIAN_POINT('',(-73.7,-106.9,73.3));
#1568 = DIRECTION('',(0.409895155847,-0.762234889472,0.500982968257));
#1569 = DIRECTION('',(0.482675937067,0.647300527785,0.589937256415));
#1570 = PCURVE('',#1282,#1571);
#1571 = DEFINITIONAL_REPRESENTATION('',(#1572),#1582);
#1572 = B_SPLINE_CURVE_WITH_KNOTS('',8,(#1573,#1574,#1575,#1576,#1577,
    #1578,#1579,#1580,#1581),.UNSPECIFIED.,.F.,.F.,(9,9),(1.570795822126
    ,3.827322164497),.PIECEWISE_BEZIER_KNOTS.);
#1573 = CARTESIAN_POINT('',(3.141592148921,4.320879840094));
#1574 = CARTESIAN_POINT('',(3.423657941718,4.153205888995));
#1575 = CARTESIAN_POINT('',(3.70572373451,3.985531440037));
#1576 = CARTESIAN_POINT('',(3.987789527315,3.838189033146));
#1577 = CARTESIAN_POINT('',(4.269855320075,3.731486613862));
#1578 = CARTESIAN_POINT('',(4.551921112907,3.680639694241));
#1579 = CARTESIAN_POINT('',(4.833986905693,3.690279739006));
#1580 = CARTESIAN_POINT('',(5.116052698496,3.754623304372));
#1581 = CARTESIAN_POINT('',(5.398118491292,3.86080078665));
#1582 = ( GEOMETRIC_REPRESENTATION_CONTEXT(2) 
PARAMETRIC_REPRESENTATION_CONTEXT() REPRESENTATION_CONTEXT('2D SPACE',''
  ) );
#1583 = PCURVE('',#1547,#1584);
#1584 = DEFINITIONAL_REPRESENTATION('',(#1585),#1595);
#1585 = B_SPLINE_CURVE_WITH_KNOTS('',8,(#1586,#1587,#1588,#1589,#1590,
    #1591,#1592,#1593,#1594),.UNSPECIFIED.,.F.,.F.,(9,9),(1.570795822126
    ,3.827322164497),.PIECEWISE_BEZIER_KNOTS.);
#1586 = CARTESIAN_POINT('',(4.02665896481,-3.000001953524E-07));
#1587 = CARTESIAN_POINT('',(4.308724757606,0.167673651098));
#1588 = CARTESIAN_POINT('',(4.590790550402,0.335348100054));
#1589 = CARTESIAN_POINT('',(4.872856343204,0.48269050695));
#1590 = CARTESIAN_POINT('',(5.154922135993,0.589392926198));
#1591 = CARTESIAN_POINT('',(5.436987928795,0.640239845857));
#1592 = CARTESIAN_POINT('',(5.719053721587,0.630599801084));
#1593 = CARTESIAN_POINT('',(6.001119514384,0.566256235721));
#1594 = CARTESIAN_POINT('',(6.283185307181,0.460078753444));
#1595 = ( GEOMETRIC_REPRESENTATION_CONTEXT(2) 
PARAMETRIC_REPRESENTATION_CONTEXT() REPRESENTATION_CONTEXT('2D SPACE',''
  ) );
#1596 = ADVANCED_FACE('',(#1597),#1461,.T.);
#1597 = FACE_BOUND('',#1598,.T.);
#1598 = EDGE_LOOP('',(#1599,#1623,#1644));
#1599 = ORIENTED_EDGE('',*,*,#1600,.F.);
#1600 = EDGE_CURVE('',#1601,#1445,#1603,.T.);
#1601 = VERTEX_POINT('',#1602);
#1602 = CARTESIAN_POINT('',(-73.7,-106.9,74.));
#1603 = SURFACE_CURVE('',#1604,(#1609,#1616),.PCURVE_S1.);
#1604 = CIRCLE('',#1605,0.7);
#1605 = AXIS2_PLACEMENT_3D('',#1606,#1607,#1608);
#1606 = CARTESIAN_POINT('',(-73.7,-106.9,73.3));
#1607 = DIRECTION('',(0.,-1.,0.));
#1608 = DIRECTION('',(0.,-0.,-1.));
#1609 = PCURVE('',#1461,#1610);
#1610 = DEFINITIONAL_REPRESENTATION('',(#1611),#1615);
#1611 = LINE('',#1612,#1613);
#1612 = CARTESIAN_POINT('',(3.14159265359,4.712388980385));
#1613 = VECTOR('',#1614,1.);
#1614 = DIRECTION('',(0.,-1.));
#1615 = ( GEOMETRIC_REPRESENTATION_CONTEXT(2) 
PARAMETRIC_REPRESENTATION_CONTEXT() REPRESENTATION_CONTEXT('2D SPACE',''
  ) );
#1616 = PCURVE('',#1547,#1617);
#1617 = DEFINITIONAL_REPRESENTATION('',(#1618),#1622);
#1618 = LINE('',#1619,#1620);
#1619 = CARTESIAN_POINT('',(0.,0.));
#1620 = VECTOR('',#1621,1.);
#1621 = DIRECTION('',(1.,0.));
#1622 = ( GEOMETRIC_REPRESENTATION_CONTEXT(2) 
PARAMETRIC_REPRESENTATION_CONTEXT() REPRESENTATION_CONTEXT('2D SPACE',''
  ) );
#1623 = ORIENTED_EDGE('',*,*,#1624,.F.);
#1624 = EDGE_CURVE('',#1443,#1601,#1625,.T.);
#1625 = SURFACE_CURVE('',#1626,(#1631,#1637),.PCURVE_S1.);
#1626 = CIRCLE('',#1627,0.7);
#1627 = AXIS2_PLACEMENT_3D('',#1628,#1629,#1630);
#1628 = CARTESIAN_POINT('',(-73.7,-106.9,73.3));
#1629 = DIRECTION('',(0.,-1.,0.));
#1630 = DIRECTION('',(0.,-0.,-1.));
#1631 = PCURVE('',#1461,#1632);
#1632 = DEFINITIONAL_REPRESENTATION('',(#1633),#1636);
#1633 = B_SPLINE_CURVE_WITH_KNOTS('',1,(#1634,#1635),.UNSPECIFIED.,.F.,
  .F.,(2,2),(0.885066815889,3.14159265359),.PIECEWISE_BEZIER_KNOTS.);
#1634 = CARTESIAN_POINT('',(0.,-0.685729510906));
#1635 = CARTESIAN_POINT('',(0.,1.570796326795));
#1636 = ( GEOMETRIC_REPRESENTATION_CONTEXT(2) 
PARAMETRIC_REPRESENTATION_CONTEXT() REPRESENTATION_CONTEXT('2D SPACE',''
  ) );
#1637 = PCURVE('',#1547,#1638);
#1638 = DEFINITIONAL_REPRESENTATION('',(#1639),#1643);
#1639 = LINE('',#1640,#1641);
#1640 = CARTESIAN_POINT('',(0.,0.));
#1641 = VECTOR('',#1642,1.);
#1642 = DIRECTION('',(1.,0.));
#1643 = ( GEOMETRIC_REPRESENTATION_CONTEXT(2) 
PARAMETRIC_REPRESENTATION_CONTEXT() REPRESENTATION_CONTEXT('2D SPACE',''
  ) );
#1644 = ORIENTED_EDGE('',*,*,#1442,.T.);
#1645 = ADVANCED_FACE('',(#1646),#1547,.T.);
#1646 = FACE_BOUND('',#1647,.T.);
#1647 = EDGE_LOOP('',(#1648,#1671,#1698,#1699,#1700,#1701,#1702));
#1648 = ORIENTED_EDGE('',*,*,#1649,.T.);
#1649 = EDGE_CURVE('',#1527,#1650,#1652,.T.);
#1650 = VERTEX_POINT('',#1651);
#1651 = CARTESIAN_POINT('',(-73.7,-109.4,72.6));
#1652 = SEAM_CURVE('',#1653,(#1657,#1664),.PCURVE_S1.);
#1653 = LINE('',#1654,#1655);
#1654 = CARTESIAN_POINT('',(-73.7,-106.9,72.6));
#1655 = VECTOR('',#1656,1.);
#1656 = DIRECTION('',(0.,-1.,0.));
#1657 = PCURVE('',#1547,#1658);
#1658 = DEFINITIONAL_REPRESENTATION('',(#1659),#1663);
#1659 = LINE('',#1660,#1661);
#1660 = CARTESIAN_POINT('',(6.28318530718,-0.));
#1661 = VECTOR('',#1662,1.);
#1662 = DIRECTION('',(0.,1.));
#1663 = ( GEOMETRIC_REPRESENTATION_CONTEXT(2) 
PARAMETRIC_REPRESENTATION_CONTEXT() REPRESENTATION_CONTEXT('2D SPACE',''
  ) );
#1664 = PCURVE('',#1547,#1665);
#1665 = DEFINITIONAL_REPRESENTATION('',(#1666),#1670);
#1666 = LINE('',#1667,#1668);
#1667 = CARTESIAN_POINT('',(0.,-0.));
#1668 = VECTOR('',#1669,1.);
#1669 = DIRECTION('',(0.,1.));
#1670 = ( GEOMETRIC_REPRESENTATION_CONTEXT(2) 
PARAMETRIC_REPRESENTATION_CONTEXT() REPRESENTATION_CONTEXT('2D SPACE',''
  ) );
#1671 = ORIENTED_EDGE('',*,*,#1672,.F.);
#1672 = EDGE_CURVE('',#1650,#1650,#1673,.T.);
#1673 = SURFACE_CURVE('',#1674,(#1679,#1686),.PCURVE_S1.);
#1674 = CIRCLE('',#1675,0.7);
#1675 = AXIS2_PLACEMENT_3D('',#1676,#1677,#1678);
#1676 = CARTESIAN_POINT('',(-73.7,-109.4,73.3));
#1677 = DIRECTION('',(0.,-1.,0.));
#1678 = DIRECTION('',(0.,-0.,-1.));
#1679 = PCURVE('',#1547,#1680);
#1680 = DEFINITIONAL_REPRESENTATION('',(#1681),#1685);
#1681 = LINE('',#1682,#1683);
#1682 = CARTESIAN_POINT('',(0.,2.5));
#1683 = VECTOR('',#1684,1.);
#1684 = DIRECTION('',(1.,0.));
#1685 = ( GEOMETRIC_REPRESENTATION_CONTEXT(2) 
PARAMETRIC_REPRESENTATION_CONTEXT() REPRESENTATION_CONTEXT('2D SPACE',''
  ) );
#1686 = PCURVE('',#1687,#1692);
#1687 = PLANE('',#1688);
#1688 = AXIS2_PLACEMENT_3D('',#1689,#1690,#1691);
#1689 = CARTESIAN_POINT('',(-73.7,-109.4,73.3));
#1690 = DIRECTION('',(0.,-1.,0.));
#1691 = DIRECTION('',(0.,-0.,-1.));
#1692 = DEFINITIONAL_REPRESENTATION('',(#1693),#1697);
#1693 = CIRCLE('',#1694,0.7);
#1694 = AXIS2_PLACEMENT_2D('',#1695,#1696);
#1695 = CARTESIAN_POINT('',(0.,0.));
#1696 = DIRECTION('',(1.,0.));
#1697 = ( GEOMETRIC_REPRESENTATION_CONTEXT(2) 
PARAMETRIC_REPRESENTATION_CONTEXT() REPRESENTATION_CONTEXT('2D SPACE',''
  ) );
#1698 = ORIENTED_EDGE('',*,*,#1649,.F.);
#1699 = ORIENTED_EDGE('',*,*,#1526,.T.);
#1700 = ORIENTED_EDGE('',*,*,#1624,.T.);
#1701 = ORIENTED_EDGE('',*,*,#1600,.T.);
#1702 = ORIENTED_EDGE('',*,*,#1563,.T.);
#1703 = ADVANCED_FACE('',(#1704),#1687,.T.);
#1704 = FACE_BOUND('',#1705,.T.);
#1705 = EDGE_LOOP('',(#1706));
#1706 = ORIENTED_EDGE('',*,*,#1672,.T.);
#1707 = ( GEOMETRIC_REPRESENTATION_CONTEXT(3) 
GLOBAL_UNCERTAINTY_ASSIGNED_CONTEXT((#1711)) 
GLOBAL_UNIT_ASSIGNED_CONTEXT((#1708,#1709,#1710)) REPRESENTATION_CONTEXT
('Context #1','3D Context with UNIT and UNCERTAINTY') );
#1708 = ( LENGTH_UNIT() NAMED_UNIT(*) SI_UNIT(.MILLI.,.METRE.) );
#1709 = ( NAMED_UNIT(*) PLANE_ANGLE_UNIT() SI_UNIT($,.RADIAN.) );
#1710 = ( NAMED_UNIT(*) SI_UNIT($,.STERADIAN.) SOLID_ANGLE_UNIT() );
#1711 = UNCERTAINTY_MEASURE_WITH_UNIT(LENGTH_MEASURE(2.E-07),#1708,
  'distance_accuracy_value','confusion accuracy');
#1712 = PRODUCT_RELATED_PRODUCT_CATEGORY('part',$,(#7));
ENDSEC;
END-ISO-10303-21;
